"Lambda2","Q","U:0","U:1","U:2","k","nut","omega","p","vorticity:0","vorticity:1","vorticity:2","yPlus","Points:0","Points:1","Points:2"
5147.9,-5960.2,27.804,-2.3404,-5.016,0.5065,0.0011797,422,11.521,-8.6389,61.051,-34.94,0,0.33,0.25464,0.068326
6177.6,-6916.9,27.515,-2.0647,-5.3821,0.68455,0.0013872,486.76,9.5015,-13.571,80.881,-37.846,0,0.33,0.24659,0.068234
4284.2,-5145.1,28.138,-2.13,-4.9377,0.33766,0.00096995,340.66,9.0991,-6.0509,48.633,-27.393,0,0.33,0.25467,0.072337
5056.7,-5936,27.923,-1.8487,-5.2864,0.46412,0.0011525,395.79,7.0652,-8.7642,64.394,-29.169,0,0.33,0.2466,0.072225
5798.2,-6761.8,27.731,-1.5144,-5.6167,0.57874,0.0012693,449.5,4.1571,-11.888,81.81,-31.316,0,0.33,0.23861,0.072182
7163.5,-7978.1,27.244,-1.7341,-5.7288,0.85907,0.0015369,552.38,6.5329,-17.558,103.44,-42.016,0,0.33,0.23862,0.068203
7552.6,-7997.5,27.034,-2.3129,-5.4533,0.9545,0.0016221,581.94,12.051,-20.36,96.794,-48.341,0,0.33,0.24658,0.064232
8851.7,-9277,26.666,-1.9924,-5.8135,1.2096,0.0018173,658.74,9.0647,-26.632,123.32,-55.311,0,0.33,0.23863,0.064214
2145.7,-2508.4,29.397,0.57068,-5.1729,0.019871,0.00016999,116.2,-23.281,-1.3516,18.065,-6.841,0,0.33,0.20664,0.096373
2399.6,-2871.8,29.248,0.55554,-5.3527,0.032796,0.00021066,152.41,-22.289,-1.9889,26.504,-7.095,0,0.33,0.20663,0.09234
1992.9,-2305.3,29.494,0.87828,-5.1744,0.019369,0.00016047,120.2,-27.987,-1.1173,18.546,-5.4556,0,0.33,0.19858,0.09636
2121.7,-2566.6,29.35,0.88559,-5.3491,0.033331,0.00020343,159.18,-27.299,-2.6623,29.791,-6.1376,0,0.33,0.19861,0.092369
2639,-3408.8,29.048,0.54286,-5.5378,0.08283,0.00035667,216.92,-21.27,-3.7021,45.259,-9.0322,0,0.33,0.20661,0.088313
2117.9,-2953.4,29.136,0.87958,-5.5143,0.10835,0.00040886,239.43,-26.381,-5.4992,55.849,-8.6564,0,0.33,0.19853,0.088151
1849.6,-2235,29.468,1.1767,-5.3072,0.039949,0.00022831,169.22,-32.355,-5.5911,33.203,-5.0592,0,0.33,0.19058,0.092336
1699.1,-2490.9,29.245,1.177,-5.4599,0.13701,0.00047139,261.55,-31.762,-9.5121,64.686,-6.9157,0,0.33,0.19058,0.088311
8035.7,-4336.1,25.869,0.76506,-5.8966,5.8229,0.0049235,1154.8,-23.008,-49.733,358.12,-69.528,0,0.33,0.19849,0.072131
6673.6,-5697.2,26.342,0.37798,-6.1365,4.1384,0.0039618,1005.5,-16.778,-48.704,292.25,-83.816,0,0.33,0.20658,0.072282
11028,-3770.8,24.237,0.67179,-5.8494,9.1331,0.0066753,1351.1,-22.272,-69.816,422.86,-96.439,0,0.33,0.19848,0.068116
9174,-5088.8,24.97,0.23385,-6.1719,6.7428,0.0054589,1207,-15.547,-74.899,346.89,-120.9,0,0.33,0.20648,0.068123
5598.7,-3328.9,21.915,0.95377,-5.3699,13.823,0.0089675,1535.8,-28.214,-63.939,496.99,-47.451,0,0.33,0.19049,0.064229
3793.6,-3919.9,23.887,1.0154,-5.5332,10.237,0.0071423,1421.5,-28.657,-46.459,460.98,-38.177,0,0.33,0.19049,0.068249
13284,-2370.4,22.383,0.5314,-5.7546,12.598,0.0084549,1480.5,-21.673,-97.748,456,-124.7,0,0.33,0.19847,0.064106
3220.1,-3989.5,25.635,1.0606,-5.6522,6.7215,0.0053466,1236.2,-29.221,-37.126,395.11,-29.637,0,0.33,0.1905,0.072235
10977,-3541,23.373,0.030598,-6.1676,9.6629,0.0070066,1359.1,-14.698,-108.78,378.41,-163.4,0,0.33,0.20646,0.064067
52092,-1.1912e+05,5.1387,-7.5645,2.9275,20.863,0.0089163,1413.7,29.558,-209.6,-48.101,-58.032,0,0.33,0.015706,0.0079741
1.0198e+05,-1.4072e+05,5.3173,-8.0427,1.5284,20.099,0.0081325,1419.7,33.47,-129.77,-28.43,-58.892,0,0.33,0.015706,0.0039873
-3.0099e+05,-1.987e+05,4.5342,-4.6027,3.5383,18.677,0.0050733,3026.2,60.031,95.348,-32.158,1599.1,0,0.33,0.007851,0.007974
-1.1883e+05,-2.2078e+05,4.6685,-4.9502,1.8878,18.342,0.0047145,3022.2,64.3,33.998,-19.073,1590.5,0,0.33,0.0078511,0.0039871
-24157,-3.0268e+05,4.4064,-3.6599,-1.209,15.619,0.0014159,4484.4,81.458,102.09,-7.2571,-3236.2,0,0.33,0,0
-3.7116e+05,-2.8305e+05,4.3631,-3.5254,2.0642,15.679,0.0014215,4493,80.5,188.31,-13.761,3242,0,0.33,0,0.003987
68487,-2.3662e+05,4.7219,-5.1089,-1.0658,18.198,0.0045435,3020.6,65.377,12.256,-10.366,-1587.3,0,0.33,0.0078512,0
-6.8503e+05,-2.6203e+05,4.2561,-3.2431,3.8166,15.815,0.0014263,4512.6,76.255,379.03,-23.116,3256.9,0,0.33,0,0.007974
1.331e+05,-1.5152e+05,5.3872,-8.2476,-0.81608,19.765,0.0077874,1421.6,34.581,-79.336,-15.8,58.898,0,0.33,0.015706,0
755.37,-5780.4,7.3338,-15.539,0.92963,18.56,0.016062,1130.3,-63.076,-296.51,-69.554,-32.682,0,0.33,0.047339,0.0079741
-1063.3,681.97,7.8004,-16.418,0.64137,18.757,0.016342,1147.1,-74.063,-310.84,-68.484,-29.011,0,0.33,0.055236,0.0079741
5300.4,-16220,7.5673,-16.427,0.48898,16.274,0.014529,1099.8,-61.183,-176.08,-42.449,-27.638,0,0.33,0.04734,0.0039875
2244.6,-7822,8.0379,-17.397,0.34603,16.021,0.014414,1110.5,-72.41,-188.04,-44.012,-24.133,0,0.33,0.055237,0.0039876
1794.8,-6374.6,8.5829,-18.522,-0.12518,14.387,0.013073,1100.8,-78.843,-115.21,-28.24,19.138,0,0.33,0.063138,0
3335.2,-11679,8.1382,-17.788,-0.18247,14.777,0.013583,1088.2,-71.813,-106.27,-25.962,22.501,0,0.33,0.05524,0
1078.6,-3219.3,8.4739,-18.088,0.23241,15.868,0.014049,1128,-79.37,-201.45,-46.102,-20.409,0,0.33,0.063134,0.0039876
-2677.1,3537.2,8.2298,-17.017,0.4144,19.083,0.016277,1171.5,-80.785,-327.01,-66.894,-24.594,0,0.33,0.063133,0.0079741
9159.1,-20787,7.6612,-16.778,-0.25394,15.252,0.013977,1081.6,-60.522,-98.336,-24.239,25.846,0,0.33,0.047341,0
7061.4,-33436,3.9916,-5.2606,7.4214,23.126,0.01427,1323.8,-8.3007,-337.08,-75.513,-41.477,0,0.33,0.015705,0.023922
-2.0623e+05,-1.1164e+05,3.6668,-3.147,9.0014,19.637,0.0073857,3012.6,15.849,391.9,-48.706,1662.7,0,0.33,0.0078508,0.023922
5384.6,-18877,3.6617,-4.7319,8.2206,23.271,0.01593,1296,-19.877,-352.72,-77.927,-34.664,0,0.33,0.015705,0.027909
-1.7833e+05,-93608,3.417,-2.8355,9.991,19.673,0.0080907,3003.2,2.3444,448.92,-49.981,1682.2,0,0.33,0.0078507,0.027909
-1.5185e+05,-78743,3.1657,-2.5471,10.846,19.643,0.008654,2992.6,-11.1,497.72,-50.809,1702.1,0,0.33,0.0078506,0.031895
-3.13e+05,-1.3902e+05,3.1405,-1.7747,11.828,16.232,0.0013427,4572,0.27566,1335.3,-35.721,3421.8,0,0.33,0,0.031895
-3.6602e+05,-1.5634e+05,3.3484,-1.9692,10.874,16.242,0.0013646,4573.3,14.74,1222.2,-35.021,3390.7,0,0.33,0,0.027909
2786.5,-7656.5,3.3286,-4.2375,8.9002,23.299,0.01744,1269.8,-31.367,-364.93,-79.443,-26.941,0,0.33,0.015705,0.031895
-4.2263e+05,-1.7692e+05,3.554,-2.1823,9.7803,16.22,0.0013847,4570.2,29.24,1090.9,-34.04,3359.9,0,0.33,0,0.023922
-26670,28055,5.8892,-10.777,2.0916,24.351,0.02251,1082.3,-79.875,-403.49,-125.75,-65.299,0,0.33,0.047337,0.023922
-31893,32031,5.3886,-9.6712,2.2367,24.674,0.023684,1042.3,-85.127,-400.79,-143.62,-69.748,0,0.33,0.047337,0.027908
-26418,26631,6.4889,-11.31,1.2618,25.313,0.022958,1103.1,-87.812,-399.27,-119.21,-71.713,0,0.33,0.055235,0.023921
-30607,29642,6.0059,-10.131,1.288,25.644,0.024156,1062.1,-92.07,-392.53,-142.63,-80.853,0,0.33,0.055234,0.027908
-29374,25973,6.1681,-9.2146,0.41531,26.768,0.025674,1043.2,-98.684,-368.97,-159.43,-101.2,0,0.33,0.06313,0.031895
-26703,24807,6.7102,-10.358,0.52977,26.587,0.024423,1089.2,-95.252,-383.58,-131.16,-90.189,0,0.33,0.06313,0.027908
-33780,31373,5.4344,-9.0412,1.2661,25.827,0.025414,1016.8,-96.315,-382.13,-164.09,-86.147,0,0.33,0.055233,0.031895
-23411,22688,7.1358,-11.595,0.60048,26.302,0.02327,1130.8,-91.843,-394.6,-102.46,-75.546,0,0.33,0.063131,0.023921
-35745,34430,4.8249,-8.6475,2.3278,24.832,0.024884,998.45,-90.334,-394.61,-159.15,-70.673,0,0.33,0.047336,0.031895
-1985.5,3471.6,8.9564,-17.609,0.11186,19.769,0.01608,1227.8,-84.408,-362.42,-66.828,-14.809,0,0.33,0.078954,0.0079741
384.06,-208.83,9.2371,-18.868,0.080321,15.539,0.013273,1167.4,-83.426,-230.01,-54.485,-14.229,0,0.33,0.078956,0.0039877
-3059.4,4145.6,8.6161,-17.395,0.23939,19.443,0.016196,1199.2,-83.982,-344.1,-65.804,-19.667,0,0.33,0.071032,0.0079741
507.64,-1009.5,8.8728,-18.559,0.14459,15.73,0.013677,1147.8,-82.8,-215.36,-49.271,-16.911,0,0.33,0.071033,0.0039877
1534.1,-3496,8.9943,-19.036,-0.080831,13.999,0.012559,1114.9,-82.344,-124.42,-31.378,16.316,0,0.33,0.071038,0
1426.8,-2073,9.3767,-19.388,-0.048269,13.552,0.012015,1128.2,-83.03,-134.11,-35.949,14.618,0,0.33,0.078964,0
700.92,290.28,9.9036,-17.711,-0.074883,19.654,0.014869,1317.8,-71.65,-443.54,-120.69,-1.5963,0,0.33,0.11082,0.0079741
519.34,643.42,10.084,-17.722,-0.098623,19.069,0.014299,1329,-67.471,-461.15,-148.85,-2.0984,0,0.33,0.11874,0.0079741
848.52,-397.46,10.467,-19.311,-0.026019,13.651,0.011098,1220.1,-70.968,-286.92,-107.05,-13.195,0,0.33,0.11082,0.0039877
484.33,-308.93,10.762,-19.372,-0.04427,12.89,0.010426,1224.8,-66.717,-296.11,-126.91,-15.541,0,0.33,0.11874,0.0039877
803.33,-1208.3,11.464,-20.124,0.038639,9.2601,0.0080299,1153,-62.071,-176.13,-96.299,25.158,0,0.33,0.12666,0
1008.3,-1034.2,11.099,-20.06,0.022227,10.054,0.0087107,1154.1,-66.4,-174.22,-84.709,21.506,0,0.33,0.11874,0
-102.45,-232.64,11.078,-19.432,-0.071438,12.054,0.0097247,1226.8,-62.425,-301.24,-147.09,-19.141,0,0.33,0.12666,0.0039878
342.08,1345.8,10.281,-17.756,-0.1388,18.236,0.013603,1335.3,-63.304,-474.18,-180.55,-5.1202,0,0.33,0.12666,0.0079742
1148.3,-1011.7,10.755,-19.982,0.010508,10.861,0.00941,1154.1,-70.669,-169.52,-72.612,18.547,0,0.33,0.11083,0
-10683,11054,8.4879,-11.587,-0.28358,28.178,0.023418,1203.8,-90.736,-384.41,-35.219,-71.638,0,0.33,0.078952,0.023921
-18515,17187,7.8107,-11.672,0.089187,27.253,0.023416,1164.4,-92.563,-389.54,-74.61,-75.796,0,0.33,0.07103,0.023921
-14351,11603,8.3223,-10.26,-0.48268,28.099,0.024193,1162.1,-92.702,-363.66,-67.884,-98.394,0,0.33,0.078951,0.027908
-21019,18455,7.4889,-10.387,-0.056132,27.407,0.024436,1122.3,-95.21,-373.63,-106.92,-96.415,0,0.33,0.071029,0.027908
-23284,19095,7.026,-9.2028,-0.24086,27.511,0.025592,1075.7,-97.932,-354.57,-141.92,-114.44,0,0.33,0.071029,0.031895
-16558,11825,8,-9.0444,-0.71698,27.993,0.025125,1115.1,-94.821,-340.48,-108.79,-124.39,0,0.33,0.07895,0.031895
1590.8,-3568.8,10.286,-10.24,-0.76171,33.242,0.023911,1390.4,-73.958,-413.43,175.21,0.34735,0,0.33,0.11082,0.023921
4395.3,-5021.4,11.077,-8.68,-1.0612,32.301,0.023386,1381.2,-74.193,-367.9,209.53,-27.222,0,0.33,0.11082,0.027908
-1487.4,-2574.4,10.271,-9.8189,-0.75067,34.672,0.024333,1425,-70.187,-443.4,207.59,24.462,0,0.33,0.11874,0.023921
610.12,-4436.4,11.233,-8.139,-1.0513,34.179,0.023853,1432.9,-70.353,-392.6,275.05,7.244,0,0.33,0.11874,0.027908
-1879.2,-3428.7,12.456,-6.0303,-1.3829,34.018,0.022897,1485.8,-67.213,-368.56,386.25,20.81,0,0.33,0.12665,0.031894
-5249.6,-954.95,11.076,-7.6335,-1.037,35.886,0.024439,1468.6,-67.254,-430.59,314.49,39.329,0,0.33,0.12665,0.027908
5617.2,-6346.8,12.41,-6.6768,-1.399,31.784,0.022276,1426.5,-70.359,-336.27,305.83,-27.518,0,0.33,0.11874,0.031894
-5438.3,900.9,10.049,-9.4582,-0.7487,35.593,0.024638,1444.6,-66.953,-482.07,216.63,43.541,0,0.33,0.12665,0.023921
7621.8,-6218.5,11.936,-7.3151,-1.3969,30,0.022143,1354.8,-74.455,-320.74,203.01,-71.513,0,0.33,0.11082,0.031895
-3950.6,2600.7,10.844,-17.847,-0.30384,15.972,0.0119,1336,-54.248,-480.55,-242.95,-17.923,0,0.33,0.14251,0.0079742
-1338,-938.46,11.852,-19.49,-0.16762,10.3,0.0083154,1225.2,-52.994,-297.44,-181.05,-28.66,0,0.33,0.14251,0.003988
-972.1,2133.4,10.524,-17.805,-0.20507,17.187,0.012797,1337.3,-59.002,-480.98,-212.99,-10.517,0,0.33,0.13457,0.0079742
-753.9,-352.4,11.436,-19.478,-0.11168,11.18,0.0090156,1226.7,-57.949,-301.74,-165.74,-23.636,0,0.33,0.13457,0.0039878
578.71,-1681.1,11.863,-20.163,0.061648,8.5105,0.0073877,1151.8,-57.539,-175.06,-106.28,29.085,0,0.33,0.13458,0
393.57,-2672.4,12.311,-20.154,0.092442,7.825,0.0067964,1151.3,-52.516,-171.12,-113.72,32.938,0,0.33,0.14251,0
-6502.9,-6791.1,13.297,-17.341,-0.94821,10.363,0.0079057,1304.2,-25.159,-404.04,-284.63,-59.016,0,0.33,0.17443,0.0079746
-5496.8,-12057,14.245,-16.899,-1.1256,8.9997,0.0069548,1287.8,-14.521,-368.2,-268.86,-65.927,0,0.33,0.1825,0.0079745
-1210.3,-13391,14.357,-18.634,-0.50746,7.0592,0.0057936,1210.8,-23.327,-236.1,-184.17,-50.981,0,0.33,0.17443,0.0039896
-281.99,-18901,15.222,-18.063,-0.59892,6.3804,0.0052774,1203.4,-12.641,-211.96,-169.19,-53.533,0,0.33,0.18249,0.0039879
4108.7,-28237,16.437,-17.757,0.36827,5.0166,0.0043332,1157.8,-0.87382,-100.52,-82.875,49.582,0,0.33,0.19061,0
2086.2,-22064,15.608,-18.503,0.32277,5.3719,0.0046399,1157.9,-11.912,-116.2,-96.105,48.084,0,0.33,0.18249,0
1108.5,-24972,16.105,-17.377,-0.68269,5.7485,0.0047934,1195.5,-1.6266,-185.84,-149.52,-56.364,0,0.33,0.19061,0.0039877
-4435.7,-18057,15.238,-16.353,-1.2887,7.7268,0.006055,1270.6,-3.5311,-328.99,-245.29,-71.994,0,0.33,0.19062,0.0079741
963,-16378,14.789,-19.13,0.27404,5.7496,0.0049688,1157.3,-22.619,-130.72,-106.72,47.33,0,0.33,0.17444,0
-16755,13252,9.2721,-9.0953,-0.93077,34.58,0.024132,1432.4,-60.894,-560.86,159.01,50.258,0,0.33,0.1425,0.023921
-10893,6607.9,9.6808,-9.2089,-0.79555,35.619,0.024621,1446.4,-64.029,-523.91,199.35,53.103,0,0.33,0.13457,0.023921
-19212,13637,10.069,-7.0117,-1.1753,36.412,0.0248,1468.1,-61.938,-522.97,287.85,67.402,0,0.33,0.1425,0.027908
-11632,5517,10.647,-7.239,-1.0613,36.79,0.02485,1480.7,-64.647,-477.36,318.54,61.443,0,0.33,0.13457,0.027908
-11380,3169.8,12.066,-5.4723,-1.3871,35.925,0.02368,1517.7,-64.797,-416.34,422.77,61.396,0,0.33,0.13457,0.031894
-20072,12303,11.363,-5.101,-1.4714,36.586,0.02417,1514.3,-62.443,-468.99,408.27,81.675,0,0.33,0.1425,0.031894
-15759,17475,9.5159,-9.4479,-2.3312,24.287,0.017843,1361,-36.544,-574.26,-63.286,-70.212,0,0.33,0.17445,0.023921
666.22,20780,9.3814,-7.3907,-2.6219,26.268,0.019256,1363.7,-38.971,-562.4,39.026,-60.459,0,0.33,0.17445,0.027908
-22207,13079,10.451,-9.5636,-2.7684,21.196,0.015617,1357.2,-26.66,-542.03,-93.566,-108.89,0,0.33,0.18255,0.023922
-6489.1,16670,10.189,-7.6282,-3.0897,23.158,0.01704,1358.9,-29.448,-534,-6.4405,-109.66,0,0.33,0.18255,0.027908
8157.5,14597,11.344,-6.144,-3.8657,21.598,0.015676,1377.8,-21.985,-480.03,47.694,-159.27,0,0.33,0.19061,0.031895
-8702.5,12016,11.347,-7.864,-3.555,20.072,0.014701,1365.3,-19.291,-496.54,-29.132,-152.88,0,0.33,0.19061,0.027908
10270,18402,10.279,-5.7663,-3.3759,24.532,0.017909,1369.6,-31.717,-511.88,85.077,-103.74,0,0.33,0.18255,0.031895
5857.8,22091,9.6577,-5.4199,-2.8958,27.555,0.019975,1378.8,-40.827,-535.05,145.15,-44.526,0,0.33,0.17445,0.031894
-20386,7895.6,11.647,-9.6469,-3.1943,18.101,0.013316,1359.1,-16.164,-501.52,-102.66,-140.68,0,0.33,0.19061,0.023921
130.58,5887.1,2.6676,-3.3671,9.9483,23.163,0.019189,1223.2,-52.982,-380.98,-80.845,-9.5515,0,0.33,0.015704,0.039869
598.72,391.29,2.9964,-3.7819,9.4717,23.251,0.018524,1245.4,-42.479,-374.05,-80.364,-18.464,0,0.33,0.015705,0.035882
-1.0236e+05,-56867,2.6683,-2.0328,12.202,19.441,0.0089037,2967.3,-36.532,575.07,-51.908,1742.2,0,0.33,0.0078503,0.039869
-1.263e+05,-66796,2.9156,-2.2794,11.579,19.559,0.0088774,2980.6,-24.156,539.38,-51.445,1722.2,0,0.33,0.0078504,0.035882
-2.6341e+05,-1.2444e+05,2.9333,-1.5937,12.654,16.189,0.0013195,4566,-13.789,1431.9,-36.19,3452.8,0,0.33,0,0.035882
-2.1797e+05,-1.1127e+05,2.7292,-1.425,13.362,16.117,0.0012957,4556,-27.147,1514.6,-36.463,3483.7,0,0.33,0,0.039869
-39482,35447,3.5802,-6.8686,2.3722,24.961,0.027449,909.82,-100.1,-378.68,-174.39,-64.138,0,0.33,0.047335,0.039868
-36921,31761,4.1149,-7.1551,1.1,26.058,0.028183,925.07,-104.33,-358.3,-186.08,-86.618,0,0.33,0.055232,0.039868
-38233,35459,4.2144,-7.7133,2.3705,24.914,0.026143,953.5,-95.356,-386.69,-169.76,-68.447,0,0.33,0.047335,0.035882
-35868,31979,4.7935,-8.0491,1.201,25.958,0.026768,970.25,-100.43,-370.03,-179.19,-87.662,0,0.33,0.055233,0.035882
-31235,26247,5.5288,-8.1761,0.26126,26.958,0.027067,996.57,-102.05,-352.41,-180.15,-107.83,0,0.33,0.063129,0.035881
-32263,25912,4.8336,-7.2438,0.074581,27.155,0.028537,952.09,-105.26,-336.53,-190.09,-111.12,0,0.33,0.063128,0.039868
11100,13863,1.4265,-2.0712,11.119,22.889,0.020193,1163.3,-86.789,-397.05,-77.669,26.188,0,0.33,0.015702,0.055846
-33347,-30414,1.7423,-1.2529,13.796,18.939,0.0088812,2918.2,-76.504,668.11,-51.125,1817.8,0,0.33,0.0078487,0.055832
10390,14377,1.146,-1.8177,11.266,22.881,0.020237,1155.4,-93.153,-399.99,-75.775,34.092,0,0.33,0.015701,0.059845
-20793,-26443,1.5334,-1.1014,14.016,18.837,0.008857,2909.2,-84.019,681.73,-50.383,1836.6,0,0.33,0.0078475,0.059826
-9590.6,-23187,1.3352,-0.96248,14.178,18.746,0.0088283,2900.8,-90.583,691.52,-49.536,1853.9,0,0.33,0.0078487,0.06381
-29467,-56759,1.6488,-0.69026,15.668,15.481,0.0011724,4466.4,-85.883,1785.2,-35.46,3653,0,0.33,0,0.063791
-52724,-62671,1.8074,-0.78449,15.468,15.592,0.0011899,4482.1,-78.722,1761.5,-35.848,3626.5,0,0.33,0,0.059804
9627.6,14623,0.87977,-1.5838,11.366,22.893,0.020199,1150.1,-98.7,-402.52,-73.762,41.415,0,0.33,0.015705,0.063835
-78654,-69654,1.9754,-0.88799,15.204,15.704,0.0012093,4496.8,-70.539,1729.4,-36.165,3597.5,0,0.33,0,0.055817
-37332,31665,1.2038,-4.21,2.1088,25.014,0.032341,773.6,-115.67,-362.2,-148.58,-45.499,0,0.33,0.047305,0.055894
-36199,30825,0.70968,-3.6705,1.9996,25.035,0.033315,751.58,-118.64,-362.59,-136.79,-43.166,0,0.33,0.04728,0.059936
-35239,28673,1.5685,-4.3445,0.48034,26.011,0.033081,786.31,-117.23,-335.38,-154.28,-79.558,0,0.33,0.055199,0.055903
-34363,28169,1.0538,-3.7715,0.29621,25.927,0.033888,765.09,-119.74,-335.83,-139.63,-79.894,0,0.33,0.055174,0.059942
-30541,23627,1.2657,-3.1544,-1.3839,27.067,0.034162,792.58,-120.08,-306.64,-118.84,-126.31,0,0.33,0.063065,0.06396
-30938,23523,1.7027,-3.7204,-1.1214,27.186,0.033794,804.63,-118.23,-304.6,-135.99,-121.47,0,0.33,0.063066,0.059955
-33673,27957,0.60446,-3.2312,0.1032,25.859,0.034531,748.92,-121.9,-338.37,-124.96,-81.489,0,0.33,0.05517,0.063951
-31501,23702,2.2157,-4.319,-0.86415,27.303,0.033209,822.27,-116.07,-304.92,-153.18,-117.94,0,0.33,0.063092,0.055911
-35171,30216,0.26834,-3.1636,1.8764,25.084,0.034172,734.1,-121.2,-364.43,-124.69,-42.113,0,0.33,0.047256,0.063967
-20308,11540,6.9106,-6.9582,-1.2813,28.535,0.027771,1026.7,-99.346,-294.23,-168.24,-162.02,0,0.33,0.078948,0.039868
-18607,11774,7.5151,-7.9447,-0.98436,28.133,0.026357,1068.4,-97.057,-316.59,-145.19,-146.02,0,0.33,0.078949,0.035881
-26357,18809,5.7605,-7.1673,-0.71335,28.044,0.028441,986.7,-103.35,-314.41,-184.64,-136.87,0,0.33,0.071027,0.039868
-25111,19143,6.4344,-8.1296,-0.46169,27.728,0.026955,1029.4,-100.67,-333.94,-169.65,-127.88,0,0.33,0.071028,0.035881
7873.3,-6474.6,13.156,-5.1547,-2.1246,25.157,0.020141,1251.6,-75.965,-239.94,74.679,-197.05,0,0.33,0.11083,0.039867
13004,-8391.3,14.664,-4.4532,-2.1776,24.218,0.018095,1339.6,-70.841,-232.01,215.11,-157.63,0,0.33,0.11875,0.039867
10238,-6828.2,12.684,-6.1467,-1.756,27.23,0.020818,1308.8,-74.977,-276.61,153.04,-131.01,0,0.33,0.11082,0.035881
10342,-7900,13.627,-5.4509,-1.7804,28.043,0.020082,1396.1,-70.418,-280.14,286.47,-83.247,0,0.33,0.11874,0.035881
4981.6,-6203.9,14.063,-4.6888,-1.7775,30,0.020228,1482.3,-66.946,-300.47,414.94,-18.048,0,0.33,0.12666,0.035881
11235,-8553.3,15.69,-3.6293,-2.2053,24.639,0.017058,1443,-66.754,-235.06,381.46,-82.544,0,0.33,0.12667,0.039867
-22086,10722,4.4778,-3.8689,-2.6612,30.221,0.032478,930.8,-107.71,-239.12,-132.24,-197.29,0,0.33,0.079036,0.055861
-26821,17367,3.1784,-4.1524,-1.9122,28.78,0.032939,873.94,-112.75,-271.98,-145.39,-158.16,0,0.33,0.070999,0.05591
-21897,10831,4.0422,-3.2375,-3.0239,30.395,0.032881,924.63,-109.38,-233.46,-109.43,-206.18,0,0.33,0.079041,0.059869
-26529,17411,2.6926,-3.5341,-2.2336,28.746,0.033355,862.04,-114.64,-269.87,-125.41,-164.89,0,0.33,0.070972,0.059951
-26314,17713,2.2924,-2.9478,-2.555,28.685,0.033512,856.26,-116.27,-270.11,-105.37,-172.82,0,0.33,0.07097,0.063958
-21723,11167,3.6981,-2.6391,-3.3829,30.508,0.032992,924.9,-110.84,-230.07,-85.89,-216.42,0,0.33,0.079032,0.063879
-14204,-490.36,12.653,-2.2211,-3.5158,28.156,0.024713,1141.6,-83.39,-157.32,-54.234,-346.34,0,0.33,0.11079,0.055933
-13234,526.42,12.48,-1.6392,-3.8262,29.528,0.025921,1141.2,-85.267,-141.11,-30.868,-360.12,0,0.33,0.11077,0.059959
-11014,742.36,15.485,-1.7342,-3.5769,23.81,0.02012,1186.4,-77.486,-151.77,-23.993,-380.43,0,0.33,0.11872,0.055935
-7635.1,2419,15.414,-1.1923,-3.8537,25.267,0.021364,1185.3,-79.496,-137.55,-9.9895,-400.42,0,0.33,0.11867,0.059978
1705.5,5921.3,18.764,-0.22597,-4.1787,19.87,0.016605,1195.7,-75.285,-122.48,33.101,-428.27,0,0.33,0.12669,0.064037
588.53,4264.2,18.634,-0.67711,-3.9667,18.777,0.015651,1199.6,-73.533,-135.2,20.925,-410.4,0,0.33,0.12668,0.059954
-21.026,3649.6,15.439,-0.69654,-4.1029,26.48,0.022362,1186.4,-81.195,-121.93,16.041,-414.15,0,0.33,0.11872,0.063945
-3463.4,1430.7,12.426,-1.1039,-4.1169,30.653,0.026806,1145.3,-86.923,-125.36,-0.0015013,-371.59,0,0.33,0.11077,0.063965
-65.761,1595.8,18.537,-1.1583,-3.7158,17.519,0.014525,1207,-71.675,-144.13,26.325,-380.84,0,0.33,0.12666,0.055904
8828.7,14663,0.62877,-1.3664,11.423,22.922,0.020137,1147.1,-103.42,-404.67,-71.642,48.201,0,0.33,0.015712,0.067828
85.425,-20467,1.1481,-0.83441,14.288,18.664,0.008794,2892.9,-96.215,697.47,-48.601,1869.1,0,0.33,0.0078501,0.067797
7996.7,14582,0.39348,-1.1627,11.441,22.964,0.020066,1146.5,-107.34,-406.51,-69.424,54.417,0,0.33,0.015714,0.07182
6809.7,-18208,0.9726,-0.71562,14.35,18.589,0.0087524,2886.2,-100.95,700.52,-47.623,1883.5,0,0.33,0.0078503,0.071784
-9237.9,-51627,1.4998,-0.60408,15.81,15.369,0.001157,4449.4,-92.057,1800.6,-34.985,3675.6,0,0.33,0,0.067779
5128.1,-47228,1.3606,-0.52501,15.9,15.257,0.0011428,4432.7,-97.285,1809.7,-34.453,3697,0,0.33,0,0.071767
-34290,29839,-0.121,-2.681,1.7388,25.165,0.034925,720.58,-123.35,-367.31,-112.51,-42.253,0,0.33,0.047241,0.067977
-33541,29637,-0.45857,-2.2153,1.5876,25.285,0.035584,710.59,-125.09,-370.84,-100.18,-43.466,0,0.33,0.047235,0.071973
-33182,28006,0.21566,-2.7126,-0.098054,25.821,0.035037,737.03,-123.73,-342.41,-110.5,-84.258,0,0.33,0.055167,0.067945
-32828,28236,-0.11411,-2.2074,-0.30654,25.822,0.035435,728.89,-125.21,-347.27,-96.006,-88.013,0,0.33,0.055163,0.071938
-30341,23993,0.8983,-2.609,-1.6498,26.965,0.034354,785.32,-121.66,-310.5,-102.02,-132.38,0,0.33,0.063064,0.06795
-30268,24547,0.59785,-2.0753,-1.9179,26.895,0.034409,782.26,-122.96,-315.3,-85.291,-139.46,0,0.33,0.063062,0.071939
-21547,11687,3.4351,-2.0586,-3.7374,30.582,0.032856,930.99,-112.23,-227.99,-62.215,-228.36,0,0.33,0.078932,0.06793
-26207,18225,1.9707,-2.3816,-2.8744,28.62,0.033458,855.85,-117.65,-271.84,-85.733,-182.07,0,0.33,0.070963,0.067958
-21012,12319,3.2717,-1.4979,-4.0814,30.67,0.032554,942.38,-113.35,-225.87,-39.188,-241.75,0,0.33,0.078884,0.07196
-26144,18873,1.726,-1.8282,-3.1911,28.576,0.033243,860.27,-118.8,-274.02,-66.307,-192.66,0,0.33,0.070958,0.071953
5051.6,2387,12.496,-0.60218,-4.3857,31.515,0.027346,1154,-88.483,-110.16,32.95,-382.91,0,0.33,0.11072,0.068048
4265.6,3338.5,12.703,-0.14445,-4.6283,32.165,0.027643,1164.9,-89.633,-94.871,63.505,-392.28,0,0.33,0.11076,0.072053
3239,4689.7,15.582,-0.23843,-4.3259,27.369,0.023045,1189.5,-82.682,-106.61,46.996,-423.9,0,0.33,0.11873,0.067986
1708.3,5603.2,15.835,0.18503,-4.523,27.961,0.023438,1194.2,-84.019,-91.14,74.226,-430.04,0,0.33,0.11871,0.07211
35.944,6976.7,18.956,0.18446,-4.358,20.716,0.017366,1191.2,-76.825,-107.95,52.819,-437.23,0,0.33,0.12669,0.068104
-1763.7,7736.1,19.221,0.55468,-4.5095,21.29,0.017909,1186.2,-78.157,-93.055,74.582,-440.91,0,0.33,0.12666,0.072169
-6124.7,-3514.7,18.911,1.4072,-4.4021,17.58,0.010992,1598.3,-40.321,-70.487,532.51,93.378,0,0.33,0.17458,0.05605
315.26,-5790.1,21.048,1.4672,-4.7105,14.105,0.0089581,1568.7,-39.929,-17.873,514.42,102.48,0,0.33,0.17458,0.060111
3587.1,-1481.3,18.111,1.0269,-4.6351,19.068,0.012027,1585.1,-34.024,-110.57,501.17,17.901,0,0.33,0.18248,0.055884
686.88,-3891,20.088,1.2331,-4.8639,16.332,0.010264,1588.7,-34.216,-56.494,509.35,33.012,0,0.33,0.18255,0.060097
10321,-1556.6,19.86,0.82126,-5.171,16.966,0.010711,1581.8,-28.005,-101.83,486.63,-58.919,0,0.33,0.19049,0.060081
-1455.9,-4959.1,22.176,1.2645,-5.1157,13.08,0.0084793,1535.8,-34.275,-25.901,502.27,37.773,0,0.33,0.18255,0.06424
5607.7,-6175,23.052,1.4346,-5.0023,10.777,0.0071859,1486.9,-40.053,1.0607,479.74,97.146,0,0.33,0.1746,0.064237
14728,860.49,17.965,0.51248,-4.9953,19.372,0.012286,1576.2,-27.648,-152.14,465.85,-74.826,0,0.33,0.19047,0.055896
-16978,3790,15.238,-2.0409,-2.2339,29.869,0.018737,1594.7,-61.604,-311.3,582.73,91.154,0,0.33,0.14252,0.039867
-19523,9016.3,13.113,-3.4225,-1.8239,34.542,0.022135,1561.9,-62.319,-398.33,511.81,90.968,0,0.33,0.14251,0.03588
-923.03,-4626.8,15.906,-2.7632,-2.2085,26.863,0.0174,1541.6,-63.829,-261.14,524.88,14.335,0,0.33,0.13458,0.039867
-7361,-344.7,13.864,-3.9637,-1.7719,32.597,0.021104,1544.9,-64.467,-342.55,499.13,48.15,0,0.33,0.13457,0.035881
-6615.9,17868,11.464,-1.9603,-3.4018,27.764,0.019159,1449.1,-42.457,-428,350.62,2.027,0,0.33,0.17445,0.039868
12233,15684,11.569,-2.4604,-3.8528,25.426,0.01784,1425.2,-34.352,-421.62,271.4,-72.467,0,0.33,0.18255,0.039869
-2685.5,21124,10.355,-3.5893,-3.1552,28.092,0.019947,1407.8,-42.008,-490.82,250.88,-23.207,0,0.33,0.17445,0.035881
11300,18046,10.737,-4.0257,-3.6294,25.298,0.018177,1391.5,-33.368,-474.74,178.93,-91.06,0,0.33,0.18255,0.035881
12444,15317,11.651,-4.5267,-4.1282,22.636,0.016187,1398.6,-24.136,-451.05,127.89,-158.97,0,0.33,0.19061,0.035881
12425,14215,12.284,-3.0572,-4.3467,23.164,0.016218,1428.5,-25.705,-408.95,210.05,-151.82,0,0.33,0.19061,0.039868
5518.4,-4454,22.981,0.19336,-4.1234,7.2006,0.0058593,1233.4,-60.799,-74.951,255.99,-121.89,0,0.33,0.14256,0.056004
6744.6,-267.73,21.346,-0.48892,-3.9292,10.908,0.0091122,1194.8,-65.997,-120.91,112.49,-294.55,0,0.33,0.13462,0.05598
1676.3,219.08,23.797,0.43331,-4.422,6.5813,0.0058116,1134.5,-61.996,-88.443,161.41,-189.44,0,0.33,0.14258,0.060097
2866.9,3801.7,21.701,-0.099654,-4.1818,11.544,0.0098564,1163.6,-67.654,-122.16,68.126,-341.95,0,0.33,0.13465,0.060063
-245.03,6153.4,21.966,0.27509,-4.3694,12.369,0.010701,1146,-69.263,-116.7,56.22,-370.31,0,0.33,0.13466,0.064103
-1350.2,3532.5,24.34,0.70585,-4.6178,6.7532,0.006256,1072.6,-63.3,-97.582,112.09,-238.34,0,0.33,0.14259,0.064124
1622.2,-1823.8,29.742,1.4351,-5.1089,0.042293,0.00028391,145.18,-38.057,-5.5514,21.752,-5.2655,0,0.33,0.18256,0.096213
1542,-1897.4,29.597,1.4364,-5.2533,0.063599,0.00032825,187.96,-37.641,-9.1452,35.515,-6.1264,0,0.33,0.18256,0.092221
1215.2,-1498.6,29.852,1.6762,-5.0495,0.11144,0.00059429,179.05,-43.36,-8.6813,24.66,-12.847,0,0.33,0.1746,0.096172
1043.9,-1465.8,29.702,1.6718,-5.1837,0.14319,0.0006232,221.62,-43.073,-13.274,36.713,-14.709,0,0.33,0.1746,0.092184
882.91,-1503.9,29.485,1.6505,-5.3068,0.22416,0.00073169,297.19,-42.718,-19.817,61.183,-14.468,0,0.33,0.1746,0.088195
1365.1,-2051.2,29.373,1.4265,-5.388,0.16001,0.00053562,277.71,-37.17,-14.436,66.219,-5.9601,0,0.33,0.18256,0.08823
-983.88,-4345.3,25.851,1.2679,-5.4831,6.2693,0.0050225,1225.3,-35.04,-21.56,388.93,24.954,0,0.33,0.18255,0.07225
-1269.9,-4868.8,24.135,1.257,-5.3272,9.592,0.0067155,1414.8,-34.572,-18.725,458.68,33.943,0,0.33,0.18254,0.06826
234.77,-4388.7,26.437,1.4047,-5.4028,4.777,0.0040995,1133.9,-40.791,-16.809,345.75,54.453,0,0.33,0.1746,0.072243
3170.6,-5498.4,24.884,1.3943,-5.2422,7.5785,0.0055684,1339.3,-40.334,-3.3467,422.57,79.2,0,0.33,0.1746,0.068252
-4575.3,8237.6,22.502,0.93657,-4.6205,13.613,0.012089,1114,-71.992,-94.242,73.364,-395.48,0,0.33,0.13465,0.072112
-4671.7,6476.2,25.138,1.2495,-4.8202,7.3644,0.0073146,988.75,-65.61,-90.152,86.667,-291.69,0,0.33,0.14259,0.072106
-2630.5,7454.1,22.217,0.62161,-4.5119,13.094,0.011471,1130.5,-70.731,-106.47,60.227,-386.62,0,0.33,0.13466,0.06811
-3221.6,5450.7,24.76,0.98419,-4.7429,7.0897,0.0068075,1027.8,-64.528,-97.135,91.786,-271.42,0,0.33,0.14259,0.068117
-3166.6,-24212,16.349,-15.622,-1.4329,6.6062,0.0052732,1248.2,8.0207,-286.87,-214.59,-76.955,0,0.33,0.19859,0.007974
-1773.1,-29874,17.455,-14.798,-1.5448,5.6397,0.0045957,1223.5,18.743,-243.88,-180.43,-78.475,0,0.33,0.20671,0.0079745
4887.7,-30975,17.084,-16.503,-0.75716,5.1931,0.0043798,1183.3,9.8889,-158.85,-126.02,-59.054,0,0.33,0.19859,0.0039879
11271,-36162,18.049,-15.536,-0.81402,4.692,0.0040116,1168.2,20.521,-130.64,-101.27,-59.604,0,0.33,0.20671,0.0039902
10774,-34300,17.353,-16.822,0.40999,4.6964,0.0040726,1153.2,10.641,-84.784,-67.654,51.386,0,0.33,0.19859,0
22526,-39373,18.256,-15.79,0.44062,4.3854,0.0038313,1144.5,21.255,-67.8,-52.124,51.736,0,0.33,0.2067,0
-16415,850.34,13.167,-9.6138,-3.6012,14.927,0.011005,1355.5,-4.6143,-449.66,-90.048,-162.05,0,0.33,0.19858,0.023921
-5607.1,5360.9,12.925,-8.0159,-4.0109,16.772,0.012244,1369.3,-7.9401,-445.77,-25.968,-182.33,0,0.33,0.19858,0.027908
-10618,-7848,14.77,-9.4609,-3.9288,11.858,0.0088103,1344,6.5835,-392.99,-69.577,-169.51,0,0.33,0.20671,0.023921
3530.5,-3548.1,14.628,-8.0415,-4.39,13.39,0.0098073,1363.5,3.1918,-388.55,-8.3913,-192.08,0,0.33,0.20671,0.027908
10112,8782.4,12.94,-6.4723,-4.3635,18.342,0.013213,1388,-10.96,-433.95,38.936,-199.37,0,0.33,0.19858,0.031895
17475,152.02,14.731,-6.6709,-4.7937,14.772,0.010637,1387.1,-0.0062534,-378.82,50.529,-213.88,0,0.33,0.20671,0.031894
27088,-28143,23.678,-8.7213,-0.68932,2.2446,0.0024388,918.81,48.142,5.6652,28.026,-55.109,0,0.33,0.25468,0.0039932
33064,-33178,22.835,-9.7948,-0.75727,2.6171,0.0026616,982.15,48.39,-8.5642,16.224,-55.807,0,0.33,0.24658,0.003991
24358,-26548,23.829,-8.6762,-1.3394,2.1146,0.0022669,931.01,47.25,-15.708,13.362,-61.214,0,0.33,0.25468,0.0079755
22983,-30658,22.915,-9.6758,-1.4622,2.5243,0.0025222,999.29,47.332,-43.242,-8.6117,-66.024,0,0.33,0.24658,0.0079748
16978,-33834,21.937,-10.709,-1.5532,2.9731,0.0028071,1057.6,45.584,-76.819,-36.807,-70.877,0,0.33,0.23862,0.0079747
34081,-37249,21.957,-10.926,-0.80825,2.9919,0.0028885,1035,46.796,-27.428,-0.95022,-57.016,0,0.33,0.23862,0.0039904
33479,-34498,22.754,-9.8033,0.40183,2.707,0.0027648,977.97,48.832,2.0468,18.132,52.503,0,0.33,0.24659,0
37557,-39035,21.914,-10.97,0.43072,3.0606,0.0029729,1028.6,47.304,-8.0556,8.6908,51.927,0,0.33,0.23862,0
8261.6,-18705,23.607,-7.0075,-3.4335,2.4513,0.0023832,1025.2,40.224,-108.94,-18.035,-107.45,0,0.33,0.25469,0.023922
8800,-20644,22.373,-7.4696,-3.6994,3.0957,0.0028195,1095.1,39.396,-147.94,-22.037,-120.65,0,0.33,0.24659,0.023922
15987,-17291,23.667,-6.4176,-3.8128,2.482,0.0024153,1024.3,37.907,-106.97,7.0835,-111.97,0,0.33,0.25469,0.027909
18608,-19127,22.436,-6.7557,-4.1084,3.1408,0.0028662,1092.8,36.868,-142.67,12.377,-125.33,0,0.33,0.24659,0.027908
10770,-22346,21.043,-7.913,-3.9122,3.8926,0.0033573,1156.5,36.869,-188.04,-23.972,-132.15,0,0.33,0.23862,0.023922
22316,-20883,21.115,-7.0701,-4.3538,3.9785,0.0034316,1156.2,34.175,-179.11,19.995,-137.48,0,0.33,0.23862,0.027908
20949,-17805,22.649,-6.0629,-4.4634,3.1063,0.0028691,1079.5,34.23,-131.28,46.457,-125.82,0,0.33,0.24659,0.031895
23504,-19633,21.372,-6.2607,-4.7417,3.9679,0.0034466,1147.5,31.393,-164.09,61.786,-138.79,0,0.33,0.23862,0.031895
9100.5,-8871.6,26.477,-3.146,-5.0925,1.2247,0.0017759,683.52,19.4,-26.393,91.44,-65.912,0,0.33,0.25468,0.056065
10732,-10303,25.879,-2.9409,-5.493,1.6046,0.002076,767.1,17.484,-39.432,119.22,-73.515,0,0.33,0.2466,0.056065
7608,-7828,26.967,-2.8423,-5.1001,0.95882,0.0015876,597.29,16.675,-18.506,83.868,-54.811,0,0.33,0.25465,0.060201
9102.5,-9139.2,26.484,-2.603,-5.4929,1.2663,0.0018535,676.97,14.716,-28.927,110.14,-60.498,0,0.33,0.24659,0.060187
12543,-11958,25.266,-2.6774,-5.874,2.079,0.0023976,860.02,14.395,-51.5,151.38,-84.814,0,0.33,0.23863,0.056063
10690,-10654,26,-2.3045,-5.8662,1.6237,0.0021075,763.37,11.677,-37.928,140.25,-69.667,0,0.33,0.23863,0.060181
11911,-1492.8,21.787,-0.30658,-6.1116,12.24,0.008397,1444.3,-13.466,-148.14,382.64,-198.26,0,0.33,0.20639,0.059942
12401,433.88,20.186,-0.7654,-6.0396,14.446,0.0096301,1491.7,-12.4,-189.11,370.59,-221.89,0,0.33,0.20648,0.055937
14341,147.18,20.457,0.29566,-5.6254,15.68,0.010119,1545.1,-21.246,-140.26,445.93,-151.17,0,0.33,0.19846,0.060057
14642,2539.1,18.731,-0.12443,-5.5018,17.897,0.011499,1554.2,-20.381,-186.08,421.34,-171.83,0,0.33,0.19845,0.055921
12917,11116,13.764,-3.6788,-4.8961,20.337,0.014106,1441.9,-15.69,-381.51,174.98,-216.65,0,0.33,0.19857,0.039868
14497,4522.5,15.63,-4.1754,-5.4114,16.678,0.011548,1442.4,-5.4762,-339.8,164.55,-246.23,0,0.33,0.2067,0.039867
13954,10729,13.216,-5.0152,-4.657,19.552,0.013845,1412.2,-13.565,-412.69,105.62,-211.26,0,0.33,0.19858,0.035881
16626,2927.4,15.066,-5.3745,-5.1331,15.901,0.011233,1413.9,-2.9213,-362.67,107.38,-232.63,0,0.33,0.20671,0.035881
17051,-14809,24.13,-5.2823,-4.4166,2.3502,0.0023811,983.41,32.913,-87.663,57.164,-109.61,0,0.33,0.25469,0.035882
19375,-16566,23.001,-5.4096,-4.7653,2.995,0.0028278,1055.6,31.515,-116.51,76.031,-122.77,0,0.33,0.24659,0.035882
15515,-13611,24.509,-4.7673,-4.6443,2.1965,0.0023149,944.87,30.293,-74.671,75.797,-104,0,0.33,0.25469,0.039869
17695,-15336,23.466,-4.8064,-5.014,2.8125,0.002744,1021,28.749,-100.16,98.929,-116.79,0,0.33,0.24659,0.039868
20137,-17237,22.353,-4.805,-5.3508,3.65,0.0032933,1103.2,25.709,-125.99,124.84,-131.39,0,0.33,0.23863,0.039868
21872,-18448,21.795,-5.5023,-5.0746,3.8584,0.0034002,1130.4,28.562,-145.81,97.366,-136.63,0,0.33,0.23863,0.035881
3616.5,-4411.8,28.418,-1.939,-4.8446,0.2106,0.00076526,267.87,6.7707,-4.5384,37.024,-21.547,0,0.33,0.25468,0.076334
4187.4,-5053.5,28.262,-1.6579,-5.1728,0.29523,0.00092304,312.89,4.7294,-5.5447,48.937,-22.383,0,0.33,0.2466,0.076217
4724.8,-5632.7,28.133,-1.3249,-5.481,0.36722,0.0010166,354.97,1.901,-7.646,61.481,-23.843,0,0.33,0.2386,0.076199
3542.8,-4295.9,28.538,-1.488,-5.0475,0.17529,0.00070748,241.12,2.4834,-3.3325,35.717,-17.345,0,0.33,0.24659,0.080225
3883.7,-4706.6,28.46,-1.1613,-5.3339,0.2185,0.00078355,272.87,-0.32324,-3.8568,45.245,-18.367,0,0.33,0.23858,0.080303
7546.3,-8885.9,26.94,-1.3284,-6.0613,1.1608,0.0017695,642.18,2.4772,-25.204,133.56,-55.568,0,0.33,0.23061,0.068142
6081.8,-7408.6,27.542,-1.1231,-5.9048,0.73131,0.0013916,514.13,0.38494,-15.414,102.77,-38.794,0,0.33,0.23039,0.071998
7792,-9547,25.584,-1.1114,-6.3992,3.1289,0.0031982,941.88,-0.52785,-61.963,210.14,-118.51,0,0.33,0.22238,0.063956
6414.6,-8776.9,26.502,-0.84571,-6.2917,2.0555,0.0024847,791.39,-2.5432,-38.403,181.44,-90.407,0,0.33,0.22237,0.067966
9275.4,-10237,26.234,-1.596,-6.163,1.7096,0.0021815,767.6,4.8787,-39.257,158.2,-74.733,0,0.33,0.23064,0.064172
5486.1,-7794.5,27.278,-0.65067,-6.1474,1.2057,0.0018259,630.61,-4.5204,-20.828,143.45,-61.939,0,0.33,0.22237,0.071971
5035.8,-6136.3,28.01,-0.942,-5.7604,0.44367,0.0010737,403.81,-1.8221,-9.6801,76.614,-27.444,0,0.33,0.23053,0.076144
4226.4,-5455.5,28.348,-0.38421,-5.7838,0.31048,0.00084977,350.07,-8.3328,-6.38,72.803,-22.217,0,0.33,0.22257,0.080378
4147.1,-5085.3,28.395,-0.79969,-5.5849,0.24932,0.00079706,305.21,-3.9216,-5.0509,56.218,-19.673,0,0.33,0.23056,0.080376
4840.9,-6537,27.887,-0.50615,-5.9647,0.6373,0.001273,478.11,-6.3443,-11.875,103.58,-37.515,0,0.33,0.2224,0.07604
2217.8,-2614.6,29.323,0.24016,-5.132,0.021028,0.00018828,110.73,-18.771,-1.4386,17.8,-8.1321,0,0.33,0.21466,0.09645
2551.4,-3040.8,29.171,0.20332,-5.3115,0.034866,0.00023565,145.32,-17.547,-1.7233,24.283,-8.5595,0,0.33,0.21466,0.092453
2969.5,-3647.9,28.979,0.16348,-5.4986,0.070888,0.00034574,197.62,-16.259,-2.7201,37.031,-10.107,0,0.33,0.21465,0.088444
3016.5,-3644.8,28.935,-0.21334,-5.3981,0.070285,0.00037509,182.6,-11.75,-2.9459,32.051,-11.119,0,0.33,0.22261,0.088496
2558.1,-3050.2,29.122,-0.14359,-5.2196,0.037173,0.00026819,135.99,-13.278,-1.9114,22.452,-9.8536,0,0.33,0.22261,0.092487
2683.8,-4122.1,28.74,0.52755,-5.7254,0.28095,0.00075387,336.85,-20.209,-7.1168,82.078,-15.403,0,0.33,0.2066,0.084303
1857,-3459.6,28.773,0.87812,-5.6776,0.4345,0.00097654,397.39,-25.585,-10.938,105.87,-15.045,0,0.33,0.19851,0.084106
1664,-3265.8,28.151,1.1358,-5.6797,1.6547,0.002225,699.51,-30.423,-23.131,207.78,-15.497,0,0.33,0.19053,0.080136
1350.2,-2840.6,28.842,1.1676,-5.5939,0.55563,0.0011289,442.98,-31.149,-15.832,123.31,-10.23,0,0.33,0.19057,0.084266
2442.3,-3972.3,28.157,0.86187,-5.8055,1.3364,0.0019662,631.56,-24.724,-20.545,181.7,-27.128,0,0.33,0.1985,0.080089
2790,-4893.9,28.239,0.50116,-5.8972,0.85636,0.0014994,524.45,-19.067,-15.065,140.82,-28.967,0,0.33,0.2066,0.080303
3375.1,-4480.5,28.71,0.11785,-5.6945,0.18088,0.00059619,284.54,-14.889,-4.347,61.465,-14.998,0,0.33,0.21461,0.084394
3641.2,-5455.2,28.309,0.063133,-5.8932,0.4855,0.0010716,421.01,-13.423,-9.2754,100.58,-26.874,0,0.33,0.21458,0.080357
3572.1,-4475.2,28.689,-0.2932,-5.5861,0.14413,0.0005559,250.59,-10.116,-3.6861,48.475,-14.356,0,0.33,0.2226,0.084479
2668.1,-3243,28.837,-1.6037,-4.6326,0.067318,0.00041688,155.78,2.4042,-3.4801,19.361,-14.164,0,0.33,0.25468,0.084315
3057.9,-3675,28.761,-1.3348,-4.9156,0.097371,0.00051797,182.08,0.33602,-1.9976,25.409,-13.625,0,0.33,0.2466,0.084245
2322.9,-2808.4,28.994,-1.4554,-4.52,0.035725,0.00029587,116.58,0.37748,-3.4403,13.924,-12.097,0,0.33,0.25469,0.08831
2662.7,-3165.3,28.942,-1.1959,-4.7808,0.051372,0.00036626,135.53,-1.6995,-1.1647,18.005,-10.928,0,0.33,0.24663,0.088272
2854.4,-3395.1,28.926,-0.89262,-5.0302,0.064948,0.00041335,152.72,-4.4348,-0.23571,23.069,-11.207,0,0.33,0.23852,0.088451
3301,-3972.4,28.719,-1.0183,-5.1824,0.12205,0.00057902,205.45,-2.4439,-1.7282,32.446,-14.176,0,0.33,0.23854,0.084398
2950,-3525,28.92,-0.56731,-5.2408,0.070647,0.00040985,168.15,-7.7869,-1.9576,27.783,-11.844,0,0.33,0.23055,0.088505
3478.1,-4224.4,28.693,-0.67591,-5.4098,0.13375,0.00057577,226.63,-5.9295,-3.0197,39.749,-14.756,0,0.33,0.23055,0.084486
5178,-7255.7,26.865,-0.12023,-6.2464,2.3761,0.0027737,811.79,-10.449,-34.061,212.94,-83.791,0,0.33,0.21454,0.07228
6590.7,-7277.8,25.778,-0.28227,-6.3656,4.0867,0.0038888,1010.6,-8.9482,-59.438,258.89,-122.57,0,0.33,0.21453,0.068211
7894.4,-6735.4,24.572,-0.54412,-6.4215,5.997,0.0050023,1165,-7.2767,-90.789,286.42,-160.34,0,0.33,0.21442,0.063998
4895.4,-4387.4,27.2,0.8244,-5.8834,3.1151,0.0033096,901.28,-23.837,-32.986,273.34,-45.966,0,0.33,0.19849,0.076104
4110.3,-5606.6,27.461,0.4549,-6.0399,2.0876,0.002586,760.62,-17.896,-28.083,217.35,-52.06,0,0.33,0.20659,0.076303
2599.3,-3712.7,27.079,1.103,-5.706,3.7385,0.0036716,985,-29.863,-29.857,306.87,-22.339,0,0.33,0.19052,0.076195
4074.2,-6517.6,27.712,-0.012179,-6.0825,1.1641,0.0018043,603.99,-11.928,-18.395,154.1,-49.754,0,0.33,0.21455,0.076308
12882,-79919,5.7507,-10.418,2.3075,19.633,0.0099647,1230.2,1.2547,-243.76,-59.591,-50.524,0,0.33,0.023564,0.0079741
51481,-98294,5.9574,-11.02,1.1945,18.456,0.0089578,1224.8,4.5173,-145.6,-35.062,-48.893,0,0.33,0.023565,0.0039874
45122,-63631,6.6223,-13.62,-0.47374,16.635,0.010254,1125.8,-21.593,-88.616,-21.779,36.982,0,0.33,0.03144,0
81757,-1.0672e+05,6.0377,-11.267,-0.62651,17.938,0.0085601,1219.8,5.4893,-83.619,-19.537,47.962,0,0.33,0.023565,0
24813,-57026,6.5357,-13.336,0.91274,17.31,0.010716,1136.3,-22.439,-157.46,-39.126,-38.566,0,0.33,0.031438,0.0039875
3466.4,-41782,6.3123,-12.626,1.766,18.841,0.011988,1152.3,-25.148,-266.88,-66.64,-42.112,0,0.33,0.031438,0.0079741
-2.8677e+05,-1.8046e+05,4.3536,-4.2218,5.1326,19.033,0.0055205,3028.7,51.998,175.56,-39.246,1611.5,0,0.33,0.007851,0.011961
24517,-96034,4.8975,-6.9958,4.245,21.675,0.0099499,1400.4,22.626,-258.88,-59.521,-55.666,0,0.33,0.015706,0.011961
-2.6406e+05,-1.5604e+05,4.1421,-3.8441,6.5816,19.323,0.0060824,3026.6,41.305,254.19,-43.725,1626.8,0,0.33,0.0078509,0.015948
-5.4883e+05,-2.2514e+05,3.942,-2.675,7.1301,16.081,0.0014153,4550.4,56.473,771.73,-30.709,3302.5,0,0.33,0,0.015948
-6.1717e+05,-2.4935e+05,4.1125,-2.9522,5.5487,15.96,0.0014231,4533.3,67.842,582.86,-27.756,3277.6,0,0.33,0,0.011961
12600,-72376,4.6175,-6.4038,5.438,22.347,0.011238,1378.7,13.498,-292.94,-66.856,-52.073,0,0.33,0.015705,0.015948
4163.4,-59174,5.4705,-9.6648,3.3519,20.875,0.011385,1224,-4.4146,-302.48,-74.267,-51.546,0,0.33,0.023564,0.011961
1027.3,-7858.6,5.6595,-10.736,3.2563,21.717,0.016259,1141.3,-35.79,-368.51,-94.572,-49.554,0,0.33,0.031437,0.015948
2582.8,-24330,6.0099,-11.715,2.5546,20.44,0.013892,1154.5,-29.729,-330.92,-83.187,-46.021,0,0.33,0.031437,0.011961
3814.3,-38556,5.1451,-8.8617,4.295,21.899,0.013139,1205.2,-11.919,-340.14,-84.044,-51.695,0,0.33,0.023564,0.015948
11978,-31175,7.0691,-15.102,0.67542,16.674,0.013122,1103.7,-44.713,-166.74,-41.17,-31.79,0,0.33,0.039427,0.0039874
1764.3,-18527,6.8387,-14.301,1.3018,18.56,0.01446,1127.7,-46.935,-283.39,-69.462,-36.491,0,0.33,0.039426,0.0079741
22229,-36584,7.1592,-15.418,-0.34895,15.842,0.012708,1089,-43.977,-92.893,-23.045,29.946,0,0.33,0.039426,0
-3633,5367,7.0353,-14.395,1.3097,20.861,0.018087,1143.6,-66.087,-359.39,-83.721,-40.196,0,0.33,0.047338,0.011961
-7347.8,9327.4,7.5181,-15.178,0.87657,21.442,0.018433,1163.3,-76.604,-369.17,-77.763,-37.082,0,0.33,0.055236,0.011961
-14739,15443,7.7211,-14.288,0.6053,24.367,0.020558,1185.7,-85.527,-398.21,-70.115,-44.424,0,0.33,0.063132,0.015948
-8917.5,10116,7.9687,-15.683,0.53621,22.164,0.018621,1190.3,-82.883,-380.45,-68.788,-32.5,0,0.33,0.063132,0.011961
-14884,16544,7.2189,-13.865,1.057,23.422,0.020235,1157.9,-79.886,-392.87,-85.501,-47.849,0,0.33,0.055236,0.015948
-11836,14872,6.7003,-13.171,1.6288,22.601,0.019884,1137,-70.073,-388.52,-94.941,-49.081,0,0.33,0.047338,0.015948
426.59,-4361.6,6.5317,-13.263,1.8663,20.5,0.016573,1136.5,-50.582,-348.72,-85.949,-42.667,0,0.33,0.039426,0.011961
-5219.2,8248.7,6.1791,-12.146,2.3575,22.003,0.018841,1127.4,-55.437,-382.75,-98.015,-49.151,0,0.33,0.039426,0.015948
8570.5,-51262,4.3126,-5.8201,6.4956,22.828,0.012691,1352.1,2.9854,-317.79,-71.927,-47.327,0,0.33,0.015705,0.019935
-2.355e+05,-1.3252e+05,3.9105,-3.4837,7.8683,19.524,0.0067118,3020.8,29.013,326.74,-46.703,1644,0,0.33,0.0078509,0.019935
-4.8359e+05,-2.0009e+05,3.7535,-2.4177,8.537,16.168,0.0014021,4562.7,43.339,940.94,-32.672,3330.2,0,0.33,0,0.019935
-7167.1,5781.7,4.015,-6.5345,6.4646,23.355,0.019278,1111.8,-39.847,-395.55,-101.62,-43.763,0,0.33,0.023563,0.027908
-1044.7,-5593.3,4.4095,-7.2764,5.8489,23.098,0.01728,1145.8,-30.097,-383.74,-97.124,-48.083,0,0.33,0.023564,0.023922
-27801,28589,3.9361,-7.0651,5.1853,23.51,0.023229,1012.9,-66.653,-412.44,-127.71,-45.61,0,0.33,0.031436,0.031895
-21570,23916,4.4069,-7.8997,4.8228,23.387,0.022114,1049.9,-58.699,-410.99,-121.26,-50.284,0,0.33,0.031436,0.027908
-13385,13717,3.6102,-5.8427,6.9839,23.47,0.020823,1078,-49.537,-402.14,-104.98,-37.691,0,0.33,0.023563,0.031895
-13043,16487,4.8544,-8.8007,4.3853,23.111,0.020546,1085.4,-50.673,-404.75,-113.24,-52.424,0,0.33,0.031437,0.023922
2891.5,-20454,4.7886,-8.0572,5.1271,22.632,0.015121,1177.9,-20.647,-365.84,-91.375,-50.666,0,0.33,0.023564,0.019935
-4449.6,5900.3,5.2732,-9.7534,3.8651,22.588,0.018581,1116.8,-42.907,-391.38,-104.24,-51.973,0,0.33,0.031437,0.019935
-21218,22278,6.8858,-12.562,1.1851,24.651,0.021703,1136.3,-83.691,-400.4,-99.039,-60.037,0,0.33,0.055235,0.019935
-20028,22379,6.3233,-11.952,1.8893,23.719,0.021279,1115.1,-74.771,-400.6,-108.76,-57.959,0,0.33,0.047338,0.019935
-19496,19592,7.4593,-12.912,0.62599,25.665,0.022053,1164.3,-88.561,-400.45,-80.766,-59.451,0,0.33,0.063132,0.019935
-23012,25704,5.3471,-9.9506,3.1236,23.561,0.021975,1072.7,-67.517,-407.03,-123.19,-58.342,0,0.33,0.039425,0.023922
-29535,30824,4.8612,-8.9351,3.4066,23.853,0.023064,1034.8,-74.014,-408.06,-135.92,-59.002,0,0.33,0.039425,0.027908
-34195,33968,4.334,-7.9961,3.6278,23.987,0.024148,993.88,-80.427,-405.34,-146.45,-56.572,0,0.33,0.039424,0.031895
-14371,18265,5.7857,-11.028,2.7751,22.99,0.020671,1104.7,-61.205,-399.77,-110.13,-54.757,0,0.33,0.039426,0.019935
-335.58,2314.9,9.2536,-17.7,0.02628,20.011,0.015915,1255.3,-82.606,-382.15,-71.592,-9.9622,0,0.33,0.08701,0.0079742
589.22,-101.36,9.5744,-19.055,0.036338,15.259,0.012824,1185.2,-81.779,-245.35,-62.578,-12.306,0,0.33,0.08701,0.0039873
1271.4,-1171.8,10.084,-19.778,-0.010219,12.364,0.01078,1147.1,-78.424,-153.91,-50.804,14.37,0,0.33,0.094966,0
1337.3,-1437.7,9.7396,-19.62,-0.02565,13.018,0.01143,1139.1,-81.43,-144.11,-42.367,13.951,0,0.33,0.087007,0
839.7,-232.21,9.8848,-19.171,0.0076296,14.841,0.012299,1200.4,-78.744,-260.69,-74.103,-11.354,0,0.33,0.094964,0.0039874
603.55,1223.9,9.5037,-17.723,-0.02613,20.09,0.015657,1280.4,-79.469,-402.77,-81.656,-5.7287,0,0.33,0.094963,0.0079742
-7887.1,8893.3,8.376,-15.968,0.27392,22.936,0.01878,1221.3,-85.665,-392.78,-58.134,-26.478,0,0.33,0.071032,0.011961
-4097.5,6555.7,8.7299,-16.084,0.08327,23.697,0.0189,1253.8,-85.719,-406.6,-47.769,-19.483,0,0.33,0.078953,0.011961
-12108,12536,8.1907,-14.491,0.25684,25.363,0.020828,1218.1,-87.724,-404.27,-49.944,-38.559,0,0.33,0.071031,0.015948
-5506.3,8679.8,8.6093,-14.525,0.0033853,26.373,0.021051,1253.2,-87.249,-411.37,-26.874,-30.355,0,0.33,0.078953,0.015948
-341.14,3978.1,9.0249,-16.077,-0.042667,24.403,0.018977,1285.7,-83.625,-422.42,-40.015,-11.402,0,0.33,0.087009,0.011961
1062.6,1754,9.2191,-14.261,-0.25765,28.337,0.021405,1324.1,-81.124,-435.1,15.631,-7.5338,0,0.33,0.094962,0.015948
861.76,1821.9,9.249,-16,-0.11565,24.967,0.018971,1315.8,-80.296,-440.92,-37.747,-3.221,0,0.33,0.094963,0.011961
104.8,4834.1,8.9607,-14.431,-0.1631,27.384,0.021248,1289.1,-84.734,-420.89,-3.6315,-19.603,0,0.33,0.087009,0.015948
943.77,-369.93,10.177,-19.25,-0.011063,14.293,0.011713,1212.1,-75.079,-274.82,-89.115,-11.821,0,0.33,0.10289,0.0039876
792.32,483.96,9.7142,-17.719,-0.055458,19.973,0.015305,1301.7,-75.75,-423.52,-98.023,-2.9884,0,0.33,0.10289,0.0079741
1219.7,-1055.3,10.418,-19.893,0.00083158,11.627,0.010093,1151.9,-74.777,-162.61,-61.07,16.13,0,0.33,0.10289,0
787.1,44.122,9.5014,-15.797,-0.16649,25.455,0.018683,1361.7,-72.404,-486.71,-58.175,9.3081,0,0.33,0.11082,0.011961
1058.1,708.5,9.559,-15.728,-0.18458,25.202,0.018308,1375.6,-68.345,-511.28,-82.631,12.118,0,0.33,0.11874,0.011961
850.97,2409.9,9.3059,-13.562,-0.34748,29.696,0.021138,1404.5,-65.434,-539.71,-10.753,26.286,0,0.33,0.12666,0.015948
1768.9,2195.3,9.6094,-15.704,-0.22396,24.54,0.017727,1383.2,-64.385,-533.3,-115.6,11.047,0,0.33,0.12666,0.011961
-89.958,109.93,9.3931,-13.674,-0.31778,30.019,0.021491,1396.6,-69.147,-509.89,15.378,23.348,0,0.33,0.11874,0.015948
462.71,-835.4,9.4276,-13.847,-0.3103,29.805,0.021599,1379.9,-73.077,-480.51,27.856,15.4,0,0.33,0.11082,0.015948
900.86,423.07,9.4027,-15.898,-0.15044,25.337,0.018876,1341.8,-76.487,-462.58,-43.36,3.7872,0,0.33,0.10289,0.011961
949.44,-248.88,9.3727,-14.056,-0.29892,29.18,0.02153,1355.4,-77.167,-455.01,27.141,4.4253,0,0.33,0.10289,0.015948
-7137.1,10115,8.555,-13.014,-0.12069,27.761,0.022483,1235.2,-88.926,-401.26,-20.717,-48.073,0,0.33,0.078952,0.019935
-15630,15250,8.0239,-13.047,0.19403,26.704,0.022307,1197.6,-90.048,-400.73,-54.303,-55.602,0,0.33,0.071031,0.019935
-5035.3,5388.3,9.1766,-10.005,-0.7695,28.765,0.023797,1209.4,-88.521,-356.34,-13.274,-93.348,0,0.33,0.087006,0.027908
-1846.9,5375,9.1327,-11.371,-0.53193,29.17,0.023371,1248.6,-87.133,-381.71,14.715,-61.407,0,0.33,0.087007,0.023922
549.98,100.65,10.138,-8.3701,-1.2403,28.471,0.023391,1218.1,-84.751,-321.77,11.281,-121.56,0,0.33,0.094959,0.031895
2422.3,425.42,9.9725,-9.6423,-0.94536,29.558,0.023402,1263.5,-83.624,-353.31,54.564,-79.858,0,0.33,0.09496,0.027908
-8918.1,5315.2,9.0643,-8.7603,-1.0386,28.263,0.024339,1162.3,-90.127,-329.47,-58.09,-127.67,0,0.33,0.087005,0.031895
2250.4,875.47,9.6811,-11.054,-0.67919,30.315,0.023377,1297.1,-82.725,-384.45,70.535,-45.254,0,0.33,0.094961,0.023922
186.32,5223.5,9.0252,-12.851,-0.32827,28.878,0.022645,1275.7,-85.895,-404.27,17.615,-36.199,0,0.33,0.087008,0.019935
1489.7,1363.1,9.3906,-12.599,-0.4476,30.057,0.022826,1317.1,-81.924,-413.08,55.695,-21.062,0,0.33,0.094961,0.019935
-1564.9,-1009.4,9.6361,-11.681,-0.50546,33.232,0.023542,1411.6,-69.781,-484.18,116.98,28.548,0,0.33,0.11874,0.019935
461.57,-2102.9,9.704,-11.975,-0.50922,32.429,0.023357,1388.6,-73.602,-452.8,110.56,13.477,0,0.33,0.11082,0.019935
-2723.8,2013.3,9.4489,-11.454,-0.51999,33.436,0.023501,1422.6,-66.323,-519.79,104.68,38.049,0,0.33,0.12665,0.019935
2772,-2265.9,10.078,-10.668,-0.74759,31.691,0.023545,1346.2,-78.239,-394.2,126.52,-24.201,0,0.33,0.10289,0.023921
4541.8,-3194.3,10.631,-9.1956,-1.0346,30.697,0.023214,1322.5,-78.733,-356.02,131.57,-57.693,0,0.33,0.10289,0.027908
6592.2,-3840.3,11.132,-7.8882,-1.3514,28.932,0.022557,1283.1,-79.393,-317.78,99.838,-103.72,0,0.33,0.10289,0.031895
1513.2,-1221.4,9.6207,-12.297,-0.49961,31.282,0.023069,1356.2,-77.747,-428.89,88.413,-4.0562,0,0.33,0.10289,0.019935
-6387.2,2260.7,11.266,-17.855,-0.43569,14.635,0.010932,1332.1,-48.803,-472.63,-267.44,-27.913,0,0.33,0.1505,0.0079743
-1780,-2349.6,12.344,-19.442,-0.23924,9.4318,0.0076322,1222.9,-47.359,-288.44,-191.53,-34.935,0,0.33,0.1505,0.003989
288.93,-7363.4,13.415,-19.884,0.17627,6.6673,0.0057826,1153.1,-39.753,-155.18,-118.2,41.036,0,0.33,0.15853,0
253.48,-4495.3,12.82,-20.077,0.13103,7.2067,0.0062573,1151.7,-46.813,-164.44,-117.9,37.535,0,0.33,0.15051,0
-1883.3,-4874.6,12.937,-19.289,-0.32405,8.6027,0.0069875,1219.7,-40.363,-274.77,-195.84,-40.517,0,0.33,0.15854,0.0039896
-7115.5,607.08,11.826,-17.781,-0.5959,13.23,0.009933,1325.1,-41.978,-456.63,-283.48,-38.263,0,0.33,0.15854,0.0079744
1537,4156.3,9.6946,-15.726,-0.30125,23.474,0.01693,1385.4,-60.366,-549.81,-154.31,5.7738,0,0.33,0.13457,0.011961
-676.74,5992.4,9.8612,-15.773,-0.42833,22.06,0.015929,1383.7,-55.934,-558.49,-194.73,-3.4884,0,0.33,0.1425,0.011961
2738.1,5654.9,9.2198,-13.524,-0.42393,28.777,0.020485,1404.4,-61.764,-565.73,-48.574,23.065,0,0.33,0.13457,0.015948
3758.8,9007.4,9.2008,-13.547,-0.56618,27.311,0.019519,1398.9,-57.735,-584.02,-93.75,13.456,0,0.33,0.1425,0.015948
-7273.3,7014.3,10.151,-15.82,-0.6076,20.374,0.01475,1380.1,-50.787,-558.34,-232.59,-17.27,0,0.33,0.1505,0.011961
-12485,11859,9.6289,-13.648,-1.0569,23.211,0.016779,1383.3,-46.744,-588.71,-183.82,-23.859,0,0.33,0.15854,0.015948
-12772,6406.7,10.616,-15.814,-0.83258,18.491,0.013444,1374.1,-44.227,-547.84,-263.2,-32.967,0,0.33,0.15854,0.011961
-1286.3,11474,9.3121,-13.605,-0.77988,25.416,0.018265,1391.4,-52.964,-592.48,-140.88,-3.1785,0,0.33,0.1505,0.015948
-1621.8,-8456.5,13.603,-19.025,-0.41434,7.7972,0.0063627,1215.7,-32.218,-257.05,-193.36,-44.909,0,0.33,0.16648,0.0039898
-7010.7,-2368.2,12.497,-17.616,-0.76878,11.781,0.0089042,1316.2,-33.968,-433.55,-289.55,-47.783,0,0.33,0.16648,0.0079745
564.7,-11191,14.065,-19.574,0.2244,6.1741,0.0053457,1155.1,-31.55,-143.7,-114.38,43.291,0,0.33,0.16648,0
-12606,269.18,12.042,-15.591,-1.3386,14.417,0.010605,1357.5,-27.72,-499.81,-291.29,-66.773,0,0.33,0.17444,0.011961
-11146,-4806.3,13.047,-15.294,-1.5976,12.347,0.0091804,1342.5,-17.156,-462.3,-284.29,-79.442,0,0.33,0.18251,0.011961
-14185,-3763.8,13.075,-13.228,-2.3353,13.153,0.0097361,1349.8,-9.3808,-470.14,-233.82,-107.43,0,0.33,0.19062,0.015948
-9523.8,-10745,14.133,-14.906,-1.8386,10.38,0.0078089,1326.2,-6.1901,-420.06,-267.78,-89.812,0,0.33,0.19062,0.011961
-16331,2079.1,11.928,-13.459,-2.0241,15.689,0.01153,1360.2,-20.262,-512.76,-242.42,-91.934,0,0.33,0.18254,0.015948
-18065,6882.5,10.902,-13.614,-1.6924,18.3,0.013352,1370.5,-30.683,-549.18,-238.88,-72.108,0,0.33,0.17445,0.015948
-13139,4148.5,11.239,-15.745,-1.0794,16.478,0.012038,1367.3,-36.413,-528.2,-283.69,-48.685,0,0.33,0.16648,0.011961
-18304,10225,10.147,-13.657,-1.3648,20.816,0.015116,1377.1,-39.199,-574.09,-218.08,-46.022,0,0.33,0.16648,0.015948
-5492.6,11556,8.987,-11.294,-0.73058,31.492,0.022318,1410.6,-59.443,-582.09,28.9,31.799,0,0.33,0.1425,0.019935
-3883.5,6565.9,9.2036,-11.325,-0.58558,32.859,0.023114,1421.2,-63.029,-554.4,73.939,39.516,0,0.33,0.13457,0.019935
-25632,20772,9.5118,-6.9543,-1.4128,34.764,0.02414,1439.4,-58.381,-557.92,233.82,54.351,0,0.33,0.1505,0.027908
-14880,18834,8.9472,-9.1032,-1.1747,32.629,0.023128,1410,-56.946,-586.76,104.07,33.459,0,0.33,0.1505,0.023921
-30354,24709,9.9616,-4.9804,-2.035,33.387,0.023149,1441.7,-54.446,-537.04,292.13,50.204,0,0.33,0.15854,0.031894
-19492,23858,9.1587,-7.0219,-1.7664,32.217,0.022896,1406.3,-53.264,-574.97,168.99,27.206,0,0.33,0.15854,0.027908
-27661,20769,10.579,-4.9495,-1.6876,35.63,0.024017,1483.5,-59.234,-512.66,358.32,75.615,0,0.33,0.1505,0.031894
-2649.1,21040,8.8455,-9.1841,-1.5174,30.064,0.021668,1386.8,-51.472,-596.58,43.789,6.5607,0,0.33,0.15854,0.023921
-1282.3,15550,8.889,-11.34,-0.96619,29.495,0.021121,1396.1,-55.082,-599.14,-23.79,13.96,0,0.33,0.1505,0.019934
-2594,16861,9.0141,-11.413,-1.2829,27.066,0.019584,1381.9,-49.233,-602.04,-76.615,-10.667,0,0.33,0.15854,0.019934
-20319,8128.9,11.042,-11.524,-2.414,18.682,0.013734,1360.2,-23.52,-536.08,-173.74,-102.38,0,0.33,0.18255,0.019935
-22043,12710,10.036,-11.54,-2.0224,21.625,0.015829,1366.2,-33.71,-570.88,-157.92,-73.786,0,0.33,0.17445,0.019934
-17999,2552.6,12.223,-11.452,-2.7871,15.769,0.011622,1356.4,-12.811,-494.23,-172.64,-124.67,0,0.33,0.19062,0.019935
-1618.9,20156,9.0075,-9.3039,-1.9077,27.24,0.019875,1370.1,-44.583,-591.83,-14.728,-26.816,0,0.33,0.16648,0.023921
-1490.2,23213,9.0778,-7.1721,-2.1748,29.303,0.021228,1379.6,-46.724,-575.53,101.19,-9.4619,0,0.33,0.16648,0.027908
-14247,24306,9.6077,-5.1421,-2.4437,30.562,0.021751,1404.3,-48.261,-543.18,218.46,12.317,0,0.33,0.16648,0.031894
-15422,15670,9.3778,-11.485,-1.6392,24.419,0.017794,1372.3,-42.004,-592.29,-123.58,-38.981,0,0.33,0.16648,0.019934
-21817,21635,2.7914,-4.6352,7.7728,23.517,0.023121,1015.5,-67.641,-405.24,-107.89,-21.519,0,0.33,0.023562,0.039869
-18716,18755,3.2004,-5.2088,7.417,23.508,0.022086,1045.6,-58.867,-404.8,-107.08,-30.103,0,0.33,0.023563,0.035882
-31887,31151,3.4498,-6.3028,5.4813,23.561,0.024157,976.18,-74.289,-411.22,-132,-38.926,0,0.33,0.031435,0.035882
-34197,32172,2.9581,-5.6129,5.7177,23.592,0.025092,941.2,-81.449,-408.66,-133.78,-30.881,0,0.33,0.031435,0.039869
-81436,-48404,2.4258,-1.8076,12.725,19.31,0.0089129,2954,-48.021,605.41,-52.11,1761.9,0,0.33,0.0078501,0.043856
2737.7,9466.7,2.3441,-2.9917,10.342,23.066,0.019566,1203.8,-62.713,-386.29,-80.878,-0.40755,0,0.33,0.015704,0.043856
-63405,-41259,2.1898,-1.6036,13.159,19.178,0.0089102,2941,-58.521,630.69,-52.039,1781,0,0.33,0.00785,0.047844
-1.4032e+05,-87886,2.3375,-1.1293,14.459,15.925,0.0012501,4528.3,-50.979,1642.7,-36.553,3542.4,0,0.33,0,0.047843
-1.77e+05,-99030,2.5302,-1.27,13.96,16.027,0.0012723,4543.1,-39.581,1584.6,-36.573,3513.8,0,0.33,0,0.043856
8182.5,11673,2.0279,-2.6534,10.662,22.982,0.01981,1187.4,-71.592,-390.36,-80.382,8.77,0,0.33,0.015704,0.047846
-19527,23009,2.388,-4.1193,8.0611,23.529,0.023886,988.25,-75.758,-404.68,-107.53,-12.503,0,0.33,0.023562,0.043856
-28501,31543,1.996,-4.4309,6.0386,23.715,0.026983,880.07,-94.123,-403.39,-130.44,-13.712,0,0.33,0.031434,0.047849
-34385,32159,2.4707,-4.9914,5.9013,23.638,0.026036,908.97,-88.067,-405.81,-133.15,-22.247,0,0.33,0.031434,0.043856
-7895.7,23455,1.9943,-3.6558,8.2908,23.566,0.024532,964.19,-83.173,-403.94,-106.06,-3.5774,0,0.33,0.023561,0.047847
-37244,35536,3.7779,-7.1387,3.7929,24.045,0.02526,952.47,-86.586,-400.97,-153.46,-51.622,0,0.33,0.039424,0.035882
-38905,35904,3.2087,-6.3618,3.9093,24.078,0.026403,912.5,-92.387,-396.2,-156.45,-45.021,0,0.33,0.039423,0.039869
-39741,34774,2.9456,-6.1071,2.3406,24.988,0.028764,869.1,-104.52,-371.79,-173.4,-58.921,0,0.33,0.047334,0.043856
-37163,31091,3.4311,-6.3511,0.97117,26.118,0.029587,883.08,-107.97,-348.58,-185.34,-84.444,0,0.33,0.055231,0.043856
-32518,24686,3.44,-5.6513,-0.3692,27.389,0.031279,875.9,-111.12,-314.01,-182.15,-113.97,0,0.33,0.063125,0.047852
-32634,25319,4.1259,-6.4074,-0.13759,27.312,0.029976,911.52,-108.3,-323.52,-189.99,-112.73,0,0.33,0.063127,0.043856
-36833,30256,2.7679,-5.6238,0.82064,26.126,0.030908,845.49,-111.35,-341.57,-178.61,-82.191,0,0.33,0.055229,0.047851
-39297,33774,2.3298,-5.4182,2.2822,25.001,0.030044,832.46,-108.6,-366.67,-167.86,-53.705,0,0.33,0.047332,0.04785
-39435,35447,2.642,-5.66,3.9839,24.114,0.027565,875.36,-97.776,-391.81,-155.59,-37.703,0,0.33,0.039422,0.043856
-39100,34507,2.0911,-5.0249,4.0231,24.166,0.028724,841.93,-102.73,-388.33,-151.5,-30.451,0,0.33,0.039421,0.047849
11333,13017,1.7212,-2.3483,10.919,22.922,0.020033,1173.9,-79.608,-393.82,-79.291,17.709,0,0.33,0.015703,0.051843
-47471,-35307,1.9615,-1.4194,13.513,19.053,0.0088992,2928.8,-68.011,651.32,-51.708,1799.3,0,0.33,0.0078496,0.051836
-1.0768e+05,-78046,2.1523,-1.0024,14.871,15.816,0.0012293,4512.4,-61.299,1690.3,-36.415,3569.7,0,0.33,0,0.05183
9219.4,22909,0.90915,-2.5062,8.6866,23.873,0.025984,911.42,-101.25,-404.67,-96.61,19.44,0,0.33,0.023569,0.059863
9739.6,23242,1.2515,-2.8566,8.5989,23.741,0.025726,925.82,-95.912,-403.98,-100.2,12.574,0,0.33,0.023563,0.055856
6071.6,27943,0.33415,-2.6334,6.215,24.393,0.02992,801.07,-112.64,-401.87,-108.59,12.541,0,0.33,0.031472,0.063918
1305.3,28770,0.70853,-3.0317,6.2183,24.179,0.029532,815.47,-108.86,-401.12,-114.75,7.5513,0,0.33,0.031478,0.059893
8611.6,22454,0.58741,-2.1816,8.737,24.026,0.025896,900.03,-105.9,-405.35,-92.98,25.505,0,0.33,0.023578,0.063872
-7110.1,29702,1.1098,-3.4592,6.1932,23.987,0.028837,833.29,-104.54,-401.05,-120.65,1.4062,0,0.33,0.031447,0.055874
5295.9,23440,1.6141,-3.2375,8.4687,23.636,0.025162,943.39,-89.884,-403.6,-103.56,4.8688,0,0.33,0.023561,0.051848
-17468,30645,1.5406,-3.923,6.1352,23.831,0.027922,854.82,-99.609,-401.73,-126.14,-5.7305,0,0.33,0.031436,0.051855
-36128,29411,2.1433,-4.9589,0.65533,26.085,0.032086,813.09,-114.43,-337.24,-167.71,-80.424,0,0.33,0.055223,0.051865
-38421,32681,1.7465,-4.7897,2.2036,25.007,0.031246,800.54,-112.32,-363.5,-159.2,-49.084,0,0.33,0.047327,0.051861
-32079,24119,2.7989,-4.9595,-0.6132,27.381,0.032372,846.01,-113.71,-307.9,-169.14,-115.56,0,0.33,0.063119,0.051869
-30730,32185,1.0712,-3.9158,4.0159,24.35,0.030931,787.81,-111.27,-384.82,-137.21,-18.103,0,0.33,0.0394,0.055883
-21527,31126,0.61459,-3.4242,3.9755,24.487,0.031939,767.23,-114.83,-384.82,-128.4,-13.566,0,0.33,0.039385,0.059921
-15783,30291,0.19953,-2.9648,3.9151,24.655,0.032867,750.65,-117.91,-385.97,-119.09,-10.331,0,0.33,0.039361,0.063955
-37234,33349,1.5656,-4.4467,4.033,24.244,0.029853,812.69,-107.22,-385.97,-145.13,-23.801,0,0.33,0.039417,0.051856
-14995,5096.8,8.2788,-6.6353,-1.6618,28.473,0.026565,1071.3,-93.952,-277.39,-138.84,-183.39,0,0.33,0.087003,0.039868
-12722,5210.5,8.7557,-7.639,-1.3372,28.124,0.025275,1114,-91.962,-302.53,-104.58,-158.85,0,0.33,0.087004,0.035881
-5112,-13.705,10.089,-7.234,-1.5599,27.757,0.023804,1167.6,-86.199,-291.4,-44.717,-163.74,0,0.33,0.094959,0.035881
-10683,99.873,9.8134,-6.2234,-1.8996,27.786,0.024816,1121.5,-87.936,-263.67,-93.866,-199.49,0,0.33,0.09496,0.039868
-27040,18351,5.0592,-6.3046,-0.9902,28.365,0.0299,949.19,-105.95,-298.17,-186.74,-142.89,0,0.33,0.071026,0.043856
-21482,11248,6.2503,-6.0729,-1.6038,29.056,0.029161,991.84,-101.63,-275,-175.46,-173.38,0,0.33,0.078948,0.043856
-27227,17909,4.3767,-5.5251,-1.2862,28.609,0.031191,917.6,-108.39,-285.74,-178.62,-147.62,0,0.33,0.071025,0.047853
-22079,10992,5.5962,-5.2731,-1.9461,29.553,0.030532,964.2,-103.85,-259.45,-168.83,-181.9,0,0.33,0.078953,0.047851
-16670,4963.7,7.7035,-5.7353,-2.0093,29.153,0.027817,1037.3,-96.008,-255.27,-154.64,-201.27,0,0.33,0.087,0.043856
-14563,508.81,8.8726,-4.5073,-2.6234,29.482,0.027426,1061.1,-91.809,-217.74,-129.72,-244.72,0,0.33,0.094956,0.04785
-13104,317.21,9.3773,-5.3207,-2.2551,28.467,0.026094,1085.7,-89.843,-239.24,-122.99,-225.99,0,0.33,0.09496,0.043855
-17676,4851.9,7.1065,-4.9223,-2.3758,29.935,0.02908,1012.2,-98.067,-236.37,-152.66,-214.32,0,0.33,0.086994,0.04785
4833.9,-4023,11.438,-6.741,-1.6894,27.301,0.022186,1232,-80.397,-282.26,39.901,-156.8,0,0.33,0.10289,0.035881
-3099.1,-3635.4,11.468,-5.736,-2.0406,26.564,0.022553,1180.2,-81.818,-251.44,-26.438,-207.26,0,0.33,0.1029,0.039867
865.23,-5140.1,13.289,-4.3007,-2.4901,24.528,0.020498,1200.1,-77.471,-212.36,-1.747,-256.17,0,0.33,0.11083,0.043856
12572,-7146.9,15.332,-3.6397,-2.569,21.769,0.017151,1273.3,-71.871,-198.34,115.75,-237.69,0,0.33,0.11875,0.043856
14409,-6609,17.948,-2.2056,-3.0544,16.936,0.013246,1283.5,-68.105,-159.07,163.07,-260.55,0,0.33,0.12667,0.047854
14368,-9061.5,17.058,-2.8282,-2.642,19.703,0.014427,1367,-67.061,-185.24,284.85,-169.53,0,0.33,0.12667,0.043856
5810,-4468.7,15.594,-2.9445,-2.9359,21.31,0.017502,1222.1,-73.489,-178.48,30.054,-305.17,0,0.33,0.11875,0.047857
-7580.3,-3383.5,13.158,-3.5431,-2.8446,25.228,0.021694,1166,-79.349,-191.68,-49.997,-299.44,0,0.33,0.11083,0.047856
-10088,-2842,11.251,-4.848,-2.3982,26.902,0.023668,1139.1,-83.586,-225.58,-76.042,-247.02,0,0.33,0.1029,0.043856
-12761,-2008.1,10.889,-4.0515,-2.7578,27.968,0.025191,1112.2,-85.535,-203.57,-98.002,-274.61,0,0.33,0.1029,0.047855
-22203,10807,4.9959,-4.5428,-2.301,29.945,0.031713,943.87,-105.91,-247.49,-153,-189.43,0,0.33,0.078977,0.051856
-27085,17554,3.7442,-4.8124,-1.5952,28.745,0.032219,892.42,-110.66,-277.02,-163.86,-152.46,0,0.33,0.071022,0.051869
-18061,5143,5.6835,-2.8554,-3.5154,31.706,0.032244,983.65,-103.58,-198.99,-89.28,-244.76,0,0.33,0.086929,0.059979
-18167,4935,6.0692,-3.4954,-3.1356,31.247,0.031592,985.95,-101.9,-208.69,-115.08,-234.44,0,0.33,0.086977,0.055917
-14398,1829.2,7.4413,-1.864,-4.1103,32.946,0.03157,1044.1,-98.849,-159.09,-38.594,-292.78,0,0.33,0.094839,0.064025
-15553,1351.3,7.6361,-2.453,-3.7507,32.291,0.031123,1038.2,-97.381,-170.94,-67.869,-281.32,0,0.33,0.094852,0.060012
-17824,5500.9,5.4114,-2.2553,-3.8859,32.075,0.032477,987.88,-104.99,-191.13,-62.388,-256.17,0,0.33,0.086917,0.063992
-15603,994.21,7.9586,-3.0862,-3.3781,31.497,0.030222,1038.5,-95.64,-183.91,-95.615,-270.21,0,0.33,0.09492,0.055936
-18100,4842.2,6.5507,-4.181,-2.7536,30.657,0.030461,995.25,-100.04,-220.75,-137.72,-224.68,0,0.33,0.086992,0.051867
-15326,724.95,8.3809,-3.7673,-3.0003,30.543,0.028875,1045.8,-93.77,-199.05,-118.57,-258.62,0,0.33,0.094945,0.051872
-5115.6,-1557.6,15.585,-2.3153,-3.2723,22.285,0.018688,1196.1,-75.488,-164.82,-16.316,-351.55,0,0.33,0.11872,0.051891
-13425,-1760.8,12.903,-2.8535,-3.1879,26.621,0.023227,1148.8,-81.421,-173.84,-64.813,-327.83,0,0.33,0.1108,0.05189
7441.4,-2327.8,18.374,-1.6657,-3.4144,16.564,0.013514,1229,-69.766,-149.74,69.166,-333.2,0,0.33,0.12666,0.051872
-14449,-679.51,10.146,-2.6634,-3.4752,30.595,0.028083,1090.3,-89.423,-167.13,-75.73,-307.12,0,0.33,0.10286,0.055942
-14222,-67.528,9.8913,-2.0481,-3.8222,31.706,0.029105,1090.6,-91.27,-151.82,-48.358,-319.02,0,0.33,0.10278,0.060011
-8333.2,580.27,9.7703,-1.4807,-4.1522,32.625,0.029789,1096.3,-92.812,-137.16,-17.574,-330.01,0,0.33,0.10278,0.064022
-13992,-1282.5,10.49,-3.3269,-3.119,29.298,0.026726,1097.1,-87.556,-184.05,-95.355,-293.5,0,0.33,0.10287,0.051888
7130.4,21574,0.0081706,-1.5933,8.736,24.374,0.025609,885.43,-113.15,-407.18,-84.864,35.089,0,0.33,0.02359,0.07188
7911,21988,0.28671,-1.8788,8.7527,24.194,0.02573,891.42,-109.86,-406.2,-89.068,30.749,0,0.33,0.023587,0.067883
6773.6,27316,-0.0082455,-2.2589,6.1846,24.627,0.030204,789.8,-115.87,-403.33,-102,16.355,0,0.33,0.031472,0.067925
6034.9,26789,-0.31917,-1.9021,6.1277,24.874,0.030256,781.43,-118.55,-405,-95.201,18.967,0,0.33,0.031471,0.071913
-32617,28598,-0.38615,-1.7097,-0.52199,25.872,0.035735,724.27,-126.33,-352.61,-81.61,-92.702,0,0.33,0.055154,0.075939
-30274,25212,0.3633,-1.5472,-2.1877,26.87,0.034347,783.25,-123.94,-320.41,-68.491,-147.55,0,0.33,0.063059,0.07593
-14158,29719,-0.17238,-2.53,3.834,24.851,0.033703,737.68,-120.52,-388.05,-109.48,-8.3664,0,0.33,0.039353,0.067962
-14032,29263,-0.50243,-2.1128,3.7324,25.072,0.034217,727.95,-122.65,-390.46,-99.81,-7.6137,0,0.33,0.03935,0.071952
-6322.8,9346.8,20.562,1.4495,-4.8032,21.325,0.01817,1167.8,-80.658,-52.4,145.3,-438.17,0,0.33,0.12663,0.084221
-4973.3,8905,20.023,1.1833,-4.7334,21.591,0.018303,1175.1,-80.072,-64.844,122.19,-441.21,0,0.33,0.12664,0.080197
-2538.8,7890.2,17.181,1.2214,-4.9473,28.341,0.023337,1213.9,-86.551,-50.046,151.06,-439.75,0,0.33,0.11865,0.084265
-1167.6,7158.2,16.637,0.91015,-4.8358,28.439,0.02357,1206.7,-85.947,-62.747,125.9,-437,0,0.33,0.11868,0.080229
-26081,19626,1.559,-1.2828,-3.5034,28.572,0.032899,869.34,-119.68,-276.35,-46.573,-204.63,0,0.33,0.070955,0.075942
-16508,13053,3.2036,-0.95183,-4.4125,30.792,0.03213,958.65,-114.19,-223.79,-16.14,-256.5,0,0.33,0.078876,0.075959
-10925,6634.4,5.1925,-1.1365,-4.5871,32.682,0.032242,1013.8,-107.28,-177.84,-8.2571,-283.07,0,0.33,0.086901,0.071989
-16118,5999.8,5.2487,-1.6843,-4.2441,32.389,0.032455,998.19,-106.22,-184.5,-34.935,-268.98,0,0.33,0.086907,0.067994
-7853.6,2428.3,7.3688,-1.3092,-4.4524,33.496,0.031737,1055.9,-100.12,-148.34,-8.3545,-305,0,0.33,0.094835,0.068024
756.51,3140.8,7.4142,-0.78323,-4.7736,33.973,0.031684,1072.7,-101.2,-137.63,21.087,-317.96,0,0.33,0.094833,0.072016
-3430,7369.3,5.2393,-0.60763,-4.9105,32.974,0.031889,1034.2,-108.14,-171.05,17.686,-298.28,0,0.33,0.086899,0.07598
91.93,8117.8,5.3843,-0.096078,-5.2093,33.278,0.031442,1058.5,-108.78,-163.48,42.094,-313.91,0,0.33,0.086898,0.079969
2390,4746.3,7.8295,0.19303,-5.3354,34.785,0.031111,1118.5,-102.75,-115.95,73.221,-344.81,0,0.33,0.094841,0.080025
3412.6,3935.4,7.5717,-0.28265,-5.0693,34.399,0.03146,1093.8,-102.07,-126.84,48.586,-331.48,0,0.33,0.094837,0.076022
3048.3,4258.4,13.019,0.28443,-4.8437,32.607,0.027677,1179.2,-90.728,-80.852,91.879,-400.58,0,0.33,0.11073,0.076198
240.29,6393.9,16.187,0.56615,-4.6935,28.314,0.023611,1199.9,-85.097,-76.382,99.88,-433.64,0,0.33,0.1187,0.076195
-3422.4,8354.8,19.575,0.88629,-4.6348,21.582,0.018222,1181,-79.238,-78.558,98.048,-442.02,0,0.33,0.12665,0.076192
1838.4,5123,13.437,0.67428,-5.03,32.884,0.02753,1195.4,-91.539,-67.342,117.46,-407.84,0,0.33,0.11072,0.080268
1355.4,1327.3,9.7753,-0.95088,-4.462,33.372,0.030169,1107.1,-94.17,-123.17,14.136,-341.15,0,0.33,0.10277,0.068052
5116.7,2192.1,9.9076,-0.4553,-4.7476,33.98,0.030299,1122.3,-95.308,-109.56,45.285,-352.72,0,0.33,0.10278,0.072066
4172.9,3094.6,10.155,0.013545,-5.0055,34.458,0.030204,1141.6,-96.314,-96.596,74.025,-364.17,0,0.33,0.10276,0.076177
3037.7,3969.5,10.506,0.44786,-5.2328,34.837,0.029957,1163.6,-97.055,-83.833,98.821,-374.54,0,0.33,0.10277,0.080224
3026.2,2134.3,16.149,0.61672,-4.4254,21.575,0.013847,1558.7,-34.349,-182.98,483.92,-0.9853,0,0.33,0.18249,0.051869
-10036,621.31,16.837,1.0733,-4.1287,20.96,0.013245,1583.5,-40.757,-151.47,532.21,74.894,0,0.33,0.17453,0.051932
14603,8062.3,14.523,-0.74313,-4.6813,22.586,0.014953,1510.8,-27.342,-287.45,368.99,-116.95,0,0.33,0.19061,0.047861
4877.4,6844,14.348,-0.098942,-4.2342,23.55,0.015543,1515.8,-34.498,-267.91,435.38,-23.715,0,0.33,0.1825,0.047859
15823,4177.8,16.091,0.028789,-4.8341,21.384,0.013773,1552.9,-27.777,-215.2,435.58,-94.766,0,0.33,0.19059,0.051892
-11247,6516.3,14.759,0.43539,-3.8668,24.148,0.015611,1548.4,-41.692,-248.75,504.34,53.845,0,0.33,0.17447,0.047883
-2185.7,-5706.5,20.334,1.4962,-4.3006,14.638,0.0092258,1580.5,-45.76,-35.037,543.2,141.31,0,0.33,0.16656,0.056051
7974.6,-7090.7,22.415,1.4887,-4.6679,10.741,0.0070693,1504.2,-45.538,4.083,491.23,132.03,0,0.33,0.16657,0.060128
4043.8,-4682.8,25.268,1.2864,-4.9565,4.8882,0.0039704,1208.8,-51.463,-19.744,334.22,48.531,0,0.33,0.15855,0.064202
8733.2,-6410.9,24.258,1.4332,-4.9832,7.585,0.0054225,1374,-45.738,5.3053,426.1,107.78,0,0.33,0.16658,0.064214
7269.3,-6922.8,23.744,1.2833,-4.6562,7.2362,0.0051673,1374.8,-51.008,-3.8267,424.19,95.125,0,0.33,0.15855,0.060134
208.46,-7199.4,21.86,1.2926,-4.2581,10.915,0.007143,1509.9,-50.893,-19.921,514.7,129.52,0,0.33,0.15855,0.056013
134.6,-2135.8,30.659,0.75012,-1.7169,0.062997,0.00017809,117.75,-31.825,54.213,21.884,23.414,0,0.33,0.015404,-0.22425
-706.13,-2350.1,30.606,0.56195,-1.7022,0.053313,0.00011707,114.98,-31.389,83.529,23.314,33.854,0,0.33,0,-0.22423
650.81,-2476.6,30.441,0.8296,-1.9199,0.14507,0.00033072,186.41,-31.523,65.877,44.155,17.978,0,0.33,0.015416,-0.21626
-941.32,-2564.2,30.299,0.49149,-1.9996,0.13073,0.00022689,203.9,-30.708,125.96,49.761,25.684,0,0.33,0,-0.21624
903.25,-1268,31,2.0092,-0.31136,0.01966,0.00011278,58.027,-39.541,-5.429,8.8135,3.1046,0,0.33,0.062974,-0.2164
595.37,-985.18,31.029,1.7511,-0.37409,0.011439,7.2802e-05,42.84,-37.919,-1.8439,6.2627,2.3812,0,0.33,0.062976,-0.22439
1317,-1608.1,30.878,1.8743,-0.92417,0.049391,0.00019138,88.495,-36.957,-4.622,13.912,3.259,0,0.33,0.047111,-0.21635
851.71,-1279.5,30.929,1.6615,-0.92192,0.022455,0.00010406,62.844,-36.139,-1.2199,7.3104,1.285,0,0.33,0.047108,-0.22433
536.7,-859.21,31.132,2.0788,0.25254,0.010121,8.6905e-05,38.486,-41.534,-6.7218,7.7372,4.3998,0,0.33,0.078939,-0.21646
448.04,-805.96,31.149,1.9206,0.14019,0.0081604,6.4316e-05,31.719,-39.993,-4.4437,6.1051,4.0376,0,0.33,0.078934,-0.22445
220.12,-323.49,29.866,-1.9087,0.58429,0.0055602,4.797e-05,3.4578,-2.5711,1.7263,2.4468,3.9438,0,0.33,0.39041,-0.043868
217.22,-316.63,29.886,-1.8801,0.6314,0.005554,4.8303e-05,3.2672,-2.9032,3.3108,2.6932,3.5286,0,0.33,0.39041,-0.047879
286.79,-410.27,29.773,-2.0244,0.67452,0.0055965,4.2808e-05,4.7267,-1.1725,4.0597,2.8972,4.9312,0,0.33,0.38247,-0.043868
282.78,-398.88,29.799,-1.995,0.72908,0.0055857,4.2844e-05,4.3893,-1.5455,5.5486,3.5511,4.5554,0,0.33,0.38248,-0.047879
220.53,-327.1,29.844,-1.9397,0.5338,0.0055656,4.765e-05,3.6178,-2.2659,1.0262,3.0975,4.0268,0,0.33,0.3904,-0.039877
282.74,-411.58,29.749,-2.0562,0.61767,0.0056066,4.3263e-05,5.0312,-0.82864,3.2879,3.1507,5.0338,0,0.33,0.38247,-0.039876
163.07,-238.17,29.933,-1.8148,0.47478,0.0055392,5.57e-05,2.6713,-3.816,-0.4755,2.92,2.5538,0,0.33,0.39834,-0.039877
168.86,-248.59,29.939,-1.8073,0.5297,0.0055395,5.4406e-05,2.7082,-3.7849,-0.91379,2.1415,2.6815,0,0.33,0.39834,-0.043869
160.01,-233.68,29.969,-1.7565,0.56079,0.0055323,5.6193e-05,2.474,-4.3629,0.22742,2.2337,2.0952,0,0.33,0.39834,-0.047882
279.1,-383.81,29.831,-1.9684,0.78456,0.0055746,4.3008e-05,4.0272,-1.9423,7.1624,4.7817,4.1636,0,0.33,0.38247,-0.051937
224.51,-311.45,29.912,-1.8536,0.6804,0.0055475,4.809e-05,3.0607,-3.2488,5.1855,4.0463,2.9606,0,0.33,0.39041,-0.051936
225.44,-298.23,29.945,-1.8325,0.72839,0.0055405,4.8553e-05,2.8261,-3.613,7.0087,5.0006,2.6632,0,0.33,0.3904,-0.056018
270.76,-364.1,29.868,-1.9468,0.83834,0.0055635,4.3521e-05,3.6515,-2.3599,8.6227,5.5092,3.9316,0,0.33,0.38245,-0.056031
172.76,-242.51,29.974,-1.7526,0.60921,0.0055309,5.4853e-05,2.4483,-4.3905,2.3051,3.2763,1.7676,0,0.33,0.39834,-0.051937
166.89,-220.2,30.015,-1.709,0.6448,0.0055235,5.7237e-05,2.2003,-4.9788,3.6567,3.998,1.365,0,0.33,0.39834,-0.056011
220.83,-306.99,30.101,-1.6846,0.93337,0.0055173,4.8909e-05,2.1338,-5.6803,3.7006,2.3485,2.2193,0,0.33,0.39044,-0.07628
218.8,-290,30.127,-1.6451,0.96604,0.0055133,4.9798e-05,1.995,-6.1238,5.9139,2.4631,2.1053,0,0.33,0.39045,-0.08039
255.25,-354.41,30.035,-1.7761,1.0621,0.005529,4.4951e-05,2.5348,-4.6927,3.9321,2.5329,3.9128,0,0.33,0.38247,-0.076287
244.61,-330.82,30.065,-1.7347,1.1013,0.0055235,4.611e-05,2.3353,-5.1928,5.593,2.9647,3.7815,0,0.33,0.38246,-0.080448
233.56,-322.94,30.075,-1.7307,0.89638,0.0055211,4.7693e-05,2.2562,-5.2386,2.4438,2.8389,2.111,0,0.33,0.39043,-0.072152
266.12,-371.77,30.007,-1.8233,1.0209,0.0055346,4.4045e-05,2.7311,-4.1903,2.9634,2.6369,3.838,0,0.33,0.38248,-0.072102
158.9,-223.34,30.131,-1.6286,0.79178,0.0055097,5.7872e-05,1.8215,-6.3941,0.73025,3.049,0.47171,0,0.33,0.39837,-0.072109
157.47,-229.41,30.148,-1.6047,0.83763,0.005509,5.6673e-05,1.82,-6.568,1.138,2.4036,0.70502,0,0.33,0.39838,-0.076202
145.46,-202.36,30.177,-1.5493,0.84891,0.0055044,6.0303e-05,1.6613,-7.1288,2.7506,2.4723,0.28673,0,0.33,0.39839,-0.080312
227.89,-298.55,30.097,-1.6993,1.1398,0.0055182,4.7972e-05,2.1431,-5.6926,7.2913,3.2953,3.6328,0,0.33,0.38248,-0.084478
227.24,-268.35,30.155,-1.6105,1.002,0.0055093,5.0326e-05,1.8562,-6.6002,8.4561,2.9766,1.8986,0,0.33,0.39046,-0.084417
210.13,-231.97,30.185,-1.5872,1.042,0.0055055,5.2643e-05,1.7259,-7.0568,10.506,2.7562,1.9836,0,0.33,0.39046,-0.088454
200.32,-258.46,30.129,-1.6728,1.1769,0.0055135,5.091e-05,1.9734,-6.1962,8.0785,2.7715,3.5651,0,0.33,0.38248,-0.088498
171.86,-203.67,30.194,-1.5355,0.8914,0.0055027,5.8832e-05,1.615,-7.3774,5.8198,2.9765,0.30681,0,0.33,0.3984,-0.084379
151.21,-169.43,30.229,-1.4948,0.90919,0.0054986,6.3451e-05,1.4715,-7.9156,7.3494,3.1549,0.17319,0,0.33,0.3984,-0.088406
164.27,-222.81,30.28,-1.4374,1.1769,0.0054928,5.5174e-05,1.3499,-9.3429,6.9659,-0.43202,4.3813,0,0.33,0.39042,-0.10862
141.05,-190.86,30.296,-1.4065,1.1971,0.0054902,5.837e-05,1.2571,-9.772,8.61,0.03337,4.5562,0,0.33,0.39045,-0.1125
118.04,-168.56,30.223,-1.4921,1.2966,0.0054974,6.5744e-05,1.4398,-8.7142,2.3312,-0.21558,2.479,0,0.33,0.38244,-0.10868
101.11,-135.98,30.242,-1.4608,1.3114,0.0054944,7.2821e-05,1.3293,-9.1987,3.4161,0.76497,1.9045,0,0.33,0.38246,-0.11265
186.08,-247.72,30.266,-1.476,1.155,0.0054952,5.2783e-05,1.4339,-8.9043,5.7964,-0.78267,3.8215,0,0.33,0.3904,-0.10468
139.44,-201.27,30.208,-1.5318,1.28,0.0055005,5.9872e-05,1.5538,-8.2214,1.4485,-1.1304,2.8765,0,0.33,0.38244,-0.1047
157.54,-209.07,30.327,-1.4025,1.0008,0.0054908,5.9124e-05,1.2751,-9.4848,5.0107,1.6387,1.9101,0,0.33,0.3984,-0.10444
162.72,-220.07,30.34,-1.3781,1.0455,0.00549,5.6283e-05,1.2623,-9.8109,5.9314,1.0887,3.3293,0,0.33,0.39841,-0.10841
140.46,-187.53,30.367,-1.3279,1.0374,0.0054873,6.0105e-05,1.167,-10.232,7.0067,1.2802,2.9105,0,0.33,0.39842,-0.11236
86.514,-109.19,30.265,-1.4373,1.3251,0.0054916,8.0474e-05,1.2365,-9.676,3.6157,1.0686,1.1365,0,0.33,0.38246,-0.11659
120.68,-160.92,30.314,-1.383,1.2177,0.0054877,6.2256e-05,1.1729,-10.193,9.9914,-0.14457,4.5533,0,0.33,0.39047,-0.11642
111.06,-145.22,30.328,-1.3655,1.2381,0.0054855,6.4974e-05,1.1061,-10.605,9.8183,-0.85086,4.353,0,0.33,0.39048,-0.12036
79.385,-96.177,30.286,-1.4164,1.3368,0.0054894,8.3873e-05,1.1734,-10.146,1.5643,1.1898,-0.0054877,0,0.33,0.38246,-0.12054
130.2,-172.68,30.377,-1.3166,1.0834,0.0054859,6.025e-05,1.1235,-10.569,9.7208,0.64243,3.9928,0,0.33,0.39843,-0.11634
118.6,-151.3,30.402,-1.2776,1.0751,0.0054835,6.3641e-05,1.0471,-10.967,9.9396,-0.06889,3.6416,0,0.33,0.39843,-0.12032
129.25,-183.87,30.415,-1.1263,1.2825,0.0054786,6.4169e-05,0.93189,-12.54,-2.9684,1.5688,0.99286,0,0.33,0.3905,-0.14028
97.993,-140.46,30.435,-1.079,1.2829,0.0054769,7.426e-05,0.86427,-12.898,-0.29554,1.801,0.63484,0,0.33,0.3905,-0.14426
47.471,-55.422,30.424,-1.1396,1.3325,0.0054824,8.601e-05,0.98731,-12.329,-11.506,3.0791,-4.9355,0,0.33,0.3825,-0.14043
31.35,-40.548,30.45,-1.0931,1.3261,0.0054807,9.9612e-05,0.92152,-12.718,-8.7949,3.2876,-5.1801,0,0.33,0.38254,-0.14433
167.1,-226.64,30.394,-1.1879,1.2804,0.0054802,5.6602e-05,0.99338,-12.17,-5.0153,1.7893,1.1295,0,0.33,0.3905,-0.1363
70.964,-77.935,30.398,-1.2001,1.3381,0.0054842,7.3621e-05,1.058,-11.924,-13.662,3.3793,-4.7286,0,0.33,0.38249,-0.13648
180.72,-252.7,30.453,-1.133,1.1307,0.0054784,5.3816e-05,0.94518,-12.349,0.39739,1.1272,3.7016,0,0.33,0.39844,-0.13628
162.18,-241.38,30.463,-1.0831,1.1645,0.0054775,5.432e-05,0.91944,-12.684,0.82269,1.1498,4.1832,0,0.33,0.39844,-0.14027
129.35,-188.19,30.488,-1.0235,1.1416,0.0054757,6.0888e-05,0.84742,-12.999,3.2855,1.3092,3.9648,0,0.33,0.39844,-0.14426
19.665,-30.314,30.477,-1.0599,1.3191,0.005479,0.0001151,0.86598,-13.098,-6.3119,3.0955,-5.459,0,0.33,0.38255,-0.14829
67.715,-102.58,30.457,-1.0438,1.2837,0.0054753,8.8314e-05,0.80454,-13.249,2.2116,1.9571,0.27552,0,0.33,0.3905,-0.14825
49.55,-75.383,30.478,-1.0223,1.2843,0.0054738,0.00010048,0.75703,-13.585,3.3865,1.6144,0.10473,0,0.33,0.3905,-0.15225
14.881,-22.56,30.502,-1.039,1.3108,0.0054774,0.00012686,0.82028,-13.471,-5.4607,2.5356,-5.736,0,0.33,0.38255,-0.1523
93.21,-146.61,30.496,-0.99608,1.173,0.0054743,6.687e-05,0.79426,-13.333,6.1253,1.5343,3.9883,0,0.33,0.39844,-0.14825
76.729,-110.86,30.524,-0.9597,1.1527,0.0054727,7.4194e-05,0.74325,-13.619,7.7028,1.3307,4.0086,0,0.33,0.39844,-0.15225
49.154,-94.843,30.593,-0.80942,1.2622,0.0054707,8.1715e-05,0.70376,-15.099,-8.3112,2.8968,-2.4265,0,0.33,0.3904,-0.17256
32.179,-70.928,30.614,-0.76014,1.2509,0.0054702,9.7233e-05,0.6806,-15.366,-5.4674,1.7295,-2.8018,0,0.33,0.39037,-0.17664
-43.273,36.055,30.647,-0.80872,1.2456,0.0054737,0.00010092,0.74711,-15.14,-18.432,4.4169,-7.5522,0,0.33,0.38231,-0.17285
-26.442,24.032,30.673,-0.75905,1.2283,0.0054734,0.00011615,0.73455,-15.425,-15.255,3.0613,-7.6975,0,0.33,0.38224,-0.17694
63.583,-110.56,30.568,-0.8704,1.2708,0.005471,7.444e-05,0.71835,-14.818,-9.3799,3.5955,-2.1256,0,0.33,0.39044,-0.16844
-45.016,32.949,30.616,-0.87055,1.2615,0.005474,9.1948e-05,0.75953,-14.839,-19.373,5.1748,-7.4408,0,0.33,0.38236,-0.16876
123.18,-180,30.594,-0.83492,1.1516,0.00547,6.2608e-05,0.70078,-14.72,-0.025723,2.3892,2.6477,0,0.33,0.39842,-0.16828
117.54,-182.92,30.611,-0.78177,1.167,0.0054698,6.1808e-05,0.69768,-15.021,-0.64897,2.1872,2.3779,0,0.33,0.39839,-0.17237
91.55,-137.03,30.632,-0.73125,1.1361,0.005469,7.16e-05,0.66091,-15.224,2.2997,1.3052,2.2965,0,0.33,0.39836,-0.1765
3.9374,0.91967,30.691,-0.72844,1.2096,0.005473,0.00012718,0.72669,-15.698,-10.876,0.61343,-7.8962,0,0.33,0.38218,-0.18102
19.766,-45.532,30.628,-0.72697,1.2396,0.0054695,0.00011666,0.65702,-15.624,-1.5757,-0.10451,-2.8942,0,0.33,0.39032,-0.18072
14.493,-26.043,30.632,-0.71491,1.2294,0.0054687,0.00012724,0.634,-15.865,1.2544,-1.9919,-2.659,0,0.33,0.39022,-0.18487
28.119,-20.771,30.696,-0.71968,1.1902,0.0054724,0.00012512,0.71887,-15.958,-7.5698,-2.2839,-8.0053,0,0.33,0.3821,-0.18511
50.672,-90.657,30.641,-0.6973,1.1496,0.0054684,8.5118e-05,0.63393,-15.513,5.2134,0.24284,2.1486,0,0.33,0.39832,-0.18061
32.856,-53.376,30.653,-0.67768,1.121,0.0054673,0.00010007,0.59978,-15.684,7.7621,-0.73374,2.6313,0,0.33,0.39824,-0.18481
271.37,-344.66,30.748,-0.10529,1.9758,0.0054875,4.502e-05,1.0878,-21.866,-1.1602,6.5404,1.8309,0,0.33,0.27857,-0.19712
279.14,-361.13,30.704,-0.15082,2.0396,0.0054893,4.4206e-05,1.1564,-21.543,-0.02615,6.3531,2.1525,0,0.33,0.27857,-0.19313
262.08,-327.17,30.743,-0.20033,1.8945,0.0054856,4.6379e-05,1.0434,-21.045,-0.80628,6.5451,1.8572,0,0.33,0.28652,-0.19713
256.8,-333.67,30.701,-0.24804,1.953,0.0054875,4.6118e-05,1.1124,-20.743,1.9853,5.7976,2.2162,0,0.33,0.28652,-0.19315
209.71,-273.26,30.757,-0.015048,2.0534,0.0054903,5.1038e-05,1.125,-22.786,1.5155,7.2019,1.6543,0,0.33,0.27056,-0.19713
234.32,-299.49,30.71,-0.049257,2.111,0.0054925,4.8159e-05,1.2021,-22.444,0.42943,6.9126,1.6452,0,0.33,0.27057,-0.19314
230.94,-291.74,30.784,-0.063013,1.9174,0.0054864,4.9345e-05,1.0421,-22.122,-0.31894,4.7178,1.7524,0,0.33,0.27856,-0.20111
174.32,-229.89,30.801,0.014745,1.9836,0.0054889,5.6536e-05,1.0689,-23.026,1.4223,4.6076,1.2845,0,0.33,0.27055,-0.20112
212.03,-266.32,30.788,-0.14829,1.8296,0.0054844,5.1399e-05,0.98718,-21.386,0.71729,4.6882,2.0917,0,0.33,0.28651,-0.20112
213.73,-278.58,30.703,-0.32193,1.8462,0.005486,4.9273e-05,1.0621,-20.077,5.5976,4.9935,3.5855,0,0.33,0.29446,-0.19316
216.34,-269.55,30.743,-0.27739,1.8047,0.0054839,5.0127e-05,0.99242,-20.426,3.9503,6.33,3.1542,0,0.33,0.29446,-0.19715
213.57,-268.78,30.763,-0.31855,1.6698,0.0054838,5.0184e-05,0.98995,-19.849,4.77,5.5536,3.9947,0,0.33,0.30239,-0.19716
212.66,-283.71,30.727,-0.36626,1.7096,0.0054859,4.9164e-05,1.0591,-19.486,4.3298,4.0277,4.3153,0,0.33,0.3024,-0.19317
160.4,-208.96,30.804,-0.27498,1.6258,0.0054824,5.7698e-05,0.93247,-20.174,2.2562,4.6309,2.314,0,0.33,0.30239,-0.20114
185.89,-241.89,30.78,-0.2412,1.7658,0.0054827,5.2796e-05,0.94424,-20.689,4.3755,5.4755,3.0319,0,0.33,0.29445,-0.20113
213.55,-269.49,30.694,-0.55872,1.4978,0.0054742,5.079e-05,0.80941,-17.705,-1.0961,4.5709,1.3453,0,0.33,0.34214,-0.19718
189.77,-246.04,30.663,-0.6175,1.5321,0.005475,5.3915e-05,0.83113,-17.388,1.6346,2.9404,1.7099,0,0.33,0.34215,-0.1932
191.73,-231.86,30.687,-0.60181,1.3982,0.0054734,5.4958e-05,0.78218,-17.402,-1.0197,4.1023,0.12936,0,0.33,0.35022,-0.19717
145.48,-188.6,30.661,-0.6559,1.423,0.0054743,6.141e-05,0.80157,-17.11,4.2264,1.7386,1.0026,0,0.33,0.35023,-0.19318
179.55,-233.87,30.674,-0.50791,1.6103,0.0054747,5.5383e-05,0.80177,-18.041,1.675,4.5293,3.2905,0,0.33,0.33415,-0.19719
174.8,-234.6,30.642,-0.5612,1.6408,0.0054756,5.5055e-05,0.8356,-17.709,0.94134,3.5175,3.1752,0,0.33,0.33416,-0.1932
176.25,-232.91,30.723,-0.50406,1.4659,0.0054736,5.5136e-05,0.78391,-17.943,-0.038243,3.6021,1.4729,0,0.33,0.34215,-0.20117
129.9,-176.21,30.707,-0.45924,1.5732,0.0054739,6.5801e-05,0.76543,-18.325,0.6377,2.8431,1.7907,0,0.33,0.33415,-0.20117
162.6,-208.77,30.721,-0.53437,1.367,0.0054727,5.7826e-05,0.75272,-17.675,0.012224,3.4521,0.95716,0,0.33,0.35022,-0.20115
113.47,-151.8,30.672,-0.66998,1.3033,0.0054737,6.4676e-05,0.77332,-16.877,7.8496,-0.054591,4.3838,0,0.33,0.35822,-0.19318
170.57,-209.16,30.69,-0.6239,1.291,0.0054727,5.6603e-05,0.7558,-17.151,3.5545,2.5452,3.4588,0,0.33,0.35821,-0.19716
151.24,-196.5,30.737,-0.62106,1.152,0.0054724,5.8364e-05,0.7412,-16.951,4.5221,1.5377,5.0884,0,0.33,0.36616,-0.19717
99.297,-137.35,30.725,-0.66499,1.1661,0.0054735,6.9033e-05,0.7623,-16.696,6.87,-1.2388,5.4388,0,0.33,0.36616,-0.19318
123.72,-163.63,30.759,-0.56946,1.1347,0.0054714,6.8081e-05,0.70401,-17.195,0.81932,2.7985,2.8923,0,0.33,0.36615,-0.20115
163.34,-208.59,30.712,-0.57607,1.2786,0.005472,5.6824e-05,0.73263,-17.369,2.8646,3.2256,2.9362,0,0.33,0.35821,-0.20115
113.72,-194.38,29.936,-1.7006,0.030324,0.0055321,6.0385e-05,2.3531,-4.8374,-0.26293,1.2469,5.3614,0,0.33,0.4143,0
66.9,-134.44,30.132,-1.5114,-0.035026,0.0055037,7.2621e-05,1.5057,-6.8772,-0.58698,0.79195,-6.7306,0,0.33,0.43036,0
116.74,-196.33,29.947,-1.6969,0.083971,0.0055314,6.0151e-05,2.3398,-4.8786,-0.12603,0.98,5.1897,0,0.33,0.41429,-0.0079773
71.633,-137.48,30.139,-1.5063,0.06395,0.0055038,7.1916e-05,1.5122,-6.898,-0.027471,0.58017,6.5372,0,0.33,0.43036,-0.0079762
56.881,-108.77,30.241,-1.4285,0.050709,0.005495,8.0239e-05,1.259,-7.899,-0.16569,0.46212,5.3009,0,0.33,0.44184,-0.007976
58.898,-108.81,30.258,-1.3955,0.11505,0.0054929,8.0599e-05,1.2061,-8.2526,-0.51376,0.30117,4.8523,0,0.33,0.44184,-0.015951
74.496,-139.44,30.146,-1.4892,0.13035,0.0055029,7.1352e-05,1.494,-6.9939,-0.35619,0.29745,6.4451,0,0.33,0.43037,-0.015951
116.67,-195.86,29.958,-1.6809,0.16901,0.005529,6.0251e-05,2.2761,-5.0115,-0.40171,0.6473,4.976,0,0.33,0.41429,-0.015951
69.057,-127.63,30.153,-1.4708,0.19633,0.0055011,7.3825e-05,1.4365,-7.187,1.8128,0.96843,6.3886,0,0.33,0.43037,-0.023926
55.801,-101.1,30.254,-1.3935,0.18097,0.0054931,8.2229e-05,1.2069,-8.146,1.1407,0.74648,5.3023,0,0.33,0.44184,-0.023926
110.18,-174.96,30.001,-1.659,0.33188,0.0055199,6.2929e-05,2.0113,-5.5231,3.6766,2.8141,4.3862,0,0.33,0.41429,-0.031902
115.11,-186.53,29.969,-1.6561,0.25084,0.0055253,6.1268e-05,2.1644,-5.2287,1.7331,1.599,4.8187,0,0.33,0.41429,-0.023926
63.705,-118.72,30.175,-1.4818,0.25567,0.0054981,7.6e-05,1.3592,-7.4474,4.0128,1.9172,5.919,0,0.33,0.43037,-0.031902
112.27,-179.83,30.037,-1.6464,0.40555,0.0055153,6.267e-05,1.8969,-5.8832,1.1285,2.1334,3.9342,0,0.33,0.4143,-0.039885
68.065,-127.96,30.201,-1.477,0.31278,0.0054958,7.4499e-05,1.3142,-7.7397,1.2903,1.4589,5.4572,0,0.33,0.43038,-0.039879
53.676,-101.68,30.292,-1.4041,0.27448,0.005489,8.308e-05,1.1178,-8.6285,0.59972,1.325,4.5045,0,0.33,0.44184,-0.03988
54.865,-100.59,30.316,-1.3436,0.32311,0.0054865,8.4418e-05,1.0547,-9.1272,-0.95357,1.0406,4.1617,0,0.33,0.44184,-0.047867
73.192,-132.26,30.219,-1.4266,0.36296,0.0054941,7.3843e-05,1.2718,-8.0845,-0.20986,1.0618,5.4029,0,0.33,0.43038,-0.047866
118.62,-185.53,30.062,-1.5921,0.47691,0.0055115,6.2017e-05,1.796,-6.3091,0.36089,1.5703,3.5639,0,0.33,0.4143,-0.047897
73.547,-114.32,30.241,-1.389,0.41852,0.0054914,7.6529e-05,1.1862,-8.553,3.2095,1.9644,5.2549,0,0.33,0.43038,-0.055873
61.12,-90.083,30.329,-1.3191,0.37894,0.0054858,8.5353e-05,1.0286,-9.3503,1.5428,1.6823,4.5152,0,0.33,0.44184,-0.055871
103.98,-147.94,30.141,-1.534,0.61466,0.0055008,6.7813e-05,1.4781,-7.3613,4.7919,3.2215,2.6123,0,0.33,0.4143,-0.063978
113.16,-165.68,30.094,-1.5488,0.54724,0.0055061,6.4653e-05,1.6298,-6.8077,3.7358,2.6697,3.1457,0,0.33,0.4143,-0.055957
72.742,-102.98,30.277,-1.3883,0.47915,0.0054882,7.8826e-05,1.1045,-9.0512,4.7699,2.4769,4.6705,0,0.33,0.43037,-0.063882
103.71,-156.81,30.186,-1.4971,0.67062,0.0054971,6.7135e-05,1.3946,-7.9516,1.8946,2.3062,2.1546,0,0.33,0.4143,-0.072008
76.556,-116.76,30.312,-1.3639,0.53136,0.0054861,7.6792e-05,1.0649,-9.5139,1.3493,1.7344,4.2569,0,0.33,0.43036,-0.071916
66.295,-93.888,30.387,-1.3031,0.4798,0.0054815,8.6038e-05,0.93368,-10.182,0.28917,1.6623,3.5421,0,0.33,0.44184,-0.071935
57.384,-88.671,30.415,-1.2325,0.51856,0.0054791,9.0005e-05,0.87102,-10.716,-0.72637,1.1685,3.2176,0,0.33,0.44184,-0.080042
72.026,-115.11,30.339,-1.2991,0.57395,0.0054843,7.8128e-05,1.0155,-10.024,0.4087,1.3544,4.2087,0,0.33,0.43031,-0.080047
97.959,-151.92,30.221,-1.4269,0.72017,0.0054939,6.8299e-05,1.3046,-8.5486,1.8514,1.9714,1.811,0,0.33,0.41429,-0.080139
58.117,-86.524,30.372,-1.2582,0.61492,0.0054816,8.7513e-05,0.92915,-10.571,3.8316,2.0183,3.9493,0,0.33,0.43024,-0.08824
50.727,-71.398,30.443,-1.1964,0.56671,0.005478,9.6799e-05,0.83138,-11.104,1.7264,1.4967,3.4628,0,0.33,0.44184,-0.088182
79.004,-110.36,30.311,-1.3611,0.80231,0.0054862,7.6564e-05,1.0819,-9.7844,6.3719,3.1873,1.3039,0,0.33,0.41428,-0.096366
82.336,-118.79,30.262,-1.3803,0.76361,0.0054897,7.4542e-05,1.1737,-9.1584,5.6101,2.8317,1.5207,0,0.33,0.41428,-0.088302
51.709,-78.191,30.412,-1.2507,0.65273,0.0054791,9.1289e-05,0.86827,-11.108,4.4994,2.3932,3.2316,0,0.33,0.43018,-0.096333
92.101,-136.51,30.358,-1.3173,0.83084,0.005484,7.1843e-05,1.0407,-10.401,3.4741,2.6818,1.2792,0,0.33,0.41428,-0.10436
58.238,-97.413,30.448,-1.216,0.68265,0.0054775,8.5295e-05,0.84413,-11.602,0.65544,2.1144,2.6515,0,0.33,0.43017,-0.10435
49.854,-77.929,30.502,-1.1561,0.6295,0.0054744,9.6238e-05,0.75752,-12.009,-0.66271,1.6247,2.1421,0,0.33,0.44184,-0.10432
46.109,-73.932,30.524,-1.0829,0.6521,0.0054725,9.9871e-05,0.71073,-12.448,-1.7841,1.212,1.6869,0,0.33,0.44184,-0.11235
59.169,-98.657,30.48,-1.1451,0.70815,0.005476,8.5558e-05,0.80863,-12.08,-0.67435,2.0638,2.4379,0,0.33,0.4302,-0.11236
97.781,-141.52,30.399,-1.2451,0.85835,0.0054819,7.067e-05,0.98594,-11.016,3.2702,2.2785,1.4258,0,0.33,0.4143,-0.11234
47.924,-79.717,30.515,-1.0911,0.73175,0.0054741,9.6176e-05,0.74919,-12.558,1.695,2.4782,2.2247,0,0.33,0.43022,-0.12037
36.53,-60.677,30.557,-1.0316,0.68423,0.0054717,0.00010972,0.68097,-12.84,-0.22474,1.4152,1.7014,0,0.33,0.44184,-0.12039
94.365,-132.62,30.474,-1.153,0.91605,0.0054767,7.1816e-05,0.84877,-12.219,5.046,1.9522,2.4218,0,0.33,0.41432,-0.12831
85.083,-119.26,30.438,-1.1917,0.88718,0.0054791,7.4729e-05,0.9029,-11.63,5.866,2.0237,1.808,0,0.33,0.41431,-0.12033
51.928,-83.692,30.552,-1.0586,0.753,0.0054725,9.5307e-05,0.71339,-13.02,1.7559,3.0636,1.6169,0,0.33,0.43024,-0.12836
121.68,-170.5,30.511,-1.0794,0.93763,0.0054752,6.4612e-05,0.82768,-12.781,1.5327,2.3612,3.0574,0,0.33,0.41432,-0.1363
68.464,-106.72,30.595,-0.9984,0.768,0.0054716,8.3287e-05,0.70645,-13.453,-1.1348,3.8357,1.1904,0,0.33,0.43024,-0.13635
50.723,-74.5,30.609,-0.94751,0.71239,0.0054695,0.00010012,0.64259,-13.62,-2.4283,3.2325,-0.33544,0,0.33,0.44184,-0.13637
44.77,-66.841,30.639,-0.87069,0.71405,0.0054683,0.00010575,0.61233,-13.955,-2.2587,3.0424,-0.1316,0,0.33,0.44184,-0.14435
60.583,-97.305,30.644,-0.91347,0.77333,0.0054708,8.6106e-05,0.68303,-13.865,-0.65926,3.6673,1.6923,0,0.33,0.43025,-0.14433
108.59,-152.78,30.552,-0.98187,0.95034,0.0054736,6.7985e-05,0.7781,-13.321,2.6102,2.3629,3.8674,0,0.33,0.41433,-0.14428
32.598,-54.6,30.682,-0.85815,0.77309,0.0054693,0.00011405,0.62896,-14.258,4.3419,1.7759,2.109,0,0.33,0.43025,-0.15233
26.255,-41.616,30.696,-0.81011,0.7156,0.0054678,0.00013298,0.58577,-14.318,1.407,1.5611,0.15933,0,0.33,0.44184,-0.15234
64.3,-85.595,30.615,-0.8996,0.97043,0.0054696,8.3346e-05,0.65651,-14.31,7.6474,1.222,3.9235,0,0.33,0.41432,-0.16027
66.232,-90.936,30.588,-0.92332,0.96213,0.0054713,8.1632e-05,0.69786,-13.837,7.54,1.6036,4.355,0,0.33,0.41433,-0.15227
29.591,-48.667,30.699,-0.84812,0.77461,0.0054678,0.00011974,0.59521,-14.622,5.1878,0.66413,1.4961,0,0.33,0.43024,-0.16035
105.04,-139.61,30.643,-0.84022,0.96567,0.0054689,7.0842e-05,0.65972,-14.746,3.0991,1.4511,3.4141,0,0.33,0.4143,-0.16832
61.072,-95.42,30.718,-0.8024,0.76679,0.0054672,9.0654e-05,0.60426,-14.95,-0.41941,1.4343,0.94185,0,0.33,0.43022,-0.16839
39.579,-61.509,30.718,-0.75768,0.7081,0.0054658,0.00011201,0.55782,-14.919,-2.7081,1.3761,-1.0801,0,0.33,0.44184,-0.16836
40.335,-61.752,30.725,-0.6703,0.70731,0.0054651,0.00011063,0.5447,-15.138,-3.9801,1.2919,-0.84055,0,0.33,0.44184,-0.17639
65.682,-99.555,30.746,-0.70181,0.75746,0.0054669,8.5634e-05,0.60045,-15.26,-1.8113,1.2252,1.2271,0,0.33,0.43017,-0.17649
102.08,-133.07,30.672,-0.74231,0.9567,0.0054681,7.3113e-05,0.63878,-15.161,3.0013,0.89359,3.4203,0,0.33,0.41424,-0.17652
32.977,-52.741,30.76,-0.63647,0.7427,0.0054658,0.00012218,0.55977,-15.537,4.0715,-1.0483,1.5734,0,0.33,0.43011,-0.18462
20.212,-33.352,30.764,-0.59826,0.68047,0.0054647,0.00014889,0.52595,-15.423,0.95793,-0.79432,-0.39909,0,0.33,0.44184,-0.18445
54.181,-69.644,30.692,-0.66126,0.94638,0.0054652,9.2172e-05,0.55414,-15.889,7.297,-0.72407,2.8708,0,0.33,0.41401,-0.19311
51.237,-70.37,30.689,-0.68439,0.95313,0.0054666,9.1545e-05,0.58369,-15.555,7.535,-0.55441,3.4995,0,0.33,0.41414,-0.18484
35.365,-42.301,30.747,-0.62465,0.73538,0.0054647,0.00013966,0.53501,-15.748,6.207,-2.3912,1.1526,0,0.33,0.43005,-0.19277
70.717,-106.81,30.766,-0.37738,1.2635,0.0054705,7.8432e-05,0.67443,-18.556,5.5919,-2.1905,3.6608,0,0.33,0.35019,-0.2171
57.071,-88.628,30.73,-0.34099,1.4462,0.0054717,8.7597e-05,0.70183,-19.236,0.18923,-3.8282,0.38406,0,0.33,0.33416,-0.21711
114.74,-169.56,30.755,-0.45071,1.3177,0.0054719,6.4382e-05,0.72174,-18.093,2.6877,0.6085,2.5927,0,0.33,0.3502,-0.20913
83.68,-121.54,30.733,-0.39822,1.5153,0.0054732,7.8956e-05,0.73963,-18.759,-1.6631,-0.84991,0.15648,0,0.33,0.33416,-0.20914
18.864,-21.632,30.763,-0.45907,1.0389,0.0054667,0.00014342,0.57193,-17.453,-5.748,-2.0613,-2.7619,0,0.33,0.38202,-0.21711
51.248,-65.255,30.813,-0.41645,1.0541,0.0054694,0.00010265,0.63182,-17.968,0.043055,-0.75417,0.80143,0,0.33,0.36613,-0.2171
24.454,-27.104,30.755,-0.51888,1.0852,0.0054675,0.00012961,0.58992,-17.14,-9.137,0.85085,-2.1905,0,0.33,0.38202,-0.20914
78.227,-108.11,30.791,-0.49239,1.1064,0.0054706,8.1424e-05,0.6698,-17.565,-3.2495,1.9493,0.58685,0,0.33,0.36614,-0.20913
0.76724,31.062,30.686,-0.71447,1.1533,0.0054697,0.00013302,0.65766,-16.433,-15.265,-0.74605,-7.7209,0,0.33,0.38203,-0.19318
1.6446,-4.9091,30.63,-0.70031,1.2187,0.0054665,0.00013246,0.58118,-16.287,-3.9292,-0.41475,-1.902,0,0.33,0.39002,-0.19317
-63.093,101.89,30.698,-0.67527,1.1384,0.0054685,0.00012683,0.62139,-16.663,-22.873,2.7888,-7.9207,0,0.33,0.38203,-0.19717
2.6164,9.8666,30.641,-0.66904,1.2154,0.0054656,0.0001176,0.55853,-16.475,-8.9237,1.8347,-2.3082,0,0.33,0.38999,-0.19719
63.001,-85.721,30.659,-0.647,1.1301,0.0054653,8.646e-05,0.55701,-16.28,4.4787,1.3273,2.4039,0,0.33,0.398,-0.19723
33.494,-58.437,30.658,-0.65906,1.1143,0.0054657,9.8933e-05,0.56473,-16.072,6.9022,-0.088176,2.8592,0,0.33,0.39804,-0.19322
14.464,7.961,30.658,-0.62514,1.2098,0.0054652,0.00011318,0.54295,-16.625,-10.965,2.2341,-2.6466,0,0.33,0.38998,-0.20117
-39.044,58.424,30.726,-0.60562,1.1124,0.0054678,0.00011707,0.59846,-16.851,-18.552,3.3066,-5.2185,0,0.33,0.38202,-0.20116
66.248,-75.381,30.683,-0.60062,1.1056,0.0054649,9.4774e-05,0.54705,-16.424,-0.42522,1.5995,0.79879,0,0.33,0.39798,-0.20121
88.309,-128.78,30.704,-0.60245,0.94018,0.0054647,7.5752e-05,0.55921,-16.197,3.0491,0.61229,1.869,0,0.33,0.41393,-0.20119
63.767,-100.84,30.737,-0.59229,0.72294,0.0054642,0.00010229,0.54446,-15.932,1.8129,-1.0839,0.3655,0,0.33,0.42996,-0.20095
64.83,-121.85,30.744,-0.51983,0.68727,0.0054639,8.9791e-05,0.53867,-15.988,-1.0356,-0.0098561,-0.0643,0,0.33,0.42992,-0.20902
37.315,-66.521,30.715,-0.51235,0.65749,0.0054622,0.00012151,0.48629,-15.72,-1.8622,-0.14176,-0.72206,0,0.33,0.44184,-0.20875
32.842,-52.804,30.734,-0.57634,0.64591,0.0054632,0.00013843,0.50953,-15.711,0.35643,-1.3863,-0.90171,0,0.33,0.44184,-0.20067
61.812,-114.94,30.727,-0.51216,0.91639,0.0054645,8.4586e-05,0.55661,-16.392,2.5437,-0.024528,1.3921,0,0.33,0.41391,-0.20919
17.661,-33.78,30.701,-0.48764,1.0626,0.0054643,0.00012397,0.53772,-16.972,2.2026,-3.3691,-0.34455,0,0.33,0.39793,-0.21714
31.811,-47.2,30.705,-0.52868,1.0978,0.0054648,0.0001219,0.54773,-16.743,-2.2581,-0.28292,-0.40898,0,0.33,0.39794,-0.20917
18.251,-44.045,30.725,-0.45961,0.89567,0.0054641,0.00010148,0.54001,-16.554,7.1142,-3.1299,1.8694,0,0.33,0.41389,-0.21718
71.633,-137.48,30.139,-1.5063,-0.06395,0.0055038,7.1916e-05,1.5122,-6.898,-0.027471,0.58017,-6.5372,0,0.33,0.43036,0.0079762
51.34,-105.12,30.248,-1.4187,0.030533,0.0054934,8.1836e-05,1.2132,-8.1709,-0.42847,0.55665,4.9953,0,0.33,0.44184,0
56.881,-108.77,30.241,-1.4285,-0.050709,0.005495,8.0239e-05,1.259,-7.899,-0.16569,0.46212,-5.3009,0,0.33,0.44184,0.007976
69.057,-127.63,30.153,-1.4708,-0.19633,0.0055011,7.3825e-05,1.4365,-7.187,1.8128,0.96843,-6.3886,0,0.33,0.43037,0.023926
63.705,-118.72,30.175,-1.4818,-0.25567,0.0054981,7.6e-05,1.3592,-7.4474,4.0128,1.9172,-5.919,0,0.33,0.43037,0.031902
55.801,-101.1,30.254,-1.3935,-0.18097,0.0054931,8.2229e-05,1.2069,-8.146,1.1407,0.74648,-5.3023,0,0.33,0.44184,0.023926
51.193,-94.697,30.281,-1.3913,-0.22725,0.0054894,8.5134e-05,1.1162,-8.6274,2.6808,1.3951,-4.4864,0,0.33,0.44184,0.031902
68.065,-127.96,30.201,-1.477,-0.31278,0.0054958,7.4499e-05,1.3142,-7.7397,1.2903,1.4589,-5.4572,0,0.33,0.43038,0.039879
53.676,-101.68,30.292,-1.4041,-0.27448,0.005489,8.308e-05,1.1178,-8.6285,0.59972,1.325,-4.5045,0,0.33,0.44184,0.03988
73.547,-114.32,30.241,-1.389,-0.41852,0.0054914,7.6529e-05,1.1862,-8.553,3.2095,1.9644,-5.2549,0,0.33,0.43038,0.055873
72.742,-102.98,30.277,-1.3883,-0.47915,0.0054882,7.8826e-05,1.1045,-9.0512,4.7699,2.4769,-4.6705,0,0.33,0.43037,0.063882
61.12,-90.083,30.329,-1.3191,-0.37894,0.0054858,8.5353e-05,1.0286,-9.3503,1.5428,1.6823,-4.5152,0,0.33,0.44184,0.055871
61.45,-82.867,30.362,-1.3101,-0.43049,0.0054822,8.9051e-05,0.94,-9.939,2.8767,1.9407,-3.5621,0,0.33,0.44184,0.063888
76.556,-116.76,30.312,-1.3639,-0.53136,0.0054861,7.6792e-05,1.0649,-9.5139,1.3493,1.7344,-4.2569,0,0.33,0.43036,0.071916
66.295,-93.888,30.387,-1.3031,-0.4798,0.0054815,8.6038e-05,0.93368,-10.182,0.28917,1.6623,-3.5421,0,0.33,0.44184,0.071935
58.117,-86.524,30.372,-1.2582,-0.61492,0.0054816,8.7513e-05,0.92915,-10.571,3.8316,2.0183,-3.9493,0,0.33,0.43024,0.08824
51.709,-78.191,30.412,-1.2507,-0.65273,0.0054791,9.1289e-05,0.86827,-11.108,4.4994,2.3932,-3.2316,0,0.33,0.43018,0.096333
50.727,-71.398,30.443,-1.1964,-0.56671,0.005478,9.6799e-05,0.83138,-11.104,1.7264,1.4967,-3.4628,0,0.33,0.44184,0.088182
43.951,-64.535,30.472,-1.1794,-0.59514,0.0054751,0.00010268,0.76289,-11.635,2.3338,1.5851,-2.3932,0,0.33,0.44184,0.096274
58.238,-97.413,30.448,-1.216,-0.68265,0.0054775,8.5295e-05,0.84413,-11.602,0.65544,2.1144,-2.6515,0,0.33,0.43017,0.10435
49.854,-77.929,30.502,-1.1561,-0.6295,0.0054744,9.6238e-05,0.75752,-12.009,-0.66271,1.6247,-2.1421,0,0.33,0.44184,0.10432
47.924,-79.717,30.515,-1.0911,-0.73175,0.0054741,9.6176e-05,0.74919,-12.558,1.695,2.4782,-2.2247,0,0.33,0.43022,0.12037
51.928,-83.692,30.552,-1.0586,-0.753,0.0054725,9.5307e-05,0.71339,-13.02,1.7559,3.0636,-1.6169,0,0.33,0.43024,0.12836
36.53,-60.677,30.557,-1.0316,-0.68423,0.0054717,0.00010972,0.68097,-12.84,-0.22474,1.4152,-1.7014,0,0.33,0.44184,0.12039
37.215,-58.937,30.569,-0.99765,-0.69634,0.0054697,0.0001133,0.63782,-13.243,0.042554,1.7182,-0.51182,0,0.33,0.44184,0.12839
68.464,-106.72,30.595,-0.9984,-0.768,0.0054716,8.3287e-05,0.70645,-13.453,-1.1348,3.8357,-1.1904,0,0.33,0.43024,0.13635
50.723,-74.5,30.609,-0.94751,-0.71239,0.0054695,0.00010012,0.64259,-13.62,-2.4283,3.2325,0.33544,0,0.33,0.44184,0.13637
32.598,-54.6,30.682,-0.85815,-0.77309,0.0054693,0.00011405,0.62896,-14.258,4.3419,1.7759,-2.109,0,0.33,0.43025,0.15233
29.591,-48.667,30.699,-0.84812,-0.77461,0.0054678,0.00011974,0.59521,-14.622,5.1878,0.66413,-1.4961,0,0.33,0.43024,0.16035
26.255,-41.616,30.696,-0.81011,-0.7156,0.0054678,0.00013298,0.58577,-14.318,1.407,1.5611,-0.15933,0,0.33,0.44184,0.15234
22.161,-34.464,30.686,-0.79852,-0.71673,0.005466,0.00014203,0.54589,-14.595,1.9442,0.44535,0.48183,0,0.33,0.44184,0.16035
61.072,-95.42,30.718,-0.8024,-0.76679,0.0054672,9.0654e-05,0.60426,-14.95,-0.41941,1.4343,-0.94185,0,0.33,0.43022,0.16839
39.579,-61.509,30.718,-0.75768,-0.7081,0.0054658,0.00011201,0.55782,-14.919,-2.7081,1.3761,1.0801,0,0.33,0.44184,0.16836
32.977,-52.741,30.76,-0.63647,-0.7427,0.0054658,0.00012218,0.55977,-15.537,4.0715,-1.0483,-1.5734,0,0.33,0.43011,0.18462
35.365,-42.301,30.747,-0.62465,-0.73538,0.0054647,0.00013966,0.53501,-15.748,6.207,-2.3912,-1.1526,0,0.33,0.43005,0.19277
20.212,-33.352,30.764,-0.59826,-0.68047,0.0054647,0.00014889,0.52595,-15.423,0.95793,-0.79432,0.39909,0,0.33,0.44184,0.18445
17.297,-19.28,30.729,-0.59386,-0.68149,0.0054633,0.00017622,0.49375,-15.529,3.3515,-2.0302,0.56688,0,0.33,0.44184,0.19254
32.842,-52.804,30.734,-0.57634,-0.64591,0.0054632,0.00013843,0.50953,-15.711,0.35643,-1.3863,0.90171,0,0.33,0.44184,0.20067
63.767,-100.84,30.737,-0.59229,-0.72294,0.0054642,0.00010229,0.54446,-15.932,1.8129,-1.0839,-0.3655,0,0.33,0.42996,0.20095
1297.8,-1536,28.782,-3.2914,-0.28619,0.015255,0.00022574,65.336,14.916,2.505,3.6919,-5.1631,0,0.33,0.33456,0.0079753
1297.9,-1538.6,28.757,-3.2902,-0.14438,0.016191,0.00023206,67.157,15.057,3.4945,4.336,-5.3434,0,0.33,0.33456,0.0039907
1678.1,-1979.3,28.602,-3.5643,-0.32608,0.038575,0.00034074,106.88,17.988,2.6036,4.3151,-7.7061,0,0.33,0.32663,0.0079752
1679.9,-1989.6,28.574,-3.5653,-0.16462,0.041802,0.00035843,109.88,18.155,3.4711,4.6381,-8.1814,0,0.33,0.32663,0.0039907
2220.9,-2638.1,28.325,-3.8659,0.098407,0.10813,0.0005819,177.9,21.56,3.0846,4.2436,14.064,0,0.33,0.31869,0
2182,-2612.1,28.344,-3.8714,-0.18805,0.10243,0.00056261,174.18,21.485,3.5632,5.5477,-13.56,0,0.33,0.31869,0.0039907
1708.2,-2008.6,28.557,-3.5586,0.086485,0.044092,0.00036931,112.57,18.218,3.0607,3.7345,8.3816,0,0.33,0.32663,0
2188.7,-2598.5,28.378,-3.8681,-0.37261,0.093366,0.00052725,169.74,21.29,2.9945,5.7081,-12.463,0,0.33,0.31869,0.0079751
1317.3,-1550.4,28.741,-3.2827,0.076443,0.016958,0.00023662,68.844,15.111,3.0396,3.599,5.4195,0,0.33,0.33456,0
353.17,-502.07,29.48,-2.291,-0.14667,0.0057843,6.7074e-05,10.073,2.7059,1.4945,3.1362,-6.0169,0,0.33,0.37452,0.0079757
342.88,-494.17,29.46,-2.2875,-0.074404,0.0057951,6.9593e-05,10.286,2.7693,2.8014,3.5364,-6.1979,0,0.33,0.37452,0.0039913
461.33,-626.43,29.354,-2.4494,-0.16862,0.0059627,0.00010576,14.383,4.7271,1.6593,3.1578,-5.8128,0,0.33,0.36659,0.0079757
452.5,-619.25,29.332,-2.4458,-0.085477,0.0059812,0.00011053,14.702,4.8017,2.8731,3.9307,-5.9256,0,0.33,0.36659,0.0039913
257.42,-392.97,29.572,-2.1406,0.051755,0.0056824,5.2e-05,7.0995,0.92988,2.2921,1.7707,6.7353,0,0.33,0.38245,0
352.81,-501.88,29.449,-2.2797,0.053951,0.0057996,7.0048e-05,10.367,2.7967,2.2101,2.4838,6.5222,0,0.33,0.37452,0
254.66,-391.17,29.58,-2.1483,-0.063476,0.0056808,5.1882e-05,7.0837,0.90693,2.6505,2.9978,-6.3503,0,0.33,0.38246,0.0039914
268.51,-403.04,29.599,-2.151,-0.12628,0.0056749,5.0509e-05,6.9611,0.85298,1.2365,3.0985,-6.1097,0,0.33,0.38246,0.0079758
464.79,-627.54,29.319,-2.4381,0.05566,0.0059915,0.00011239,14.872,4.8334,2.1927,3.0309,6.1573,0,0.33,0.36658,0
1254,-1456.6,28.889,-3.1804,-0.83905,0.01491,0.00021796,66.271,13.504,4.5056,6.4011,-3.6045,0,0.33,0.33457,0.023924
1615.3,-1869.6,28.733,-3.4317,-0.95335,0.036168,0.0003114,110.35,16.342,4.389,7.6191,-5.4092,0,0.33,0.32664,0.023924
1217.1,-1406.6,28.938,-3.1433,-0.96824,0.014323,0.00021284,65.397,12.956,5.0782,7.474,-3.0831,0,0.33,0.33457,0.027911
1569,-1807.5,28.79,-3.3834,-1.0985,0.034412,0.00029798,109.76,15.705,4.783,8.9444,-4.6876,0,0.33,0.32664,0.027911
1986.8,-2301.3,28.687,-3.5739,-1.4092,0.075748,0.00041268,175.96,17.791,5.0205,11.84,-7.0689,0,0.33,0.3187,0.031898
1526.8,-1747.5,28.854,-3.326,-1.2357,0.031737,0.00028033,107.56,14.988,4.474,9.7526,-3.787,0,0.33,0.32664,0.031898
2054.6,-2388.5,28.61,-3.6464,-1.2546,0.08082,0.0004367,177.84,18.625,5.2065,10.729,-8.0475,0,0.33,0.3187,0.027911
1184.5,-1363.1,28.991,-3.0982,-1.0906,0.013378,0.00020539,63.65,12.338,4.6052,7.8653,-2.3962,0,0.33,0.33457,0.031899
2120.1,-2468.2,28.543,-3.7085,-1.0902,0.084265,0.00045735,177.28,19.368,4.905,9.1622,-8.9054,0,0.33,0.3187,0.023923
350.35,-492.08,29.526,-2.2325,-0.43828,0.0057464,5.9002e-05,9.1304,2.0316,5.3754,3.4344,-5.666,0,0.33,0.37453,0.023925
449.91,-603.98,29.407,-2.386,-0.50183,0.0059096,9.2769e-05,13.254,3.949,5.3274,3.9253,-5.3334,0,0.33,0.36659,0.023925
345.68,-474.22,29.553,-2.2275,-0.5113,0.0057282,5.5363e-05,8.6207,1.7674,8.2168,5.0678,-5.3748,0,0.33,0.37453,0.027913
435.27,-578.76,29.438,-2.3784,-0.58332,0.0058829,8.6365e-05,12.618,3.645,7.5823,5.3767,-5.1333,0,0.33,0.3666,0.027913
257.05,-369.16,29.693,-2.0948,-0.50399,0.0056256,4.56e-05,5.531,-0.2246,8.6584,5.0978,-5.1531,0,0.33,0.38247,0.031901
271.5,-385.58,29.662,-2.0897,-0.44274,0.0056383,4.5929e-05,5.9093,0.038304,8.1507,4.567,-5.453,0,0.33,0.38246,0.027913
327.29,-457.53,29.587,-2.2274,-0.57996,0.0057085,5.2579e-05,8.0877,1.4662,7.8402,5.2426,-5.2225,0,0.33,0.37453,0.0319
269.43,-399.62,29.638,-2.0951,-0.37808,0.00565,4.7252e-05,6.2691,0.26838,4.7795,2.9344,-5.8216,0,0.33,0.38246,0.023925
411.86,-558.72,29.474,-2.3711,-0.65955,0.0058534,8.0236e-05,11.936,3.2993,6.8014,5.2298,-5.0869,0,0.33,0.3666,0.0319
1144.4,-1283.8,29.108,-2.981,-1.3167,0.010937,0.00018904,57.553,10.918,4.1976,8.643,-0.38196,0,0.33,0.33458,0.039874
1165.5,-1327,29.048,-3.0431,-1.2067,0.012189,0.00019675,61.022,11.657,4.1105,8.1384,-1.4592,0,0.33,0.33458,0.035886
1449.2,-1621,28.997,-3.1852,-1.4868,0.024772,0.00023966,98.063,13.343,4.2095,10.899,-1.5494,0,0.33,0.32664,0.039873
1491.8,-1689,28.923,-3.2591,-1.3652,0.028399,0.00026008,103.64,14.198,4.1791,10.375,-2.693,0,0.33,0.32664,0.035885
1915.9,-2205.3,28.77,-3.4915,-1.5535,0.06922,0.00038636,171.22,16.874,4.8185,12.61,-5.9839,0,0.33,0.3187,0.035885
1829.9,-2094,28.859,-3.402,-1.6869,0.061501,0.00035859,163.41,15.883,4.7431,12.956,-4.9203,0,0.33,0.31871,0.039873
340.37,-481.51,29.646,-2.1809,-0.70751,0.0056747,4.6923e-05,7.2067,0.77014,3.5865,3.2042,-5.2481,0,0.33,0.37454,0.039876
330.94,-469.52,29.619,-2.2118,-0.64552,0.0056915,4.9832e-05,7.6561,1.1352,4.8635,4.0552,-5.2372,0,0.33,0.37454,0.035888
413.28,-564.62,29.535,-2.3148,-0.80116,0.0057956,6.7074e-05,10.611,2.4988,3.5986,3.3491,-5.0171,0,0.33,0.3666,0.039876
411.27,-563.26,29.506,-2.349,-0.73216,0.0058254,7.3893e-05,11.311,2.9178,4.3995,4.0021,-5.0966,0,0.33,0.3666,0.035888
265.13,-387.87,29.723,-2.0857,-0.56265,0.0056155,4.4674e-05,5.2674,-0.51088,5.2368,4.1086,-5.06,0,0.33,0.38247,0.035888
282.74,-411.58,29.749,-2.0562,-0.61767,0.0056066,4.3263e-05,5.0312,-0.82864,3.2879,3.1507,-5.0338,0,0.33,0.38247,0.039876
962.36,-1055.4,29.382,-2.6943,-1.6929,0.0075549,0.0001993,39.084,7.4363,4.9186,7.6724,2.148,0,0.33,0.33459,0.056097
1156.6,-1294.2,29.31,-2.8447,-1.8921,0.012103,0.00018518,64.275,9.3589,3.5208,7.759,0.59323,0,0.33,0.32664,0.056079
909.8,-1009.8,29.447,-2.6133,-1.7684,0.0070998,0.00020698,34.224,6.4744,4.2906,6.3923,2.1196,0,0.33,0.33457,0.060249
1083.6,-1227.9,29.378,-2.7489,-1.9713,0.0099094,0.00018178,54.639,8.2768,2.4183,5.9864,0.41124,0,0.33,0.3266,0.060171
1181.4,-1402.1,29.346,-2.7633,-2.263,0.013704,0.00018741,71.477,8.8364,-0.35966,2.8763,-3.6308,0,0.33,0.31853,0.064176
1012.7,-1165.8,29.44,-2.6481,-2.0403,0.0083756,0.00018635,45.765,7.1778,1.3681,4.1181,-0.096157,0,0.33,0.32655,0.064175
1280.7,-1501.5,29.283,-2.8817,-2.1943,0.018962,0.00020773,87.892,10.084,0.84632,5.173,-3.1636,0,0.33,0.3186,0.060134
861.29,-970.84,29.508,-2.5271,-1.8346,0.0067439,0.0002005,29.617,5.5001,3.4933,5.0417,1.8735,0,0.33,0.33454,0.064335
1377.8,-1599.2,29.211,-2.9954,-2.114,0.026113,0.00023617,105.6,11.315,2.4526,7.4692,-3.0037,0,0.33,0.31868,0.056056
294.83,-406.73,29.78,-2.0625,-0.94597,0.0055993,4.2246e-05,4.8546,-0.98257,7.4845,5.7355,-4.5922,0,0.33,0.37449,0.056059
344.18,-466.6,29.683,-2.1762,-1.0563,0.0056641,4.5575e-05,6.9629,0.49678,6.7845,5.8072,-4.2282,0,0.33,0.36654,0.05608
277.27,-386.25,29.821,-2.0387,-1.0001,0.0055842,4.2948e-05,4.3622,-1.4766,7.0079,5.2658,-4.5412,0,0.33,0.37441,0.060159
324.74,-444.64,29.727,-2.1438,-1.1122,0.0056383,4.3688e-05,6.1744,-0.065974,6.1621,5.2233,-4.1408,0,0.33,0.36641,0.060234
249.82,-342.5,29.944,-1.9071,-0.939,0.0055461,4.5056e-05,3.0847,-3.2391,7.0518,4.4084,-3.6881,0,0.33,0.38244,0.064085
260.56,-346.6,29.907,-1.9284,-0.89134,0.0055537,4.4387e-05,3.3248,-2.7929,8.9535,5.295,-3.7392,0,0.33,0.38242,0.060091
265.23,-379.58,29.859,-2.0088,-1.0475,0.0055724,4.3529e-05,3.9954,-1.9876,4.7939,4.2093,-4.5291,0,0.33,0.37445,0.064152
270.76,-364.1,29.868,-1.9468,-0.83834,0.0055635,4.3521e-05,3.6515,-2.3599,8.6227,5.5092,-3.9316,0,0.33,0.38245,0.056031
313.2,-436.35,29.767,-2.1042,-1.1603,0.0056176,4.2655e-05,5.5458,-0.65092,4.3751,4.2202,-4.0128,0,0.33,0.36642,0.064269
734.44,-857.96,29.613,-2.3469,-1.938,0.0062491,0.00016712,21.465,3.5105,3.7998,2.6007,0.65874,0,0.33,0.33456,0.072425
801.43,-920.25,29.563,-2.4368,-1.8907,0.0064652,0.00018937,25.318,4.5105,3.3013,3.6776,1.341,0,0.33,0.33455,0.06839
850.33,-1014.6,29.545,-2.4382,-2.147,0.0068409,0.00020476,31.473,4.9184,1.5348,1.2699,-1.705,0,0.33,0.32656,0.072332
931.73,-1093.5,29.495,-2.543,-2.0985,0.0074134,0.00020059,37.988,6.0533,1.0991,2.3944,-0.88883,0,0.33,0.32654,0.068232
1076.9,-1294.9,29.401,-2.6426,-2.3205,0.01027,0.00017873,57.311,7.5693,-0.70103,1.0865,-4.2118,0,0.33,0.31848,0.068267
977.67,-1187.8,29.45,-2.5235,-2.3679,0.008305,0.00018342,45.942,6.2988,-0.40652,0.17345,-4.6434,0,0.33,0.31847,0.072345
257.46,-373.44,29.925,-1.9161,-1.1284,0.0055539,4.4133e-05,3.3907,-3.0756,1.7637,2.7458,-4.565,0,0.33,0.37453,0.072179
264.13,-383.47,29.893,-1.9661,-1.0886,0.0055627,4.3566e-05,3.6919,-2.5199,2.3459,3.2399,-4.5287,0,0.33,0.37451,0.068089
292.38,-409.89,29.84,-2.0004,-1.2398,0.0055854,4.2719e-05,4.5009,-1.8846,2.779,2.9658,-3.7799,0,0.33,0.36655,0.072292
306.76,-431.34,29.805,-2.0543,-1.2011,0.0056003,4.2132e-05,5.0032,-1.2595,2.8022,3.3915,-3.8726,0,0.33,0.36652,0.068206
258.46,-362.17,29.977,-1.8712,-0.98085,0.0055401,4.4473e-05,2.9065,-3.7024,3.9987,3.3451,-3.7453,0,0.33,0.38247,0.068049
266.12,-371.77,30.007,-1.8233,-1.0209,0.0055346,4.4045e-05,2.7311,-4.1903,2.9634,2.6369,-3.838,0,0.33,0.38248,0.072102
536.88,-660.97,29.799,-2.018,-2.0552,0.0057815,5.9211e-05,10.884,-0.46547,6.6541,2.1377,-1.1817,0,0.33,0.33456,0.088451
598.63,-756.1,29.734,-2.058,-2.2652,0.0059492,9.3856e-05,15.211,0.47203,4.7597,1.6946,-3.7539,0,0.33,0.32657,0.088474
510.13,-632.22,29.846,-1.9414,-2.0694,0.0057253,4.8722e-05,9.2505,-1.4467,7.0905,2.2016,-1.4411,0,0.33,0.33453,0.092562
551.73,-704.25,29.783,-1.9729,-2.2794,0.00585,7.1137e-05,12.69,-0.6147,5.5211,1.716,-4.0992,0,0.33,0.32654,0.092619
511.37,-684.22,29.75,-1.9139,-2.4853,0.0059243,8.7948e-05,14.357,-1.0034,2.6546,1.3493,-5.8714,0,0.33,0.31853,0.096588
506.98,-654.61,29.832,-1.8918,-2.2883,0.0057723,5.5286e-05,10.528,-1.6798,6.1247,1.7195,-4.4019,0,0.33,0.32653,0.096723
575.72,-753.52,29.7,-2.0023,-2.4827,0.0060508,0.00011828,17.425,0.16377,2.5141,1.3291,-5.7153,0,0.33,0.3185,0.092494
486,-604.08,29.892,-1.8665,-2.0789,0.0056815,4.23e-05,7.8779,-2.4088,7.5877,2.291,-1.6543,0,0.33,0.3345,0.09667
645.4,-829.29,29.649,-2.0954,-2.4729,0.0062122,0.00015942,20.994,1.3584,2.0934,1.3039,-5.5128,0,0.33,0.31852,0.088407
169.94,-253.11,30.06,-1.7594,-1.2728,0.0055253,5.2737e-05,2.3321,-5.348,3.805,3.3067,-4.3694,0,0.33,0.37448,0.088575
191.03,-282.73,29.986,-1.8232,-1.3662,0.0055436,5.0506e-05,2.9802,-4.4094,3.7884,3.3732,-3.7198,0,0.33,0.36652,0.088593
148.93,-232.99,30.092,-1.7261,-1.3001,0.0055205,5.5247e-05,2.1716,-5.917,1.6998,2.3456,-4.1443,0,0.33,0.37448,0.092598
181.53,-275.62,30.021,-1.7807,-1.3866,0.0055373,5.1518e-05,2.7676,-5.0395,1.671,2.9392,-3.6325,0,0.33,0.36652,0.092587
157.12,-222.04,30.179,-1.6172,-1.2401,0.0055064,5.5706e-05,1.7455,-7.2156,4.5575,-0.050045,-3.3135,0,0.33,0.38244,0.096698
175.83,-234.94,30.157,-1.6481,-1.2112,0.0055096,5.3556e-05,1.843,-6.7067,7.0594,1.4576,-3.4699,0,0.33,0.38246,0.092599
133.82,-218.78,30.119,-1.6846,-1.3216,0.0055166,5.7186e-05,2.0461,-6.4842,-1.2094,1.3417,-3.6439,0,0.33,0.37448,0.096622
200.32,-258.46,30.129,-1.6728,-1.1769,0.0055135,5.091e-05,1.9734,-6.1962,8.0785,2.7715,-3.5651,0,0.33,0.38248,0.088498
181.33,-275.96,30.054,-1.7301,-1.4019,0.005532,5.1766e-05,2.5972,-5.666,-0.72138,2.6079,-3.3088,0,0.33,0.36652,0.096579
420.44,-521.28,29.982,-1.7306,-2.0878,0.0056187,3.8302e-05,5.7342,-4.2388,9.5703,2.6004,-1.925,0,0.33,0.33452,0.10462
455.16,-566.31,29.938,-1.7956,-2.0847,0.0056467,3.9125e-05,6.7129,-3.3391,8.4633,2.4021,-1.8189,0,0.33,0.3345,0.10068
416.24,-552.36,29.925,-1.7465,-2.2936,0.0056655,4.0634e-05,7.1953,-3.7005,7.1991,2.0492,-4.9551,0,0.33,0.32654,0.10473
459.68,-601.82,29.879,-1.8161,-2.2928,0.0057119,4.5546e-05,8.6975,-2.7084,6.7916,1.7799,-4.7071,0,0.33,0.32653,0.10074
453.16,-620.06,29.8,-1.831,-2.4825,0.0058266,6.6814e-05,11.783,-2.1318,2.6093,1.5195,-5.974,0,0.33,0.31855,0.10064
408.56,-569.42,29.849,-1.7529,-2.4744,0.0057524,5.3225e-05,9.6771,-3.2251,2.0002,2.04,-5.9356,0,0.33,0.31857,0.10466
108.43,-177.42,30.165,-1.5834,-1.3484,0.0055093,6.3638e-05,1.7942,-7.5986,-3.168,1.133,-2.0447,0,0.33,0.37448,0.10461
122.65,-202.27,30.142,-1.6347,-1.3371,0.005513,5.9431e-05,1.9257,-7.0446,-3.169,0.82548,-2.9073,0,0.33,0.37448,0.10062
164.01,-246.36,30.118,-1.6163,-1.4213,0.0055225,5.5175e-05,2.2581,-6.8955,-1.0919,2.7943,-2.4759,0,0.33,0.3665,0.10454
178.42,-268.6,30.086,-1.6729,-1.413,0.0055272,5.2625e-05,2.4328,-6.2844,-1.8256,2.5503,-2.8551,0,0.33,0.36652,0.10056
150.29,-217.03,30.194,-1.5772,-1.2621,0.0055035,5.7093e-05,1.656,-7.7197,2.0857,-1.0984,-3.1449,0,0.33,0.38244,0.10071
139.44,-201.27,30.208,-1.5318,-1.28,0.0055005,5.9872e-05,1.5538,-8.2214,1.4485,-1.1304,-2.8765,0,0.33,0.38244,0.1047
410.5,-518.46,30.185,-1.4759,-2.0697,0.0055524,3.7242e-05,3.421,-7.77,5.361,4.932,-1.6107,0,0.33,0.33444,0.12126
368.57,-508.94,30.128,-1.4632,-2.2512,0.0055658,3.7847e-05,3.8398,-7.5174,0.88556,3.882,-4.8323,0,0.33,0.3265,0.12121
407.82,-520.27,30.236,-1.4011,-2.0544,0.0055432,3.7276e-05,3.1035,-8.5641,3.6229,4.2612,-2.0968,0,0.33,0.33442,0.12532
347.14,-481.44,30.178,-1.3847,-2.2293,0.0055532,3.8955e-05,3.3851,-8.3802,-0.46304,3.1254,-4.9455,0,0.33,0.32649,0.12528
258.9,-378.72,30.177,-1.2742,-2.3153,0.0055652,4.3572e-05,3.6331,-9.1924,-6.1087,3.5507,-2.9875,0,0.33,0.31851,0.12927
304.44,-428.63,30.221,-1.3087,-2.2058,0.0055422,4.1379e-05,2.9724,-9.2038,-0.59339,1.8842,-5.0156,0,0.33,0.32649,0.12931
300.62,-436.2,30.127,-1.3509,-2.3502,0.0055804,4.0684e-05,4.1922,-8.3114,-6.1494,4.3782,-3.6487,0,0.33,0.31852,0.12517
374.38,-486.62,30.281,-1.3257,-2.0372,0.0055347,3.8587e-05,2.7869,-9.3237,3.2561,2.7813,-2.803,0,0.33,0.33442,0.12932
330.82,-479.96,30.072,-1.4323,-2.384,0.0055988,3.9169e-05,4.8405,-7.3813,-5.2482,4.78,-4.2055,0,0.33,0.31854,0.12104
77.759,-103.97,30.291,-1.4438,-1.3662,0.0054972,8.2737e-05,1.3829,-9.7503,-2.8844,4.7916,1.168,0,0.33,0.37435,0.12087
129.07,-203.99,30.27,-1.4497,-1.4288,0.0055067,6.0131e-05,1.7263,-9.2967,1.429,5.564,-3.0391,0,0.33,0.36623,0.12123
85.652,-113.22,30.33,-1.4025,-1.3615,0.0054958,7.4806e-05,1.3712,-10.261,-7.7597,5.7951,2.3593,0,0.33,0.37426,0.12504
163.98,-248.5,30.315,-1.3997,-1.4207,0.0055049,5.4208e-05,1.7086,-9.8551,-2.3795,6.1245,-3.0031,0,0.33,0.36618,0.1253
86.277,-100.86,30.336,-1.338,-1.3479,0.0054867,7.1626e-05,1.1344,-11.062,-9.3658,3.4013,3.2135,0,0.33,0.38247,0.12852
81.928,-98.824,30.309,-1.3865,-1.3452,0.0054878,7.9239e-05,1.1446,-10.609,-3.3083,2.0774,1.5579,0,0.33,0.38245,0.12455
87.986,-116.17,30.373,-1.3422,-1.3518,0.0054948,6.6716e-05,1.3665,-10.76,-12.663,6.2853,3.1927,0,0.33,0.37422,0.12912
79.385,-96.177,30.286,-1.4164,-1.3368,0.0054894,8.3873e-05,1.1734,-10.146,1.5643,1.1898,0.0054877,0,0.33,0.38246,0.12054
192.36,-280.29,30.359,-1.3335,-1.4084,0.0055033,5.0212e-05,1.6831,-10.397,-5.4174,5.6902,-3.2451,0,0.33,0.36617,0.12932
731.32,-881.04,30.136,-0.20833,-3.3914,0.0058239,4.3283e-05,10.695,-18.217,1.5708,4.1201,-3.0006,0,0.33,0.24657,0.13666
802.07,-959.74,30.075,-0.25498,-3.4949,0.005902,5.2307e-05,12.694,-17.31,1.5098,5.5568,-3.0606,0,0.33,0.24657,0.13266
787.27,-934.07,30.176,-0.033532,-3.4971,0.0058675,4.6213e-05,11.589,-20.12,3.086,3.4748,-2.9213,0,0.33,0.23863,0.13664
874.89,-1026.1,30.118,-0.074461,-3.6078,0.0059553,5.636e-05,13.715,-19.269,2.8893,5.2502,-2.6906,0,0.33,0.23863,0.13265
706.69,-918.69,29.999,-0.48009,-3.482,0.00593,5.9464e-05,13.558,-14.59,0.56629,6.2984,-7.5197,0,0.33,0.25457,0.12868
882.53,-1050.1,30.005,-0.30657,-3.5993,0.0059997,6.5368e-05,15.038,-16.333,1.2423,7.1753,-3.2173,0,0.33,0.24657,0.12867
644.89,-839.97,30.066,-0.42527,-3.3869,0.0058446,4.8221e-05,11.38,-15.606,0.79471,4.804,-6.9082,0,0.33,0.25457,0.13267
594.36,-773.38,30.124,-0.37547,-3.292,0.0057764,4.0943e-05,9.5329,-16.553,0.68177,3.4786,-6.2305,0,0.33,0.25457,0.13666
970.61,-1129.2,30.05,-0.12018,-3.7202,0.0060648,7.0738e-05,16.194,-18.35,2.5202,7.265,-2.6387,0,0.33,0.23863,0.12866
552.05,-682.87,30.336,-0.036238,-2.9954,0.0056316,3.3243e-05,5.1549,-21.237,-1.6278,5.8747,-2.8189,0,0.33,0.24657,0.15263
568.96,-705.42,30.359,0.11575,-3.0793,0.005649,3.2927e-05,5.5345,-22.926,0.43384,5.3696,-4.1,0,0.33,0.23863,0.15262
519.14,-647.18,30.393,0.009879,-2.9026,0.0056044,3.3704e-05,4.3209,-21.869,-2.4104,7.5528,-2.7095,0,0.33,0.24658,0.15667
535.82,-669.39,30.412,0.15654,-2.9828,0.005618,3.3245e-05,4.6109,-23.504,-0.2667,7.3331,-4.1191,0,0.33,0.23862,0.15664
419,-534.85,30.432,-0.083607,-2.7561,0.0055693,3.6611e-05,3.3081,-21.024,-5.755,8.1294,-1.7872,0,0.33,0.25459,0.1607
450.15,-574.17,30.373,-0.13507,-2.8398,0.0055865,3.5645e-05,3.8524,-20.401,-5.1491,6.9599,-2.3771,0,0.33,0.25457,0.15665
483.77,-609.14,30.454,0.056143,-2.8118,0.0055839,3.4438e-05,3.684,-22.455,-2.6825,8.7897,-2.6023,0,0.33,0.2466,0.16076
476.88,-608.47,30.318,-0.1864,-2.9258,0.0056096,3.5027e-05,4.5727,-19.73,-3.9826,5.3042,-3.0679,0,0.33,0.25457,0.15263
501.89,-632.29,30.472,0.19797,-2.8887,0.0055945,3.3871e-05,3.9071,-24.035,-0.47746,8.8222,-4.0493,0,0.33,0.2386,0.16072
428.57,-574.94,30.175,-0.649,-3.0832,0.0056779,3.8528e-05,6.9356,-13.994,-1.2324,0.052031,-4.9474,0,0.33,0.27064,0.13677
482.79,-645.66,30.131,-0.7075,-3.1601,0.0057261,4.0515e-05,8.4274,-13,-1.0516,1.7268,-5.2911,0,0.33,0.27064,0.13273
473.91,-652.01,30.152,-0.5234,-3.1867,0.0057206,3.8919e-05,8.0809,-15.145,-0.010669,1.5609,-7.3779,0,0.33,0.26267,0.13665
521.85,-720.11,30.101,-0.57641,-3.2719,0.005778,4.3374e-05,9.7559,-14.165,0.20024,3.0713,-8.2789,0,0.33,0.26267,0.13266
583.16,-802.98,30.04,-0.63433,-3.3576,0.00585,5.157e-05,11.752,-13.122,-0.08807,4.7964,-9.0174,0,0.33,0.26267,0.12866
551.86,-733.65,30.076,-0.77081,-3.2375,0.0057867,4.5802e-05,10.233,-11.947,-1.2578,3.6845,-5.5389,0,0.33,0.27064,0.1287
253.34,-366.84,30.261,-1.0833,-2.3046,0.0055642,4.5086e-05,3.514,-11.007,-2.156,3.9663,-2.3834,0,0.33,0.31039,0.13732
288.65,-415.4,30.211,-1.1427,-2.3506,0.0055801,4.2349e-05,4.0775,-10.163,-3.2932,4.7509,-2.9038,0,0.33,0.31038,0.13333
367.66,-506.28,30.226,-1.0095,-2.4331,0.0055797,3.7935e-05,4.0998,-11.281,5.6938,4.0268,-5.4318,0,0.33,0.30241,0.13732
413,-561.21,30.173,-1.0683,-2.4822,0.0056002,3.6334e-05,4.8184,-10.396,4.4013,4.9217,-5.3509,0,0.33,0.30241,0.13333
329.98,-471.79,30.157,-1.2108,-2.396,0.0055992,3.982e-05,4.762,-9.2748,-4.4477,5.5903,-3.4219,0,0.33,0.31038,0.12933
215.06,-318.74,30.222,-1.2055,-2.2798,0.0055521,4.7577e-05,3.1525,-10.033,-5.4473,2.6322,-2.2007,0,0.33,0.3185,0.1333
178.01,-266.22,30.261,-1.1461,-2.2438,0.0055408,5.22e-05,2.7487,-10.834,-4.7277,1.8707,-1.3061,0,0.33,0.31851,0.13729
464.28,-624.17,30.115,-1.1347,-2.5306,0.0056256,3.5097e-05,5.7123,-9.4627,2.9454,5.8404,-5.3168,0,0.33,0.3024,0.12934
392.79,-514.43,30.313,-0.31455,-2.8577,0.0055813,3.771e-05,3.7919,-18.451,-5.5742,3.4834,-3.1129,0,0.33,0.26264,0.15275
376.67,-489.98,30.361,-0.25703,-2.7803,0.0055626,3.823e-05,3.2011,-19.146,-6.7306,5.3494,-2.2286,0,0.33,0.26261,0.15685
357.12,-470.32,30.311,-0.42178,-2.7846,0.0055608,3.929e-05,3.2498,-17.345,-5.5454,2.1852,-2.9081,0,0.33,0.27054,0.15314
349.92,-459.64,30.354,-0.36094,-2.7137,0.0055452,3.9429e-05,2.7556,-18.051,-6.2083,4.185,-2.4737,0,0.33,0.27053,0.15718
354.08,-458.39,30.415,-0.19969,-2.7049,0.0055489,3.9192e-05,2.7662,-19.787,-7.1448,6.6394,-1.5108,0,0.33,0.26258,0.16099
335.45,-440.93,30.403,-0.30081,-2.6443,0.005534,4.004e-05,2.3991,-18.708,-6.0953,5.5549,-2.15,0,0.33,0.27051,0.16122
226.65,-310.59,30.424,-0.88566,-2.1095,0.0055217,4.7965e-05,2.1462,-13.975,-5.3914,3.6825,-0.11275,0,0.33,0.31041,0.15328
341.53,-471.14,30.399,-0.80663,-2.2234,0.005528,3.915e-05,2.4066,-14.372,3.5566,3.4546,-5.3527,0,0.33,0.30241,0.15328
234.19,-314.03,30.466,-0.8267,-2.0585,0.0055152,4.6734e-05,1.9505,-14.622,-8.0596,4.7545,0.28818,0,0.33,0.31041,0.15727
359.63,-489.49,30.441,-0.74712,-2.168,0.0055205,3.8379e-05,2.1713,-15.041,1.453,4.3439,-5.2106,0,0.33,0.30241,0.15727
137.34,-159.81,30.467,-0.82757,-2.005,0.0055007,5.5787e-05,1.4988,-14.875,-16.208,5.0347,4.414,0,0.33,0.31852,0.16123
143.09,-176.02,30.426,-0.89437,-2.0469,0.0055042,5.6606e-05,1.6074,-14.287,-13.697,3.9079,3.7733,0,0.33,0.31851,0.15724
230.19,-304.64,30.51,-0.76095,-2.0075,0.0055103,4.6479e-05,1.797,-15.234,-9.9533,5.5565,0.45593,0,0.33,0.31041,0.16126
141.11,-183.62,30.39,-0.95321,-2.0885,0.005509,5.8944e-05,1.7485,-13.666,-10.289,2.4193,2.8755,0,0.33,0.31851,0.15325
359.62,-486.93,30.486,-0.68216,-2.1126,0.0055147,3.8377e-05,1.9835,-15.672,0.11864,5.0085,-5.1807,0,0.33,0.30241,0.16126
255.91,-350.59,30.345,-1.1935,-2.003,0.0055187,4.4921e-05,2.1717,-10.76,5.8687,-0.26138,-4.0547,0,0.33,0.33443,0.1373
317.54,-422.97,30.317,-1.2552,-2.0199,0.0055265,4.128e-05,2.4685,-10.056,4.2461,1.0749,-3.4919,0,0.33,0.33442,0.13331
199.04,-293.56,30.286,-1.1796,-2.1582,0.0055236,4.9948e-05,2.2741,-10.747,1.2189,-0.36238,-4.5753,0,0.33,0.32649,0.1373
250.52,-360.56,30.256,-1.2396,-2.182,0.0055324,4.5175e-05,2.5992,-9.9925,0.19317,0.6059,-4.8992,0,0.33,0.32648,0.1333
55.684,-82.541,30.448,-1.1983,-1.3255,0.0054915,7.2948e-05,1.2511,-11.714,-13.551,3.9906,3.2193,0,0.33,0.37421,0.13713
76.578,-103.98,30.414,-1.2691,-1.3388,0.0054935,6.5697e-05,1.3288,-11.246,-14.721,5.4501,3.3939,0,0.33,0.3742,0.13316
158.82,-239.76,30.43,-1.1925,-1.3804,0.0054981,5.5078e-05,1.4938,-11.441,-3.3475,2.5717,-4.3186,0,0.33,0.36617,0.13731
188.34,-274.2,30.399,-1.2601,-1.3942,0.005501,5.0787e-05,1.6093,-10.927,-5.5814,4.1108,-3.8001,0,0.33,0.36617,0.13332
85.946,-96.122,30.368,-1.2714,-1.3442,0.0054856,6.7955e-05,1.1118,-11.501,-13.428,3.891,4.3013,0,0.33,0.38248,0.1325
70.964,-77.935,30.398,-1.2001,-1.3381,0.0054842,7.3621e-05,1.058,-11.924,-13.662,3.3793,4.7286,0,0.33,0.38249,0.13648
142.04,-200.7,30.374,-0.994,-2.0559,0.0054986,5.8501e-05,1.4731,-13.426,-3.2401,0.13104,-1.6561,0,0.33,0.32649,0.15326
162.6,-217.44,30.4,-0.93714,-2.0261,0.0054949,5.5286e-05,1.3739,-14.015,-6.8434,1.8418,-0.69122,0,0.33,0.32649,0.15725
168.63,-248.82,30.418,-1.0153,-1.9327,0.0054956,5.2514e-05,1.4118,-13.279,5.3449,-1.1084,-4.7097,0,0.33,0.33443,0.15326
205.57,-293.16,30.438,-0.96377,-1.9102,0.0054921,4.9139e-05,1.3253,-13.834,2.1152,0.59284,-4.3042,0,0.33,0.33443,0.15725
174.42,-222.82,30.433,-0.87073,-1.9947,0.0054922,5.3541e-05,1.2979,-14.574,-9.536,3.2066,0.068921,0,0.33,0.32649,0.16123
235.25,-326.22,30.465,-0.90144,-1.8851,0.0054896,4.6652e-05,1.2606,-14.362,-0.54952,2.095,-4.0068,0,0.33,0.33443,0.16124
19.945,-43.806,30.56,-1.0356,-1.276,0.0054827,0.00010891,0.95266,-13.402,-4.238,3.2234,2.9219,0,0.33,0.37446,0.15264
69.282,-123.68,30.541,-1.0326,-1.3325,0.0054862,7.5505e-05,1.0852,-13.292,5.8032,2.9176,-4.8636,0,0.33,0.36624,0.15317
19.362,-45.066,30.585,-1.0126,-1.2609,0.0054808,0.00010386,0.91325,-13.792,-6.0941,3.4207,3.1627,0,0.33,0.3744,0.15676
90.983,-151.43,30.567,-1.0052,-1.3187,0.0054842,7.0602e-05,1.0429,-13.71,3.7985,3.0277,-4.6733,0,0.33,0.36622,0.15719
-13.826,1.0352,30.55,-0.98692,-1.2905,0.0054748,0.0001102,0.77061,-14.184,-12.639,4.0721,6.696,0,0.33,0.38249,0.16045
5.4892,-14.033,30.524,-1.0191,-1.3015,0.0054758,0.00012539,0.78715,-13.834,-7.7465,2.7734,6.1327,0,0.33,0.38253,0.15633
16.242,-50.249,30.614,-0.97566,-1.2438,0.0054795,8.9599e-05,0.89582,-14.17,-10.474,4.6407,3.3251,0,0.33,0.37429,0.16097
14.881,-22.56,30.502,-1.039,-1.3108,0.0054774,0.00012686,0.82028,-13.471,-5.4607,2.5356,5.736,0,0.33,0.38255,0.1523
134.57,-203.67,30.595,-0.96327,-1.3027,0.0054829,6.0935e-05,1.0308,-14.113,-0.14661,3.775,-4.5678,0,0.33,0.36619,0.16122
444.76,-565.24,30.517,0.099831,-2.7225,0.0055685,3.5578e-05,3.2097,-22.987,-2.2566,9.1586,-2.4934,0,0.33,0.24662,0.16492
383.29,-490.06,30.493,-0.035042,-2.6745,0.0055564,3.8118e-05,2.9071,-21.6,-5.5366,8.4132,-1.2833,0,0.33,0.25462,0.16477
464.67,-588.38,30.533,0.23727,-2.7964,0.005577,3.4902e-05,3.3776,-24.505,0.015796,9.3673,-3.9607,0,0.33,0.23857,0.16484
404.5,-518.29,30.577,0.13759,-2.6351,0.0055566,3.7138e-05,2.8563,-23.469,-1.0466,8.4985,-2.3767,0,0.33,0.24663,0.16904
346.14,-444.11,30.551,0.0066214,-2.595,0.0055464,4.0192e-05,2.6072,-22.127,-4.4167,7.6988,-0.85111,0,0.33,0.25464,0.16884
285.47,-377.89,30.501,-0.19694,-2.5093,0.0055192,4.339e-05,1.9445,-19.877,-2.9697,5.5949,-1.8337,0,0.33,0.27052,0.16922
313.28,-412.57,30.453,-0.24485,-2.5763,0.0055257,4.1376e-05,2.1411,-19.315,-5.0012,5.9945,-1.9399,0,0.33,0.27051,0.16523
294.71,-378.89,30.521,-0.10013,-2.561,0.0055309,4.3153e-05,2.2146,-20.927,-5.0784,6.3871,-0.5313,0,0.33,0.26256,0.16913
325.91,-419.91,30.469,-0.14607,-2.6318,0.0055388,4.0834e-05,2.4513,-20.379,-6.583,6.9842,-0.95015,0,0.33,0.26256,0.1651
333.12,-454.52,30.531,-0.61668,-2.0581,0.0055101,3.9645e-05,1.8232,-16.269,0.24638,5.1358,-5.2671,0,0.33,0.30241,0.16525
284.06,-396.62,30.574,-0.55714,-2.0049,0.005506,4.2345e-05,1.6761,-16.831,1.9092,4.7541,-5.4256,0,0.33,0.30241,0.16923
211.99,-279.61,30.555,-0.69354,-1.9571,0.0055066,4.7934e-05,1.67,-15.812,-10.3,5.6987,0.43444,0,0.33,0.31041,0.16524
183.79,-244.88,30.598,-0.63137,-1.9074,0.0055033,5.1133e-05,1.5561,-16.358,-8.9935,5.2706,0.32018,0,0.33,0.31041,0.16923
124.68,-137.26,30.509,-0.75843,-1.9633,0.005498,5.7675e-05,1.4111,-15.432,-16.986,5.3288,4.8259,0,0.33,0.31851,0.16522
108.93,-116.13,30.55,-0.69447,-1.922,0.0054958,6.226e-05,1.3341,-15.958,-15.95,4.8849,5.0915,0,0.33,0.31851,0.16921
228.15,-305.33,30.671,-0.07866,-2.1742,0.0054956,4.8214e-05,1.2981,-22.093,1.3579,4.7488,-1.6891,0,0.33,0.27055,0.18916
219.77,-299.53,30.64,-0.10026,-2.2413,0.0054996,4.8737e-05,1.4115,-21.724,2.6225,3.006,-1.779,0,0.33,0.27053,0.18518
188.23,-243.7,30.691,0.0066654,-2.2302,0.0055014,5.4254e-05,1.414,-23.033,-2.2248,4.3951,0.24868,0,0.33,0.26254,0.18916
201.68,-262.19,30.662,-0.010104,-2.2923,0.0055067,5.2701e-05,1.5616,-22.694,-0.86146,2.7942,0.21194,0,0.33,0.26254,0.18518
232.82,-302.52,30.732,0.087803,-2.2168,0.0055105,5.0158e-05,1.6328,-24.091,-4.8001,4.2845,0.91213,0,0.33,0.25458,0.18915
171.78,-222.19,30.727,0.028962,-2.174,0.0054972,5.5866e-05,1.2865,-23.347,-3.6118,6.5357,0.17178,0,0.33,0.26251,0.19316
208.2,-284.37,30.767,0.10636,-2.1491,0.0055052,5.1293e-05,1.4777,-24.385,-8.4334,6.4191,1.1787,0,0.33,0.25453,0.19315
234.32,-299.49,30.71,-0.049257,-2.111,0.0054925,4.8159e-05,1.2021,-22.444,0.42943,6.9126,-1.6452,0,0.33,0.27057,0.19314
251.45,-326.2,30.704,0.077081,-2.2894,0.0055169,4.86e-05,1.8101,-23.777,-2.1924,2.9678,0.58488,0,0.33,0.25459,0.18516
164.59,-245.85,30.703,-0.40475,-1.7568,0.0054886,5.2442e-05,1.1357,-19.129,6.6702,1.2615,-4.8972,0,0.33,0.3024,0.18918
125.17,-166.87,30.723,-0.47797,-1.6587,0.0054884,6.0317e-05,1.1259,-18.61,-5.097,0.74122,0.9384,0,0.33,0.31037,0.18918
130.58,-208.53,30.686,-0.43064,-1.8047,0.005492,5.5532e-05,1.2216,-18.737,8.7757,-0.052637,-5.4975,0,0.33,0.30241,0.18519
113,-157.23,30.71,-0.50137,-1.7105,0.0054916,6.3148e-05,1.2062,-18.22,-2.1622,-0.35815,0.50645,0,0.33,0.3104,0.18519
34.079,-11.047,30.683,-0.507,-1.675,0.0054812,8.153e-05,0.93387,-18.5,-19.861,3.3801,6.4665,0,0.33,0.31829,0.19318
65.36,-55.684,30.663,-0.54398,-1.7154,0.0054838,8.3277e-05,1.007,-18.147,-14.022,0.57119,6.2217,0,0.33,0.31835,0.18918
144.16,-162.93,30.745,-0.43933,-1.6058,0.0054856,5.663e-05,1.0495,-18.97,-9.4238,3.6531,1.3773,0,0.33,0.31034,0.19318
212.66,-283.71,30.727,-0.36626,-1.7096,0.0054859,4.9164e-05,1.0591,-19.486,4.3298,4.0277,-4.3153,0,0.33,0.3024,0.19317
78.475,-81.24,30.65,-0.56525,-1.757,0.0054867,8.2662e-05,1.0827,-17.762,-10.114,-0.67658,5.9927,0,0.33,0.31845,0.18518
204.01,-286.34,30.526,-0.76947,-1.8303,0.0054857,4.9829e-05,1.1286,-15.348,-0.15792,2.531,-3.8395,0,0.33,0.33443,0.16922
234.83,-323.73,30.496,-0.83374,-1.8582,0.0054876,4.6797e-05,1.1983,-14.867,-1.366,2.6703,-3.8798,0,0.33,0.33443,0.16523
146.41,-181.43,30.503,-0.73555,-1.9298,0.0054883,5.9227e-05,1.1664,-15.61,-9.108,3.4144,1.0072,0,0.33,0.32649,0.16921
168.18,-209.04,30.469,-0.80076,-1.9625,0.0054902,5.4808e-05,1.2314,-15.106,-10.308,3.687,0.61282,0,0.33,0.32649,0.16522
8.4355,-46.123,30.683,-0.85297,-1.2032,0.0054784,7.6771e-05,0.87901,-14.87,-15.507,5.2117,2.8115,0,0.33,0.37417,0.16916
11.885,-51.501,30.648,-0.91909,-1.2241,0.0054788,7.8191e-05,0.89015,-14.53,-14.377,5.5011,3.1975,0,0.33,0.3742,0.16511
166.82,-239.82,30.656,-0.83869,-1.2649,0.0054813,5.4368e-05,1.0021,-14.868,-3.2924,3.6567,-5.2026,0,0.33,0.36617,0.16924
167.69,-240.98,30.626,-0.90429,-1.2843,0.0054821,5.4707e-05,1.0248,-14.499,-3.1044,4.107,-4.7905,0,0.33,0.36617,0.16524
-34.22,19.009,30.582,-0.93478,-1.2767,0.0054742,9.4453e-05,0.76577,-14.521,-17.382,5.173,7.1923,0,0.33,0.38243,0.16462
-45.016,32.949,30.616,-0.87055,-1.2615,0.005474,9.1948e-05,0.75953,-14.839,-19.373,5.1748,7.4408,0,0.33,0.38236,0.16876
118.75,-183.02,30.62,-0.60397,-1.6769,0.0054769,6.1914e-05,0.86253,-17.382,3.8198,0.98482,-3.4396,0,0.33,0.33422,0.1892
77.899,-134.22,30.607,-0.6314,-1.7107,0.0054785,6.9117e-05,0.89198,-17.025,6.6667,-0.53898,-3.8436,0,0.33,0.33435,0.18519
77.258,-95.506,30.603,-0.57172,-1.7676,0.0054785,8.1985e-05,0.88286,-17.721,-5.5935,0.79801,1.6334,0,0.33,0.32629,0.18919
70.729,-93.351,30.59,-0.59763,-1.7984,0.0054807,8.3602e-05,0.93817,-17.351,-2.7256,-0.65486,1.5513,0,0.33,0.32642,0.18518
71.937,-88.962,30.624,-0.53271,-1.7384,0.0054767,7.9247e-05,0.83039,-18.057,-8.917,3.2048,1.6417,0,0.33,0.32622,0.19319
174.8,-234.6,30.642,-0.5612,-1.6408,0.0054756,5.5055e-05,0.8356,-17.709,0.94134,3.5175,-3.1752,0,0.33,0.33416,0.1932
31.239,-37.135,30.767,-0.69624,-1.1183,0.0054757,0.00010265,0.78907,-16.062,-0.88347,-2.0998,1.7066,0,0.33,0.37411,0.18519
19.212,-39.863,30.731,-0.68979,-1.1982,0.0054763,9.3557e-05,0.8059,-16.167,11.362,-2.2553,-6.614,0,0.33,0.36616,0.1852
42.473,-45.617,30.761,-0.696,-1.0945,0.0054744,9.6001e-05,0.76819,-16.325,-0.5321,-3.6301,1.9214,0,0.33,0.3741,0.18919
36.922,-57.018,30.728,-0.68439,-1.1838,0.0054749,8.7358e-05,0.77797,-16.446,11.035,-3.2886,-6.2015,0,0.33,0.36616,0.18919
0.76724,31.062,30.686,-0.71447,-1.1533,0.0054697,0.00013302,0.65766,-16.433,-15.265,-0.74605,7.7209,0,0.33,0.38203,0.19318
31.87,-18.893,30.69,-0.72206,-1.1709,0.0054712,0.00012513,0.69629,-16.205,-8.5206,-3.2492,7.8529,0,0.33,0.38205,0.18917
54.186,-52.756,30.755,-0.68508,-1.0679,0.0054729,8.7325e-05,0.73976,-16.567,-5.5815,-1.1938,2.255,0,0.33,0.37409,0.19318
28.119,-20.771,30.696,-0.71968,-1.1902,0.0054724,0.00012512,0.71887,-15.958,-7.5698,-2.2839,8.0053,0,0.33,0.3821,0.18511
99.297,-137.35,30.725,-0.66499,-1.1661,0.0054735,6.9033e-05,0.7623,-16.696,6.87,-1.2388,-5.4388,0,0.33,0.36616,0.19318
3836.1,-4880.1,27.707,-4.6019,-0.50586,0.35019,0.00097288,353.47,28.618,7.3455,13.409,-28.397,0,0.33,0.30249,0.0079759
2892.3,-3517.6,28.088,-4.2088,-0.43003,0.19382,0.00074473,253.07,24.826,4.3669,8.5486,-19.738,0,0.33,0.31069,0.0079752
3802.5,-4836.6,27.638,-4.6027,-0.25395,0.38965,0.0010609,360.41,28.888,6.0775,11.47,-31.696,0,0.33,0.30249,0.0039937
2862.8,-3516.2,28.041,-4.2129,-0.21658,0.21463,0.00080451,259.08,25.055,4.2323,7.6663,-21.823,0,0.33,0.31069,0.0039913
2922.9,-3541.5,28.016,-4.2079,0.11295,0.22687,0.00083565,263.8,25.144,3.3825,5.5728,22.817,0,0.33,0.31068,0
3947.7,-4848.7,27.603,-4.5958,0.13178,0.41197,0.001106,365.73,28.991,4.3871,8.0517,33.308,0,0.33,0.30251,0
2844.9,-3383.6,28.3,-4.0174,-1.2635,0.17218,0.00062596,267.86,22.574,6.1714,10.878,-14.627,0,0.33,0.3107,0.023923
3913.6,-4713.9,27.981,-4.3704,-1.4891,0.31285,0.00080855,379.82,25.962,6.5879,12.107,-22.652,0,0.33,0.30249,0.023923
2734.7,-3267.7,28.38,-3.937,-1.4517,0.16764,0.0006019,270.83,21.704,6.1415,12.514,-13.895,0,0.33,0.3107,0.02791
3729.1,-4519.8,28.073,-4.2631,-1.7052,0.30928,0.0007855,386.05,24.939,5.5717,13.605,-22.565,0,0.33,0.30249,0.02791
2608.6,-3126.9,28.47,-3.8437,-1.6265,0.1604,0.00057611,270.19,20.73,5.7746,13.76,-13.133,0,0.33,0.3107,0.031897
3507.5,-4280,28.175,-4.1391,-1.9019,0.30086,0.00076139,386.95,23.795,4.5619,14.989,-22.439,0,0.33,0.30249,0.031897
13168,-17004,25.408,-6.9218,-1.0309,1.3977,0.0018193,765.74,43.302,14.573,33.595,-51.513,0,0.33,0.27064,0.0079759
13194,-17271,25.216,-6.8978,-0.52262,1.5302,0.0019992,762.85,43.893,17.508,33.955,-53.126,0,0.33,0.27064,0.0039946
19359,-21755,24.662,-7.7483,-1.1911,1.7385,0.0020339,852.69,45.79,3.7902,27.591,-56.134,0,0.33,0.2627,0.0079759
19475,-22565,24.474,-7.7461,-0.60846,1.8789,0.0022177,845.22,46.521,14.305,33.848,-54.217,0,0.33,0.26269,0.0039944
27955,-28994,23.573,-8.7059,0.36371,2.34,0.0025488,916.53,48.513,9.1845,23.943,53.714,0,0.33,0.25467,0
21253,-23026,24.362,-7.7182,0.31896,1.9692,0.0023256,844.79,46.822,12.865,25.961,54.629,0,0.33,0.26269,0
15193,-17464,25.111,-6.8674,0.2722,1.6093,0.0020989,764.28,44.133,13.424,24.573,54.912,0,0.33,0.27064,0
11974,-12582,25.71,-5.7047,-3.0943,1.4807,0.0017195,856.82,36.222,-47.68,4.5708,-79.365,0,0.33,0.27064,0.027909
10527,-13560,25.64,-6.0765,-2.7731,1.4601,0.0017086,850.21,38.079,-44.672,-5.1176,-75.115,0,0.33,0.27064,0.023922
13973,-15067,24.767,-6.0638,-3.4672,1.9356,0.0020371,946.48,37.602,-74.655,4.3426,-96.045,0,0.33,0.2627,0.027909
9369.1,-16270,24.705,-6.539,-3.1175,1.9111,0.0020165,943.9,39.692,-73.831,-12.273,-91.648,0,0.33,0.2627,0.023922
18419,-16019,23.843,-5.836,-4.1398,2.4474,0.0024149,1010.1,35.459,-99.031,33.484,-112.49,0,0.33,0.25469,0.031895
15535,-13953,24.913,-5.5851,-3.7675,1.9084,0.0020338,934.7,35.368,-69.823,23.362,-96.844,0,0.33,0.2627,0.031895
12449,-11642,25.836,-5.3194,-3.3696,1.4631,0.0017139,849.45,34.216,-45.791,17.011,-80.732,0,0.33,0.27064,0.031896
2972.1,-3698,28.407,-3.8588,-2.2332,0.26227,0.00069887,366.52,21.208,3.5982,16.313,-21.458,0,0.33,0.3025,0.039871
2305.5,-2774.7,28.673,-3.6277,-1.9318,0.13583,0.00051599,254.36,18.512,5.1804,14.692,-11.443,0,0.33,0.31071,0.039872
3253.2,-4003.3,28.287,-4.0028,-2.078,0.28554,0.00073337,380.79,22.546,3.8887,16.007,-22.093,0,0.33,0.3025,0.035884
2467.1,-2962.7,28.569,-3.7396,-1.7868,0.1499,0.00054789,264.93,19.662,5.4244,14.554,-12.299,0,0.33,0.3107,0.035885
1654,-1998.1,29.069,-3.1349,-2.3696,0.057875,0.00033851,163.67,13.272,1.922,7.4544,-8.6753,0,0.33,0.31066,0.056083
2010.5,-2518.6,28.87,-3.2548,-2.6673,0.11746,0.00048037,236.29,15.178,1.4885,9.2538,-15.906,0,0.33,0.3025,0.056098
1524.9,-1843.3,29.148,-3.0003,-2.4465,0.040713,0.000288,135.18,11.861,0.24018,4.7895,-8.2174,0,0.33,0.31057,0.060214
1841,-2283.2,28.967,-3.0977,-2.735,0.083225,0.00041131,194.79,13.565,0.26501,6.5447,-14.04,0,0.33,0.30252,0.060255
1395,-1691.7,29.217,-2.8633,-2.5103,0.027508,0.0002426,108.63,10.44,-0.94105,2.4131,-7.8936,0,0.33,0.31051,0.06431
1683.7,-2069.7,29.053,-2.9424,-2.7892,0.055934,0.00034372,156.2,11.953,-0.70596,4.3079,-12.148,0,0.33,0.30253,0.064364
11705,-10720,26.02,-4.9394,-3.6018,1.4045,0.0016886,827.61,32.088,-40.461,29.49,-79.268,0,0.33,0.27064,0.035882
14493,-12875,25.142,-5.1226,-4.0211,1.8293,0.0020044,908.94,33.021,-61.46,41.294,-94.42,0,0.33,0.2627,0.035882
10656,-9799.2,26.257,-4.5772,-3.7937,1.3077,0.0016427,791.92,29.864,-33.172,40.061,-75.353,0,0.33,0.27065,0.039869
13200,-11801,25.444,-4.6883,-4.2301,1.7035,0.0019492,870.08,30.587,-51.335,55.878,-89.374,0,0.33,0.2627,0.039869
4690.2,-5560.7,27.8,-3.1315,-4.2393,0.5258,0.0011265,461.44,17.894,-2.6625,46.299,-38.564,0,0.33,0.27061,0.060216
5754,-6319.7,27.489,-3.3755,-4.2103,0.69012,0.0012652,540.43,20.333,-6.3148,50.811,-46.24,0,0.33,0.27063,0.056072
6114.3,-6660.5,27.413,-3.0162,-4.6772,0.7071,0.0013326,524.65,17.681,-8.6591,62.58,-46.536,0,0.33,0.26265,0.060235
7492.4,-7596.6,27.02,-3.2886,-4.6592,0.91735,0.0014956,607.86,20.294,-14.321,68.808,-55.674,0,0.33,0.26269,0.056076
6261.1,-6855.9,27.413,-2.5755,-5.0726,0.71552,0.0013872,508.74,14.042,-12.665,73.25,-44.224,0,0.33,0.25463,0.06429
4983.4,-5808.6,27.77,-2.773,-4.6657,0.51874,0.0011583,441.59,15.147,-4.9576,54.139,-37.881,0,0.33,0.26263,0.064343
3898.6,-4861.1,28.082,-2.9093,-4.2446,0.38062,0.00097732,384.01,15.516,-0.40203,39.896,-31.544,0,0.33,0.27059,0.064309
1420.4,-1720.6,29.2,-2.6417,-2.8636,0.022414,0.00022826,94.553,8.8026,-1.9859,2.3238,-8.5602,0,0.33,0.30253,0.072397
1157.1,-1410.4,29.332,-2.5931,-2.604,0.012506,0.00018384,66.814,7.6114,-1.6283,0.32073,-7.0182,0,0.33,0.31048,0.072391
1548,-1885.7,29.129,-2.7903,-2.8318,0.03596,0.00028141,122.55,10.366,-1.4926,2.9411,-10.265,0,0.33,0.30253,0.0684
1272.3,-1546.6,29.277,-2.7267,-2.5624,0.018309,0.00020658,85.583,9.0208,-1.5215,0.89819,-7.5182,0,0.33,0.31048,0.068373
739.25,-945.19,29.556,-2.1144,-2.6774,0.0066001,0.00020629,28.531,2.1493,0.057718,1.3412,-5.9133,0,0.33,0.31052,0.088365
923.93,-1144.8,29.468,-2.1087,-2.8968,0.0071394,0.00019435,37.331,2.8024,-0.31358,1.5398,-5.518,0,0.33,0.30255,0.088353
654.06,-853.88,29.611,-2.0113,-2.6769,0.0063466,0.00018151,23.754,0.84874,0.1693,1.3682,-5.9605,0,0.33,0.31051,0.092371
829.61,-1043.1,29.528,-1.994,-2.8849,0.0067222,0.00020663,31.004,1.3902,-0.14085,1.2744,-5.4599,0,0.33,0.30255,0.092347
582.21,-777.53,29.666,-1.9134,-2.6688,0.0061552,0.00014311,19.725,-0.4175,0.037465,1.5234,-6.0234,0,0.33,0.31052,0.096386
756.85,-966.59,29.587,-1.8848,-2.8655,0.0064416,0.00019191,25.815,0.02441,-0.19528,1.3329,-5.5383,0,0.33,0.30255,0.096348
3396.8,-4265.8,28.331,-2.7048,-4.231,0.26082,0.00082229,311.63,13.21,0.17677,33.278,-25.317,0,0.33,0.27059,0.068335
4181.4,-5065.5,28.083,-2.5539,-4.6298,0.36071,0.000978,362.41,12.71,-3.2398,45.109,-30.229,0,0.33,0.26264,0.068374
3030.1,-3755.5,28.551,-2.5114,-4.2022,0.16717,0.00066426,245.98,10.974,-0.33569,27.037,-20.16,0,0.33,0.27059,0.072333
3594.2,-4408.4,28.353,-2.3519,-4.5755,0.23553,0.00079551,289.54,10.358,-2.8277,36.275,-24.059,0,0.33,0.26264,0.072372
1578.4,-1916,29.277,-1.6931,-3.9256,0.010841,0.00017335,62.166,0.96495,-2.4918,7.3374,-8.5499,0,0.33,0.27059,0.092333
1784.5,-2162,29.168,-1.8354,-3.9919,0.016538,0.00020076,80.558,2.8045,-2.0039,8.8586,-9.7466,0,0.33,0.27059,0.088337
1764.5,-2169.3,29.201,-1.5285,-4.1698,0.014222,0.00018924,73.96,-0.046855,-4.3663,9.0159,-10.972,0,0.33,0.26265,0.09232
2006.8,-2460.9,29.079,-1.6709,-4.2605,0.023985,0.00023864,97.455,1.8424,-3.8211,11.252,-12.043,0,0.33,0.26265,0.08833
1766.2,-2137.6,29.247,-1.1919,-4.2939,0.012185,0.00018215,66.294,-3.3511,-2.9977,8.4692,-10.044,0,0.33,0.25471,0.096302
1557,-1926.9,29.313,-1.3947,-4.0772,0.0099632,0.00017367,57.275,-1.8487,-4.762,7.9227,-10.359,0,0.33,0.26266,0.096314
2026.8,-2445.9,29.129,-1.3183,-4.4064,0.019533,0.00021848,87.198,-1.5396,-3.3218,10.448,-10.796,0,0.33,0.25471,0.092308
1415.2,-1724.6,29.38,-1.5582,-3.8548,0.0084784,0.00017373,49.027,-0.80373,-3.1605,6.8434,-7.602,0,0.33,0.2706,0.096362
1022.6,-1241.3,30.113,0.69147,-4.1079,0.0068586,0.00017991,28.23,-28.658,-4.123,13.005,-6.4065,0,0.33,0.20657,0.12444
1102.2,-1336.6,30.02,0.66915,-4.2436,0.0072024,0.000205,32.952,-28.045,-3.5458,13.635,-6.9755,0,0.33,0.20659,0.1204
1120.4,-1283.9,30.161,0.91821,-4.1124,0.0071284,0.00020294,31.39,-32.081,-3.1132,14.015,-5.5662,0,0.33,0.19861,0.12443
1202.3,-1375.4,30.071,0.90407,-4.2494,0.0075315,0.00020653,36.423,-31.643,-2.6036,14.022,-5.83,0,0.33,0.19862,0.12043
1051.8,-1203.6,30.246,0.93252,-3.9785,0.0068338,0.0001729,27.369,-32.473,-2.9095,12.649,-5.0435,0,0.33,0.19861,0.12842
961.35,-1161.7,30.199,0.71242,-3.9739,0.006606,0.00014238,24.418,-29.209,-4.1694,11.123,-5.6393,0,0.33,0.20656,0.1285
1072.4,-1240.8,29.97,-0.17127,-3.8342,0.0062041,9.0664e-05,19.133,-17.359,2.1285,8.9775,-2.7814,0,0.33,0.23863,0.12467
971.15,-1149.5,29.926,-0.36397,-3.7045,0.0061233,8.3763e-05,17.816,-15.283,0.92103,8.515,-3.4949,0,0.33,0.24657,0.12468
1179.1,-1359.4,29.881,-0.22797,-3.9502,0.0063856,0.00011824,22.659,-16.292,1.8402,10.038,-3.0991,0,0.33,0.23863,0.12068
1068.2,-1257.7,29.838,-0.42779,-3.811,0.0062828,0.00010948,21.143,-14.154,0.64647,9.2783,-3.8747,0,0.33,0.24658,0.12068
779.16,-1007.3,29.923,-0.54103,-3.5771,0.0060379,7.5771e-05,16.137,-13.501,0.14623,7.5725,-8.0686,0,0.33,0.25457,0.12469
864.17,-1106.5,29.839,-0.60897,-3.6726,0.0061764,9.8821e-05,19.222,-12.334,-0.424,8.3582,-8.5208,0,0.33,0.25457,0.12069
1693.9,-1901.3,29.71,0.87814,-4.8445,0.01198,0.000156,76.958,-29.39,-0.32535,12.055,-5.3905,0,0.33,0.19861,0.10443
1694.8,-1970,29.629,0.60061,-4.8356,0.011396,0.00015867,72.006,-25.108,-0.80088,12.754,-7.0474,0,0.33,0.20671,0.10446
1837,-2080.9,29.61,0.87886,-5.0064,0.014728,0.0001538,95.778,-28.718,-0.85915,14.054,-5.2954,0,0.33,0.1986,0.10042
1909.2,-2210.6,29.52,0.58693,-5.0003,0.014461,0.0001586,91.116,-24.229,-1.1887,14.387,-6.8795,0,0.33,0.2067,0.10044
1855.4,-2084.3,29.612,1.1721,-5.1502,0.023191,0.00017992,127.85,-32.934,-2.9917,19.83,-4.1739,0,0.33,0.19058,0.096341
1793.3,-1945.4,29.722,1.1656,-4.9914,0.017933,0.00017289,103.21,-33.474,-1.8116,14.286,-3.7238,0,0.33,0.19059,0.10034
1701.8,-1820.2,29.816,1.1605,-4.837,0.01469,0.00017318,84.459,-33.996,-1.0077,11.859,-3.5444,0,0.33,0.1906,0.10435
1592,-1858.8,29.443,-0.75344,-4.2653,0.0082098,0.00018154,45.425,-8.6814,0.56845,8.4067,-6.1099,0,0.33,0.24674,0.10434
1788.7,-2087.6,29.336,-0.8505,-4.3882,0.010292,0.00017838,57.53,-7.0854,0.43559,8.6792,-6.8308,0,0.33,0.24673,0.10032
1731.4,-1999.2,29.471,-0.51002,-4.4521,0.0088471,0.00017989,49.315,-11.154,1.8202,10.064,-5.4816,0,0.33,0.23861,0.10457
1932.7,-2237,29.357,-0.59336,-4.5902,0.011747,0.00018438,63.305,-9.6338,1.9592,10.668,-6.4254,0,0.33,0.23856,0.1005
2029.9,-2377.2,29.221,-0.95524,-4.5151,0.015219,0.00019992,74.898,-5.4006,0.099353,10.088,-7.7395,0,0.33,0.24671,0.096314
1544.9,-1882.1,29.355,-1.0755,-4.1837,0.0090635,0.00017567,51.698,-5.0687,-2.6407,7.6257,-9.6235,0,0.33,0.25472,0.1003
1364.7,-1675.4,29.458,-0.96716,-4.0757,0.0076733,0.00018745,41.234,-6.7039,-2.386,7.5869,-9.3676,0,0.33,0.25472,0.10433
2177.7,-2538.1,29.234,-0.68302,-4.7327,0.018558,0.00021796,83.541,-8.0169,1.7593,12.682,-7.6056,0,0.33,0.23854,0.096468
675.32,-874.01,29.705,-1.6793,-2.8065,0.0060625,0.00010989,17.861,-2.5798,-0.80284,2.7535,-5.6959,0,0.33,0.30255,0.10435
490.02,-675.14,29.775,-1.7312,-2.6328,0.0058926,7.8127e-05,13.546,-2.836,-1.2814,2.7741,-5.8963,0,0.33,0.31052,0.10442
706.66,-911.59,29.645,-1.7806,-2.8392,0.0062284,0.00015198,21.495,-1.2927,-0.45946,1.8194,-5.6283,0,0.33,0.30255,0.10034
525.92,-715.87,29.72,-1.8207,-2.6542,0.0060069,0.00010544,16.35,-1.6414,-0.37317,1.9464,-6.0139,0,0.33,0.31052,0.10039
632.49,-831.99,30.01,-0.84028,-3.3152,0.0058631,5.5455e-05,12.382,-10.826,-1.6774,5.5239,-5.7218,0,0.33,0.27064,0.12469
721.66,-936.18,29.935,-0.91672,-3.393,0.0059604,7.0492e-05,14.925,-9.6332,-2.2238,6.9325,-5.8648,0,0.33,0.27064,0.12069
656.22,-896.58,29.97,-0.69857,-3.4436,0.0059409,6.4462e-05,14.116,-12.01,-0.69547,6.3741,-9.5866,0,0.33,0.26267,0.12467
740.62,-999.21,29.891,-0.77018,-3.53,0.0060574,8.3351e-05,16.932,-10.824,-1.5406,7.5358,-9.981,0,0.33,0.26267,0.12068
405.86,-572.97,30.033,-1.369,-2.485,0.0056505,3.8228e-05,6.5544,-7.3545,-5.3484,6.3854,-4.38,0,0.33,0.31039,0.12129
562.61,-738.69,29.983,-1.2891,-2.6267,0.0056988,3.7969e-05,8.1944,-7.4451,0.5091,6.6273,-5.3706,0,0.33,0.30241,0.12134
371.19,-527.5,30.097,-1.2868,-2.4409,0.0056222,3.8185e-05,5.5791,-8.3398,-5.2007,6.229,-3.9261,0,0.33,0.31039,0.12532
515.46,-685.34,30.051,-1.2084,-2.5789,0.0056576,3.522e-05,6.8205,-8.4793,1.6068,6.4987,-5.3323,0,0.33,0.3024,0.12535
1275.8,-1562,29.48,-1.4299,-3.78,0.007401,0.00019025,39.257,-2.4939,-3.7333,6.9456,-6.923,0,0.33,0.27061,0.10047
1375.5,-1720,29.418,-1.2689,-3.9833,0.0080942,0.00017999,45.254,-3.57,-4.9149,7.5862,-10.09,0,0.33,0.26266,0.10034
1149.7,-1415.7,29.577,-1.309,-3.7029,0.0068294,0.00019913,31.856,-4.0935,-4.0585,7.348,-6.4654,0,0.33,0.27063,0.1046
1217.1,-1540.2,29.52,-1.1507,-3.889,0.0071953,0.00019779,36.369,-5.2086,-4.8211,7.7205,-10.043,0,0.33,0.26268,0.10445
1004.7,-1211.3,28.937,-3.0465,-0.25108,0.0084142,0.00020357,41.762,12.057,2.3847,3.4033,-4.427,0,0.33,0.3425,0.0079753
1000.8,-1207.8,28.913,-3.0438,-0.12659,0.0086288,0.00020341,42.782,12.178,3.4228,4.2519,-4.4946,0,0.33,0.3425,0.0039908
780.41,-966.58,29.043,-2.814,0.06207,0.0069439,0.00022413,29.796,9.5384,2.6014,3.5061,4.8485,0,0.33,0.35051,0
1014.6,-1214.8,28.898,-3.0359,0.068235,0.0088184,0.00020335,43.676,12.225,2.8804,3.5628,4.5454,0,0.33,0.3425,0
768.64,-961.14,29.059,-2.8219,-0.11095,0.00689,0.00022175,29.308,9.497,3.231,4.2191,-4.7776,0,0.33,0.3505,0.0039909
775.43,-967.96,29.082,-2.8253,-0.21994,0.0068247,0.00021765,28.668,9.3935,2.1612,3.2605,-4.7437,0,0.33,0.3505,0.0079754
1687.7,-1974.1,28.623,-3.5426,-0.48811,0.03744,0.00033089,107.11,17.723,1.5745,3.2197,-7.1424,0,0.33,0.32663,0.011962
1302.6,-1534.7,28.799,-3.2725,-0.42869,0.015113,0.00022343,65.479,14.689,1.3406,2.3748,-4.863,0,0.33,0.33456,0.011962
2201.5,-2568.4,28.441,-3.8071,-0.73972,0.087139,0.00048725,172.02,20.552,2.9896,5.4882,-10.498,0,0.33,0.31869,0.015949
1671.9,-1950.6,28.65,-3.5118,-0.64646,0.037205,0.00032574,108.3,17.356,2.2876,4.155,-6.5884,0,0.33,0.32663,0.015949
2217.9,-2595.1,28.407,-3.8433,-0.55815,0.088778,0.00050224,169.81,20.981,2.2134,4.628,-11.384,0,0.33,0.31869,0.011962
1291.7,-1518.1,28.82,-3.2461,-0.56789,0.015153,0.00022239,65.946,14.375,2.061,3.2045,-4.4714,0,0.33,0.33457,0.015949
1009.3,-1213.7,28.951,-3.0296,-0.37668,0.0083954,0.00020358,41.697,11.862,1.1591,1.7941,-4.2534,0,0.33,0.3425,0.011962
775.72,-963.93,29.107,-2.7897,-0.43817,0.0067956,0.00021456,28.313,8.9928,1.7777,1.8082,-4.3695,0,0.33,0.3505,0.015949
780.33,-972.31,29.094,-2.81,-0.33065,0.0068107,0.00021581,28.474,9.2256,0.93565,1.3429,-4.65,0,0.33,0.3505,0.011962
1002.7,-1202.4,28.968,-3.0066,-0.49919,0.0083846,0.00020341,41.705,11.592,1.9296,2.4539,-3.9307,0,0.33,0.3425,0.015949
589.73,-769.6,29.198,-2.6225,-0.097362,0.0062916,0.00018468,20.731,7.0369,3.0092,4.1468,-5.3889,0,0.33,0.35861,0.0039912
597.82,-776.96,29.221,-2.626,-0.19259,0.0062601,0.00017646,20.286,6.949,1.8783,3.1925,-5.3342,0,0.33,0.35861,0.0079756
601.86,-776.3,29.184,-2.6149,0.05803,0.0063133,0.00018923,21.019,7.0731,2.3293,3.3604,5.5241,0,0.33,0.3586,0
465.9,-632.5,29.365,-2.436,-0.25483,0.0059502,0.00010228,14.131,4.6026,0.46295,0.80939,-5.8821,0,0.33,0.36659,0.011962
356.72,-507.82,29.491,-2.2782,-0.22235,0.0057744,6.4684e-05,9.8336,2.5978,0.26388,0.76052,-6.1462,0,0.33,0.37453,0.011963
269.4,-405.23,29.614,-2.1219,-0.25246,0.0056624,4.8903e-05,6.6161,0.62787,0.95161,0.1539,-6.1394,0,0.33,0.38246,0.01595
267.44,-403.15,29.61,-2.1392,-0.19223,0.0056678,4.9663e-05,6.7589,0.75893,-0.14504,0.80024,-6.2517,0,0.33,0.38246,0.011963
359.91,-510.57,29.496,-2.2616,-0.29334,0.0057665,6.2917e-05,9.6524,2.4477,1.3997,0.45497,-6.0079,0,0.33,0.37453,0.01595
466.11,-631.25,29.371,-2.4191,-0.33694,0.0059397,9.9747e-05,13.922,4.4297,1.4948,0.80708,-5.7045,0,0.33,0.36659,0.01595
602.57,-782.29,29.232,-2.6118,-0.29026,0.0062457,0.00017234,20.043,6.8047,0.67577,1.0024,-5.3201,0,0.33,0.35861,0.011962
599.62,-776.85,29.241,-2.5937,-0.38434,0.0062327,0.00016953,19.832,6.6045,1.6023,1.2522,-5.089,0,0.33,0.35861,0.01595
1281.8,-1496.2,28.85,-3.215,-0.70549,0.015136,0.00022089,66.311,13.98,3.1837,4.8096,-4.0624,0,0.33,0.33457,0.019936
1654.3,-1920.1,28.686,-3.4745,-0.80239,0.036981,0.00032027,109.61,16.896,3.3427,5.8754,-6.0317,0,0.33,0.32663,0.019936
2175.6,-2531.2,28.486,-3.762,-0.91809,0.086152,0.00047395,174.94,20.014,4.0326,7.2665,-9.7056,0,0.33,0.3187,0.019936
944.07,-1112.8,29.069,-2.9241,-0.85418,0.0081172,0.00020483,40.312,10.372,5.7524,6.452,-2.9187,0,0.33,0.34251,0.027912
975.57,-1154.7,29.027,-2.9518,-0.73912,0.008269,0.00020375,41.173,10.844,4.8433,5.5119,-3.2619,0,0.33,0.34251,0.023924
697.12,-860.12,29.234,-2.6993,-0.84826,0.0066031,0.00020349,25.81,7.484,5.7277,5.5937,-3.4254,0,0.33,0.35051,0.031899
724.23,-886.78,29.194,-2.7241,-0.75203,0.0066758,0.00020717,26.762,7.9431,6.4231,5.8574,-3.6287,0,0.33,0.35051,0.027912
915.53,-1080,29.115,-2.8896,-0.96301,0.007899,0.00020616,39.103,9.8398,5.1733,6.4471,-2.4808,0,0.33,0.34251,0.031899
752.19,-923.64,29.156,-2.7437,-0.64985,0.0067343,0.00021052,27.562,8.3491,5.1059,4.8713,-3.8396,0,0.33,0.35051,0.023924
997.14,-1186.7,28.993,-2.9801,-0.62093,0.0083468,0.00020333,41.576,11.253,3.1435,3.9783,-3.604,0,0.33,0.34251,0.019937
771.22,-951.41,29.127,-2.767,-0.5458,0.0067709,0.00021284,28.047,8.7013,3.0405,3.2939,-4.1002,0,0.33,0.35051,0.019937
358.56,-505.93,29.507,-2.2469,-0.36858,0.0057583,6.1358e-05,9.4604,2.2607,2.8952,1.7793,-5.8204,0,0.33,0.37453,0.019938
463.01,-623.71,29.385,-2.4023,-0.42179,0.0059274,9.6972e-05,13.671,4.2132,2.8254,2.2136,-5.5151,0,0.33,0.36659,0.019938
271.24,-405,29.622,-2.1085,-0.31797,0.0056573,4.8208e-05,6.4922,0.46667,2.6728,1.417,-5.9194,0,0.33,0.38246,0.019938
578.9,-742.49,29.283,-2.5549,-0.57096,0.0061907,0.00015997,19.079,6.0486,5.215,4.3781,-4.6595,0,0.33,0.35862,0.023925
556.06,-710.72,29.317,-2.5422,-0.6619,0.0061529,0.00015101,18.348,5.6979,6.9659,5.5686,-4.5011,0,0.33,0.35862,0.027912
529.81,-687.62,29.355,-2.5266,-0.7471,0.0061096,0.00014117,17.536,5.3002,6.1464,5.2537,-4.4459,0,0.33,0.35862,0.0319
595.46,-766.67,29.258,-2.5742,-0.47967,0.0062156,0.00016576,19.551,6.3535,2.875,2.7116,-4.8681,0,0.33,0.35862,0.019937
893.72,-1032.3,29.21,-2.7915,-1.1651,0.0073533,0.00021222,35.616,8.6116,4.5208,6.5438,-0.90399,0,0.33,0.34252,0.039874
904.46,-1059.3,29.161,-2.8442,-1.0666,0.0076352,0.00020818,37.563,9.2522,4.4285,6.2471,-1.7924,0,0.33,0.34251,0.035886
690.65,-850.34,29.274,-2.6625,-0.93988,0.0065211,0.00019926,24.749,6.9762,4.5758,4.9162,-3.031,0,0.33,0.35051,0.035887
685.25,-835.15,29.313,-2.6173,-1.0271,0.0064282,0.00019511,23.456,6.4208,4.5189,4.8993,-2.4253,0,0.33,0.35051,0.039875
1394,-1543,29.075,-3.1066,-1.6003,0.021199,0.0002212,91.097,12.427,4.3336,11.042,-0.54176,0,0.33,0.32665,0.043865
1115.7,-1231.6,29.173,-2.9148,-1.4205,0.0098014,0.0001844,53.444,10.124,4.5713,9.1273,0.64953,0,0.33,0.33458,0.043865
1611.1,-1838.7,29.042,-3.2077,-1.9212,0.043806,0.00029946,139.02,13.706,4.3928,11.413,-3.4121,0,0.33,0.31871,0.047877
1324.4,-1459.3,29.155,-3.0236,-1.7057,0.017862,0.00020582,82.994,11.454,4.3455,10.532,0.17839,0,0.33,0.32665,0.047879
1727.5,-1969.7,28.951,-3.3071,-1.8094,0.052911,0.00032967,152.6,14.826,4.6503,12.603,-4.027,0,0.33,0.31871,0.043864
1076.3,-1174.2,29.242,-2.8451,-1.518,0.0088701,0.00018422,48.904,9.2771,4.8861,9.2185,1.469,0,0.33,0.33458,0.047879
878.6,-996.19,29.262,-2.7353,-1.2587,0.0070859,0.00021538,33.305,7.9223,5.1183,7.1768,0.020631,0,0.33,0.34252,0.043866
660.26,-778.05,29.403,-2.5196,-1.1903,0.006225,0.0001691,20.165,5.1787,6.0857,6.3023,-1.0646,0,0.33,0.35052,0.04788
675.38,-809.71,29.355,-2.5692,-1.1108,0.0063275,0.0001877,21.907,5.8218,5.2125,5.5298,-1.725,0,0.33,0.35051,0.043867
856.78,-954.86,29.32,-2.6767,-1.3474,0.0068525,0.00020964,30.727,7.184,5.7442,7.697,0.82371,0,0.33,0.34252,0.04788
526.15,-685.54,29.39,-2.4974,-0.82819,0.0060648,0.00012993,16.716,4.8604,4.3976,4.2042,-4.3114,0,0.33,0.35862,0.035887
523.87,-678.84,29.422,-2.4583,-0.9054,0.006015,0.00011716,15.754,4.3784,4.0147,3.8448,-4.0075,0,0.33,0.35862,0.039875
406.24,-550.94,29.565,-2.2786,-0.86885,0.0057627,6.026e-05,9.774,2.0463,4.1878,3.6741,-4.8145,0,0.33,0.3666,0.043867
338.92,-474.94,29.673,-2.1481,-0.76979,0.005656,4.4577e-05,6.6632,0.37543,4.2272,3.2859,-5.1477,0,0.33,0.37454,0.043868
282.78,-398.88,29.799,-1.995,-0.72908,0.0055857,4.2844e-05,4.3893,-1.5455,5.5486,3.5511,-4.5554,0,0.33,0.38248,0.047879
286.79,-410.27,29.773,-2.0244,-0.67452,0.0055965,4.2808e-05,4.7267,-1.1725,4.0597,2.8972,-4.9312,0,0.33,0.38247,0.043868
329.12,-457.95,29.703,-2.1167,-0.82972,0.0056366,4.2965e-05,6.071,-0.050823,5.3679,4.143,-4.8972,0,0.33,0.37454,0.047879
391.79,-528.3,29.599,-2.2426,-0.93366,0.0057286,5.4058e-05,8.8554,1.5592,5.1727,4.5918,-4.5421,0,0.33,0.36661,0.047878
514.81,-659.77,29.457,-2.4169,-0.98004,0.0059593,0.0001033,14.603,3.8581,4.6692,4.3576,-3.5796,0,0.33,0.35863,0.043867
499.7,-633.11,29.497,-2.3748,-1.0513,0.0059012,8.9304e-05,13.321,3.299,5.6405,5.2457,-3.1312,0,0.33,0.35863,0.047878
1022.8,-1113.3,29.313,-2.7716,-1.6091,0.0081348,0.00018914,44.06,8.3775,5.0378,8.7108,1.9665,0,0.33,0.33459,0.051953
1241.4,-1373.6,29.234,-2.9362,-1.8032,0.014813,0.00019375,73.954,10.426,4.1376,9.355,0.53802,0,0.33,0.32665,0.051951
1489.3,-1711.1,29.13,-3.1039,-2.0228,0.034659,0.00026795,123.1,12.53,3.7335,9.5886,-3.0927,0,0.33,0.31871,0.051945
744.76,-831.15,29.504,-2.483,-1.5786,0.006309,0.00017888,22.18,4.7201,5.9611,6.3267,1.8912,0,0.33,0.34251,0.060277
780.9,-864.27,29.444,-2.551,-1.5082,0.0064711,0.00019075,25.037,5.5703,6.3449,7.2352,1.7223,0,0.33,0.34253,0.056101
560.36,-659.57,29.616,-2.3007,-1.4582,0.0058642,7.9478e-05,12.738,2.2774,6.0746,5.0472,0.40399,0,0.33,0.35044,0.064417
579.35,-675.46,29.565,-2.3615,-1.4013,0.0059413,9.773e-05,14.478,3.0371,6.833,5.9011,0.12187,0,0.33,0.35046,0.060279
712.21,-805.48,29.561,-2.41,-1.6406,0.0061632,0.00015156,19.446,3.8561,5.3309,5.335,1.9661,0,0.33,0.3425,0.064406
603.32,-701.75,29.511,-2.4167,-1.3364,0.0060285,0.00011919,16.34,3.7762,7.1859,6.6035,-0.1756,0,0.33,0.35051,0.056097
822.42,-908.67,29.381,-2.6153,-1.431,0.0066508,0.00019868,27.939,6.3967,6.1982,7.7579,1.3986,0,0.33,0.34253,0.051954
634.44,-739.69,29.456,-2.4689,-1.266,0.0061244,0.00014337,18.279,4.4932,6.8447,6.7556,-0.54137,0,0.33,0.35053,0.051952
314.68,-434.41,29.739,-2.0875,-0.88909,0.0056173,4.2139e-05,5.4523,-0.50525,6.6075,5.2321,-4.6926,0,0.33,0.37453,0.051942
370.28,-498.56,29.639,-2.2082,-0.99664,0.005695,4.8994e-05,7.8932,1.0402,6.2203,5.5095,-4.3386,0,0.33,0.3666,0.051944
279.1,-383.81,29.831,-1.9684,-0.78456,0.0055746,4.3008e-05,4.0272,-1.9423,7.1624,4.7817,-4.1636,0,0.33,0.38247,0.051937
447.99,-564.62,29.591,-2.2921,-1.1839,0.0057892,6.5044e-05,10.595,2.0818,7.0704,6.0474,-2.5154,0,0.33,0.35857,0.056086
428.97,-542.25,29.639,-2.2492,-1.2438,0.005742,5.6236e-05,9.3632,1.4387,6.597,5.4258,-2.281,0,0.33,0.35845,0.060271
416.75,-532.6,29.684,-2.1996,-1.2956,0.0057022,4.959e-05,8.2844,0.77095,5.4101,4.5461,-2.0135,0,0.33,0.35841,0.06439
475.79,-599.1,29.542,-2.3332,-1.1197,0.0058434,7.6237e-05,11.955,2.7036,6.6015,5.9561,-2.7706,0,0.33,0.35862,0.051945
621.93,-720.25,29.663,-2.2569,-1.7385,0.0059259,9.2232e-05,14.445,2.1045,5.7667,3.4194,1.5776,0,0.33,0.34251,0.072451
671.97,-770.2,29.614,-2.3331,-1.6933,0.0060345,0.00011822,16.846,2.9832,5.2135,4.3234,1.856,0,0.33,0.3425,0.068449
537.45,-637.63,29.664,-2.2347,-1.5064,0.0057972,6.4807e-05,11.1,1.5033,5.8362,4.2426,0.57314,0,0.33,0.35045,0.068452
504.13,-598.67,29.709,-2.1687,-1.5487,0.005741,5.4385e-05,9.5941,0.72224,6.4376,3.5583,0.61857,0,0.33,0.35046,0.07246
778.06,-941.72,29.592,-2.3368,-2.187,0.0064887,0.00019426,26.145,3.7889,2.1777,0.92706,-2.3996,0,0.33,0.3266,0.076399
673.72,-798.6,29.66,-2.2601,-1.9777,0.0060823,0.00012958,18.125,2.5097,4.5443,2.0801,0.0094546,0,0.33,0.33457,0.076433
804.11,-1003,29.547,-2.2979,-2.4338,0.0067475,0.0002046,30.498,3.7892,0.5334,0.57489,-5.0729,0,0.33,0.31859,0.080403
712.16,-875.85,29.638,-2.2394,-2.2191,0.0062503,0.00016675,21.776,2.6709,2.8875,1.1564,-2.9431,0,0.33,0.32663,0.080417
888.22,-1091.2,29.498,-2.4085,-2.4054,0.0072888,0.00020048,37.224,5.036,0.031769,0.094255,-4.8972,0,0.33,0.31851,0.076389
619.87,-745.56,29.706,-2.1764,-2.01,0.0059534,9.7621e-05,15.261,1.5125,5.3075,1.9919,-0.52392,0,0.33,0.33458,0.080426
573,-669.41,29.709,-2.1833,-1.777,0.0058376,7.253e-05,12.305,1.2214,6.5068,2.8776,1.2516,0,0.33,0.34251,0.076442
430.16,-515.15,29.795,-2.0449,-1.6178,0.0056594,4.3497e-05,7.1215,-0.85864,7.8397,2.9914,0.51633,0,0.33,0.35047,0.080456
467.09,-555.37,29.752,-2.1056,-1.586,0.0056956,4.7528e-05,8.2633,-0.065174,7.2095,3.1837,0.61291,0,0.33,0.35047,0.076464
528.11,-623.03,29.754,-2.1122,-1.809,0.0057677,5.8468e-05,10.446,0.33453,7.1967,2.6285,0.93037,0,0.33,0.34251,0.08043
404.22,-520.55,29.726,-2.1423,-1.3391,0.0056684,4.4912e-05,7.3043,0.081715,4.6765,3.7968,-1.79,0,0.33,0.35846,0.068401
382.52,-490.7,29.766,-2.0834,-1.3785,0.00564,4.2581e-05,6.4148,-0.61768,5.1077,3.2947,-1.6346,0,0.33,0.35851,0.072453
269.29,-376.28,29.875,-1.9497,-1.2773,0.0055725,4.4215e-05,4.0417,-2.516,3.5789,3.0788,-3.6653,0,0.33,0.36653,0.076503
239.52,-347.12,29.956,-1.8685,-1.1685,0.0055457,4.5612e-05,3.0894,-3.6442,2.5423,2.8865,-4.5669,0,0.33,0.37449,0.076429
244.61,-330.82,30.065,-1.7347,-1.1013,0.0055235,4.611e-05,2.3353,-5.1928,5.593,2.9647,-3.7815,0,0.33,0.38246,0.080448
255.25,-354.41,30.035,-1.7761,-1.0621,0.005529,4.4951e-05,2.5348,-4.6927,3.9321,2.5329,-3.9128,0,0.33,0.38247,0.076287
219.83,-316.66,29.99,-1.8266,-1.2063,0.0055381,4.7474e-05,2.8046,-4.2123,3.5498,3.4366,-4.4642,0,0.33,0.37446,0.080571
243.06,-341.29,29.911,-1.9037,-1.3115,0.0055612,4.6117e-05,3.6273,-3.1472,4.2851,3.4819,-3.5712,0,0.33,0.36651,0.080594
354.63,-453.08,29.805,-2.0277,-1.4152,0.0056167,4.2031e-05,5.6356,-1.3226,5.9173,3.1918,-1.4832,0,0.33,0.35852,0.076537
324.08,-416.76,29.845,-1.9752,-1.4473,0.0055977,4.2578e-05,4.9669,-2.0306,6.5336,3.2797,-1.4367,0,0.33,0.35852,0.080559
573.16,-698.55,29.752,-2.096,-2.0357,0.0058553,7.4957e-05,12.861,0.52124,6.0471,2.066,-0.89961,0,0.33,0.33458,0.08442
651.78,-813.7,29.686,-2.1465,-2.2448,0.006078,0.00012564,18.188,1.567,3.7796,1.5237,-3.3662,0,0.33,0.32662,0.084421
721.94,-914.57,29.598,-2.1934,-2.4559,0.0064273,0.00019021,25.23,2.5655,1.2941,1.0962,-5.2728,0,0.33,0.31859,0.084395
445.65,-540.14,29.886,-1.9098,-1.8684,0.0056437,4.0363e-05,6.6664,-2.3144,7.5102,2.3324,0.58348,0,0.33,0.34251,0.092447
459.7,-553.22,29.842,-1.977,-1.8542,0.005674,4.3685e-05,7.6527,-1.4367,7.8523,2.383,0.61575,0,0.33,0.34252,0.08842
366.85,-454.75,29.955,-1.8094,-1.6911,0.0055802,4.0356e-05,4.4371,-3.9913,6.1283,2.0787,0.34952,0,0.33,0.3505,0.096441
366.04,-452.52,29.917,-1.8716,-1.6795,0.0055935,4.0678e-05,4.9067,-3.2228,7.1449,2.283,0.3245,0,0.33,0.35051,0.092451
436.2,-529.12,29.928,-1.8413,-1.8784,0.0056199,3.8743e-05,5.8529,-3.1768,7.216,2.2946,0.58694,0,0.33,0.3425,0.096477
371.77,-455.34,29.877,-1.9301,-1.6641,0.00561,4.1168e-05,5.4673,-2.4423,8.0982,2.4871,0.30699,0,0.33,0.3505,0.088453
487.8,-581.46,29.798,-2.0438,-1.8347,0.0057141,4.9341e-05,8.8952,-0.5527,7.7478,2.4785,0.70401,0,0.33,0.34252,0.08442
394.72,-477.91,29.837,-1.9867,-1.6437,0.0056313,4.1769e-05,6.1896,-1.6533,8.2925,2.7461,0.37003,0,0.33,0.35048,0.084451
195.73,-283.91,30.025,-1.7906,-1.2413,0.0055312,4.9869e-05,2.5459,-4.78,4.2361,3.7278,-4.4146,0,0.33,0.37447,0.084583
214.02,-306.95,29.949,-1.8622,-1.3412,0.0055515,4.8422e-05,3.2663,-3.7786,4.5662,3.6344,-3.6325,0,0.33,0.36651,0.084601
227.89,-298.55,30.097,-1.6993,-1.1398,0.0055182,4.7972e-05,2.1431,-5.6926,7.2913,3.2953,-3.6328,0,0.33,0.38248,0.084478
271.79,-362.37,29.923,-1.878,-1.4956,0.00557,4.4864e-05,3.9886,-3.4416,6.3496,2.9368,-1.6989,0,0.33,0.35855,0.08856
269.05,-363.52,29.96,-1.8273,-1.5126,0.0055604,4.4925e-05,3.6573,-4.1395,4.8379,2.7153,-1.7333,0,0.33,0.35855,0.092553
275.06,-372.24,29.996,-1.7705,-1.5257,0.0055523,4.4497e-05,3.3808,-4.8304,3.2362,2.5641,-1.7012,0,0.33,0.35854,0.096531
292.48,-382.45,29.885,-1.9258,-1.474,0.0055822,4.3831e-05,4.4165,-2.7385,6.8554,3.1887,-1.5619,0,0.33,0.35853,0.084557
388.78,-462.56,30.01,-1.71,-1.8897,0.0055838,3.9613e-05,4.5272,-4.8325,8.5839,2.2225,0.85163,0,0.33,0.34252,0.10442
417.98,-504.36,29.97,-1.7736,-1.885,0.0056004,3.8591e-05,5.1492,-4.0153,7.5272,2.2478,0.66626,0,0.33,0.34251,0.10045
357.52,-442.49,29.992,-1.7452,-1.7,0.0055686,4.0748e-05,4.0072,-4.7459,5.8686,1.807,0.34772,0,0.33,0.35049,0.10041
331.11,-408.08,30.026,-1.6829,-1.7072,0.0055581,4.2175e-05,3.5978,-5.4898,6.6835,1.4648,0.32519,0,0.33,0.35047,0.10438
387.8,-520.75,29.972,-1.6804,-2.2909,0.0056299,3.8689e-05,6.0042,-4.6741,6.7285,2.6304,-5.0492,0,0.33,0.32655,0.10871
395.47,-486.86,30.028,-1.6708,-2.0892,0.0055962,3.8503e-05,4.9301,-5.1287,10.166,3.0519,-1.9063,0,0.33,0.33455,0.10854
364.34,-523.28,29.955,-1.5969,-2.441,0.0056537,4.0749e-05,6.6473,-5.3721,-1.5863,3.9452,-5.2432,0,0.33,0.31857,0.11279
375.77,-511.92,30.022,-1.6128,-2.2834,0.0056025,3.7974e-05,5.0787,-5.6491,5.1962,3.4124,-4.9772,0,0.33,0.32656,0.11279
381.36,-539.58,29.9,-1.6762,-2.4609,0.0056962,4.5064e-05,7.9842,-4.3039,0.50022,2.9478,-5.6992,0,0.33,0.31857,0.10869
387.71,-479.56,30.077,-1.6111,-2.0877,0.0055779,3.8487e-05,4.2841,-6.0335,9.5206,3.8769,-1.751,0,0.33,0.33455,0.11264
361.29,-419.07,30.051,-1.6519,-1.8933,0.0055694,4.1068e-05,3.9804,-5.6475,9.7964,2.4151,1.2026,0,0.33,0.34252,0.10841
275.07,-329.04,30.094,-1.574,-1.7181,0.0055393,4.5872e-05,2.8757,-7.0005,9.3189,1.5994,0.50805,0,0.33,0.35044,0.11261
297.41,-362.13,30.06,-1.6258,-1.7131,0.0055482,4.4275e-05,3.212,-6.2363,8.2008,1.2465,0.3301,0,0.33,0.35047,0.1084
350.47,-398.02,30.093,-1.597,-1.8957,0.0055571,4.1855e-05,3.5264,-6.4825,10.057,3.1649,1.7987,0,0.33,0.34251,0.11259
272.43,-368.06,30.032,-1.7094,-1.5361,0.0055451,4.4718e-05,3.1206,-5.5123,2.7052,2.4089,-1.7211,0,0.33,0.35851,0.10049
251.73,-341.99,30.066,-1.6496,-1.5448,0.0055382,4.6241e-05,2.8571,-6.1874,3.6064,2.1805,-1.9148,0,0.33,0.35848,0.10444
141.87,-215.57,30.152,-1.5659,-1.4273,0.0055179,5.898e-05,2.0787,-7.504,0.7665,3.2862,-2.3894,0,0.33,0.36649,0.10857
92.711,-147.49,30.19,-1.5384,-1.3571,0.0055057,7.0147e-05,1.6583,-8.1465,-1.9065,2.1369,-1.245,0,0.33,0.37448,0.10862
101.11,-135.98,30.242,-1.4608,-1.3114,0.0054944,7.2821e-05,1.3293,-9.1987,3.4161,0.76497,-1.9045,0,0.33,0.38246,0.11265
118.04,-168.56,30.223,-1.4921,-1.2966,0.0054974,6.5744e-05,1.4398,-8.7142,2.3312,-0.21558,-2.479,0,0.33,0.38244,0.10868
81.79,-121.48,30.221,-1.502,-1.3629,0.0055023,7.7282e-05,1.5329,-8.6884,-0.61293,3.247,-0.58341,0,0.33,0.37447,0.11266
122.08,-189.07,30.188,-1.5234,-1.4307,0.0055133,6.2407e-05,1.9122,-8.1133,2.6932,3.9626,-2.664,0,0.33,0.36644,0.11273
219.66,-302.49,30.099,-1.5953,-1.5516,0.0055315,4.8715e-05,2.5936,-6.8636,5.4502,1.9886,-2.356,0,0.33,0.35845,0.10845
192,-269.78,30.132,-1.5476,-1.5569,0.005525,5.0787e-05,2.3529,-7.5505,7.2337,2.1754,-2.9772,0,0.33,0.3584,0.11265
396.45,-496.84,30.13,-1.5465,-2.0812,0.0055635,3.7894e-05,3.7904,-6.9266,7.6637,4.7039,-1.5494,0,0.33,0.33449,0.11701
373.29,-514.38,30.075,-1.5402,-2.2698,0.0055817,3.7661e-05,4.377,-6.6059,3.0207,3.9591,-4.8462,0,0.33,0.32653,0.11704
349.48,-506.76,30.014,-1.5149,-2.4149,0.0056221,3.9086e-05,5.6251,-6.4017,-3.6179,4.6212,-4.7109,0,0.33,0.31855,0.11692
423.76,-481.69,30.246,-1.4064,-1.8777,0.0055335,3.8525e-05,2.7691,-8.8137,3.6134,5.478,3.4665,0,0.33,0.34236,0.12533
400.51,-450.79,30.193,-1.4771,-1.8883,0.0055397,3.9695e-05,2.9618,-8.0832,6.0682,5.3827,3.3281,0,0.33,0.34237,0.12128
383.58,-446.1,30.263,-1.3302,-1.7009,0.0055178,4.0082e-05,2.2304,-9.772,1.9639,4.2983,2.5092,0,0.33,0.35029,0.12933
370,-429.75,30.219,-1.4038,-1.7111,0.005522,4.0779e-05,2.3635,-9.1308,3.3348,4.7626,2.3307,0,0.33,0.35029,0.12534
410.21,-473.39,30.294,-1.3312,-1.8648,0.0055274,3.8955e-05,2.5539,-9.5134,2.7182,4.4006,3.1457,0,0.33,0.34236,0.12933
324.11,-377.32,30.174,-1.4689,-1.7183,0.0055263,4.3283e-05,2.4753,-8.4621,6.2596,4.036,1.823,0,0.33,0.3503,0.12131
366.13,-412.13,30.141,-1.5401,-1.8945,0.0055473,4.1262e-05,3.1914,-7.3063,8.6707,4.3745,2.6448,0,0.33,0.34243,0.11703
283.11,-332.95,30.131,-1.5238,-1.7205,0.0055319,4.5589e-05,2.6281,-7.7513,8.7434,2.6935,1.076,0,0.33,0.35035,0.11709
75.84,-105.28,30.255,-1.4728,-1.3662,0.0054993,8.3036e-05,1.4356,-9.2253,-0.49489,4.0304,0.1315,0,0.33,0.37443,0.11674
114.48,-181.18,30.228,-1.4872,-1.4316,0.0055095,6.3381e-05,1.7878,-8.715,3.3338,4.7379,-2.9883,0,0.33,0.36632,0.11705
86.514,-109.19,30.265,-1.4373,-1.3251,0.0054916,8.0474e-05,1.2365,-9.676,3.6157,1.0686,-1.1365,0,0.33,0.38246,0.11659
216.83,-307.42,30.206,-1.4577,-1.5587,0.0055155,4.7847e-05,2.074,-8.8691,5.5171,3.903,-3.5725,0,0.33,0.35824,0.12131
268.67,-368.66,30.248,-1.3997,-1.552,0.0055126,4.4011e-05,2.0175,-9.4795,2.3527,4.5036,-3.6478,0,0.33,0.35822,0.12534
301.85,-403.86,30.289,-1.3295,-1.5418,0.0055097,4.2017e-05,1.9448,-10.067,0.46197,4.042,-3.8583,0,0.33,0.35823,0.12934
186.88,-267.25,30.168,-1.5041,-1.5599,0.0055195,5.0725e-05,2.1738,-8.2251,7.5322,2.9066,-3.4334,0,0.33,0.3583,0.11711
806.17,-961.03,30.279,0.54363,-3.7008,0.0061178,7.6204e-05,16.205,-27.335,-2.2617,3.321,-4.1438,0,0.33,0.21463,0.13704
867.7,-1043.1,30.226,0.52231,-3.8267,0.0062532,9.3904e-05,18.757,-26.768,-2.9407,6.326,-4.737,0,0.33,0.21463,0.13301
859.57,-1014.7,30.327,0.74502,-3.7113,0.0062558,9.3775e-05,18.558,-30.122,-3.4518,4.7419,-4.1247,0,0.33,0.20657,0.13659
908.91,-1086.8,30.271,0.7309,-3.842,0.0064115,0.00011481,21.255,-29.7,-3.8791,8.0665,-4.8451,0,0.33,0.20656,0.13253
940.78,-1126.6,30.116,0.28594,-3.9135,0.0062744,9.6754e-05,19.481,-23.256,-0.5916,7.9868,-5.4093,0,0.33,0.22271,0.12869
934.01,-1129.6,30.156,0.49622,-3.956,0.0064238,0.0001174,21.759,-26.138,-3.3425,9.3951,-5.4635,0,0.33,0.21464,0.12888
863.56,-1033.8,30.183,0.31893,-3.7892,0.0061275,7.6997e-05,16.672,-24.005,0.10911,5.1804,-4.998,0,0.33,0.22272,0.13272
791.11,-947.7,30.234,0.34692,-3.6679,0.0060107,6.2297e-05,14.271,-24.685,0.69666,2.5744,-4.7063,0,0.33,0.22272,0.13672
681.92,-814.72,30.347,0.57451,-3.4558,0.0059132,5.1227e-05,11.854,-28.302,-1.8139,0.56165,-3.6566,0,0.33,0.21463,0.14511
654.81,-794.49,30.307,0.39468,-3.4326,0.0058353,4.3021e-05,10.21,-25.891,0.39677,0.77737,-4.7357,0,0.33,0.22268,0.14483
745.67,-885.6,30.317,0.56023,-3.5766,0.0060065,6.2199e-05,13.934,-27.84,-1.7494,1.1472,-3.783,0,0.33,0.21463,0.14107
721.61,-866.89,30.274,0.37142,-3.5488,0.0059152,5.1203e-05,12.145,-25.31,0.80878,0.91437,-4.6187,0,0.33,0.22272,0.14073
879.88,-1044.6,30.15,0.11658,-3.7141,0.0060304,6.4388e-05,15.03,-21.478,2.2931,4.9582,-4.4462,0,0.33,0.23069,0.13265
795.65,-952.21,30.203,0.15107,-3.5972,0.0059296,5.2358e-05,12.772,-22.248,2.6362,2.797,-4.549,0,0.33,0.23069,0.13664
968.88,-1144.9,30.083,0.077573,-3.8331,0.0061563,8.1032e-05,17.656,-20.639,1.7868,7.3782,-4.5263,0,0.33,0.23069,0.12865
711.71,-855.29,30.224,0.0039155,-3.3884,0.0057962,3.934e-05,9.7424,-20.906,2.9343,2.424,-3.2677,0,0.33,0.23863,0.14064
671.88,-815.18,30.189,-0.16514,-3.2891,0.0057608,3.7518e-05,8.9755,-19.058,1.2749,3.2856,-2.9888,0,0.33,0.24657,0.14065
525.27,-677.2,30.222,-0.28304,-3.1049,0.0056764,3.5027e-05,6.6223,-18.252,-1.053,2.7864,-4.671,0,0.33,0.25457,0.14464
555.16,-719.85,30.175,-0.32886,-3.1978,0.0057213,3.6813e-05,7.9614,-17.434,0.07144,2.714,-5.4793,0,0.33,0.25457,0.14065
623.92,-762.66,30.237,-0.12333,-3.1888,0.005709,3.4401e-05,7.4882,-19.838,0.53815,3.337,-2.9739,0,0.33,0.24657,0.14464
651.16,-793.07,30.268,0.039946,-3.2824,0.0057374,3.52e-05,8.1218,-21.634,2.3547,2.4383,-3.6437,0,0.33,0.23863,0.14463
720.03,-868.79,30.247,0.18242,-3.4824,0.0058473,4.3718e-05,10.786,-22.96,2.6205,1.5021,-4.8135,0,0.33,0.23069,0.14063
654.89,-799.39,30.285,0.2128,-3.3708,0.0057789,3.7855e-05,9.0084,-23.625,2.2405,1.5154,-5.1784,0,0.33,0.23068,0.14464
613.62,-745.55,30.376,0.58914,-3.3396,0.0058345,4.3257e-05,9.9296,-28.722,-2.7618,1.6984,-3.7682,0,0.33,0.21461,0.14915
591.08,-731.78,30.341,0.41877,-3.3196,0.0057681,3.7743e-05,8.4478,-26.413,-0.61429,2.2413,-4.9647,0,0.33,0.22261,0.149
585.46,-720.29,30.285,-0.080739,-3.0908,0.0056663,3.3248e-05,6.2111,-20.562,-0.53942,4.3003,-2.9167,0,0.33,0.24657,0.14863
605.31,-745.36,30.311,0.076822,-3.1792,0.0056887,3.3297e-05,6.7105,-22.306,1.42,3.5445,-3.9436,0,0.33,0.23863,0.14862
500.77,-641.45,30.268,-0.23588,-3.0141,0.0056394,3.4695e-05,5.493,-19.015,-2.5147,3.7383,-3.8472,0,0.33,0.25457,0.14864
560.2,-701.03,30.368,0.27742,-3.159,0.0056753,3.3453e-05,6.094,-24.796,0.66536,5.0894,-5.7287,0,0.33,0.23066,0.1527
525.44,-662.46,30.419,0.31174,-3.0599,0.005639,3.3497e-05,5.0513,-25.301,0.13839,7.4446,-5.7614,0,0.33,0.23066,0.1567
488.77,-628.38,30.429,0.47442,-3.1119,0.0056699,3.4762e-05,5.7184,-27.31,-2.4298,7.4603,-5.3543,0,0.33,0.22257,0.15709
534.2,-674.77,30.381,0.44572,-3.2126,0.0057129,3.5313e-05,6.9247,-26.889,-1.7506,4.751,-5.1959,0,0.33,0.22258,0.15309
492.54,-625.42,30.477,0.34643,-2.9642,0.0056119,3.4016e-05,4.2721,-25.759,0.037953,9.2375,-5.6524,0,0.33,0.23065,0.1607
601.81,-745.64,30.324,0.24427,-3.2627,0.0057218,3.4579e-05,7.428,-24.24,1.4902,2.872,-5.5229,0,0.33,0.23067,0.14869
453.51,-570.92,30.181,-0.75532,-2.9734,0.005649,3.7437e-05,6.1566,-13.047,1.5718,-0.060891,-2.2808,0,0.33,0.27859,0.13715
519.61,-640.97,30.137,-0.81714,-3.0416,0.0056894,3.7858e-05,7.4443,-12.067,1.5068,1.6401,-1.7678,0,0.33,0.27859,0.13305
652.57,-756.41,30.069,-0.97523,-2.9323,0.005692,3.5642e-05,7.7349,-10.321,6.596,4.5668,-0.40121,0,0.33,0.28653,0.12925
600.96,-727.77,30.083,-0.88435,-3.1098,0.00574,4.0827e-05,9.025,-11.029,1.2738,3.6142,-1.2942,0,0.33,0.27859,0.12893
572.63,-678.13,30.126,-0.90817,-2.8743,0.005652,3.4579e-05,6.4314,-11.336,7.1527,2.9854,-1.089,0,0.33,0.28653,0.13327
504.44,-613.1,30.175,-0.84705,-2.8153,0.0056202,3.5053e-05,5.3839,-12.293,7.5536,1.5522,-1.9356,0,0.33,0.28653,0.13728
440.12,-601,30.195,-0.47297,-3.1021,0.0056745,3.7158e-05,6.6838,-16.062,-0.87498,0.65766,-6.3441,0,0.33,0.26266,0.14066
391.29,-525.44,30.212,-0.59329,-3.007,0.0056391,3.8432e-05,5.7183,-14.925,-1.9318,-0.93556,-4.4972,0,0.33,0.27062,0.14085
418.59,-564.26,30.233,-0.4225,-3.0186,0.0056368,3.6945e-05,5.5198,-16.914,-2.3044,0.68099,-5.2381,0,0.33,0.26266,0.14468
370.41,-495.49,30.243,-0.53796,-2.9314,0.0056074,3.8899e-05,4.7203,-15.79,-3.0849,-0.89922,-3.9691,0,0.33,0.27059,0.14496
408.42,-524.4,30.216,-0.6974,-2.9055,0.0056165,3.8042e-05,5.1188,-13.971,1.2654,-1.0736,-2.7468,0,0.33,0.27859,0.14119
433.38,-552.47,30.253,-0.73641,-2.6938,0.0055733,3.6218e-05,3.8552,-14.035,6.9997,0.42713,-3.6632,0,0.33,0.28653,0.14527
456.37,-569.72,30.216,-0.79061,-2.7552,0.0055945,3.5852e-05,4.5417,-13.192,7.5588,0.60613,-2.837,0,0.33,0.28653,0.14128
385.87,-502.55,30.247,-0.64099,-2.8376,0.0055898,3.8507e-05,4.2709,-14.834,0.50475,-1.07,-3.1125,0,0.33,0.27858,0.14522
529.21,-658.27,30.132,-0.99206,-2.6709,0.0056191,3.3609e-05,5.4747,-10.784,9.0137,4.3009,-3.8514,0,0.33,0.29447,0.13332
473.42,-599.46,30.185,-0.9328,-2.6183,0.0055943,3.4618e-05,4.6254,-11.705,9.8036,3.2447,-4.379,0,0.33,0.29447,0.13731
592,-726.69,30.073,-1.0575,-2.7222,0.0056504,3.3344e-05,6.5426,-9.8094,8.0131,5.3986,-3.469,0,0.33,0.29447,0.12932
334.27,-466.45,30.274,-0.9569,-2.383,0.005563,3.9299e-05,3.5274,-12.12,6.5057,3.2948,-5.5307,0,0.33,0.30241,0.14131
228.4,-331.11,30.306,-1.0312,-2.2577,0.0055509,4.7437e-05,3.0594,-11.809,-1.4815,3.3267,-1.8519,0,0.33,0.3104,0.14131
138.74,-201.16,30.328,-1.0487,-2.1688,0.0055226,5.9862e-05,2.1486,-12.323,-5.2042,1.042,0.7049,0,0.33,0.31851,0.14527
152.17,-226.53,30.296,-1.0947,-2.2069,0.005531,5.6669e-05,2.4179,-11.597,-4.4927,1.3146,-0.33573,0,0.33,0.31851,0.14128
216.21,-310.6,30.347,-0.98383,-2.2095,0.0055396,4.8869e-05,2.6927,-12.57,-1.6717,2.9157,-1.2845,0,0.33,0.31041,0.1453
318.32,-447.29,30.317,-0.90816,-2.3313,0.0055492,4.0033e-05,3.0713,-12.914,6.5086,2.8388,-5.5782,0,0.33,0.30241,0.1453
431.83,-558.05,30.231,-0.87864,-2.5642,0.0055743,3.5566e-05,3.9468,-12.576,10.174,2.4437,-4.9812,0,0.33,0.29447,0.1413
411.25,-540.28,30.274,-0.82737,-2.5084,0.0055579,3.6012e-05,3.4015,-13.396,9.8884,2.0847,-5.5271,0,0.33,0.29447,0.14529
361.44,-479.54,30.275,-0.48105,-2.8572,0.0055814,3.9211e-05,3.9025,-16.593,-4.402,0.25449,-3.4215,0,0.33,0.27056,0.14906
404.86,-537.04,30.271,-0.36995,-2.9371,0.0056059,3.7299e-05,4.5601,-17.707,-3.9893,1.7183,-4.1356,0,0.33,0.26265,0.14871
384.8,-504.87,30.355,-0.46318,-2.635,0.0055367,3.7925e-05,2.5806,-17.09,-2.0484,3.8128,-3.519,0,0.33,0.27857,0.15723
384.1,-504.28,30.313,-0.52429,-2.7021,0.00555,3.813e-05,3.0089,-16.388,-1.4961,1.8957,-3.4856,0,0.33,0.27857,0.15324
440.37,-569.12,30.417,-0.50167,-2.4383,0.0055223,3.5414e-05,2.2092,-16.915,3.6578,5.064,-4.8636,0,0.33,0.28653,0.16123
452.01,-583.43,30.37,-0.56333,-2.5026,0.0055306,3.5089e-05,2.482,-16.261,3.7765,4.0343,-4.8143,0,0.33,0.28653,0.15724
374.33,-491.51,30.401,-0.40242,-2.5687,0.0055269,3.8275e-05,2.266,-17.745,-1.8332,5.1221,-3.5193,0,0.33,0.27857,0.16123
444.66,-574.47,30.327,-0.62398,-2.5671,0.0055415,3.5436e-05,2.8365,-15.566,4.7035,2.5299,-4.6582,0,0.33,0.28653,0.15326
380.91,-499.48,30.278,-0.5837,-2.7697,0.0055677,3.8465e-05,3.5715,-15.638,-0.52732,0.034949,-3.3593,0,0.33,0.27857,0.14923
433.07,-558.16,30.289,-0.68157,-2.631,0.0055557,3.598e-05,3.2915,-14.825,5.9413,1.1406,-4.2894,0,0.33,0.28653,0.14926
217.21,-305.55,30.385,-0.93695,-2.1601,0.0055298,4.8987e-05,2.3923,-13.291,-3.0156,2.9761,-0.67909,0,0.33,0.31041,0.14929
322.61,-451.18,30.358,-0.85948,-2.278,0.0055376,3.9919e-05,2.7034,-13.664,5.4726,2.8609,-5.5114,0,0.33,0.30241,0.14929
136.81,-188.83,30.358,-1.0034,-2.1293,0.0055152,6.0613e-05,1.9279,-13.012,-7.1809,1.3437,1.8051,0,0.33,0.31851,0.14926
430.85,-568.36,30.355,-0.72094,-2.3911,0.0055331,3.5255e-05,2.6073,-14.896,7.2144,3.1793,-6.0113,0,0.33,0.29447,0.15327
445.13,-584.15,30.399,-0.66116,-2.3307,0.0055244,3.4824e-05,2.3274,-15.582,5.6166,4.2297,-5.9829,0,0.33,0.29447,0.15726
438.16,-574.22,30.445,-0.59805,-2.2704,0.0055177,3.509e-05,2.1044,-16.228,4.7739,4.9831,-5.9181,0,0.33,0.29447,0.16125
413.66,-547.05,30.314,-0.77585,-2.4506,0.0055442,3.5827e-05,2.9612,-14.169,8.8328,2.3407,-5.8845,0,0.33,0.29447,0.14928
300.66,-357.5,30.367,-1.1946,-1.8384,0.0055146,4.4533e-05,2.0582,-10.844,5.7432,1.3475,1.9201,0,0.33,0.34236,0.13731
361.81,-424.06,30.335,-1.2586,-1.8514,0.005521,4.1174e-05,2.3078,-10.19,3.7013,2.7321,2.5825,0,0.33,0.34236,0.13332
354.47,-413.82,30.303,-1.2568,-1.6897,0.0055131,4.1646e-05,2.0555,-10.395,2.8556,3.0871,2.46,0,0.33,0.35029,0.13332
304.45,-355.95,30.336,-1.1915,-1.6784,0.0055081,4.4634e-05,1.8613,-10.999,5.1552,2.2016,2.3104,0,0.33,0.35029,0.13731
158.42,-238.7,30.311,-1.1286,-2.1343,0.0055159,5.4993e-05,2.0025,-11.467,1.856,-1.0068,-4.103,0,0.33,0.32649,0.14129
202.46,-286.37,30.368,-1.1414,-1.9866,0.0055117,4.893e-05,1.915,-11.435,7.3794,-1.1734,-4.5244,0,0.33,0.33443,0.14129
133.64,-202.83,30.332,-1.084,-2.1096,0.0055092,5.9048e-05,1.7819,-12.154,1.5538,-1.3349,-3.4807,0,0.33,0.32649,0.14528
164.56,-240.92,30.387,-1.0974,-1.97,0.0055055,5.2474e-05,1.7031,-12.08,8.1633,-1.838,-4.8798,0,0.33,0.33443,0.14528
243.53,-294.11,30.395,-1.1412,-1.8257,0.0055085,4.8334e-05,1.8319,-11.473,7.9234,0.43868,1.1158,0,0.33,0.34236,0.1413
209.27,-244.27,30.396,-1.0935,-1.6559,0.0054987,5.1723e-05,1.5144,-12.14,10.078,1.8966,1.2549,0,0.33,0.3503,0.14529
254.81,-296.79,30.366,-1.1372,-1.6672,0.0055032,4.8105e-05,1.6772,-11.581,7.7567,2.0178,1.9715,0,0.33,0.3503,0.1413
196.11,-243.3,30.418,-1.0973,-1.8131,0.005503,5.2025e-05,1.6384,-12.075,9.622,-0.37388,0.13625,0,0.33,0.34236,0.14529
290.28,-387.8,30.325,-1.2562,-1.5302,0.0055063,4.2863e-05,1.8244,-10.64,1.15,2.7591,-4.1566,0,0.33,0.35823,0.13333
250.58,-338.5,30.354,-1.1903,-1.5187,0.0055024,4.5621e-05,1.6725,-11.197,3.6232,1.8785,-4.3085,0,0.33,0.35823,0.13732
126.43,-201.76,30.455,-1.1367,-1.3678,0.0054949,6.0417e-05,1.3712,-11.936,-0.49356,2.3816,-4.5649,0,0.33,0.36619,0.14127
36.442,-65.406,30.475,-1.1396,-1.3135,0.0054892,8.3715e-05,1.1611,-12.162,-11.009,3.4431,3.0091,0,0.33,0.3743,0.14099
31.35,-40.548,30.45,-1.0931,-1.3261,0.0054807,9.9612e-05,0.92152,-12.718,-8.7949,3.2876,5.1801,0,0.33,0.38254,0.14433
47.471,-55.422,30.424,-1.1396,-1.3325,0.0054824,8.601e-05,0.98731,-12.329,-11.506,3.0791,4.9355,0,0.33,0.3825,0.14043
24.261,-56.293,30.503,-1.0933,-1.3019,0.0054869,9.3675e-05,1.0803,-12.591,-8.2393,3.8327,2.868,0,0.33,0.37443,0.14472
98.57,-167.1,30.483,-1.0919,-1.3561,0.0054918,6.5812e-05,1.2596,-12.411,2.2976,3.1215,-4.6928,0,0.33,0.36623,0.1452
208.19,-284.7,30.382,-1.1356,-1.5075,0.0054984,4.8928e-05,1.5217,-11.734,6.4623,2.1484,-4.3007,0,0.33,0.35823,0.14131
168.36,-234.09,30.412,-1.0919,-1.4965,0.0054947,5.244e-05,1.3858,-12.251,9.1132,2.8259,-4.4349,0,0.33,0.35824,0.14529
151.43,-226.3,30.402,-1.0576,-1.9524,0.0055001,5.4038e-05,1.5357,-12.695,7.5871,-1.9856,-4.9645,0,0.33,0.33443,0.14927
128.69,-190.97,30.352,-1.0412,-2.0837,0.0055034,6.0394e-05,1.607,-12.807,-0.1482,-1.048,-2.6503,0,0.33,0.32649,0.14927
220.06,-289.89,30.474,-0.97791,-1.7659,0.0054907,4.914e-05,1.2892,-13.715,5.8218,0.84589,-1.8001,0,0.33,0.34236,0.15726
178.57,-236.41,30.454,-1.0231,-1.7842,0.0054939,5.3027e-05,1.3648,-13.195,8.7499,-0.60573,-1.4698,0,0.33,0.34236,0.15327
262.09,-334.03,30.504,-0.93612,-1.5939,0.0054867,4.5973e-05,1.1897,-14.133,4.6291,3.29,-1.2758,0,0.33,0.3503,0.16125
211.12,-270.15,30.474,-0.98839,-1.6137,0.0054884,5.0218e-05,1.2204,-13.67,7.9557,2.2165,-1.0575,0,0.33,0.3503,0.15726
262.21,-341.25,30.501,-0.92047,-1.7446,0.0054884,4.5683e-05,1.2378,-14.211,2.9651,2.3338,-2.0297,0,0.33,0.34236,0.16125
172.85,-216.6,30.449,-1.0269,-1.6304,0.005491,5.4137e-05,1.2781,-13.185,10.762,1.4002,-0.58483,0,0.33,0.3503,0.15327
169.32,-218.67,30.437,-1.0601,-1.7997,0.005498,5.4199e-05,1.481,-12.649,10.122,-0.97142,-0.81695,0,0.33,0.34236,0.14928
174.89,-209.68,30.424,-1.0586,-1.644,0.0054945,5.4517e-05,1.3778,-12.675,11.421,1.4717,0.26874,0,0.33,0.3503,0.14928
19.56,-48.968,30.533,-1.059,-1.2896,0.0054848,0.00010313,1.0105,-13.003,-5.5181,3.799,2.8204,0,0.33,0.37448,0.14861
75.919,-135.04,30.513,-1.0579,-1.3447,0.0054889,7.2061e-05,1.1614,-12.862,4.849,3.3292,-4.8444,0,0.33,0.36625,0.14917
19.665,-30.314,30.477,-1.0599,-1.3191,0.005479,0.0001151,0.86598,-13.098,-6.3119,3.0955,5.459,0,0.33,0.38255,0.14829
128.6,-187.54,30.472,-1.0307,-1.4735,0.0054883,5.6359e-05,1.1827,-13.217,11.144,2.6177,-5.1328,0,0.33,0.35824,0.15327
162.01,-233.5,30.5,-0.9982,-1.4589,0.0054861,5.2761e-05,1.1378,-13.666,8.546,2.8763,-5.1584,0,0.33,0.35824,0.15726
218.19,-301.2,30.53,-0.95108,-1.4412,0.0054847,4.7829e-05,1.1222,-14.097,4.7483,3.5224,-5.0592,0,0.33,0.35823,0.16126
135.51,-192.95,30.443,-1.0583,-1.4856,0.0054912,5.5747e-05,1.2687,-12.745,11.096,2.8881,-4.8155,0,0.33,0.35824,0.14928
312.58,-402.47,30.602,0.037924,-2.5169,0.0055381,4.2608e-05,2.373,-22.606,-2.7768,6.2047,-0.48484,0,0.33,0.25463,0.17291
368.14,-475.13,30.631,0.16635,-2.5493,0.005547,3.8861e-05,2.5835,-23.909,0.66613,6.9992,-2.2261,0,0.33,0.24662,0.1731
286.11,-369.15,30.643,0.057872,-2.4397,0.0055308,4.4958e-05,2.1764,-23.037,-1.406,4.4359,-0.14403,0,0.33,0.2546,0.17704
340.49,-441.52,30.675,0.18499,-2.4642,0.0055387,4.0356e-05,2.3593,-24.306,2.2088,5.1744,-2.0038,0,0.33,0.24661,0.17714
310.65,-414.72,30.496,-0.29699,-2.4378,0.0055135,4.1454e-05,1.8401,-18.925,1.6455,5.2743,-3.6164,0,0.33,0.27857,0.16921
348.87,-460.29,30.45,-0.34557,-2.503,0.0055195,3.9452e-05,2.0289,-18.356,-0.5879,5.5699,-3.5443,0,0.33,0.27857,0.16522
403.18,-524.88,30.465,-0.44313,-2.3747,0.0055159,3.6713e-05,1.99,-17.528,4.654,5.3633,-4.8972,0,0.33,0.28653,0.16522
344.28,-455.25,30.511,-0.39265,-2.3122,0.0055104,3.9092e-05,1.8036,-18.104,6.7028,5.0057,-4.9489,0,0.33,0.28653,0.16921
263.85,-339.58,30.567,-0.064724,-2.4918,0.0055243,4.5913e-05,2.027,-21.432,-3.0568,5.1054,-0.2539,0,0.33,0.26255,0.17315
256.29,-342.62,30.544,-0.15998,-2.4427,0.0055138,4.5719e-05,1.7876,-20.397,-0.42569,4.5971,-1.8209,0,0.33,0.27052,0.17321
237.06,-306.05,30.605,-0.040287,-2.4236,0.0055183,4.8645e-05,1.8667,-21.894,-1.2627,3.6042,-0.072212,0,0.33,0.26254,0.17717
232.06,-314.14,30.581,-0.13433,-2.3759,0.0055089,4.7724e-05,1.655,-20.876,1.8361,3.3757,-1.8535,0,0.33,0.27052,0.1772
267.81,-364.51,30.539,-0.26021,-2.3727,0.0055084,4.3938e-05,1.6855,-19.455,4.3514,4.4316,-3.7083,0,0.33,0.27857,0.1732
214.86,-301.95,30.588,-0.32904,-2.1906,0.0055014,4.6125e-05,1.5068,-19.14,11.458,2.8527,-4.9005,0,0.33,0.28653,0.17719
275.78,-374.03,30.552,-0.35424,-2.2509,0.0055057,4.2424e-05,1.6433,-18.641,9.2833,4.1088,-4.9851,0,0.33,0.28653,0.1732
232.42,-323.61,30.576,-0.23583,-2.3073,0.0055039,4.6183e-05,1.556,-19.947,6.6016,3.3157,-3.7364,0,0.33,0.27856,0.17719
401,-529.34,30.491,-0.53607,-2.2111,0.0055124,3.6432e-05,1.9158,-16.837,5.2046,5.1571,-5.892,0,0.33,0.29447,0.16524
337.55,-453.98,30.536,-0.48096,-2.1535,0.0055077,3.9031e-05,1.7461,-17.41,6.9621,4.7539,-5.9243,0,0.33,0.29447,0.16922
223.8,-325.3,30.613,-0.50885,-1.9531,0.0055023,4.6383e-05,1.5406,-17.359,4.5978,3.8634,-5.6295,0,0.33,0.30241,0.17322
152.59,-208.8,30.637,-0.58031,-1.8584,0.0055004,5.5583e-05,1.4529,-16.871,-6.4858,4.3445,0.19299,0,0.33,0.31041,0.17322
86.894,-95.736,30.617,-0.60484,-1.8399,0.0054916,7.5169e-05,1.2062,-16.918,-10.914,2.14,5.4939,0,0.33,0.31851,0.17719
95.05,-102.2,30.587,-0.64206,-1.8809,0.0054937,6.8705e-05,1.2659,-16.453,-13.604,3.8372,5.2891,0,0.33,0.31851,0.1732
126.07,-178.67,30.67,-0.54351,-1.8098,0.0054976,6.0147e-05,1.3632,-17.352,-3.6745,2.7455,0.1325,0,0.33,0.31041,0.17721
167.04,-257.43,30.645,-0.47409,-1.9027,0.0054988,5.1129e-05,1.4206,-17.853,7.3681,2.3608,-5.8145,0,0.33,0.30241,0.17721
260.89,-362.42,30.575,-0.43762,-2.0979,0.0055035,4.2891e-05,1.5929,-17.947,9.5726,3.7913,-5.996,0,0.33,0.29447,0.17321
189.04,-276.17,30.609,-0.40809,-2.0441,0.0054996,4.7534e-05,1.4584,-18.447,12.087,2.3306,-6.0119,0,0.33,0.29446,0.1772
219.24,-298.52,30.612,-0.1166,-2.3086,0.0055041,4.8845e-05,1.532,-21.318,2.9681,2.5953,-1.8504,0,0.33,0.27052,0.18119
216.77,-279.97,30.635,-0.023903,-2.3567,0.0055125,5.1007e-05,1.7144,-22.314,-0.42764,2.5873,0.083481,0,0.33,0.26254,0.18118
267.06,-343.91,30.676,0.069137,-2.3635,0.0055238,4.7025e-05,1.9928,-23.424,-1.0682,3.1107,0.21594,0,0.33,0.25459,0.18113
254.65,-341.73,30.666,-0.18443,-2.106,0.005492,4.5409e-05,1.2378,-21.194,3.2531,4.3821,-2.6629,0,0.33,0.27857,0.18915
227.49,-315.83,30.635,-0.20592,-2.1741,0.0054956,4.6889e-05,1.3344,-20.816,6.1497,2.8206,-3.2007,0,0.33,0.27856,0.18516
256.8,-333.67,30.701,-0.24804,-1.953,0.0054875,4.6118e-05,1.1124,-20.743,1.9853,5.7976,-2.2162,0,0.33,0.28652,0.19315
216.87,-293.02,30.667,-0.28137,-2.0118,0.0054902,4.8459e-05,1.1905,-20.403,6.7258,3.4787,-2.9782,0,0.33,0.28652,0.18916
279.14,-361.13,30.704,-0.15082,-2.0396,0.0054893,4.4206e-05,1.1564,-21.543,-0.02615,6.3531,-2.1525,0,0.33,0.27857,0.19313
183.44,-260.79,30.641,-0.30108,-2.0714,0.0054936,4.9868e-05,1.283,-20.021,10.515,1.8985,-3.8618,0,0.33,0.28652,0.18517
217.09,-304.99,30.607,-0.22022,-2.241,0.0054997,4.7366e-05,1.4411,-20.399,7.3899,2.5258,-3.5857,0,0.33,0.27856,0.18117
180.24,-260.01,30.616,-0.31383,-2.1308,0.0054974,4.9054e-05,1.3884,-19.599,12.129,1.8189,-4.5491,0,0.33,0.28652,0.18118
111.69,-159.91,30.695,-0.51955,-1.7606,0.0054947,6.318e-05,1.2838,-17.8,-1.8316,0.75045,0.22275,0,0.33,0.31041,0.1812
131.17,-212.63,30.67,-0.45049,-1.8532,0.0054954,5.494e-05,1.3158,-18.312,9.0521,0.65119,-5.822,0,0.33,0.30241,0.1812
83.366,-91.226,30.638,-0.58162,-1.7984,0.0054894,7.9861e-05,1.1485,-17.353,-9.2817,0.2148,5.7401,0,0.33,0.3185,0.18118
136.69,-209.17,30.653,-0.37528,-1.9418,0.0054922,5.3247e-05,1.2352,-19.336,12.387,0.68416,-5.207,0,0.33,0.29446,0.18518
168.03,-241.25,30.674,-0.35492,-1.893,0.0054888,5.1728e-05,1.1419,-19.724,9.3428,2.2668,-4.3592,0,0.33,0.29446,0.18917
213.73,-278.58,30.703,-0.32193,-1.8462,0.005486,4.9273e-05,1.0621,-20.077,5.5976,4.9935,-3.5855,0,0.33,0.29446,0.19316
142.54,-219.15,30.634,-0.38977,-1.9919,0.0054959,5.164e-05,1.3404,-18.909,13.325,0.932,-5.7935,0,0.33,0.29446,0.18119
238.98,-315.6,30.561,-0.79187,-1.6977,0.0054848,4.7496e-05,1.1199,-15.14,3.1191,2.6337,-2.7026,0,0.33,0.34236,0.16923
270.85,-352.26,30.531,-0.8552,-1.7215,0.0054866,4.5002e-05,1.1862,-14.686,1.9028,2.8773,-2.3334,0,0.33,0.34236,0.16524
283.42,-360.02,30.537,-0.8729,-1.5721,0.0054853,4.442e-05,1.1572,-14.577,2.9795,3.6867,-1.4894,0,0.33,0.3503,0.16524
259.56,-332.4,30.569,-0.80913,-1.5498,0.0054839,4.6188e-05,1.105,-15.003,3.8381,3.3818,-1.7828,0,0.33,0.3503,0.16923
118.04,-149.18,30.534,-0.68185,-1.8969,0.0054866,6.6264e-05,1.1037,-16.086,-6.5742,2.5806,1.2612,0,0.33,0.32649,0.1732
156.26,-228.57,30.553,-0.71589,-1.8018,0.0054838,5.5572e-05,1.0552,-15.804,2.4516,2.0147,-3.8762,0,0.33,0.33442,0.17321
92.036,-119.94,30.56,-0.64314,-1.8639,0.0054848,7.436e-05,1.0462,-16.535,-3.7728,1.1881,1.3858,0,0.33,0.32648,0.17719
106.95,-168.55,30.577,-0.677,-1.7728,0.005482,6.3292e-05,0.98742,-16.236,5.4079,1.0028,-3.9943,0,0.33,0.33442,0.1772
180.99,-246.2,30.588,-0.73915,-1.6739,0.0054829,5.3093e-05,1.0427,-15.573,6.0443,2.062,-3.0884,0,0.33,0.34236,0.17322
129.41,-172.48,30.622,-0.71565,-1.5078,0.0054805,6.0244e-05,0.96055,-15.798,10.671,1.4956,-2.5257,0,0.33,0.35029,0.17721
202.84,-263.96,30.597,-0.7545,-1.5282,0.0054823,5.1214e-05,1.0356,-15.411,6.7014,2.735,-2.1316,0,0.33,0.3503,0.17322
114.84,-165.24,30.611,-0.70255,-1.6502,0.005481,6.1761e-05,0.96713,-15.984,9.6075,0.97062,-3.444,0,0.33,0.34236,0.17721
252.52,-338.82,30.562,-0.88998,-1.4215,0.0054838,4.5342e-05,1.1062,-14.512,2.3637,3.7527,-5.064,0,0.33,0.35823,0.16525
240.76,-323.68,30.592,-0.82541,-1.4012,0.0054827,4.6368e-05,1.0688,-14.91,2.6371,3.4225,-5.1556,0,0.33,0.35823,0.16924
136.88,-205.44,30.682,-0.77817,-1.246,0.0054803,5.8696e-05,0.95954,-15.219,-0.97245,3.0287,-5.6043,0,0.33,0.36617,0.17323
8.0913,-39.812,30.713,-0.79025,-1.1822,0.0054779,8.2559e-05,0.8571,-15.192,-13.867,4.4185,2.3374,0,0.33,0.37415,0.17317
-26.442,24.032,30.673,-0.75905,-1.2283,0.0054734,0.00011615,0.73455,-15.425,-15.255,3.0613,7.6975,0,0.33,0.38224,0.17694
-43.273,36.055,30.647,-0.80872,-1.2456,0.0054737,0.00010092,0.74711,-15.14,-18.432,4.4169,7.5522,0,0.33,0.38231,0.17285
13.053,-37.003,30.739,-0.73966,-1.1614,0.0054773,9.1614e-05,0.83073,-15.496,-10.086,3.3568,1.9335,0,0.33,0.37414,0.17718
90.496,-149.25,30.706,-0.73066,-1.2286,0.0054791,6.7698e-05,0.90528,-15.553,3.1362,2.2077,-6.0135,0,0.33,0.36617,0.17722
192.44,-265.85,30.62,-0.7679,-1.3815,0.0054813,5.0688e-05,1.0104,-15.291,5.1637,2.8725,-5.2699,0,0.33,0.35823,0.17323
124,-180.19,30.644,-0.72488,-1.3636,0.0054798,5.8962e-05,0.94125,-15.654,9.1937,1.8447,-5.4937,0,0.33,0.35823,0.17722
74.72,-129.75,30.595,-0.65162,-1.7424,0.0054802,6.9571e-05,0.93237,-16.641,7.237,-0.24361,-4.0472,0,0.33,0.33441,0.18119
75.147,-100.11,30.578,-0.61772,-1.8308,0.0054828,8.0817e-05,0.9923,-16.955,-2.1046,-0.28285,1.4598,0,0.33,0.32647,0.18118
106.57,-162.43,30.645,-0.65453,-1.5687,0.0054761,6.4246e-05,0.84384,-17.077,7.5861,-0.014766,-2.538,0,0.33,0.3422,0.1892
56.479,-99.681,30.636,-0.67153,-1.5995,0.0054775,7.2528e-05,0.86492,-16.737,11.688,-1.3775,-3.3087,0,0.33,0.3423,0.1852
145.48,-188.6,30.661,-0.6559,-1.423,0.0054743,6.141e-05,0.80157,-17.11,4.2264,1.7386,-1.0026,0,0.33,0.35023,0.19318
61.275,-95.635,30.649,-0.68221,-1.4489,0.0054755,7.4864e-05,0.81518,-16.823,11.452,-1.2767,-2.1088,0,0.33,0.35024,0.18919
189.77,-246.04,30.663,-0.6175,-1.5321,0.005475,5.3915e-05,0.83113,-17.388,1.6346,2.9404,-1.7099,0,0.33,0.34215,0.1932
30.309,-51.93,30.646,-0.68921,-1.4698,0.005477,8.0442e-05,0.84298,-16.506,15.061,-2.0183,-2.8069,0,0.33,0.35027,0.18519
63.799,-104.27,30.627,-0.6826,-1.6257,0.0054792,7.0728e-05,0.90548,-16.371,12.118,-0.60074,-3.6026,0,0.33,0.34235,0.1812
60.812,-87.178,30.639,-0.69556,-1.4886,0.0054787,7.2545e-05,0.89271,-16.164,14.211,-0.49363,-2.8564,0,0.33,0.35029,0.1812
20.466,-36.119,30.76,-0.70782,-1.1401,0.0054766,0.00010016,0.80734,-15.785,-5.0923,1.1239,1.712,0,0.33,0.37412,0.18118
41.71,-84.613,30.724,-0.70158,-1.2126,0.0054778,8.1827e-05,0.85034,-15.87,7.9243,0.34185,-6.4393,0,0.33,0.36616,0.18121
3.9374,0.91967,30.691,-0.72844,-1.2096,0.005473,0.00012718,0.72669,-15.698,-10.876,0.61343,7.8962,0,0.33,0.38218,0.18102
19.798,-36.334,30.669,-0.69354,-1.3332,0.0054765,8.1375e-05,0.82036,-16.315,15.68,-2.2549,-5.9534,0,0.33,0.35822,0.1852
38.836,-61.81,30.668,-0.68983,-1.3194,0.0054749,7.811e-05,0.78836,-16.611,13.69,-2.4698,-5.4268,0,0.33,0.35822,0.18918
113.47,-151.8,30.672,-0.66998,-1.3033,0.0054737,6.4676e-05,0.77332,-16.877,7.8496,-0.054591,-4.3838,0,0.33,0.35822,0.19318
55.22,-89.678,30.662,-0.70097,-1.3474,0.0054781,7.1317e-05,0.87372,-15.995,13.442,-0.14131,-5.8332,0,0.33,0.35823,0.18121
4049.8,-4932.8,27.77,-4.5751,-0.76145,0.3256,0.00090384,354.05,28.192,7.0371,10.963,-25.59,0,0.33,0.30249,0.011962
2975.4,-3532.2,28.13,-4.1818,-0.64561,0.18162,0.00069893,253.05,24.463,3.956,7.0956,-17.842,0,0.33,0.31069,0.011962
2970.6,-3511.2,28.176,-4.1398,-0.85711,0.17684,0.00067059,256.98,23.96,4.7625,7.4808,-16.465,0,0.33,0.31069,0.015949
4097.4,-4918.6,27.832,-4.5269,-1.0124,0.31629,0.00086172,360.8,27.598,7.2628,10.08,-23.858,0,0.33,0.30249,0.015949
5038.4,-6690.8,27.137,-5.0475,-0.30297,0.6215,0.0013129,468.03,32.873,9.2342,16.977,-40.473,0,0.33,0.29445,0.0039947
4989.5,-6786.3,27.237,-5.0547,-0.60478,0.55803,0.0011962,461.45,32.552,11.643,20.092,-36.108,0,0.33,0.29445,0.0079761
7583,-9272.7,26.488,-5.5439,0.18843,0.94521,0.0016255,577.53,36.962,9.0341,16.217,49.574,0,0.33,0.2865,0
6662.8,-9276.8,26.558,-5.5622,-0.36483,0.8951,0.0015511,572.93,36.81,13.129,23.565,-46.965,0,0.33,0.2865,0.0039948
5442.5,-6687.1,27.087,-5.0361,0.15657,0.6569,0.0013728,473.35,32.996,6.3487,11.699,42.704,0,0.33,0.29445,0
6450.1,-9391.1,26.695,-5.5803,-0.72755,0.80561,0.0014079,568.26,36.421,15.917,27.296,-42.24,0,0.33,0.2865,0.0079761
5501.9,-6871.6,27.328,-5.03,-0.91098,0.51832,0.0011054,463.96,32.047,10.4,15.557,-32.832,0,0.33,0.29445,0.011962
8039.3,-9274.2,26.903,-5.4787,-1.445,0.7402,0.001246,589.6,34.975,5.9319,11.754,-39.722,0,0.33,0.2865,0.015948
5713.6,-6828.1,27.407,-4.9726,-1.21,0.50541,0.0010532,474.68,31.342,8.5397,12.151,-31.455,0,0.33,0.29445,0.015949
7558.8,-9444.8,26.813,-5.555,-1.093,0.75206,0.0013009,574.11,35.816,11.88,19.051,-39.562,0,0.33,0.2865,0.011962
2933.1,-3468.1,28.232,-4.085,-1.0645,0.17477,0.0006485,262.64,23.329,5.6541,9.0368,-15.447,0,0.33,0.3107,0.019936
4052.5,-4852.7,27.901,-4.4586,-1.257,0.31408,0.00083295,370.49,26.853,7.2051,10.76,-22.982,0,0.33,0.30249,0.019936
5495.9,-6426.8,27.572,-4.7619,-1.7657,0.51055,0.0010025,503.01,29.406,3.1944,11.533,-32.515,0,0.33,0.29445,0.023923
5229.4,-6094.4,27.669,-4.6141,-2.0099,0.51102,0.00098477,512.16,28.203,0.6109,13.017,-33.659,0,0.33,0.29445,0.02791
6948.1,-7399.4,27.268,-4.7481,-2.5857,0.76373,0.0011874,637.14,29.735,-11.713,14.324,-48.91,0,0.33,0.28651,0.031896
4904.9,-5705.7,27.78,-4.4457,-2.2272,0.50249,0.00096479,513.7,26.864,-1.1419,15.027,-34.478,0,0.33,0.29445,0.031897
7308.8,-7971,27.154,-4.9757,-2.3502,0.77232,0.0012017,636.76,31.284,-9.9336,10.539,-47.296,0,0.33,0.28651,0.027909
7633.5,-8498.4,27.061,-5.1811,-2.08,0.7651,0.0012109,626.27,32.689,-6.0134,8.2019,-44.699,0,0.33,0.2865,0.023922
5691.1,-6683.7,27.486,-4.8827,-1.4976,0.50641,0.0010232,489.25,30.459,6.0412,11.052,-31.568,0,0.33,0.29445,0.019936
7960.3,-8953.9,26.981,-5.3521,-1.777,0.75045,0.0012221,609,33.927,-0.41257,8.3081,-41.833,0,0.33,0.2865,0.019935
8849.4,-12820,26.085,-6.199,-0.87219,1.0867,0.0016132,670.46,40.068,17.855,32.719,-47.221,0,0.33,0.27857,0.007976
9114,-12796,25.913,-6.1725,-0.43921,1.2005,0.0017784,671.8,40.546,16.515,29.864,-51.101,0,0.33,0.27857,0.0039947
10693,-12842,25.824,-6.1468,0.22753,1.2656,0.0018663,675.01,40.736,11.763,20.886,53.614,0,0.33,0.27857,0
17418,-20612,24.751,-7.6221,-1.7505,1.7009,0.0019416,873.26,44.72,-22.419,-0.16535,-63.268,0,0.33,0.2627,0.011961
14920,-16493,25.536,-6.8539,-1.5276,1.3397,0.0017085,781.15,42.415,-2.361,12.982,-54.321,0,0.33,0.27064,0.011961
4927.4,-22319,23.755,-8.0777,-2.5063,2.2316,0.0022523,987.43,44.312,-83.046,-38.903,-86.49,0,0.33,0.25469,0.015948
10642,-19077,24.745,-7.3566,-2.2591,1.7573,0.0019411,901.75,43.297,-47.757,-18.978,-73.578,0,0.33,0.2627,0.015948
14762,-24580,23.845,-8.4611,-1.9541,2.1209,0.0022109,956.59,45.973,-51.963,-20.512,-72.78,0,0.33,0.25468,0.011961
13082,-15582,25.588,-6.6783,-1.9871,1.3594,0.0016786,806.11,41.213,-21.018,-3.3407,-60.831,0,0.33,0.27064,0.015948
10732,-12698,26.219,-6.1624,-1.3027,1.0253,0.0014985,680.8,39.337,8.5618,18.969,-46.598,0,0.33,0.27857,0.011961
11046,-12247,26.303,-6.0489,-1.7091,1.0231,0.0014506,701.24,38.331,-3.2677,6.9629,-49.526,0,0.33,0.27857,0.015948
9696.6,-10162,26.506,-5.3411,-2.7158,1.0951,0.0014443,753.12,34.019,-26.063,7.1518,-62.983,0,0.33,0.27857,0.027909
9768.2,-10915,26.423,-5.6219,-2.4208,1.0804,0.0014434,743.53,35.643,-21.907,2.2556,-59.261,0,0.33,0.27857,0.023922
9530.7,-9400.5,26.622,-5.0402,-2.9697,1.0842,0.0014353,750.31,32.245,-26.584,14.377,-64.782,0,0.33,0.27858,0.031896
10638,-14585,25.609,-6.4104,-2.4043,1.4123,0.0016894,831.77,39.756,-35.768,-8.8427,-68.498,0,0.33,0.27064,0.019935
7107.7,-17617,24.71,-6.9821,-2.7158,1.8436,0.0019788,927.87,41.606,-65.283,-21.821,-83.804,0,0.33,0.2627,0.019935
3205,-20370,23.651,-7.5753,-2.9994,2.3605,0.0023236,1012.4,42.376,-101.9,-35.912,-98.735,0,0.33,0.25469,0.019935
10333,-11637,26.362,-5.864,-2.0847,1.0506,0.0014407,724.57,37.091,-14.038,1.6083,-54.343,0,0.33,0.27857,0.019935
2684.9,-3378.1,28.528,-3.7111,-2.3683,0.23149,0.00065629,343.92,19.794,3.5442,15.63,-20.521,0,0.33,0.3025,0.043862
2131.4,-2570.5,28.778,-3.5107,-2.0618,0.11844,0.0004792,238.31,17.291,4.9496,13.917,-10.638,0,0.33,0.31071,0.043864
1955.5,-2362.2,28.882,-3.3898,-2.1775,0.098611,0.00043691,217.15,16.004,4.5205,12.229,-9.9249,0,0.33,0.31071,0.047877
2416.7,-3062.4,28.648,-3.5616,-2.4847,0.19514,0.00060526,313.66,18.311,3.3802,14.028,-19.266,0,0.33,0.3025,0.047875
4515.3,-5279,27.904,-4.2646,-2.4171,0.48122,0.00093829,505.51,25.411,-1.8286,17.004,-34.643,0,0.33,0.29445,0.035884
4062.2,-4829.2,28.039,-4.0781,-2.58,0.44577,0.00090239,486.5,23.862,-1.5804,18.363,-34.004,0,0.33,0.29445,0.039871
6452.3,-6804.4,27.403,-4.5102,-2.7875,0.7345,0.001163,625.39,28.064,-11.455,18.48,-49.171,0,0.33,0.28651,0.035883
5802.2,-6198.5,27.56,-4.272,-2.9571,0.68369,0.0011262,600.84,26.294,-9.6576,22.029,-47.979,0,0.33,0.28651,0.03987
3582.1,-4373.4,28.182,-3.8914,-2.7177,0.39736,0.00085586,456.7,22.232,-0.75492,18.702,-32.52,0,0.33,0.29446,0.043862
4299.2,-5016,27.915,-3.8178,-3.2111,0.52989,0.0010135,516.39,22.521,-4.1983,25.109,-41.67,0,0.33,0.28651,0.047872
3134.3,-3934.2,28.327,-3.7074,-2.8327,0.33931,0.00079864,417.19,20.532,0.1252,17.999,-30.236,0,0.33,0.29446,0.047873
5053.5,-5595.8,27.732,-4.0402,-3.0973,0.61384,0.0010763,564.01,24.442,-6.9934,24.313,-45.41,0,0.33,0.28651,0.043861
1793.1,-2167.5,28.98,-3.2648,-2.2799,0.077813,0.00038943,191.76,14.659,3.5342,9.9739,-9.276,0,0.33,0.3107,0.051948
2192.6,-2773.9,28.763,-3.41,-2.5841,0.156,0.00054616,277.06,16.766,2.6859,11.843,-17.698,0,0.33,0.3025,0.051949
2488.5,-3177.8,28.609,-3.3448,-3.0021,0.21219,0.00065363,316.84,16.962,0.5197,14.233,-23.868,0,0.33,0.29449,0.056086
2260.1,-2856.8,28.739,-3.1667,-3.0588,0.15379,0.00056898,262.67,15.14,0.16165,11.77,-20.161,0,0.33,0.29456,0.06024
2560.9,-3210.7,28.623,-3.0156,-3.4496,0.179,0.00064382,271.2,14.512,0.37911,17.813,-20.976,0,0.33,0.28659,0.064194
2073.1,-2576.1,28.855,-2.9941,-3.1018,0.10523,0.00048116,211.62,13.333,-0.36861,9.4916,-16.478,0,0.33,0.29458,0.064335
2821.1,-3584.9,28.461,-3.2027,-3.4172,0.25531,0.00075065,333.17,16.505,0.2167,20.7,-26.178,0,0.33,0.28659,0.060163
3169.6,-4008.3,28.285,-3.3993,-3.3695,0.34377,0.00084987,397.64,18.524,-0.51134,23.002,-31.731,0,0.33,0.28654,0.056065
2768.8,-3534.2,28.47,-3.5255,-2.9272,0.27592,0.00073101,369.7,18.768,0.58035,16.455,-27.292,0,0.33,0.29446,0.051942
3650.4,-4482.6,28.101,-3.6045,-3.3014,0.43772,0.00093795,460.03,20.54,-1.9311,24.573,-37.028,0,0.33,0.28652,0.051939
8111.2,-7872.2,26.964,-4.4382,-3.3632,0.97227,0.0013726,703.29,28.35,-19.858,28.841,-62.015,0,0.33,0.27858,0.03987
8954.2,-8637.2,26.775,-4.7353,-3.1846,1.0431,0.001412,733.71,30.347,-24.186,22.1,-64.425,0,0.33,0.27858,0.035883
11823,-10717,25.802,-4.288,-4.3961,1.5391,0.0018692,819.25,28.086,-40.719,65.87,-82.367,0,0.33,0.2627,0.04386
9482.3,-8876.3,26.536,-4.2394,-3.9479,1.1793,0.0015767,743.65,27.565,-25.182,47.55,-69.512,0,0.33,0.27065,0.04386
12289,-11178,25.45,-3.8709,-4.957,1.758,0.0020948,834.29,24.908,-48.14,94.413,-87.094,0,0.33,0.25469,0.04787
10394,-9635.8,26.196,-3.9229,-4.5214,1.3462,0.0017662,757.68,25.53,-30.565,70.965,-74.038,0,0.33,0.2627,0.04787
13919,-12399,24.958,-4.2965,-4.8238,1.9953,0.0022185,894.98,27.621,-61.206,88.255,-96.306,0,0.33,0.25469,0.043859
8228.7,-7970.3,26.843,-3.9281,-4.067,1.0275,0.0014915,684.45,25.203,-17.558,51.592,-62.318,0,0.33,0.27065,0.04787
7118.6,-7111,27.18,-4.1561,-3.5084,0.87613,0.001317,660.1,26.273,-14.611,33.642,-57.851,0,0.33,0.27858,0.043861
6052.8,-6372.4,27.416,-3.8918,-3.6234,0.76137,0.0012459,605.86,24.129,-9.4127,36.164,-52.329,0,0.33,0.27858,0.047871
3596.6,-4510.1,28.145,-3.1939,-3.8128,0.38186,0.00094061,400.1,17.472,-0.29291,32.628,-32.125,0,0.33,0.27859,0.060103
4224.7,-5076.1,27.907,-3.4119,-3.7737,0.50575,0.0010571,472.76,19.695,-2.2418,35.527,-38.905,0,0.33,0.27858,0.056037
3142.3,-3989,28.363,-2.9907,-3.8329,0.27299,0.00081406,329.43,15.288,0.80826,28.262,-26.024,0,0.33,0.27858,0.064117
6960,-7116.5,27.165,-3.6411,-4.1537,0.86138,0.0013877,616.02,22.785,-11.187,52.574,-54.351,0,0.33,0.27065,0.051937
8943,-8590,26.608,-3.5907,-4.6083,1.1352,0.0016413,686.65,22.926,-21.652,71.731,-64.971,0,0.33,0.2627,0.051936
10669,-9990.2,25.964,-3.4884,-5.0457,1.4966,0.0019464,763.41,22.162,-36.336,95.135,-76.83,0,0.33,0.25469,0.051936
5045.4,-5689.4,27.661,-3.6444,-3.7112,0.63535,0.0011593,542.61,21.928,-5.1628,36.686,-45.86,0,0.33,0.27858,0.051932
1294.4,-1565.6,29.27,-2.4979,-2.8853,0.014169,0.00019039,72.669,7.2582,-2.0336,2.1232,-7.2072,0,0.33,0.30254,0.076385
1048.4,-1286.1,29.387,-2.4642,-2.6352,0.0092916,0.00017731,52.547,6.2106,-1.4833,0.42033,-6.4929,0,0.33,0.31049,0.076391
942.84,-1170.7,29.443,-2.3404,-2.6564,0.0077274,0.00018648,42.109,4.8264,-1.1199,0.8876,-6.1067,0,0.33,0.31053,0.080386
1166.1,-1417.3,29.338,-2.36,-2.8973,0.0098656,0.00017348,56.698,5.7367,-1.611,2.0837,-6.2972,0,0.33,0.30255,0.080375
1913,-2337,28.961,-2.8265,-3.1333,0.067888,0.00039343,166.23,11.563,-1.0658,7.6477,-13.115,0,0.33,0.29459,0.068379
1755.3,-2121.4,29.059,-2.6631,-3.1536,0.041258,0.00031015,127.82,9.8258,-1.6114,6.2537,-10.28,0,0.33,0.2946,0.072385
2356.3,-2892.1,28.77,-2.835,-3.4685,0.11774,0.00053219,214.66,12.553,-0.059951,14.793,-16.436,0,0.33,0.28661,0.068257
2164.8,-2611.3,28.904,-2.6589,-3.4754,0.072077,0.00042013,165.52,10.634,-0.69905,11.986,-12.662,0,0.33,0.28663,0.072303
1599.4,-1918.9,29.15,-2.5053,-3.1642,0.02409,0.00023893,97.127,8.1219,-1.6861,5.0691,-8.1335,0,0.33,0.2946,0.076374
1775,-2102.1,29.132,-2.3249,-3.4611,0.022847,0.00023374,94.271,6.9262,-0.98866,7.0023,-7.747,0,0.33,0.28665,0.080346
1445.2,-1730.5,29.236,-2.3545,-3.1655,0.014376,0.00018952,74.079,6.453,-1.2968,4.0098,-6.6668,0,0.33,0.2946,0.080368
1971.1,-2347,29.024,-2.4883,-3.4727,0.0413,0.00031683,125.34,8.7567,-1.0501,9.3124,-9.7889,0,0.33,0.28664,0.076317
837.39,-1054.7,29.5,-2.2235,-2.67,0.0069883,0.00020451,34.41,3.4731,-0.4735,1.2593,-5.9364,0,0.33,0.31054,0.084375
1038.6,-1273.4,29.404,-2.2301,-2.9008,0.0079536,0.00017685,45.462,4.2503,-0.86711,1.9027,-5.7791,0,0.33,0.30255,0.084364
1168.1,-1408.1,29.388,-2.0777,-3.143,0.0079388,0.0001717,46.604,3.2474,0.060245,1.9561,-5.1206,0,0.33,0.2946,0.088359
1062.1,-1287.4,29.456,-1.9504,-3.1204,0.0071714,0.00018962,38.258,1.7077,0.58414,1.2587,-4.768,0,0.33,0.29459,0.092386
1198.8,-1405,29.47,-1.7569,-3.3449,0.0071026,0.00019397,36.992,0.16594,1.5297,2.3545,-3.4895,0,0.33,0.28653,0.096609
982.98,-1195.3,29.52,-1.8295,-3.091,0.0067502,0.00020576,31.63,0.22036,0.95596,1.1168,-4.5282,0,0.33,0.29457,0.096433
1297.1,-1527.4,29.395,-1.887,-3.3834,0.0077953,0.0001733,45.322,1.7758,1.0097,2.5411,-4.3668,0,0.33,0.28656,0.092487
1427,-1684.4,29.316,-2.0245,-3.4159,0.0093422,0.00016587,56.261,3.4417,0.27669,3.5114,-5.25,0,0.33,0.28661,0.088394
1297.9,-1557.7,29.315,-2.2119,-3.1582,0.0097794,0.00016844,57.857,4.8275,-0.60927,2.9621,-5.7169,0,0.33,0.29461,0.084359
1588.9,-1879.4,29.229,-2.1701,-3.4418,0.013355,0.00018258,71.735,5.1547,-0.4999,5.0834,-6.304,0,0.33,0.28665,0.08436
2586.3,-3166.9,28.734,-2.6131,-3.8295,0.11528,0.00054457,205.69,11.057,0.19225,19.147,-16.222,0,0.33,0.2786,0.072149
2835.6,-3546.1,28.559,-2.7986,-3.8378,0.18386,0.00068091,264.01,13.147,0.82876,23.576,-20.702,0,0.33,0.27859,0.068131
3101.6,-3809.2,28.584,-2.1632,-4.508,0.14335,0.00061842,225.41,8.0906,-2.9363,27.926,-19.388,0,0.33,0.26265,0.076362
2687.1,-3285.7,28.742,-2.3267,-4.1613,0.099408,0.00051089,189.1,8.8128,-1.0651,21.044,-16.153,0,0.33,0.2706,0.076334
3089.4,-3774,28.648,-1.7643,-4.7417,0.12268,0.00057665,205.97,4.5373,-3.7638,27.085,-17.217,0,0.33,0.25468,0.080324
2670.7,-3276.3,28.778,-1.987,-4.4312,0.081559,0.00045871,171.98,5.9119,-3.1399,20.684,-16.008,0,0.33,0.26265,0.080352
2353.8,-2856.2,28.906,-2.1517,-4.1108,0.055241,0.00037446,142.68,6.7266,-1.5735,15.789,-13.232,0,0.33,0.27061,0.080349
2337.1,-2812.8,28.889,-2.4335,-3.8101,0.067033,0.00041383,156.45,9.0251,-0.42444,14.876,-12.69,0,0.33,0.27862,0.076201
2082.6,-2483.8,29.024,-2.2616,-3.7813,0.03667,0.00030101,117.25,7.0521,-0.72817,11.203,-10.087,0,0.33,0.27865,0.080299
1457.8,-1720.8,29.342,-1.8075,-3.6607,0.0088879,0.00016828,52.895,1.5541,0.042624,4.9998,-5.6108,0,0.33,0.27855,0.092388
1626.1,-1925.4,29.247,-1.9487,-3.7062,0.012023,0.00017669,67.156,3.3215,-0.18157,6.1864,-6.8568,0,0.33,0.27858,0.088352
1328.6,-1564.5,29.432,-1.6734,-3.6093,0.0076089,0.00018057,42.468,-0.15106,-0.063949,4.7535,-4.4223,0,0.33,0.27855,0.096487
2046.3,-2477.9,29.046,-1.9877,-4.0537,0.029552,0.00026766,106.77,4.722,-1.7967,11.689,-11.217,0,0.33,0.2706,0.084347
2304.8,-2825.3,28.94,-1.8231,-4.348,0.044218,0.00032911,129.65,3.8277,-3.3888,15.075,-13.663,0,0.33,0.26265,0.084341
1839,-2185.5,29.142,-2.0997,-3.7463,0.019866,0.00021914,87.829,5.1498,-0.59708,8.3239,-8.2447,0,0.33,0.27863,0.084342
1009.7,-1221.4,30.073,0.46757,-4.0887,0.0066475,0.00014969,25.394,-25.449,-3.5147,11.618,-6.2151,0,0.33,0.21466,0.12462
1099.9,-1328.7,29.979,0.43587,-4.222,0.0069521,0.00018746,29.855,-24.68,-3.4213,12.725,-6.8853,0,0.33,0.21466,0.12047
1027,-1227.7,30.035,0.24864,-4.0406,0.0064657,0.00012381,22.855,-22.432,-1.2331,10.252,-5.8313,0,0.33,0.22269,0.12458
1121.6,-1341.3,29.944,0.20815,-4.1699,0.0067242,0.00016094,26.976,-21.545,-1.6821,11.616,-6.2495,0,0.33,0.22266,0.1205
1214.2,-1455.8,29.925,0.65132,-4.3853,0.0076931,0.00019826,39.032,-27.45,-2.7115,13.368,-7.2281,0,0.33,0.20669,0.11648
1304.2,-1482.1,29.98,0.89217,-4.3899,0.0081059,0.0001899,42.897,-31.148,-1.8775,13.168,-5.8539,0,0.33,0.19862,0.11643
1427.2,-1608.6,29.891,0.88418,-4.5356,0.008943,0.00017488,51.367,-30.604,-1.1103,12.134,-5.7702,0,0.33,0.19862,0.11242
1351.7,-1596.4,29.828,0.63167,-4.5279,0.008426,0.00018024,47.019,-26.708,-1.9099,12.753,-7.2877,0,0.33,0.20671,0.11245
1209.8,-1453.4,29.881,0.4022,-4.3573,0.0073861,0.00020223,35.494,-23.85,-2.9812,12.995,-7.342,0,0.33,0.21467,0.11643
1347.5,-1610,29.744,0.12064,-4.4382,0.0076489,0.00019829,38.853,-19.586,-1.5865,12.256,-7.0986,0,0.33,0.22263,0.11247
1345.9,-1603.5,29.78,0.36919,-4.4968,0.0080468,0.00018859,42.948,-22.958,-2.4083,12.818,-7.6203,0,0.33,0.21468,0.11243
1223.8,-1465.5,29.846,0.16518,-4.3021,0.0070911,0.00019575,32.133,-20.601,-1.757,12.183,-6.6731,0,0.33,0.22264,0.11647
1167.4,-1371.4,29.914,-0.014558,-4.0777,0.006532,0.00013522,24.556,-18.743,0.74615,10.75,-5.0472,0,0.33,0.23067,0.12064
1063.7,-1253.3,30.003,0.033841,-3.9543,0.0063178,0.00010381,20.78,-19.728,1.2319,9.438,-4.7395,0,0.33,0.23068,0.12465
1174.3,-1378.6,29.745,-0.49888,-3.9196,0.0064956,0.00014545,25.193,-12.937,0.53398,9.4401,-4.3343,0,0.33,0.24661,0.11663
1291.2,-1488.1,29.785,-0.29046,-4.0691,0.0066315,0.0001569,26.958,-15.144,1.7302,10.429,-3.5525,0,0.33,0.23863,0.11667
1079.5,-1351.5,29.655,-0.77095,-3.8683,0.0066126,0.00017595,27.607,-9.723,-1.6222,8.3924,-9.0564,0,0.33,0.25463,0.11259
1291.9,-1514.7,29.647,-0.57752,-4.0315,0.0067969,0.00018895,30.225,-11.617,0.59495,9.1586,-4.8698,0,0.33,0.24668,0.11249
963.85,-1220.2,29.749,-0.68527,-3.7693,0.0063595,0.00013124,22.973,-11.08,-1.056,8.5914,-8.8456,0,0.33,0.25458,0.11668
1415.2,-1631.8,29.684,-0.35857,-4.192,0.0069899,0.00019165,32.36,-13.907,1.7213,10.347,-4.0955,0,0.33,0.23864,0.11265
1281.8,-1501.1,29.817,-0.067497,-4.2042,0.0068291,0.00017762,29.202,-17.686,0.44813,11.304,-5.4341,0,0.33,0.23066,0.11663
1413.1,-1649.7,29.715,-0.12443,-4.3351,0.0072746,0.00019894,35.153,-16.552,0.28436,11.376,-5.8706,0,0.33,0.23065,0.11261
1561.7,-1752,29.802,0.87978,-4.6872,0.010167,0.00016334,62.465,-30.019,-0.46493,11.611,-5.599,0,0.33,0.19862,0.10843
1510,-1769.7,29.73,0.61545,-4.678,0.0095625,0.00016647,57.71,-25.933,-1.186,12.414,-7.2208,0,0.33,0.20672,0.10845
1707.6,-2013.2,29.568,0.30605,-4.798,0.010998,0.00016525,66.709,-21.002,-1.3376,13.113,-7.9004,0,0.33,0.21468,0.10445
1943,-2282.1,29.452,0.27399,-4.9607,0.014452,0.00016874,85.443,-19.921,-1.2812,14.571,-7.9811,0,0.33,0.21467,0.10045
2203.1,-2615,29.276,-0.081327,-5.0486,0.021587,0.00020793,102.55,-14.713,-1.4683,16.975,-9.0586,0,0.33,0.22261,0.096476
1922.2,-2277.9,29.407,-0.025251,-4.8852,0.014038,0.00017893,78.107,-16.06,-1.2339,14.058,-8.4429,0,0.33,0.22261,0.10047
1693.1,-2010,29.526,0.026359,-4.7291,0.010385,0.00017197,60.516,-17.321,-1.1967,12.725,-7.9499,0,0.33,0.22261,0.10446
1510.6,-1790.3,29.676,0.3376,-4.6435,0.0091198,0.00017296,53.008,-22.012,-1.7881,12.709,-7.805,0,0.33,0.21468,0.10844
1503.4,-1790.2,29.638,0.074678,-4.5802,0.0085893,0.00018026,47.935,-18.495,-1.336,12.29,-7.5262,0,0.33,0.22262,0.10846
1560,-1799.8,29.579,-0.43177,-4.3193,0.0075923,0.00019359,39.472,-12.578,1.7299,10.12,-4.7256,0,0.33,0.23864,0.10861
1428.6,-1671.6,29.546,-0.66259,-4.1466,0.0072764,0.00019962,36.707,-10.194,0.62918,8.7096,-5.4645,0,0.33,0.24673,0.10838
1212.8,-1502.2,29.558,-0.86545,-3.9704,0.0069948,0.00019927,33.495,-8.2593,-2.0824,7.9649,-9.2006,0,0.33,0.2547,0.10844
1949.1,-2280,29.379,-0.31773,-4.7635,0.013115,0.00018537,70.294,-12.62,0.51649,12.605,-7.8734,0,0.33,0.23056,0.10048
1743.5,-2035.4,29.497,-0.24934,-4.6146,0.0096164,0.00017726,54.359,-14.027,0.40412,11.604,-7.0226,0,0.33,0.23058,0.10451
2201.6,-2588.9,29.249,-0.39152,-4.9175,0.020901,0.00022102,93.028,-11.117,0.24539,15.128,-8.914,0,0.33,0.23055,0.096486
1566.6,-1827.2,29.608,-0.18498,-4.4716,0.0080408,0.00018749,43.158,-15.336,0.27045,11.361,-6.3801,0,0.33,0.23061,0.10855
653.84,-852.17,29.769,-1.5783,-2.7677,0.0059324,7.9041e-05,14.757,-3.8698,-1.0743,4.0937,-5.7155,0,0.33,0.30254,0.1085
469.49,-654.34,29.834,-1.641,-2.6042,0.0058046,5.9059e-05,11.216,-4.0275,-2.6783,3.9929,-5.6644,0,0.33,0.3105,0.10857
451.84,-637.06,29.899,-1.548,-2.568,0.0057372,4.6988e-05,9.289,-5.1997,-4.1151,5.1971,-5.2329,0,0.33,0.31045,0.11294
631.99,-830.89,29.839,-1.476,-2.7221,0.0058305,5.7564e-05,12.095,-5.1427,-1.0388,5.3877,-5.5668,0,0.33,0.30249,0.1129
927.31,-1128.1,29.582,-1.7152,-3.0556,0.0064555,0.00018678,26.217,-1.1994,1.251,1.5761,-4.2979,0,0.33,0.29457,0.10043
886.18,-1075.1,29.645,-1.6063,-3.0151,0.0062319,0.00013977,21.712,-2.5681,1.7045,2.5336,-4.0693,0,0.33,0.29459,0.1044
1119.4,-1304.3,29.543,-1.6348,-3.3016,0.0066899,0.00020127,30.369,-1.3609,2.1131,2.8231,-2.6191,0,0.33,0.28653,0.10067
1052.7,-1217.6,29.615,-1.5215,-3.2549,0.0064013,0.00016832,25.037,-2.8104,2.9436,3.7457,-1.8059,0,0.33,0.28654,0.10466
852.04,-1033.8,29.712,-1.5003,-2.971,0.0060579,9.8912e-05,17.857,-3.9307,2.352,3.9296,-3.8381,0,0.33,0.29459,0.10846
938.39,-1077.6,29.77,-1.3129,-3.1538,0.0060235,8.5444e-05,16.879,-5.6032,4.4203,6.2373,-0.38634,0,0.33,0.28655,0.11284
814.8,-992.32,29.786,-1.3957,-2.9226,0.0059212,6.9642e-05,14.521,-5.2753,3.2913,5.3106,-3.5479,0,0.33,0.29456,0.11276
995.19,-1145.1,29.69,-1.415,-3.206,0.0061872,0.00012021,20.622,-4.2249,3.7437,5.0344,-1.0496,0,0.33,0.28655,0.10868
689.8,-822.07,30.019,-0.95777,-3.1771,0.0058038,4.7629e-05,10.924,-9.921,1.0455,5.4213,-0.95151,0,0.33,0.27859,0.12485
779.34,-917.71,29.945,-1.0377,-3.2435,0.0058853,5.9344e-05,13.188,-8.7425,0.88751,6.7198,-0.79143,0,0.33,0.27858,0.12081
734.68,-838.57,30.003,-1.0487,-2.989,0.0057431,3.9616e-05,9.3427,-9.2454,6.0537,5.9094,0.047786,0,0.33,0.28653,0.12524
811.08,-918.59,29.93,-1.129,-3.0446,0.00581,4.7933e-05,11.324,-8.1073,5.5746,6.6912,0.21549,0,0.33,0.28653,0.1212
817.95,-1046.5,29.852,-1.001,-3.4706,0.0060867,9.2473e-05,17.964,-8.3678,-2.8938,7.7821,-5.9661,0,0.33,0.27064,0.1167
836.88,-1112.2,29.805,-0.85036,-3.6169,0.0062099,0.00011034,20.329,-9.5606,-2.5302,8.1642,-10.191,0,0.33,0.26267,0.11669
947.49,-1238.4,29.714,-0.94035,-3.7052,0.0064163,0.00014878,24.487,-8.208,-3.5213,8.2944,-10.217,0,0.33,0.26267,0.11267
921.41,-1162.5,29.764,-1.0942,-3.5481,0.0062547,0.00012417,21.649,-7.0274,-3.5758,8.0616,-6.0412,0,0.33,0.27064,0.1127
865.55,-1015,29.864,-1.1245,-3.3088,0.0059918,7.7424e-05,15.915,-7.4931,0.73123,7.3885,-0.83922,0,0.33,0.27858,0.11678
949.05,-1111.2,29.778,-1.2187,-3.373,0.0061338,0.00010454,19.245,-6.1684,0.52969,7.3804,-1.1324,0,0.33,0.27858,0.11274
878.07,-999.87,29.851,-1.2168,-3.0993,0.0059001,6.228e-05,13.789,-6.8991,5.0516,6.8121,0.069434,0,0.33,0.28653,0.11707
431.53,-609.08,29.966,-1.456,-2.5273,0.0056871,4.0691e-05,7.7535,-6.3116,-5.005,6.012,-4.7714,0,0.33,0.31041,0.1172
602.2,-789.84,29.912,-1.3779,-2.674,0.005754,4.4651e-05,9.9133,-6.3396,-0.43084,6.2276,-5.4125,0,0.33,0.30243,0.11724
714.06,-861.96,29.937,-1.2088,-2.8224,0.0057445,4.0406e-05,9.5969,-7.6915,5.8354,6.4925,-3.2043,0,0.33,0.29447,0.12131
654.93,-795.96,30.007,-1.1296,-2.7726,0.0056908,3.509e-05,7.8911,-8.78,6.9443,6.2242,-3.2562,0,0.33,0.29446,0.12533
768.01,-930.8,29.862,-1.297,-2.872,0.0058183,5.0995e-05,11.763,-6.5311,4.5715,6.1743,-3.298,0,0.33,0.2945,0.11715
1121.2,-1308.9,29.605,-1.4289,-3.495,0.0065855,0.00018938,28.235,-3.3054,0.078847,5.8323,-2.4655,0,0.33,0.27857,0.1047
1218.9,-1429.8,29.519,-1.5466,-3.5532,0.006972,0.00020083,34.457,-1.7727,-0.11386,5.1176,-3.3671,0,0.33,0.27856,0.10062
1074.8,-1380.6,29.619,-1.0407,-3.7958,0.0067128,0.00018988,29.674,-6.7562,-4.351,8.0592,-10.125,0,0.33,0.26268,0.10858
1032.1,-1284,29.672,-1.1969,-3.6256,0.0064857,0.00016986,26.167,-5.6038,-4.0182,7.8291,-6.1823,0,0.33,0.27064,0.10868
1033,-1205.3,29.691,-1.3201,-3.4353,0.0063238,0.00014411,23.296,-4.7682,0.3204,6.7283,-1.697,0,0.33,0.27858,0.10871
2322.3,-2736.7,29.093,-1.0698,-4.6463,0.026829,0.00025974,100.21,-3.6109,-0.48163,13.067,-9.0327,0,0.33,0.24667,0.092299
2483.7,-2922.9,29.093,-0.78178,-4.8796,0.033878,0.00029241,112.68,-6.2905,0.96574,16.671,-9.1174,0,0.33,0.23853,0.092465
2527.7,-2994.1,29.1,-0.4736,-5.0766,0.037459,0.00029336,124.82,-9.5115,-0.63159,19.923,-10.14,0,0.33,0.23055,0.092497
7482.1,-27812,22.828,-9.3436,-2.1211,2.6039,0.0025226,1029.7,45.843,-89.219,-46.586,-81.446,0,0.33,0.24659,0.011961
1336.1,-24870,22.633,-8.8198,-2.7091,2.7895,0.0026196,1061.8,43.945,-124.58,-61.382,-97.75,0,0.33,0.24659,0.015948
1552.4,-22523,22.453,-8.1735,-3.2345,2.9729,0.0027326,1084.9,41.773,-143.34,-49.893,-111.37,0,0.33,0.24659,0.019935
14189,-12786,24.617,-3.7664,-5.354,2.2749,0.0024659,917.6,23.137,-67.007,122,-98.104,0,0.33,0.2466,0.047871
12428,-11514,25.247,-3.3282,-5.4477,1.9479,0.0022824,848.09,20.308,-52.141,123.31,-86.309,0,0.33,0.2466,0.051937
15962,-14076,24.014,-4.2583,-5.2099,2.5681,0.0026215,975.14,25.952,-83.347,114.23,-108.41,0,0.33,0.2466,0.043859
810.95,-948.44,30.368,0.7569,-3.5822,0.006127,7.6652e-05,16.17,-30.535,-3.1017,1.9664,-3.6257,0,0.33,0.20663,0.14088
899.9,-1008.2,30.42,0.95894,-3.5839,0.0062752,9.5927e-05,18.654,-33.355,-1.1463,2.9265,-2.9078,0,0.33,0.19862,0.14046
949.68,-1070.9,30.379,0.95345,-3.7153,0.0064242,0.00011591,21.162,-33.114,-1.6519,6.269,-3.5294,0,0.33,0.19861,0.13642
904.26,-969.63,30.523,1.1617,-3.4659,0.0063209,0.0001028,19.075,-36.562,1.7408,1.4159,-0.587,0,0.33,0.19066,0.14438
837.46,-935.82,30.447,0.96095,-3.4552,0.0061511,7.9712e-05,16.374,-33.562,-0.55466,0.84444,-2.5822,0,0.33,0.19862,0.14447
963.09,-1035.4,30.497,1.1676,-3.5939,0.0064747,0.0001232,21.517,-36.507,0.48713,4.1644,-1.0644,0,0.33,0.19066,0.14039
751.76,-878.11,30.396,0.76397,-3.4554,0.0060191,6.2974e-05,13.975,-30.858,-3.0103,0.6356,-3.3872,0,0.33,0.20665,0.14501
1011.5,-1088,30.455,1.1684,-3.7233,0.006667,0.00014839,24.249,-36.427,-0.84053,7.9268,-1.7168,0,0.33,0.19066,0.13639
599.42,-718.6,30.446,0.78051,-3.2203,0.0058469,4.4107e-05,9.9461,-31.401,-4.9006,3.2503,-3.764,0,0.33,0.20665,0.15307
679.5,-798.78,30.419,0.77077,-3.334,0.0059262,5.2086e-05,11.887,-31.146,-3.6547,1.0864,-3.4809,0,0.33,0.20665,0.14905
678.74,-771.58,30.488,0.96,-3.2149,0.0059482,5.4255e-05,12.049,-33.913,-0.8945,2.4037,-2.6669,0,0.33,0.1986,0.15259
764.1,-854.6,30.466,0.9599,-3.3313,0.0060431,6.5841e-05,14.171,-33.743,-0.28912,0.61968,-2.5127,0,0.33,0.19862,0.1485
838.61,-900.68,30.54,1.1517,-3.3416,0.0061913,8.4896e-05,16.762,-36.599,2.7041,0.55598,-0.30378,0,0.33,0.19066,0.14838
765.41,-825.04,30.556,1.1395,-3.2219,0.0060759,6.9106e-05,14.459,-36.623,3.0359,1.7093,-0.33766,0,0.33,0.19065,0.15242
524.53,-643.65,30.484,0.79446,-3.114,0.0057832,3.9514e-05,8.2884,-31.648,-6.0743,6.5317,-3.9449,0,0.33,0.20664,0.15711
490.92,-621.68,30.453,0.62655,-3.1257,0.0057161,3.6307e-05,6.769,-29.405,-5.1091,7.1189,-4.3027,0,0.33,0.2146,0.15716
546.92,-678.43,30.41,0.60601,-3.2294,0.0057685,3.842e-05,8.1984,-29.089,-4.1118,4.1283,-4.0311,0,0.33,0.2146,0.15316
444.86,-573.94,30.507,0.64845,-3.0272,0.0056768,3.5989e-05,5.6954,-29.686,-5.512,9.6169,-4.4887,0,0.33,0.2146,0.16115
450.37,-589.44,30.485,0.50361,-3.0152,0.0056378,3.5084e-05,4.8306,-27.684,-2.5358,9.5731,-5.3907,0,0.33,0.22257,0.16109
470.24,-571.26,30.533,0.80983,-3.015,0.0057337,3.7816e-05,6.9663,-31.904,-6.9204,9.4218,-4.0138,0,0.33,0.20663,0.16113
36511,-26983,0.747,3.3483,1.5183,12.013,0.0052078,2319.8,-38.442,-274.69,256.25,-112.33,0,0.33,0.015487,0.16815
45905,-15583,2.3237,4.4804,-0.057271,15.416,0.0063452,2297,-43.143,-180.97,531.71,-306.2,0,0.33,0.023439,0.16817
22186,-22437,0.047414,3.1558,2.2267,12.486,0.0059063,2151.1,-43.293,-320.98,84.724,-34.389,0,0.33,0.015508,0.16412
25370,-11667,0.81313,4.3366,0.30703,14.443,0.007369,1962.6,-47.585,-254.58,259.68,-199.42,0,0.33,0.023462,0.16415
22158,-2744.3,1.4464,5.0371,-0.93092,17.442,0.0095494,1817.1,-56.712,-227.18,303.34,-281.3,0,0.33,0.031402,0.16017
15437,-8793.1,-0.0056503,4.1298,0.82217,14.956,0.0085102,1768.8,-52.522,-300.69,125.83,-123.72,0,0.33,0.023479,0.16013
36644,-6046.1,3.0348,5.1591,-1.1185,18.477,0.0083125,2113.8,-52.09,-158.94,497.87,-373.34,0,0.33,0.031388,0.16419
30666,-9980.9,5.5265,5.1556,-1.0751,20.607,0.0070849,2499.6,-47.924,-72.337,786.48,-469.93,0,0.33,0.031374,0.1682
19599,-18931,-0.29746,2.9555,2.9703,13.745,0.0068151,2061.2,-48.673,-346.61,24.534,7.7969,0,0.33,0.015528,0.1601
-1.1921e+05,-78897,0.69609,1.9128,3.6296,10.66,0.0026488,3120,-35.662,66.106,54.059,1925.8,0,0.33,0.0075603,0.16813
1.529e+05,-91896,1.3446,2.0805,2.6617,10.495,0.0024242,3205.3,-31.178,37.744,312.21,1823.3,0,0.33,0.0075396,0.17215
68102,-31336,2.4368,3.4786,0.99791,13.056,0.0044913,2702.7,-34.213,-186.88,642.02,-248.92,0,0.33,0.015465,0.17217
2.2807e+05,-85104,3.6457,2.1821,1.9515,10.55,0.0020303,3353.7,-27.54,67.471,887.78,1597,0,0.33,0.00752,0.17617
3.8251e+05,-1.3008e+05,2.8397,1.4604,2.5709,8.8418,0.00073953,3518.3,-26.773,245.9,744.75,3503.3,0,0.33,0,0.17616
2.4127e+05,-1.4422e+05,1.2362,1.3114,3.6473,9.8813,0.00078733,3714.5,-30.475,316.78,159.91,3792.2,0,0.33,0,0.17214
53601,-31842,6.1063,3.4407,0.9529,14.493,0.0036115,3193,-30.841,-61.947,1135,-384.35,0,0.33,0.015445,0.17619
-2.7192e+05,-1.2364e+05,0.99866,1.1445,4.8192,10.359,0.00081149,3793,-35.042,446.39,-22.018,3867.7,0,0.33,0,0.16811
43553,-19167,5.2353,4.4746,-0.086883,17.666,0.0052118,2793.1,-39.18,-76.266,944.08,-426.24,0,0.33,0.023412,0.17219
-46051,-15694,14.144,4.5489,-0.002518,20.552,0.0052646,2899.8,-41.234,77.303,1206.2,-497.03,0,0.33,0.031342,0.17624
-15114,-13490,9.3155,4.9602,-0.69097,22.244,0.0060214,2857.6,-44.189,19.086,1096.1,-526.09,0,0.33,0.031356,0.17222
-4773,-20499,9.88,4.2334,0.35355,18.46,0.0043261,3127.4,-36.094,24.071,1254,-484.89,0,0.33,0.023389,0.17621
-17688,-4850.5,11.202,5.5458,-2.3566,27.781,0.0099268,2380,-59.513,25.723,804.2,-566.32,0,0.33,0.047201,0.16428
25770,-4784.9,6.6724,5.5444,-1.9749,23.832,0.008982,2319.4,-56.089,-54.596,704.43,-509.14,0,0.33,0.039297,0.16423
-41137,-7025.4,14.586,5.2605,-1.7751,26.744,0.0091659,2474.4,-55.827,69.979,911.39,-553.38,0,0.33,0.047191,0.1683
-15626,-8171,9.8711,5.3739,-1.5893,25.217,0.0079828,2590.6,-52.158,18.318,920.2,-555.33,0,0.33,0.039285,0.16825
34055,-1107.8,4.2912,5.5674,-2.1383,22.072,0.010144,2028.8,-60.476,-126.68,508.07,-436.03,0,0.33,0.039309,0.16022
12534,-1854,8.3197,5.7072,-2.7895,27.102,0.010748,2196.6,-63.599,-30.488,664.38,-539,0,0.33,0.047211,0.16027
-41796,-8317.9,18.271,4.867,-1.0966,23.004,0.0082365,2404.4,-52.531,92.186,936.98,-488.26,0,0.33,0.047181,0.17231
-36774,-5276.5,18.986,4.9582,-1.8072,24.507,0.010226,2203.5,-58.83,85.328,803.5,-490.77,0,0.33,0.055098,0.16835
-31461,-5746,22.057,4.5806,-1.1756,18.973,0.0088307,2021.9,-55.643,85.719,757.02,-408.67,0,0.33,0.055089,0.17235
-15849,-3506.5,27.168,3.9266,-0.79491,8.2501,0.0060613,1305.5,-55.109,53.921,463.43,-241.68,0,0.33,0.063012,0.17641
-22192,-3464.4,25.146,4.2488,-1.25,13.596,0.0081661,1623.6,-57.914,70.983,581.55,-326.39,0,0.33,0.06302,0.1724
-23768,-5754.4,24.805,4.1871,-0.61606,12.712,0.0070915,1708.8,-52.805,71.094,639.79,-312.28,0,0.33,0.05508,0.17636
-33484,-8807.4,21.835,4.4103,-0.43256,16.932,0.0070621,2125.3,-49.674,87.092,839.08,-385.64,0,0.33,0.047171,0.17632
-27599,-3194.6,22.73,4.5759,-1.7948,19.482,0.010188,1861.5,-61.021,80.388,659.36,-407.33,0,0.33,0.063026,0.16839
-46118,-10695,13.886,5.0367,-0.97123,24.34,0.0071386,2713.6,-48.676,74.988,1074.2,-538.64,0,0.33,0.039273,0.17226
-43874,-12244,18.237,4.5595,-0.23778,19.884,0.0062492,2539.7,-45.797,94.003,1044.5,-453.49,0,0.33,0.039261,0.17628
-17517,-26357,16.99,2.7032,1.9666,10.66,0.0025434,2806.3,-28.335,66.416,1241.5,-264.03,0,0.33,0.015426,0.18423
-2190.9,-29555,11.528,3.1533,1.4094,13.714,0.0029253,3280.3,-28.901,35.31,1375.7,-381.52,0,0.33,0.015429,0.18021
1.5503e+05,-21455,15.027,1.754,2.2957,6.9105,0.0012944,2679.5,-25.208,215.97,1454.3,894.79,0,0.33,0.0075024,0.18421
1.4729e+05,-50230,8.7237,2.0712,1.9007,9.3701,0.0015601,3222.3,-25.451,148.6,1419.7,1253.9,0,0.33,0.0075038,0.18019
2.7102e+05,-64974,7.6292,1.4359,2.1793,6.6621,0.00062366,3042.6,-24.617,285.88,1418.9,2846.7,0,0.33,0,0.18018
3.2042e+05,-12801,14.32,1.2049,2.4317,4.1448,0.00048483,2390,-24.43,370.57,1556.5,2014.3,0,0.33,0,0.1842
-5877.2,-20957,21.364,2.2518,2.3363,7.2599,0.002238,2136.2,-28.403,61.996,951.41,-154.68,0,0.33,0.015443,0.18824
-13892,-15918,23.154,2.8135,1.9388,7.6083,0.0028393,1861.8,-32.367,56.777,772.15,-208.57,0,0.33,0.023361,0.18826
-25417,-19638,19.637,3.2851,1.5746,11.554,0.0033407,2440.2,-33.039,72.169,1019.1,-307.77,0,0.33,0.023361,0.18425
-7214.9,-9066.2,27.104,2.7284,1.7045,3.9125,0.0025027,1122.7,-35.438,30.471,433.52,-143.16,0,0.33,0.031298,0.1923
-13940,-11470,25.091,3.1021,1.5138,6.665,0.0032128,1545.7,-36.317,47.773,603.37,-209.64,0,0.33,0.031306,0.18828
-6360.1,-12150,25.756,2.412,2.142,4.6522,0.0023273,1357.4,-32.001,40.704,558.49,-137.99,0,0.33,0.023364,0.19227
749.28,-15223,24.569,1.869,2.5149,4.5403,0.0019131,1536.3,-28.698,50.271,680.35,-85.585,0,0.33,0.015448,0.19225
-23741,-14212,22.352,3.5398,1.1821,10.642,0.0039647,2038.7,-37.535,67.619,808.39,-297.2,0,0.33,0.031316,0.18427
-34555,-20932,15.116,3.7923,1.0206,15.846,0.003797,2960.7,-34.168,71.957,1241.2,-424.92,0,0.33,0.023372,0.18023
-37710,-16061,18.744,4.0342,0.68641,15.724,0.0046366,2548.2,-39.137,84.995,1048.4,-402.45,0,0.33,0.031328,0.18025
-9122.1,-4467,28.497,3.5132,0.11111,3.9668,0.0039581,956.09,-48.151,28.584,329.7,-158.98,0,0.33,0.055063,0.18438
-15616,-5222.7,26.973,3.8225,-0.1855,7.421,0.00538,1323,-50.32,49.235,480.73,-225.89,0,0.33,0.055071,0.18037
-13656,-6697.9,26.879,3.5985,0.4511,6.2521,0.0044656,1289.3,-45.217,40.696,464.84,-210.96,0,0.33,0.047151,0.18434
-22533,-8101.2,24.762,3.9706,0.092896,10.749,0.0057429,1709.7,-47.272,64.643,651.17,-287.63,0,0.33,0.047161,0.18033
-9876.4,-3290.9,28.673,3.6348,-0.45283,4.4051,0.0043268,962.03,-52.602,34.542,330.44,-166.85,0,0.33,0.063005,0.18041
-5211.7,-3019.2,29.67,3.3842,-0.21765,2.1736,0.0030786,662.18,-50.376,18.226,214.23,-109.54,0,0.33,0.062998,0.18442
-18743,-9920.3,24.815,3.6194,0.81167,8.6491,0.0043837,1652.6,-41.663,54.855,623.58,-259.83,0,0.33,0.039238,0.1843
-7659.5,-5436.7,28.364,3.2864,0.68976,3.4526,0.0033381,929.91,-43.443,22.158,323.21,-147.4,0,0.33,0.047141,0.18835
-11023,-8006,26.878,3.2441,1.0967,5.1068,0.0033966,1229.2,-40.115,34.302,452.97,-184.59,0,0.33,0.039227,0.18831
-5139.3,-6382.6,28.357,2.9249,1.2656,2.8434,0.0025194,876.53,-38.883,17.892,317.65,-125.39,0,0.33,0.039217,0.19233
-2350.5,-4413.4,29.382,3.0216,0.83428,1.8126,0.0023687,644.76,-41.975,9.0732,217.19,-97.064,0,0.33,0.047131,0.19236
-30383,-11852,22.008,4.0578,0.38473,13.757,0.0053339,2121.7,-43.534,79.051,844.01,-349.57,0,0.33,0.03925,0.18029
-12517,-549.55,28.093,3.7971,-1.7673,7.6849,0.0066176,1108.2,-62.815,48.453,364.68,-235.08,0,0.33,0.078995,0.16848
-6971.7,-390.67,29.67,3.4742,-1.8081,3.7368,0.0046732,745.53,-62.625,29.431,228.99,-153.22,0,0.33,0.086911,0.16853
-16406,160.1,26.552,4.007,-2.1854,12.156,0.0088042,1340.4,-65.836,60.593,442.59,-303.8,0,0.33,0.078995,0.16448
-10227,413.9,28.683,3.6308,-2.1242,6.6014,0.0064513,972.04,-65.398,42.118,306.24,-215.44,0,0.33,0.086914,0.16453
-7971.9,997.49,29.267,3.4328,-2.4082,5.2891,0.0060369,827.33,-67.118,34.531,248.89,-188.11,0,0.33,0.09483,0.16059
-13381,1330.9,27.402,3.7887,-2.4984,10.405,0.0085289,1178.6,-68.324,53.082,373.61,-278.69,0,0.33,0.086915,0.16053
-5404.1,78.181,30.052,3.317,-2.1294,3.0152,0.0044242,632.47,-64.434,24.204,184.96,-133.18,0,0.33,0.094828,0.16458
-3085.7,-603.82,30.592,3.2027,-1.8979,1.5543,0.0031465,451.74,-61.896,14.721,125.89,-86.737,0,0.33,0.094826,0.16858
-19540,872.04,24.747,4.2112,-2.6572,17.166,0.011101,1519.8,-69.03,67.739,494.53,-365.26,0,0.33,0.078985,0.16046
-19437,-1477.5,25.774,4.1738,-1.7728,13.298,0.0086875,1491.2,-62.347,66.915,512.33,-321.59,0,0.33,0.071051,0.16843
-14528,-1888.2,27.565,3.9081,-1.3255,8.301,0.006489,1224.7,-59.359,52.996,419.1,-245.55,0,0.33,0.07105,0.17244
-8447.6,-1143,29.284,3.5948,-1.423,4.2916,0.0047438,846.87,-60.013,33.605,271.79,-166.8,0,0.33,0.078992,0.17249
-9523.9,-2122.6,28.938,3.6578,-0.97034,4.5404,0.0046191,923.86,-56.642,35.93,308.04,-171.97,0,0.33,0.071045,0.17644
-4839.9,-1519.2,30.104,3.4087,-1.1578,2.139,0.0033032,597.26,-57.448,19.491,182.43,-108.27,0,0.33,0.078988,0.17649
-4033.1,-974.94,30.352,3.3256,-1.5547,1.8955,0.0032816,530.31,-60.035,17.444,155.17,-99.832,0,0.33,0.086908,0.17253
435.39,-1216,31.106,2.9869,-1.5503,0.33709,0.0015121,202.18,-57.309,2.3709,47.146,-30.016,0,0.33,0.094821,0.17658
-1078.6,-1018.9,30.923,3.0925,-1.7081,0.73919,0.002194,305.61,-59.519,7.3088,79.156,-52.374,0,0.33,0.094824,0.17258
-1456.1,-1304.7,30.772,3.1879,-1.3565,0.88577,0.0022713,355.42,-57.641,8.1018,96.243,-60.231,0,0.33,0.086906,0.17653
-121.1,-748.51,31.123,2.8352,-2.2803,0.41828,0.0018549,203.66,-61.086,4.814,47.059,-32.571,0,0.33,0.11066,0.16468
-2101.3,-394.89,30.796,3.0576,-2.1901,1.1835,0.0029118,370.55,-62.95,11.609,97.674,-71.026,0,0.33,0.10274,0.16463
551.72,-948.78,31.218,2.7665,-2.1348,0.19938,0.0012792,139.59,-59.06,2.4288,29.636,-17.908,0,0.33,0.11066,0.16867
-584.66,-820.1,31.044,2.9718,-2.0146,0.57447,0.0020519,253.25,-60.663,6.208,62.342,-42.68,0,0.33,0.10274,0.16863
-3943.1,288.8,30.391,3.1428,-2.3955,2.2637,0.0040373,517.91,-65.368,18.626,143.23,-109.75,0,0.33,0.10274,0.16064
-1271.7,-363.25,30.948,2.9017,-2.4415,0.84293,0.002605,294.29,-63.223,8.3401,72.643,-54.987,0,0.33,0.11066,0.16068
756.72,-1020.9,31.263,2.6966,-2.0012,0.094565,0.00084181,97.622,-57.149,0.9417,18.908,-9.1262,0,0.33,0.11066,0.17267
783.56,-996.37,31.244,2.577,-2.2495,0.069065,0.00071701,81.195,-57.138,1.7406,14.431,-5.6257,0,0.33,0.11859,0.16868
804.76,-991.76,31.25,2.5168,-2.1246,0.035189,0.00044002,60.824,-55.454,1.1491,10.373,-1.7116,0,0.33,0.11859,0.17267
764.25,-871.84,31.187,2.2819,-2.114,0.010841,0.00017233,35.083,-52.198,0.74927,7.1178,1.8448,0,0.33,0.12665,0.17655
823.54,-937.33,31.192,2.3351,-2.2285,0.015599,0.00024044,42.053,-53.588,1.2956,6.8469,1.3203,0,0.33,0.12664,0.17252
785.25,-951.62,31.249,2.4555,-2.0057,0.019677,0.00027213,47.685,-53.859,0.76647,8.5933,0.26919,0,0.33,0.1186,0.17667
762.82,-1016.5,31.279,2.626,-1.8767,0.046442,0.00051621,71.234,-55.351,0.0055313,12.934,-4.2907,0,0.33,0.11066,0.17666
863.38,-990.58,31.198,2.3882,-2.3482,0.026029,0.00036698,52.255,-55.045,2.0654,7.6596,-0.21379,0,0.33,0.12663,0.16856
423.06,-1033.7,31.18,2.8866,-1.8623,0.26701,0.001419,170.08,-58.512,2.5684,38.174,-24.197,0,0.33,0.10274,0.17263
822.9,-1107.7,31.246,2.8018,-1.7272,0.1237,0.00094054,116.33,-56.501,0.43896,23.356,-13.32,0,0.33,0.10274,0.17662
634.89,-1691.5,30.884,3.0904,-0.81107,0.4477,0.0015899,258.38,-52.976,1.9937,64.471,-37.486,0,0.33,0.078981,0.18449
-1723.9,-1672.7,30.606,3.2416,-0.95923,0.98929,0.0022868,396.73,-55.103,8.7145,111.82,-65.268,0,0.33,0.078985,0.18049
-1719.8,-2137.4,30.44,3.2399,-0.5259,1.038,0.0022604,425,-51.978,8.8896,123.81,-67.626,0,0.33,0.071035,0.18445
-5269.4,-2166.6,29.872,3.435,-0.70871,2.2303,0.0032214,642.98,-54.185,20.176,203.59,-111.12,0,0.33,0.071041,0.18045
1463.4,-1622.5,31.025,2.9505,-0.68991,0.20438,0.0010486,171.65,-51.026,-1.438,36.225,-21.007,0,0.33,0.078976,0.1885
1102.9,-1347.2,31.168,2.8272,-0.95446,0.08461,0.00063563,108.25,-51.559,-3.3826,18.547,-11.464,0,0.33,0.086897,0.18854
1196,-1434.3,31.118,2.9407,-1.0697,0.18151,0.001043,155.06,-53.418,-1.5178,31.89,-19.519,0,0.33,0.0869,0.18454
821.9,-1152.3,31.246,2.5907,-1.0921,0.020123,0.00022172,56.313,-50.018,-2.3255,8.1168,-5.462,0,0.33,0.094812,0.19258
866.02,-1169.9,31.244,2.6879,-1.1853,0.036233,0.00035556,71.543,-51.61,-3.3079,11.355,-6.7582,0,0.33,0.094814,0.18858
943.83,-1301.5,31.185,2.7167,-0.86609,0.041287,0.00036203,80.058,-49.913,-3.1235,11.396,-7.5837,0,0.33,0.086894,0.19254
1278.6,-1534.2,31.089,2.8154,-0.60109,0.094248,0.00061039,119.08,-49.289,-2.153,20.354,-11.855,0,0.33,0.078973,0.1925
940.98,-1245.1,31.232,2.7846,-1.295,0.072578,0.00061076,95.986,-53.364,-2.2667,16.893,-10.022,0,0.33,0.094817,0.18458
498.28,-1426.4,31.003,3.0606,-1.1984,0.39951,0.0015663,232.61,-55.435,1.9854,56.101,-34.535,0,0.33,0.086903,0.18053
1011.9,-1272.1,31.195,2.8848,-1.4145,0.15395,0.001005,136.13,-55.257,-0.51907,27.681,-16.963,0,0.33,0.094819,0.18058
688.33,-844.56,31.245,2.3323,-1.7843,0.0094987,0.00013656,32.905,-50.954,-0.17538,8.2444,1.3736,0,0.33,0.11861,0.18471
741.61,-892.47,31.246,2.3932,-1.8922,0.012668,0.00018564,38.942,-52.358,0.25836,8.1466,1.1268,0,0.33,0.1186,0.18069
661.06,-893.76,31.282,2.4872,-1.65,0.014914,0.00020486,43.793,-52.105,-1.5818,8.7942,-0.86075,0,0.33,0.11065,0.18466
725.77,-962.53,31.282,2.5555,-1.7596,0.024672,0.00030946,54.587,-53.669,-0.86422,10.009,-1.873,0,0.33,0.11065,0.18066
691.66,-799.44,31.185,2.2266,-2.0071,0.0086557,0.00013239,30.059,-50.809,0.11091,7.8461,1.8327,0,0.33,0.12673,0.18043
625.26,-749.55,31.188,2.174,-1.904,0.0076004,0.00010601,26.304,-49.552,-0.30298,8.4921,1.6258,0,0.33,0.12676,0.18443
744.95,-1032.2,31.28,2.6333,-1.4931,0.030351,0.00034,62.697,-52.883,-1.9335,10.933,-4.6536,0,0.33,0.10273,0.18462
615.39,-825.47,31.281,2.4206,-1.5439,0.010557,0.0001492,36.626,-50.638,-1.0233,7.9843,-0.5952,0,0.33,0.11065,0.18866
691.52,-929.43,31.281,2.5523,-1.3889,0.01747,0.00022224,49.712,-51.253,-2.3801,8.8987,-3.5452,0,0.33,0.10273,0.18862
666.49,-934.52,31.279,2.4705,-1.3029,0.011771,0.00015478,41.292,-49.789,-0.50483,6.9781,-3.1651,0,0.33,0.10273,0.19261
639.02,-840.76,31.279,2.3494,-1.449,0.0085917,0.00011382,31.757,-49.327,2.5312,6.0332,-0.56977,0,0.33,0.11065,0.19265
808.33,-1094.8,31.272,2.717,-1.6047,0.059227,0.00057361,83.185,-54.625,-0.84981,15.095,-7.471,0,0.33,0.10274,0.18062
730.69,-814.76,31.047,2.036,-2.5229,0.0083339,0.00015176,28.812,-50.411,-1.6252,5.6149,-0.20247,0,0.33,0.14266,0.16855
632.4,-713.47,30.985,1.8691,-2.6081,0.0069979,0.00011444,22.841,-47.998,-2.8141,7.0648,-1.8551,0,0.33,0.1506,0.16859
825.21,-905.18,31.05,2.0747,-2.638,0.010217,0.0001945,33.485,-51.481,0.13836,4.2307,-0.074231,0,0.33,0.14265,0.16452
737.97,-807.81,30.978,1.8997,-2.7182,0.0075919,0.0001398,26.131,-48.863,-0.9494,4.8642,-1.1773,0,0.33,0.1506,0.16456
713.61,-780.57,30.906,1.7669,-2.8991,0.0070762,0.00013068,23.76,-47.022,2.0292,4.0209,-1.5888,0,0.33,0.15858,0.16054
840.33,-896.62,30.978,1.9379,-2.8339,0.0087446,0.00017659,30.205,-49.754,1.4878,3.2764,-0.97825,0,0.33,0.15058,0.16047
613.46,-691.2,30.914,1.735,-2.7897,0.0066891,0.00010621,20.645,-46.296,-0.66246,6.3779,-2.1114,0,0.33,0.1586,0.16446
522.57,-612.69,30.934,1.7118,-2.6849,0.0064516,8.7849e-05,18.052,-45.604,-2.4667,8.9151,-2.9133,0,0.33,0.1586,0.16844
895.71,-970.14,31.058,2.12,-2.7581,0.014189,0.00026595,39.703,-52.602,1.8793,3.8978,-0.681,0,0.33,0.14262,0.1605
820.48,-915.61,31.122,2.2049,-2.4368,0.012469,0.00021588,37.415,-52.754,0.58325,5.37,1.0434,0,0.33,0.13471,0.16849
741.44,-836.75,31.117,2.1606,-2.322,0.0094108,0.00016289,31.819,-51.518,-0.38569,6.2776,1.1821,0,0.33,0.13472,0.17248
639.21,-732,31.051,2.0002,-2.4134,0.0074136,0.00012321,25.221,-49.375,-2.6088,7.4171,-0.8216,0,0.33,0.14266,0.17255
658.29,-758.76,31.118,2.1162,-2.2125,0.0079598,0.00012941,27.623,-50.329,-1.1589,7.5334,0.83641,0,0.33,0.13472,0.17648
553.47,-655.2,31.064,1.9645,-2.3089,0.0069259,0.00010276,22.295,-48.371,-3.3814,8.9435,-1.5838,0,0.33,0.14266,0.17655
541.83,-635.44,31.002,1.8414,-2.5034,0.0066651,9.5578e-05,20.157,-47.153,-3.7431,9.1327,-2.7614,0,0.33,0.1506,0.17259
390.6,-496.14,30.999,1.6729,-2.4869,0.0061713,6.4335e-05,14.065,-44.279,-4.0358,11.362,-4.1836,0,0.33,0.15862,0.17638
448.08,-548.39,30.965,1.6932,-2.5831,0.0062894,7.4081e-05,15.881,-44.971,-3.3729,10.81,-3.7062,0,0.33,0.1586,0.17255
463.61,-567.19,31.027,1.8146,-2.4033,0.0064548,8.1476e-05,17.889,-46.332,-4.5679,10.359,-3.5429,0,0.33,0.15061,0.17659
555.85,-599.83,30.795,1.4272,-2.8752,0.0060659,6.1404e-05,13.05,-41.202,-0.040513,8.9894,-1.0814,0,0.33,0.17455,0.16425
565.59,-625.62,30.859,1.5841,-2.8408,0.0062877,8.0139e-05,16.329,-43.813,-0.15039,7.8981,-2.1916,0,0.33,0.16661,0.1644
487.62,-542.76,30.835,1.4173,-2.7763,0.0059767,5.2336e-05,11.245,-40.838,-1.1118,11.318,-1.5453,0,0.33,0.17455,0.16828
486.06,-561,30.888,1.5656,-2.7401,0.0061572,6.6668e-05,14.178,-43.244,-1.7366,10.4,-2.7965,0,0.33,0.1666,0.16832
658.6,-709.58,30.838,1.6066,-2.9457,0.0064702,9.8089e-05,18.923,-44.321,2.3388,5.143,-1.6804,0,0.33,0.16662,0.16034
640.87,-678.3,30.765,1.4424,-2.9777,0.0061826,7.4607e-05,15.278,-41.557,1.9121,5.9991,-0.64509,0,0.33,0.17455,0.16023
439.1,-501.03,30.883,1.4103,-2.6801,0.0059063,4.6848e-05,9.7917,-40.507,-1.2878,12.325,-1.829,0,0.33,0.17456,0.17248
500.78,-553.91,30.771,1.2741,-2.7987,0.0058607,4.3829e-05,9.1475,-38.6,-0.9528,11.999,-0.64812,0,0.33,0.18256,0.16818
465.89,-525.22,30.824,1.27,-2.7031,0.0058095,4.0903e-05,7.9919,-38.355,-0.66074,12.55,-0.92394,0,0.33,0.18256,0.17218
417.93,-494.08,30.818,1.1144,-2.6279,0.0057148,3.9185e-05,6.0473,-36.093,0.73441,11.165,-1.7622,0,0.33,0.19044,0.17608
432.69,-507.43,30.765,1.1205,-2.7194,0.0057447,3.9241e-05,6.7249,-36.225,-0.59283,12.596,-1.9406,0,0.33,0.19045,0.17208
450.33,-514.82,30.874,1.2632,-2.6084,0.0057694,3.9562e-05,7.1153,-38.095,0.54285,11.365,-0.9842,0,0.33,0.18256,0.17619
413.68,-480.82,30.929,1.3998,-2.5864,0.0058511,4.3751e-05,8.6501,-40.103,-0.49849,11.53,-1.918,0,0.33,0.17457,0.17651
467.46,-534.89,30.708,1.1207,-2.8124,0.0057828,4.0178e-05,7.6267,-36.323,-1.0764,12.492,-1.9412,0,0.33,0.19045,0.16807
424.57,-509.02,30.929,1.5528,-2.6414,0.0060565,5.7324e-05,12.392,-42.752,-2.6507,11.883,-3.2259,0,0.33,0.1666,0.17246
386.39,-474.26,30.97,1.5393,-2.5467,0.0059783,5.1359e-05,10.939,-42.218,-2.7988,11.689,-3.3986,0,0.33,0.16661,0.17653
433.91,-553.33,31.101,1.8975,-2.1161,0.0064601,7.6172e-05,17.936,-46.467,-4.1026,9.5453,-2.5916,0,0.33,0.14267,0.18456
478.21,-584.12,31.081,1.9302,-2.2098,0.0066408,8.7964e-05,19.859,-47.401,-4.3033,9.7336,-2.1907,0,0.33,0.14266,0.18055
506.9,-627.22,31.137,2.0318,-2.0099,0.0068407,9.0475e-05,21.699,-48.112,-2.544,9.1082,-0.1364,0,0.33,0.13473,0.18451
572.1,-678.23,31.125,2.073,-2.1081,0.0072312,0.00010696,24.294,-49.195,-2.2163,8.6275,0.33439,0,0.33,0.13472,0.1805
433.8,-533.46,31.118,1.8589,-2.0224,0.0063332,6.7963e-05,16.415,-45.55,-1.8652,8.5621,-2.7387,0,0.33,0.14267,0.18856
414.26,-524.79,31.099,1.7287,-2.1206,0.0061206,5.5451e-05,13.291,-43.965,-1.3756,8.066,-3.8972,0,0.33,0.15064,0.18855
392.42,-518.22,31.078,1.7636,-2.2159,0.0062056,6.2138e-05,14.536,-44.734,-3.9581,9.4061,-4.101,0,0.33,0.15064,0.18453
385.86,-518.66,31.096,1.5481,-2.1224,0.0058952,4.3501e-05,9.3444,-41.761,1.7316,6.614,-3.3208,0,0.33,0.15861,0.19259
397.91,-504.18,31.08,1.5943,-2.2077,0.0059519,4.68e-05,10.443,-42.348,0.97142,7.1273,-3.8063,0,0.33,0.15862,0.18849
413.61,-554.74,31.115,1.6825,-2.0352,0.0060437,4.8964e-05,12.025,-43.287,0.56792,7.2312,-3.5647,0,0.33,0.15062,0.19263
424.49,-559.73,31.131,1.8076,-1.9425,0.0062299,5.9069e-05,15.013,-44.715,0.99434,7.5194,-2.7232,0,0.33,0.14267,0.19255
372.79,-495.12,31.06,1.6305,-2.303,0.006013,5.1003e-05,11.481,-42.985,-1.6854,8.7353,-4.1953,0,0.33,0.15863,0.18437
406.9,-516.66,31.054,1.79,-2.3079,0.0063101,7.1055e-05,16.004,-45.535,-5.0644,10.386,-3.9871,0,0.33,0.15062,0.18061
362.66,-471.36,31.032,1.6544,-2.3942,0.0060822,5.7287e-05,12.61,-43.633,-3.7687,10.501,-4.305,0,0.33,0.15863,0.18036
458.88,-537.97,30.946,1.2261,-2.4173,0.0057112,3.7836e-05,5.9275,-37.553,4.9828,6.7861,-0.83474,0,0.33,0.18256,0.18422
451.53,-519.95,30.915,1.2494,-2.5133,0.005738,3.8792e-05,6.4664,-37.827,2.5955,9.0683,-0.92008,0,0.33,0.18256,0.1802
416.86,-497.1,30.998,1.3639,-2.3998,0.0057728,4.0323e-05,7.117,-39.34,3.7757,7.1716,-1.5248,0,0.33,0.17458,0.18459
410.47,-481.81,30.968,1.3859,-2.4931,0.0058081,4.1886e-05,7.797,-39.722,1.1922,9.5348,-1.7501,0,0.33,0.17458,0.18059
412.74,-490.51,30.862,1.1003,-2.5358,0.0056906,3.9379e-05,5.5294,-35.935,2.5182,8.855,-1.6071,0,0.33,0.19044,0.18007
404.36,-489.33,30.894,1.0765,-2.4445,0.0056686,3.9619e-05,5.0588,-35.754,4.0018,6.907,-1.541,0,0.33,0.19044,0.18407
384.5,-485.53,31.036,1.5017,-2.363,0.0058697,4.4141e-05,8.9502,-41.192,0.67428,7.9362,-3.0503,0,0.33,0.16662,0.18457
414.06,-481.82,31.018,1.3316,-2.3041,0.0057398,4.0199e-05,6.4279,-38.96,5.813,5.6381,-1.2827,0,0.33,0.17457,0.18861
389.02,-476.25,31.055,1.4669,-2.2694,0.0058252,4.2694e-05,8.0898,-40.644,2.864,6.3183,-2.6911,0,0.33,0.1666,0.18845
364.44,-468.08,31.07,1.4276,-2.1848,0.0057836,4.1695e-05,7.1667,-40.171,3.0849,6.3241,-2.2799,0,0.33,0.16659,0.19256
387.42,-476.81,31.034,1.2963,-2.2164,0.0057101,3.9794e-05,5.7157,-38.615,5.7559,5.9971,-1.0353,0,0.33,0.17457,0.19266
375.6,-466.32,31.007,1.5239,-2.4543,0.0059183,4.7429e-05,9.8271,-41.692,-1.756,10.155,-3.2738,0,0.33,0.16662,0.18055
396.76,-510.94,30.651,0.84268,-2.8313,0.0056678,3.7348e-05,5.2463,-32.19,-6.0005,11.722,-3.842,0,0.33,0.20663,0.16912
391.53,-512.4,30.627,0.69133,-2.8407,0.0056253,3.7147e-05,4.3311,-30.142,-4.0152,10.909,-4.3053,0,0.33,0.2146,0.16913
429.17,-528.53,30.59,0.82716,-2.9231,0.0056964,3.7336e-05,5.9825,-32.063,-6.9426,11.247,-3.9875,0,0.33,0.20663,0.16513
412.23,-537.82,30.566,0.6711,-2.9328,0.0056477,3.6423e-05,4.9177,-29.93,-5.1816,10.95,-4.4852,0,0.33,0.2146,0.16514
419.2,-553.93,30.547,0.53132,-2.9215,0.005614,3.5804e-05,4.1764,-28.015,-1.9164,10.528,-5.297,0,0.33,0.22257,0.16508
392.82,-520.66,30.607,0.55464,-2.8296,0.0055956,3.6822e-05,3.6756,-28.307,-0.58185,10.204,-5.0859,0,0.33,0.22257,0.16907
394.68,-500.41,30.669,0.98324,-2.8182,0.0057219,3.8888e-05,6.3743,-34.187,-3.8398,12.391,-3.3603,0,0.33,0.19839,0.16813
360.66,-464.73,30.729,0.98748,-2.7277,0.0056926,3.9576e-05,5.655,-34.228,-2.822,11.978,-3.1334,0,0.33,0.19839,0.17212
375.11,-483.07,30.71,0.85269,-2.7402,0.0056449,3.8391e-05,4.6723,-32.304,-4.5077,10.824,-3.5723,0,0.33,0.20663,0.17311
336.99,-439.16,30.781,0.98498,-2.64,0.0056691,4.0623e-05,5.1029,-34.167,-1.1685,10.357,-2.8131,0,0.33,0.19838,0.17612
356.32,-459.9,30.759,0.85676,-2.6511,0.0056262,3.9565e-05,4.2175,-32.329,-2.5451,9.0605,-3.2524,0,0.33,0.20663,0.1771
377.02,-491.05,30.684,0.70467,-2.7497,0.0056073,3.8085e-05,3.8718,-30.323,-2.2835,9.7187,-3.9895,0,0.33,0.2146,0.17312
345.03,-459.89,30.71,0.57851,-2.6486,0.0055681,3.9327e-05,2.9675,-28.792,2.9665,7.1584,-4.4186,0,0.33,0.22256,0.17707
367.11,-488.31,30.663,0.57079,-2.7388,0.0055807,3.8078e-05,3.2857,-28.567,1.2135,8.8836,-4.7788,0,0.33,0.22257,0.17306
366.54,-474.94,30.732,0.71092,-2.6593,0.0055922,3.8957e-05,3.5001,-30.465,-0.3676,7.9514,-3.6123,0,0.33,0.2146,0.17711
420.65,-537.67,30.599,0.40779,-2.7801,0.0055758,3.6284e-05,3.2418,-26.542,1.8603,9.5182,-5.2455,0,0.33,0.23064,0.16875
423.4,-538.46,30.593,0.27159,-2.7065,0.0055634,3.6401e-05,2.9808,-24.934,1.3158,8.82,-3.8959,0,0.33,0.23853,0.16896
458.22,-583.98,30.539,0.37944,-2.871,0.0055915,3.4929e-05,3.6867,-26.171,0.59006,9.9683,-5.4662,0,0.33,0.23065,0.16472
380.62,-488.05,30.647,0.2979,-2.6187,0.0055524,3.8213e-05,2.6731,-25.327,3.1977,7.3846,-3.8358,0,0.33,0.2385,0.17304
342.08,-443.4,30.692,0.31517,-2.5326,0.005543,4.0025e-05,2.4206,-25.686,5.0874,5.5962,-3.7177,0,0.33,0.23848,0.17709
380.77,-489.97,30.654,0.42867,-2.6908,0.0055631,3.7977e-05,2.8962,-26.88,3.6152,8.1399,-4.998,0,0.33,0.23062,0.17279
342.68,-445.47,30.7,0.44082,-2.6028,0.0055523,3.9787e-05,2.6124,-27.181,5.3016,6.4031,-4.7095,0,0.33,0.23059,0.17688
313.85,-407.4,30.832,0.84195,-2.4746,0.0055938,4.2342e-05,3.4327,-32.326,0.77997,6.3451,-2.7241,0,0.33,0.20663,0.18508
338.11,-440.16,30.799,0.85264,-2.5615,0.0056097,4.0681e-05,3.8241,-32.336,-0.57447,7.2759,-2.9614,0,0.33,0.20663,0.18109
293.38,-387.94,30.856,0.95746,-2.466,0.0056303,4.3483e-05,4.2105,-33.98,1.6694,6.8868,-2.3709,0,0.33,0.19838,0.1841
318.13,-420.71,30.823,0.97485,-2.5513,0.0056492,4.1704e-05,4.6516,-34.083,0.50912,8.3042,-2.5389,0,0.33,0.19838,0.18011
282.03,-358.01,30.863,0.82936,-2.3914,0.0055787,4.5037e-05,3.036,-32.302,1.0536,6.7714,-2.5494,0,0.33,0.20662,0.18907
312.59,-400.85,30.837,0.69515,-2.392,0.005554,4.2272e-05,2.5227,-30.717,1.5884,6.6315,-2.7771,0,0.33,0.21459,0.18908
336.34,-438.13,30.805,0.70258,-2.4798,0.0055658,4.0641e-05,2.8408,-30.66,1.9822,5.8785,-2.9792,0,0.33,0.21459,0.18509
263.19,-358.83,30.854,0.57163,-2.3081,0.0055299,4.4403e-05,1.9488,-29.396,0.80823,8.1781,-2.9653,0,0.33,0.22253,0.19309
282.84,-373.52,30.816,0.57067,-2.3858,0.0055371,4.3551e-05,2.1559,-29.273,2.8071,6.4632,-3.3003,0,0.33,0.22253,0.1891
286.44,-380.27,30.874,0.69257,-2.3118,0.0055445,4.3062e-05,2.2513,-30.776,0.39071,8.2873,-2.6424,0,0.33,0.21459,0.19307
244.83,-328.01,30.897,0.82074,-2.3164,0.0055661,4.593e-05,2.6864,-32.278,0.6913,8.3333,-2.4194,0,0.33,0.20662,0.19305
303.95,-408.91,30.783,0.57444,-2.4714,0.0055463,4.1736e-05,2.4093,-29.145,4.012,5.5134,-3.6695,0,0.33,0.22254,0.18511
354.29,-458.13,30.771,0.70938,-2.5689,0.0055786,3.9795e-05,3.1681,-30.576,1.2314,6.4197,-3.2623,0,0.33,0.2146,0.1811
324.49,-432.93,30.749,0.57862,-2.559,0.0055568,4.0576e-05,2.6824,-28.984,4.0521,5.8109,-4.0469,0,0.33,0.22255,0.18109
313.09,-408.24,30.727,0.32516,-2.4479,0.0055345,4.1583e-05,2.1956,-26.006,6.3555,4.2207,-3.4788,0,0.33,0.23846,0.18113
296.65,-387.94,30.758,0.33198,-2.3654,0.0055267,4.2539e-05,1.985,-26.289,6.6547,3.9672,-3.0994,0,0.33,0.23845,0.18514
323.3,-418.52,30.71,0.19586,-2.3794,0.005531,4.1402e-05,2.1569,-24.663,2.9159,3.759,-1.6987,0,0.33,0.24661,0.18116
314.12,-407.43,30.74,0.2037,-2.2956,0.0055237,4.1805e-05,1.9621,-24.985,2.4538,3.4894,-1.3282,0,0.33,0.2466,0.18515
286.62,-376.89,30.77,0.44692,-2.4331,0.0055336,4.3101e-05,2.1201,-27.656,6.1328,4.8654,-3.8688,0,0.33,0.23049,0.18509
292.04,-371.19,30.788,0.34018,-2.2843,0.0055198,4.3383e-05,1.7938,-26.532,6.1304,5.0791,-2.6644,0,0.33,0.23845,0.18913
271.53,-347.02,30.803,0.44975,-2.3527,0.0055257,4.4844e-05,1.9026,-27.842,5.0413,5.8981,-3.3406,0,0.33,0.23047,0.18911
260.48,-332.28,30.84,0.4573,-2.2802,0.0055194,4.5752e-05,1.7238,-28.016,3.5232,7.6471,-2.8727,0,0.33,0.23047,0.19311
291.61,-363.61,30.824,0.35312,-2.2092,0.0055143,4.3474e-05,1.6371,-26.762,5.3554,7.041,-2.3234,0,0.33,0.23844,0.19312
310.37,-406.05,30.738,0.44544,-2.5164,0.0055426,4.1593e-05,2.3587,-27.434,6.2663,5.0898,-4.3436,0,0.33,0.23053,0.181
2430.3,12088,-0.89341,0.23976,10.313,23.351,0.019094,1215.3,-113.65,-419.11,-47.972,78.992,0,0.33,0.015701,0.10378
1932,18572,-1.3837,0.45312,7.4962,25.798,0.025,921.35,-116.79,-416.78,-47.617,37.513,0,0.33,0.023579,0.10381
2757.8,12573,-0.79015,0.068393,10.576,23.336,0.019332,1197.3,-115.04,-417.12,-50.717,78.414,0,0.33,0.015702,0.099787
2245.4,19237,-1.2889,0.19883,7.7629,25.676,0.025201,907.34,-118.35,-416.11,-52.068,40.067,0,0.33,0.023583,0.099821
775.55,25124,-1.5306,0.073181,5.2565,26.501,0.029792,784.69,-122.93,-417.86,-53.165,13.787,0,0.33,0.03145,0.095883
2672.3,19662,-1.1719,-0.053375,7.9974,25.52,0.025328,897.13,-119.39,-414.75,-56.427,41.916,0,0.33,0.023585,0.095829
-641.42,24665,-1.6276,0.40271,5.015,26.726,0.029643,794.82,-121.81,-418.98,-46.539,9.9286,0,0.33,0.031453,0.099879
-2005.1,23904,-1.696,0.73254,4.7483,26.904,0.029375,808.71,-120.16,-418.97,-40.285,5.5713,0,0.33,0.031453,0.10387
3235.9,12936,-0.67084,-0.10031,10.803,23.298,0.019505,1184,-115.88,-415.06,-53.212,77.118,0,0.33,0.015703,0.095797
-53253,-12428,-0.0015878,0.056346,13.412,17.99,0.0081044,2860.4,-111.18,635.05,-38.166,1965.4,0,0.33,0.0078467,0.10373
-62002,-13355,-0.070742,0.14954,13.128,17.883,0.0079237,2864.7,-109.52,615.35,-37.133,1970.4,0,0.33,0.0078468,0.10772
2279.6,11436,-0.97971,0.41416,10.016,23.332,0.018773,1239.5,-111.73,-420.88,-45.087,78.896,0,0.33,0.0157,0.10777
-70730,-14560,-0.12833,0.24552,12.806,17.756,0.0077012,2872.3,-107.3,592.72,-35.984,1973.1,0,0.33,0.0078472,0.11172
-1.4412e+05,-36721,0.5205,0.061293,14.509,13.994,0.0010377,4246,-106.33,1617.9,-30.418,3835.3,0,0.33,0,0.11166
-1.2646e+05,-35018,0.56403,0.0065558,14.823,14.126,0.0010446,4267.2,-108.42,1660.6,-30.321,3830.9,0,0.33,0,0.10767
2330.4,10631,-1.0489,0.59217,9.6832,23.266,0.018377,1270,-109.29,-422.46,-42.101,78.16,0,0.33,0.0157,0.11176
-1.0904e+05,-33694,0.61537,-0.046855,15.097,14.259,0.0010528,4287.4,-109.93,1697.2,-30.131,3822.7,0,0.33,0,0.10368
1733.2,17690,-1.4567,0.70888,7.1973,25.874,0.024723,939.61,-114.71,-416.83,-43.277,34.398,0,0.33,0.023573,0.10781
-2669.4,21639,-1.7548,1.3906,4.1328,27.051,0.028585,848.59,-115.32,-415.47,-28.757,-4.5646,0,0.33,0.031449,0.11186
-2837.7,22875,-1.7379,1.0616,4.4552,27.019,0.029013,826.54,-117.98,-417.79,-34.429,0.75894,0,0.33,0.031449,0.10786
1645.5,16649,-1.5088,0.96673,6.865,25.889,0.024373,962.52,-112.11,-416.38,-38.979,30.764,0,0.33,0.023569,0.1118
-29473,28956,-1.4931,0.92739,0.10924,26.852,0.03627,740.64,-125.31,-390.8,-21.282,-78.642,0,0.33,0.047266,0.099991
-16813,27692,-1.7205,0.64428,2.4465,26.988,0.034545,743.59,-124.28,-408.09,-35.915,-29.536,0,0.33,0.039356,0.099935
-22322,28199,-1.4708,1.3686,-0.15981,26.987,0.035443,761.94,-123.49,-389.24,-12.236,-86.64,0,0.33,0.047264,0.10401
-17568,26920,-1.7501,1.0362,2.1794,27.165,0.034032,759.99,-122.56,-407.58,-28.302,-35.37,0,0.33,0.039359,0.10394
-15894,28218,-1.6578,0.24929,2.6965,26.751,0.034844,731.2,-125.48,-407.54,-44.322,-24.03,0,0.33,0.039346,0.095908
-31436,29547,-1.4774,0.47877,0.36817,26.651,0.036835,723.67,-126.62,-391.21,-31.135,-71.25,0,0.33,0.047266,0.095915
-13832,27307,-1.4141,1.8031,-0.44038,27.034,0.034354,787.73,-121.18,-386.65,-3.5619,-95.489,0,0.33,0.047252,0.10798
-9592.3,28011,-0.761,1.7228,-2.2604,26.947,0.032991,819.26,-122.75,-361.56,10.947,-152.56,0,0.33,0.055166,0.10407
-3796.9,27104,-0.62004,2.1896,-2.5279,26.987,0.031717,853.93,-120.44,-356.02,22.997,-165.38,0,0.33,0.055162,0.10808
-5297.8,23533,1.1163,3.0002,-4.48,28.105,0.027478,1026.7,-115.57,-291.62,81.373,-268.62,0,0.33,0.063056,0.11213
-5222.1,24642,0.78372,2.5392,-4.2619,27.954,0.028785,974.94,-118.2,-304.23,61.863,-249.24,0,0.33,0.063059,0.10811
-3149.8,26041,-0.43019,2.6461,-2.7974,26.955,0.030238,895.15,-117.67,-348.62,36.467,-180.18,0,0.33,0.055161,0.11208
-6819.6,26278,-1.321,2.2342,-0.73704,26.972,0.032988,818.83,-118.38,-382.82,5.5214,-105.67,0,0.33,0.047252,0.11202
-5057,25534,0.51885,2.06,-4.0277,27.797,0.029992,930.4,-120.43,-314.05,44.511,-231.97,0,0.33,0.063064,0.10406
-15686,25934,-1.7499,1.4248,1.8926,27.261,0.033329,780.45,-120.31,-405.95,-21.232,-41.693,0,0.33,0.03935,0.10791
-9167.5,24765,-1.7202,1.8125,1.5816,27.253,0.032451,805.41,-117.58,-403.02,-14.309,-48.743,0,0.33,0.039352,0.11195
3093.1,8684.1,-1.1334,0.96482,8.9066,22.935,0.01738,1351.8,-102.84,-424.83,-35.599,74.795,0,0.33,0.015707,0.1198
2600.8,9704.5,-1.1005,0.77518,9.3135,23.14,0.017908,1307.1,-106.32,-423.81,-38.932,76.795,0,0.33,0.015703,0.11577
-89131,-17906,-0.20477,0.44808,12.041,17.403,0.007126,2901.6,-101.19,543.59,-33.646,1980.8,0,0.33,0.0078457,0.11974
-79738,-16047,-0.1732,0.34493,12.444,17.599,0.0074358,2884.1,-104.53,568.64,-34.798,1976.2,0,0.33,0.0078492,0.11572
-1.6263e+05,-38794,0.4861,0.11764,14.152,13.857,0.0010303,4225.6,-103.68,1571.8,-30.628,3841.2,0,0.33,0,0.11566
-1.8229e+05,-41361,0.45819,0.17576,13.748,13.711,0.0010214,4207.7,-100.46,1522.8,-30.968,3851.1,0,0.33,0,0.11969
3806.6,7478.7,-1.1468,1.162,8.4652,22.633,0.016767,1403.8,-98.861,-425.21,-32.27,72.268,0,0.33,0.015707,0.12385
2018.9,13391,-1.5373,1.7666,5.6656,25.363,0.022949,1064.9,-101.4,-413.15,-25.577,16.861,0,0.33,0.023597,0.12392
1801.7,14411,-1.5498,1.4941,6.0965,25.659,0.023487,1024.6,-105.45,-414.52,-30.08,21.97,0,0.33,0.023581,0.11985
1350.9,16774,-1.5754,2.7102,2.5871,25.856,0.02574,987.77,-99.968,-401.71,-6.5437,-32.299,0,0.33,0.031496,0.12805
1093.8,17870,-1.6566,2.3781,3.0034,26.406,0.026773,944.53,-104.48,-405.71,-12.103,-24.179,0,0.33,0.031489,0.12401
2303.6,12181,-1.5034,2.0453,5.2128,24.909,0.02216,1111.9,-96.925,-410.7,-21.212,11.571,0,0.33,0.0236,0.12796
299.82,18988,-1.7143,2.0483,3.4039,26.771,0.027469,907.22,-108.56,-409.09,-17.617,-16.888,0,0.33,0.031466,0.11994
4761.6,5802.9,-1.1405,1.3656,7.9919,22.215,0.015929,1462.5,-94.405,-424.07,-28.999,69.501,0,0.33,0.015696,0.12787
1668.8,15513,-1.54,1.2279,6.4982,25.826,0.023953,990.64,-109.01,-415.59,-34.606,26.629,0,0.33,0.023571,0.11581
-1304.3,20285,-1.747,1.7196,3.7818,26.977,0.028066,875.34,-112.18,-412.41,-23.168,-10.404,0,0.33,0.031454,0.11589
-2933.6,23485,0.1311,3.5262,-3.3305,26.698,0.026767,1002.4,-110.83,-326.28,71.523,-218.48,0,0.33,0.055165,0.12013
-3078,24842,-0.18279,3.0928,-3.0676,26.854,0.028572,944.29,-114.44,-338.96,52.401,-197.72,0,0.33,0.055164,0.11611
-1296.3,23838,-1.0109,3.0817,-1.37,26.458,0.029442,901.08,-111.34,-370.2,27.457,-131.88,0,0.33,0.047277,0.12018
-2106.2,25119,-1.1873,2.6619,-1.0496,26.784,0.031339,856.4,-115.07,-377.49,15.688,-117.66,0,0.33,0.047268,0.11613
-5095.2,22215,1.5278,3.441,-4.678,28.266,0.026105,1086.6,-112.54,-275.97,104.3,-290.62,0,0.33,0.063056,0.11613
-4416.6,20685,2.0321,3.8578,-4.8486,28.465,0.024709,1155.4,-109.16,-256.79,131.52,-315.68,0,0.33,0.063056,0.12012
-764.82,22157,-1.5701,2.5795,0.89665,26.82,0.030096,871,-110.67,-394.41,0.16645,-65.655,0,0.33,0.039381,0.1201
-1130,22522,-0.78602,3.491,-1.6914,26.003,0.027361,953.73,-107.26,-360.76,41.579,-149.07,0,0.33,0.047277,0.1242
58.948,20993,-1.4492,2.9555,0.53234,26.355,0.028635,912.05,-106.57,-389.32,8.1874,-76.465,0,0.33,0.039388,0.12413
275.52,19872,-1.2944,3.3296,0.15817,25.709,0.026785,959.88,-102.05,-383.14,17.403,-89.648,0,0.33,0.039386,0.12814
-883.92,21169,-0.50083,3.8907,-2.0099,25.446,0.025147,1016.4,-102.82,-348.62,59.4,-170.14,0,0.33,0.047274,0.12821
-3122.4,23464,-1.6601,2.1986,1.2478,27.114,0.031367,835.52,-114.35,-399.06,-7.2472,-56.633,0,0.33,0.039369,0.11605
-8820.3,14984,5.0274,2.5073,-6.0641,32.924,0.027677,1189.8,-111.89,-166.57,134.75,-372.81,0,0.33,0.07889,0.10408
-7880.2,10803,8.0209,2.5739,-6.293,35.515,0.027843,1275.8,-106.65,-96.732,179.97,-410.38,0,0.33,0.086903,0.10435
-7663.8,15266,4.5226,2.062,-5.9222,32.478,0.028426,1142.9,-113.33,-180.32,110.55,-354.48,0,0.33,0.078887,0.10001
-6559.2,10693,7.3546,2.1827,-6.2138,35.103,0.028525,1230.8,-107.85,-111.01,153.58,-393.57,0,0.33,0.086901,0.10018
-2991.3,7916.5,9.7165,1.8594,-6.0475,36.096,0.029015,1244.4,-103.07,-71.333,164.91,-401.29,0,0.33,0.094863,0.096173
-5051.3,10394,6.7903,1.764,-6.089,34.691,0.029177,1189.1,-108.67,-123.82,128.58,-376.6,0,0.33,0.086916,0.096038
-4358,8535.8,10.41,2.2146,-6.1217,36.335,0.028365,1281.4,-102.44,-58.917,190.14,-416.18,0,0.33,0.094867,0.1002
-5466.5,9005.5,11.203,2.5426,-6.1491,36.483,0.027655,1319.6,-101.51,-45.669,216.63,-430.71,0,0.33,0.094864,0.10426
-6400.6,15336,4.107,1.5951,-5.7423,32.078,0.029141,1101.1,-114.37,-191.94,88.145,-336.93,0,0.33,0.078885,0.095943
-7244.6,20689,2.461,2.3311,-5.3217,29.949,0.028113,1067,-116.7,-244.92,87.441,-311.97,0,0.33,0.070968,0.10403
-7606.2,19949,2.884,2.7931,-5.4966,30.307,0.02715,1117.8,-114.66,-231.14,110.32,-332.26,0,0.33,0.070959,0.1081
-9219.9,14551,5.6257,2.9261,-6.1638,33.402,0.026903,1241.8,-110.1,-150.84,161.67,-392.29,0,0.33,0.078885,0.10813
-7477.9,18979,3.3951,3.2302,-5.638,30.704,0.026154,1175.3,-112.24,-214.34,135.68,-354.15,0,0.33,0.070952,0.11215
-8324.3,13973,6.3266,3.3131,-6.2177,33.898,0.026051,1298.6,-107.96,-132.84,191.57,-412.95,0,0.33,0.078875,0.1122
-8311.8,10771,8.789,2.9343,-6.3228,35.889,0.027121,1323.6,-105.13,-81.252,208.59,-426.84,0,0.33,0.086903,0.10846
-7262.7,9463.7,13.103,3.1019,-6.0536,36.28,0.026,1395.8,-98.693,-17.726,272.6,-455.06,0,0.33,0.094847,0.1125
-6092.4,9321.1,12.1,2.8398,-6.1271,36.486,0.026871,1358.3,-100.27,-31.84,244.43,-444.03,0,0.33,0.094856,0.10836
-7322.4,10610,9.6634,3.2585,-6.3009,36.186,0.026299,1373.3,-103.29,-64.581,239.37,-442.78,0,0.33,0.086902,0.11252
-4502.4,9017.2,16.874,2.1733,-5.4219,31.719,0.024689,1283.9,-91.918,-10.365,234.39,-439.66,0,0.33,0.1107,0.10025
-3389.3,8219.6,13.592,2.195,-5.8127,35.352,0.027225,1298.8,-97.171,-26.081,218.03,-430.2,0,0.33,0.10279,0.10022
-7075.3,9466.6,17.807,2.3918,-5.3829,30.807,0.023737,1296.3,-91.225,-0.55326,254.33,-442.09,0,0.33,0.1107,0.10424
-4836.7,8782.3,14.473,2.4629,-5.8017,35.021,0.026409,1326.2,-96.393,-14.533,241.89,-439.46,0,0.33,0.10279,0.10422
-2123.1,7527.3,12.799,1.8993,-5.7792,35.49,0.027944,1270.5,-97.677,-37.607,194.43,-419.85,0,0.33,0.10279,0.096228
-3347.6,8417.8,16.016,1.928,-5.4207,32.361,0.025512,1268.2,-92.352,-20.712,213.07,-435.13,0,0.33,0.1107,0.096257
-10590,9746.4,18.813,2.5833,-5.3041,29.592,0.022649,1304,-90.275,8.6056,272.79,-441.76,0,0.33,0.1107,0.10823
-9121.7,10049,21.131,2.3631,-4.9977,24.13,0.019701,1218.5,-85.787,0.52322,248.51,-428.79,0,0.33,0.11861,0.10426
-11257,9984.7,22.105,2.5155,-4.906,22.468,0.018532,1203.9,-84.895,7.9463,260.05,-418.15,0,0.33,0.11861,0.10825
-9649,8156.1,25.944,2.5868,-4.4998,12.797,0.012673,988.49,-78.028,6.674,219.93,-334.85,0,0.33,0.12655,0.11229
-8879,8865.1,25.096,2.4959,-4.6206,14.588,0.013834,1036.1,-79.061,1.1727,221.17,-360.25,0,0.33,0.12654,0.1083
-11523,9697.2,23.113,2.643,-4.7834,20.538,0.017235,1180.5,-83.773,14.35,267.72,-403.19,0,0.33,0.11861,0.11224
-12161,9838.8,19.886,2.7476,-5.1863,28.041,0.021418,1305.3,-89.071,16.973,289.18,-438.22,0,0.33,0.1107,0.11222
-8160,9383.4,24.249,2.3817,-4.7189,16.246,0.014903,1074.5,-79.893,-5.287,217.59,-381.84,0,0.33,0.12655,0.1043
-7243.4,9209.8,15.447,2.7021,-5.7447,34.443,0.025482,1351.4,-95.336,-3.1002,266.03,-447.24,0,0.33,0.10278,0.10823
-10204,9474.5,16.516,2.9107,-5.641,33.552,0.024427,1372.9,-93.993,8.0041,289.59,-452.65,0,0.33,0.10278,0.11229
-3924.2,12330,8.0818,3.9707,-6.1724,34.839,0.023857,1424,-102.82,-90.409,261.62,-455.2,0,0.33,0.078869,0.12025
-6451,13237,7.141,3.6629,-6.222,34.387,0.025034,1359.6,-105.52,-112.61,224.85,-434.23,0,0.33,0.07887,0.11625
-4829.6,16410,4.7295,4.0095,-5.7993,31.635,0.023881,1310.8,-106.4,-171.67,198.84,-403.12,0,0.33,0.07095,0.12017
-6591.4,17793,4.0049,3.6374,-5.741,31.144,0.025092,1239.5,-109.48,-194.53,164.79,-377.72,0,0.33,0.07095,0.11617
-971.39,11283,9.1626,4.2321,-6.065,35.21,0.022694,1490.4,-99.885,-66.737,301.27,-474.73,0,0.33,0.078868,0.12425
-7244.7,9279.3,12.974,3.9768,-5.9107,36.054,0.02334,1519.6,-96.249,-10.232,338.16,-480.3,0,0.33,0.0869,0.12452
-5762.3,9858.9,11.752,3.7824,-6.0953,36.336,0.024327,1473.2,-98.823,-28.553,305.09,-470.63,0,0.33,0.086901,0.12053
-15675,8398.5,18.062,3.7577,-5.2614,32.081,0.02139,1497.9,-89.986,33.765,373.64,-464.19,0,0.33,0.094839,0.12862
-14204,8850.8,16.692,3.6543,-5.5284,33.76,0.022737,1483.9,-92.461,22.386,351.13,-467.72,0,0.33,0.09484,0.12462
-9501.2,8607.1,14.315,4.1244,-5.6723,35.418,0.022349,1560.4,-93.48,7.3661,370.21,-485.68,0,0.33,0.086899,0.12851
-10936,9195.3,15.405,3.5106,-5.7519,34.978,0.023944,1460.6,-94.753,9.7601,326.33,-467.11,0,0.33,0.094841,0.12061
-232.44,10142,10.394,4.4432,-5.8965,35.432,0.021687,1556.5,-96.755,-42.286,342.66,-491.5,0,0.33,0.078867,0.12824
-5506.5,10312,10.65,3.5424,-6.2254,36.354,0.025337,1423.7,-101.18,-46.894,271.87,-457.73,0,0.33,0.086901,0.11653
-8511.5,9415.6,14.207,3.3263,-5.9279,35.797,0.025027,1430.5,-96.841,-3.7334,300.09,-462.88,0,0.33,0.094843,0.11658
-11048,8441.3,25.172,2.8247,-4.4567,16.008,0.014309,1100.6,-80.902,23.633,268.66,-359.01,0,0.33,0.11862,0.12024
-11374,9175.9,24.141,2.7459,-4.6324,18.369,0.015821,1146.7,-82.435,19.619,270.68,-383.49,0,0.33,0.11862,0.11623
-12517,9427.3,22.2,2.9934,-4.8394,23.842,0.018504,1280.3,-85.929,30.631,312.43,-419.01,0,0.33,0.11069,0.1203
-12348,9737.2,21.018,2.8844,-5.0305,26.127,0.020036,1298.2,-87.618,24.407,302.72,-430.97,0,0.33,0.1107,0.11624
-9518.7,7267.3,26.775,2.6551,-4.3593,10.929,0.011442,930.85,-76.812,11.017,213.7,-305.67,0,0.33,0.12655,0.11629
-8671,6238.1,27.571,2.702,-4.2026,9.0474,0.010168,862.67,-75.435,14.063,202.78,-273.07,0,0.33,0.12656,0.1203
-13288,9408.9,18.907,3.2293,-5.2969,30.602,0.021874,1396.3,-90.49,27.745,330.16,-451.53,0,0.33,0.10276,0.12052
-12567,8884.8,23.411,3.0745,-4.6173,21.212,0.016831,1249,-84.021,35.295,316.97,-401.08,0,0.33,0.11068,0.1244
-13846,9079.3,20.202,3.3378,-5.063,28.476,0.020367,1393.7,-88.402,35.596,345.52,-443.19,0,0.33,0.10276,0.12461
-14180,8561.6,21.54,3.4131,-4.7952,25.921,0.018712,1378.2,-86.136,41.806,356.43,-429.16,0,0.33,0.10275,0.12865
-12344,8098.1,24.623,3.1283,-4.3711,18.315,0.015049,1201.7,-81.923,38.144,314.89,-376.39,0,0.33,0.11067,0.12855
-12283,9543.7,17.673,3.087,-5.4908,32.287,0.023227,1388.6,-92.37,18.432,311.27,-454.44,0,0.33,0.10277,0.11638
1267.5,-1351.7,30.248,1.3763,-4.2352,0.011274,0.00022799,48.882,-39.547,-3.0869,13.821,-2.435,0,0.33,0.18258,0.12013
1369.3,-1439.9,30.171,1.3805,-4.374,0.013737,0.00023399,57.655,-39.399,-2.3622,12.412,-2.4788,0,0.33,0.18258,0.11614
1253.2,-1306.9,30.359,1.6101,-4.1997,0.023204,0.00035582,62.345,-43.975,-2.896,13.777,-4.1349,0,0.33,0.17462,0.12016
1349.2,-1396.8,30.288,1.6217,-4.3366,0.0317,0.00040461,74.386,-44.007,-2.5434,12.595,-4.5924,0,0.33,0.17462,0.11617
1365.3,-1471.3,30.064,1.1496,-4.391,0.0092263,0.0001907,48.428,-35.248,-1.7552,12.788,-3.4773,0,0.33,0.19065,0.11642
1474.9,-1586.2,29.981,1.1505,-4.5351,0.010528,0.00018221,57.707,-34.873,-1.1665,11.585,-3.4747,0,0.33,0.19062,0.11237
1462.5,-1535.6,30.095,1.3884,-4.5163,0.017135,0.00024358,68.702,-39.202,-1.9832,11.406,-2.6442,0,0.33,0.18257,0.11213
1420.5,-1480.9,30.217,1.6353,-4.4775,0.042737,0.0004551,88.911,-43.986,-2.541,12.117,-5.4286,0,0.33,0.17462,0.11218
1261,-1371.4,30.148,1.1514,-4.2513,0.008315,0.00020232,41.212,-35.56,-2.447,14.058,-3.4433,0,0.33,0.19066,0.12042
1107.4,-1170.2,30.453,1.8293,-4.1508,0.067879,0.000715,88.011,-48.502,-1.3096,15.167,-8.3875,0,0.33,0.16658,0.12009
1149.8,-1213.3,30.433,1.6018,-4.0646,0.01711,0.00031401,52.627,-43.856,-3.3648,15.034,-3.8947,0,0.33,0.17462,0.12417
1043.9,-1097,30.524,1.8123,-4.0207,0.046445,0.00059336,72.841,-48.215,-1.784,15.786,-6.8887,0,0.33,0.16658,0.12409
841.49,-915.72,30.673,1.9954,-3.8514,0.095118,0.00095427,91.542,-52.423,-0.21733,18.738,-11.026,0,0.33,0.15855,0.12814
981.37,-1029.1,30.595,1.7992,-3.8932,0.031235,0.00048511,60.464,-47.869,-1.7469,15.969,-6.024,0,0.33,0.16658,0.12812
817.23,-935.44,30.596,2.0174,-3.9776,0.1454,0.0011835,112.9,-52.968,0.75375,19.809,-14.667,0,0.33,0.15855,0.12412
738.95,-923.17,30.514,2.0421,-4.1071,0.21341,0.0014246,138.01,-53.466,1.3053,21.198,-19.734,0,0.33,0.15855,0.12013
1060.6,-1124.6,30.508,1.597,-3.9333,0.013016,0.00028311,44.918,-43.705,-2.7011,15.274,-3.8217,0,0.33,0.17464,0.12822
1134.6,-1228.1,30.382,1.8486,-4.2843,0.096321,0.00084203,106.03,-48.728,-1.2009,15.015,-10.617,0,0.33,0.16658,0.1161
404.64,-726.49,30.316,2.0879,-4.3751,0.40665,0.001903,198.2,-54.293,-0.59005,26.67,-34.458,0,0.33,0.15855,0.11214
593.22,-858.81,30.422,2.0666,-4.2401,0.30052,0.0016677,166.57,-53.911,0.90416,23.441,-26.324,0,0.33,0.15855,0.11613
1106.9,-1251.6,30.307,1.8683,-4.4218,0.13195,0.00096599,126.8,-48.9,-1.7426,15.778,-13.721,0,0.33,0.16658,0.11211
-2701.8,4186.2,28.622,2.3765,-4.5533,4.4104,0.0066978,630.11,-67.205,-11.359,110.42,-202.14,0,0.33,0.1426,0.10423
-1010.7,1502.5,29.628,2.279,-4.5858,1.8239,0.0040915,420.75,-60.882,-9.421,64.707,-114.16,0,0.33,0.15055,0.10421
-3288.2,4926.2,28.173,2.3223,-4.6518,5.1193,0.0071793,684.85,-67.664,-18.112,114.69,-226.23,0,0.33,0.1426,0.10023
-1285.4,2068.3,29.35,2.2552,-4.6988,2.1729,0.0043751,470.46,-61.19,-15.263,70.06,-132.47,0,0.33,0.15055,0.10021
-189.88,63.343,29.879,2.1063,-4.7682,0.81117,0.002459,309.25,-54.991,-11.172,40.607,-65.326,0,0.33,0.15855,0.10017
-381.53,411.69,29.686,2.0896,-4.8872,0.95786,0.0025618,351.99,-55.037,-16.78,46.422,-76.147,0,0.33,0.15855,0.096184
-1606,2639.8,29.048,2.2143,-4.8006,2.513,0.0045915,520.27,-61.366,-22.204,74.534,-150.07,0,0.33,0.15055,0.09622
21.025,-253.23,30.047,2.1102,-4.6417,0.66658,0.0023091,269.63,-54.846,-6.693,35.458,-54.389,0,0.33,0.15855,0.10416
-3928.3,5597.4,27.71,2.2487,-4.7348,5.7846,0.0075738,735.99,-67.959,-25.847,115.8,-248.17,0,0.33,0.14261,0.096233
-5394.8,7175.4,26.832,2.4055,-4.5791,9.1994,0.010329,865.53,-73.619,-10.422,166.11,-300.12,0,0.33,0.13457,0.10438
-5143.3,6360,27.474,2.4791,-4.4754,7.9637,0.0095111,810.47,-72.878,-4.4636,162.96,-272.71,0,0.33,0.13456,0.10838
-2218.9,3402.5,29.047,2.4124,-4.4418,3.6909,0.0061481,572.11,-66.599,-5.7069,104,-176.74,0,0.33,0.14259,0.10822
-5720,5442.1,28.091,2.5317,-4.3557,6.7065,0.0086309,748.66,-71.965,0.57011,155.82,-242.88,0,0.33,0.13456,0.11238
-2198.6,2611.2,29.437,2.4305,-4.319,2.9927,0.0055513,511.42,-65.851,-1.1278,95.615,-150.78,0,0.33,0.14258,0.11224
-789.38,965.26,29.879,2.2875,-4.4643,1.4827,0.0037547,371.28,-60.455,-4.4765,58.367,-95.832,0,0.33,0.15055,0.1082
213.99,-521.48,30.192,2.1034,-4.5098,0.52994,0.0021204,232.62,-54.608,-3.1382,30.757,-43.939,0,0.33,0.15855,0.10815
-653.88,481.5,30.099,2.2823,-4.3363,1.1649,0.0033802,322.66,-59.925,-0.61846,51.649,-78.299,0,0.33,0.15055,0.11219
1604.1,-1698.4,29.943,1.4195,-4.8152,0.026759,0.00026315,98.897,-38.832,-2.1343,12.522,-3.4178,0,0.33,0.18259,0.10427
1417.5,-1551.9,30.063,1.6609,-4.7663,0.072028,0.00054228,125.94,-43.785,-3.9488,14.657,-8.3598,0,0.33,0.1746,0.10417
1539.5,-1625.2,30.02,1.3972,-4.6623,0.021544,0.00025468,82.336,-38.939,-1.6406,11.34,-2.9945,0,0.33,0.18256,0.10811
1445.6,-1537.2,30.144,1.6493,-4.6219,0.056254,0.00050233,106.05,-43.922,-2.8848,12.746,-6.6863,0,0.33,0.17461,0.10818
1593.4,-1708.5,29.901,1.1569,-4.6854,0.012313,0.00017636,69.602,-34.486,-0.7437,11.147,-3.5116,0,0.33,0.19061,0.10838
867.42,-1155.4,30.127,1.8993,-4.7009,0.22262,0.0011744,176.86,-49.079,-5.4672,20.709,-22.446,0,0.33,0.16658,0.10413
669.22,-1036.5,30.013,1.9049,-4.8381,0.27552,0.0012465,206.97,-49.064,-8.5189,25.063,-27.673,0,0.33,0.16658,0.10014
1340.1,-1533.8,29.968,1.6707,-4.9091,0.090039,0.00057231,149.51,-43.589,-5.8219,18.285,-10.507,0,0.33,0.1746,0.10016
472.37,-877.36,29.876,1.9013,-4.9704,0.33236,0.0012922,242.05,-48.978,-12.605,31.252,-33.007,0,0.33,0.16658,0.096151
1016.7,-1226.9,30.224,1.8863,-4.5614,0.17435,0.0010791,150.32,-49.021,-3.1803,17.658,-17.707,0,0.33,0.16658,0.10812
-1631.8,571.14,30.346,2.4079,-3.9113,1.2759,0.003672,324.17,-63.071,5.4387,62.776,-78.364,0,0.33,0.1425,0.12439
73.773,-495.08,30.582,2.2148,-3.9379,0.44841,0.0021792,189.78,-57.844,3.1238,32.841,-35.59,0,0.33,0.15054,0.12418
-2483.9,1158.8,30.091,2.427,-4.05,1.7646,0.0042946,385.63,-64.103,4.7896,73.814,-100.64,0,0.33,0.1425,0.12039
-344.32,-260.45,30.448,2.2415,-4.0705,0.64222,0.0025801,230.86,-58.602,3.3321,38.278,-47.715,0,0.33,0.15054,0.12019
384.12,-644.37,30.693,2.1879,-3.8077,0.29942,0.001793,153.17,-57.033,2.1901,28.252,-25.975,0,0.33,0.15054,0.12817
-916.33,107.45,30.553,2.3839,-3.7734,0.88214,0.0030743,266,-61.979,5.003,52.136,-59.044,0,0.33,0.1425,0.12838
-2642.1,1848.7,29.79,2.438,-4.1866,2.3393,0.0049228,448.51,-65.06,2.4568,85.188,-125.02,0,0.33,0.14252,0.11637
-5520.9,3484.3,29.196,2.5788,-4.0807,4.3197,0.0067817,606.86,-69.725,7.6916,131.3,-179.62,0,0.33,0.13455,0.12038
-6113.6,4468.8,28.669,2.5643,-4.2229,5.4779,0.007715,680.53,-70.906,4.6785,144.96,-211.56,0,0.33,0.13455,0.11638
-593.31,68.48,30.289,2.2655,-4.2042,0.8821,0.0029841,275.52,-59.302,2.0841,44.787,-62.113,0,0.33,0.15054,0.11619
17117,-15798,-0.51369,2.7602,3.7036,15.208,0.0078671,1984.6,-54.437,-363.74,2.7584,30.722,0,0.33,0.015549,0.15607
10266,-6136.3,-0.48303,3.8961,1.401,16.319,0.010028,1639.9,-57.917,-330.35,59.198,-74.754,0,0.33,0.023495,0.15611
14964,-12568,-0.67497,2.5684,4.4132,16.64,0.0089975,1907.3,-60.436,-377.47,-6.533,43.289,0,0.33,0.015569,0.15205
7390.2,-3474.8,-0.78196,3.6516,1.9963,17.979,0.011776,1540,-63.642,-350.65,25.492,-44.455,0,0.33,0.023511,0.15209
12828,250.82,0.43616,4.8352,-0.59399,17.629,0.011027,1606,-61.776,-277.89,180.02,-207.47,0,0.33,0.031416,0.15615
7284.6,3008.9,-0.21115,4.5867,-0.17259,18.629,0.012861,1455.1,-67.195,-314.23,104.58,-152.41,0,0.33,0.031429,0.15214
12919,-9198.7,-0.80527,2.3757,5.0941,17.956,0.010172,1828.4,-66.533,-389.33,-11.721,50.857,0,0.33,0.015591,0.14802
-1.7166e+05,-47018,0.077849,1.3615,7.1963,13.741,0.0040432,3095.7,-58.671,264.6,-23.807,1996.6,0,0.33,0.007649,0.15202
-1.6042e+05,-42182,-0.009471,1.2423,7.9673,14.436,0.0044359,3078.4,-64.907,308.22,-24.764,1998.9,0,0.33,0.0076731,0.14799
-3.1474e+05,-65359,0.53419,0.57193,10.298,12.492,0.00094671,4089.1,-70.667,1113.2,-31.254,3902.3,0,0.33,0,0.14394
-3.3914e+05,-70538,0.58775,0.64704,9.5366,12.208,0.00092934,4056,-64.515,1022.1,-31.625,3905.4,0,0.33,0,0.14797
-1.4951e+05,-37764,-0.082809,1.1247,8.6907,15.06,0.0048338,3056.6,-71.075,349.09,-25.789,1999.4,0,0.33,0.0076995,0.14396
10955,-5803.8,-0.91268,2.18,5.7435,19.122,0.011367,1749.3,-72.602,-399.53,-15.523,56.117,0,0.33,0.015613,0.14399
-3.6411e+05,-76501,0.65172,0.72617,8.7183,11.896,0.00091001,4016.8,-58.276,923.73,-32.27,3906.3,0,0.33,0,0.15201
5779.3,-738.8,-0.98999,3.401,2.586,19.618,0.013634,1452.5,-69.521,-366.09,8.4874,-25.761,0,0.33,0.023528,0.14807
2905.8,8397.5,-0.94362,4.013,0.76758,21.498,0.017319,1245.7,-78.519,-360.95,33.815,-85.818,0,0.33,0.031456,0.1441
4698.3,2128.2,-1.1483,3.1434,3.1599,21.104,0.015545,1371.2,-75.412,-378.76,-0.96714,-13.695,0,0.33,0.023545,0.14404
4359.5,5675,-0.64154,4.3101,0.28997,20.014,0.014995,1340.1,-72.821,-340.8,60.077,-113.19,0,0.33,0.031442,0.14812
22240,5258.2,4.1687,5.6758,-3.1759,24.628,0.013207,1774.4,-72.798,-148.1,398.56,-427.77,0,0.33,0.04723,0.15225
13043,5814.1,1.3744,5.2889,-1.9485,20.563,0.013145,1567.4,-70.332,-243.45,239.26,-290.08,0,0.33,0.039331,0.15219
24863,1666,5.9885,5.7463,-3.0592,25.813,0.011871,1982.9,-68.051,-90.484,523.41,-488.21,0,0.33,0.047221,0.15626
21949,2473.7,2.5806,5.4725,-2.1148,20.903,0.011531,1773.5,-65.253,-190.61,352.86,-359.29,0,0.33,0.03932,0.15621
14000,3324.2,8.0308,5.7203,-3.8299,29.295,0.01348,1941.9,-74.593,-53.81,529.61,-523.7,0,0.33,0.055128,0.15231
21494,6611.6,6.1443,5.6705,-4.0608,28.346,0.014722,1781.7,-79.177,-103.44,431.78,-481.86,0,0.33,0.055136,0.1483
13928,8718.5,2.7782,5.5146,-3.1623,23.881,0.014791,1588,-77.76,-199.87,296.51,-367.58,0,0.33,0.047239,0.14825
13703,7150.7,8.3853,5.4775,-4.7354,31.649,0.016158,1772.7,-84.272,-59.655,446.95,-517.62,0,0.33,0.063036,0.14425
14096,9918.7,4.6104,5.5311,-4.1772,27.465,0.016143,1625.8,-83.911,-151.11,344.14,-434.89,0,0.33,0.055142,0.14429
4828.5,4483.1,10.275,5.5153,-4.4242,32.118,0.015237,1887.2,-79.93,-19.875,520.14,-542.08,0,0.33,0.063032,0.1483
7674.1,12048,1.7271,5.2792,-3.0456,23.636,0.016585,1428.4,-82.858,-244.46,217.52,-313.2,0,0.33,0.047248,0.14424
-16002,2010.7,12.436,5.4703,-4.018,32.035,0.014518,1983.7,-75.744,16.427,588.75,-553.43,0,0.33,0.063028,0.15234
7191.1,8897.9,0.52419,5.0418,-1.6836,20.922,0.014966,1405,-75.623,-285.44,160.22,-232.75,0,0.33,0.039342,0.14818
3653.8,11885,-0.08209,4.7484,-1.3557,21.752,0.017139,1275.7,-81.04,-318.47,106.51,-187.83,0,0.33,0.039353,0.14417
-1.2832e+05,-29912,-0.18546,0.89212,9.9946,16.097,0.0056329,3004.4,-82.754,422.73,-28.283,1996,0,0.33,0.0077537,0.13589
-1.3881e+05,-33689,-0.14168,1.0081,9.3665,15.614,0.0052339,3031.5,-77.059,387.2,-26.963,1998.3,0,0.33,0.0077265,0.13992
7439.6,640.9,-1.067,1.7776,6.9402,20.975,0.013739,1597.3,-84.193,-415.27,-22.265,63.623,0,0.33,0.015657,0.13593
9113.4,-2494,-0.99976,1.9806,6.3594,20.129,0.012564,1671.7,-78.527,-408.17,-18.917,60.199,0,0.33,0.015636,0.13996
-2.9081e+05,-60718,0.49178,0.49981,11.005,12.749,0.00096248,4116.6,-76.62,1197.1,-31.084,3896.6,0,0.33,0,0.1399
-2.6745e+05,-56426,0.46111,0.43011,11.657,12.982,0.00097679,4139.6,-82.27,1274,-31.06,3888.8,0,0.33,0,0.13587
3198.3,7886.2,-1.3725,2.606,4.2386,23.438,0.019301,1227.2,-86.777,-398.62,-12.356,0.9969,0,0.33,0.023577,0.136
5976.9,3477.9,-1.114,1.5719,7.4844,21.667,0.014872,1527.2,-89.506,-420.71,-25.654,66.655,0,0.33,0.015678,0.1319
2685,10366,-1.4486,2.3269,4.7383,24.275,0.020937,1165.9,-92.041,-405.93,-16.847,6.3496,0,0.33,0.02359,0.13198
1541.5,15355,-1.4701,3.0436,2.1564,25.099,0.024148,1037.8,-95.038,-395.94,-0.5128,-41.435,0,0.33,0.03149,0.13206
1780.4,13437,-1.3368,3.3745,1.7088,24.116,0.022064,1096.2,-89.741,-387.67,6.9816,-52.369,0,0.33,0.03148,0.13607
3862,5048.4,-1.2735,2.8785,3.7119,22.382,0.017453,1295.9,-81.199,-389.47,-7.3342,-5.3149,0,0.33,0.023562,0.14002
2174.3,11064,-1.1665,3.6994,1.244,22.901,0.019721,1165.1,-84.192,-376.29,17.599,-66.507,0,0.33,0.031468,0.14009
997.95,17567,0.32724,4.6471,-2.603,24.25,0.020607,1183.4,-93.118,-310.28,114.87,-227.77,0,0.33,0.047264,0.13622
3489,15042,0.93222,4.985,-2.8518,23.803,0.018483,1294.5,-88.009,-281.25,158.43,-266.55,0,0.33,0.047256,0.14023
3336.7,15798,2.4061,5.0349,-4.123,26.455,0.019462,1355.7,-93.472,-232.1,209.62,-344.36,0,0.33,0.055154,0.13626
7957.6,13008,3.3817,5.3149,-4.1924,26.82,0.017705,1482.7,-88.705,-194.39,270.03,-388,0,0.33,0.055149,0.14027
12730,9860,6.7747,5.3594,-4.9482,30.949,0.017387,1652,-88.687,-100.34,375.36,-484.9,0,0.33,0.06304,0.14019
7200.8,12483,5.4273,5.1667,-5.0679,30.228,0.018821,1533.9,-93.079,-139.48,309.87,-448.32,0,0.33,0.063045,0.13616
-297.1,19584,-0.13817,4.2786,-2.3175,24.835,0.022865,1091.9,-98.085,-332.32,82.942,-196.01,0,0.33,0.04727,0.13222
450.49,18539,-1.099,3.7009,-0.22351,24.882,0.024531,1016.7,-97.14,-374.46,29.175,-105.96,0,0.33,0.03938,0.13214
823.32,16845,-0.84962,4.0662,-0.60901,23.897,0.022086,1085.6,-91.918,-361.93,45.778,-126.69,0,0.33,0.039372,0.13615
1729.7,14628,-0.52258,4.4191,-0.99085,22.811,0.01957,1170.7,-86.505,-343.77,70.24,-153.34,0,0.33,0.039363,0.14016
-21788,1614.2,22.788,4.3957,-3.1566,22.07,0.013313,1642.2,-72.335,69.434,520.49,-415.91,0,0.33,0.078966,0.15643
-16028,2270.4,25.89,3.9385,-2.9163,14.798,0.010758,1346,-71.369,60.627,423.17,-336.08,0,0.33,0.086914,0.15653
-23282,2515.7,20.773,4.5497,-3.6602,26.383,0.015305,1714.3,-75.724,65.775,525.15,-455.08,0,0.33,0.078943,0.15239
-17976,3208.5,24.222,4.0713,-3.3598,19.33,0.012989,1468.8,-74.514,63.898,452.8,-383.93,0,0.33,0.086911,0.15252
-10544,2068.5,28.236,3.5453,-2.7324,8.3735,0.0079347,1012.9,-69.927,44.118,308.45,-245.65,0,0.33,0.094831,0.15659
-12795,3195.4,26.991,3.6485,-3.0925,12.08,0.010022,1172.2,-72.829,51.604,356.34,-300.27,0,0.33,0.094833,0.15259
-24118,3642.4,18.773,4.6639,-4.1484,29.829,0.016879,1745.5,-79.227,56.965,514.17,-483.25,0,0.33,0.078913,0.14833
-29167,1813.2,16.791,5.0408,-3.9133,31.109,0.0157,1895.7,-76.215,53.578,576.44,-519.42,0,0.33,0.070953,0.15224
-21026,3476.6,14.625,5.1394,-4.3975,32.947,0.016583,1868.6,-80.033,33.286,540.2,-534.16,0,0.33,0.070942,0.14821
-8507,5389.2,12.62,5.173,-4.821,33.828,0.017263,1812.6,-83.989,7.4475,493.88,-535.75,0,0.33,0.07094,0.14418
-24297,4942.7,16.841,4.7303,-4.6049,32.348,0.018085,1744.4,-82.826,43.452,491.75,-501.27,0,0.33,0.078892,0.14429
-19207,4167.3,22.475,4.178,-3.8096,23.592,0.015101,1550.4,-77.738,62.819,464.51,-421.38,0,0.33,0.086904,0.14851
-15693,5353.1,24.089,3.8019,-3.8647,20.112,0.014316,1388.7,-78.762,57.558,406.98,-387.54,0,0.33,0.094835,0.1446
-19804,5147.5,20.715,4.2512,-4.2492,27.307,0.017027,1597.1,-81.003,57.858,461.86,-449.26,0,0.33,0.086901,0.14451
-14527,4306.6,25.588,3.7361,-3.4748,16.101,0.012185,1297.5,-75.788,56.175,389.16,-348.15,0,0.33,0.094833,0.14859
-4242,1102.7,30.221,3.0232,-2.8269,2.7797,0.0047519,545.51,-67.796,19.24,146.28,-125.44,0,0.33,0.11068,0.15265
-8090,2358.7,28.991,3.3028,-2.9083,6.3218,0.0071096,846.85,-70.525,34.579,245.95,-208.4,0,0.33,0.10275,0.15264
-2668.3,248.72,30.657,2.9647,-2.6227,1.5917,0.0035655,410.68,-65.466,13.226,106.43,-86.149,0,0.33,0.11067,0.15667
-5954.6,1225.7,29.794,3.2256,-2.6349,3.9593,0.0054432,682.34,-67.902,26.632,194.77,-156.85,0,0.33,0.10275,0.15664
-1507.8,59.063,30.839,2.7921,-2.8285,1.0555,0.0030552,316.19,-64.758,8.3487,75.919,-64.476,0,0.33,0.11867,0.15249
-2790.1,754.29,30.536,2.8348,-3.0027,1.8344,0.0040284,421.67,-66.85,12.533,105.04,-95.299,0,0.33,0.11869,0.14844
-5993.3,2177.6,29.623,3.0755,-3.0545,4.4759,0.0061587,687.07,-70.183,25.574,188.22,-170.47,0,0.33,0.11068,0.14865
-1559.1,279.17,30.739,2.6596,-3.1707,1.134,0.0033175,315.28,-65.088,7.5732,72.733,-67.645,0,0.33,0.12661,0.14457
-4178.1,1662.8,30.11,2.8723,-3.1924,2.9681,0.0051741,537.54,-68.974,17.131,137.28,-132.09,0,0.33,0.1187,0.14441
-636.6,-220.35,30.943,2.6249,-3.0179,0.6566,0.0025355,236.5,-63.276,4.9823,52.47,-45.255,0,0.33,0.12661,0.14862
-7773.2,3407.4,28.862,3.1188,-3.3028,6.6752,0.007757,823.69,-72.6,31.26,227.89,-217.84,0,0.33,0.11068,0.14465
88.795,-569.82,31.075,2.587,-2.8738,0.35863,0.0018819,172.66,-61.511,3.4019,36.093,-28.39,0,0.33,0.12661,0.15265
-10099,3596,27.998,3.3704,-3.2098,9.2752,0.0089801,996.71,-73.206,41.367,290.73,-259.87,0,0.33,0.10275,0.14864
-11786,4835.2,26.85,3.4239,-3.5302,12.639,0.010975,1123,-75.904,46.205,325.25,-307.43,0,0.33,0.10275,0.14465
5923,9411.8,9.2029,5.0315,-5.4419,33.789,0.018897,1651.6,-91.954,-54.146,387.48,-508.3,0,0.33,0.070942,0.13615
79.85,7404.7,10.808,5.1371,-5.1711,34.025,0.018007,1737.4,-87.995,-22.365,441.6,-526.2,0,0.33,0.070941,0.14016
-9337.2,7653.2,13.323,4.7004,-5.371,34.986,0.020038,1675.1,-90.008,5.0907,423.94,-510.53,0,0.33,0.078867,0.13623
-18228,6313.2,15.014,4.7435,-5.016,34.022,0.019145,1718.7,-86.445,25.873,460.55,-510.02,0,0.33,0.078875,0.14025
-19461,7019.7,17.332,4.278,-5.0449,32.665,0.020163,1612.6,-87.456,37.742,426.53,-480.5,0,0.33,0.086897,0.1365
-3745.7,8928.4,11.781,4.6,-5.6651,35.403,0.020827,1619.4,-93.456,-17.974,384.15,-503.94,0,0.33,0.078866,0.13223
-15345,7853,15.771,4.2246,-5.3824,34.325,0.021317,1592.6,-90.541,23.557,400.08,-485.95,0,0.33,0.086898,0.13251
-16267,7826.8,19.506,3.8219,-4.9552,29.884,0.019882,1499.3,-87.352,43.419,392.46,-455.49,0,0.33,0.094838,0.13261
-16499,7126.9,21.008,3.8488,-4.6153,27.136,0.018198,1484.6,-84.581,50.89,405.89,-440.52,0,0.33,0.094837,0.1366
-19862,6112.2,18.988,4.286,-4.6647,30.342,0.018739,1615.8,-84.26,49.367,448.02,-468.63,0,0.33,0.086898,0.1405
-16330,6299.7,22.547,3.841,-4.2487,23.85,0.016336,1449.4,-81.706,55.736,411.66,-418.19,0,0.33,0.094836,0.1406
-10762,5947.5,26.925,3.1631,-3.8372,12.215,0.011333,1051.6,-77.389,38.284,287.7,-307.21,0,0.33,0.11068,0.13665
-9406.9,4695,27.954,3.1492,-3.5661,9.2987,0.0095004,946.82,-75.014,35.617,261.81,-264.27,0,0.33,0.11068,0.14065
-7176.5,3977.1,28.865,2.9211,-3.6111,6.3842,0.0079344,770.57,-73.233,24.724,200.7,-215.75,0,0.33,0.11868,0.13635
-5673.9,2758.3,29.552,2.9023,-3.3963,4.4888,0.0064833,656.25,-71.112,21.363,170.16,-173.03,0,0.33,0.11869,0.14038
-2651.9,961.23,30.446,2.6902,-3.3337,1.843,0.0042302,405.96,-66.912,10.53,96.045,-95.493,0,0.33,0.12662,0.14044
-3824,1828,30.056,2.7161,-3.5045,2.8157,0.0052638,503.25,-68.743,13.222,120.72,-127.96,0,0.33,0.12662,0.13635
-11752,7099.4,25.805,3.1571,-4.1082,15.27,0.0132,1136.4,-79.699,39.125,305.22,-344.92,0,0.33,0.11067,0.13263
-14205,7866.9,22.9,3.4568,-4.5002,22.969,0.016921,1346.8,-83.726,46.231,361.75,-409.18,0,0.33,0.10275,0.13266
-13843,7007.8,24.259,3.471,-4.1855,19.685,0.01501,1296.1,-81.199,48.629,359.69,-382.59,0,0.33,0.10275,0.13666
-13044,5990.6,25.588,3.4588,-3.859,16.184,0.01301,1222.5,-78.581,48.673,348.09,-348.7,0,0.33,0.10275,0.14065
950.51,-971.56,30.64,1.5744,-3.6863,0.0087586,0.00024662,33.781,-43.345,-1.3736,11.353,-3.0994,0,0.33,0.17462,0.13612
924.41,-956.72,30.687,1.5635,-3.5657,0.0077629,0.00021413,29.746,-43.105,0.14106,7.699,-2.3045,0,0.33,0.17462,0.14014
982.65,-1036,30.548,1.3752,-3.7146,0.0071707,0.00019655,28.225,-39.789,-1.69,9.6695,-1.3123,0,0.33,0.18259,0.13613
950.21,-1006.8,30.592,1.369,-3.5889,0.0068276,0.00016374,25.059,-39.712,0.052671,5.7927,-0.62179,0,0.33,0.18259,0.14013
913.03,-966.52,30.619,1.3575,-3.4623,0.0065865,0.00013471,22.314,-39.614,1.5709,2.5481,0.026609,0,0.33,0.18258,0.14412
903.57,-939.36,30.716,1.5471,-3.4416,0.0071626,0.00017574,26.399,-42.839,1.9518,4.1846,-1.4764,0,0.33,0.17461,0.14416
992.64,-1033.4,30.577,1.581,-3.8056,0.010415,0.00026538,38.74,-43.45,-1.9436,13.992,-3.6467,0,0.33,0.17461,0.13207
937.1,-965.68,30.664,1.7898,-3.7698,0.021117,0.00039717,50.625,-47.587,-1.2808,15.083,-5.5137,0,0.33,0.1666,0.13224
898.57,-914.94,30.722,1.771,-3.652,0.014873,0.00033506,42.932,-47.137,-0.89348,12.899,-4.854,0,0.33,0.1666,0.13615
837.5,-887.7,30.743,1.9782,-3.7293,0.060319,0.0007498,74.146,-51.856,-0.85442,17.294,-8.5721,0,0.33,0.15857,0.13224
827.21,-868.19,30.801,1.9532,-3.6109,0.037997,0.00058355,60.546,-51.107,-1.151,15.012,-6.7826,0,0.33,0.15861,0.13613
872.2,-899.86,30.769,1.7539,-3.5335,0.011127,0.00028577,36.93,-46.674,-0.0090531,9.6095,-3.9281,0,0.33,0.16661,0.14015
831.01,-865.9,30.882,1.9117,-3.3726,0.015893,0.0003573,42.04,-49.747,-0.13261,7.9641,-3.8135,0,0.33,0.15862,0.14421
862.13,-895.22,30.801,1.7368,-3.4123,0.0089786,0.0002377,32.219,-46.281,1.6349,5.9613,-2.9307,0,0.33,0.16663,0.14429
825.46,-862.46,30.849,1.9332,-3.492,0.024041,0.0004537,50.009,-50.429,-1.0992,11.783,-5.2093,0,0.33,0.15863,0.14016
905.29,-975.77,31.067,2.171,-2.8793,0.022435,0.00039421,48.083,-53.818,2.0163,5.1507,-2.1362,0,0.33,0.14255,0.15658
900.51,-943.54,30.984,1.9845,-2.9529,0.011073,0.00023411,35.201,-50.699,2.7587,2.9074,-1.4077,0,0.33,0.15056,0.15642
844.41,-924.79,31.065,2.2122,-3.0037,0.039062,0.00059125,59.741,-54.977,0.90635,8.1309,-4.5859,0,0.33,0.14253,0.15245
893.19,-931.93,30.987,2.029,-3.074,0.015739,0.00032897,41.435,-51.628,2.0291,4.198,-2.4803,0,0.33,0.15055,0.15231
796.14,-853.56,30.904,1.8068,-3.0143,0.0077612,0.00016432,27.362,-47.713,3.9998,2.5005,-1.5909,0,0.33,0.15857,0.15648
838.44,-886.69,30.904,1.849,-3.1329,0.009031,0.00021177,31.392,-48.394,3.8695,2.5704,-2.0275,0,0.33,0.15858,0.15241
748.62,-847.47,31.047,2.2458,-3.1278,0.07054,0.00084498,76.213,-56.152,0.091598,12.77,-8.2502,0,0.33,0.14251,0.14838
672.12,-837.91,31.113,2.3944,-2.9349,0.11667,0.0010889,96.912,-58.258,1.5927,16.904,-11.489,0,0.33,0.13459,0.15254
428.77,-680.33,31.062,2.4289,-3.0656,0.21792,0.0015137,130.49,-59.708,1.6963,25.37,-19.744,0,0.33,0.13457,0.14844
-33.709,-455.32,30.973,2.4607,-3.1999,0.39153,0.0020322,175.42,-61.19,2.9036,36.404,-31.369,0,0.33,0.13456,0.1444
626.5,-757.09,31.008,2.2752,-3.2519,0.12633,0.0011615,98.934,-57.333,0.23779,18.903,-13.47,0,0.33,0.1425,0.14436
848.58,-889.27,30.981,2.0653,-3.1945,0.024756,0.00046119,49.649,-52.562,0.23605,7.1916,-4.1022,0,0.33,0.15055,0.14827
802.35,-850.78,30.96,2.093,-3.3144,0.041307,0.00062714,60.878,-53.496,-0.92205,11.371,-6.3352,0,0.33,0.15055,0.14424
843.89,-883.01,30.9,1.8862,-3.2526,0.011411,0.00027762,36.08,-49.095,1.8975,4.5473,-2.7465,0,0.33,0.15859,0.14839
791.82,-837.98,30.645,1.3206,-3.2178,0.0062522,8.9986e-05,17.286,-39.342,3.6318,1.3999,0.59527,0,0.33,0.18257,0.15213
860.42,-910.26,30.634,1.3411,-3.3385,0.0064041,0.00011073,19.791,-39.492,2.8849,0.97183,0.45565,0,0.33,0.18258,0.14813
815.29,-844.6,30.739,1.4956,-3.2008,0.0065322,0.00011566,20.686,-42.228,4.7483,1.6307,-0.55898,0,0.33,0.17457,0.1522
870.74,-900.29,30.731,1.524,-3.3199,0.0067885,0.00014288,23.474,-42.542,3.7919,1.942,-0.87487,0,0.33,0.17459,0.14818
818.97,-857.57,30.823,1.6762,-3.1725,0.0071403,0.00015224,25.083,-45.322,4.9874,2.0395,-1.753,0,0.33,0.16662,0.15231
734.45,-767.33,30.748,1.4661,-3.0866,0.0063359,9.2733e-05,17.894,-41.898,4.0426,3.1414,-0.47986,0,0.33,0.17456,0.15622
751.54,-795.63,30.828,1.6389,-3.0569,0.0067367,0.00012178,21.906,-44.825,4.6048,2.8334,-1.5697,0,0.33,0.16662,0.15632
852.63,-886.76,30.817,1.7101,-3.2919,0.0078027,0.00019159,28.419,-45.813,3.6277,3.1218,-2.1753,0,0.33,0.16663,0.14832
88.372,-475.73,30.847,2.3307,-3.5061,0.36592,0.0020032,167.12,-59.689,2.4615,33.77,-30.457,0,0.33,0.1425,0.13637
685.75,-786.48,30.862,2.1398,-3.557,0.11768,0.0011143,96.309,-55.315,-0.13916,20.169,-13.407,0,0.33,0.15055,0.1362
-370.81,-235.18,30.719,2.3576,-3.638,0.5821,0.002515,213.12,-60.847,3.8331,42.43,-43.096,0,0.33,0.1425,0.13237
574.21,-732.52,30.786,2.1629,-3.6809,0.19145,0.0014343,121.89,-56.187,0.97859,24.166,-18.745,0,0.33,0.15054,0.13218
-1376.4,318.14,30.642,2.5197,-3.4825,1.0772,0.0033407,298.01,-64.175,6.7274,64.692,-66.455,0,0.33,0.13456,0.13636
-637.24,-132.1,30.835,2.4908,-3.3389,0.66811,0.0026432,231.72,-62.685,4.7681,49.639,-46.847,0,0.33,0.13456,0.14038
434.1,-640.81,30.942,2.3032,-3.3776,0.21943,0.001549,129,-58.515,1.2004,25.971,-20.746,0,0.33,0.1425,0.14036
754.29,-821.43,30.92,2.117,-3.435,0.070148,0.00084268,76.155,-54.418,-0.86745,15.888,-9.3959,0,0.33,0.15055,0.14022
-27337,-12092,0.27299,-0.21358,14.04,18.243,0.0084302,2865.3,-112.63,678.39,-41.513,1942.4,0,0.33,0.0078469,0.091761
-58691,-34046,0.81817,-0.20569,15.686,14.666,0.0010828,4347.4,-110.74,1776,-31.151,3786.5,0,0.33,0,0.09171
-36003,-11760,0.16999,-0.1239,13.867,18.165,0.0083412,2862.4,-112.79,666.79,-40.22,1951.4,0,0.33,0.0078468,0.095751
-75364,-33052,0.74114,-0.15184,15.527,14.533,0.0010722,4328.3,-111.15,1755,-30.427,3800.7,0,0.33,0,0.0957
-11788,26689,0.17208,1.0577,-3.5242,27.449,0.032003,860.62,-123.54,-326.34,13.183,-202.74,0,0.33,0.063066,0.095906
-19219,26947,0.085939,0.54453,-3.2634,27.271,0.032773,834.66,-124.37,-329.39,-1.7917,-190.32,0,0.33,0.063059,0.091886
-25060,29341,-0.90824,0.75606,-1.7298,26.681,0.034886,766.31,-125.99,-367.52,-12.735,-130.97,0,0.33,0.05517,0.095919
-31481,29705,-0.91184,0.26426,-1.4712,26.49,0.035486,747.65,-126.87,-368.02,-25.451,-121.72,0,0.33,0.05516,0.091891
-6045.7,21514,1.8509,1.3509,-4.891,29.343,0.029862,984.33,-119.51,-264.6,47.577,-276.46,0,0.33,0.070962,0.095913
-6782,21595,1.6532,0.84252,-4.6448,29.097,0.030618,951.93,-120.26,-271.06,29.847,-260.97,0,0.33,0.070954,0.091899
-8261.2,9869.8,22.623,2.0825,-4.8371,18.98,0.016666,1128,-80.91,-21.436,199.72,-414.21,0,0.33,0.1266,0.096236
-8076.5,9853.4,21.873,1.8975,-4.8542,20.009,0.017333,1145.4,-81.063,-30.691,184.07,-425.12,0,0.33,0.12662,0.09222
-6096.2,9606.4,19.337,1.9835,-5.0808,26.612,0.021617,1227.8,-86.848,-17.046,216.66,-439.85,0,0.33,0.11863,0.096268
-5036.7,9143.6,18.538,1.756,-5.0701,27.441,0.022351,1225.6,-86.994,-27.139,196.43,-441.61,0,0.33,0.11863,0.092275
-7101.2,8388,25.529,2.1878,-4.7292,11.426,0.011691,956.04,-74.458,-25.834,162.33,-345.9,0,0.33,0.13465,0.09622
-7769.6,8785.5,24.902,2.048,-4.7714,12.328,0.012186,992.13,-74.608,-34.764,153.25,-363.43,0,0.33,0.13467,0.092212
1910.3,25329,-1.4044,-0.25361,5.4694,26.243,0.029872,777.83,-123.56,-415.65,-59.79,16.899,0,0.33,0.03145,0.091891
3211.7,19933,-1.0334,-0.30315,8.1977,25.342,0.025399,889.77,-119.88,-413.07,-60.761,42.927,0,0.33,0.023587,0.091838
-15195,28456,-1.5591,-0.14485,2.9262,26.475,0.034967,722.78,-126.2,-405.52,-53.135,-19.01,0,0.33,0.039341,0.091906
-1530.4,7181,9.114,1.4788,-5.9291,35.802,0.029614,1209.3,-103.42,-83.011,140.84,-386.54,0,0.33,0.094849,0.092144
-3530.2,9936.5,6.3174,1.3264,-5.9226,34.297,0.029794,1151.3,-109.16,-135.04,105.42,-360.05,0,0.33,0.086911,0.09198
-776.72,6714.1,12.092,1.5761,-5.7024,35.478,0.028577,1242,-97.913,-49.075,170.61,-408.66,0,0.33,0.10279,0.092233
321.1,-702.91,29.707,1.8849,-5.0945,0.39579,0.0013143,285.86,-48.814,-18.2,40.839,-37.769,0,0.33,0.16658,0.092162
-513.51,766.11,29.464,2.0561,-4.9963,1.1031,0.0026132,399.51,-54.968,-23.662,53.516,-85.97,0,0.33,0.15855,0.09219
-1965.9,3184.8,28.726,2.1532,-4.8899,2.8306,0.004732,570.68,-61.387,-30.127,78.044,-166.02,0,0.33,0.15057,0.092204
3849.4,13263,-0.53591,-0.26779,10.994,23.249,0.019638,1173.3,-116.13,-413.34,-55.78,75.12,0,0.33,0.015704,0.091805
4581.6,13592,-0.38439,-0.43648,11.152,23.193,0.019741,1164.3,-115.74,-412.03,-58.645,72.439,0,0.33,0.015706,0.087808
-18369,-12716,0.38837,-0.30537,14.178,18.315,0.0085109,2868,-111.79,686.96,-42.892,1931.6,0,0.33,0.0078473,0.087768
-41536,-35624,0.9058,-0.26195,15.809,14.792,0.0010943,4364.8,-109.62,1791.3,-31.894,3769.3,0,0.33,0,0.087721
-31919,29889,-1.4227,0.02971,0.61384,26.405,0.037127,711.23,-127.46,-390.13,-41.843,-64.415,0,0.33,0.047238,0.091911
-32201,29962,-1.3228,-0.41845,0.84346,26.144,0.037164,703.46,-127.86,-387.4,-53.134,-58.247,0,0.33,0.04723,0.087929
-32402,29763,-0.86475,-0.2284,-1.2189,26.292,0.035849,734.29,-127.34,-366.51,-39.1,-113.06,0,0.33,0.055141,0.087915
-25763,26932,0.057848,0.025818,-2.9973,27.107,0.033392,813.94,-124.78,-330.43,-17.508,-178.62,0,0.33,0.063056,0.0879
-5161.3,15189,3.7736,1.1141,-5.5296,31.726,0.029814,1064.5,-115.02,-201.45,67.4,-320.02,0,0.33,0.078876,0.091923
-4119.8,14893,3.5172,0.61883,-5.2882,31.425,0.030449,1032.4,-115.26,-209.5,48.071,-303.88,0,0.33,0.078873,0.087926
-12204,21483,1.5222,0.32355,-4.3815,28.89,0.0313,924.52,-120.57,-275.8,12.351,-246.42,0,0.33,0.070953,0.087907
-2083.4,7692.5,15.239,1.656,-5.3797,32.77,0.026209,1250.4,-92.527,-31.553,190.37,-429.23,0,0.33,0.1107,0.092268
-773.81,6874.1,14.547,1.3571,-5.2999,32.977,0.026781,1231.8,-92.446,-42.911,166.69,-422.44,0,0.33,0.1107,0.088277
-3831.3,8557.8,17.816,1.5025,-5.0256,28.013,0.022928,1220.6,-86.893,-38.126,174.43,-441.41,0,0.33,0.11863,0.08828
-7403.1,9663,21.183,1.6873,-4.843,20.793,0.017839,1158.3,-80.978,-41.197,166.22,-432.88,0,0.33,0.12663,0.088225
-4608.5,6192,27.243,2.1523,-4.801,6.3806,0.0078694,783.74,-68.061,-34.539,113.72,-267.54,0,0.33,0.14261,0.092236
-5273.7,6667.2,26.78,2.0296,-4.848,6.8808,0.008051,828.54,-67.966,-44.758,109.42,-283.79,0,0.33,0.14262,0.088223
-8045,9020.3,24.308,1.8821,-4.7902,13.056,0.012541,1023.3,-74.539,-45.208,141.98,-377.78,0,0.33,0.13467,0.08821
3867.3,20175,-0.87272,-0.55211,8.3651,25.151,0.025424,884.6,-119.79,-411.57,-65.436,43.098,0,0.33,0.023588,0.087846
2760.4,25424,-1.249,-0.5775,5.6525,25.968,0.029907,773.67,-123.68,-413,-66.505,19.108,0,0.33,0.031452,0.087898
5399.2,13912,-0.21554,-0.60863,11.276,23.133,0.019832,1157,-114.68,-410.81,-61.585,69.033,0,0.33,0.01571,0.0838
-9122.2,-13603,0.51621,-0.4005,14.28,18.384,0.0085834,2871.2,-110.23,693.27,-44.226,1919.9,0,0.33,0.0078484,0.083768
-6467,-40304,1.1126,-0.38443,15.939,15.03,0.0011177,4398.5,-105.09,1809.5,-33.286,3733.8,0,0.33,0,0.079743
-23904,-37685,1.004,-0.3213,15.894,14.912,0.0011061,4381.4,-107.74,1802.1,-32.612,3750.9,0,0.33,0,0.083732
51.405,-14806,0.65642,-0.49992,14.343,18.451,0.0086475,2875.3,-107.93,697.99,-45.463,1908.4,0,0.33,0.0078493,0.079768
6261.8,14198,-0.02913,-0.78594,11.366,23.073,0.019915,1151.6,-112.94,-409.54,-64.412,64.88,0,0.33,0.015713,0.079799
4626.5,20461,-0.6884,-0.80303,8.5025,24.955,0.025438,881.54,-119.07,-410.31,-70.43,42.437,0,0.33,0.02359,0.083847
4354.9,25849,-0.84682,-1.2272,5.94,25.406,0.029969,772.64,-122.23,-408.38,-80.877,20.883,0,0.33,0.031462,0.079882
5451.2,20806,-0.47982,-1.0585,8.6102,24.757,0.025469,880.61,-117.74,-409.22,-75.468,40.914,0,0.33,0.023591,0.079852
3536.3,25571,-1.0635,-0.90099,5.809,25.686,0.029919,771.96,-123.23,-410.53,-73.587,20.431,0,0.33,0.031456,0.083894
-14755,28488,-1.4239,-0.53563,3.1311,26.178,0.034945,717.94,-126.47,-402.37,-62.013,-14.847,0,0.33,0.039341,0.087914
-32512,29498,-0.76247,-0.72126,-0.97673,26.113,0.035982,726.32,-127.42,-362.89,-53.202,-105.18,0,0.33,0.055124,0.083949
-32375,29849,-1.177,-0.86497,1.0535,25.886,0.036979,700,-127.84,-383.48,-64.572,-53.088,0,0.33,0.047227,0.083947
-30315,25916,0.19466,-1.0216,-2.4578,26.898,0.034168,788.51,-124.57,-325.2,-51.475,-156.77,0,0.33,0.063055,0.079927
-32540,29056,-0.60283,-1.2147,-0.74515,25.969,0.035927,723.25,-127.09,-358.02,-67.379,-98.41,0,0.33,0.05513,0.079954
-30311,26551,0.092678,-0.49706,-2.7277,26.978,0.033857,798.54,-124.85,-328.87,-34.31,-167.26,0,0.33,0.063053,0.083921
-32600,29687,-0.98498,-1.3116,1.2463,25.65,0.036628,700.27,-127.35,-379.16,-76.141,-48.942,0,0.33,0.047228,0.079957
-14448,28494,-1.2516,-0.92455,3.3123,25.878,0.034813,716.2,-126.25,-398.95,-71.123,-11.674,0,0.33,0.039343,0.083922
-14212,28598,-1.0411,-1.3146,3.4722,25.589,0.034631,717.32,-125.52,-395.74,-80.52,-9.4119,0,0.33,0.039346,0.079925
6839.8,-16339,0.80862,-0.60457,14.367,18.519,0.0087036,2880.4,-104.84,700.66,-46.587,1896.6,0,0.33,0.0078501,0.075774
7135.4,14426,0.17406,-0.96996,11.421,23.015,0.019993,1148.1,-110.5,-408.12,-67.03,59.994,0,0.33,0.015714,0.075808
6153.4,-43484,1.2316,-0.45208,15.942,15.144,0.0011297,4415.8,-101.61,1812.6,-33.889,3716.5,0,0.33,0,0.075755
6297.6,21187,-0.24745,-1.3209,8.6883,24.562,0.025525,881.88,-115.77,-408.21,-80.316,38.479,0,0.33,0.023591,0.075866
5199.9,26276,-0.59862,-1.5595,6.0462,25.134,0.030088,775.76,-120.67,-406.61,-88.134,20.432,0,0.33,0.031468,0.075894
-32970,29591,-0.74596,-1.7605,1.4236,25.448,0.036155,703.84,-126.43,-374.84,-87.977,-45.714,0,0.33,0.047232,0.075964
-14066,28863,-0.7916,-1.7092,3.6118,25.318,0.034435,721.22,-124.32,-392.94,-90.116,-8.0191,0,0.33,0.039348,0.075938
-2103.3,9393.6,5.9278,0.87099,-5.7185,33.931,0.030379,1117.1,-109.35,-145.28,84.317,-344.29,0,0.33,0.086901,0.08796
-106.91,6373.7,8.6017,1.0715,-5.7691,35.48,0.030172,1176.3,-103.46,-94.189,117.73,-372.04,0,0.33,0.094852,0.088065
-5834.2,14445,3.3328,0.10848,-5.0199,31.169,0.031052,1004.1,-115.16,-216.07,28.368,-288.19,0,0.33,0.078873,0.083937
-19092,21081,1.4586,-0.20577,-4.1017,28.728,0.031915,901.49,-120.56,-278.19,-6.3675,-232.04,0,0.33,0.070953,0.083921
-23816,20407,1.4696,-0.74222,-3.8078,28.62,0.032452,883.04,-120.27,-278.09,-26.35,-217.84,0,0.33,0.070954,0.079931
-10211,13808,3.2252,-0.41604,-4.7267,30.957,0.031619,979.36,-114.79,-220.81,6.831,-272.26,0,0.33,0.078874,0.079949
-830,8794.2,5.617,0.39712,-5.4797,33.595,0.030931,1086.3,-109.21,-154.78,63.881,-329.16,0,0.33,0.086898,0.083959
1204.2,5550.7,8.1745,0.64368,-5.5696,35.142,0.030674,1146,-103.25,-105.04,95.597,-358.11,0,0.33,0.094845,0.084027
551.31,5806.7,11.473,1.2265,-5.5839,35.349,0.029127,1214.2,-97.892,-60.438,146.43,-396.92,0,0.33,0.10278,0.088228
543.78,6006.7,13.946,1.0307,-5.1828,33.008,0.027224,1213.1,-92.114,-54.842,142.5,-415.19,0,0.33,0.11071,0.084283
1828.6,4872.9,10.946,0.85109,-5.4263,35.131,0.029589,1187.9,-97.602,-71.898,122.57,-385.33,0,0.33,0.10278,0.084229
-2307.4,3648.9,28.388,2.0737,-4.9647,3.105,0.0047784,622.63,-61.316,-39.577,80.721,-178.78,0,0.33,0.15057,0.088203
-566.9,1083.7,29.206,2.0001,-5.0921,1.249,0.0026171,455.21,-54.769,-32.239,63.067,-93.412,0,0.33,0.15856,0.088183
-7918,9103.5,23.756,1.6869,-4.7858,13.584,0.012737,1050.4,-74.233,-55.525,125.83,-388.79,0,0.33,0.13468,0.084171
183.19,-388.93,30.983,0.80015,0.91309,0.0080702,5.4237e-05,24.097,-32.448,16.025,3.4191,-15.841,0,0.33,0.031232,0.25629
302.08,-688.73,30.92,0.96528,1.0618,0.01283,6.3516e-05,35.133,-33.225,18.64,5.6108,-14.647,0,0.33,0.031231,0.24028
131.19,-364.5,30.977,0.67418,1.0225,0.0085398,5.2336e-05,23.333,-32.381,27.5,3.1691,-26.3,0,0.33,0,0.25622
152.76,-716.19,30.871,0.72382,1.3137,0.016418,6.9337e-05,36.028,-32.051,36.613,7.2008,-27.804,0,0.33,0,0.24023
181.46,-306.36,31.081,1.0668,0.36074,0.0067212,6.0103e-05,16.653,-34.008,0.77657,2.3743,-3.6798,0,0.33,0.062978,0.25639
379.42,-560.67,31.062,1.3716,0.35757,0.0080166,5.5307e-05,26.782,-35.601,-0.80782,3.7413,-1.8331,0,0.33,0.062975,0.24038
155.03,-287.93,31.169,1.2847,-0.20749,0.0061423,5.7279e-05,10.731,-34.998,-1.9604,1.7393,-1.2881,0,0.33,0.094811,0.25654
253.11,-401.53,31.185,1.5078,-0.3263,0.0064503,5.2263e-05,15.15,-37.367,-1.7168,2.6078,-1.6276,0,0.33,0.094808,0.24055
119.79,-215.86,31.179,1.1493,-0.60202,0.00582,6.3504e-05,5.8359,-34.716,-0.36486,0.67134,-0.80775,0,0.33,0.12665,0.25682
191.15,-290.57,31.211,1.3585,-0.8301,0.0059285,5.4505e-05,8.0047,-37.009,-0.27949,1.3898,-1.0601,0,0.33,0.12665,0.24084
102.87,-188.17,31.164,1.022,-0.94877,0.0056253,6.4502e-05,2.9465,-33.028,-1.1382,0.69289,-0.52383,0,0.33,0.1586,0.25647
155.75,-238.56,31.18,1.1253,-1.1783,0.0056677,5.6026e-05,3.8543,-34.928,-1.033,1.2204,-0.66913,0,0.33,0.15861,0.24052
84.871,-161.64,31.098,0.76915,-1.0907,0.0055433,6.9616e-05,1.6822,-30.886,-0.25856,0.20175,-0.22604,0,0.33,0.19053,0.25707
118.45,-199.25,31.107,0.83593,-1.3953,0.0055544,6.048e-05,1.999,-32.118,-0.24441,0.94822,-0.47814,0,0.33,0.19054,0.24097
77.639,-145.15,31.034,0.55055,-1.2151,0.0054963,7.3719e-05,1.0038,-27.978,-0.04815,0.34045,-0.015889,0,0.33,0.22245,0.25705
107.17,-173.94,31.029,0.56065,-1.4599,0.0055033,6.3476e-05,1.1761,-28.843,-0.23676,0.87884,-0.053025,0,0.33,0.22246,0.24098
63.436,-117.04,30.948,0.32416,-1.1863,0.0054814,8.3999e-05,0.77132,-25.519,-0.47866,0.40016,-0.15226,0,0.33,0.25434,0.25706
89.316,-150.25,30.923,0.28566,-1.4504,0.0054848,7.0138e-05,0.87761,-25.739,-0.78429,1.0268,-0.21522,0,0.33,0.25437,0.24104
47.16,-97.596,30.906,0.11121,-1.1582,0.0054724,9.2265e-05,0.63858,-22.896,-0.84353,0.27567,-0.37059,0,0.33,0.28631,0.25701
64.568,-116.13,30.879,0.04783,-1.3528,0.0054754,7.7633e-05,0.71552,-23.054,-0.92108,0.95955,-0.49126,0,0.33,0.28638,0.24103
35.068,-74.126,30.854,-0.023669,-1.0511,0.005468,0.00010566,0.56079,-21.219,-1.2592,0.0030755,0.083221,0,0.33,0.31823,0.25699
50.007,-95.949,30.825,-0.12196,-1.2442,0.0054705,8.7964e-05,0.6265,-20.995,-1.7875,0.94117,0.0056806,0,0.33,0.31824,0.24103
28.241,-66.14,30.813,-0.15622,-0.95276,0.0054651,0.00010799,0.51229,-19.41,-1.3818,0.11929,0.089103,0,0.33,0.35009,0.257
35.967,-73.495,30.785,-0.254,-1.098,0.0054667,9.7239e-05,0.5533,-19.361,-1.3553,0.5721,-0.017968,0,0.33,0.35011,0.24104
17.638,-43.534,30.776,-0.21722,-0.81635,0.0054623,0.00013349,0.45834,-18.298,-1.3109,-0.13166,0.15266,0,0.33,0.38198,0.25705
25.321,-56.4,30.758,-0.32786,-0.94541,0.0054639,0.00011342,0.49817,-18.128,-1.6822,0.32471,0.058459,0,0.33,0.382,0.24107
1.564e+05,192.98,24.094,0.69145,2.7418,1.3209,0.00032921,1348.9,-26.185,412.26,820.3,799.42,0,0.33,0,0.19222
93142,-4199.9,26.705,0.51416,2.6563,0.75217,0.00028683,1022.3,-27.189,380.04,506.15,460.57,0,0.33,0,0.19624
81337,-8277.5,24.073,1.1026,2.7158,2.7629,0.0009813,1477.3,-26.653,234.32,779.4,377.94,0,0.33,0.0075261,0.19223
50384,-7861.2,26.594,0.86657,2.6772,1.6183,0.00083825,1067,-27.529,219,501,223.79,0,0.33,0.0075155,0.19625
4004.6,-10735,26.816,1.5568,2.5651,2.664,0.001583,1072.7,-29.078,40.886,465.1,-47.361,0,0.33,0.015439,0.19626
7099.6,-6311.8,28.528,1.2765,2.4479,1.3349,0.0011441,666.44,-29.682,61.803,282.04,-16.447,0,0.33,0.015427,0.20028
31735,-7139.5,28.079,0.72344,2.5631,0.98051,0.00070759,752.16,-28.178,196.46,323.64,125.29,0,0.33,0.0075022,0.20026
45249,-5990.3,28.409,0.52498,2.5094,0.52565,0.00039808,669.52,-28.113,269.09,288.62,198.07,0,0.33,0,0.20025
2057.5,-3040.9,30.524,2.8239,0.53947,0.48426,0.0012247,294.23,-43.202,3.0375,79.415,-38.865,0,0.33,0.055037,0.1964
2161,-2678.5,30.829,2.7753,0.15194,0.2305,0.00080812,193.52,-45.049,1.1703,41.803,-21.929,0,0.33,0.062975,0.19644
47.304,-3259.9,30.137,3.0291,0.44027,1.0102,0.001994,445.16,-44.626,4.3812,136.27,-66.65,0,0.33,0.055045,0.1924
1354.1,-2620.3,30.632,2.9691,0.054794,0.4963,0.0014627,290.84,-46.628,2.611,77.704,-40.264,0,0.33,0.062982,0.19243
880.57,-3819.9,30.044,2.7947,0.92065,0.91018,0.0015944,432.47,-40.727,6.2761,133.64,-60.147,0,0.33,0.047121,0.19637
1820.6,-2728.4,30.715,2.6277,0.63037,0.25149,0.00075317,203.99,-42.099,3.9814,45.459,-22.619,0,0.33,0.05503,0.20041
1780.7,-3188.2,30.45,2.5131,1.0015,0.43188,0.00096675,276.03,-39.52,5.4355,74.968,-32.278,0,0.33,0.047113,0.20038
1806.2,-2299.8,30.909,2.5487,0.27774,0.11173,0.00044077,132.17,-43.427,0.40223,21.132,-11.735,0,0.33,0.062972,0.20044
1575.8,-2004.2,30.927,2.8964,-0.29628,0.22,0.00097261,184.53,-48.183,0.37504,40.436,-21.866,0,0.33,0.07102,0.19246
1484.9,-2106.1,31.007,2.7318,-0.20871,0.10098,0.00050723,127.87,-46.546,-0.62525,20.81,-11.709,0,0.33,0.071014,0.19647
985.88,-1612,31.113,2.6804,-0.51954,0.045496,0.00032945,87.877,-47.69,0.66314,10.917,-7.3938,0,0.33,0.078969,0.1965
981.8,-1496.7,31.106,2.4986,-0.38147,0.027062,0.00020136,68.69,-45.919,0.32262,6.7497,-5.522,0,0.33,0.078963,0.2005
1340,-1974.7,31.028,2.5726,-0.10736,0.054754,0.00030038,97.112,-45.122,-1.6989,11.015,-7.3442,0,0.33,0.071003,0.20047
686.3,-1031.4,31.238,2.1057,-1.4678,0.0069595,6.3797e-05,23.208,-47.137,6.5611,3.6147,0.72677,0,0.33,0.11861,0.19671
571.4,-905.96,31.197,1.9665,-1.6028,0.0065846,5.7285e-05,19.527,-46.054,3.1013,5.452,0.51502,0,0.33,0.12677,0.19645
724.46,-907.07,31.247,2.2003,-1.5844,0.0073282,8.3551e-05,25.68,-48.391,4.5166,6.0244,1.0471,0,0.33,0.11861,0.19271
634.46,-794.79,31.199,2.0519,-1.7138,0.0067701,7.2753e-05,21.482,-47.239,3.9806,6.9003,0.98525,0,0.33,0.12677,0.19246
652.13,-948.67,31.269,2.258,-1.3511,0.0076962,8.5121e-05,28.185,-48.132,6.5276,3.0809,-0.45013,0,0.33,0.11065,0.19665
545.12,-831.63,31.222,2.0281,-1.3362,0.0067938,6.2533e-05,21.148,-45.982,3.2033,3.8342,0.19203,0,0.33,0.11861,0.20071
562.55,-774.28,31.239,2.1473,-1.2091,0.0073977,7.7912e-05,25.28,-46.482,3.2654,3.5619,-0.718,0,0.33,0.11065,0.20065
434.33,-652.75,31.192,1.8919,-1.4578,0.0064844,5.8835e-05,17.445,-44.704,-1.7555,6.5034,-0.5543,0,0.33,0.12676,0.20044
504.27,-644.66,31.158,1.9264,-1.8332,0.0064554,6.6788e-05,18.134,-46.064,2.1166,7.4753,-0.68821,0,0.33,0.13473,0.1925
447.52,-712.67,31.163,1.8528,-1.7325,0.0063321,5.3459e-05,16.389,-44.983,1.7045,6.9179,-1.0266,0,0.33,0.13473,0.1965
344.54,-605.25,31.141,1.7478,-1.8449,0.0061402,4.8617e-05,13.436,-43.797,0.83249,7.6881,-2.7969,0,0.33,0.14267,0.19657
272.73,-440.08,31.158,1.6902,-1.7144,0.0060733,5.1438e-05,11.746,-42.688,-2.945,9.2086,-2.7739,0,0.33,0.14269,0.20049
369.61,-584.69,31.168,1.7918,-1.6243,0.0062509,5.19e-05,14.736,-43.939,-1.7603,7.9063,-1.5998,0,0.33,0.13473,0.2005
355.69,-503.56,31.017,1.1341,-2.1243,0.005644,3.783e-05,4.2107,-36.701,1.5604,8.3541,-1.3557,0,0.33,0.18254,0.19642
265.19,-408.26,30.981,0.99828,-2.1828,0.0056111,4.3772e-05,3.5332,-35.093,-4.4583,9.1461,-1.9523,0,0.33,0.19044,0.19607
415.34,-511.4,30.989,1.1592,-2.2261,0.0056618,3.8121e-05,4.7517,-37.038,4.8594,6.5781,-0.96748,0,0.33,0.18255,0.19238
328.41,-427.99,30.946,1.0153,-2.271,0.0056266,4.3285e-05,4.0032,-35.369,0.85091,7.6913,-1.829,0,0.33,0.19044,0.19207
345.83,-495.72,31.056,1.2679,-2.1154,0.0056881,3.8458e-05,5.075,-38.175,3.7981,7.5225,-1.0297,0,0.33,0.17457,0.19669
300.79,-415.84,31.047,1.1209,-2.0247,0.005634,4.1879e-05,3.8432,-36.318,-0.93405,9.1532,-1.6639,0,0.33,0.18253,0.20048
293.91,-386.82,31.088,1.2482,-1.9921,0.0056754,4.4184e-05,4.587,-37.603,0.3746,8.9637,-1.4311,0,0.33,0.17456,0.20072
225.06,-313.45,31.022,0.99933,-2.0778,0.0056016,4.8457e-05,3.1823,-34.662,-5.252,9.0941,-1.8802,0,0.33,0.19044,0.20007
212.78,-299.28,30.916,0.91684,-2.3133,0.0055944,4.8537e-05,3.2738,-33.731,-0.01799,8.302,-2.254,0,0.33,0.19838,0.19208
177.71,-281.56,30.954,0.90404,-2.2379,0.005581,4.9217e-05,2.8831,-33.538,-2.4132,9.1345,-2.1067,0,0.33,0.19838,0.19608
210.74,-322.14,30.939,0.81461,-2.235,0.0055569,4.589e-05,2.409,-32.196,0.73578,9.0715,-2.3325,0,0.33,0.20662,0.19704
195.62,-266.47,30.983,0.80965,-2.137,0.0055512,5.1407e-05,2.2122,-32.009,-0.23213,8.0272,-2.1713,0,0.33,0.20662,0.20103
171.05,-249.82,30.989,0.89978,-2.1649,0.0055731,5.2222e-05,2.6334,-33.261,-3.3394,8.6561,-1.9466,0,0.33,0.19839,0.20007
294.83,-377.47,30.806,0.23008,-2.1324,0.0055117,4.2256e-05,1.6183,-25.543,-1.2771,6.8169,-0.64769,0,0.33,0.24656,0.19314
185.63,-255.44,30.811,0.13572,-2.08,0.0055012,5.1292e-05,1.3482,-24.64,-11.582,7.1567,1.4613,0,0.33,0.25442,0.19714
267.09,-353.6,30.851,0.25481,-2.0527,0.0055077,4.2915e-05,1.4858,-25.784,-2.7266,7.6958,-0.43248,0,0.33,0.24646,0.19713
274.67,-358.02,30.868,0.37138,-2.1337,0.0055105,4.3734e-05,1.5137,-26.95,5.5327,7.7673,-2.186,0,0.33,0.23842,0.19711
237.55,-306.37,30.89,0.2792,-1.9771,0.0055053,4.6715e-05,1.3985,-25.926,-2.9908,6.6052,-0.27355,0,0.33,0.24641,0.20112
236.81,-300.97,30.913,0.38782,-2.0417,0.005508,4.8513e-05,1.422,-27.043,3.4848,6.1769,-1.7038,0,0.33,0.23842,0.2011
179.14,-221.96,30.855,0.17169,-2.0035,0.0054985,5.4346e-05,1.2509,-24.84,-7.5411,5.3662,0.83024,0,0.33,0.25437,0.20113
209.71,-273.26,30.757,-0.015048,-2.0534,0.0054903,5.1038e-05,1.125,-22.786,1.5155,7.2019,-1.6543,0,0.33,0.27056,0.19713
150.54,-197.2,30.77,0.055015,-2.1208,0.005494,5.7701e-05,1.1843,-23.631,-3.8373,6.9701,0.076483,0,0.33,0.26245,0.19715
174.32,-229.89,30.801,0.014745,-1.9836,0.0054889,5.6536e-05,1.0689,-23.026,1.4223,4.6076,-1.2845,0,0.33,0.27055,0.20112
141.74,-181.29,30.806,0.07301,-2.069,0.0054921,6.0147e-05,1.1197,-23.795,-2.6455,5.2362,0.048608,0,0.33,0.26242,0.20114
-1221.4,-9194.2,27.603,2.0757,2.2264,2.6759,0.0018626,955.35,-31.84,27.301,383.04,-89.753,0,0.33,0.023359,0.19629
-589.49,-7191,28.52,2.413,1.802,2.1719,0.0019095,784.71,-34.74,17.879,292.69,-94.165,0,0.33,0.031288,0.19631
1534.3,-6833.4,28.767,1.82,2.2255,1.5608,0.0014761,672.41,-31.8,19.144,260.89,-57.443,0,0.33,0.023349,0.2003
3032.3,-5116.9,29.546,2.0968,1.8137,1.0741,0.0013247,500.41,-34.272,10.692,178.13,-51.697,0,0.33,0.031277,0.20032
877.71,-5209.8,29.367,2.6588,1.3512,1.5043,0.0018094,601.95,-37.872,6.5183,208.16,-81.04,0,0.33,0.039207,0.19634
3757.3,-4245.4,29.966,2.4386,1.3831,0.82375,0.001291,416.54,-37.112,2.1401,134.66,-50.982,0,0.33,0.039197,0.20035
800.55,-1403.6,31.187,2.6036,-0.76359,0.022481,0.00021132,62.851,-48.338,-0.14391,7.1858,-5.9716,0,0.33,0.086891,0.19654
791.08,-1257.7,31.239,2.4851,-0.99392,0.013165,0.00014473,46.509,-48.461,-0.87015,5.0321,-4.9279,0,0.33,0.094809,0.19657
779.54,-1329.3,31.178,2.4838,-0.64668,0.015671,0.00015186,52.792,-46.993,0.4981,5.6633,-5.1669,0,0.33,0.086888,0.20054
744.5,-1087.2,31.215,2.3525,-0.8605,0.010797,0.00011375,39.806,-46.761,-1.2366,4.3382,-3.9348,0,0.33,0.094807,0.20057
661.97,-1055.2,31.272,2.3755,-1.2045,0.0092728,0.00010832,35.49,-48.332,1.5573,4.4869,-2.8001,0,0.33,0.10273,0.19661
633.4,-953.33,31.253,2.2807,-1.0994,0.0083712,9.1928e-05,31.576,-46.962,1.0354,3.76,-2.2991,0,0.33,0.10273,0.20061
345.85,-582.05,31.13,1.6339,-1.9337,0.0059748,4.2376e-05,10.607,-42.53,-0.77805,7.7516,-3.3363,0,0.33,0.15062,0.19663
320.02,-539.37,31.112,1.5053,-2.0226,0.0058478,4.0138e-05,8.2146,-41.103,-1.2849,7.3452,-2.9807,0,0.33,0.1586,0.19663
268.43,-454.55,31.148,1.6006,-1.8285,0.0059277,4.5833e-05,9.396,-41.811,-3.7229,9.1094,-3.1653,0,0.33,0.15062,0.20071
255.92,-391.06,31.136,1.4786,-1.8971,0.0058164,4.6558e-05,7.2414,-40.296,-4.0061,9.0454,-2.6424,0,0.33,0.1586,0.20063
314.3,-475.27,31.089,1.3937,-2.0896,0.0057495,4.033e-05,6.2648,-39.605,0.70658,7.5206,-2.0345,0,0.33,0.16659,0.19655
277.49,-404.96,31.112,1.3747,-1.9943,0.0057288,4.355e-05,5.6293,-39.036,-1.396,8.7616,-1.9261,0,0.33,0.16658,0.20056
254.03,-371.42,30.918,0.69596,-2.2268,0.0055376,4.3272e-05,2.0364,-30.773,-0.69813,8.9189,-2.5112,0,0.33,0.21459,0.19706
240.43,-361.19,30.899,0.57975,-2.2257,0.005525,4.4019e-05,1.7875,-29.452,-1.109,8.6927,-2.6478,0,0.33,0.22253,0.19708
226.76,-314.1,30.956,0.70244,-2.1441,0.0055336,4.754e-05,1.8991,-30.692,-1.0016,7.8741,-2.3604,0,0.33,0.21459,0.20104
218.51,-296.67,30.945,0.59236,-2.1256,0.0055219,4.892e-05,1.6677,-29.405,-0.16982,6.9587,-2.3615,0,0.33,0.22253,0.20106
243.78,-327.15,30.884,0.47099,-2.2062,0.0055149,4.6068e-05,1.5809,-28.137,2.5994,8.1088,-2.5379,0,0.33,0.23047,0.1971
225.49,-295.18,30.921,0.48231,-2.1338,0.0055121,4.8635e-05,1.4861,-28.155,3.0327,6.7235,-2.3589,0,0.33,0.23047,0.20108
14.419,-41.906,30.747,-0.26335,-0.70677,0.0054604,0.00013534,0.42902,-17.027,0.9117,-0.07463,-0.059402,0,0.33,0.41388,0.25713
17.795,-42.786,30.731,-0.34821,-0.80381,0.0054613,0.00012229,0.44968,-17.038,0.57217,0.42742,-0.22659,0,0.33,0.41393,0.24111
9.9016,-26.699,30.717,-0.26494,-0.5425,0.0054588,0.00020172,0.39624,-16.117,1.1423,-0.40286,0.13431,0,0.33,0.44184,0.25705
12.072,-38.097,30.735,-0.32422,-0.60908,0.0054601,0.00014825,0.42767,-16.329,1.1996,0.38294,-0.10799,0,0.33,0.44184,0.24094
7925.9,-2141.4,29.678,0.57583,2.2883,0.34396,0.00043809,328.87,-29.399,155.95,128.36,12.792,0,0.33,0,0.20824
-941.32,-2564.2,30.299,0.49149,1.9996,0.13073,0.00022689,203.9,-30.708,125.96,49.761,-25.684,0,0.33,0,0.21624
5381.7,-2880.8,29.883,1.0053,2.1747,0.41127,0.00063268,321.89,-30.71,82.235,118.09,-3.5326,0,0.33,0.015423,0.20826
650.81,-2476.6,30.441,0.8296,1.9199,0.14507,0.00033072,186.41,-31.523,65.877,44.155,-17.978,0,0.33,0.015416,0.21626
134.6,-2135.8,30.659,0.75012,1.7169,0.062997,0.00017809,117.75,-31.825,54.213,21.884,-23.414,0,0.33,0.015404,0.22425
946.56,-1348.6,30.831,1.243,1.3569,0.042011,0.00016037,79.731,-33.47,7.8256,12.033,-7.6203,0,0.33,0.031255,0.22429
1880.8,-2048.6,30.699,1.4752,1.5224,0.11548,0.00034325,138.03,-33.718,-0.66851,28.771,-7.4299,0,0.33,0.031262,0.2163
2617.7,-3070.3,30.34,1.7425,1.6739,0.35353,0.00070413,254.7,-34.035,2.5304,80.022,-17.767,0,0.33,0.031268,0.20831
903.25,-1268,31,2.0092,0.31136,0.01966,0.00011278,58.027,-39.541,-5.429,8.8135,-3.1046,0,0.33,0.062974,0.2164
1425.6,-1617.4,30.951,2.2642,0.28805,0.049027,0.00022705,85.601,-41.451,-4.4798,12.503,-5.7112,0,0.33,0.062975,0.20842
1317,-1608.1,30.878,1.8743,0.92417,0.049391,0.00019138,88.495,-36.957,-4.622,13.912,-3.259,0,0.33,0.047111,0.21635
2056.7,-2220.6,30.73,2.1516,0.97765,0.15161,0.00043781,151.22,-38.148,-3.0246,34.716,-11.189,0,0.33,0.047113,0.20836
851.71,-1279.5,30.929,1.6615,0.92192,0.022455,0.00010406,62.844,-36.139,-1.2199,7.3104,-1.285,0,0.33,0.047108,0.22433
536.7,-859.21,31.132,2.0788,-0.25254,0.010121,8.6905e-05,38.486,-41.534,-6.7218,7.7372,-4.3998,0,0.33,0.078939,0.21646
876.66,-1044,31.104,2.2651,-0.32545,0.017113,0.000137,51.221,-43.687,-5.5807,7.5765,-4.5521,0,0.33,0.078942,0.20848
448.04,-805.96,31.149,1.9206,-0.14019,0.0081604,6.4316e-05,31.719,-39.993,-4.4437,6.1051,-4.0376,0,0.33,0.078934,0.22445
336.37,-616.58,31.222,1.8354,-0.50716,0.0068818,5.4016e-05,21.249,-40.534,1.4848,3.8158,-2.8696,0,0.33,0.094811,0.22451
384.14,-641.88,31.231,2.0297,-0.66595,0.007461,6.8051e-05,25.524,-42.506,-0.40087,6.5028,-3.3983,0,0.33,0.094809,0.21653
553.99,-692.43,31.205,2.1836,-0.77427,0.0091821,9.6469e-05,32.209,-44.612,-2.7341,7.1253,-3.113,0,0.33,0.094808,0.20855
294.18,-537.39,31.251,1.6945,-1.2145,0.0061442,4.447e-05,12.378,-41.141,-1.5272,6.4286,-2.0833,0,0.33,0.12662,0.21682
333.34,-421.82,31.216,1.8089,-1.3696,0.0063298,5.7901e-05,14.711,-43.134,-2.9691,8.779,-1.8573,0,0.33,0.12664,0.20884
337.93,-613.76,31.257,1.8754,-0.94272,0.0065492,5.05e-05,17.555,-42.117,0.63507,6.4276,-1.7935,0,0.33,0.11067,0.21661
425.11,-554.36,31.23,2.015,-1.1038,0.0070373,6.9986e-05,21.357,-44.294,-1.6003,7.3775,-1.4299,0,0.33,0.11067,0.20864
292.57,-576.58,31.257,1.7539,-0.76113,0.0063592,4.6325e-05,15.394,-40.616,1.8628,3.4447,-1.6793,0,0.33,0.11068,0.2246
230.72,-434.57,31.246,1.546,-1.4715,0.0058934,4.3254e-05,8.4118,-39.694,-0.93081,5.5392,-2.5641,0,0.33,0.14271,0.21651
237.76,-310,31.206,1.6267,-1.6246,0.0059853,5.3413e-05,9.8485,-41.356,-3.9678,9.5406,-2.8152,0,0.33,0.14271,0.20851
243.53,-449.18,31.241,1.4547,-1.3013,0.0058414,4.252e-05,7.4439,-38.395,0.33038,2.1144,-1.8517,0,0.33,0.14271,0.22449
215.62,-373.21,31.206,1.2821,-1.4409,0.0057082,4.5565e-05,5.0081,-36.971,2.7069,0.41939,-1.1506,0,0.33,0.15862,0.22458
220.08,-384.41,31.23,1.3856,-1.6338,0.005732,4.3938e-05,5.5731,-38.25,2.7294,3.4277,-1.8284,0,0.33,0.15861,0.2166
220.95,-280.38,31.191,1.4473,-1.7921,0.0057754,5.1287e-05,6.2749,-39.364,-1.6437,8.6001,-2.2957,0,0.33,0.15861,0.20862
234.85,-354.16,31.116,0.94164,-1.7985,0.0055766,4.6466e-05,2.6934,-33.661,0.19569,1.6689,-0.62981,0,0.33,0.19055,0.21685
225,-294.94,31.083,0.98732,-1.9669,0.0055898,5.0592e-05,2.9111,-34.227,-0.67696,6.4435,-1.3854,0,0.33,0.19045,0.20809
269.43,-392.42,31.184,1.1661,-1.6992,0.0056341,4.3386e-05,3.7583,-36.142,2.2276,2.4232,-0.93656,0,0.33,0.17457,0.21684
262.22,-328.29,31.147,1.2194,-1.8748,0.0056565,4.7394e-05,4.1335,-36.975,-0.23954,7.6633,-1.5148,0,0.33,0.17456,0.20882
245.93,-361.68,31.17,1.111,-1.5411,0.0056215,4.5526e-05,3.4669,-35.39,1.8277,-0.3746,-0.58531,0,0.33,0.17457,0.22483
178.5,-275.84,31.059,0.76812,-1.8804,0.0055348,5.1187e-05,1.9008,-31.445,2.6597,0.66447,-0.95789,0,0.33,0.20662,0.21702
190.39,-250.68,31.036,0.80038,-2.0323,0.0055442,5.338e-05,2.0652,-31.839,0.45663,4.7699,-1.6172,0,0.33,0.20662,0.20902
162.34,-239.48,31.047,0.72965,-1.7517,0.0055281,5.5921e-05,1.7303,-30.964,2.5916,-0.60348,-0.71816,0,0.33,0.20661,0.22502
129.27,-207.67,31.003,0.5711,-1.7157,0.0055098,5.8264e-05,1.3881,-29.173,3.7328,-0.6364,-0.83177,0,0.33,0.22252,0.22499
153.42,-248.7,31.013,0.59475,-1.8603,0.0055133,5.3093e-05,1.5024,-29.466,5.2705,-0.30986,-1.4633,0,0.33,0.22252,0.21701
192.94,-255.01,30.994,0.60271,-2.0124,0.0055181,5.2555e-05,1.5869,-29.488,3.2021,3.2328,-1.9503,0,0.33,0.22252,0.20904
158.14,-210.54,30.908,0.21623,-1.7659,0.0054925,6.0169e-05,1.1234,-25.458,-1.2975,-2.1382,0.99713,0,0.33,0.25438,0.21707
172.36,-230.87,30.898,0.2036,-1.9042,0.0054958,5.7744e-05,1.1908,-25.195,-1.2562,1.3911,0.25959,0,0.33,0.25439,0.2091
171.29,-238.42,30.979,0.41027,-1.7745,0.0055013,5.4523e-05,1.2853,-27.444,2.37,-0.96418,-0.44945,0,0.33,0.23841,0.21704
200.17,-265.54,30.96,0.40264,-1.9262,0.0055051,5.1682e-05,1.3591,-27.271,1.5673,2.536,-0.97624,0,0.33,0.23841,0.20907
149.06,-198.86,30.97,0.41127,-1.6638,0.0054984,5.8352e-05,1.2054,-27.402,1.317,-1.5123,0.039828,0,0.33,0.23841,0.22501
99.837,-158.76,30.839,0.071598,-1.7723,0.0054844,6.7377e-05,0.9673,-23.788,2.6839,-3.2715,-0.95695,0,0.33,0.27053,0.21706
140.14,-194.72,30.838,0.049038,-1.8873,0.0054872,6.1047e-05,1.0293,-23.411,1.0406,0.067379,-0.9068,0,0.33,0.27054,0.20909
83.449,-124.07,30.819,0.072563,-1.6849,0.0054819,7.5303e-05,0.89072,-23.816,2.7617,-3.0939,-0.92254,0,0.33,0.27052,0.22503
64.886,-110.35,30.835,-0.017235,-1.5493,0.0054788,7.6662e-05,0.82043,-22.624,4.4306,-1.6384,-2.5813,0,0.33,0.28648,0.22504
89.136,-152.06,30.847,-0.038513,-1.6339,0.005481,6.7548e-05,0.89359,-22.447,5.6173,-2.0524,-3.3856,0,0.33,0.28649,0.21707
145.34,-213.4,30.832,-0.087888,-1.7397,0.005483,5.7245e-05,0.94721,-21.947,3.4957,1.0317,-2.7033,0,0.33,0.2865,0.20909
74.502,-101.89,30.786,-0.31494,-1.5282,0.0054773,8.1272e-05,0.8117,-19.608,-7.0756,0.37168,2.0614,0,0.33,0.31826,0.20913
118.02,-165.04,30.847,-0.2155,-1.5507,0.0054811,6.3806e-05,0.89446,-20.655,-1.7092,1.809,-0.53537,0,0.33,0.30238,0.20911
56.885,-79.977,30.794,-0.25767,-1.4382,0.0054756,8.9699e-05,0.77359,-20.083,-5.5685,-2.3974,2.7265,0,0.33,0.31825,0.2171
81.089,-116.16,30.869,-0.15418,-1.4524,0.0054792,7.5925e-05,0.84615,-21.17,-0.059643,-1.279,-0.47802,0,0.33,0.30238,0.21709
56.618,-88.537,30.863,-0.12228,-1.3966,0.0054774,8.3926e-05,0.7943,-21.425,0.61599,-1.7258,-0.35051,0,0.33,0.30237,0.22506
83.68,-121.54,30.733,-0.39822,-1.5153,0.0054732,7.8956e-05,0.73963,-18.759,-1.6631,-0.84991,-0.15648,0,0.33,0.33416,0.20914
57.071,-88.628,30.73,-0.34099,-1.4462,0.0054717,8.7597e-05,0.70183,-19.236,0.18923,-3.8282,-0.38406,0,0.33,0.33416,0.21711
70.717,-106.81,30.766,-0.37738,-1.2635,0.0054705,7.8432e-05,0.67443,-18.556,5.5919,-2.1905,-3.6608,0,0.33,0.35019,0.2171
45.979,-66.199,30.75,-0.34356,-1.2254,0.0054688,9.3546e-05,0.61587,-18.786,5.1255,-2.0827,-2.8562,0,0.33,0.35017,0.22508
47.779,-64.801,30.71,-0.31712,-1.3914,0.0054701,9.6746e-05,0.64979,-19.387,0.98799,-3.5431,-0.37534,0,0.33,0.33416,0.22509
51.248,-65.255,30.813,-0.41645,-1.0541,0.0054694,0.00010265,0.63182,-17.968,0.043055,-0.75417,-0.80143,0,0.33,0.36613,0.2171
31.828,-43.93,30.808,-0.38477,-1.0297,0.0054683,0.00011594,0.59631,-18.188,2.1759,-1.7944,-0.74953,0,0.33,0.36611,0.22508
19.268,-29.486,30.707,-0.43579,-0.84005,0.0054627,0.00012103,0.48762,-16.439,4.1302,-1.8854,-1.1935,0,0.33,0.4139,0.22515
18.251,-44.045,30.725,-0.45961,-0.89567,0.0054641,0.00010148,0.54001,-16.554,7.1142,-3.1299,-1.8694,0,0.33,0.41389,0.21718
23.211,-28.956,30.678,-0.47339,-1.0216,0.0054634,0.00011971,0.50892,-17.028,2.7413,-3.6371,0.30549,0,0.33,0.39793,0.22511
17.661,-33.78,30.701,-0.48764,-1.0626,0.0054643,0.00012397,0.53772,-16.972,2.2026,-3.3691,0.34455,0,0.33,0.39793,0.21714
37.315,-66.521,30.715,-0.51235,-0.65749,0.0054622,0.00012151,0.48629,-15.72,-1.8622,-0.14176,0.72206,0,0.33,0.44184,0.20875
64.83,-121.85,30.744,-0.51983,-0.68727,0.0054639,8.9791e-05,0.53867,-15.988,-1.0356,-0.0098561,0.0643,0,0.33,0.42992,0.20902
15.296,-31.288,30.702,-0.4136,-0.70845,0.0054605,0.00014169,0.43091,-16.251,0.015495,0.0049397,0.0046652,0,0.33,0.44184,0.22486
61.812,-114.94,30.727,-0.51216,-0.91639,0.0054645,8.4586e-05,0.55661,-16.392,2.5437,-0.024528,-1.3921,0,0.33,0.41391,0.20919
8.4735,-13.09,30.691,-0.18585,-0.55805,0.0054569,0.0002338,0.35242,-16.068,-0.48741,-0.24678,0.21492,0,0.33,0.4368,0.28936
13.086,-17.847,30.743,-0.11617,-0.70626,0.0054595,0.00020448,0.39389,-17.981,0.065705,-0.44483,0.15237,0,0.33,0.3819,0.28913
75.193,-91.587,31.087,0.86173,-0.3968,0.005716,9.4619e-05,3.7917,-30.891,-0.83176,-0.058767,-0.17143,0,0.33,0.12674,0.28896
80.714,-116.69,31.069,0.7272,0.25906,0.0061881,7.862e-05,8.7599,-31.147,1.5348,0.84681,-5.9632,0,0.33,0.063012,0.28846
49.224,-74.319,31.026,0.59548,0.14695,0.006056,9.6609e-05,8.0767,-28.34,0.17989,-0.099441,-5.0398,0,0.33,0.063034,0.30798
48.928,-58.8,31.023,0.72819,-0.38247,0.0056643,0.00011505,3.0099,-27.903,-1.3043,-0.55445,0.019902,0,0.33,0.12677,0.30798
36.189,-41.275,30.964,0.56513,-0.73216,0.005506,0.00013378,0.98275,-25.631,-0.20732,-0.74236,0.0876,0,0.33,0.1905,0.30798
53.304,-61.166,31.018,0.64345,-0.80274,0.0055228,0.00011427,1.2515,-27.983,0.18973,-0.43145,0.019724,0,0.33,0.19052,0.28898
35.528,-41.19,30.915,0.32148,-0.92581,0.0054744,0.00013831,0.6108,-24.145,0.41884,-0.54286,0.20536,0,0.33,0.25427,0.28927
24.533,-28.78,30.88,0.30524,-0.84257,0.0054696,0.00015877,0.52604,-22.619,0.55019,-0.74164,0.15043,0,0.33,0.25422,0.30798
21.116,-27.271,30.818,0.052185,-0.86386,0.0054637,0.00016904,0.4615,-20.731,0.22962,-0.50153,0.21059,0,0.33,0.31818,0.28905
15.638,-20.174,30.799,0.076335,-0.79158,0.0054617,0.0001915,0.42103,-19.783,0.32989,-0.5821,0.1792,0,0.33,0.31813,0.30798
9.4007,-13.454,30.731,-0.068828,-0.66336,0.0054584,0.00023351,0.37053,-17.338,0.46926,-0.50405,0.1389,0,0.33,0.38186,0.30798
15.296,-31.288,30.702,-0.4136,0.70845,0.0054605,0.00014169,0.43091,-16.251,0.015495,0.0049397,-0.0046652,0,0.33,0.44184,-0.22486
19.268,-29.486,30.707,-0.43579,0.84005,0.0054627,0.00012103,0.48762,-16.439,4.1302,-1.8854,1.1935,0,0.33,0.4139,-0.22515
36.432,-48.904,31.003,0.65314,0.32056,0.0056367,0.00012499,2.633,-27.237,-0.90413,-0.38273,-0.0053329,0,0.33,0.12678,-0.32172
36.772,-49.249,31.005,0.6565,0.32285,0.0056378,0.00012432,2.6478,-27.296,-0.92433,-0.38978,-0.005056,0,0.33,0.12677,-0.32102
31.41,-53.09,31.013,0.5209,-0.12707,0.0059875,0.00010634,7.6905,-27.779,1.3822,-0.11296,6.7599,0,0.33,0.06306,-0.32172
31.98,-53.882,31.015,0.52596,-0.12824,0.0059924,0.00010562,7.713,-27.874,1.3489,-0.1194,6.7298,0,0.33,0.063056,-0.32059
28.711,-38.86,30.949,0.52329,0.63481,0.0054977,0.00013593,0.86314,-25.266,-0.16597,-0.47952,-0.071794,0,0.33,0.1905,-0.32172
28.873,-39.006,30.949,0.52474,0.63752,0.005498,0.00013548,0.86632,-25.298,-0.17038,-0.48618,-0.072266,0,0.33,0.1905,-0.32124
20.639,-29.013,30.872,0.29666,0.74662,0.0054672,0.00015642,0.48847,-22.522,0.34393,-0.46986,-0.11191,0,0.33,0.25419,-0.32142
20.577,-28.956,30.871,0.29639,0.74484,0.0054671,0.00015672,0.4878,-22.508,0.34123,-0.46541,-0.11137,0,0.33,0.25419,-0.32172
13.578,-20.493,30.795,0.091943,0.71092,0.0054606,0.00018822,0.40227,-19.793,0.2801,-0.37546,-0.14121,0,0.33,0.31809,-0.32172
13.644,-20.568,30.795,0.091545,0.71389,0.0054606,0.00018757,0.40298,-19.813,0.28631,-0.38313,-0.14259,0,0.33,0.31809,-0.32111
8.1475,-13.66,30.728,-0.045488,0.605,0.0054577,0.00023221,0.35938,-17.418,0.3894,-0.33417,-0.11804,0,0.33,0.38182,-0.32117
8.1239,-13.619,30.728,-0.044737,0.60298,0.0054576,0.00023284,0.35896,-17.403,0.38044,-0.32833,-0.11742,0,0.33,0.38181,-0.32172
6.4629,-10.713,30.702,-0.088795,0.55422,0.0054567,0.00026415,0.34513,-16.399,0.62668,-0.45166,-0.11718,0,0.33,0.40887,-0.32133
9.9016,-26.699,30.717,-0.26494,0.5425,0.0054588,0.00020172,0.39624,-16.117,1.1423,-0.40286,-0.13431,0,0.33,0.44184,-0.25705
8.1016,-12.777,30.688,-0.18817,0.55008,0.0054567,0.0002362,0.35023,-15.999,-0.47737,-0.23688,-0.21699,0,0.33,0.44001,-0.28936
14.419,-41.906,30.747,-0.26335,0.70677,0.0054604,0.00013534,0.42902,-17.027,0.9117,-0.07463,0.059402,0,0.33,0.41388,-0.25713
13.086,-17.847,30.743,-0.11617,0.70626,0.0054595,0.00020448,0.39389,-17.981,0.065705,-0.44483,-0.15237,0,0.33,0.3819,-0.28913
17.638,-43.534,30.776,-0.21722,0.81635,0.0054623,0.00013349,0.45834,-18.298,-1.3109,-0.13166,-0.15266,0,0.33,0.38198,-0.25705
17.795,-42.786,30.731,-0.34821,0.80381,0.0054613,0.00012229,0.44968,-17.038,0.57217,0.42742,0.22659,0,0.33,0.41393,-0.24111
12.072,-38.097,30.735,-0.32422,0.60908,0.0054601,0.00014825,0.42767,-16.329,1.1996,0.38294,0.10799,0,0.33,0.44184,-0.24094
391.53,-512.4,30.627,0.69133,2.8407,0.0056253,3.7147e-05,4.3311,-30.142,-4.0152,10.909,4.3053,0,0.33,0.2146,-0.16913
396.76,-510.94,30.651,0.84268,2.8313,0.0056678,3.7348e-05,5.2463,-32.19,-6.0005,11.722,3.842,0,0.33,0.20663,-0.16912
412.23,-537.82,30.566,0.6711,2.9328,0.0056477,3.6423e-05,4.9177,-29.93,-5.1816,10.95,4.4852,0,0.33,0.2146,-0.16514
429.17,-528.53,30.59,0.82716,2.9231,0.0056964,3.7336e-05,5.9825,-32.063,-6.9426,11.247,3.9875,0,0.33,0.20663,-0.16513
450.37,-589.44,30.485,0.50361,3.0152,0.0056378,3.5084e-05,4.8306,-27.684,-2.5358,9.5731,5.3907,0,0.33,0.22257,-0.16109
419.2,-553.93,30.547,0.53132,2.9215,0.005614,3.5804e-05,4.1764,-28.015,-1.9164,10.528,5.297,0,0.33,0.22257,-0.16508
444.86,-573.94,30.507,0.64845,3.0272,0.0056768,3.5989e-05,5.6954,-29.686,-5.512,9.6169,4.4887,0,0.33,0.2146,-0.16115
470.24,-571.26,30.533,0.80983,3.015,0.0057337,3.7816e-05,6.9663,-31.904,-6.9204,9.4218,4.0138,0,0.33,0.20663,-0.16113
392.82,-520.66,30.607,0.55464,2.8296,0.0055956,3.6822e-05,3.6756,-28.307,-0.58185,10.204,5.0859,0,0.33,0.22257,-0.16907
360.66,-464.73,30.729,0.98748,2.7277,0.0056926,3.9576e-05,5.655,-34.228,-2.822,11.978,3.1334,0,0.33,0.19839,-0.17212
394.68,-500.41,30.669,0.98324,2.8182,0.0057219,3.8888e-05,6.3743,-34.187,-3.8398,12.391,3.3603,0,0.33,0.19839,-0.16813
375.11,-483.07,30.71,0.85269,2.7402,0.0056449,3.8391e-05,4.6723,-32.304,-4.5077,10.824,3.5723,0,0.33,0.20663,-0.17311
417.93,-494.08,30.818,1.1144,2.6279,0.0057148,3.9185e-05,6.0473,-36.093,0.73441,11.165,1.7622,0,0.33,0.19044,-0.17608
432.69,-507.43,30.765,1.1205,2.7194,0.0057447,3.9241e-05,6.7249,-36.225,-0.59283,12.596,1.9406,0,0.33,0.19045,-0.17208
336.99,-439.16,30.781,0.98498,2.64,0.0056691,4.0623e-05,5.1029,-34.167,-1.1685,10.357,2.8131,0,0.33,0.19838,-0.17612
467.46,-534.89,30.708,1.1207,2.8124,0.0057828,4.0178e-05,7.6267,-36.323,-1.0764,12.492,1.9412,0,0.33,0.19045,-0.16807
356.32,-459.9,30.759,0.85676,2.6511,0.0056262,3.9565e-05,4.2175,-32.329,-2.5451,9.0605,3.2524,0,0.33,0.20663,-0.1771
377.02,-491.05,30.684,0.70467,2.7497,0.0056073,3.8085e-05,3.8718,-30.323,-2.2835,9.7187,3.9895,0,0.33,0.2146,-0.17312
345.03,-459.89,30.71,0.57851,2.6486,0.0055681,3.9327e-05,2.9675,-28.792,2.9665,7.1584,4.4186,0,0.33,0.22256,-0.17707
366.54,-474.94,30.732,0.71092,2.6593,0.0055922,3.8957e-05,3.5001,-30.465,-0.3676,7.9514,3.6123,0,0.33,0.2146,-0.17711
367.11,-488.31,30.663,0.57079,2.7388,0.0055807,3.8078e-05,3.2857,-28.567,1.2135,8.8836,4.7788,0,0.33,0.22257,-0.17306
420.65,-537.67,30.599,0.40779,2.7801,0.0055758,3.6284e-05,3.2418,-26.542,1.8603,9.5182,5.2455,0,0.33,0.23064,-0.16875
458.22,-583.98,30.539,0.37944,2.871,0.0055915,3.4929e-05,3.6867,-26.171,0.59006,9.9683,5.4662,0,0.33,0.23065,-0.16472
423.4,-538.46,30.593,0.27159,2.7065,0.0055634,3.6401e-05,2.9808,-24.934,1.3158,8.82,3.8959,0,0.33,0.23853,-0.16896
464.67,-588.38,30.533,0.23727,2.7964,0.005577,3.4902e-05,3.3776,-24.505,0.015796,9.3673,3.9607,0,0.33,0.23857,-0.16484
492.54,-625.42,30.477,0.34643,2.9642,0.0056119,3.4016e-05,4.2721,-25.759,0.037953,9.2375,5.6524,0,0.33,0.23065,-0.1607
501.89,-632.29,30.472,0.19797,2.8887,0.0055945,3.3871e-05,3.9071,-24.035,-0.47746,8.8222,4.0493,0,0.33,0.2386,-0.16072
404.5,-518.29,30.577,0.13759,2.6351,0.0055566,3.7138e-05,2.8563,-23.469,-1.0466,8.4985,2.3767,0,0.33,0.24663,-0.16904
380.62,-488.05,30.647,0.2979,2.6187,0.0055524,3.8213e-05,2.6731,-25.327,3.1977,7.3846,3.8358,0,0.33,0.2385,-0.17304
368.14,-475.13,30.631,0.16635,2.5493,0.005547,3.8861e-05,2.5835,-23.909,0.66613,6.9992,2.2261,0,0.33,0.24662,-0.1731
342.08,-443.4,30.692,0.31517,2.5326,0.005543,4.0025e-05,2.4206,-25.686,5.0874,5.5962,3.7177,0,0.33,0.23848,-0.17709
340.49,-441.52,30.675,0.18499,2.4642,0.0055387,4.0356e-05,2.3593,-24.306,2.2088,5.1744,2.0038,0,0.33,0.24661,-0.17714
380.77,-489.97,30.654,0.42867,2.6908,0.0055631,3.7977e-05,2.8962,-26.88,3.6152,8.1399,4.998,0,0.33,0.23062,-0.17279
342.68,-445.47,30.7,0.44082,2.6028,0.0055523,3.9787e-05,2.6124,-27.181,5.3016,6.4031,4.7095,0,0.33,0.23059,-0.17688
338.11,-440.16,30.799,0.85264,2.5615,0.0056097,4.0681e-05,3.8241,-32.336,-0.57447,7.2759,2.9614,0,0.33,0.20663,-0.18109
313.85,-407.4,30.832,0.84195,2.4746,0.0055938,4.2342e-05,3.4327,-32.326,0.77997,6.3451,2.7241,0,0.33,0.20663,-0.18508
318.13,-420.71,30.823,0.97485,2.5513,0.0056492,4.1704e-05,4.6516,-34.083,0.50912,8.3042,2.5389,0,0.33,0.19838,-0.18011
293.38,-387.94,30.856,0.95746,2.466,0.0056303,4.3483e-05,4.2105,-33.98,1.6694,6.8868,2.3709,0,0.33,0.19838,-0.1841
412.74,-490.51,30.862,1.1003,2.5358,0.0056906,3.9379e-05,5.5294,-35.935,2.5182,8.855,1.6071,0,0.33,0.19044,-0.18007
404.36,-489.33,30.894,1.0765,2.4445,0.0056686,3.9619e-05,5.0588,-35.754,4.0018,6.907,1.541,0,0.33,0.19044,-0.18407
312.59,-400.85,30.837,0.69515,2.392,0.005554,4.2272e-05,2.5227,-30.717,1.5884,6.6315,2.7771,0,0.33,0.21459,-0.18908
282.03,-358.01,30.863,0.82936,2.3914,0.0055787,4.5037e-05,3.036,-32.302,1.0536,6.7714,2.5494,0,0.33,0.20662,-0.18907
336.34,-438.13,30.805,0.70258,2.4798,0.0055658,4.0641e-05,2.8408,-30.66,1.9822,5.8785,2.9792,0,0.33,0.21459,-0.18509
263.19,-358.83,30.854,0.57163,2.3081,0.0055299,4.4403e-05,1.9488,-29.396,0.80823,8.1781,2.9653,0,0.33,0.22253,-0.19309
286.44,-380.27,30.874,0.69257,2.3118,0.0055445,4.3062e-05,2.2513,-30.776,0.39071,8.2873,2.6424,0,0.33,0.21459,-0.19307
282.84,-373.52,30.816,0.57067,2.3858,0.0055371,4.3551e-05,2.1559,-29.273,2.8071,6.4632,3.3003,0,0.33,0.22253,-0.1891
244.83,-328.01,30.897,0.82074,2.3164,0.0055661,4.593e-05,2.6864,-32.278,0.6913,8.3333,2.4194,0,0.33,0.20662,-0.19305
303.95,-408.91,30.783,0.57444,2.4714,0.0055463,4.1736e-05,2.4093,-29.145,4.012,5.5134,3.6695,0,0.33,0.22254,-0.18511
354.29,-458.13,30.771,0.70938,2.5689,0.0055786,3.9795e-05,3.1681,-30.576,1.2314,6.4197,3.2623,0,0.33,0.2146,-0.1811
324.49,-432.93,30.749,0.57862,2.559,0.0055568,4.0576e-05,2.6824,-28.984,4.0521,5.8109,4.0469,0,0.33,0.22255,-0.18109
313.09,-408.24,30.727,0.32516,2.4479,0.0055345,4.1583e-05,2.1956,-26.006,6.3555,4.2207,3.4788,0,0.33,0.23846,-0.18113
323.3,-418.52,30.71,0.19586,2.3794,0.005531,4.1402e-05,2.1569,-24.663,2.9159,3.759,1.6987,0,0.33,0.24661,-0.18116
296.65,-387.94,30.758,0.33198,2.3654,0.0055267,4.2539e-05,1.985,-26.289,6.6547,3.9672,3.0994,0,0.33,0.23845,-0.18514
314.12,-407.43,30.74,0.2037,2.2956,0.0055237,4.1805e-05,1.9621,-24.985,2.4538,3.4894,1.3282,0,0.33,0.2466,-0.18515
267.06,-343.91,30.676,0.069137,2.3635,0.0055238,4.7025e-05,1.9928,-23.424,-1.0682,3.1107,-0.21594,0,0.33,0.25459,-0.18113
286.11,-369.15,30.643,0.057872,2.4397,0.0055308,4.4958e-05,2.1764,-23.037,-1.406,4.4359,0.14403,0,0.33,0.2546,-0.17704
251.45,-326.2,30.704,0.077081,2.2894,0.0055169,4.86e-05,1.8101,-23.777,-2.1924,2.9678,-0.58488,0,0.33,0.25459,-0.18516
286.62,-376.89,30.77,0.44692,2.4331,0.0055336,4.3101e-05,2.1201,-27.656,6.1328,4.8654,3.8688,0,0.33,0.23049,-0.18509
271.53,-347.02,30.803,0.44975,2.3527,0.0055257,4.4844e-05,1.9026,-27.842,5.0413,5.8981,3.3406,0,0.33,0.23047,-0.18911
292.04,-371.19,30.788,0.34018,2.2843,0.0055198,4.3383e-05,1.7938,-26.532,6.1304,5.0791,2.6644,0,0.33,0.23845,-0.18913
260.48,-332.28,30.84,0.4573,2.2802,0.0055194,4.5752e-05,1.7238,-28.016,3.5232,7.6471,2.8727,0,0.33,0.23047,-0.19311
291.61,-363.61,30.824,0.35312,2.2092,0.0055143,4.3474e-05,1.6371,-26.762,5.3554,7.041,2.3234,0,0.33,0.23844,-0.19312
310.37,-406.05,30.738,0.44544,2.5164,0.0055426,4.1593e-05,2.3587,-27.434,6.2663,5.0898,4.3436,0,0.33,0.23053,-0.181
1932,18572,-1.3837,0.45312,-7.4962,25.798,0.025,921.35,-116.79,-416.78,-47.617,-37.513,0,0.33,0.023579,-0.10381
2430.3,12088,-0.89341,0.23976,-10.313,23.351,0.019094,1215.3,-113.65,-419.11,-47.972,-78.992,0,0.33,0.015701,-0.10378
2245.4,19237,-1.2889,0.19883,-7.7629,25.676,0.025201,907.34,-118.35,-416.11,-52.068,-40.067,0,0.33,0.023583,-0.099821
2757.8,12573,-0.79015,0.068393,-10.576,23.336,0.019332,1197.3,-115.04,-417.12,-50.717,-78.414,0,0.33,0.015702,-0.099787
775.55,25124,-1.5306,0.073181,-5.2565,26.501,0.029792,784.69,-122.93,-417.86,-53.165,-13.787,0,0.33,0.03145,-0.095883
-641.42,24665,-1.6276,0.40271,-5.015,26.726,0.029643,794.82,-121.81,-418.98,-46.539,-9.9286,0,0.33,0.031453,-0.099879
2672.3,19662,-1.1719,-0.053375,-7.9974,25.52,0.025328,897.13,-119.39,-414.75,-56.427,-41.916,0,0.33,0.023585,-0.095829
-2005.1,23904,-1.696,0.73254,-4.7483,26.904,0.029375,808.71,-120.16,-418.97,-40.285,-5.5713,0,0.33,0.031453,-0.10387
3235.9,12936,-0.67084,-0.10031,-10.803,23.298,0.019505,1184,-115.88,-415.06,-53.212,-77.118,0,0.33,0.015703,-0.095797
-62002,-13355,-0.070742,0.14954,-13.128,17.883,0.0079237,2864.7,-109.52,615.35,-37.133,-1970.4,0,0.33,0.0078468,-0.10772
-53253,-12428,-0.0015878,0.056346,-13.412,17.99,0.0081044,2860.4,-111.18,635.05,-38.166,-1965.4,0,0.33,0.0078467,-0.10373
2279.6,11436,-0.97971,0.41416,-10.016,23.332,0.018773,1239.5,-111.73,-420.88,-45.087,-78.896,0,0.33,0.0157,-0.10777
-70730,-14560,-0.12833,0.24552,-12.806,17.756,0.0077012,2872.3,-107.3,592.72,-35.984,-1973.1,0,0.33,0.0078472,-0.11172
-1.4412e+05,-36721,0.5205,0.061293,-14.509,13.994,0.0010377,4246,-106.33,1617.9,-30.418,-3835.3,0,0.33,0,-0.11166
-1.2646e+05,-35018,0.56403,0.0065558,-14.823,14.126,0.0010446,4267.2,-108.42,1660.6,-30.321,-3830.9,0,0.33,0,-0.10767
2330.4,10631,-1.0489,0.59217,-9.6832,23.266,0.018377,1270,-109.29,-422.46,-42.101,-78.16,0,0.33,0.0157,-0.11176
-1.0904e+05,-33694,0.61537,-0.046855,-15.097,14.259,0.0010528,4287.4,-109.93,1697.2,-30.131,-3822.7,0,0.33,0,-0.10368
1733.2,17690,-1.4567,0.70888,-7.1973,25.874,0.024723,939.61,-114.71,-416.83,-43.277,-34.398,0,0.33,0.023573,-0.10781
-2669.4,21639,-1.7548,1.3906,-4.1328,27.051,0.028585,848.59,-115.32,-415.47,-28.757,4.5646,0,0.33,0.031449,-0.11186
1645.5,16649,-1.5088,0.96673,-6.865,25.889,0.024373,962.52,-112.11,-416.38,-38.979,-30.764,0,0.33,0.023569,-0.1118
-2837.7,22875,-1.7379,1.0616,-4.4552,27.019,0.029013,826.54,-117.98,-417.79,-34.429,-0.75894,0,0.33,0.031449,-0.10786
-16813,27692,-1.7205,0.64428,-2.4465,26.988,0.034545,743.59,-124.28,-408.09,-35.915,29.536,0,0.33,0.039356,-0.099935
-29473,28956,-1.4931,0.92739,-0.10924,26.852,0.03627,740.64,-125.31,-390.8,-21.282,78.642,0,0.33,0.047266,-0.099991
-17568,26920,-1.7501,1.0362,-2.1794,27.165,0.034032,759.99,-122.56,-407.58,-28.302,35.37,0,0.33,0.039359,-0.10394
-22322,28199,-1.4708,1.3686,0.15981,26.987,0.035443,761.94,-123.49,-389.24,-12.236,86.64,0,0.33,0.047264,-0.10401
-15894,28218,-1.6578,0.24929,-2.6965,26.751,0.034844,731.2,-125.48,-407.54,-44.322,24.03,0,0.33,0.039346,-0.095908
-31436,29547,-1.4774,0.47877,-0.36817,26.651,0.036835,723.67,-126.62,-391.21,-31.135,71.25,0,0.33,0.047266,-0.095915
-13832,27307,-1.4141,1.8031,0.44038,27.034,0.034354,787.73,-121.18,-386.65,-3.5619,95.489,0,0.33,0.047252,-0.10798
-3796.9,27104,-0.62004,2.1896,2.5279,26.987,0.031717,853.93,-120.44,-356.02,22.997,165.38,0,0.33,0.055162,-0.10808
-9592.3,28011,-0.761,1.7228,2.2604,26.947,0.032991,819.26,-122.75,-361.56,10.947,152.56,0,0.33,0.055166,-0.10407
-5297.8,23533,1.1163,3.0002,4.48,28.105,0.027478,1026.7,-115.57,-291.62,81.373,268.62,0,0.33,0.063056,-0.11213
-3149.8,26041,-0.43019,2.6461,2.7974,26.955,0.030238,895.15,-117.67,-348.62,36.467,180.18,0,0.33,0.055161,-0.11208
-5222.1,24642,0.78372,2.5392,4.2619,27.954,0.028785,974.94,-118.2,-304.23,61.863,249.24,0,0.33,0.063059,-0.10811
-6819.6,26278,-1.321,2.2342,0.73704,26.972,0.032988,818.83,-118.38,-382.82,5.5214,105.67,0,0.33,0.047252,-0.11202
-5057,25534,0.51885,2.06,4.0277,27.797,0.029992,930.4,-120.43,-314.05,44.511,231.97,0,0.33,0.063064,-0.10406
-15686,25934,-1.7499,1.4248,-1.8926,27.261,0.033329,780.45,-120.31,-405.95,-21.232,41.693,0,0.33,0.03935,-0.10791
-9167.5,24765,-1.7202,1.8125,-1.5816,27.253,0.032451,805.41,-117.58,-403.02,-14.309,48.743,0,0.33,0.039352,-0.11195
2600.8,9704.5,-1.1005,0.77518,-9.3135,23.14,0.017908,1307.1,-106.32,-423.81,-38.932,-76.795,0,0.33,0.015703,-0.11577
3093.1,8684.1,-1.1334,0.96482,-8.9066,22.935,0.01738,1351.8,-102.84,-424.83,-35.599,-74.795,0,0.33,0.015707,-0.1198
-79738,-16047,-0.1732,0.34493,-12.444,17.599,0.0074358,2884.1,-104.53,568.64,-34.798,-1976.2,0,0.33,0.0078492,-0.11572
-89131,-17906,-0.20477,0.44808,-12.041,17.403,0.007126,2901.6,-101.19,543.59,-33.646,-1980.8,0,0.33,0.0078457,-0.11974
-1.6263e+05,-38794,0.4861,0.11764,-14.152,13.857,0.0010303,4225.6,-103.68,1571.8,-30.628,-3841.2,0,0.33,0,-0.11566
-1.8229e+05,-41361,0.45819,0.17576,-13.748,13.711,0.0010214,4207.7,-100.46,1522.8,-30.968,-3851.1,0,0.33,0,-0.11969
2018.9,13391,-1.5373,1.7666,-5.6656,25.363,0.022949,1064.9,-101.4,-413.15,-25.577,-16.861,0,0.33,0.023597,-0.12392
3806.6,7478.7,-1.1468,1.162,-8.4652,22.633,0.016767,1403.8,-98.861,-425.21,-32.27,-72.268,0,0.33,0.015707,-0.12385
1801.7,14411,-1.5498,1.4941,-6.0965,25.659,0.023487,1024.6,-105.45,-414.52,-30.08,-21.97,0,0.33,0.023581,-0.11985
1350.9,16774,-1.5754,2.7102,-2.5871,25.856,0.02574,987.77,-99.968,-401.71,-6.5437,32.299,0,0.33,0.031496,-0.12805
2303.6,12181,-1.5034,2.0453,-5.2128,24.909,0.02216,1111.9,-96.925,-410.7,-21.212,-11.571,0,0.33,0.0236,-0.12796
1093.8,17870,-1.6566,2.3781,-3.0034,26.406,0.026773,944.53,-104.48,-405.71,-12.103,24.179,0,0.33,0.031489,-0.12401
299.82,18988,-1.7143,2.0483,-3.4039,26.771,0.027469,907.22,-108.56,-409.09,-17.617,16.888,0,0.33,0.031466,-0.11994
4761.6,5802.9,-1.1405,1.3656,-7.9919,22.215,0.015929,1462.5,-94.405,-424.07,-28.999,-69.501,0,0.33,0.015696,-0.12787
1668.8,15513,-1.54,1.2279,-6.4982,25.826,0.023953,990.64,-109.01,-415.59,-34.606,-26.629,0,0.33,0.023571,-0.11581
-1304.3,20285,-1.747,1.7196,-3.7818,26.977,0.028066,875.34,-112.18,-412.41,-23.168,10.404,0,0.33,0.031454,-0.11589
-3078,24842,-0.18279,3.0928,3.0676,26.854,0.028572,944.29,-114.44,-338.96,52.401,197.72,0,0.33,0.055164,-0.11611
-2933.6,23485,0.1311,3.5262,3.3305,26.698,0.026767,1002.4,-110.83,-326.28,71.523,218.48,0,0.33,0.055165,-0.12013
-2106.2,25119,-1.1873,2.6619,1.0496,26.784,0.031339,856.4,-115.07,-377.49,15.688,117.66,0,0.33,0.047268,-0.11613
-1296.3,23838,-1.0109,3.0817,1.37,26.458,0.029442,901.08,-111.34,-370.2,27.457,131.88,0,0.33,0.047277,-0.12018
-5095.2,22215,1.5278,3.441,4.678,28.266,0.026105,1086.6,-112.54,-275.97,104.3,290.62,0,0.33,0.063056,-0.11613
-4416.6,20685,2.0321,3.8578,4.8486,28.465,0.024709,1155.4,-109.16,-256.79,131.52,315.68,0,0.33,0.063056,-0.12012
-764.82,22157,-1.5701,2.5795,-0.89665,26.82,0.030096,871,-110.67,-394.41,0.16645,65.655,0,0.33,0.039381,-0.1201
58.948,20993,-1.4492,2.9555,-0.53234,26.355,0.028635,912.05,-106.57,-389.32,8.1874,76.465,0,0.33,0.039388,-0.12413
-1130,22522,-0.78602,3.491,1.6914,26.003,0.027361,953.73,-107.26,-360.76,41.579,149.07,0,0.33,0.047277,-0.1242
275.52,19872,-1.2944,3.3296,-0.15817,25.709,0.026785,959.88,-102.05,-383.14,17.403,89.648,0,0.33,0.039386,-0.12814
-883.92,21169,-0.50083,3.8907,2.0099,25.446,0.025147,1016.4,-102.82,-348.62,59.4,170.14,0,0.33,0.047274,-0.12821
-3122.4,23464,-1.6601,2.1986,-1.2478,27.114,0.031367,835.52,-114.35,-399.06,-7.2472,56.633,0,0.33,0.039369,-0.11605
-7880.2,10803,8.0209,2.5739,6.293,35.515,0.027843,1275.8,-106.65,-96.732,179.97,410.38,0,0.33,0.086903,-0.10435
-8820.3,14984,5.0274,2.5073,6.0641,32.924,0.027677,1189.8,-111.89,-166.57,134.75,372.81,0,0.33,0.07889,-0.10408
-6559.2,10693,7.3546,2.1827,6.2138,35.103,0.028525,1230.8,-107.85,-111.01,153.58,393.57,0,0.33,0.086901,-0.10018
-7663.8,15266,4.5226,2.062,5.9222,32.478,0.028426,1142.9,-113.33,-180.32,110.55,354.48,0,0.33,0.078887,-0.10001
-2991.3,7916.5,9.7165,1.8594,6.0475,36.096,0.029015,1244.4,-103.07,-71.333,164.91,401.29,0,0.33,0.094863,-0.096173
-4358,8535.8,10.41,2.2146,6.1217,36.335,0.028365,1281.4,-102.44,-58.917,190.14,416.18,0,0.33,0.094867,-0.1002
-5051.3,10394,6.7903,1.764,6.089,34.691,0.029177,1189.1,-108.67,-123.82,128.58,376.6,0,0.33,0.086916,-0.096038
-5466.5,9005.5,11.203,2.5426,6.1491,36.483,0.027655,1319.6,-101.51,-45.669,216.63,430.71,0,0.33,0.094864,-0.10426
-6400.6,15336,4.107,1.5951,5.7423,32.078,0.029141,1101.1,-114.37,-191.94,88.145,336.93,0,0.33,0.078885,-0.095943
-7606.2,19949,2.884,2.7931,5.4966,30.307,0.02715,1117.8,-114.66,-231.14,110.32,332.26,0,0.33,0.070959,-0.1081
-7244.6,20689,2.461,2.3311,5.3217,29.949,0.028113,1067,-116.7,-244.92,87.441,311.97,0,0.33,0.070968,-0.10403
-9219.9,14551,5.6257,2.9261,6.1638,33.402,0.026903,1241.8,-110.1,-150.84,161.67,392.29,0,0.33,0.078885,-0.10813
-7477.9,18979,3.3951,3.2302,5.638,30.704,0.026154,1175.3,-112.24,-214.34,135.68,354.15,0,0.33,0.070952,-0.11215
-8324.3,13973,6.3266,3.3131,6.2177,33.898,0.026051,1298.6,-107.96,-132.84,191.57,412.95,0,0.33,0.078875,-0.1122
-8311.8,10771,8.789,2.9343,6.3228,35.889,0.027121,1323.6,-105.13,-81.252,208.59,426.84,0,0.33,0.086903,-0.10846
-7262.7,9463.7,13.103,3.1019,6.0536,36.28,0.026,1395.8,-98.693,-17.726,272.6,455.06,0,0.33,0.094847,-0.1125
-7322.4,10610,9.6634,3.2585,6.3009,36.186,0.026299,1373.3,-103.29,-64.581,239.37,442.78,0,0.33,0.086902,-0.11252
-6092.4,9321.1,12.1,2.8398,6.1271,36.486,0.026871,1358.3,-100.27,-31.84,244.43,444.03,0,0.33,0.094856,-0.10836
-3389.3,8219.6,13.592,2.195,5.8127,35.352,0.027225,1298.8,-97.171,-26.081,218.03,430.2,0,0.33,0.10279,-0.10022
-4502.4,9017.2,16.874,2.1733,5.4219,31.719,0.024689,1283.9,-91.918,-10.365,234.39,439.66,0,0.33,0.1107,-0.10025
-4836.7,8782.3,14.473,2.4629,5.8017,35.021,0.026409,1326.2,-96.393,-14.533,241.89,439.46,0,0.33,0.10279,-0.10422
-7075.3,9466.6,17.807,2.3918,5.3829,30.807,0.023737,1296.3,-91.225,-0.55326,254.33,442.09,0,0.33,0.1107,-0.10424
-2123.1,7527.3,12.799,1.8993,5.7792,35.49,0.027944,1270.5,-97.677,-37.607,194.43,419.85,0,0.33,0.10279,-0.096228
-3347.6,8417.8,16.016,1.928,5.4207,32.361,0.025512,1268.2,-92.352,-20.712,213.07,435.13,0,0.33,0.1107,-0.096257
-10590,9746.4,18.813,2.5833,5.3041,29.592,0.022649,1304,-90.275,8.6056,272.79,441.76,0,0.33,0.1107,-0.10823
-11257,9984.7,22.105,2.5155,4.906,22.468,0.018532,1203.9,-84.895,7.9463,260.05,418.15,0,0.33,0.11861,-0.10825
-9121.7,10049,21.131,2.3631,4.9977,24.13,0.019701,1218.5,-85.787,0.52322,248.51,428.79,0,0.33,0.11861,-0.10426
-9649,8156.1,25.944,2.5868,4.4998,12.797,0.012673,988.49,-78.028,6.674,219.93,334.85,0,0.33,0.12655,-0.11229
-11523,9697.2,23.113,2.643,4.7834,20.538,0.017235,1180.5,-83.773,14.35,267.72,403.19,0,0.33,0.11861,-0.11224
-8879,8865.1,25.096,2.4959,4.6206,14.588,0.013834,1036.1,-79.061,1.1727,221.17,360.25,0,0.33,0.12654,-0.1083
-12161,9838.8,19.886,2.7476,5.1863,28.041,0.021418,1305.3,-89.071,16.973,289.18,438.22,0,0.33,0.1107,-0.11222
-8160,9383.4,24.249,2.3817,4.7189,16.246,0.014903,1074.5,-79.893,-5.287,217.59,381.84,0,0.33,0.12655,-0.1043
-7243.4,9209.8,15.447,2.7021,5.7447,34.443,0.025482,1351.4,-95.336,-3.1002,266.03,447.24,0,0.33,0.10278,-0.10823
-10204,9474.5,16.516,2.9107,5.641,33.552,0.024427,1372.9,-93.993,8.0041,289.59,452.65,0,0.33,0.10278,-0.11229
-6451,13237,7.141,3.6629,6.222,34.387,0.025034,1359.6,-105.52,-112.61,224.85,434.23,0,0.33,0.07887,-0.11625
-3924.2,12330,8.0818,3.9707,6.1724,34.839,0.023857,1424,-102.82,-90.409,261.62,455.2,0,0.33,0.078869,-0.12025
-6591.4,17793,4.0049,3.6374,5.741,31.144,0.025092,1239.5,-109.48,-194.53,164.79,377.72,0,0.33,0.07095,-0.11617
-4829.6,16410,4.7295,4.0095,5.7993,31.635,0.023881,1310.8,-106.4,-171.67,198.84,403.12,0,0.33,0.07095,-0.12017
-7244.7,9279.3,12.974,3.9768,5.9107,36.054,0.02334,1519.6,-96.249,-10.232,338.16,480.3,0,0.33,0.0869,-0.12452
-971.39,11283,9.1626,4.2321,6.065,35.21,0.022694,1490.4,-99.885,-66.737,301.27,474.73,0,0.33,0.078868,-0.12425
-5762.3,9858.9,11.752,3.7824,6.0953,36.336,0.024327,1473.2,-98.823,-28.553,305.09,470.63,0,0.33,0.086901,-0.12053
-15675,8398.5,18.062,3.7577,5.2614,32.081,0.02139,1497.9,-89.986,33.765,373.64,464.19,0,0.33,0.094839,-0.12862
-9501.2,8607.1,14.315,4.1244,5.6723,35.418,0.022349,1560.4,-93.48,7.3661,370.21,485.68,0,0.33,0.086899,-0.12851
-14204,8850.8,16.692,3.6543,5.5284,33.76,0.022737,1483.9,-92.461,22.386,351.13,467.72,0,0.33,0.09484,-0.12462
-10936,9195.3,15.405,3.5106,5.7519,34.978,0.023944,1460.6,-94.753,9.7601,326.33,467.11,0,0.33,0.094841,-0.12061
-232.44,10142,10.394,4.4432,5.8965,35.432,0.021687,1556.5,-96.755,-42.286,342.66,491.5,0,0.33,0.078867,-0.12824
-5506.5,10312,10.65,3.5424,6.2254,36.354,0.025337,1423.7,-101.18,-46.894,271.87,457.73,0,0.33,0.086901,-0.11653
-8511.5,9415.6,14.207,3.3263,5.9279,35.797,0.025027,1430.5,-96.841,-3.7334,300.09,462.88,0,0.33,0.094843,-0.11658
-11374,9175.9,24.141,2.7459,4.6324,18.369,0.015821,1146.7,-82.435,19.619,270.68,383.49,0,0.33,0.11862,-0.11623
-11048,8441.3,25.172,2.8247,4.4567,16.008,0.014309,1100.6,-80.902,23.633,268.66,359.01,0,0.33,0.11862,-0.12024
-12348,9737.2,21.018,2.8844,5.0305,26.127,0.020036,1298.2,-87.618,24.407,302.72,430.97,0,0.33,0.1107,-0.11624
-12517,9427.3,22.2,2.9934,4.8394,23.842,0.018504,1280.3,-85.929,30.631,312.43,419.01,0,0.33,0.11069,-0.1203
-9518.7,7267.3,26.775,2.6551,4.3593,10.929,0.011442,930.85,-76.812,11.017,213.7,305.67,0,0.33,0.12655,-0.11629
-8671,6238.1,27.571,2.702,4.2026,9.0474,0.010168,862.67,-75.435,14.063,202.78,273.07,0,0.33,0.12656,-0.1203
-13288,9408.9,18.907,3.2293,5.2969,30.602,0.021874,1396.3,-90.49,27.745,330.16,451.53,0,0.33,0.10276,-0.12052
-13846,9079.3,20.202,3.3378,5.063,28.476,0.020367,1393.7,-88.402,35.596,345.52,443.19,0,0.33,0.10276,-0.12461
-12567,8884.8,23.411,3.0745,4.6173,21.212,0.016831,1249,-84.021,35.295,316.97,401.08,0,0.33,0.11068,-0.1244
-14180,8561.6,21.54,3.4131,4.7952,25.921,0.018712,1378.2,-86.136,41.806,356.43,429.16,0,0.33,0.10275,-0.12865
-12344,8098.1,24.623,3.1283,4.3711,18.315,0.015049,1201.7,-81.923,38.144,314.89,376.39,0,0.33,0.11067,-0.12855
-12283,9543.7,17.673,3.087,5.4908,32.287,0.023227,1388.6,-92.37,18.432,311.27,454.44,0,0.33,0.10277,-0.11638
1369.3,-1439.9,30.171,1.3805,4.374,0.013737,0.00023399,57.655,-39.399,-2.3622,12.412,2.4788,0,0.33,0.18258,-0.11614
1267.5,-1351.7,30.248,1.3763,4.2352,0.011274,0.00022799,48.882,-39.547,-3.0869,13.821,2.435,0,0.33,0.18258,-0.12013
1349.2,-1396.8,30.288,1.6217,4.3366,0.0317,0.00040461,74.386,-44.007,-2.5434,12.595,4.5924,0,0.33,0.17462,-0.11617
1253.2,-1306.9,30.359,1.6101,4.1997,0.023204,0.00035582,62.345,-43.975,-2.896,13.777,4.1349,0,0.33,0.17462,-0.12016
1365.3,-1471.3,30.064,1.1496,4.391,0.0092263,0.0001907,48.428,-35.248,-1.7552,12.788,3.4773,0,0.33,0.19065,-0.11642
1474.9,-1586.2,29.981,1.1505,4.5351,0.010528,0.00018221,57.707,-34.873,-1.1665,11.585,3.4747,0,0.33,0.19062,-0.11237
1462.5,-1535.6,30.095,1.3884,4.5163,0.017135,0.00024358,68.702,-39.202,-1.9832,11.406,2.6442,0,0.33,0.18257,-0.11213
1420.5,-1480.9,30.217,1.6353,4.4775,0.042737,0.0004551,88.911,-43.986,-2.541,12.117,5.4286,0,0.33,0.17462,-0.11218
1261,-1371.4,30.148,1.1514,4.2513,0.008315,0.00020232,41.212,-35.56,-2.447,14.058,3.4433,0,0.33,0.19066,-0.12042
1107.4,-1170.2,30.453,1.8293,4.1508,0.067879,0.000715,88.011,-48.502,-1.3096,15.167,8.3875,0,0.33,0.16658,-0.12009
1043.9,-1097,30.524,1.8123,4.0207,0.046445,0.00059336,72.841,-48.215,-1.784,15.786,6.8887,0,0.33,0.16658,-0.12409
1149.8,-1213.3,30.433,1.6018,4.0646,0.01711,0.00031401,52.627,-43.856,-3.3648,15.034,3.8947,0,0.33,0.17462,-0.12417
841.49,-915.72,30.673,1.9954,3.8514,0.095118,0.00095427,91.542,-52.423,-0.21733,18.738,11.026,0,0.33,0.15855,-0.12814
817.23,-935.44,30.596,2.0174,3.9776,0.1454,0.0011835,112.9,-52.968,0.75375,19.809,14.667,0,0.33,0.15855,-0.12412
981.37,-1029.1,30.595,1.7992,3.8932,0.031235,0.00048511,60.464,-47.869,-1.7469,15.969,6.024,0,0.33,0.16658,-0.12812
738.95,-923.17,30.514,2.0421,4.1071,0.21341,0.0014246,138.01,-53.466,1.3053,21.198,19.734,0,0.33,0.15855,-0.12013
1060.6,-1124.6,30.508,1.597,3.9333,0.013016,0.00028311,44.918,-43.705,-2.7011,15.274,3.8217,0,0.33,0.17464,-0.12822
1134.6,-1228.1,30.382,1.8486,4.2843,0.096321,0.00084203,106.03,-48.728,-1.2009,15.015,10.617,0,0.33,0.16658,-0.1161
404.64,-726.49,30.316,2.0879,4.3751,0.40665,0.001903,198.2,-54.293,-0.59005,26.67,34.458,0,0.33,0.15855,-0.11214
1106.9,-1251.6,30.307,1.8683,4.4218,0.13195,0.00096599,126.8,-48.9,-1.7426,15.778,13.721,0,0.33,0.16658,-0.11211
593.22,-858.81,30.422,2.0666,4.2401,0.30052,0.0016677,166.57,-53.911,0.90416,23.441,26.324,0,0.33,0.15855,-0.11613
-1010.7,1502.5,29.628,2.279,4.5858,1.8239,0.0040915,420.75,-60.882,-9.421,64.707,114.16,0,0.33,0.15055,-0.10421
-2701.8,4186.2,28.622,2.3765,4.5533,4.4104,0.0066978,630.11,-67.205,-11.359,110.42,202.14,0,0.33,0.1426,-0.10423
-1285.4,2068.3,29.35,2.2552,4.6988,2.1729,0.0043751,470.46,-61.19,-15.263,70.06,132.47,0,0.33,0.15055,-0.10021
-3288.2,4926.2,28.173,2.3223,4.6518,5.1193,0.0071793,684.85,-67.664,-18.112,114.69,226.23,0,0.33,0.1426,-0.10023
-189.88,63.343,29.879,2.1063,4.7682,0.81117,0.002459,309.25,-54.991,-11.172,40.607,65.326,0,0.33,0.15855,-0.10017
-381.53,411.69,29.686,2.0896,4.8872,0.95786,0.0025618,351.99,-55.037,-16.78,46.422,76.147,0,0.33,0.15855,-0.096184
-1606,2639.8,29.048,2.2143,4.8006,2.513,0.0045915,520.27,-61.366,-22.204,74.534,150.07,0,0.33,0.15055,-0.09622
21.025,-253.23,30.047,2.1102,4.6417,0.66658,0.0023091,269.63,-54.846,-6.693,35.458,54.389,0,0.33,0.15855,-0.10416
-3928.3,5597.4,27.71,2.2487,4.7348,5.7846,0.0075738,735.99,-67.959,-25.847,115.8,248.17,0,0.33,0.14261,-0.096233
-5143.3,6360,27.474,2.4791,4.4754,7.9637,0.0095111,810.47,-72.878,-4.4636,162.96,272.71,0,0.33,0.13456,-0.10838
-5394.8,7175.4,26.832,2.4055,4.5791,9.1994,0.010329,865.53,-73.619,-10.422,166.11,300.12,0,0.33,0.13457,-0.10438
-2218.9,3402.5,29.047,2.4124,4.4418,3.6909,0.0061481,572.11,-66.599,-5.7069,104,176.74,0,0.33,0.14259,-0.10822
-5720,5442.1,28.091,2.5317,4.3557,6.7065,0.0086309,748.66,-71.965,0.57011,155.82,242.88,0,0.33,0.13456,-0.11238
-2198.6,2611.2,29.437,2.4305,4.319,2.9927,0.0055513,511.42,-65.851,-1.1278,95.615,150.78,0,0.33,0.14258,-0.11224
-789.38,965.26,29.879,2.2875,4.4643,1.4827,0.0037547,371.28,-60.455,-4.4765,58.367,95.832,0,0.33,0.15055,-0.1082
-653.88,481.5,30.099,2.2823,4.3363,1.1649,0.0033802,322.66,-59.925,-0.61846,51.649,78.299,0,0.33,0.15055,-0.11219
213.99,-521.48,30.192,2.1034,4.5098,0.52994,0.0021204,232.62,-54.608,-3.1382,30.757,43.939,0,0.33,0.15855,-0.10815
1604.1,-1698.4,29.943,1.4195,4.8152,0.026759,0.00026315,98.897,-38.832,-2.1343,12.522,3.4178,0,0.33,0.18259,-0.10427
1539.5,-1625.2,30.02,1.3972,4.6623,0.021544,0.00025468,82.336,-38.939,-1.6406,11.34,2.9945,0,0.33,0.18256,-0.10811
1417.5,-1551.9,30.063,1.6609,4.7663,0.072028,0.00054228,125.94,-43.785,-3.9488,14.657,8.3598,0,0.33,0.1746,-0.10417
1445.6,-1537.2,30.144,1.6493,4.6219,0.056254,0.00050233,106.05,-43.922,-2.8848,12.746,6.6863,0,0.33,0.17461,-0.10818
1593.4,-1708.5,29.901,1.1569,4.6854,0.012313,0.00017636,69.602,-34.486,-0.7437,11.147,3.5116,0,0.33,0.19061,-0.10838
1701.8,-1820.2,29.816,1.1605,4.837,0.01469,0.00017318,84.459,-33.996,-1.0077,11.859,3.5444,0,0.33,0.1906,-0.10435
867.42,-1155.4,30.127,1.8993,4.7009,0.22262,0.0011744,176.86,-49.079,-5.4672,20.709,22.446,0,0.33,0.16658,-0.10413
669.22,-1036.5,30.013,1.9049,4.8381,0.27552,0.0012465,206.97,-49.064,-8.5189,25.063,27.673,0,0.33,0.16658,-0.10014
1340.1,-1533.8,29.968,1.6707,4.9091,0.090039,0.00057231,149.51,-43.589,-5.8219,18.285,10.507,0,0.33,0.1746,-0.10016
472.37,-877.36,29.876,1.9013,4.9704,0.33236,0.0012922,242.05,-48.978,-12.605,31.252,33.007,0,0.33,0.16658,-0.096151
1215.2,-1498.6,29.852,1.6762,5.0495,0.11144,0.00059429,179.05,-43.36,-8.6813,24.66,12.847,0,0.33,0.1746,-0.096172
1016.7,-1226.9,30.224,1.8863,4.5614,0.17435,0.0010791,150.32,-49.021,-3.1803,17.658,17.707,0,0.33,0.16658,-0.10812
73.773,-495.08,30.582,2.2148,3.9379,0.44841,0.0021792,189.78,-57.844,3.1238,32.841,35.59,0,0.33,0.15054,-0.12418
-1631.8,571.14,30.346,2.4079,3.9113,1.2759,0.003672,324.17,-63.071,5.4387,62.776,78.364,0,0.33,0.1425,-0.12439
-344.32,-260.45,30.448,2.2415,4.0705,0.64222,0.0025801,230.86,-58.602,3.3321,38.278,47.715,0,0.33,0.15054,-0.12019
-2483.9,1158.8,30.091,2.427,4.05,1.7646,0.0042946,385.63,-64.103,4.7896,73.814,100.64,0,0.33,0.1425,-0.12039
384.12,-644.37,30.693,2.1879,3.8077,0.29942,0.001793,153.17,-57.033,2.1901,28.252,25.975,0,0.33,0.15054,-0.12817
-916.33,107.45,30.553,2.3839,3.7734,0.88214,0.0030743,266,-61.979,5.003,52.136,59.044,0,0.33,0.1425,-0.12838
-2642.1,1848.7,29.79,2.438,4.1866,2.3393,0.0049228,448.51,-65.06,2.4568,85.188,125.02,0,0.33,0.14252,-0.11637
-6113.6,4468.8,28.669,2.5643,4.2229,5.4779,0.007715,680.53,-70.906,4.6785,144.96,211.56,0,0.33,0.13455,-0.11638
-5520.9,3484.3,29.196,2.5788,4.0807,4.3197,0.0067817,606.86,-69.725,7.6916,131.3,179.62,0,0.33,0.13455,-0.12038
-593.31,68.48,30.289,2.2655,4.2042,0.8821,0.0029841,275.52,-59.302,2.0841,44.787,62.113,0,0.33,0.15054,-0.11619
10266,-6136.3,-0.48303,3.8961,-1.401,16.319,0.010028,1639.9,-57.917,-330.35,59.198,74.754,0,0.33,0.023495,-0.15611
17117,-15798,-0.51369,2.7602,-3.7036,15.208,0.0078671,1984.6,-54.437,-363.74,2.7584,-30.722,0,0.33,0.015549,-0.15607
7390.2,-3474.8,-0.78196,3.6516,-1.9963,17.979,0.011776,1540,-63.642,-350.65,25.492,44.455,0,0.33,0.023511,-0.15209
14964,-12568,-0.67497,2.5684,-4.4132,16.64,0.0089975,1907.3,-60.436,-377.47,-6.533,-43.289,0,0.33,0.015569,-0.15205
22158,-2744.3,1.4464,5.0371,0.93092,17.442,0.0095494,1817.1,-56.712,-227.18,303.34,281.3,0,0.33,0.031402,-0.16017
15437,-8793.1,-0.0056503,4.1298,-0.82217,14.956,0.0085102,1768.8,-52.522,-300.69,125.83,123.72,0,0.33,0.023479,-0.16013
12828,250.82,0.43616,4.8352,0.59399,17.629,0.011027,1606,-61.776,-277.89,180.02,207.47,0,0.33,0.031416,-0.15615
19599,-18931,-0.29746,2.9555,-2.9703,13.745,0.0068151,2061.2,-48.673,-346.61,24.534,-7.7969,0,0.33,0.015528,-0.1601
7284.6,3008.9,-0.21115,4.5867,0.17259,18.629,0.012861,1455.1,-67.195,-314.23,104.58,152.41,0,0.33,0.031429,-0.15214
12919,-9198.7,-0.80527,2.3757,-5.0941,17.956,0.010172,1828.4,-66.533,-389.33,-11.721,-50.857,0,0.33,0.015591,-0.14802
-1.6042e+05,-42182,-0.009471,1.2423,-7.9673,14.436,0.0044359,3078.4,-64.907,308.22,-24.764,-1998.9,0,0.33,0.0076731,-0.14799
-1.7166e+05,-47018,0.077849,1.3615,-7.1963,13.741,0.0040432,3095.7,-58.671,264.6,-23.807,-1996.6,0,0.33,0.007649,-0.15202
-3.1474e+05,-65359,0.53419,0.57193,-10.298,12.492,0.00094671,4089.1,-70.667,1113.2,-31.254,-3902.3,0,0.33,0,-0.14394
-1.4951e+05,-37764,-0.082809,1.1247,-8.6907,15.06,0.0048338,3056.6,-71.075,349.09,-25.789,-1999.4,0,0.33,0.0076995,-0.14396
-3.3914e+05,-70538,0.58775,0.64704,-9.5366,12.208,0.00092934,4056,-64.515,1022.1,-31.625,-3905.4,0,0.33,0,-0.14797
10955,-5803.8,-0.91268,2.18,-5.7435,19.122,0.011367,1749.3,-72.602,-399.53,-15.523,-56.117,0,0.33,0.015613,-0.14399
-3.6411e+05,-76501,0.65172,0.72617,-8.7183,11.896,0.00091001,4016.8,-58.276,923.73,-32.27,-3906.3,0,0.33,0,-0.15201
5779.3,-738.8,-0.98999,3.401,-2.586,19.618,0.013634,1452.5,-69.521,-366.09,8.4874,25.761,0,0.33,0.023528,-0.14807
2905.8,8397.5,-0.94362,4.013,-0.76758,21.498,0.017319,1245.7,-78.519,-360.95,33.815,85.818,0,0.33,0.031456,-0.1441
4359.5,5675,-0.64154,4.3101,-0.28997,20.014,0.014995,1340.1,-72.821,-340.8,60.077,113.19,0,0.33,0.031442,-0.14812
4698.3,2128.2,-1.1483,3.1434,-3.1599,21.104,0.015545,1371.2,-75.412,-378.76,-0.96714,13.695,0,0.33,0.023545,-0.14404
13043,5814.1,1.3744,5.2889,1.9485,20.563,0.013145,1567.4,-70.332,-243.45,239.26,290.08,0,0.33,0.039331,-0.15219
22240,5258.2,4.1687,5.6758,3.1759,24.628,0.013207,1774.4,-72.798,-148.1,398.56,427.77,0,0.33,0.04723,-0.15225
21949,2473.7,2.5806,5.4725,2.1148,20.903,0.011531,1773.5,-65.253,-190.61,352.86,359.29,0,0.33,0.03932,-0.15621
24863,1666,5.9885,5.7463,3.0592,25.813,0.011871,1982.9,-68.051,-90.484,523.41,488.21,0,0.33,0.047221,-0.15626
34055,-1107.8,4.2912,5.5674,2.1383,22.072,0.010144,2028.8,-60.476,-126.68,508.07,436.03,0,0.33,0.039309,-0.16022
12534,-1854,8.3197,5.7072,2.7895,27.102,0.010748,2196.6,-63.599,-30.488,664.38,539,0,0.33,0.047211,-0.16027
21494,6611.6,6.1443,5.6705,4.0608,28.346,0.014722,1781.7,-79.177,-103.44,431.78,481.86,0,0.33,0.055136,-0.1483
14000,3324.2,8.0308,5.7203,3.8299,29.295,0.01348,1941.9,-74.593,-53.81,529.61,523.7,0,0.33,0.055128,-0.15231
13928,8718.5,2.7782,5.5146,3.1623,23.881,0.014791,1588,-77.76,-199.87,296.51,367.58,0,0.33,0.047239,-0.14825
13703,7150.7,8.3853,5.4775,4.7354,31.649,0.016158,1772.7,-84.272,-59.655,446.95,517.62,0,0.33,0.063036,-0.14425
4828.5,4483.1,10.275,5.5153,4.4242,32.118,0.015237,1887.2,-79.93,-19.875,520.14,542.08,0,0.33,0.063032,-0.1483
14096,9918.7,4.6104,5.5311,4.1772,27.465,0.016143,1625.8,-83.911,-151.11,344.14,434.89,0,0.33,0.055142,-0.14429
7674.1,12048,1.7271,5.2792,3.0456,23.636,0.016585,1428.4,-82.858,-244.46,217.52,313.2,0,0.33,0.047248,-0.14424
-16002,2010.7,12.436,5.4703,4.018,32.035,0.014518,1983.7,-75.744,16.427,588.75,553.43,0,0.33,0.063028,-0.15234
7191.1,8897.9,0.52419,5.0418,1.6836,20.922,0.014966,1405,-75.623,-285.44,160.22,232.75,0,0.33,0.039342,-0.14818
3653.8,11885,-0.08209,4.7484,1.3557,21.752,0.017139,1275.7,-81.04,-318.47,106.51,187.83,0,0.33,0.039353,-0.14417
-1.3881e+05,-33689,-0.14168,1.0081,-9.3665,15.614,0.0052339,3031.5,-77.059,387.2,-26.963,-1998.3,0,0.33,0.0077265,-0.13992
-1.2832e+05,-29912,-0.18546,0.89212,-9.9946,16.097,0.0056329,3004.4,-82.754,422.73,-28.283,-1996,0,0.33,0.0077537,-0.13589
9113.4,-2494,-0.99976,1.9806,-6.3594,20.129,0.012564,1671.7,-78.527,-408.17,-18.917,-60.199,0,0.33,0.015636,-0.13996
7439.6,640.9,-1.067,1.7776,-6.9402,20.975,0.013739,1597.3,-84.193,-415.27,-22.265,-63.623,0,0.33,0.015657,-0.13593
-2.9081e+05,-60718,0.49178,0.49981,-11.005,12.749,0.00096248,4116.6,-76.62,1197.1,-31.084,-3896.6,0,0.33,0,-0.1399
-2.6745e+05,-56426,0.46111,0.43011,-11.657,12.982,0.00097679,4139.6,-82.27,1274,-31.06,-3888.8,0,0.33,0,-0.13587
3198.3,7886.2,-1.3725,2.606,-4.2386,23.438,0.019301,1227.2,-86.777,-398.62,-12.356,-0.9969,0,0.33,0.023577,-0.136
2685,10366,-1.4486,2.3269,-4.7383,24.275,0.020937,1165.9,-92.041,-405.93,-16.847,-6.3496,0,0.33,0.02359,-0.13198
5976.9,3477.9,-1.114,1.5719,-7.4844,21.667,0.014872,1527.2,-89.506,-420.71,-25.654,-66.655,0,0.33,0.015678,-0.1319
1541.5,15355,-1.4701,3.0436,-2.1564,25.099,0.024148,1037.8,-95.038,-395.94,-0.5128,41.435,0,0.33,0.03149,-0.13206
1780.4,13437,-1.3368,3.3745,-1.7088,24.116,0.022064,1096.2,-89.741,-387.67,6.9816,52.369,0,0.33,0.03148,-0.13607
3862,5048.4,-1.2735,2.8785,-3.7119,22.382,0.017453,1295.9,-81.199,-389.47,-7.3342,5.3149,0,0.33,0.023562,-0.14002
2174.3,11064,-1.1665,3.6994,-1.244,22.901,0.019721,1165.1,-84.192,-376.29,17.599,66.507,0,0.33,0.031468,-0.14009
3489,15042,0.93222,4.985,2.8518,23.803,0.018483,1294.5,-88.009,-281.25,158.43,266.55,0,0.33,0.047256,-0.14023
997.95,17567,0.32724,4.6471,2.603,24.25,0.020607,1183.4,-93.118,-310.28,114.87,227.77,0,0.33,0.047264,-0.13622
7957.6,13008,3.3817,5.3149,4.1924,26.82,0.017705,1482.7,-88.705,-194.39,270.03,388,0,0.33,0.055149,-0.14027
3336.7,15798,2.4061,5.0349,4.123,26.455,0.019462,1355.7,-93.472,-232.1,209.62,344.36,0,0.33,0.055154,-0.13626
12730,9860,6.7747,5.3594,4.9482,30.949,0.017387,1652,-88.687,-100.34,375.36,484.9,0,0.33,0.06304,-0.14019
7200.8,12483,5.4273,5.1667,5.0679,30.228,0.018821,1533.9,-93.079,-139.48,309.87,448.32,0,0.33,0.063045,-0.13616
450.49,18539,-1.099,3.7009,0.22351,24.882,0.024531,1016.7,-97.14,-374.46,29.175,105.96,0,0.33,0.03938,-0.13214
-297.1,19584,-0.13817,4.2786,2.3175,24.835,0.022865,1091.9,-98.085,-332.32,82.942,196.01,0,0.33,0.04727,-0.13222
823.32,16845,-0.84962,4.0662,0.60901,23.897,0.022086,1085.6,-91.918,-361.93,45.778,126.69,0,0.33,0.039372,-0.13615
1729.7,14628,-0.52258,4.4191,0.99085,22.811,0.01957,1170.7,-86.505,-343.77,70.24,153.34,0,0.33,0.039363,-0.14016
-16028,2270.4,25.89,3.9385,2.9163,14.798,0.010758,1346,-71.369,60.627,423.17,336.08,0,0.33,0.086914,-0.15653
-21788,1614.2,22.788,4.3957,3.1566,22.07,0.013313,1642.2,-72.335,69.434,520.49,415.91,0,0.33,0.078966,-0.15643
-17976,3208.5,24.222,4.0713,3.3598,19.33,0.012989,1468.8,-74.514,63.898,452.8,383.93,0,0.33,0.086911,-0.15252
-23282,2515.7,20.773,4.5497,3.6602,26.383,0.015305,1714.3,-75.724,65.775,525.15,455.08,0,0.33,0.078943,-0.15239
-7971.9,997.49,29.267,3.4328,2.4082,5.2891,0.0060369,827.33,-67.118,34.531,248.89,188.11,0,0.33,0.09483,-0.16059
-13381,1330.9,27.402,3.7887,2.4984,10.405,0.0085289,1178.6,-68.324,53.082,373.61,278.69,0,0.33,0.086915,-0.16053
-10544,2068.5,28.236,3.5453,2.7324,8.3735,0.0079347,1012.9,-69.927,44.118,308.45,245.65,0,0.33,0.094831,-0.15659
-19540,872.04,24.747,4.2112,2.6572,17.166,0.011101,1519.8,-69.03,67.739,494.53,365.26,0,0.33,0.078985,-0.16046
-12795,3195.4,26.991,3.6485,3.0925,12.08,0.010022,1172.2,-72.829,51.604,356.34,300.27,0,0.33,0.094833,-0.15259
-24118,3642.4,18.773,4.6639,4.1484,29.829,0.016879,1745.5,-79.227,56.965,514.17,483.25,0,0.33,0.078913,-0.14833
-21026,3476.6,14.625,5.1394,4.3975,32.947,0.016583,1868.6,-80.033,33.286,540.2,534.16,0,0.33,0.070942,-0.14821
-29167,1813.2,16.791,5.0408,3.9133,31.109,0.0157,1895.7,-76.215,53.578,576.44,519.42,0,0.33,0.070953,-0.15224
-8507,5389.2,12.62,5.173,4.821,33.828,0.017263,1812.6,-83.989,7.4475,493.88,535.75,0,0.33,0.07094,-0.14418
-24297,4942.7,16.841,4.7303,4.6049,32.348,0.018085,1744.4,-82.826,43.452,491.75,501.27,0,0.33,0.078892,-0.14429
-19207,4167.3,22.475,4.178,3.8096,23.592,0.015101,1550.4,-77.738,62.819,464.51,421.38,0,0.33,0.086904,-0.14851
-15693,5353.1,24.089,3.8019,3.8647,20.112,0.014316,1388.7,-78.762,57.558,406.98,387.54,0,0.33,0.094835,-0.1446
-14527,4306.6,25.588,3.7361,3.4748,16.101,0.012185,1297.5,-75.788,56.175,389.16,348.15,0,0.33,0.094833,-0.14859
-19804,5147.5,20.715,4.2512,4.2492,27.307,0.017027,1597.1,-81.003,57.858,461.86,449.26,0,0.33,0.086901,-0.14451
-8090,2358.7,28.991,3.3028,2.9083,6.3218,0.0071096,846.85,-70.525,34.579,245.95,208.4,0,0.33,0.10275,-0.15264
-4242,1102.7,30.221,3.0232,2.8269,2.7797,0.0047519,545.51,-67.796,19.24,146.28,125.44,0,0.33,0.11068,-0.15265
-5954.6,1225.7,29.794,3.2256,2.6349,3.9593,0.0054432,682.34,-67.902,26.632,194.77,156.85,0,0.33,0.10275,-0.15664
-2668.3,248.72,30.657,2.9647,2.6227,1.5917,0.0035655,410.68,-65.466,13.226,106.43,86.149,0,0.33,0.11067,-0.15667
-3943.1,288.8,30.391,3.1428,2.3955,2.2637,0.0040373,517.91,-65.368,18.626,143.23,109.75,0,0.33,0.10274,-0.16064
-1271.7,-363.25,30.948,2.9017,2.4415,0.84293,0.002605,294.29,-63.223,8.3401,72.643,54.987,0,0.33,0.11066,-0.16068
-2790.1,754.29,30.536,2.8348,3.0027,1.8344,0.0040284,421.67,-66.85,12.533,105.04,95.299,0,0.33,0.11869,-0.14844
-1507.8,59.063,30.839,2.7921,2.8285,1.0555,0.0030552,316.19,-64.758,8.3487,75.919,64.476,0,0.33,0.11867,-0.15249
-5993.3,2177.6,29.623,3.0755,3.0545,4.4759,0.0061587,687.07,-70.183,25.574,188.22,170.47,0,0.33,0.11068,-0.14865
-1559.1,279.17,30.739,2.6596,3.1707,1.134,0.0033175,315.28,-65.088,7.5732,72.733,67.645,0,0.33,0.12661,-0.14457
-636.6,-220.35,30.943,2.6249,3.0179,0.6566,0.0025355,236.5,-63.276,4.9823,52.47,45.255,0,0.33,0.12661,-0.14862
-4178.1,1662.8,30.11,2.8723,3.1924,2.9681,0.0051741,537.54,-68.974,17.131,137.28,132.09,0,0.33,0.1187,-0.14441
-7773.2,3407.4,28.862,3.1188,3.3028,6.6752,0.007757,823.69,-72.6,31.26,227.89,217.84,0,0.33,0.11068,-0.14465
88.795,-569.82,31.075,2.587,2.8738,0.35863,0.0018819,172.66,-61.511,3.4019,36.093,28.39,0,0.33,0.12661,-0.15265
-10099,3596,27.998,3.3704,3.2098,9.2752,0.0089801,996.71,-73.206,41.367,290.73,259.87,0,0.33,0.10275,-0.14864
-11786,4835.2,26.85,3.4239,3.5302,12.639,0.010975,1123,-75.904,46.205,325.25,307.43,0,0.33,0.10275,-0.14465
79.85,7404.7,10.808,5.1371,5.1711,34.025,0.018007,1737.4,-87.995,-22.365,441.6,526.2,0,0.33,0.070941,-0.14016
5923,9411.8,9.2029,5.0315,5.4419,33.789,0.018897,1651.6,-91.954,-54.146,387.48,508.3,0,0.33,0.070942,-0.13615
-18228,6313.2,15.014,4.7435,5.016,34.022,0.019145,1718.7,-86.445,25.873,460.55,510.02,0,0.33,0.078875,-0.14025
-9337.2,7653.2,13.323,4.7004,5.371,34.986,0.020038,1675.1,-90.008,5.0907,423.94,510.53,0,0.33,0.078867,-0.13623
-19461,7019.7,17.332,4.278,5.0449,32.665,0.020163,1612.6,-87.456,37.742,426.53,480.5,0,0.33,0.086897,-0.1365
-15345,7853,15.771,4.2246,5.3824,34.325,0.021317,1592.6,-90.541,23.557,400.08,485.95,0,0.33,0.086898,-0.13251
-3745.7,8928.4,11.781,4.6,5.6651,35.403,0.020827,1619.4,-93.456,-17.974,384.15,503.94,0,0.33,0.078866,-0.13223
-16267,7826.8,19.506,3.8219,4.9552,29.884,0.019882,1499.3,-87.352,43.419,392.46,455.49,0,0.33,0.094838,-0.13261
-16499,7126.9,21.008,3.8488,4.6153,27.136,0.018198,1484.6,-84.581,50.89,405.89,440.52,0,0.33,0.094837,-0.1366
-19862,6112.2,18.988,4.286,4.6647,30.342,0.018739,1615.8,-84.26,49.367,448.02,468.63,0,0.33,0.086898,-0.1405
-16330,6299.7,22.547,3.841,4.2487,23.85,0.016336,1449.4,-81.706,55.736,411.66,418.19,0,0.33,0.094836,-0.1406
-9406.9,4695,27.954,3.1492,3.5661,9.2987,0.0095004,946.82,-75.014,35.617,261.81,264.27,0,0.33,0.11068,-0.14065
-10762,5947.5,26.925,3.1631,3.8372,12.215,0.011333,1051.6,-77.389,38.284,287.7,307.21,0,0.33,0.11068,-0.13665
-5673.9,2758.3,29.552,2.9023,3.3963,4.4888,0.0064833,656.25,-71.112,21.363,170.16,173.03,0,0.33,0.11869,-0.14038
-7176.5,3977.1,28.865,2.9211,3.6111,6.3842,0.0079344,770.57,-73.233,24.724,200.7,215.75,0,0.33,0.11868,-0.13635
-2651.9,961.23,30.446,2.6902,3.3337,1.843,0.0042302,405.96,-66.912,10.53,96.045,95.493,0,0.33,0.12662,-0.14044
-3824,1828,30.056,2.7161,3.5045,2.8157,0.0052638,503.25,-68.743,13.222,120.72,127.96,0,0.33,0.12662,-0.13635
-14205,7866.9,22.9,3.4568,4.5002,22.969,0.016921,1346.8,-83.726,46.231,361.75,409.18,0,0.33,0.10275,-0.13266
-11752,7099.4,25.805,3.1571,4.1082,15.27,0.0132,1136.4,-79.699,39.125,305.22,344.92,0,0.33,0.11067,-0.13263
-13843,7007.8,24.259,3.471,4.1855,19.685,0.01501,1296.1,-81.199,48.629,359.69,382.59,0,0.33,0.10275,-0.13666
-13044,5990.6,25.588,3.4588,3.859,16.184,0.01301,1222.5,-78.581,48.673,348.09,348.7,0,0.33,0.10275,-0.14065
924.41,-956.72,30.687,1.5635,3.5657,0.0077629,0.00021413,29.746,-43.105,0.14106,7.699,2.3045,0,0.33,0.17462,-0.14014
950.51,-971.56,30.64,1.5744,3.6863,0.0087586,0.00024662,33.781,-43.345,-1.3736,11.353,3.0994,0,0.33,0.17462,-0.13612
950.21,-1006.8,30.592,1.369,3.5889,0.0068276,0.00016374,25.059,-39.712,0.052671,5.7927,0.62179,0,0.33,0.18259,-0.14013
982.65,-1036,30.548,1.3752,3.7146,0.0071707,0.00019655,28.225,-39.789,-1.69,9.6695,1.3123,0,0.33,0.18259,-0.13613
904.26,-969.63,30.523,1.1617,3.4659,0.0063209,0.0001028,19.075,-36.562,1.7408,1.4159,0.587,0,0.33,0.19066,-0.14438
913.03,-966.52,30.619,1.3575,3.4623,0.0065865,0.00013471,22.314,-39.614,1.5709,2.5481,-0.026609,0,0.33,0.18258,-0.14412
963.09,-1035.4,30.497,1.1676,3.5939,0.0064747,0.0001232,21.517,-36.507,0.48713,4.1644,1.0644,0,0.33,0.19066,-0.14039
1011.5,-1088,30.455,1.1684,3.7233,0.006667,0.00014839,24.249,-36.427,-0.84053,7.9268,1.7168,0,0.33,0.19066,-0.13639
903.57,-939.36,30.716,1.5471,3.4416,0.0071626,0.00017574,26.399,-42.839,1.9518,4.1846,1.4764,0,0.33,0.17461,-0.14416
937.1,-965.68,30.664,1.7898,3.7698,0.021117,0.00039717,50.625,-47.587,-1.2808,15.083,5.5137,0,0.33,0.1666,-0.13224
992.64,-1033.4,30.577,1.581,3.8056,0.010415,0.00026538,38.74,-43.45,-1.9436,13.992,3.6467,0,0.33,0.17461,-0.13207
898.57,-914.94,30.722,1.771,3.652,0.014873,0.00033506,42.932,-47.137,-0.89348,12.899,4.854,0,0.33,0.1666,-0.13615
837.5,-887.7,30.743,1.9782,3.7293,0.060319,0.0007498,74.146,-51.856,-0.85442,17.294,8.5721,0,0.33,0.15857,-0.13224
827.21,-868.19,30.801,1.9532,3.6109,0.037997,0.00058355,60.546,-51.107,-1.151,15.012,6.7826,0,0.33,0.15861,-0.13613
872.2,-899.86,30.769,1.7539,3.5335,0.011127,0.00028577,36.93,-46.674,-0.0090531,9.6095,3.9281,0,0.33,0.16661,-0.14015
831.01,-865.9,30.882,1.9117,3.3726,0.015893,0.0003573,42.04,-49.747,-0.13261,7.9641,3.8135,0,0.33,0.15862,-0.14421
825.46,-862.46,30.849,1.9332,3.492,0.024041,0.0004537,50.009,-50.429,-1.0992,11.783,5.2093,0,0.33,0.15863,-0.14016
862.13,-895.22,30.801,1.7368,3.4123,0.0089786,0.0002377,32.219,-46.281,1.6349,5.9613,2.9307,0,0.33,0.16663,-0.14429
900.51,-943.54,30.984,1.9845,2.9529,0.011073,0.00023411,35.201,-50.699,2.7587,2.9074,1.4077,0,0.33,0.15056,-0.15642
905.29,-975.77,31.067,2.171,2.8793,0.022435,0.00039421,48.083,-53.818,2.0163,5.1507,2.1362,0,0.33,0.14255,-0.15658
893.19,-931.93,30.987,2.029,3.074,0.015739,0.00032897,41.435,-51.628,2.0291,4.198,2.4803,0,0.33,0.15055,-0.15231
844.41,-924.79,31.065,2.2122,3.0037,0.039062,0.00059125,59.741,-54.977,0.90635,8.1309,4.5859,0,0.33,0.14253,-0.15245
713.61,-780.57,30.906,1.7669,2.8991,0.0070762,0.00013068,23.76,-47.022,2.0292,4.0209,1.5888,0,0.33,0.15858,-0.16054
840.33,-896.62,30.978,1.9379,2.8339,0.0087446,0.00017659,30.205,-49.754,1.4878,3.2764,0.97825,0,0.33,0.15058,-0.16047
796.14,-853.56,30.904,1.8068,3.0143,0.0077612,0.00016432,27.362,-47.713,3.9998,2.5005,1.5909,0,0.33,0.15857,-0.15648
895.71,-970.14,31.058,2.12,2.7581,0.014189,0.00026595,39.703,-52.602,1.8793,3.8978,0.681,0,0.33,0.14262,-0.1605
838.44,-886.69,30.904,1.849,3.1329,0.009031,0.00021177,31.392,-48.394,3.8695,2.5704,2.0275,0,0.33,0.15858,-0.15241
748.62,-847.47,31.047,2.2458,3.1278,0.07054,0.00084498,76.213,-56.152,0.091598,12.77,8.2502,0,0.33,0.14251,-0.14838
428.77,-680.33,31.062,2.4289,3.0656,0.21792,0.0015137,130.49,-59.708,1.6963,25.37,19.744,0,0.33,0.13457,-0.14844
672.12,-837.91,31.113,2.3944,2.9349,0.11667,0.0010889,96.912,-58.258,1.5927,16.904,11.489,0,0.33,0.13459,-0.15254
-33.709,-455.32,30.973,2.4607,3.1999,0.39153,0.0020322,175.42,-61.19,2.9036,36.404,31.369,0,0.33,0.13456,-0.1444
626.5,-757.09,31.008,2.2752,3.2519,0.12633,0.0011615,98.934,-57.333,0.23779,18.903,13.47,0,0.33,0.1425,-0.14436
848.58,-889.27,30.981,2.0653,3.1945,0.024756,0.00046119,49.649,-52.562,0.23605,7.1916,4.1022,0,0.33,0.15055,-0.14827
843.89,-883.01,30.9,1.8862,3.2526,0.011411,0.00027762,36.08,-49.095,1.8975,4.5473,2.7465,0,0.33,0.15859,-0.14839
802.35,-850.78,30.96,2.093,3.3144,0.041307,0.00062714,60.878,-53.496,-0.92205,11.371,6.3352,0,0.33,0.15055,-0.14424
860.42,-910.26,30.634,1.3411,3.3385,0.0064041,0.00011073,19.791,-39.492,2.8849,0.97183,-0.45565,0,0.33,0.18258,-0.14813
791.82,-837.98,30.645,1.3206,3.2178,0.0062522,8.9986e-05,17.286,-39.342,3.6318,1.3999,-0.59527,0,0.33,0.18257,-0.15213
870.74,-900.29,30.731,1.524,3.3199,0.0067885,0.00014288,23.474,-42.542,3.7919,1.942,0.87487,0,0.33,0.17459,-0.14818
815.29,-844.6,30.739,1.4956,3.2008,0.0065322,0.00011566,20.686,-42.228,4.7483,1.6307,0.55898,0,0.33,0.17457,-0.1522
838.61,-900.68,30.54,1.1517,3.3416,0.0061913,8.4896e-05,16.762,-36.599,2.7041,0.55598,0.30378,0,0.33,0.19066,-0.14838
765.41,-825.04,30.556,1.1395,3.2219,0.0060759,6.9106e-05,14.459,-36.623,3.0359,1.7093,0.33766,0,0.33,0.19065,-0.15242
818.97,-857.57,30.823,1.6762,3.1725,0.0071403,0.00015224,25.083,-45.322,4.9874,2.0395,1.753,0,0.33,0.16662,-0.15231
751.54,-795.63,30.828,1.6389,3.0569,0.0067367,0.00012178,21.906,-44.825,4.6048,2.8334,1.5697,0,0.33,0.16662,-0.15632
734.45,-767.33,30.748,1.4661,3.0866,0.0063359,9.2733e-05,17.894,-41.898,4.0426,3.1414,0.47986,0,0.33,0.17456,-0.15622
658.6,-709.58,30.838,1.6066,2.9457,0.0064702,9.8089e-05,18.923,-44.321,2.3388,5.143,1.6804,0,0.33,0.16662,-0.16034
640.87,-678.3,30.765,1.4424,2.9777,0.0061826,7.4607e-05,15.278,-41.557,1.9121,5.9991,0.64509,0,0.33,0.17455,-0.16023
852.63,-886.76,30.817,1.7101,3.2919,0.0078027,0.00019159,28.419,-45.813,3.6277,3.1218,2.1753,0,0.33,0.16663,-0.14832
685.75,-786.48,30.862,2.1398,3.557,0.11768,0.0011143,96.309,-55.315,-0.13916,20.169,13.407,0,0.33,0.15055,-0.1362
88.372,-475.73,30.847,2.3307,3.5061,0.36592,0.0020032,167.12,-59.689,2.4615,33.77,30.457,0,0.33,0.1425,-0.13637
574.21,-732.52,30.786,2.1629,3.6809,0.19145,0.0014343,121.89,-56.187,0.97859,24.166,18.745,0,0.33,0.15054,-0.13218
-370.81,-235.18,30.719,2.3576,3.638,0.5821,0.002515,213.12,-60.847,3.8331,42.43,43.096,0,0.33,0.1425,-0.13237
-637.24,-132.1,30.835,2.4908,3.3389,0.66811,0.0026432,231.72,-62.685,4.7681,49.639,46.847,0,0.33,0.13456,-0.14038
-1376.4,318.14,30.642,2.5197,3.4825,1.0772,0.0033407,298.01,-64.175,6.7274,64.692,66.455,0,0.33,0.13456,-0.13636
434.1,-640.81,30.942,2.3032,3.3776,0.21943,0.001549,129,-58.515,1.2004,25.971,20.746,0,0.33,0.1425,-0.14036
754.29,-821.43,30.92,2.117,3.435,0.070148,0.00084268,76.155,-54.418,-0.86745,15.888,9.3959,0,0.33,0.15055,-0.14022
1304.2,-1482.1,29.98,0.89217,4.3899,0.0081059,0.0001899,42.897,-31.148,-1.8775,13.168,5.8539,0,0.33,0.19862,-0.11643
1427.2,-1608.6,29.891,0.88418,4.5356,0.008943,0.00017488,51.367,-30.604,-1.1103,12.134,5.7702,0,0.33,0.19862,-0.11242
1202.3,-1375.4,30.071,0.90407,4.2494,0.0075315,0.00020653,36.423,-31.643,-2.6036,14.022,5.83,0,0.33,0.19862,-0.12043
1561.7,-1752,29.802,0.87978,4.6872,0.010167,0.00016334,62.465,-30.019,-0.46493,11.611,5.599,0,0.33,0.19862,-0.10843
1693.9,-1901.3,29.71,0.87814,4.8445,0.01198,0.000156,76.958,-29.39,-0.32535,12.055,5.3905,0,0.33,0.19861,-0.10443
51.193,-94.697,30.281,-1.3913,0.22725,0.0054894,8.5134e-05,1.1162,-8.6274,2.6808,1.3951,4.4864,0,0.33,0.44184,-0.031902
61.45,-82.867,30.362,-1.3101,0.43049,0.0054822,8.9051e-05,0.94,-9.939,2.8767,1.9407,3.5621,0,0.33,0.44184,-0.063888
43.951,-64.535,30.472,-1.1794,0.59514,0.0054751,0.00010268,0.76289,-11.635,2.3338,1.5851,2.3932,0,0.33,0.44184,-0.096274
37.215,-58.937,30.569,-0.99765,0.69634,0.0054697,0.0001133,0.63782,-13.243,0.042554,1.7182,0.51182,0,0.33,0.44184,-0.12839
22.161,-34.464,30.686,-0.79852,0.71673,0.005466,0.00014203,0.54589,-14.595,1.9442,0.44535,-0.48183,0,0.33,0.44184,-0.16035
17.297,-19.28,30.729,-0.59386,0.68149,0.0054633,0.00017622,0.49375,-15.529,3.3515,-2.0302,-0.56688,0,0.33,0.44184,-0.19254
1297.8,-1536,28.782,-3.2914,0.28619,0.015255,0.00022574,65.336,14.916,2.505,3.6919,5.1631,0,0.33,0.33456,-0.0079753
1678.1,-1979.3,28.602,-3.5643,0.32608,0.038575,0.00034074,106.88,17.988,2.6036,4.3151,7.7061,0,0.33,0.32663,-0.0079752
1297.9,-1538.6,28.757,-3.2902,0.14438,0.016191,0.00023206,67.157,15.057,3.4945,4.336,5.3434,0,0.33,0.33456,-0.0039907
1679.9,-1989.6,28.574,-3.5653,0.16462,0.041802,0.00035843,109.88,18.155,3.4711,4.6381,8.1814,0,0.33,0.32663,-0.0039907
2182,-2612.1,28.344,-3.8714,0.18805,0.10243,0.00056261,174.18,21.485,3.5632,5.5477,13.56,0,0.33,0.31869,-0.0039907
2188.7,-2598.5,28.378,-3.8681,0.37261,0.093366,0.00052725,169.74,21.29,2.9945,5.7081,12.463,0,0.33,0.31869,-0.0079751
461.33,-626.43,29.354,-2.4494,0.16862,0.0059627,0.00010576,14.383,4.7271,1.6593,3.1578,5.8128,0,0.33,0.36659,-0.0079757
452.5,-619.25,29.332,-2.4458,0.085477,0.0059812,0.00011053,14.702,4.8017,2.8731,3.9307,5.9256,0,0.33,0.36659,-0.0039913
353.17,-502.07,29.48,-2.291,0.14667,0.0057843,6.7074e-05,10.073,2.7059,1.4945,3.1362,6.0169,0,0.33,0.37452,-0.0079757
342.88,-494.17,29.46,-2.2875,0.074404,0.0057951,6.9593e-05,10.286,2.7693,2.8014,3.5364,6.1979,0,0.33,0.37452,-0.0039913
254.66,-391.17,29.58,-2.1483,0.063476,0.0056808,5.1882e-05,7.0837,0.90693,2.6505,2.9978,6.3503,0,0.33,0.38246,-0.0039914
268.51,-403.04,29.599,-2.151,0.12628,0.0056749,5.0509e-05,6.9611,0.85298,1.2365,3.0985,6.1097,0,0.33,0.38246,-0.0079758
1254,-1456.6,28.889,-3.1804,0.83905,0.01491,0.00021796,66.271,13.504,4.5056,6.4011,3.6045,0,0.33,0.33457,-0.023924
1217.1,-1406.6,28.938,-3.1433,0.96824,0.014323,0.00021284,65.397,12.956,5.0782,7.474,3.0831,0,0.33,0.33457,-0.027911
1615.3,-1869.6,28.733,-3.4317,0.95335,0.036168,0.0003114,110.35,16.342,4.389,7.6191,5.4092,0,0.33,0.32664,-0.023924
1569,-1807.5,28.79,-3.3834,1.0985,0.034412,0.00029798,109.76,15.705,4.783,8.9444,4.6876,0,0.33,0.32664,-0.027911
1986.8,-2301.3,28.687,-3.5739,1.4092,0.075748,0.00041268,175.96,17.791,5.0205,11.84,7.0689,0,0.33,0.3187,-0.031898
2054.6,-2388.5,28.61,-3.6464,1.2546,0.08082,0.0004367,177.84,18.625,5.2065,10.729,8.0475,0,0.33,0.3187,-0.027911
1526.8,-1747.5,28.854,-3.326,1.2357,0.031737,0.00028033,107.56,14.988,4.474,9.7526,3.787,0,0.33,0.32664,-0.031898
1184.5,-1363.1,28.991,-3.0982,1.0906,0.013378,0.00020539,63.65,12.338,4.6052,7.8653,2.3962,0,0.33,0.33457,-0.031899
2120.1,-2468.2,28.543,-3.7085,1.0902,0.084265,0.00045735,177.28,19.368,4.905,9.1622,8.9054,0,0.33,0.3187,-0.023923
449.91,-603.98,29.407,-2.386,0.50183,0.0059096,9.2769e-05,13.254,3.949,5.3274,3.9253,5.3334,0,0.33,0.36659,-0.023925
350.35,-492.08,29.526,-2.2325,0.43828,0.0057464,5.9002e-05,9.1304,2.0316,5.3754,3.4344,5.666,0,0.33,0.37453,-0.023925
435.27,-578.76,29.438,-2.3784,0.58332,0.0058829,8.6365e-05,12.618,3.645,7.5823,5.3767,5.1333,0,0.33,0.3666,-0.027913
345.68,-474.22,29.553,-2.2275,0.5113,0.0057282,5.5363e-05,8.6207,1.7674,8.2168,5.0678,5.3748,0,0.33,0.37453,-0.027913
257.05,-369.16,29.693,-2.0948,0.50399,0.0056256,4.56e-05,5.531,-0.2246,8.6584,5.0978,5.1531,0,0.33,0.38247,-0.031901
327.29,-457.53,29.587,-2.2274,0.57996,0.0057085,5.2579e-05,8.0877,1.4662,7.8402,5.2426,5.2225,0,0.33,0.37453,-0.0319
271.5,-385.58,29.662,-2.0897,0.44274,0.0056383,4.5929e-05,5.9093,0.038304,8.1507,4.567,5.453,0,0.33,0.38246,-0.027913
269.43,-399.62,29.638,-2.0951,0.37808,0.00565,4.7252e-05,6.2691,0.26838,4.7795,2.9344,5.8216,0,0.33,0.38246,-0.023925
411.86,-558.72,29.474,-2.3711,0.65955,0.0058534,8.0236e-05,11.936,3.2993,6.8014,5.2298,5.0869,0,0.33,0.3666,-0.0319
1144.4,-1283.8,29.108,-2.981,1.3167,0.010937,0.00018904,57.553,10.918,4.1976,8.643,0.38196,0,0.33,0.33458,-0.039874
1449.2,-1621,28.997,-3.1852,1.4868,0.024772,0.00023966,98.063,13.343,4.2095,10.899,1.5494,0,0.33,0.32664,-0.039873
1165.5,-1327,29.048,-3.0431,1.2067,0.012189,0.00019675,61.022,11.657,4.1105,8.1384,1.4592,0,0.33,0.33458,-0.035886
1491.8,-1689,28.923,-3.2591,1.3652,0.028399,0.00026008,103.64,14.198,4.1791,10.375,2.693,0,0.33,0.32664,-0.035885
1915.9,-2205.3,28.77,-3.4915,1.5535,0.06922,0.00038636,171.22,16.874,4.8185,12.61,5.9839,0,0.33,0.3187,-0.035885
1829.9,-2094,28.859,-3.402,1.6869,0.061501,0.00035859,163.41,15.883,4.7431,12.956,4.9203,0,0.33,0.31871,-0.039873
413.28,-564.62,29.535,-2.3148,0.80116,0.0057956,6.7074e-05,10.611,2.4988,3.5986,3.3491,5.0171,0,0.33,0.3666,-0.039876
411.27,-563.26,29.506,-2.349,0.73216,0.0058254,7.3893e-05,11.311,2.9178,4.3995,4.0021,5.0966,0,0.33,0.3666,-0.035888
340.37,-481.51,29.646,-2.1809,0.70751,0.0056747,4.6923e-05,7.2067,0.77014,3.5865,3.2042,5.2481,0,0.33,0.37454,-0.039876
330.94,-469.52,29.619,-2.2118,0.64552,0.0056915,4.9832e-05,7.6561,1.1352,4.8635,4.0552,5.2372,0,0.33,0.37454,-0.035888
265.13,-387.87,29.723,-2.0857,0.56265,0.0056155,4.4674e-05,5.2674,-0.51088,5.2368,4.1086,5.06,0,0.33,0.38247,-0.035888
962.36,-1055.4,29.382,-2.6943,1.6929,0.0075549,0.0001993,39.084,7.4363,4.9186,7.6724,-2.148,0,0.33,0.33459,-0.056097
909.8,-1009.8,29.447,-2.6133,1.7684,0.0070998,0.00020698,34.224,6.4744,4.2906,6.3923,-2.1196,0,0.33,0.33457,-0.060249
1156.6,-1294.2,29.31,-2.8447,1.8921,0.012103,0.00018518,64.275,9.3589,3.5208,7.759,-0.59323,0,0.33,0.32664,-0.056079
1083.6,-1227.9,29.378,-2.7489,1.9713,0.0099094,0.00018178,54.639,8.2768,2.4183,5.9864,-0.41124,0,0.33,0.3266,-0.060171
1181.4,-1402.1,29.346,-2.7633,2.263,0.013704,0.00018741,71.477,8.8364,-0.35966,2.8763,3.6308,0,0.33,0.31853,-0.064176
1280.7,-1501.5,29.283,-2.8817,2.1943,0.018962,0.00020773,87.892,10.084,0.84632,5.173,3.1636,0,0.33,0.3186,-0.060134
1012.7,-1165.8,29.44,-2.6481,2.0403,0.0083756,0.00018635,45.765,7.1778,1.3681,4.1181,0.096157,0,0.33,0.32655,-0.064175
861.29,-970.84,29.508,-2.5271,1.8346,0.0067439,0.0002005,29.617,5.5001,3.4933,5.0417,-1.8735,0,0.33,0.33454,-0.064335
1377.8,-1599.2,29.211,-2.9954,2.114,0.026113,0.00023617,105.6,11.315,2.4526,7.4692,3.0037,0,0.33,0.31868,-0.056056
344.18,-466.6,29.683,-2.1762,1.0563,0.0056641,4.5575e-05,6.9629,0.49678,6.7845,5.8072,4.2282,0,0.33,0.36654,-0.05608
294.83,-406.73,29.78,-2.0625,0.94597,0.0055993,4.2246e-05,4.8546,-0.98257,7.4845,5.7355,4.5922,0,0.33,0.37449,-0.056059
324.74,-444.64,29.727,-2.1438,1.1122,0.0056383,4.3688e-05,6.1744,-0.065974,6.1621,5.2233,4.1408,0,0.33,0.36641,-0.060234
277.27,-386.25,29.821,-2.0387,1.0001,0.0055842,4.2948e-05,4.3622,-1.4766,7.0079,5.2658,4.5412,0,0.33,0.37441,-0.060159
249.82,-342.5,29.944,-1.9071,0.939,0.0055461,4.5056e-05,3.0847,-3.2391,7.0518,4.4084,3.6881,0,0.33,0.38244,-0.064085
265.23,-379.58,29.859,-2.0088,1.0475,0.0055724,4.3529e-05,3.9954,-1.9876,4.7939,4.2093,4.5291,0,0.33,0.37445,-0.064152
260.56,-346.6,29.907,-1.9284,0.89134,0.0055537,4.4387e-05,3.3248,-2.7929,8.9535,5.295,3.7392,0,0.33,0.38242,-0.060091
313.2,-436.35,29.767,-2.1042,1.1603,0.0056176,4.2655e-05,5.5458,-0.65092,4.3751,4.2202,4.0128,0,0.33,0.36642,-0.064269
734.44,-857.96,29.613,-2.3469,1.938,0.0062491,0.00016712,21.465,3.5105,3.7998,2.6007,-0.65874,0,0.33,0.33456,-0.072425
850.33,-1014.6,29.545,-2.4382,2.147,0.0068409,0.00020476,31.473,4.9184,1.5348,1.2699,1.705,0,0.33,0.32656,-0.072332
801.43,-920.25,29.563,-2.4368,1.8907,0.0064652,0.00018937,25.318,4.5105,3.3013,3.6776,-1.341,0,0.33,0.33455,-0.06839
931.73,-1093.5,29.495,-2.543,2.0985,0.0074134,0.00020059,37.988,6.0533,1.0991,2.3944,0.88883,0,0.33,0.32654,-0.068232
1076.9,-1294.9,29.401,-2.6426,2.3205,0.01027,0.00017873,57.311,7.5693,-0.70103,1.0865,4.2118,0,0.33,0.31848,-0.068267
977.67,-1187.8,29.45,-2.5235,2.3679,0.008305,0.00018342,45.942,6.2988,-0.40652,0.17345,4.6434,0,0.33,0.31847,-0.072345
292.38,-409.89,29.84,-2.0004,1.2398,0.0055854,4.2719e-05,4.5009,-1.8846,2.779,2.9658,3.7799,0,0.33,0.36655,-0.072292
306.76,-431.34,29.805,-2.0543,1.2011,0.0056003,4.2132e-05,5.0032,-1.2595,2.8022,3.3915,3.8726,0,0.33,0.36652,-0.068206
257.46,-373.44,29.925,-1.9161,1.1284,0.0055539,4.4133e-05,3.3907,-3.0756,1.7637,2.7458,4.565,0,0.33,0.37453,-0.072179
264.13,-383.47,29.893,-1.9661,1.0886,0.0055627,4.3566e-05,3.6919,-2.5199,2.3459,3.2399,4.5287,0,0.33,0.37451,-0.068089
258.46,-362.17,29.977,-1.8712,0.98085,0.0055401,4.4473e-05,2.9065,-3.7024,3.9987,3.3451,3.7453,0,0.33,0.38247,-0.068049
536.88,-660.97,29.799,-2.018,2.0552,0.0057815,5.9211e-05,10.884,-0.46547,6.6541,2.1377,1.1817,0,0.33,0.33456,-0.088451
510.13,-632.22,29.846,-1.9414,2.0694,0.0057253,4.8722e-05,9.2505,-1.4467,7.0905,2.2016,1.4411,0,0.33,0.33453,-0.092562
598.63,-756.1,29.734,-2.058,2.2652,0.0059492,9.3856e-05,15.211,0.47203,4.7597,1.6946,3.7539,0,0.33,0.32657,-0.088474
551.73,-704.25,29.783,-1.9729,2.2794,0.00585,7.1137e-05,12.69,-0.6147,5.5211,1.716,4.0992,0,0.33,0.32654,-0.092619
511.37,-684.22,29.75,-1.9139,2.4853,0.0059243,8.7948e-05,14.357,-1.0034,2.6546,1.3493,5.8714,0,0.33,0.31853,-0.096588
575.72,-753.52,29.7,-2.0023,2.4827,0.0060508,0.00011828,17.425,0.16377,2.5141,1.3291,5.7153,0,0.33,0.3185,-0.092494
506.98,-654.61,29.832,-1.8918,2.2883,0.0057723,5.5286e-05,10.528,-1.6798,6.1247,1.7195,4.4019,0,0.33,0.32653,-0.096723
486,-604.08,29.892,-1.8665,2.0789,0.0056815,4.23e-05,7.8779,-2.4088,7.5877,2.291,1.6543,0,0.33,0.3345,-0.09667
645.4,-829.29,29.649,-2.0954,2.4729,0.0062122,0.00015942,20.994,1.3584,2.0934,1.3039,5.5128,0,0.33,0.31852,-0.088407
191.03,-282.73,29.986,-1.8232,1.3662,0.0055436,5.0506e-05,2.9802,-4.4094,3.7884,3.3732,3.7198,0,0.33,0.36652,-0.088593
169.94,-253.11,30.06,-1.7594,1.2728,0.0055253,5.2737e-05,2.3321,-5.348,3.805,3.3067,4.3694,0,0.33,0.37448,-0.088575
181.53,-275.62,30.021,-1.7807,1.3866,0.0055373,5.1518e-05,2.7676,-5.0395,1.671,2.9392,3.6325,0,0.33,0.36652,-0.092587
148.93,-232.99,30.092,-1.7261,1.3001,0.0055205,5.5247e-05,2.1716,-5.917,1.6998,2.3456,4.1443,0,0.33,0.37448,-0.092598
157.12,-222.04,30.179,-1.6172,1.2401,0.0055064,5.5706e-05,1.7455,-7.2156,4.5575,-0.050045,3.3135,0,0.33,0.38244,-0.096698
133.82,-218.78,30.119,-1.6846,1.3216,0.0055166,5.7186e-05,2.0461,-6.4842,-1.2094,1.3417,3.6439,0,0.33,0.37448,-0.096622
175.83,-234.94,30.157,-1.6481,1.2112,0.0055096,5.3556e-05,1.843,-6.7067,7.0594,1.4576,3.4699,0,0.33,0.38246,-0.092599
181.33,-275.96,30.054,-1.7301,1.4019,0.005532,5.1766e-05,2.5972,-5.666,-0.72138,2.6079,3.3088,0,0.33,0.36652,-0.096579
420.44,-521.28,29.982,-1.7306,2.0878,0.0056187,3.8302e-05,5.7342,-4.2388,9.5703,2.6004,1.925,0,0.33,0.33452,-0.10462
416.24,-552.36,29.925,-1.7465,2.2936,0.0056655,4.0634e-05,7.1953,-3.7005,7.1991,2.0492,4.9551,0,0.33,0.32654,-0.10473
455.16,-566.31,29.938,-1.7956,2.0847,0.0056467,3.9125e-05,6.7129,-3.3391,8.4633,2.4021,1.8189,0,0.33,0.3345,-0.10068
459.68,-601.82,29.879,-1.8161,2.2928,0.0057119,4.5546e-05,8.6975,-2.7084,6.7916,1.7799,4.7071,0,0.33,0.32653,-0.10074
453.16,-620.06,29.8,-1.831,2.4825,0.0058266,6.6814e-05,11.783,-2.1318,2.6093,1.5195,5.974,0,0.33,0.31855,-0.10064
408.56,-569.42,29.849,-1.7529,2.4744,0.0057524,5.3225e-05,9.6771,-3.2251,2.0002,2.04,5.9356,0,0.33,0.31857,-0.10466
164.01,-246.36,30.118,-1.6163,1.4213,0.0055225,5.5175e-05,2.2581,-6.8955,-1.0919,2.7943,2.4759,0,0.33,0.3665,-0.10454
178.42,-268.6,30.086,-1.6729,1.413,0.0055272,5.2625e-05,2.4328,-6.2844,-1.8256,2.5503,2.8551,0,0.33,0.36652,-0.10056
108.43,-177.42,30.165,-1.5834,1.3484,0.0055093,6.3638e-05,1.7942,-7.5986,-3.168,1.133,2.0447,0,0.33,0.37448,-0.10461
122.65,-202.27,30.142,-1.6347,1.3371,0.005513,5.9431e-05,1.9257,-7.0446,-3.169,0.82548,2.9073,0,0.33,0.37448,-0.10062
150.29,-217.03,30.194,-1.5772,1.2621,0.0055035,5.7093e-05,1.656,-7.7197,2.0857,-1.0984,3.1449,0,0.33,0.38244,-0.10071
410.5,-518.46,30.185,-1.4759,2.0697,0.0055524,3.7242e-05,3.421,-7.77,5.361,4.932,1.6107,0,0.33,0.33444,-0.12126
407.82,-520.27,30.236,-1.4011,2.0544,0.0055432,3.7276e-05,3.1035,-8.5641,3.6229,4.2612,2.0968,0,0.33,0.33442,-0.12532
368.57,-508.94,30.128,-1.4632,2.2512,0.0055658,3.7847e-05,3.8398,-7.5174,0.88556,3.882,4.8323,0,0.33,0.3265,-0.12121
347.14,-481.44,30.178,-1.3847,2.2293,0.0055532,3.8955e-05,3.3851,-8.3802,-0.46304,3.1254,4.9455,0,0.33,0.32649,-0.12528
258.9,-378.72,30.177,-1.2742,2.3153,0.0055652,4.3572e-05,3.6331,-9.1924,-6.1087,3.5507,2.9875,0,0.33,0.31851,-0.12927
300.62,-436.2,30.127,-1.3509,2.3502,0.0055804,4.0684e-05,4.1922,-8.3114,-6.1494,4.3782,3.6487,0,0.33,0.31852,-0.12517
304.44,-428.63,30.221,-1.3087,2.2058,0.0055422,4.1379e-05,2.9724,-9.2038,-0.59339,1.8842,5.0156,0,0.33,0.32649,-0.12931
374.38,-486.62,30.281,-1.3257,2.0372,0.0055347,3.8587e-05,2.7869,-9.3237,3.2561,2.7813,2.803,0,0.33,0.33442,-0.12932
330.82,-479.96,30.072,-1.4323,2.384,0.0055988,3.9169e-05,4.8405,-7.3813,-5.2482,4.78,4.2055,0,0.33,0.31854,-0.12104
129.07,-203.99,30.27,-1.4497,1.4288,0.0055067,6.0131e-05,1.7263,-9.2967,1.429,5.564,3.0391,0,0.33,0.36623,-0.12123
77.759,-103.97,30.291,-1.4438,1.3662,0.0054972,8.2737e-05,1.3829,-9.7503,-2.8844,4.7916,-1.168,0,0.33,0.37435,-0.12087
163.98,-248.5,30.315,-1.3997,1.4207,0.0055049,5.4208e-05,1.7086,-9.8551,-2.3795,6.1245,3.0031,0,0.33,0.36618,-0.1253
85.652,-113.22,30.33,-1.4025,1.3615,0.0054958,7.4806e-05,1.3712,-10.261,-7.7597,5.7951,-2.3593,0,0.33,0.37426,-0.12504
86.277,-100.86,30.336,-1.338,1.3479,0.0054867,7.1626e-05,1.1344,-11.062,-9.3658,3.4013,-3.2135,0,0.33,0.38247,-0.12852
87.986,-116.17,30.373,-1.3422,1.3518,0.0054948,6.6716e-05,1.3665,-10.76,-12.663,6.2853,-3.1927,0,0.33,0.37422,-0.12912
81.928,-98.824,30.309,-1.3865,1.3452,0.0054878,7.9239e-05,1.1446,-10.609,-3.3083,2.0774,-1.5579,0,0.33,0.38245,-0.12455
192.36,-280.29,30.359,-1.3335,1.4084,0.0055033,5.0212e-05,1.6831,-10.397,-5.4174,5.6902,3.2451,0,0.33,0.36617,-0.12932
787.27,-934.07,30.176,-0.033532,3.4971,0.0058675,4.6213e-05,11.589,-20.12,3.086,3.4748,2.9213,0,0.33,0.23863,-0.13664
874.89,-1026.1,30.118,-0.074461,3.6078,0.0059553,5.636e-05,13.715,-19.269,2.8893,5.2502,2.6906,0,0.33,0.23863,-0.13265
731.32,-881.04,30.136,-0.20833,3.3914,0.0058239,4.3283e-05,10.695,-18.217,1.5708,4.1201,3.0006,0,0.33,0.24657,-0.13666
802.07,-959.74,30.075,-0.25498,3.4949,0.005902,5.2307e-05,12.694,-17.31,1.5098,5.5568,3.0606,0,0.33,0.24657,-0.13266
706.69,-918.69,29.999,-0.48009,3.482,0.00593,5.9464e-05,13.558,-14.59,0.56629,6.2984,7.5197,0,0.33,0.25457,-0.12868
644.89,-839.97,30.066,-0.42527,3.3869,0.0058446,4.8221e-05,11.38,-15.606,0.79471,4.804,6.9082,0,0.33,0.25457,-0.13267
882.53,-1050.1,30.005,-0.30657,3.5993,0.0059997,6.5368e-05,15.038,-16.333,1.2423,7.1753,3.2173,0,0.33,0.24657,-0.12867
594.36,-773.38,30.124,-0.37547,3.292,0.0057764,4.0943e-05,9.5329,-16.553,0.68177,3.4786,6.2305,0,0.33,0.25457,-0.13666
970.61,-1129.2,30.05,-0.12018,3.7202,0.0060648,7.0738e-05,16.194,-18.35,2.5202,7.265,2.6387,0,0.33,0.23863,-0.12866
568.96,-705.42,30.359,0.11575,3.0793,0.005649,3.2927e-05,5.5345,-22.926,0.43384,5.3696,4.1,0,0.33,0.23863,-0.15262
552.05,-682.87,30.336,-0.036238,2.9954,0.0056316,3.3243e-05,5.1549,-21.237,-1.6278,5.8747,2.8189,0,0.33,0.24657,-0.15263
535.82,-669.39,30.412,0.15654,2.9828,0.005618,3.3245e-05,4.6109,-23.504,-0.2667,7.3331,4.1191,0,0.33,0.23862,-0.15664
519.14,-647.18,30.393,0.009879,2.9026,0.0056044,3.3704e-05,4.3209,-21.869,-2.4104,7.5528,2.7095,0,0.33,0.24658,-0.15667
419,-534.85,30.432,-0.083607,2.7561,0.0055693,3.6611e-05,3.3081,-21.024,-5.755,8.1294,1.7872,0,0.33,0.25459,-0.1607
483.77,-609.14,30.454,0.056143,2.8118,0.0055839,3.4438e-05,3.684,-22.455,-2.6825,8.7897,2.6023,0,0.33,0.2466,-0.16076
450.15,-574.17,30.373,-0.13507,2.8398,0.0055865,3.5645e-05,3.8524,-20.401,-5.1491,6.9599,2.3771,0,0.33,0.25457,-0.15665
476.88,-608.47,30.318,-0.1864,2.9258,0.0056096,3.5027e-05,4.5727,-19.73,-3.9826,5.3042,3.0679,0,0.33,0.25457,-0.15263
428.57,-574.94,30.175,-0.649,3.0832,0.0056779,3.8528e-05,6.9356,-13.994,-1.2324,0.052031,4.9474,0,0.33,0.27064,-0.13677
473.91,-652.01,30.152,-0.5234,3.1867,0.0057206,3.8919e-05,8.0809,-15.145,-0.010669,1.5609,7.3779,0,0.33,0.26267,-0.13665
482.79,-645.66,30.131,-0.7075,3.1601,0.0057261,4.0515e-05,8.4274,-13,-1.0516,1.7268,5.2911,0,0.33,0.27064,-0.13273
521.85,-720.11,30.101,-0.57641,3.2719,0.005778,4.3374e-05,9.7559,-14.165,0.20024,3.0713,8.2789,0,0.33,0.26267,-0.13266
583.16,-802.98,30.04,-0.63433,3.3576,0.00585,5.157e-05,11.752,-13.122,-0.08807,4.7964,9.0174,0,0.33,0.26267,-0.12866
551.86,-733.65,30.076,-0.77081,3.2375,0.0057867,4.5802e-05,10.233,-11.947,-1.2578,3.6845,5.5389,0,0.33,0.27064,-0.1287
367.66,-506.28,30.226,-1.0095,2.4331,0.0055797,3.7935e-05,4.0998,-11.281,5.6938,4.0268,5.4318,0,0.33,0.30241,-0.13732
413,-561.21,30.173,-1.0683,2.4822,0.0056002,3.6334e-05,4.8184,-10.396,4.4013,4.9217,5.3509,0,0.33,0.30241,-0.13333
253.34,-366.84,30.261,-1.0833,2.3046,0.0055642,4.5086e-05,3.514,-11.007,-2.156,3.9663,2.3834,0,0.33,0.31039,-0.13732
288.65,-415.4,30.211,-1.1427,2.3506,0.0055801,4.2349e-05,4.0775,-10.163,-3.2932,4.7509,2.9038,0,0.33,0.31038,-0.13333
215.06,-318.74,30.222,-1.2055,2.2798,0.0055521,4.7577e-05,3.1525,-10.033,-5.4473,2.6322,2.2007,0,0.33,0.3185,-0.1333
329.98,-471.79,30.157,-1.2108,2.396,0.0055992,3.982e-05,4.762,-9.2748,-4.4477,5.5903,3.4219,0,0.33,0.31038,-0.12933
178.01,-266.22,30.261,-1.1461,2.2438,0.0055408,5.22e-05,2.7487,-10.834,-4.7277,1.8707,1.3061,0,0.33,0.31851,-0.13729
464.28,-624.17,30.115,-1.1347,2.5306,0.0056256,3.5097e-05,5.7123,-9.4627,2.9454,5.8404,5.3168,0,0.33,0.3024,-0.12934
357.12,-470.32,30.311,-0.42178,2.7846,0.0055608,3.929e-05,3.2498,-17.345,-5.5454,2.1852,2.9081,0,0.33,0.27054,-0.15314
349.92,-459.64,30.354,-0.36094,2.7137,0.0055452,3.9429e-05,2.7556,-18.051,-6.2083,4.185,2.4737,0,0.33,0.27053,-0.15718
392.79,-514.43,30.313,-0.31455,2.8577,0.0055813,3.771e-05,3.7919,-18.451,-5.5742,3.4834,3.1129,0,0.33,0.26264,-0.15275
376.67,-489.98,30.361,-0.25703,2.7803,0.0055626,3.823e-05,3.2011,-19.146,-6.7306,5.3494,2.2286,0,0.33,0.26261,-0.15685
354.08,-458.39,30.415,-0.19969,2.7049,0.0055489,3.9192e-05,2.7662,-19.787,-7.1448,6.6394,1.5108,0,0.33,0.26258,-0.16099
335.45,-440.93,30.403,-0.30081,2.6443,0.005534,4.004e-05,2.3991,-18.708,-6.0953,5.5549,2.15,0,0.33,0.27051,-0.16122
341.53,-471.14,30.399,-0.80663,2.2234,0.005528,3.915e-05,2.4066,-14.372,3.5566,3.4546,5.3527,0,0.33,0.30241,-0.15328
226.65,-310.59,30.424,-0.88566,2.1095,0.0055217,4.7965e-05,2.1462,-13.975,-5.3914,3.6825,0.11275,0,0.33,0.31041,-0.15328
359.63,-489.49,30.441,-0.74712,2.168,0.0055205,3.8379e-05,2.1713,-15.041,1.453,4.3439,5.2106,0,0.33,0.30241,-0.15727
234.19,-314.03,30.466,-0.8267,2.0585,0.0055152,4.6734e-05,1.9505,-14.622,-8.0596,4.7545,-0.28818,0,0.33,0.31041,-0.15727
137.34,-159.81,30.467,-0.82757,2.005,0.0055007,5.5787e-05,1.4988,-14.875,-16.208,5.0347,-4.414,0,0.33,0.31852,-0.16123
230.19,-304.64,30.51,-0.76095,2.0075,0.0055103,4.6479e-05,1.797,-15.234,-9.9533,5.5565,-0.45593,0,0.33,0.31041,-0.16126
143.09,-176.02,30.426,-0.89437,2.0469,0.0055042,5.6606e-05,1.6074,-14.287,-13.697,3.9079,-3.7733,0,0.33,0.31851,-0.15724
141.11,-183.62,30.39,-0.95321,2.0885,0.005509,5.8944e-05,1.7485,-13.666,-10.289,2.4193,-2.8755,0,0.33,0.31851,-0.15325
359.62,-486.93,30.486,-0.68216,2.1126,0.0055147,3.8377e-05,1.9835,-15.672,0.11864,5.0085,5.1807,0,0.33,0.30241,-0.16126
255.91,-350.59,30.345,-1.1935,2.003,0.0055187,4.4921e-05,2.1717,-10.76,5.8687,-0.26138,4.0547,0,0.33,0.33443,-0.1373
199.04,-293.56,30.286,-1.1796,2.1582,0.0055236,4.9948e-05,2.2741,-10.747,1.2189,-0.36238,4.5753,0,0.33,0.32649,-0.1373
317.54,-422.97,30.317,-1.2552,2.0199,0.0055265,4.128e-05,2.4685,-10.056,4.2461,1.0749,3.4919,0,0.33,0.33442,-0.13331
250.52,-360.56,30.256,-1.2396,2.182,0.0055324,4.5175e-05,2.5992,-9.9925,0.19317,0.6059,4.8992,0,0.33,0.32648,-0.1333
158.82,-239.76,30.43,-1.1925,1.3804,0.0054981,5.5078e-05,1.4938,-11.441,-3.3475,2.5717,4.3186,0,0.33,0.36617,-0.13731
188.34,-274.2,30.399,-1.2601,1.3942,0.005501,5.0787e-05,1.6093,-10.927,-5.5814,4.1108,3.8001,0,0.33,0.36617,-0.13332
55.684,-82.541,30.448,-1.1983,1.3255,0.0054915,7.2948e-05,1.2511,-11.714,-13.551,3.9906,-3.2193,0,0.33,0.37421,-0.13713
76.578,-103.98,30.414,-1.2691,1.3388,0.0054935,6.5697e-05,1.3288,-11.246,-14.721,5.4501,-3.3939,0,0.33,0.3742,-0.13316
85.946,-96.122,30.368,-1.2714,1.3442,0.0054856,6.7955e-05,1.1118,-11.501,-13.428,3.891,-4.3013,0,0.33,0.38248,-0.1325
168.63,-248.82,30.418,-1.0153,1.9327,0.0054956,5.2514e-05,1.4118,-13.279,5.3449,-1.1084,4.7097,0,0.33,0.33443,-0.15326
205.57,-293.16,30.438,-0.96377,1.9102,0.0054921,4.9139e-05,1.3253,-13.834,2.1152,0.59284,4.3042,0,0.33,0.33443,-0.15725
142.04,-200.7,30.374,-0.994,2.0559,0.0054986,5.8501e-05,1.4731,-13.426,-3.2401,0.13104,1.6561,0,0.33,0.32649,-0.15326
162.6,-217.44,30.4,-0.93714,2.0261,0.0054949,5.5286e-05,1.3739,-14.015,-6.8434,1.8418,0.69122,0,0.33,0.32649,-0.15725
174.42,-222.82,30.433,-0.87073,1.9947,0.0054922,5.3541e-05,1.2979,-14.574,-9.536,3.2066,-0.068921,0,0.33,0.32649,-0.16123
235.25,-326.22,30.465,-0.90144,1.8851,0.0054896,4.6652e-05,1.2606,-14.362,-0.54952,2.095,4.0068,0,0.33,0.33443,-0.16124
69.282,-123.68,30.541,-1.0326,1.3325,0.0054862,7.5505e-05,1.0852,-13.292,5.8032,2.9176,4.8636,0,0.33,0.36624,-0.15317
19.945,-43.806,30.56,-1.0356,1.276,0.0054827,0.00010891,0.95266,-13.402,-4.238,3.2234,-2.9219,0,0.33,0.37446,-0.15264
90.983,-151.43,30.567,-1.0052,1.3187,0.0054842,7.0602e-05,1.0429,-13.71,3.7985,3.0277,4.6733,0,0.33,0.36622,-0.15719
19.362,-45.066,30.585,-1.0126,1.2609,0.0054808,0.00010386,0.91325,-13.792,-6.0941,3.4207,-3.1627,0,0.33,0.3744,-0.15676
-13.826,1.0352,30.55,-0.98692,1.2905,0.0054748,0.0001102,0.77061,-14.184,-12.639,4.0721,-6.696,0,0.33,0.38249,-0.16045
16.242,-50.249,30.614,-0.97566,1.2438,0.0054795,8.9599e-05,0.89582,-14.17,-10.474,4.6407,-3.3251,0,0.33,0.37429,-0.16097
5.4892,-14.033,30.524,-1.0191,1.3015,0.0054758,0.00012539,0.78715,-13.834,-7.7465,2.7734,-6.1327,0,0.33,0.38253,-0.15633
134.57,-203.67,30.595,-0.96327,1.3027,0.0054829,6.0935e-05,1.0308,-14.113,-0.14661,3.775,4.5678,0,0.33,0.36619,-0.16122
444.76,-565.24,30.517,0.099831,2.7225,0.0055685,3.5578e-05,3.2097,-22.987,-2.2566,9.1586,2.4934,0,0.33,0.24662,-0.16492
383.29,-490.06,30.493,-0.035042,2.6745,0.0055564,3.8118e-05,2.9071,-21.6,-5.5366,8.4132,1.2833,0,0.33,0.25462,-0.16477
346.14,-444.11,30.551,0.0066214,2.595,0.0055464,4.0192e-05,2.6072,-22.127,-4.4167,7.6988,0.85111,0,0.33,0.25464,-0.16884
285.47,-377.89,30.501,-0.19694,2.5093,0.0055192,4.339e-05,1.9445,-19.877,-2.9697,5.5949,1.8337,0,0.33,0.27052,-0.16922
294.71,-378.89,30.521,-0.10013,2.561,0.0055309,4.3153e-05,2.2146,-20.927,-5.0784,6.3871,0.5313,0,0.33,0.26256,-0.16913
313.28,-412.57,30.453,-0.24485,2.5763,0.0055257,4.1376e-05,2.1411,-19.315,-5.0012,5.9945,1.9399,0,0.33,0.27051,-0.16523
325.91,-419.91,30.469,-0.14607,2.6318,0.0055388,4.0834e-05,2.4513,-20.379,-6.583,6.9842,0.95015,0,0.33,0.26256,-0.1651
284.06,-396.62,30.574,-0.55714,2.0049,0.005506,4.2345e-05,1.6761,-16.831,1.9092,4.7541,5.4256,0,0.33,0.30241,-0.16923
333.12,-454.52,30.531,-0.61668,2.0581,0.0055101,3.9645e-05,1.8232,-16.269,0.24638,5.1358,5.2671,0,0.33,0.30241,-0.16525
183.79,-244.88,30.598,-0.63137,1.9074,0.0055033,5.1133e-05,1.5561,-16.358,-8.9935,5.2706,-0.32018,0,0.33,0.31041,-0.16923
211.99,-279.61,30.555,-0.69354,1.9571,0.0055066,4.7934e-05,1.67,-15.812,-10.3,5.6987,-0.43444,0,0.33,0.31041,-0.16524
124.68,-137.26,30.509,-0.75843,1.9633,0.005498,5.7675e-05,1.4111,-15.432,-16.986,5.3288,-4.8259,0,0.33,0.31851,-0.16522
108.93,-116.13,30.55,-0.69447,1.922,0.0054958,6.226e-05,1.3341,-15.958,-15.95,4.8849,-5.0915,0,0.33,0.31851,-0.16921
219.77,-299.53,30.64,-0.10026,2.2413,0.0054996,4.8737e-05,1.4115,-21.724,2.6225,3.006,1.779,0,0.33,0.27053,-0.18518
228.15,-305.33,30.671,-0.07866,2.1742,0.0054956,4.8214e-05,1.2981,-22.093,1.3579,4.7488,1.6891,0,0.33,0.27055,-0.18916
201.68,-262.19,30.662,-0.010104,2.2923,0.0055067,5.2701e-05,1.5616,-22.694,-0.86146,2.7942,-0.21194,0,0.33,0.26254,-0.18518
188.23,-243.7,30.691,0.0066654,2.2302,0.0055014,5.4254e-05,1.414,-23.033,-2.2248,4.3951,-0.24868,0,0.33,0.26254,-0.18916
232.82,-302.52,30.732,0.087803,2.2168,0.0055105,5.0158e-05,1.6328,-24.091,-4.8001,4.2845,-0.91213,0,0.33,0.25458,-0.18915
208.2,-284.37,30.767,0.10636,2.1491,0.0055052,5.1293e-05,1.4777,-24.385,-8.4334,6.4191,-1.1787,0,0.33,0.25453,-0.19315
171.78,-222.19,30.727,0.028962,2.174,0.0054972,5.5866e-05,1.2865,-23.347,-3.6118,6.5357,-0.17178,0,0.33,0.26251,-0.19316
130.58,-208.53,30.686,-0.43064,1.8047,0.005492,5.5532e-05,1.2216,-18.737,8.7757,-0.052637,5.4975,0,0.33,0.30241,-0.18519
113,-157.23,30.71,-0.50137,1.7105,0.0054916,6.3148e-05,1.2062,-18.22,-2.1622,-0.35815,-0.50645,0,0.33,0.3104,-0.18519
164.59,-245.85,30.703,-0.40475,1.7568,0.0054886,5.2442e-05,1.1357,-19.129,6.6702,1.2615,4.8972,0,0.33,0.3024,-0.18918
125.17,-166.87,30.723,-0.47797,1.6587,0.0054884,6.0317e-05,1.1259,-18.61,-5.097,0.74122,-0.9384,0,0.33,0.31037,-0.18918
34.079,-11.047,30.683,-0.507,1.675,0.0054812,8.153e-05,0.93387,-18.5,-19.861,3.3801,-6.4665,0,0.33,0.31829,-0.19318
144.16,-162.93,30.745,-0.43933,1.6058,0.0054856,5.663e-05,1.0495,-18.97,-9.4238,3.6531,-1.3773,0,0.33,0.31034,-0.19318
65.36,-55.684,30.663,-0.54398,1.7154,0.0054838,8.3277e-05,1.007,-18.147,-14.022,0.57119,-6.2217,0,0.33,0.31835,-0.18918
78.475,-81.24,30.65,-0.56525,1.757,0.0054867,8.2662e-05,1.0827,-17.762,-10.114,-0.67658,-5.9927,0,0.33,0.31845,-0.18518
204.01,-286.34,30.526,-0.76947,1.8303,0.0054857,4.9829e-05,1.1286,-15.348,-0.15792,2.531,3.8395,0,0.33,0.33443,-0.16922
146.41,-181.43,30.503,-0.73555,1.9298,0.0054883,5.9227e-05,1.1664,-15.61,-9.108,3.4144,-1.0072,0,0.33,0.32649,-0.16921
234.83,-323.73,30.496,-0.83374,1.8582,0.0054876,4.6797e-05,1.1983,-14.867,-1.366,2.6703,3.8798,0,0.33,0.33443,-0.16523
168.18,-209.04,30.469,-0.80076,1.9625,0.0054902,5.4808e-05,1.2314,-15.106,-10.308,3.687,-0.61282,0,0.33,0.32649,-0.16522
166.82,-239.82,30.656,-0.83869,1.2649,0.0054813,5.4368e-05,1.0021,-14.868,-3.2924,3.6567,5.2026,0,0.33,0.36617,-0.16924
167.69,-240.98,30.626,-0.90429,1.2843,0.0054821,5.4707e-05,1.0248,-14.499,-3.1044,4.107,4.7905,0,0.33,0.36617,-0.16524
8.4355,-46.123,30.683,-0.85297,1.2032,0.0054784,7.6771e-05,0.87901,-14.87,-15.507,5.2117,-2.8115,0,0.33,0.37417,-0.16916
11.885,-51.501,30.648,-0.91909,1.2241,0.0054788,7.8191e-05,0.89015,-14.53,-14.377,5.5011,-3.1975,0,0.33,0.3742,-0.16511
-34.22,19.009,30.582,-0.93478,1.2767,0.0054742,9.4453e-05,0.76577,-14.521,-17.382,5.173,-7.1923,0,0.33,0.38243,-0.16462
77.899,-134.22,30.607,-0.6314,1.7107,0.0054785,6.9117e-05,0.89198,-17.025,6.6667,-0.53898,3.8436,0,0.33,0.33435,-0.18519
118.75,-183.02,30.62,-0.60397,1.6769,0.0054769,6.1914e-05,0.86253,-17.382,3.8198,0.98482,3.4396,0,0.33,0.33422,-0.1892
70.729,-93.351,30.59,-0.59763,1.7984,0.0054807,8.3602e-05,0.93817,-17.351,-2.7256,-0.65486,-1.5513,0,0.33,0.32642,-0.18518
77.258,-95.506,30.603,-0.57172,1.7676,0.0054785,8.1985e-05,0.88286,-17.721,-5.5935,0.79801,-1.6334,0,0.33,0.32629,-0.18919
71.937,-88.962,30.624,-0.53271,1.7384,0.0054767,7.9247e-05,0.83039,-18.057,-8.917,3.2048,-1.6417,0,0.33,0.32622,-0.19319
19.212,-39.863,30.731,-0.68979,1.1982,0.0054763,9.3557e-05,0.8059,-16.167,11.362,-2.2553,6.614,0,0.33,0.36616,-0.1852
31.239,-37.135,30.767,-0.69624,1.1183,0.0054757,0.00010265,0.78907,-16.062,-0.88347,-2.0998,-1.7066,0,0.33,0.37411,-0.18519
36.922,-57.018,30.728,-0.68439,1.1838,0.0054749,8.7358e-05,0.77797,-16.446,11.035,-3.2886,6.2015,0,0.33,0.36616,-0.18919
42.473,-45.617,30.761,-0.696,1.0945,0.0054744,9.6001e-05,0.76819,-16.325,-0.5321,-3.6301,-1.9214,0,0.33,0.3741,-0.18919
54.186,-52.756,30.755,-0.68508,1.0679,0.0054729,8.7325e-05,0.73976,-16.567,-5.5815,-1.1938,-2.255,0,0.33,0.37409,-0.19318
31.87,-18.893,30.69,-0.72206,1.1709,0.0054712,0.00012513,0.69629,-16.205,-8.5206,-3.2492,-7.8529,0,0.33,0.38205,-0.18917
3836.1,-4880.1,27.707,-4.6019,0.50586,0.35019,0.00097288,353.47,28.618,7.3455,13.409,28.397,0,0.33,0.30249,-0.0079759
3802.5,-4836.6,27.638,-4.6027,0.25395,0.38965,0.0010609,360.41,28.888,6.0775,11.47,31.696,0,0.33,0.30249,-0.0039937
2892.3,-3517.6,28.088,-4.2088,0.43003,0.19382,0.00074473,253.07,24.826,4.3669,8.5486,19.738,0,0.33,0.31069,-0.0079752
2862.8,-3516.2,28.041,-4.2129,0.21658,0.21463,0.00080451,259.08,25.055,4.2323,7.6663,21.823,0,0.33,0.31069,-0.0039913
3913.6,-4713.9,27.981,-4.3704,1.4891,0.31285,0.00080855,379.82,25.962,6.5879,12.107,22.652,0,0.33,0.30249,-0.023923
2844.9,-3383.6,28.3,-4.0174,1.2635,0.17218,0.00062596,267.86,22.574,6.1714,10.878,14.627,0,0.33,0.3107,-0.023923
3729.1,-4519.8,28.073,-4.2631,1.7052,0.30928,0.0007855,386.05,24.939,5.5717,13.605,22.565,0,0.33,0.30249,-0.02791
2734.7,-3267.7,28.38,-3.937,1.4517,0.16764,0.0006019,270.83,21.704,6.1415,12.514,13.895,0,0.33,0.3107,-0.02791
2608.6,-3126.9,28.47,-3.8437,1.6265,0.1604,0.00057611,270.19,20.73,5.7746,13.76,13.133,0,0.33,0.3107,-0.031897
3507.5,-4280,28.175,-4.1391,1.9019,0.30086,0.00076139,386.95,23.795,4.5619,14.989,22.439,0,0.33,0.30249,-0.031897
13168,-17004,25.408,-6.9218,1.0309,1.3977,0.0018193,765.74,43.302,14.573,33.595,51.513,0,0.33,0.27064,-0.0079759
19359,-21755,24.662,-7.7483,1.1911,1.7385,0.0020339,852.69,45.79,3.7902,27.591,56.134,0,0.33,0.2627,-0.0079759
13194,-17271,25.216,-6.8978,0.52262,1.5302,0.0019992,762.85,43.893,17.508,33.955,53.126,0,0.33,0.27064,-0.0039946
19475,-22565,24.474,-7.7461,0.60846,1.8789,0.0022177,845.22,46.521,14.305,33.848,54.217,0,0.33,0.26269,-0.0039944
27088,-28143,23.678,-8.7213,0.68932,2.2446,0.0024388,918.81,48.142,5.6652,28.026,55.109,0,0.33,0.25468,-0.0039932
24358,-26548,23.829,-8.6762,1.3394,2.1146,0.0022669,931.01,47.25,-15.708,13.362,61.214,0,0.33,0.25468,-0.0079755
10527,-13560,25.64,-6.0765,2.7731,1.4601,0.0017086,850.21,38.079,-44.672,-5.1176,75.115,0,0.33,0.27064,-0.023922
11974,-12582,25.71,-5.7047,3.0943,1.4807,0.0017195,856.82,36.222,-47.68,4.5708,79.365,0,0.33,0.27064,-0.027909
9369.1,-16270,24.705,-6.539,3.1175,1.9111,0.0020165,943.9,39.692,-73.831,-12.273,91.648,0,0.33,0.2627,-0.023922
13973,-15067,24.767,-6.0638,3.4672,1.9356,0.0020371,946.48,37.602,-74.655,4.3426,96.045,0,0.33,0.2627,-0.027909
18419,-16019,23.843,-5.836,4.1398,2.4474,0.0024149,1010.1,35.459,-99.031,33.484,112.49,0,0.33,0.25469,-0.031895
15987,-17291,23.667,-6.4176,3.8128,2.482,0.0024153,1024.3,37.907,-106.97,7.0835,111.97,0,0.33,0.25469,-0.027909
15535,-13953,24.913,-5.5851,3.7675,1.9084,0.0020338,934.7,35.368,-69.823,23.362,96.844,0,0.33,0.2627,-0.031895
12449,-11642,25.836,-5.3194,3.3696,1.4631,0.0017139,849.45,34.216,-45.791,17.011,80.732,0,0.33,0.27064,-0.031896
8261.6,-18705,23.607,-7.0075,3.4335,2.4513,0.0023832,1025.2,40.224,-108.94,-18.035,107.45,0,0.33,0.25469,-0.023922
2972.1,-3698,28.407,-3.8588,2.2332,0.26227,0.00069887,366.52,21.208,3.5982,16.313,21.458,0,0.33,0.3025,-0.039871
3253.2,-4003.3,28.287,-4.0028,2.078,0.28554,0.00073337,380.79,22.546,3.8887,16.007,22.093,0,0.33,0.3025,-0.035884
2305.5,-2774.7,28.673,-3.6277,1.9318,0.13583,0.00051599,254.36,18.512,5.1804,14.692,11.443,0,0.33,0.31071,-0.039872
2467.1,-2962.7,28.569,-3.7396,1.7868,0.1499,0.00054789,264.93,19.662,5.4244,14.554,12.299,0,0.33,0.3107,-0.035885
2010.5,-2518.6,28.87,-3.2548,2.6673,0.11746,0.00048037,236.29,15.178,1.4885,9.2538,15.906,0,0.33,0.3025,-0.056098
1654,-1998.1,29.069,-3.1349,2.3696,0.057875,0.00033851,163.67,13.272,1.922,7.4544,8.6753,0,0.33,0.31066,-0.056083
1841,-2283.2,28.967,-3.0977,2.735,0.083225,0.00041131,194.79,13.565,0.26501,6.5447,14.04,0,0.33,0.30252,-0.060255
1524.9,-1843.3,29.148,-3.0003,2.4465,0.040713,0.000288,135.18,11.861,0.24018,4.7895,8.2174,0,0.33,0.31057,-0.060214
1395,-1691.7,29.217,-2.8633,2.5103,0.027508,0.0002426,108.63,10.44,-0.94105,2.4131,7.8936,0,0.33,0.31051,-0.06431
1683.7,-2069.7,29.053,-2.9424,2.7892,0.055934,0.00034372,156.2,11.953,-0.70596,4.3079,12.148,0,0.33,0.30253,-0.064364
10656,-9799.2,26.257,-4.5772,3.7937,1.3077,0.0016427,791.92,29.864,-33.172,40.061,75.353,0,0.33,0.27065,-0.039869
13200,-11801,25.444,-4.6883,4.2301,1.7035,0.0019492,870.08,30.587,-51.335,55.878,89.374,0,0.33,0.2627,-0.039869
11705,-10720,26.02,-4.9394,3.6018,1.4045,0.0016886,827.61,32.088,-40.461,29.49,79.268,0,0.33,0.27064,-0.035882
14493,-12875,25.142,-5.1226,4.0211,1.8293,0.0020044,908.94,33.021,-61.46,41.294,94.42,0,0.33,0.2627,-0.035882
17051,-14809,24.13,-5.2823,4.4166,2.3502,0.0023811,983.41,32.913,-87.663,57.164,109.61,0,0.33,0.25469,-0.035882
15515,-13611,24.509,-4.7673,4.6443,2.1965,0.0023149,944.87,30.293,-74.671,75.797,104,0,0.33,0.25469,-0.039869
5754,-6319.7,27.489,-3.3755,4.2103,0.69012,0.0012652,540.43,20.333,-6.3148,50.811,46.24,0,0.33,0.27063,-0.056072
4690.2,-5560.7,27.8,-3.1315,4.2393,0.5258,0.0011265,461.44,17.894,-2.6625,46.299,38.564,0,0.33,0.27061,-0.060216
7492.4,-7596.6,27.02,-3.2886,4.6592,0.91735,0.0014956,607.86,20.294,-14.321,68.808,55.674,0,0.33,0.26269,-0.056076
6114.3,-6660.5,27.413,-3.0162,4.6772,0.7071,0.0013326,524.65,17.681,-8.6591,62.58,46.536,0,0.33,0.26265,-0.060235
6261.1,-6855.9,27.413,-2.5755,5.0726,0.71552,0.0013872,508.74,14.042,-12.665,73.25,44.224,0,0.33,0.25463,-0.06429
7608,-7828,26.967,-2.8423,5.1001,0.95882,0.0015876,597.29,16.675,-18.506,83.868,54.811,0,0.33,0.25465,-0.060201
4983.4,-5808.6,27.77,-2.773,4.6657,0.51874,0.0011583,441.59,15.147,-4.9576,54.139,37.881,0,0.33,0.26263,-0.064343
3898.6,-4861.1,28.082,-2.9093,4.2446,0.38062,0.00097732,384.01,15.516,-0.40203,39.896,31.544,0,0.33,0.27059,-0.064309
9100.5,-8871.6,26.477,-3.146,5.0925,1.2247,0.0017759,683.52,19.4,-26.393,91.44,65.912,0,0.33,0.25468,-0.056065
1420.4,-1720.6,29.2,-2.6417,2.8636,0.022414,0.00022826,94.553,8.8026,-1.9859,2.3238,8.5602,0,0.33,0.30253,-0.072397
1548,-1885.7,29.129,-2.7903,2.8318,0.03596,0.00028141,122.55,10.366,-1.4926,2.9411,10.265,0,0.33,0.30253,-0.0684
1157.1,-1410.4,29.332,-2.5931,2.604,0.012506,0.00018384,66.814,7.6114,-1.6283,0.32073,7.0182,0,0.33,0.31048,-0.072391
1272.3,-1546.6,29.277,-2.7267,2.5624,0.018309,0.00020658,85.583,9.0208,-1.5215,0.89819,7.5182,0,0.33,0.31048,-0.068373
923.93,-1144.8,29.468,-2.1087,2.8968,0.0071394,0.00019435,37.331,2.8024,-0.31358,1.5398,5.518,0,0.33,0.30255,-0.088353
739.25,-945.19,29.556,-2.1144,2.6774,0.0066001,0.00020629,28.531,2.1493,0.057718,1.3412,5.9133,0,0.33,0.31052,-0.088365
829.61,-1043.1,29.528,-1.994,2.8849,0.0067222,0.00020663,31.004,1.3902,-0.14085,1.2744,5.4599,0,0.33,0.30255,-0.092347
654.06,-853.88,29.611,-2.0113,2.6769,0.0063466,0.00018151,23.754,0.84874,0.1693,1.3682,5.9605,0,0.33,0.31051,-0.092371
582.21,-777.53,29.666,-1.9134,2.6688,0.0061552,0.00014311,19.725,-0.4175,0.037465,1.5234,6.0234,0,0.33,0.31052,-0.096386
756.85,-966.59,29.587,-1.8848,2.8655,0.0064416,0.00019191,25.815,0.02441,-0.19528,1.3329,5.5383,0,0.33,0.30255,-0.096348
3030.1,-3755.5,28.551,-2.5114,4.2022,0.16717,0.00066426,245.98,10.974,-0.33569,27.037,20.16,0,0.33,0.27059,-0.072333
3594.2,-4408.4,28.353,-2.3519,4.5755,0.23553,0.00079551,289.54,10.358,-2.8277,36.275,24.059,0,0.33,0.26264,-0.072372
3396.8,-4265.8,28.331,-2.7048,4.231,0.26082,0.00082229,311.63,13.21,0.17677,33.278,25.317,0,0.33,0.27059,-0.068335
4181.4,-5065.5,28.083,-2.5539,4.6298,0.36071,0.000978,362.41,12.71,-3.2398,45.109,30.229,0,0.33,0.26264,-0.068374
5147.9,-5960.2,27.804,-2.3404,5.016,0.5065,0.0011797,422,11.521,-8.6389,61.051,34.94,0,0.33,0.25464,-0.068326
4284.2,-5145.1,28.138,-2.13,4.9377,0.33766,0.00096995,340.66,9.0991,-6.0509,48.633,27.393,0,0.33,0.25467,-0.072337
1784.5,-2162,29.168,-1.8354,3.9919,0.016538,0.00020076,80.558,2.8045,-2.0039,8.8586,9.7466,0,0.33,0.27059,-0.088337
1578.4,-1916,29.277,-1.6931,3.9256,0.010841,0.00017335,62.166,0.96495,-2.4918,7.3374,8.5499,0,0.33,0.27059,-0.092333
2006.8,-2460.9,29.079,-1.6709,4.2605,0.023985,0.00023864,97.455,1.8424,-3.8211,11.252,12.043,0,0.33,0.26265,-0.08833
1764.5,-2169.3,29.201,-1.5285,4.1698,0.014222,0.00018924,73.96,-0.046855,-4.3663,9.0159,10.972,0,0.33,0.26265,-0.09232
1766.2,-2137.6,29.247,-1.1919,4.2939,0.012185,0.00018215,66.294,-3.3511,-2.9977,8.4692,10.044,0,0.33,0.25471,-0.096302
2026.8,-2445.9,29.129,-1.3183,4.4064,0.019533,0.00021848,87.198,-1.5396,-3.3218,10.448,10.796,0,0.33,0.25471,-0.092308
1557,-1926.9,29.313,-1.3947,4.0772,0.0099632,0.00017367,57.275,-1.8487,-4.762,7.9227,10.359,0,0.33,0.26266,-0.096314
1415.2,-1724.6,29.38,-1.5582,3.8548,0.0084784,0.00017373,49.027,-0.80373,-3.1605,6.8434,7.602,0,0.33,0.2706,-0.096362
2322.9,-2808.4,28.994,-1.4554,4.52,0.035725,0.00029587,116.58,0.37748,-3.4403,13.924,12.097,0,0.33,0.25469,-0.08831
1102.2,-1336.6,30.02,0.66915,4.2436,0.0072024,0.000205,32.952,-28.045,-3.5458,13.635,6.9755,0,0.33,0.20659,-0.1204
1022.6,-1241.3,30.113,0.69147,4.1079,0.0068586,0.00017991,28.23,-28.658,-4.123,13.005,6.4065,0,0.33,0.20657,-0.12444
1120.4,-1283.9,30.161,0.91821,4.1124,0.0071284,0.00020294,31.39,-32.081,-3.1132,14.015,5.5662,0,0.33,0.19861,-0.12443
1051.8,-1203.6,30.246,0.93252,3.9785,0.0068338,0.0001729,27.369,-32.473,-2.9095,12.649,5.0435,0,0.33,0.19861,-0.12842
961.35,-1161.7,30.199,0.71242,3.9739,0.006606,0.00014238,24.418,-29.209,-4.1694,11.123,5.6393,0,0.33,0.20656,-0.1285
1179.1,-1359.4,29.881,-0.22797,3.9502,0.0063856,0.00011824,22.659,-16.292,1.8402,10.038,3.0991,0,0.33,0.23863,-0.12068
1068.2,-1257.7,29.838,-0.42779,3.811,0.0062828,0.00010948,21.143,-14.154,0.64647,9.2783,3.8747,0,0.33,0.24658,-0.12068
1072.4,-1240.8,29.97,-0.17127,3.8342,0.0062041,9.0664e-05,19.133,-17.359,2.1285,8.9775,2.7814,0,0.33,0.23863,-0.12467
971.15,-1149.5,29.926,-0.36397,3.7045,0.0061233,8.3763e-05,17.816,-15.283,0.92103,8.515,3.4949,0,0.33,0.24657,-0.12468
779.16,-1007.3,29.923,-0.54103,3.5771,0.0060379,7.5771e-05,16.137,-13.501,0.14623,7.5725,8.0686,0,0.33,0.25457,-0.12469
864.17,-1106.5,29.839,-0.60897,3.6726,0.0061764,9.8821e-05,19.222,-12.334,-0.424,8.3582,8.5208,0,0.33,0.25457,-0.12069
1694.8,-1970,29.629,0.60061,4.8356,0.011396,0.00015867,72.006,-25.108,-0.80088,12.754,7.0474,0,0.33,0.20671,-0.10446
1909.2,-2210.6,29.52,0.58693,5.0003,0.014461,0.0001586,91.116,-24.229,-1.1887,14.387,6.8795,0,0.33,0.2067,-0.10044
1837,-2080.9,29.61,0.87886,5.0064,0.014728,0.0001538,95.778,-28.718,-0.85915,14.054,5.2954,0,0.33,0.1986,-0.10042
1855.4,-2084.3,29.612,1.1721,5.1502,0.023191,0.00017992,127.85,-32.934,-2.9917,19.83,4.1739,0,0.33,0.19058,-0.096341
1992.9,-2305.3,29.494,0.87828,5.1744,0.019369,0.00016047,120.2,-27.987,-1.1173,18.546,5.4556,0,0.33,0.19858,-0.09636
1793.3,-1945.4,29.722,1.1656,4.9914,0.017933,0.00017289,103.21,-33.474,-1.8116,14.286,3.7238,0,0.33,0.19059,-0.10034
2145.7,-2508.4,29.397,0.57068,5.1729,0.019871,0.00016999,116.2,-23.281,-1.3516,18.065,6.841,0,0.33,0.20664,-0.096373
1731.4,-1999.2,29.471,-0.51002,4.4521,0.0088471,0.00017989,49.315,-11.154,1.8202,10.064,5.4816,0,0.33,0.23861,-0.10457
1932.7,-2237,29.357,-0.59336,4.5902,0.011747,0.00018438,63.305,-9.6338,1.9592,10.668,6.4254,0,0.33,0.23856,-0.1005
1592,-1858.8,29.443,-0.75344,4.2653,0.0082098,0.00018154,45.425,-8.6814,0.56845,8.4067,6.1099,0,0.33,0.24674,-0.10434
1788.7,-2087.6,29.336,-0.8505,4.3882,0.010292,0.00017838,57.53,-7.0854,0.43559,8.6792,6.8308,0,0.33,0.24673,-0.10032
1544.9,-1882.1,29.355,-1.0755,4.1837,0.0090635,0.00017567,51.698,-5.0687,-2.6407,7.6257,9.6235,0,0.33,0.25472,-0.1003
2029.9,-2377.2,29.221,-0.95524,4.5151,0.015219,0.00019992,74.898,-5.4006,0.099353,10.088,7.7395,0,0.33,0.24671,-0.096314
1364.7,-1675.4,29.458,-0.96716,4.0757,0.0076733,0.00018745,41.234,-6.7039,-2.386,7.5869,9.3676,0,0.33,0.25472,-0.10433
2177.7,-2538.1,29.234,-0.68302,4.7327,0.018558,0.00021796,83.541,-8.0169,1.7593,12.682,7.6056,0,0.33,0.23854,-0.096468
675.32,-874.01,29.705,-1.6793,2.8065,0.0060625,0.00010989,17.861,-2.5798,-0.80284,2.7535,5.6959,0,0.33,0.30255,-0.10435
706.66,-911.59,29.645,-1.7806,2.8392,0.0062284,0.00015198,21.495,-1.2927,-0.45946,1.8194,5.6283,0,0.33,0.30255,-0.10034
490.02,-675.14,29.775,-1.7312,2.6328,0.0058926,7.8127e-05,13.546,-2.836,-1.2814,2.7741,5.8963,0,0.33,0.31052,-0.10442
525.92,-715.87,29.72,-1.8207,2.6542,0.0060069,0.00010544,16.35,-1.6414,-0.37317,1.9464,6.0139,0,0.33,0.31052,-0.10039
721.66,-936.18,29.935,-0.91672,3.393,0.0059604,7.0492e-05,14.925,-9.6332,-2.2238,6.9325,5.8648,0,0.33,0.27064,-0.12069
632.49,-831.99,30.01,-0.84028,3.3152,0.0058631,5.5455e-05,12.382,-10.826,-1.6774,5.5239,5.7218,0,0.33,0.27064,-0.12469
740.62,-999.21,29.891,-0.77018,3.53,0.0060574,8.3351e-05,16.932,-10.824,-1.5406,7.5358,9.981,0,0.33,0.26267,-0.12068
656.22,-896.58,29.97,-0.69857,3.4436,0.0059409,6.4462e-05,14.116,-12.01,-0.69547,6.3741,9.5866,0,0.33,0.26267,-0.12467
562.61,-738.69,29.983,-1.2891,2.6267,0.0056988,3.7969e-05,8.1944,-7.4451,0.5091,6.6273,5.3706,0,0.33,0.30241,-0.12134
405.86,-572.97,30.033,-1.369,2.485,0.0056505,3.8228e-05,6.5544,-7.3545,-5.3484,6.3854,4.38,0,0.33,0.31039,-0.12129
515.46,-685.34,30.051,-1.2084,2.5789,0.0056576,3.522e-05,6.8205,-8.4793,1.6068,6.4987,5.3323,0,0.33,0.3024,-0.12535
371.19,-527.5,30.097,-1.2868,2.4409,0.0056222,3.8185e-05,5.5791,-8.3398,-5.2007,6.229,3.9261,0,0.33,0.31039,-0.12532
1149.7,-1415.7,29.577,-1.309,3.7029,0.0068294,0.00019913,31.856,-4.0935,-4.0585,7.348,6.4654,0,0.33,0.27063,-0.1046
1217.1,-1540.2,29.52,-1.1507,3.889,0.0071953,0.00019779,36.369,-5.2086,-4.8211,7.7205,10.043,0,0.33,0.26268,-0.10445
1275.8,-1562,29.48,-1.4299,3.78,0.007401,0.00019025,39.257,-2.4939,-3.7333,6.9456,6.923,0,0.33,0.27061,-0.10047
1375.5,-1720,29.418,-1.2689,3.9833,0.0080942,0.00017999,45.254,-3.57,-4.9149,7.5862,10.09,0,0.33,0.26266,-0.10034
1004.7,-1211.3,28.937,-3.0465,0.25108,0.0084142,0.00020357,41.762,12.057,2.3847,3.4033,4.427,0,0.33,0.3425,-0.0079753
1000.8,-1207.8,28.913,-3.0438,0.12659,0.0086288,0.00020341,42.782,12.178,3.4228,4.2519,4.4946,0,0.33,0.3425,-0.0039908
768.64,-961.14,29.059,-2.8219,0.11095,0.00689,0.00022175,29.308,9.497,3.231,4.2191,4.7776,0,0.33,0.3505,-0.0039909
775.43,-967.96,29.082,-2.8253,0.21994,0.0068247,0.00021765,28.668,9.3935,2.1612,3.2605,4.7437,0,0.33,0.3505,-0.0079754
1687.7,-1974.1,28.623,-3.5426,0.48811,0.03744,0.00033089,107.11,17.723,1.5745,3.2197,7.1424,0,0.33,0.32663,-0.011962
1302.6,-1534.7,28.799,-3.2725,0.42869,0.015113,0.00022343,65.479,14.689,1.3406,2.3748,4.863,0,0.33,0.33456,-0.011962
2201.5,-2568.4,28.441,-3.8071,0.73972,0.087139,0.00048725,172.02,20.552,2.9896,5.4882,10.498,0,0.33,0.31869,-0.015949
2217.9,-2595.1,28.407,-3.8433,0.55815,0.088778,0.00050224,169.81,20.981,2.2134,4.628,11.384,0,0.33,0.31869,-0.011962
1671.9,-1950.6,28.65,-3.5118,0.64646,0.037205,0.00032574,108.3,17.356,2.2876,4.155,6.5884,0,0.33,0.32663,-0.015949
1291.7,-1518.1,28.82,-3.2461,0.56789,0.015153,0.00022239,65.946,14.375,2.061,3.2045,4.4714,0,0.33,0.33457,-0.015949
1009.3,-1213.7,28.951,-3.0296,0.37668,0.0083954,0.00020358,41.697,11.862,1.1591,1.7941,4.2534,0,0.33,0.3425,-0.011962
775.72,-963.93,29.107,-2.7897,0.43817,0.0067956,0.00021456,28.313,8.9928,1.7777,1.8082,4.3695,0,0.33,0.3505,-0.015949
1002.7,-1202.4,28.968,-3.0066,0.49919,0.0083846,0.00020341,41.705,11.592,1.9296,2.4539,3.9307,0,0.33,0.3425,-0.015949
780.33,-972.31,29.094,-2.81,0.33065,0.0068107,0.00021581,28.474,9.2256,0.93565,1.3429,4.65,0,0.33,0.3505,-0.011962
589.73,-769.6,29.198,-2.6225,0.097362,0.0062916,0.00018468,20.731,7.0369,3.0092,4.1468,5.3889,0,0.33,0.35861,-0.0039912
597.82,-776.96,29.221,-2.626,0.19259,0.0062601,0.00017646,20.286,6.949,1.8783,3.1925,5.3342,0,0.33,0.35861,-0.0079756
465.9,-632.5,29.365,-2.436,0.25483,0.0059502,0.00010228,14.131,4.6026,0.46295,0.80939,5.8821,0,0.33,0.36659,-0.011962
356.72,-507.82,29.491,-2.2782,0.22235,0.0057744,6.4684e-05,9.8336,2.5978,0.26388,0.76052,6.1462,0,0.33,0.37453,-0.011963
269.4,-405.23,29.614,-2.1219,0.25246,0.0056624,4.8903e-05,6.6161,0.62787,0.95161,0.1539,6.1394,0,0.33,0.38246,-0.01595
359.91,-510.57,29.496,-2.2616,0.29334,0.0057665,6.2917e-05,9.6524,2.4477,1.3997,0.45497,6.0079,0,0.33,0.37453,-0.01595
267.44,-403.15,29.61,-2.1392,0.19223,0.0056678,4.9663e-05,6.7589,0.75893,-0.14504,0.80024,6.2517,0,0.33,0.38246,-0.011963
466.11,-631.25,29.371,-2.4191,0.33694,0.0059397,9.9747e-05,13.922,4.4297,1.4948,0.80708,5.7045,0,0.33,0.36659,-0.01595
602.57,-782.29,29.232,-2.6118,0.29026,0.0062457,0.00017234,20.043,6.8047,0.67577,1.0024,5.3201,0,0.33,0.35861,-0.011962
599.62,-776.85,29.241,-2.5937,0.38434,0.0062327,0.00016953,19.832,6.6045,1.6023,1.2522,5.089,0,0.33,0.35861,-0.01595
1281.8,-1496.2,28.85,-3.215,0.70549,0.015136,0.00022089,66.311,13.98,3.1837,4.8096,4.0624,0,0.33,0.33457,-0.019936
1654.3,-1920.1,28.686,-3.4745,0.80239,0.036981,0.00032027,109.61,16.896,3.3427,5.8754,6.0317,0,0.33,0.32663,-0.019936
2175.6,-2531.2,28.486,-3.762,0.91809,0.086152,0.00047395,174.94,20.014,4.0326,7.2665,9.7056,0,0.33,0.3187,-0.019936
944.07,-1112.8,29.069,-2.9241,0.85418,0.0081172,0.00020483,40.312,10.372,5.7524,6.452,2.9187,0,0.33,0.34251,-0.027912
975.57,-1154.7,29.027,-2.9518,0.73912,0.008269,0.00020375,41.173,10.844,4.8433,5.5119,3.2619,0,0.33,0.34251,-0.023924
697.12,-860.12,29.234,-2.6993,0.84826,0.0066031,0.00020349,25.81,7.484,5.7277,5.5937,3.4254,0,0.33,0.35051,-0.031899
915.53,-1080,29.115,-2.8896,0.96301,0.007899,0.00020616,39.103,9.8398,5.1733,6.4471,2.4808,0,0.33,0.34251,-0.031899
724.23,-886.78,29.194,-2.7241,0.75203,0.0066758,0.00020717,26.762,7.9431,6.4231,5.8574,3.6287,0,0.33,0.35051,-0.027912
752.19,-923.64,29.156,-2.7437,0.64985,0.0067343,0.00021052,27.562,8.3491,5.1059,4.8713,3.8396,0,0.33,0.35051,-0.023924
997.14,-1186.7,28.993,-2.9801,0.62093,0.0083468,0.00020333,41.576,11.253,3.1435,3.9783,3.604,0,0.33,0.34251,-0.019937
771.22,-951.41,29.127,-2.767,0.5458,0.0067709,0.00021284,28.047,8.7013,3.0405,3.2939,4.1002,0,0.33,0.35051,-0.019937
358.56,-505.93,29.507,-2.2469,0.36858,0.0057583,6.1358e-05,9.4604,2.2607,2.8952,1.7793,5.8204,0,0.33,0.37453,-0.019938
463.01,-623.71,29.385,-2.4023,0.42179,0.0059274,9.6972e-05,13.671,4.2132,2.8254,2.2136,5.5151,0,0.33,0.36659,-0.019938
271.24,-405,29.622,-2.1085,0.31797,0.0056573,4.8208e-05,6.4922,0.46667,2.6728,1.417,5.9194,0,0.33,0.38246,-0.019938
578.9,-742.49,29.283,-2.5549,0.57096,0.0061907,0.00015997,19.079,6.0486,5.215,4.3781,4.6595,0,0.33,0.35862,-0.023925
556.06,-710.72,29.317,-2.5422,0.6619,0.0061529,0.00015101,18.348,5.6979,6.9659,5.5686,4.5011,0,0.33,0.35862,-0.027912
529.81,-687.62,29.355,-2.5266,0.7471,0.0061096,0.00014117,17.536,5.3002,6.1464,5.2537,4.4459,0,0.33,0.35862,-0.0319
595.46,-766.67,29.258,-2.5742,0.47967,0.0062156,0.00016576,19.551,6.3535,2.875,2.7116,4.8681,0,0.33,0.35862,-0.019937
893.72,-1032.3,29.21,-2.7915,1.1651,0.0073533,0.00021222,35.616,8.6116,4.5208,6.5438,0.90399,0,0.33,0.34252,-0.039874
904.46,-1059.3,29.161,-2.8442,1.0666,0.0076352,0.00020818,37.563,9.2522,4.4285,6.2471,1.7924,0,0.33,0.34251,-0.035886
690.65,-850.34,29.274,-2.6625,0.93988,0.0065211,0.00019926,24.749,6.9762,4.5758,4.9162,3.031,0,0.33,0.35051,-0.035887
685.25,-835.15,29.313,-2.6173,1.0271,0.0064282,0.00019511,23.456,6.4208,4.5189,4.8993,2.4253,0,0.33,0.35051,-0.039875
1394,-1543,29.075,-3.1066,1.6003,0.021199,0.0002212,91.097,12.427,4.3336,11.042,0.54176,0,0.33,0.32665,-0.043865
1115.7,-1231.6,29.173,-2.9148,1.4205,0.0098014,0.0001844,53.444,10.124,4.5713,9.1273,-0.64953,0,0.33,0.33458,-0.043865
1611.1,-1838.7,29.042,-3.2077,1.9212,0.043806,0.00029946,139.02,13.706,4.3928,11.413,3.4121,0,0.33,0.31871,-0.047877
1727.5,-1969.7,28.951,-3.3071,1.8094,0.052911,0.00032967,152.6,14.826,4.6503,12.603,4.027,0,0.33,0.31871,-0.043864
1324.4,-1459.3,29.155,-3.0236,1.7057,0.017862,0.00020582,82.994,11.454,4.3455,10.532,-0.17839,0,0.33,0.32665,-0.047879
1076.3,-1174.2,29.242,-2.8451,1.518,0.0088701,0.00018422,48.904,9.2771,4.8861,9.2185,-1.469,0,0.33,0.33458,-0.047879
878.6,-996.19,29.262,-2.7353,1.2587,0.0070859,0.00021538,33.305,7.9223,5.1183,7.1768,-0.020631,0,0.33,0.34252,-0.043866
660.26,-778.05,29.403,-2.5196,1.1903,0.006225,0.0001691,20.165,5.1787,6.0857,6.3023,1.0646,0,0.33,0.35052,-0.04788
856.78,-954.86,29.32,-2.6767,1.3474,0.0068525,0.00020964,30.727,7.184,5.7442,7.697,-0.82371,0,0.33,0.34252,-0.04788
675.38,-809.71,29.355,-2.5692,1.1108,0.0063275,0.0001877,21.907,5.8218,5.2125,5.5298,1.725,0,0.33,0.35051,-0.043867
526.15,-685.54,29.39,-2.4974,0.82819,0.0060648,0.00012993,16.716,4.8604,4.3976,4.2042,4.3114,0,0.33,0.35862,-0.035887
523.87,-678.84,29.422,-2.4583,0.9054,0.006015,0.00011716,15.754,4.3784,4.0147,3.8448,4.0075,0,0.33,0.35862,-0.039875
406.24,-550.94,29.565,-2.2786,0.86885,0.0057627,6.026e-05,9.774,2.0463,4.1878,3.6741,4.8145,0,0.33,0.3666,-0.043867
338.92,-474.94,29.673,-2.1481,0.76979,0.005656,4.4577e-05,6.6632,0.37543,4.2272,3.2859,5.1477,0,0.33,0.37454,-0.043868
329.12,-457.95,29.703,-2.1167,0.82972,0.0056366,4.2965e-05,6.071,-0.050823,5.3679,4.143,4.8972,0,0.33,0.37454,-0.047879
391.79,-528.3,29.599,-2.2426,0.93366,0.0057286,5.4058e-05,8.8554,1.5592,5.1727,4.5918,4.5421,0,0.33,0.36661,-0.047878
514.81,-659.77,29.457,-2.4169,0.98004,0.0059593,0.0001033,14.603,3.8581,4.6692,4.3576,3.5796,0,0.33,0.35863,-0.043867
499.7,-633.11,29.497,-2.3748,1.0513,0.0059012,8.9304e-05,13.321,3.299,5.6405,5.2457,3.1312,0,0.33,0.35863,-0.047878
1022.8,-1113.3,29.313,-2.7716,1.6091,0.0081348,0.00018914,44.06,8.3775,5.0378,8.7108,-1.9665,0,0.33,0.33459,-0.051953
1241.4,-1373.6,29.234,-2.9362,1.8032,0.014813,0.00019375,73.954,10.426,4.1376,9.355,-0.53802,0,0.33,0.32665,-0.051951
1489.3,-1711.1,29.13,-3.1039,2.0228,0.034659,0.00026795,123.1,12.53,3.7335,9.5886,3.0927,0,0.33,0.31871,-0.051945
744.76,-831.15,29.504,-2.483,1.5786,0.006309,0.00017888,22.18,4.7201,5.9611,6.3267,-1.8912,0,0.33,0.34251,-0.060277
780.9,-864.27,29.444,-2.551,1.5082,0.0064711,0.00019075,25.037,5.5703,6.3449,7.2352,-1.7223,0,0.33,0.34253,-0.056101
560.36,-659.57,29.616,-2.3007,1.4582,0.0058642,7.9478e-05,12.738,2.2774,6.0746,5.0472,-0.40399,0,0.33,0.35044,-0.064417
712.21,-805.48,29.561,-2.41,1.6406,0.0061632,0.00015156,19.446,3.8561,5.3309,5.335,-1.9661,0,0.33,0.3425,-0.064406
579.35,-675.46,29.565,-2.3615,1.4013,0.0059413,9.773e-05,14.478,3.0371,6.833,5.9011,-0.12187,0,0.33,0.35046,-0.060279
603.32,-701.75,29.511,-2.4167,1.3364,0.0060285,0.00011919,16.34,3.7762,7.1859,6.6035,0.1756,0,0.33,0.35051,-0.056097
822.42,-908.67,29.381,-2.6153,1.431,0.0066508,0.00019868,27.939,6.3967,6.1982,7.7579,-1.3986,0,0.33,0.34253,-0.051954
634.44,-739.69,29.456,-2.4689,1.266,0.0061244,0.00014337,18.279,4.4932,6.8447,6.7556,0.54137,0,0.33,0.35053,-0.051952
314.68,-434.41,29.739,-2.0875,0.88909,0.0056173,4.2139e-05,5.4523,-0.50525,6.6075,5.2321,4.6926,0,0.33,0.37453,-0.051942
370.28,-498.56,29.639,-2.2082,0.99664,0.005695,4.8994e-05,7.8932,1.0402,6.2203,5.5095,4.3386,0,0.33,0.3666,-0.051944
447.99,-564.62,29.591,-2.2921,1.1839,0.0057892,6.5044e-05,10.595,2.0818,7.0704,6.0474,2.5154,0,0.33,0.35857,-0.056086
428.97,-542.25,29.639,-2.2492,1.2438,0.005742,5.6236e-05,9.3632,1.4387,6.597,5.4258,2.281,0,0.33,0.35845,-0.060271
416.75,-532.6,29.684,-2.1996,1.2956,0.0057022,4.959e-05,8.2844,0.77095,5.4101,4.5461,2.0135,0,0.33,0.35841,-0.06439
475.79,-599.1,29.542,-2.3332,1.1197,0.0058434,7.6237e-05,11.955,2.7036,6.6015,5.9561,2.7706,0,0.33,0.35862,-0.051945
621.93,-720.25,29.663,-2.2569,1.7385,0.0059259,9.2232e-05,14.445,2.1045,5.7667,3.4194,-1.5776,0,0.33,0.34251,-0.072451
671.97,-770.2,29.614,-2.3331,1.6933,0.0060345,0.00011822,16.846,2.9832,5.2135,4.3234,-1.856,0,0.33,0.3425,-0.068449
537.45,-637.63,29.664,-2.2347,1.5064,0.0057972,6.4807e-05,11.1,1.5033,5.8362,4.2426,-0.57314,0,0.33,0.35045,-0.068452
504.13,-598.67,29.709,-2.1687,1.5487,0.005741,5.4385e-05,9.5941,0.72224,6.4376,3.5583,-0.61857,0,0.33,0.35046,-0.07246
778.06,-941.72,29.592,-2.3368,2.187,0.0064887,0.00019426,26.145,3.7889,2.1777,0.92706,2.3996,0,0.33,0.3266,-0.076399
673.72,-798.6,29.66,-2.2601,1.9777,0.0060823,0.00012958,18.125,2.5097,4.5443,2.0801,-0.0094546,0,0.33,0.33457,-0.076433
804.11,-1003,29.547,-2.2979,2.4338,0.0067475,0.0002046,30.498,3.7892,0.5334,0.57489,5.0729,0,0.33,0.31859,-0.080403
888.22,-1091.2,29.498,-2.4085,2.4054,0.0072888,0.00020048,37.224,5.036,0.031769,0.094255,4.8972,0,0.33,0.31851,-0.076389
712.16,-875.85,29.638,-2.2394,2.2191,0.0062503,0.00016675,21.776,2.6709,2.8875,1.1564,2.9431,0,0.33,0.32663,-0.080417
619.87,-745.56,29.706,-2.1764,2.01,0.0059534,9.7621e-05,15.261,1.5125,5.3075,1.9919,0.52392,0,0.33,0.33458,-0.080426
573,-669.41,29.709,-2.1833,1.777,0.0058376,7.253e-05,12.305,1.2214,6.5068,2.8776,-1.2516,0,0.33,0.34251,-0.076442
430.16,-515.15,29.795,-2.0449,1.6178,0.0056594,4.3497e-05,7.1215,-0.85864,7.8397,2.9914,-0.51633,0,0.33,0.35047,-0.080456
528.11,-623.03,29.754,-2.1122,1.809,0.0057677,5.8468e-05,10.446,0.33453,7.1967,2.6285,-0.93037,0,0.33,0.34251,-0.08043
467.09,-555.37,29.752,-2.1056,1.586,0.0056956,4.7528e-05,8.2633,-0.065174,7.2095,3.1837,-0.61291,0,0.33,0.35047,-0.076464
404.22,-520.55,29.726,-2.1423,1.3391,0.0056684,4.4912e-05,7.3043,0.081715,4.6765,3.7968,1.79,0,0.33,0.35846,-0.068401
382.52,-490.7,29.766,-2.0834,1.3785,0.00564,4.2581e-05,6.4148,-0.61768,5.1077,3.2947,1.6346,0,0.33,0.35851,-0.072453
269.29,-376.28,29.875,-1.9497,1.2773,0.0055725,4.4215e-05,4.0417,-2.516,3.5789,3.0788,3.6653,0,0.33,0.36653,-0.076503
239.52,-347.12,29.956,-1.8685,1.1685,0.0055457,4.5612e-05,3.0894,-3.6442,2.5423,2.8865,4.5669,0,0.33,0.37449,-0.076429
219.83,-316.66,29.99,-1.8266,1.2063,0.0055381,4.7474e-05,2.8046,-4.2123,3.5498,3.4366,4.4642,0,0.33,0.37446,-0.080571
243.06,-341.29,29.911,-1.9037,1.3115,0.0055612,4.6117e-05,3.6273,-3.1472,4.2851,3.4819,3.5712,0,0.33,0.36651,-0.080594
354.63,-453.08,29.805,-2.0277,1.4152,0.0056167,4.2031e-05,5.6356,-1.3226,5.9173,3.1918,1.4832,0,0.33,0.35852,-0.076537
324.08,-416.76,29.845,-1.9752,1.4473,0.0055977,4.2578e-05,4.9669,-2.0306,6.5336,3.2797,1.4367,0,0.33,0.35852,-0.080559
573.16,-698.55,29.752,-2.096,2.0357,0.0058553,7.4957e-05,12.861,0.52124,6.0471,2.066,0.89961,0,0.33,0.33458,-0.08442
651.78,-813.7,29.686,-2.1465,2.2448,0.006078,0.00012564,18.188,1.567,3.7796,1.5237,3.3662,0,0.33,0.32662,-0.084421
721.94,-914.57,29.598,-2.1934,2.4559,0.0064273,0.00019021,25.23,2.5655,1.2941,1.0962,5.2728,0,0.33,0.31859,-0.084395
445.65,-540.14,29.886,-1.9098,1.8684,0.0056437,4.0363e-05,6.6664,-2.3144,7.5102,2.3324,-0.58348,0,0.33,0.34251,-0.092447
459.7,-553.22,29.842,-1.977,1.8542,0.005674,4.3685e-05,7.6527,-1.4367,7.8523,2.383,-0.61575,0,0.33,0.34252,-0.08842
366.85,-454.75,29.955,-1.8094,1.6911,0.0055802,4.0356e-05,4.4371,-3.9913,6.1283,2.0787,-0.34952,0,0.33,0.3505,-0.096441
436.2,-529.12,29.928,-1.8413,1.8784,0.0056199,3.8743e-05,5.8529,-3.1768,7.216,2.2946,-0.58694,0,0.33,0.3425,-0.096477
366.04,-452.52,29.917,-1.8716,1.6795,0.0055935,4.0678e-05,4.9067,-3.2228,7.1449,2.283,-0.3245,0,0.33,0.35051,-0.092451
371.77,-455.34,29.877,-1.9301,1.6641,0.00561,4.1168e-05,5.4673,-2.4423,8.0982,2.4871,-0.30699,0,0.33,0.3505,-0.088453
487.8,-581.46,29.798,-2.0438,1.8347,0.0057141,4.9341e-05,8.8952,-0.5527,7.7478,2.4785,-0.70401,0,0.33,0.34252,-0.08442
394.72,-477.91,29.837,-1.9867,1.6437,0.0056313,4.1769e-05,6.1896,-1.6533,8.2925,2.7461,-0.37003,0,0.33,0.35048,-0.084451
195.73,-283.91,30.025,-1.7906,1.2413,0.0055312,4.9869e-05,2.5459,-4.78,4.2361,3.7278,4.4146,0,0.33,0.37447,-0.084583
214.02,-306.95,29.949,-1.8622,1.3412,0.0055515,4.8422e-05,3.2663,-3.7786,4.5662,3.6344,3.6325,0,0.33,0.36651,-0.084601
271.79,-362.37,29.923,-1.878,1.4956,0.00557,4.4864e-05,3.9886,-3.4416,6.3496,2.9368,1.6989,0,0.33,0.35855,-0.08856
269.05,-363.52,29.96,-1.8273,1.5126,0.0055604,4.4925e-05,3.6573,-4.1395,4.8379,2.7153,1.7333,0,0.33,0.35855,-0.092553
275.06,-372.24,29.996,-1.7705,1.5257,0.0055523,4.4497e-05,3.3808,-4.8304,3.2362,2.5641,1.7012,0,0.33,0.35854,-0.096531
292.48,-382.45,29.885,-1.9258,1.474,0.0055822,4.3831e-05,4.4165,-2.7385,6.8554,3.1887,1.5619,0,0.33,0.35853,-0.084557
388.78,-462.56,30.01,-1.71,1.8897,0.0055838,3.9613e-05,4.5272,-4.8325,8.5839,2.2225,-0.85163,0,0.33,0.34252,-0.10442
417.98,-504.36,29.97,-1.7736,1.885,0.0056004,3.8591e-05,5.1492,-4.0153,7.5272,2.2478,-0.66626,0,0.33,0.34251,-0.10045
357.52,-442.49,29.992,-1.7452,1.7,0.0055686,4.0748e-05,4.0072,-4.7459,5.8686,1.807,-0.34772,0,0.33,0.35049,-0.10041
331.11,-408.08,30.026,-1.6829,1.7072,0.0055581,4.2175e-05,3.5978,-5.4898,6.6835,1.4648,-0.32519,0,0.33,0.35047,-0.10438
387.8,-520.75,29.972,-1.6804,2.2909,0.0056299,3.8689e-05,6.0042,-4.6741,6.7285,2.6304,5.0492,0,0.33,0.32655,-0.10871
395.47,-486.86,30.028,-1.6708,2.0892,0.0055962,3.8503e-05,4.9301,-5.1287,10.166,3.0519,1.9063,0,0.33,0.33455,-0.10854
364.34,-523.28,29.955,-1.5969,2.441,0.0056537,4.0749e-05,6.6473,-5.3721,-1.5863,3.9452,5.2432,0,0.33,0.31857,-0.11279
381.36,-539.58,29.9,-1.6762,2.4609,0.0056962,4.5064e-05,7.9842,-4.3039,0.50022,2.9478,5.6992,0,0.33,0.31857,-0.10869
375.77,-511.92,30.022,-1.6128,2.2834,0.0056025,3.7974e-05,5.0787,-5.6491,5.1962,3.4124,4.9772,0,0.33,0.32656,-0.11279
387.71,-479.56,30.077,-1.6111,2.0877,0.0055779,3.8487e-05,4.2841,-6.0335,9.5206,3.8769,1.751,0,0.33,0.33455,-0.11264
361.29,-419.07,30.051,-1.6519,1.8933,0.0055694,4.1068e-05,3.9804,-5.6475,9.7964,2.4151,-1.2026,0,0.33,0.34252,-0.10841
275.07,-329.04,30.094,-1.574,1.7181,0.0055393,4.5872e-05,2.8757,-7.0005,9.3189,1.5994,-0.50805,0,0.33,0.35044,-0.11261
350.47,-398.02,30.093,-1.597,1.8957,0.0055571,4.1855e-05,3.5264,-6.4825,10.057,3.1649,-1.7987,0,0.33,0.34251,-0.11259
297.41,-362.13,30.06,-1.6258,1.7131,0.0055482,4.4275e-05,3.212,-6.2363,8.2008,1.2465,-0.3301,0,0.33,0.35047,-0.1084
272.43,-368.06,30.032,-1.7094,1.5361,0.0055451,4.4718e-05,3.1206,-5.5123,2.7052,2.4089,1.7211,0,0.33,0.35851,-0.10049
251.73,-341.99,30.066,-1.6496,1.5448,0.0055382,4.6241e-05,2.8571,-6.1874,3.6064,2.1805,1.9148,0,0.33,0.35848,-0.10444
141.87,-215.57,30.152,-1.5659,1.4273,0.0055179,5.898e-05,2.0787,-7.504,0.7665,3.2862,2.3894,0,0.33,0.36649,-0.10857
92.711,-147.49,30.19,-1.5384,1.3571,0.0055057,7.0147e-05,1.6583,-8.1465,-1.9065,2.1369,1.245,0,0.33,0.37448,-0.10862
81.79,-121.48,30.221,-1.502,1.3629,0.0055023,7.7282e-05,1.5329,-8.6884,-0.61293,3.247,0.58341,0,0.33,0.37447,-0.11266
122.08,-189.07,30.188,-1.5234,1.4307,0.0055133,6.2407e-05,1.9122,-8.1133,2.6932,3.9626,2.664,0,0.33,0.36644,-0.11273
219.66,-302.49,30.099,-1.5953,1.5516,0.0055315,4.8715e-05,2.5936,-6.8636,5.4502,1.9886,2.356,0,0.33,0.35845,-0.10845
192,-269.78,30.132,-1.5476,1.5569,0.005525,5.0787e-05,2.3529,-7.5505,7.2337,2.1754,2.9772,0,0.33,0.3584,-0.11265
396.45,-496.84,30.13,-1.5465,2.0812,0.0055635,3.7894e-05,3.7904,-6.9266,7.6637,4.7039,1.5494,0,0.33,0.33449,-0.11701
373.29,-514.38,30.075,-1.5402,2.2698,0.0055817,3.7661e-05,4.377,-6.6059,3.0207,3.9591,4.8462,0,0.33,0.32653,-0.11704
349.48,-506.76,30.014,-1.5149,2.4149,0.0056221,3.9086e-05,5.6251,-6.4017,-3.6179,4.6212,4.7109,0,0.33,0.31855,-0.11692
423.76,-481.69,30.246,-1.4064,1.8777,0.0055335,3.8525e-05,2.7691,-8.8137,3.6134,5.478,-3.4665,0,0.33,0.34236,-0.12533
400.51,-450.79,30.193,-1.4771,1.8883,0.0055397,3.9695e-05,2.9618,-8.0832,6.0682,5.3827,-3.3281,0,0.33,0.34237,-0.12128
383.58,-446.1,30.263,-1.3302,1.7009,0.0055178,4.0082e-05,2.2304,-9.772,1.9639,4.2983,-2.5092,0,0.33,0.35029,-0.12933
410.21,-473.39,30.294,-1.3312,1.8648,0.0055274,3.8955e-05,2.5539,-9.5134,2.7182,4.4006,-3.1457,0,0.33,0.34236,-0.12933
370,-429.75,30.219,-1.4038,1.7111,0.005522,4.0779e-05,2.3635,-9.1308,3.3348,4.7626,-2.3307,0,0.33,0.35029,-0.12534
324.11,-377.32,30.174,-1.4689,1.7183,0.0055263,4.3283e-05,2.4753,-8.4621,6.2596,4.036,-1.823,0,0.33,0.3503,-0.12131
366.13,-412.13,30.141,-1.5401,1.8945,0.0055473,4.1262e-05,3.1914,-7.3063,8.6707,4.3745,-2.6448,0,0.33,0.34243,-0.11703
283.11,-332.95,30.131,-1.5238,1.7205,0.0055319,4.5589e-05,2.6281,-7.7513,8.7434,2.6935,-1.076,0,0.33,0.35035,-0.11709
75.84,-105.28,30.255,-1.4728,1.3662,0.0054993,8.3036e-05,1.4356,-9.2253,-0.49489,4.0304,-0.1315,0,0.33,0.37443,-0.11674
114.48,-181.18,30.228,-1.4872,1.4316,0.0055095,6.3381e-05,1.7878,-8.715,3.3338,4.7379,2.9883,0,0.33,0.36632,-0.11705
216.83,-307.42,30.206,-1.4577,1.5587,0.0055155,4.7847e-05,2.074,-8.8691,5.5171,3.903,3.5725,0,0.33,0.35824,-0.12131
268.67,-368.66,30.248,-1.3997,1.552,0.0055126,4.4011e-05,2.0175,-9.4795,2.3527,4.5036,3.6478,0,0.33,0.35822,-0.12534
301.85,-403.86,30.289,-1.3295,1.5418,0.0055097,4.2017e-05,1.9448,-10.067,0.46197,4.042,3.8583,0,0.33,0.35823,-0.12934
186.88,-267.25,30.168,-1.5041,1.5599,0.0055195,5.0725e-05,2.1738,-8.2251,7.5322,2.9066,3.4334,0,0.33,0.3583,-0.11711
859.57,-1014.7,30.327,0.74502,3.7113,0.0062558,9.3775e-05,18.558,-30.122,-3.4518,4.7419,4.1247,0,0.33,0.20657,-0.13659
908.91,-1086.8,30.271,0.7309,3.842,0.0064115,0.00011481,21.255,-29.7,-3.8791,8.0665,4.8451,0,0.33,0.20656,-0.13253
806.17,-961.03,30.279,0.54363,3.7008,0.0061178,7.6204e-05,16.205,-27.335,-2.2617,3.321,4.1438,0,0.33,0.21463,-0.13704
867.7,-1043.1,30.226,0.52231,3.8267,0.0062532,9.3904e-05,18.757,-26.768,-2.9407,6.326,4.737,0,0.33,0.21463,-0.13301
940.78,-1126.6,30.116,0.28594,3.9135,0.0062744,9.6754e-05,19.481,-23.256,-0.5916,7.9868,5.4093,0,0.33,0.22271,-0.12869
863.56,-1033.8,30.183,0.31893,3.7892,0.0061275,7.6997e-05,16.672,-24.005,0.10911,5.1804,4.998,0,0.33,0.22272,-0.13272
934.01,-1129.6,30.156,0.49622,3.956,0.0064238,0.0001174,21.759,-26.138,-3.3425,9.3951,5.4635,0,0.33,0.21464,-0.12888
791.11,-947.7,30.234,0.34692,3.6679,0.0060107,6.2297e-05,14.271,-24.685,0.69666,2.5744,4.7063,0,0.33,0.22272,-0.13672
681.92,-814.72,30.347,0.57451,3.4558,0.0059132,5.1227e-05,11.854,-28.302,-1.8139,0.56165,3.6566,0,0.33,0.21463,-0.14511
745.67,-885.6,30.317,0.56023,3.5766,0.0060065,6.2199e-05,13.934,-27.84,-1.7494,1.1472,3.783,0,0.33,0.21463,-0.14107
654.81,-794.49,30.307,0.39468,3.4326,0.0058353,4.3021e-05,10.21,-25.891,0.39677,0.77737,4.7357,0,0.33,0.22268,-0.14483
721.61,-866.89,30.274,0.37142,3.5488,0.0059152,5.1203e-05,12.145,-25.31,0.80878,0.91437,4.6187,0,0.33,0.22272,-0.14073
879.88,-1044.6,30.15,0.11658,3.7141,0.0060304,6.4388e-05,15.03,-21.478,2.2931,4.9582,4.4462,0,0.33,0.23069,-0.13265
795.65,-952.21,30.203,0.15107,3.5972,0.0059296,5.2358e-05,12.772,-22.248,2.6362,2.797,4.549,0,0.33,0.23069,-0.13664
968.88,-1144.9,30.083,0.077573,3.8331,0.0061563,8.1032e-05,17.656,-20.639,1.7868,7.3782,4.5263,0,0.33,0.23069,-0.12865
711.71,-855.29,30.224,0.0039155,3.3884,0.0057962,3.934e-05,9.7424,-20.906,2.9343,2.424,3.2677,0,0.33,0.23863,-0.14064
671.88,-815.18,30.189,-0.16514,3.2891,0.0057608,3.7518e-05,8.9755,-19.058,1.2749,3.2856,2.9888,0,0.33,0.24657,-0.14065
525.27,-677.2,30.222,-0.28304,3.1049,0.0056764,3.5027e-05,6.6223,-18.252,-1.053,2.7864,4.671,0,0.33,0.25457,-0.14464
623.92,-762.66,30.237,-0.12333,3.1888,0.005709,3.4401e-05,7.4882,-19.838,0.53815,3.337,2.9739,0,0.33,0.24657,-0.14464
555.16,-719.85,30.175,-0.32886,3.1978,0.0057213,3.6813e-05,7.9614,-17.434,0.07144,2.714,5.4793,0,0.33,0.25457,-0.14065
651.16,-793.07,30.268,0.039946,3.2824,0.0057374,3.52e-05,8.1218,-21.634,2.3547,2.4383,3.6437,0,0.33,0.23863,-0.14463
720.03,-868.79,30.247,0.18242,3.4824,0.0058473,4.3718e-05,10.786,-22.96,2.6205,1.5021,4.8135,0,0.33,0.23069,-0.14063
654.89,-799.39,30.285,0.2128,3.3708,0.0057789,3.7855e-05,9.0084,-23.625,2.2405,1.5154,5.1784,0,0.33,0.23068,-0.14464
613.62,-745.55,30.376,0.58914,3.3396,0.0058345,4.3257e-05,9.9296,-28.722,-2.7618,1.6984,3.7682,0,0.33,0.21461,-0.14915
591.08,-731.78,30.341,0.41877,3.3196,0.0057681,3.7743e-05,8.4478,-26.413,-0.61429,2.2413,4.9647,0,0.33,0.22261,-0.149
585.46,-720.29,30.285,-0.080739,3.0908,0.0056663,3.3248e-05,6.2111,-20.562,-0.53942,4.3003,2.9167,0,0.33,0.24657,-0.14863
605.31,-745.36,30.311,0.076822,3.1792,0.0056887,3.3297e-05,6.7105,-22.306,1.42,3.5445,3.9436,0,0.33,0.23863,-0.14862
500.77,-641.45,30.268,-0.23588,3.0141,0.0056394,3.4695e-05,5.493,-19.015,-2.5147,3.7383,3.8472,0,0.33,0.25457,-0.14864
560.2,-701.03,30.368,0.27742,3.159,0.0056753,3.3453e-05,6.094,-24.796,0.66536,5.0894,5.7287,0,0.33,0.23066,-0.1527
525.44,-662.46,30.419,0.31174,3.0599,0.005639,3.3497e-05,5.0513,-25.301,0.13839,7.4446,5.7614,0,0.33,0.23066,-0.1567
488.77,-628.38,30.429,0.47442,3.1119,0.0056699,3.4762e-05,5.7184,-27.31,-2.4298,7.4603,5.3543,0,0.33,0.22257,-0.15709
534.2,-674.77,30.381,0.44572,3.2126,0.0057129,3.5313e-05,6.9247,-26.889,-1.7506,4.751,5.1959,0,0.33,0.22258,-0.15309
601.81,-745.64,30.324,0.24427,3.2627,0.0057218,3.4579e-05,7.428,-24.24,1.4902,2.872,5.5229,0,0.33,0.23067,-0.14869
453.51,-570.92,30.181,-0.75532,2.9734,0.005649,3.7437e-05,6.1566,-13.047,1.5718,-0.060891,2.2808,0,0.33,0.27859,-0.13715
519.61,-640.97,30.137,-0.81714,3.0416,0.0056894,3.7858e-05,7.4443,-12.067,1.5068,1.6401,1.7678,0,0.33,0.27859,-0.13305
652.57,-756.41,30.069,-0.97523,2.9323,0.005692,3.5642e-05,7.7349,-10.321,6.596,4.5668,0.40121,0,0.33,0.28653,-0.12925
572.63,-678.13,30.126,-0.90817,2.8743,0.005652,3.4579e-05,6.4314,-11.336,7.1527,2.9854,1.089,0,0.33,0.28653,-0.13327
600.96,-727.77,30.083,-0.88435,3.1098,0.00574,4.0827e-05,9.025,-11.029,1.2738,3.6142,1.2942,0,0.33,0.27859,-0.12893
504.44,-613.1,30.175,-0.84705,2.8153,0.0056202,3.5053e-05,5.3839,-12.293,7.5536,1.5522,1.9356,0,0.33,0.28653,-0.13728
440.12,-601,30.195,-0.47297,3.1021,0.0056745,3.7158e-05,6.6838,-16.062,-0.87498,0.65766,6.3441,0,0.33,0.26266,-0.14066
391.29,-525.44,30.212,-0.59329,3.007,0.0056391,3.8432e-05,5.7183,-14.925,-1.9318,-0.93556,4.4972,0,0.33,0.27062,-0.14085
418.59,-564.26,30.233,-0.4225,3.0186,0.0056368,3.6945e-05,5.5198,-16.914,-2.3044,0.68099,5.2381,0,0.33,0.26266,-0.14468
370.41,-495.49,30.243,-0.53796,2.9314,0.0056074,3.8899e-05,4.7203,-15.79,-3.0849,-0.89922,3.9691,0,0.33,0.27059,-0.14496
408.42,-524.4,30.216,-0.6974,2.9055,0.0056165,3.8042e-05,5.1188,-13.971,1.2654,-1.0736,2.7468,0,0.33,0.27859,-0.14119
433.38,-552.47,30.253,-0.73641,2.6938,0.0055733,3.6218e-05,3.8552,-14.035,6.9997,0.42713,3.6632,0,0.33,0.28653,-0.14527
385.87,-502.55,30.247,-0.64099,2.8376,0.0055898,3.8507e-05,4.2709,-14.834,0.50475,-1.07,3.1125,0,0.33,0.27858,-0.14522
456.37,-569.72,30.216,-0.79061,2.7552,0.0055945,3.5852e-05,4.5417,-13.192,7.5588,0.60613,2.837,0,0.33,0.28653,-0.14128
529.21,-658.27,30.132,-0.99206,2.6709,0.0056191,3.3609e-05,5.4747,-10.784,9.0137,4.3009,3.8514,0,0.33,0.29447,-0.13332
473.42,-599.46,30.185,-0.9328,2.6183,0.0055943,3.4618e-05,4.6254,-11.705,9.8036,3.2447,4.379,0,0.33,0.29447,-0.13731
592,-726.69,30.073,-1.0575,2.7222,0.0056504,3.3344e-05,6.5426,-9.8094,8.0131,5.3986,3.469,0,0.33,0.29447,-0.12932
334.27,-466.45,30.274,-0.9569,2.383,0.005563,3.9299e-05,3.5274,-12.12,6.5057,3.2948,5.5307,0,0.33,0.30241,-0.14131
228.4,-331.11,30.306,-1.0312,2.2577,0.0055509,4.7437e-05,3.0594,-11.809,-1.4815,3.3267,1.8519,0,0.33,0.3104,-0.14131
138.74,-201.16,30.328,-1.0487,2.1688,0.0055226,5.9862e-05,2.1486,-12.323,-5.2042,1.042,-0.7049,0,0.33,0.31851,-0.14527
216.21,-310.6,30.347,-0.98383,2.2095,0.0055396,4.8869e-05,2.6927,-12.57,-1.6717,2.9157,1.2845,0,0.33,0.31041,-0.1453
152.17,-226.53,30.296,-1.0947,2.2069,0.005531,5.6669e-05,2.4179,-11.597,-4.4927,1.3146,0.33573,0,0.33,0.31851,-0.14128
318.32,-447.29,30.317,-0.90816,2.3313,0.0055492,4.0033e-05,3.0713,-12.914,6.5086,2.8388,5.5782,0,0.33,0.30241,-0.1453
431.83,-558.05,30.231,-0.87864,2.5642,0.0055743,3.5566e-05,3.9468,-12.576,10.174,2.4437,4.9812,0,0.33,0.29447,-0.1413
411.25,-540.28,30.274,-0.82737,2.5084,0.0055579,3.6012e-05,3.4015,-13.396,9.8884,2.0847,5.5271,0,0.33,0.29447,-0.14529
361.44,-479.54,30.275,-0.48105,2.8572,0.0055814,3.9211e-05,3.9025,-16.593,-4.402,0.25449,3.4215,0,0.33,0.27056,-0.14906
404.86,-537.04,30.271,-0.36995,2.9371,0.0056059,3.7299e-05,4.5601,-17.707,-3.9893,1.7183,4.1356,0,0.33,0.26265,-0.14871
384.8,-504.87,30.355,-0.46318,2.635,0.0055367,3.7925e-05,2.5806,-17.09,-2.0484,3.8128,3.519,0,0.33,0.27857,-0.15723
384.1,-504.28,30.313,-0.52429,2.7021,0.00555,3.813e-05,3.0089,-16.388,-1.4961,1.8957,3.4856,0,0.33,0.27857,-0.15324
440.37,-569.12,30.417,-0.50167,2.4383,0.0055223,3.5414e-05,2.2092,-16.915,3.6578,5.064,4.8636,0,0.33,0.28653,-0.16123
374.33,-491.51,30.401,-0.40242,2.5687,0.0055269,3.8275e-05,2.266,-17.745,-1.8332,5.1221,3.5193,0,0.33,0.27857,-0.16123
452.01,-583.43,30.37,-0.56333,2.5026,0.0055306,3.5089e-05,2.482,-16.261,3.7765,4.0343,4.8143,0,0.33,0.28653,-0.15724
444.66,-574.47,30.327,-0.62398,2.5671,0.0055415,3.5436e-05,2.8365,-15.566,4.7035,2.5299,4.6582,0,0.33,0.28653,-0.15326
380.91,-499.48,30.278,-0.5837,2.7697,0.0055677,3.8465e-05,3.5715,-15.638,-0.52732,0.034949,3.3593,0,0.33,0.27857,-0.14923
433.07,-558.16,30.289,-0.68157,2.631,0.0055557,3.598e-05,3.2915,-14.825,5.9413,1.1406,4.2894,0,0.33,0.28653,-0.14926
217.21,-305.55,30.385,-0.93695,2.1601,0.0055298,4.8987e-05,2.3923,-13.291,-3.0156,2.9761,0.67909,0,0.33,0.31041,-0.14929
322.61,-451.18,30.358,-0.85948,2.278,0.0055376,3.9919e-05,2.7034,-13.664,5.4726,2.8609,5.5114,0,0.33,0.30241,-0.14929
136.81,-188.83,30.358,-1.0034,2.1293,0.0055152,6.0613e-05,1.9279,-13.012,-7.1809,1.3437,-1.8051,0,0.33,0.31851,-0.14926
430.85,-568.36,30.355,-0.72094,2.3911,0.0055331,3.5255e-05,2.6073,-14.896,7.2144,3.1793,6.0113,0,0.33,0.29447,-0.15327
445.13,-584.15,30.399,-0.66116,2.3307,0.0055244,3.4824e-05,2.3274,-15.582,5.6166,4.2297,5.9829,0,0.33,0.29447,-0.15726
438.16,-574.22,30.445,-0.59805,2.2704,0.0055177,3.509e-05,2.1044,-16.228,4.7739,4.9831,5.9181,0,0.33,0.29447,-0.16125
413.66,-547.05,30.314,-0.77585,2.4506,0.0055442,3.5827e-05,2.9612,-14.169,8.8328,2.3407,5.8845,0,0.33,0.29447,-0.14928
300.66,-357.5,30.367,-1.1946,1.8384,0.0055146,4.4533e-05,2.0582,-10.844,5.7432,1.3475,-1.9201,0,0.33,0.34236,-0.13731
361.81,-424.06,30.335,-1.2586,1.8514,0.005521,4.1174e-05,2.3078,-10.19,3.7013,2.7321,-2.5825,0,0.33,0.34236,-0.13332
354.47,-413.82,30.303,-1.2568,1.6897,0.0055131,4.1646e-05,2.0555,-10.395,2.8556,3.0871,-2.46,0,0.33,0.35029,-0.13332
304.45,-355.95,30.336,-1.1915,1.6784,0.0055081,4.4634e-05,1.8613,-10.999,5.1552,2.2016,-2.3104,0,0.33,0.35029,-0.13731
158.42,-238.7,30.311,-1.1286,2.1343,0.0055159,5.4993e-05,2.0025,-11.467,1.856,-1.0068,4.103,0,0.33,0.32649,-0.14129
202.46,-286.37,30.368,-1.1414,1.9866,0.0055117,4.893e-05,1.915,-11.435,7.3794,-1.1734,4.5244,0,0.33,0.33443,-0.14129
133.64,-202.83,30.332,-1.084,2.1096,0.0055092,5.9048e-05,1.7819,-12.154,1.5538,-1.3349,3.4807,0,0.33,0.32649,-0.14528
164.56,-240.92,30.387,-1.0974,1.97,0.0055055,5.2474e-05,1.7031,-12.08,8.1633,-1.838,4.8798,0,0.33,0.33443,-0.14528
243.53,-294.11,30.395,-1.1412,1.8257,0.0055085,4.8334e-05,1.8319,-11.473,7.9234,0.43868,-1.1158,0,0.33,0.34236,-0.1413
209.27,-244.27,30.396,-1.0935,1.6559,0.0054987,5.1723e-05,1.5144,-12.14,10.078,1.8966,-1.2549,0,0.33,0.3503,-0.14529
196.11,-243.3,30.418,-1.0973,1.8131,0.005503,5.2025e-05,1.6384,-12.075,9.622,-0.37388,-0.13625,0,0.33,0.34236,-0.14529
254.81,-296.79,30.366,-1.1372,1.6672,0.0055032,4.8105e-05,1.6772,-11.581,7.7567,2.0178,-1.9715,0,0.33,0.3503,-0.1413
290.28,-387.8,30.325,-1.2562,1.5302,0.0055063,4.2863e-05,1.8244,-10.64,1.15,2.7591,4.1566,0,0.33,0.35823,-0.13333
250.58,-338.5,30.354,-1.1903,1.5187,0.0055024,4.5621e-05,1.6725,-11.197,3.6232,1.8785,4.3085,0,0.33,0.35823,-0.13732
126.43,-201.76,30.455,-1.1367,1.3678,0.0054949,6.0417e-05,1.3712,-11.936,-0.49356,2.3816,4.5649,0,0.33,0.36619,-0.14127
36.442,-65.406,30.475,-1.1396,1.3135,0.0054892,8.3715e-05,1.1611,-12.162,-11.009,3.4431,-3.0091,0,0.33,0.3743,-0.14099
24.261,-56.293,30.503,-1.0933,1.3019,0.0054869,9.3675e-05,1.0803,-12.591,-8.2393,3.8327,-2.868,0,0.33,0.37443,-0.14472
98.57,-167.1,30.483,-1.0919,1.3561,0.0054918,6.5812e-05,1.2596,-12.411,2.2976,3.1215,4.6928,0,0.33,0.36623,-0.1452
208.19,-284.7,30.382,-1.1356,1.5075,0.0054984,4.8928e-05,1.5217,-11.734,6.4623,2.1484,4.3007,0,0.33,0.35823,-0.14131
168.36,-234.09,30.412,-1.0919,1.4965,0.0054947,5.244e-05,1.3858,-12.251,9.1132,2.8259,4.4349,0,0.33,0.35824,-0.14529
151.43,-226.3,30.402,-1.0576,1.9524,0.0055001,5.4038e-05,1.5357,-12.695,7.5871,-1.9856,4.9645,0,0.33,0.33443,-0.14927
128.69,-190.97,30.352,-1.0412,2.0837,0.0055034,6.0394e-05,1.607,-12.807,-0.1482,-1.048,2.6503,0,0.33,0.32649,-0.14927
220.06,-289.89,30.474,-0.97791,1.7659,0.0054907,4.914e-05,1.2892,-13.715,5.8218,0.84589,1.8001,0,0.33,0.34236,-0.15726
178.57,-236.41,30.454,-1.0231,1.7842,0.0054939,5.3027e-05,1.3648,-13.195,8.7499,-0.60573,1.4698,0,0.33,0.34236,-0.15327
262.09,-334.03,30.504,-0.93612,1.5939,0.0054867,4.5973e-05,1.1897,-14.133,4.6291,3.29,1.2758,0,0.33,0.3503,-0.16125
262.21,-341.25,30.501,-0.92047,1.7446,0.0054884,4.5683e-05,1.2378,-14.211,2.9651,2.3338,2.0297,0,0.33,0.34236,-0.16125
211.12,-270.15,30.474,-0.98839,1.6137,0.0054884,5.0218e-05,1.2204,-13.67,7.9557,2.2165,1.0575,0,0.33,0.3503,-0.15726
172.85,-216.6,30.449,-1.0269,1.6304,0.005491,5.4137e-05,1.2781,-13.185,10.762,1.4002,0.58483,0,0.33,0.3503,-0.15327
169.32,-218.67,30.437,-1.0601,1.7997,0.005498,5.4199e-05,1.481,-12.649,10.122,-0.97142,0.81695,0,0.33,0.34236,-0.14928
174.89,-209.68,30.424,-1.0586,1.644,0.0054945,5.4517e-05,1.3778,-12.675,11.421,1.4717,-0.26874,0,0.33,0.3503,-0.14928
19.56,-48.968,30.533,-1.059,1.2896,0.0054848,0.00010313,1.0105,-13.003,-5.5181,3.799,-2.8204,0,0.33,0.37448,-0.14861
75.919,-135.04,30.513,-1.0579,1.3447,0.0054889,7.2061e-05,1.1614,-12.862,4.849,3.3292,4.8444,0,0.33,0.36625,-0.14917
128.6,-187.54,30.472,-1.0307,1.4735,0.0054883,5.6359e-05,1.1827,-13.217,11.144,2.6177,5.1328,0,0.33,0.35824,-0.15327
162.01,-233.5,30.5,-0.9982,1.4589,0.0054861,5.2761e-05,1.1378,-13.666,8.546,2.8763,5.1584,0,0.33,0.35824,-0.15726
218.19,-301.2,30.53,-0.95108,1.4412,0.0054847,4.7829e-05,1.1222,-14.097,4.7483,3.5224,5.0592,0,0.33,0.35823,-0.16126
135.51,-192.95,30.443,-1.0583,1.4856,0.0054912,5.5747e-05,1.2687,-12.745,11.096,2.8881,4.8155,0,0.33,0.35824,-0.14928
312.58,-402.47,30.602,0.037924,2.5169,0.0055381,4.2608e-05,2.373,-22.606,-2.7768,6.2047,0.48484,0,0.33,0.25463,-0.17291
310.65,-414.72,30.496,-0.29699,2.4378,0.0055135,4.1454e-05,1.8401,-18.925,1.6455,5.2743,3.6164,0,0.33,0.27857,-0.16921
348.87,-460.29,30.45,-0.34557,2.503,0.0055195,3.9452e-05,2.0289,-18.356,-0.5879,5.5699,3.5443,0,0.33,0.27857,-0.16522
403.18,-524.88,30.465,-0.44313,2.3747,0.0055159,3.6713e-05,1.99,-17.528,4.654,5.3633,4.8972,0,0.33,0.28653,-0.16522
344.28,-455.25,30.511,-0.39265,2.3122,0.0055104,3.9092e-05,1.8036,-18.104,6.7028,5.0057,4.9489,0,0.33,0.28653,-0.16921
263.85,-339.58,30.567,-0.064724,2.4918,0.0055243,4.5913e-05,2.027,-21.432,-3.0568,5.1054,0.2539,0,0.33,0.26255,-0.17315
256.29,-342.62,30.544,-0.15998,2.4427,0.0055138,4.5719e-05,1.7876,-20.397,-0.42569,4.5971,1.8209,0,0.33,0.27052,-0.17321
237.06,-306.05,30.605,-0.040287,2.4236,0.0055183,4.8645e-05,1.8667,-21.894,-1.2627,3.6042,0.072212,0,0.33,0.26254,-0.17717
232.06,-314.14,30.581,-0.13433,2.3759,0.0055089,4.7724e-05,1.655,-20.876,1.8361,3.3757,1.8535,0,0.33,0.27052,-0.1772
267.81,-364.51,30.539,-0.26021,2.3727,0.0055084,4.3938e-05,1.6855,-19.455,4.3514,4.4316,3.7083,0,0.33,0.27857,-0.1732
214.86,-301.95,30.588,-0.32904,2.1906,0.0055014,4.6125e-05,1.5068,-19.14,11.458,2.8527,4.9005,0,0.33,0.28653,-0.17719
232.42,-323.61,30.576,-0.23583,2.3073,0.0055039,4.6183e-05,1.556,-19.947,6.6016,3.3157,3.7364,0,0.33,0.27856,-0.17719
275.78,-374.03,30.552,-0.35424,2.2509,0.0055057,4.2424e-05,1.6433,-18.641,9.2833,4.1088,4.9851,0,0.33,0.28653,-0.1732
401,-529.34,30.491,-0.53607,2.2111,0.0055124,3.6432e-05,1.9158,-16.837,5.2046,5.1571,5.892,0,0.33,0.29447,-0.16524
337.55,-453.98,30.536,-0.48096,2.1535,0.0055077,3.9031e-05,1.7461,-17.41,6.9621,4.7539,5.9243,0,0.33,0.29447,-0.16922
223.8,-325.3,30.613,-0.50885,1.9531,0.0055023,4.6383e-05,1.5406,-17.359,4.5978,3.8634,5.6295,0,0.33,0.30241,-0.17322
152.59,-208.8,30.637,-0.58031,1.8584,0.0055004,5.5583e-05,1.4529,-16.871,-6.4858,4.3445,-0.19299,0,0.33,0.31041,-0.17322
86.894,-95.736,30.617,-0.60484,1.8399,0.0054916,7.5169e-05,1.2062,-16.918,-10.914,2.14,-5.4939,0,0.33,0.31851,-0.17719
126.07,-178.67,30.67,-0.54351,1.8098,0.0054976,6.0147e-05,1.3632,-17.352,-3.6745,2.7455,-0.1325,0,0.33,0.31041,-0.17721
95.05,-102.2,30.587,-0.64206,1.8809,0.0054937,6.8705e-05,1.2659,-16.453,-13.604,3.8372,-5.2891,0,0.33,0.31851,-0.1732
167.04,-257.43,30.645,-0.47409,1.9027,0.0054988,5.1129e-05,1.4206,-17.853,7.3681,2.3608,5.8145,0,0.33,0.30241,-0.17721
260.89,-362.42,30.575,-0.43762,2.0979,0.0055035,4.2891e-05,1.5929,-17.947,9.5726,3.7913,5.996,0,0.33,0.29447,-0.17321
189.04,-276.17,30.609,-0.40809,2.0441,0.0054996,4.7534e-05,1.4584,-18.447,12.087,2.3306,6.0119,0,0.33,0.29446,-0.1772
219.24,-298.52,30.612,-0.1166,2.3086,0.0055041,4.8845e-05,1.532,-21.318,2.9681,2.5953,1.8504,0,0.33,0.27052,-0.18119
216.77,-279.97,30.635,-0.023903,2.3567,0.0055125,5.1007e-05,1.7144,-22.314,-0.42764,2.5873,-0.083481,0,0.33,0.26254,-0.18118
254.65,-341.73,30.666,-0.18443,2.106,0.005492,4.5409e-05,1.2378,-21.194,3.2531,4.3821,2.6629,0,0.33,0.27857,-0.18915
227.49,-315.83,30.635,-0.20592,2.1741,0.0054956,4.6889e-05,1.3344,-20.816,6.1497,2.8206,3.2007,0,0.33,0.27856,-0.18516
216.87,-293.02,30.667,-0.28137,2.0118,0.0054902,4.8459e-05,1.1905,-20.403,6.7258,3.4787,2.9782,0,0.33,0.28652,-0.18916
183.44,-260.79,30.641,-0.30108,2.0714,0.0054936,4.9868e-05,1.283,-20.021,10.515,1.8985,3.8618,0,0.33,0.28652,-0.18517
217.09,-304.99,30.607,-0.22022,2.241,0.0054997,4.7366e-05,1.4411,-20.399,7.3899,2.5258,3.5857,0,0.33,0.27856,-0.18117
180.24,-260.01,30.616,-0.31383,2.1308,0.0054974,4.9054e-05,1.3884,-19.599,12.129,1.8189,4.5491,0,0.33,0.28652,-0.18118
111.69,-159.91,30.695,-0.51955,1.7606,0.0054947,6.318e-05,1.2838,-17.8,-1.8316,0.75045,-0.22275,0,0.33,0.31041,-0.1812
131.17,-212.63,30.67,-0.45049,1.8532,0.0054954,5.494e-05,1.3158,-18.312,9.0521,0.65119,5.822,0,0.33,0.30241,-0.1812
83.366,-91.226,30.638,-0.58162,1.7984,0.0054894,7.9861e-05,1.1485,-17.353,-9.2817,0.2148,-5.7401,0,0.33,0.3185,-0.18118
136.69,-209.17,30.653,-0.37528,1.9418,0.0054922,5.3247e-05,1.2352,-19.336,12.387,0.68416,5.207,0,0.33,0.29446,-0.18518
168.03,-241.25,30.674,-0.35492,1.893,0.0054888,5.1728e-05,1.1419,-19.724,9.3428,2.2668,4.3592,0,0.33,0.29446,-0.18917
142.54,-219.15,30.634,-0.38977,1.9919,0.0054959,5.164e-05,1.3404,-18.909,13.325,0.932,5.7935,0,0.33,0.29446,-0.18119
238.98,-315.6,30.561,-0.79187,1.6977,0.0054848,4.7496e-05,1.1199,-15.14,3.1191,2.6337,2.7026,0,0.33,0.34236,-0.16923
270.85,-352.26,30.531,-0.8552,1.7215,0.0054866,4.5002e-05,1.1862,-14.686,1.9028,2.8773,2.3334,0,0.33,0.34236,-0.16524
283.42,-360.02,30.537,-0.8729,1.5721,0.0054853,4.442e-05,1.1572,-14.577,2.9795,3.6867,1.4894,0,0.33,0.3503,-0.16524
259.56,-332.4,30.569,-0.80913,1.5498,0.0054839,4.6188e-05,1.105,-15.003,3.8381,3.3818,1.7828,0,0.33,0.3503,-0.16923
118.04,-149.18,30.534,-0.68185,1.8969,0.0054866,6.6264e-05,1.1037,-16.086,-6.5742,2.5806,-1.2612,0,0.33,0.32649,-0.1732
156.26,-228.57,30.553,-0.71589,1.8018,0.0054838,5.5572e-05,1.0552,-15.804,2.4516,2.0147,3.8762,0,0.33,0.33442,-0.17321
92.036,-119.94,30.56,-0.64314,1.8639,0.0054848,7.436e-05,1.0462,-16.535,-3.7728,1.1881,-1.3858,0,0.33,0.32648,-0.17719
106.95,-168.55,30.577,-0.677,1.7728,0.005482,6.3292e-05,0.98742,-16.236,5.4079,1.0028,3.9943,0,0.33,0.33442,-0.1772
180.99,-246.2,30.588,-0.73915,1.6739,0.0054829,5.3093e-05,1.0427,-15.573,6.0443,2.062,3.0884,0,0.33,0.34236,-0.17322
129.41,-172.48,30.622,-0.71565,1.5078,0.0054805,6.0244e-05,0.96055,-15.798,10.671,1.4956,2.5257,0,0.33,0.35029,-0.17721
114.84,-165.24,30.611,-0.70255,1.6502,0.005481,6.1761e-05,0.96713,-15.984,9.6075,0.97062,3.444,0,0.33,0.34236,-0.17721
202.84,-263.96,30.597,-0.7545,1.5282,0.0054823,5.1214e-05,1.0356,-15.411,6.7014,2.735,2.1316,0,0.33,0.3503,-0.17322
252.52,-338.82,30.562,-0.88998,1.4215,0.0054838,4.5342e-05,1.1062,-14.512,2.3637,3.7527,5.064,0,0.33,0.35823,-0.16525
240.76,-323.68,30.592,-0.82541,1.4012,0.0054827,4.6368e-05,1.0688,-14.91,2.6371,3.4225,5.1556,0,0.33,0.35823,-0.16924
136.88,-205.44,30.682,-0.77817,1.246,0.0054803,5.8696e-05,0.95954,-15.219,-0.97245,3.0287,5.6043,0,0.33,0.36617,-0.17323
8.0913,-39.812,30.713,-0.79025,1.1822,0.0054779,8.2559e-05,0.8571,-15.192,-13.867,4.4185,-2.3374,0,0.33,0.37415,-0.17317
13.053,-37.003,30.739,-0.73966,1.1614,0.0054773,9.1614e-05,0.83073,-15.496,-10.086,3.3568,-1.9335,0,0.33,0.37414,-0.17718
90.496,-149.25,30.706,-0.73066,1.2286,0.0054791,6.7698e-05,0.90528,-15.553,3.1362,2.2077,6.0135,0,0.33,0.36617,-0.17722
192.44,-265.85,30.62,-0.7679,1.3815,0.0054813,5.0688e-05,1.0104,-15.291,5.1637,2.8725,5.2699,0,0.33,0.35823,-0.17323
124,-180.19,30.644,-0.72488,1.3636,0.0054798,5.8962e-05,0.94125,-15.654,9.1937,1.8447,5.4937,0,0.33,0.35823,-0.17722
74.72,-129.75,30.595,-0.65162,1.7424,0.0054802,6.9571e-05,0.93237,-16.641,7.237,-0.24361,4.0472,0,0.33,0.33441,-0.18119
75.147,-100.11,30.578,-0.61772,1.8308,0.0054828,8.0817e-05,0.9923,-16.955,-2.1046,-0.28285,-1.4598,0,0.33,0.32647,-0.18118
106.57,-162.43,30.645,-0.65453,1.5687,0.0054761,6.4246e-05,0.84384,-17.077,7.5861,-0.014766,2.538,0,0.33,0.3422,-0.1892
56.479,-99.681,30.636,-0.67153,1.5995,0.0054775,7.2528e-05,0.86492,-16.737,11.688,-1.3775,3.3087,0,0.33,0.3423,-0.1852
61.275,-95.635,30.649,-0.68221,1.4489,0.0054755,7.4864e-05,0.81518,-16.823,11.452,-1.2767,2.1088,0,0.33,0.35024,-0.18919
30.309,-51.93,30.646,-0.68921,1.4698,0.005477,8.0442e-05,0.84298,-16.506,15.061,-2.0183,2.8069,0,0.33,0.35027,-0.18519
63.799,-104.27,30.627,-0.6826,1.6257,0.0054792,7.0728e-05,0.90548,-16.371,12.118,-0.60074,3.6026,0,0.33,0.34235,-0.1812
60.812,-87.178,30.639,-0.69556,1.4886,0.0054787,7.2545e-05,0.89271,-16.164,14.211,-0.49363,2.8564,0,0.33,0.35029,-0.1812
20.466,-36.119,30.76,-0.70782,1.1401,0.0054766,0.00010016,0.80734,-15.785,-5.0923,1.1239,-1.712,0,0.33,0.37412,-0.18118
41.71,-84.613,30.724,-0.70158,1.2126,0.0054778,8.1827e-05,0.85034,-15.87,7.9243,0.34185,6.4393,0,0.33,0.36616,-0.18121
19.798,-36.334,30.669,-0.69354,1.3332,0.0054765,8.1375e-05,0.82036,-16.315,15.68,-2.2549,5.9534,0,0.33,0.35822,-0.1852
38.836,-61.81,30.668,-0.68983,1.3194,0.0054749,7.811e-05,0.78836,-16.611,13.69,-2.4698,5.4268,0,0.33,0.35822,-0.18918
55.22,-89.678,30.662,-0.70097,1.3474,0.0054781,7.1317e-05,0.87372,-15.995,13.442,-0.14131,5.8332,0,0.33,0.35823,-0.18121
4049.8,-4932.8,27.77,-4.5751,0.76145,0.3256,0.00090384,354.05,28.192,7.0371,10.963,25.59,0,0.33,0.30249,-0.011962
2975.4,-3532.2,28.13,-4.1818,0.64561,0.18162,0.00069893,253.05,24.463,3.956,7.0956,17.842,0,0.33,0.31069,-0.011962
2970.6,-3511.2,28.176,-4.1398,0.85711,0.17684,0.00067059,256.98,23.96,4.7625,7.4808,16.465,0,0.33,0.31069,-0.015949
4097.4,-4918.6,27.832,-4.5269,1.0124,0.31629,0.00086172,360.8,27.598,7.2628,10.08,23.858,0,0.33,0.30249,-0.015949
5038.4,-6690.8,27.137,-5.0475,0.30297,0.6215,0.0013129,468.03,32.873,9.2342,16.977,40.473,0,0.33,0.29445,-0.0039947
4989.5,-6786.3,27.237,-5.0547,0.60478,0.55803,0.0011962,461.45,32.552,11.643,20.092,36.108,0,0.33,0.29445,-0.0079761
6662.8,-9276.8,26.558,-5.5622,0.36483,0.8951,0.0015511,572.93,36.81,13.129,23.565,46.965,0,0.33,0.2865,-0.0039948
6450.1,-9391.1,26.695,-5.5803,0.72755,0.80561,0.0014079,568.26,36.421,15.917,27.296,42.24,0,0.33,0.2865,-0.0079761
5501.9,-6871.6,27.328,-5.03,0.91098,0.51832,0.0011054,463.96,32.047,10.4,15.557,32.832,0,0.33,0.29445,-0.011962
8039.3,-9274.2,26.903,-5.4787,1.445,0.7402,0.001246,589.6,34.975,5.9319,11.754,39.722,0,0.33,0.2865,-0.015948
7558.8,-9444.8,26.813,-5.555,1.093,0.75206,0.0013009,574.11,35.816,11.88,19.051,39.562,0,0.33,0.2865,-0.011962
5713.6,-6828.1,27.407,-4.9726,1.21,0.50541,0.0010532,474.68,31.342,8.5397,12.151,31.455,0,0.33,0.29445,-0.015949
2933.1,-3468.1,28.232,-4.085,1.0645,0.17477,0.0006485,262.64,23.329,5.6541,9.0368,15.447,0,0.33,0.3107,-0.019936
4052.5,-4852.7,27.901,-4.4586,1.257,0.31408,0.00083295,370.49,26.853,7.2051,10.76,22.982,0,0.33,0.30249,-0.019936
5495.9,-6426.8,27.572,-4.7619,1.7657,0.51055,0.0010025,503.01,29.406,3.1944,11.533,32.515,0,0.33,0.29445,-0.023923
5229.4,-6094.4,27.669,-4.6141,2.0099,0.51102,0.00098477,512.16,28.203,0.6109,13.017,33.659,0,0.33,0.29445,-0.02791
6948.1,-7399.4,27.268,-4.7481,2.5857,0.76373,0.0011874,637.14,29.735,-11.713,14.324,48.91,0,0.33,0.28651,-0.031896
7308.8,-7971,27.154,-4.9757,2.3502,0.77232,0.0012017,636.76,31.284,-9.9336,10.539,47.296,0,0.33,0.28651,-0.027909
4904.9,-5705.7,27.78,-4.4457,2.2272,0.50249,0.00096479,513.7,26.864,-1.1419,15.027,34.478,0,0.33,0.29445,-0.031897
7633.5,-8498.4,27.061,-5.1811,2.08,0.7651,0.0012109,626.27,32.689,-6.0134,8.2019,44.699,0,0.33,0.2865,-0.023922
5691.1,-6683.7,27.486,-4.8827,1.4976,0.50641,0.0010232,489.25,30.459,6.0412,11.052,31.568,0,0.33,0.29445,-0.019936
7960.3,-8953.9,26.981,-5.3521,1.777,0.75045,0.0012221,609,33.927,-0.41257,8.3081,41.833,0,0.33,0.2865,-0.019935
8849.4,-12820,26.085,-6.199,0.87219,1.0867,0.0016132,670.46,40.068,17.855,32.719,47.221,0,0.33,0.27857,-0.007976
9114,-12796,25.913,-6.1725,0.43921,1.2005,0.0017784,671.8,40.546,16.515,29.864,51.101,0,0.33,0.27857,-0.0039947
17418,-20612,24.751,-7.6221,1.7505,1.7009,0.0019416,873.26,44.72,-22.419,-0.16535,63.268,0,0.33,0.2627,-0.011961
14920,-16493,25.536,-6.8539,1.5276,1.3397,0.0017085,781.15,42.415,-2.361,12.982,54.321,0,0.33,0.27064,-0.011961
4927.4,-22319,23.755,-8.0777,2.5063,2.2316,0.0022523,987.43,44.312,-83.046,-38.903,86.49,0,0.33,0.25469,-0.015948
14762,-24580,23.845,-8.4611,1.9541,2.1209,0.0022109,956.59,45.973,-51.963,-20.512,72.78,0,0.33,0.25468,-0.011961
10642,-19077,24.745,-7.3566,2.2591,1.7573,0.0019411,901.75,43.297,-47.757,-18.978,73.578,0,0.33,0.2627,-0.015948
13082,-15582,25.588,-6.6783,1.9871,1.3594,0.0016786,806.11,41.213,-21.018,-3.3407,60.831,0,0.33,0.27064,-0.015948
10732,-12698,26.219,-6.1624,1.3027,1.0253,0.0014985,680.8,39.337,8.5618,18.969,46.598,0,0.33,0.27857,-0.011961
11046,-12247,26.303,-6.0489,1.7091,1.0231,0.0014506,701.24,38.331,-3.2677,6.9629,49.526,0,0.33,0.27857,-0.015948
9696.6,-10162,26.506,-5.3411,2.7158,1.0951,0.0014443,753.12,34.019,-26.063,7.1518,62.983,0,0.33,0.27857,-0.027909
9768.2,-10915,26.423,-5.6219,2.4208,1.0804,0.0014434,743.53,35.643,-21.907,2.2556,59.261,0,0.33,0.27857,-0.023922
9530.7,-9400.5,26.622,-5.0402,2.9697,1.0842,0.0014353,750.31,32.245,-26.584,14.377,64.782,0,0.33,0.27858,-0.031896
10638,-14585,25.609,-6.4104,2.4043,1.4123,0.0016894,831.77,39.756,-35.768,-8.8427,68.498,0,0.33,0.27064,-0.019935
7107.7,-17617,24.71,-6.9821,2.7158,1.8436,0.0019788,927.87,41.606,-65.283,-21.821,83.804,0,0.33,0.2627,-0.019935
3205,-20370,23.651,-7.5753,2.9994,2.3605,0.0023236,1012.4,42.376,-101.9,-35.912,98.735,0,0.33,0.25469,-0.019935
10333,-11637,26.362,-5.864,2.0847,1.0506,0.0014407,724.57,37.091,-14.038,1.6083,54.343,0,0.33,0.27857,-0.019935
2684.9,-3378.1,28.528,-3.7111,2.3683,0.23149,0.00065629,343.92,19.794,3.5442,15.63,20.521,0,0.33,0.3025,-0.043862
2131.4,-2570.5,28.778,-3.5107,2.0618,0.11844,0.0004792,238.31,17.291,4.9496,13.917,10.638,0,0.33,0.31071,-0.043864
1955.5,-2362.2,28.882,-3.3898,2.1775,0.098611,0.00043691,217.15,16.004,4.5205,12.229,9.9249,0,0.33,0.31071,-0.047877
2416.7,-3062.4,28.648,-3.5616,2.4847,0.19514,0.00060526,313.66,18.311,3.3802,14.028,19.266,0,0.33,0.3025,-0.047875
4515.3,-5279,27.904,-4.2646,2.4171,0.48122,0.00093829,505.51,25.411,-1.8286,17.004,34.643,0,0.33,0.29445,-0.035884
4062.2,-4829.2,28.039,-4.0781,2.58,0.44577,0.00090239,486.5,23.862,-1.5804,18.363,34.004,0,0.33,0.29445,-0.039871
6452.3,-6804.4,27.403,-4.5102,2.7875,0.7345,0.001163,625.39,28.064,-11.455,18.48,49.171,0,0.33,0.28651,-0.035883
5802.2,-6198.5,27.56,-4.272,2.9571,0.68369,0.0011262,600.84,26.294,-9.6576,22.029,47.979,0,0.33,0.28651,-0.03987
3582.1,-4373.4,28.182,-3.8914,2.7177,0.39736,0.00085586,456.7,22.232,-0.75492,18.702,32.52,0,0.33,0.29446,-0.043862
4299.2,-5016,27.915,-3.8178,3.2111,0.52989,0.0010135,516.39,22.521,-4.1983,25.109,41.67,0,0.33,0.28651,-0.047872
5053.5,-5595.8,27.732,-4.0402,3.0973,0.61384,0.0010763,564.01,24.442,-6.9934,24.313,45.41,0,0.33,0.28651,-0.043861
3134.3,-3934.2,28.327,-3.7074,2.8327,0.33931,0.00079864,417.19,20.532,0.1252,17.999,30.236,0,0.33,0.29446,-0.047873
1793.1,-2167.5,28.98,-3.2648,2.2799,0.077813,0.00038943,191.76,14.659,3.5342,9.9739,9.276,0,0.33,0.3107,-0.051948
2192.6,-2773.9,28.763,-3.41,2.5841,0.156,0.00054616,277.06,16.766,2.6859,11.843,17.698,0,0.33,0.3025,-0.051949
2488.5,-3177.8,28.609,-3.3448,3.0021,0.21219,0.00065363,316.84,16.962,0.5197,14.233,23.868,0,0.33,0.29449,-0.056086
2260.1,-2856.8,28.739,-3.1667,3.0588,0.15379,0.00056898,262.67,15.14,0.16165,11.77,20.161,0,0.33,0.29456,-0.06024
2560.9,-3210.7,28.623,-3.0156,3.4496,0.179,0.00064382,271.2,14.512,0.37911,17.813,20.976,0,0.33,0.28659,-0.064194
2821.1,-3584.9,28.461,-3.2027,3.4172,0.25531,0.00075065,333.17,16.505,0.2167,20.7,26.178,0,0.33,0.28659,-0.060163
2073.1,-2576.1,28.855,-2.9941,3.1018,0.10523,0.00048116,211.62,13.333,-0.36861,9.4916,16.478,0,0.33,0.29458,-0.064335
3169.6,-4008.3,28.285,-3.3993,3.3695,0.34377,0.00084987,397.64,18.524,-0.51134,23.002,31.731,0,0.33,0.28654,-0.056065
2768.8,-3534.2,28.47,-3.5255,2.9272,0.27592,0.00073101,369.7,18.768,0.58035,16.455,27.292,0,0.33,0.29446,-0.051942
3650.4,-4482.6,28.101,-3.6045,3.3014,0.43772,0.00093795,460.03,20.54,-1.9311,24.573,37.028,0,0.33,0.28652,-0.051939
8111.2,-7872.2,26.964,-4.4382,3.3632,0.97227,0.0013726,703.29,28.35,-19.858,28.841,62.015,0,0.33,0.27858,-0.03987
8954.2,-8637.2,26.775,-4.7353,3.1846,1.0431,0.001412,733.71,30.347,-24.186,22.1,64.425,0,0.33,0.27858,-0.035883
11823,-10717,25.802,-4.288,4.3961,1.5391,0.0018692,819.25,28.086,-40.719,65.87,82.367,0,0.33,0.2627,-0.04386
9482.3,-8876.3,26.536,-4.2394,3.9479,1.1793,0.0015767,743.65,27.565,-25.182,47.55,69.512,0,0.33,0.27065,-0.04386
12289,-11178,25.45,-3.8709,4.957,1.758,0.0020948,834.29,24.908,-48.14,94.413,87.094,0,0.33,0.25469,-0.04787
13919,-12399,24.958,-4.2965,4.8238,1.9953,0.0022185,894.98,27.621,-61.206,88.255,96.306,0,0.33,0.25469,-0.043859
10394,-9635.8,26.196,-3.9229,4.5214,1.3462,0.0017662,757.68,25.53,-30.565,70.965,74.038,0,0.33,0.2627,-0.04787
8228.7,-7970.3,26.843,-3.9281,4.067,1.0275,0.0014915,684.45,25.203,-17.558,51.592,62.318,0,0.33,0.27065,-0.04787
7118.6,-7111,27.18,-4.1561,3.5084,0.87613,0.001317,660.1,26.273,-14.611,33.642,57.851,0,0.33,0.27858,-0.043861
6052.8,-6372.4,27.416,-3.8918,3.6234,0.76137,0.0012459,605.86,24.129,-9.4127,36.164,52.329,0,0.33,0.27858,-0.047871
3596.6,-4510.1,28.145,-3.1939,3.8128,0.38186,0.00094061,400.1,17.472,-0.29291,32.628,32.125,0,0.33,0.27859,-0.060103
4224.7,-5076.1,27.907,-3.4119,3.7737,0.50575,0.0010571,472.76,19.695,-2.2418,35.527,38.905,0,0.33,0.27858,-0.056037
3142.3,-3989,28.363,-2.9907,3.8329,0.27299,0.00081406,329.43,15.288,0.80826,28.262,26.024,0,0.33,0.27858,-0.064117
6960,-7116.5,27.165,-3.6411,4.1537,0.86138,0.0013877,616.02,22.785,-11.187,52.574,54.351,0,0.33,0.27065,-0.051937
8943,-8590,26.608,-3.5907,4.6083,1.1352,0.0016413,686.65,22.926,-21.652,71.731,64.971,0,0.33,0.2627,-0.051936
10669,-9990.2,25.964,-3.4884,5.0457,1.4966,0.0019464,763.41,22.162,-36.336,95.135,76.83,0,0.33,0.25469,-0.051936
5045.4,-5689.4,27.661,-3.6444,3.7112,0.63535,0.0011593,542.61,21.928,-5.1628,36.686,45.86,0,0.33,0.27858,-0.051932
1294.4,-1565.6,29.27,-2.4979,2.8853,0.014169,0.00019039,72.669,7.2582,-2.0336,2.1232,7.2072,0,0.33,0.30254,-0.076385
1048.4,-1286.1,29.387,-2.4642,2.6352,0.0092916,0.00017731,52.547,6.2106,-1.4833,0.42033,6.4929,0,0.33,0.31049,-0.076391
942.84,-1170.7,29.443,-2.3404,2.6564,0.0077274,0.00018648,42.109,4.8264,-1.1199,0.8876,6.1067,0,0.33,0.31053,-0.080386
1166.1,-1417.3,29.338,-2.36,2.8973,0.0098656,0.00017348,56.698,5.7367,-1.611,2.0837,6.2972,0,0.33,0.30255,-0.080375
1913,-2337,28.961,-2.8265,3.1333,0.067888,0.00039343,166.23,11.563,-1.0658,7.6477,13.115,0,0.33,0.29459,-0.068379
1755.3,-2121.4,29.059,-2.6631,3.1536,0.041258,0.00031015,127.82,9.8258,-1.6114,6.2537,10.28,0,0.33,0.2946,-0.072385
2356.3,-2892.1,28.77,-2.835,3.4685,0.11774,0.00053219,214.66,12.553,-0.059951,14.793,16.436,0,0.33,0.28661,-0.068257
2164.8,-2611.3,28.904,-2.6589,3.4754,0.072077,0.00042013,165.52,10.634,-0.69905,11.986,12.662,0,0.33,0.28663,-0.072303
1599.4,-1918.9,29.15,-2.5053,3.1642,0.02409,0.00023893,97.127,8.1219,-1.6861,5.0691,8.1335,0,0.33,0.2946,-0.076374
1775,-2102.1,29.132,-2.3249,3.4611,0.022847,0.00023374,94.271,6.9262,-0.98866,7.0023,7.747,0,0.33,0.28665,-0.080346
1971.1,-2347,29.024,-2.4883,3.4727,0.0413,0.00031683,125.34,8.7567,-1.0501,9.3124,9.7889,0,0.33,0.28664,-0.076317
1445.2,-1730.5,29.236,-2.3545,3.1655,0.014376,0.00018952,74.079,6.453,-1.2968,4.0098,6.6668,0,0.33,0.2946,-0.080368
837.39,-1054.7,29.5,-2.2235,2.67,0.0069883,0.00020451,34.41,3.4731,-0.4735,1.2593,5.9364,0,0.33,0.31054,-0.084375
1038.6,-1273.4,29.404,-2.2301,2.9008,0.0079536,0.00017685,45.462,4.2503,-0.86711,1.9027,5.7791,0,0.33,0.30255,-0.084364
1168.1,-1408.1,29.388,-2.0777,3.143,0.0079388,0.0001717,46.604,3.2474,0.060245,1.9561,5.1206,0,0.33,0.2946,-0.088359
1062.1,-1287.4,29.456,-1.9504,3.1204,0.0071714,0.00018962,38.258,1.7077,0.58414,1.2587,4.768,0,0.33,0.29459,-0.092386
1198.8,-1405,29.47,-1.7569,3.3449,0.0071026,0.00019397,36.992,0.16594,1.5297,2.3545,3.4895,0,0.33,0.28653,-0.096609
1297.1,-1527.4,29.395,-1.887,3.3834,0.0077953,0.0001733,45.322,1.7758,1.0097,2.5411,4.3668,0,0.33,0.28656,-0.092487
982.98,-1195.3,29.52,-1.8295,3.091,0.0067502,0.00020576,31.63,0.22036,0.95596,1.1168,4.5282,0,0.33,0.29457,-0.096433
1427,-1684.4,29.316,-2.0245,3.4159,0.0093422,0.00016587,56.261,3.4417,0.27669,3.5114,5.25,0,0.33,0.28661,-0.088394
1297.9,-1557.7,29.315,-2.2119,3.1582,0.0097794,0.00016844,57.857,4.8275,-0.60927,2.9621,5.7169,0,0.33,0.29461,-0.084359
1588.9,-1879.4,29.229,-2.1701,3.4418,0.013355,0.00018258,71.735,5.1547,-0.4999,5.0834,6.304,0,0.33,0.28665,-0.08436
2586.3,-3166.9,28.734,-2.6131,3.8295,0.11528,0.00054457,205.69,11.057,0.19225,19.147,16.222,0,0.33,0.2786,-0.072149
2835.6,-3546.1,28.559,-2.7986,3.8378,0.18386,0.00068091,264.01,13.147,0.82876,23.576,20.702,0,0.33,0.27859,-0.068131
3101.6,-3809.2,28.584,-2.1632,4.508,0.14335,0.00061842,225.41,8.0906,-2.9363,27.926,19.388,0,0.33,0.26265,-0.076362
2687.1,-3285.7,28.742,-2.3267,4.1613,0.099408,0.00051089,189.1,8.8128,-1.0651,21.044,16.153,0,0.33,0.2706,-0.076334
3089.4,-3774,28.648,-1.7643,4.7417,0.12268,0.00057665,205.97,4.5373,-3.7638,27.085,17.217,0,0.33,0.25468,-0.080324
3616.5,-4411.8,28.418,-1.939,4.8446,0.2106,0.00076526,267.87,6.7707,-4.5384,37.024,21.547,0,0.33,0.25468,-0.076334
2670.7,-3276.3,28.778,-1.987,4.4312,0.081559,0.00045871,171.98,5.9119,-3.1399,20.684,16.008,0,0.33,0.26265,-0.080352
2353.8,-2856.2,28.906,-2.1517,4.1108,0.055241,0.00037446,142.68,6.7266,-1.5735,15.789,13.232,0,0.33,0.27061,-0.080349
2337.1,-2812.8,28.889,-2.4335,3.8101,0.067033,0.00041383,156.45,9.0251,-0.42444,14.876,12.69,0,0.33,0.27862,-0.076201
2082.6,-2483.8,29.024,-2.2616,3.7813,0.03667,0.00030101,117.25,7.0521,-0.72817,11.203,10.087,0,0.33,0.27865,-0.080299
1457.8,-1720.8,29.342,-1.8075,3.6607,0.0088879,0.00016828,52.895,1.5541,0.042624,4.9998,5.6108,0,0.33,0.27855,-0.092388
1626.1,-1925.4,29.247,-1.9487,3.7062,0.012023,0.00017669,67.156,3.3215,-0.18157,6.1864,6.8568,0,0.33,0.27858,-0.088352
1328.6,-1564.5,29.432,-1.6734,3.6093,0.0076089,0.00018057,42.468,-0.15106,-0.063949,4.7535,4.4223,0,0.33,0.27855,-0.096487
2046.3,-2477.9,29.046,-1.9877,4.0537,0.029552,0.00026766,106.77,4.722,-1.7967,11.689,11.217,0,0.33,0.2706,-0.084347
2304.8,-2825.3,28.94,-1.8231,4.348,0.044218,0.00032911,129.65,3.8277,-3.3888,15.075,13.663,0,0.33,0.26265,-0.084341
2668.1,-3243,28.837,-1.6037,4.6326,0.067318,0.00041688,155.78,2.4042,-3.4801,19.361,14.164,0,0.33,0.25468,-0.084315
1839,-2185.5,29.142,-2.0997,3.7463,0.019866,0.00021914,87.829,5.1498,-0.59708,8.3239,8.2447,0,0.33,0.27863,-0.084342
1009.7,-1221.4,30.073,0.46757,4.0887,0.0066475,0.00014969,25.394,-25.449,-3.5147,11.618,6.2151,0,0.33,0.21466,-0.12462
1099.9,-1328.7,29.979,0.43587,4.222,0.0069521,0.00018746,29.855,-24.68,-3.4213,12.725,6.8853,0,0.33,0.21466,-0.12047
1027,-1227.7,30.035,0.24864,4.0406,0.0064657,0.00012381,22.855,-22.432,-1.2331,10.252,5.8313,0,0.33,0.22269,-0.12458
1121.6,-1341.3,29.944,0.20815,4.1699,0.0067242,0.00016094,26.976,-21.545,-1.6821,11.616,6.2495,0,0.33,0.22266,-0.1205
1214.2,-1455.8,29.925,0.65132,4.3853,0.0076931,0.00019826,39.032,-27.45,-2.7115,13.368,7.2281,0,0.33,0.20669,-0.11648
1351.7,-1596.4,29.828,0.63167,4.5279,0.008426,0.00018024,47.019,-26.708,-1.9099,12.753,7.2877,0,0.33,0.20671,-0.11245
1209.8,-1453.4,29.881,0.4022,4.3573,0.0073861,0.00020223,35.494,-23.85,-2.9812,12.995,7.342,0,0.33,0.21467,-0.11643
1347.5,-1610,29.744,0.12064,4.4382,0.0076489,0.00019829,38.853,-19.586,-1.5865,12.256,7.0986,0,0.33,0.22263,-0.11247
1223.8,-1465.5,29.846,0.16518,4.3021,0.0070911,0.00019575,32.133,-20.601,-1.757,12.183,6.6731,0,0.33,0.22264,-0.11647
1345.9,-1603.5,29.78,0.36919,4.4968,0.0080468,0.00018859,42.948,-22.958,-2.4083,12.818,7.6203,0,0.33,0.21468,-0.11243
1167.4,-1371.4,29.914,-0.014558,4.0777,0.006532,0.00013522,24.556,-18.743,0.74615,10.75,5.0472,0,0.33,0.23067,-0.12064
1063.7,-1253.3,30.003,0.033841,3.9543,0.0063178,0.00010381,20.78,-19.728,1.2319,9.438,4.7395,0,0.33,0.23068,-0.12465
1174.3,-1378.6,29.745,-0.49888,3.9196,0.0064956,0.00014545,25.193,-12.937,0.53398,9.4401,4.3343,0,0.33,0.24661,-0.11663
1291.2,-1488.1,29.785,-0.29046,4.0691,0.0066315,0.0001569,26.958,-15.144,1.7302,10.429,3.5525,0,0.33,0.23863,-0.11667
1079.5,-1351.5,29.655,-0.77095,3.8683,0.0066126,0.00017595,27.607,-9.723,-1.6222,8.3924,9.0564,0,0.33,0.25463,-0.11259
963.85,-1220.2,29.749,-0.68527,3.7693,0.0063595,0.00013124,22.973,-11.08,-1.056,8.5914,8.8456,0,0.33,0.25458,-0.11668
1291.9,-1514.7,29.647,-0.57752,4.0315,0.0067969,0.00018895,30.225,-11.617,0.59495,9.1586,4.8698,0,0.33,0.24668,-0.11249
1415.2,-1631.8,29.684,-0.35857,4.192,0.0069899,0.00019165,32.36,-13.907,1.7213,10.347,4.0955,0,0.33,0.23864,-0.11265
1281.8,-1501.1,29.817,-0.067497,4.2042,0.0068291,0.00017762,29.202,-17.686,0.44813,11.304,5.4341,0,0.33,0.23066,-0.11663
1413.1,-1649.7,29.715,-0.12443,4.3351,0.0072746,0.00019894,35.153,-16.552,0.28436,11.376,5.8706,0,0.33,0.23065,-0.11261
1510,-1769.7,29.73,0.61545,4.678,0.0095625,0.00016647,57.71,-25.933,-1.186,12.414,7.2208,0,0.33,0.20672,-0.10845
1707.6,-2013.2,29.568,0.30605,4.798,0.010998,0.00016525,66.709,-21.002,-1.3376,13.113,7.9004,0,0.33,0.21468,-0.10445
1943,-2282.1,29.452,0.27399,4.9607,0.014452,0.00016874,85.443,-19.921,-1.2812,14.571,7.9811,0,0.33,0.21467,-0.10045
2203.1,-2615,29.276,-0.081327,5.0486,0.021587,0.00020793,102.55,-14.713,-1.4683,16.975,9.0586,0,0.33,0.22261,-0.096476
1922.2,-2277.9,29.407,-0.025251,4.8852,0.014038,0.00017893,78.107,-16.06,-1.2339,14.058,8.4429,0,0.33,0.22261,-0.10047
2217.8,-2614.6,29.323,0.24016,5.132,0.021028,0.00018828,110.73,-18.771,-1.4386,17.8,8.1321,0,0.33,0.21466,-0.09645
1693.1,-2010,29.526,0.026359,4.7291,0.010385,0.00017197,60.516,-17.321,-1.1967,12.725,7.9499,0,0.33,0.22261,-0.10446
1510.6,-1790.3,29.676,0.3376,4.6435,0.0091198,0.00017296,53.008,-22.012,-1.7881,12.709,7.805,0,0.33,0.21468,-0.10844
1503.4,-1790.2,29.638,0.074678,4.5802,0.0085893,0.00018026,47.935,-18.495,-1.336,12.29,7.5262,0,0.33,0.22262,-0.10846
1560,-1799.8,29.579,-0.43177,4.3193,0.0075923,0.00019359,39.472,-12.578,1.7299,10.12,4.7256,0,0.33,0.23864,-0.10861
1428.6,-1671.6,29.546,-0.66259,4.1466,0.0072764,0.00019962,36.707,-10.194,0.62918,8.7096,5.4645,0,0.33,0.24673,-0.10838
1212.8,-1502.2,29.558,-0.86545,3.9704,0.0069948,0.00019927,33.495,-8.2593,-2.0824,7.9649,9.2006,0,0.33,0.2547,-0.10844
1949.1,-2280,29.379,-0.31773,4.7635,0.013115,0.00018537,70.294,-12.62,0.51649,12.605,7.8734,0,0.33,0.23056,-0.10048
1743.5,-2035.4,29.497,-0.24934,4.6146,0.0096164,0.00017726,54.359,-14.027,0.40412,11.604,7.0226,0,0.33,0.23058,-0.10451
2201.6,-2588.9,29.249,-0.39152,4.9175,0.020901,0.00022102,93.028,-11.117,0.24539,15.128,8.914,0,0.33,0.23055,-0.096486
1566.6,-1827.2,29.608,-0.18498,4.4716,0.0080408,0.00018749,43.158,-15.336,0.27045,11.361,6.3801,0,0.33,0.23061,-0.10855
653.84,-852.17,29.769,-1.5783,2.7677,0.0059324,7.9041e-05,14.757,-3.8698,-1.0743,4.0937,5.7155,0,0.33,0.30254,-0.1085
469.49,-654.34,29.834,-1.641,2.6042,0.0058046,5.9059e-05,11.216,-4.0275,-2.6783,3.9929,5.6644,0,0.33,0.3105,-0.10857
451.84,-637.06,29.899,-1.548,2.568,0.0057372,4.6988e-05,9.289,-5.1997,-4.1151,5.1971,5.2329,0,0.33,0.31045,-0.11294
631.99,-830.89,29.839,-1.476,2.7221,0.0058305,5.7564e-05,12.095,-5.1427,-1.0388,5.3877,5.5668,0,0.33,0.30249,-0.1129
927.31,-1128.1,29.582,-1.7152,3.0556,0.0064555,0.00018678,26.217,-1.1994,1.251,1.5761,4.2979,0,0.33,0.29457,-0.10043
886.18,-1075.1,29.645,-1.6063,3.0151,0.0062319,0.00013977,21.712,-2.5681,1.7045,2.5336,4.0693,0,0.33,0.29459,-0.1044
1119.4,-1304.3,29.543,-1.6348,3.3016,0.0066899,0.00020127,30.369,-1.3609,2.1131,2.8231,2.6191,0,0.33,0.28653,-0.10067
1052.7,-1217.6,29.615,-1.5215,3.2549,0.0064013,0.00016832,25.037,-2.8104,2.9436,3.7457,1.8059,0,0.33,0.28654,-0.10466
852.04,-1033.8,29.712,-1.5003,2.971,0.0060579,9.8912e-05,17.857,-3.9307,2.352,3.9296,3.8381,0,0.33,0.29459,-0.10846
938.39,-1077.6,29.77,-1.3129,3.1538,0.0060235,8.5444e-05,16.879,-5.6032,4.4203,6.2373,0.38634,0,0.33,0.28655,-0.11284
995.19,-1145.1,29.69,-1.415,3.206,0.0061872,0.00012021,20.622,-4.2249,3.7437,5.0344,1.0496,0,0.33,0.28655,-0.10868
814.8,-992.32,29.786,-1.3957,2.9226,0.0059212,6.9642e-05,14.521,-5.2753,3.2913,5.3106,3.5479,0,0.33,0.29456,-0.11276
689.8,-822.07,30.019,-0.95777,3.1771,0.0058038,4.7629e-05,10.924,-9.921,1.0455,5.4213,0.95151,0,0.33,0.27859,-0.12485
779.34,-917.71,29.945,-1.0377,3.2435,0.0058853,5.9344e-05,13.188,-8.7425,0.88751,6.7198,0.79143,0,0.33,0.27858,-0.12081
734.68,-838.57,30.003,-1.0487,2.989,0.0057431,3.9616e-05,9.3427,-9.2454,6.0537,5.9094,-0.047786,0,0.33,0.28653,-0.12524
811.08,-918.59,29.93,-1.129,3.0446,0.00581,4.7933e-05,11.324,-8.1073,5.5746,6.6912,-0.21549,0,0.33,0.28653,-0.1212
817.95,-1046.5,29.852,-1.001,3.4706,0.0060867,9.2473e-05,17.964,-8.3678,-2.8938,7.7821,5.9661,0,0.33,0.27064,-0.1167
836.88,-1112.2,29.805,-0.85036,3.6169,0.0062099,0.00011034,20.329,-9.5606,-2.5302,8.1642,10.191,0,0.33,0.26267,-0.11669
947.49,-1238.4,29.714,-0.94035,3.7052,0.0064163,0.00014878,24.487,-8.208,-3.5213,8.2944,10.217,0,0.33,0.26267,-0.11267
921.41,-1162.5,29.764,-1.0942,3.5481,0.0062547,0.00012417,21.649,-7.0274,-3.5758,8.0616,6.0412,0,0.33,0.27064,-0.1127
865.55,-1015,29.864,-1.1245,3.3088,0.0059918,7.7424e-05,15.915,-7.4931,0.73123,7.3885,0.83922,0,0.33,0.27858,-0.11678
878.07,-999.87,29.851,-1.2168,3.0993,0.0059001,6.228e-05,13.789,-6.8991,5.0516,6.8121,-0.069434,0,0.33,0.28653,-0.11707
949.05,-1111.2,29.778,-1.2187,3.373,0.0061338,0.00010454,19.245,-6.1684,0.52969,7.3804,1.1324,0,0.33,0.27858,-0.11274
431.53,-609.08,29.966,-1.456,2.5273,0.0056871,4.0691e-05,7.7535,-6.3116,-5.005,6.012,4.7714,0,0.33,0.31041,-0.1172
602.2,-789.84,29.912,-1.3779,2.674,0.005754,4.4651e-05,9.9133,-6.3396,-0.43084,6.2276,5.4125,0,0.33,0.30243,-0.11724
714.06,-861.96,29.937,-1.2088,2.8224,0.0057445,4.0406e-05,9.5969,-7.6915,5.8354,6.4925,3.2043,0,0.33,0.29447,-0.12131
654.93,-795.96,30.007,-1.1296,2.7726,0.0056908,3.509e-05,7.8911,-8.78,6.9443,6.2242,3.2562,0,0.33,0.29446,-0.12533
768.01,-930.8,29.862,-1.297,2.872,0.0058183,5.0995e-05,11.763,-6.5311,4.5715,6.1743,3.298,0,0.33,0.2945,-0.11715
1121.2,-1308.9,29.605,-1.4289,3.495,0.0065855,0.00018938,28.235,-3.3054,0.078847,5.8323,2.4655,0,0.33,0.27857,-0.1047
1218.9,-1429.8,29.519,-1.5466,3.5532,0.006972,0.00020083,34.457,-1.7727,-0.11386,5.1176,3.3671,0,0.33,0.27856,-0.10062
1074.8,-1380.6,29.619,-1.0407,3.7958,0.0067128,0.00018988,29.674,-6.7562,-4.351,8.0592,10.125,0,0.33,0.26268,-0.10858
1032.1,-1284,29.672,-1.1969,3.6256,0.0064857,0.00016986,26.167,-5.6038,-4.0182,7.8291,6.1823,0,0.33,0.27064,-0.10868
1033,-1205.3,29.691,-1.3201,3.4353,0.0063238,0.00014411,23.296,-4.7682,0.3204,6.7283,1.697,0,0.33,0.27858,-0.10871
2322.3,-2736.7,29.093,-1.0698,4.6463,0.026829,0.00025974,100.21,-3.6109,-0.48163,13.067,9.0327,0,0.33,0.24667,-0.092299
2662.7,-3165.3,28.942,-1.1959,4.7808,0.051372,0.00036626,135.53,-1.6995,-1.1647,18.005,10.928,0,0.33,0.24663,-0.088272
2483.7,-2922.9,29.093,-0.78178,4.8796,0.033878,0.00029241,112.68,-6.2905,0.96574,16.671,9.1174,0,0.33,0.23853,-0.092465
2854.4,-3395.1,28.926,-0.89262,5.0302,0.064948,0.00041335,152.72,-4.4348,-0.23571,23.069,11.207,0,0.33,0.23852,-0.088451
2558.1,-3050.2,29.122,-0.14359,5.2196,0.037173,0.00026819,135.99,-13.278,-1.9114,22.452,9.8536,0,0.33,0.22261,-0.092487
2527.7,-2994.1,29.1,-0.4736,5.0766,0.037459,0.00029336,124.82,-9.5115,-0.63159,19.923,10.14,0,0.33,0.23055,-0.092497
2950,-3525,28.92,-0.56731,5.2408,0.070647,0.00040985,168.15,-7.7869,-1.9576,27.783,11.844,0,0.33,0.23055,-0.088505
3016.5,-3644.8,28.935,-0.21334,5.3981,0.070285,0.00037509,182.6,-11.75,-2.9459,32.051,11.119,0,0.33,0.22261,-0.088496
7099.6,-6311.8,28.528,1.2765,-2.4479,1.3349,0.0011441,666.44,-29.682,61.803,282.04,16.447,0,0.33,0.015427,-0.20028
5381.7,-2880.8,29.883,1.0053,-2.1747,0.41127,0.00063268,321.89,-30.71,82.235,118.09,3.5326,0,0.33,0.015423,-0.20826
31735,-7139.5,28.079,0.72344,-2.5631,0.98051,0.00070759,752.16,-28.178,196.46,323.64,-125.29,0,0.33,0.0075022,-0.20026
7925.9,-2141.4,29.678,0.57583,-2.2883,0.34396,0.00043809,328.87,-29.399,155.95,128.36,-12.792,0,0.33,0,-0.20824
45249,-5990.3,28.409,0.52498,-2.5094,0.52565,0.00039808,669.52,-28.113,269.09,288.62,-198.07,0,0.33,0,-0.20025
1534.3,-6833.4,28.767,1.82,-2.2255,1.5608,0.0014761,672.41,-31.8,19.144,260.89,57.443,0,0.33,0.023349,-0.2003
2617.7,-3070.3,30.34,1.7425,-1.6739,0.35353,0.00070413,254.7,-34.035,2.5304,80.022,17.767,0,0.33,0.031268,-0.20831
3032.3,-5116.9,29.546,2.0968,-1.8137,1.0741,0.0013247,500.41,-34.272,10.692,178.13,51.697,0,0.33,0.031277,-0.20032
1780.7,-3188.2,30.45,2.5131,-1.0015,0.43188,0.00096675,276.03,-39.52,5.4355,74.968,32.278,0,0.33,0.047113,-0.20038
2056.7,-2220.6,30.73,2.1516,-0.97765,0.15161,0.00043781,151.22,-38.148,-3.0246,34.716,11.189,0,0.33,0.047113,-0.20836
1820.6,-2728.4,30.715,2.6277,-0.63037,0.25149,0.00075317,203.99,-42.099,3.9814,45.459,22.619,0,0.33,0.05503,-0.20041
1425.6,-1617.4,30.951,2.2642,-0.28805,0.049027,0.00022705,85.601,-41.451,-4.4798,12.503,5.7112,0,0.33,0.062975,-0.20842
1806.2,-2299.8,30.909,2.5487,-0.27774,0.11173,0.00044077,132.17,-43.427,0.40223,21.132,11.735,0,0.33,0.062972,-0.20044
3757.3,-4245.4,29.966,2.4386,-1.3831,0.82375,0.001291,416.54,-37.112,2.1401,134.66,50.982,0,0.33,0.039197,-0.20035
1340,-1974.7,31.028,2.5726,0.10736,0.054754,0.00030038,97.112,-45.122,-1.6989,11.015,7.3442,0,0.33,0.071003,-0.20047
876.66,-1044,31.104,2.2651,0.32545,0.017113,0.000137,51.221,-43.687,-5.5807,7.5765,4.5521,0,0.33,0.078942,-0.20848
981.8,-1496.7,31.106,2.4986,0.38147,0.027062,0.00020136,68.69,-45.919,0.32262,6.7497,5.522,0,0.33,0.078963,-0.2005
779.54,-1329.3,31.178,2.4838,0.64668,0.015671,0.00015186,52.792,-46.993,0.4981,5.6633,5.1669,0,0.33,0.086888,-0.20054
553.99,-692.43,31.205,2.1836,0.77427,0.0091821,9.6469e-05,32.209,-44.612,-2.7341,7.1253,3.113,0,0.33,0.094808,-0.20855
744.5,-1087.2,31.215,2.3525,0.8605,0.010797,0.00011375,39.806,-46.761,-1.2366,4.3382,3.9348,0,0.33,0.094807,-0.20057
434.33,-652.75,31.192,1.8919,1.4578,0.0064844,5.8835e-05,17.445,-44.704,-1.7555,6.5034,0.5543,0,0.33,0.12676,-0.20044
333.34,-421.82,31.216,1.8089,1.3696,0.0063298,5.7901e-05,14.711,-43.134,-2.9691,8.779,1.8573,0,0.33,0.12664,-0.20884
545.12,-831.63,31.222,2.0281,1.3362,0.0067938,6.2533e-05,21.148,-45.982,3.2033,3.8342,-0.19203,0,0.33,0.11861,-0.20071
562.55,-774.28,31.239,2.1473,1.2091,0.0073977,7.7912e-05,25.28,-46.482,3.2654,3.5619,0.718,0,0.33,0.11065,-0.20065
425.11,-554.36,31.23,2.015,1.1038,0.0070373,6.9986e-05,21.357,-44.294,-1.6003,7.3775,1.4299,0,0.33,0.11067,-0.20864
633.4,-953.33,31.253,2.2807,1.0994,0.0083712,9.1928e-05,31.576,-46.962,1.0354,3.76,2.2991,0,0.33,0.10273,-0.20061
272.73,-440.08,31.158,1.6902,1.7144,0.0060733,5.1438e-05,11.746,-42.688,-2.945,9.2086,2.7739,0,0.33,0.14269,-0.20049
369.61,-584.69,31.168,1.7918,1.6243,0.0062509,5.19e-05,14.736,-43.939,-1.7603,7.9063,1.5998,0,0.33,0.13473,-0.2005
237.76,-310,31.206,1.6267,1.6246,0.0059853,5.3413e-05,9.8485,-41.356,-3.9678,9.5406,2.8152,0,0.33,0.14271,-0.20851
268.43,-454.55,31.148,1.6006,1.8285,0.0059277,4.5833e-05,9.396,-41.811,-3.7229,9.1094,3.1653,0,0.33,0.15062,-0.20071
255.92,-391.06,31.136,1.4786,1.8971,0.0058164,4.6558e-05,7.2414,-40.296,-4.0061,9.0454,2.6424,0,0.33,0.1586,-0.20063
220.95,-280.38,31.191,1.4473,1.7921,0.0057754,5.1287e-05,6.2749,-39.364,-1.6437,8.6001,2.2957,0,0.33,0.15861,-0.20862
225.06,-313.45,31.022,0.99933,2.0778,0.0056016,4.8457e-05,3.1823,-34.662,-5.252,9.0941,1.8802,0,0.33,0.19044,-0.20007
300.79,-415.84,31.047,1.1209,2.0247,0.005634,4.1879e-05,3.8432,-36.318,-0.93405,9.1532,1.6639,0,0.33,0.18253,-0.20048
225,-294.94,31.083,0.98732,1.9669,0.0055898,5.0592e-05,2.9111,-34.227,-0.67696,6.4435,1.3854,0,0.33,0.19045,-0.20809
262.22,-328.29,31.147,1.2194,1.8748,0.0056565,4.7394e-05,4.1335,-36.975,-0.23954,7.6633,1.5148,0,0.33,0.17456,-0.20882
293.91,-386.82,31.088,1.2482,1.9921,0.0056754,4.4184e-05,4.587,-37.603,0.3746,8.9637,1.4311,0,0.33,0.17456,-0.20072
277.49,-404.96,31.112,1.3747,1.9943,0.0057288,4.355e-05,5.6293,-39.036,-1.396,8.7616,1.9261,0,0.33,0.16658,-0.20056
171.05,-249.82,30.989,0.89978,2.1649,0.0055731,5.2222e-05,2.6334,-33.261,-3.3394,8.6561,1.9466,0,0.33,0.19839,-0.20007
190.39,-250.68,31.036,0.80038,2.0323,0.0055442,5.338e-05,2.0652,-31.839,0.45663,4.7699,1.6172,0,0.33,0.20662,-0.20902
195.62,-266.47,30.983,0.80965,2.137,0.0055512,5.1407e-05,2.2122,-32.009,-0.23213,8.0272,2.1713,0,0.33,0.20662,-0.20103
226.76,-314.1,30.956,0.70244,2.1441,0.0055336,4.754e-05,1.8991,-30.692,-1.0016,7.8741,2.3604,0,0.33,0.21459,-0.20104
192.94,-255.01,30.994,0.60271,2.0124,0.0055181,5.2555e-05,1.5869,-29.488,3.2021,3.2328,1.9503,0,0.33,0.22252,-0.20904
218.51,-296.67,30.945,0.59236,2.1256,0.0055219,4.892e-05,1.6677,-29.405,-0.16982,6.9587,2.3615,0,0.33,0.22253,-0.20106
236.81,-300.97,30.913,0.38782,2.0417,0.005508,4.8513e-05,1.422,-27.043,3.4848,6.1769,1.7038,0,0.33,0.23842,-0.2011
200.17,-265.54,30.96,0.40264,1.9262,0.0055051,5.1682e-05,1.3591,-27.271,1.5673,2.536,0.97624,0,0.33,0.23841,-0.20907
237.55,-306.37,30.89,0.2792,1.9771,0.0055053,4.6715e-05,1.3985,-25.926,-2.9908,6.6052,0.27355,0,0.33,0.24641,-0.20112
172.36,-230.87,30.898,0.2036,1.9042,0.0054958,5.7744e-05,1.1908,-25.195,-1.2562,1.3911,-0.25959,0,0.33,0.25439,-0.2091
179.14,-221.96,30.855,0.17169,2.0035,0.0054985,5.4346e-05,1.2509,-24.84,-7.5411,5.3662,-0.83024,0,0.33,0.25437,-0.20113
225.49,-295.18,30.921,0.48231,2.1338,0.0055121,4.8635e-05,1.4861,-28.155,3.0327,6.7235,2.3589,0,0.33,0.23047,-0.20108
140.14,-194.72,30.838,0.049038,1.8873,0.0054872,6.1047e-05,1.0293,-23.411,1.0406,0.067379,0.9068,0,0.33,0.27054,-0.20909
141.74,-181.29,30.806,0.07301,2.069,0.0054921,6.0147e-05,1.1197,-23.795,-2.6455,5.2362,-0.048608,0,0.33,0.26242,-0.20114
152.76,-716.19,30.871,0.72382,-1.3137,0.016418,6.9337e-05,36.028,-32.051,36.613,7.2008,27.804,0,0.33,0,-0.24023
302.08,-688.73,30.92,0.96528,-1.0618,0.01283,6.3516e-05,35.133,-33.225,18.64,5.6108,14.647,0,0.33,0.031231,-0.24028
946.56,-1348.6,30.831,1.243,-1.3569,0.042011,0.00016037,79.731,-33.47,7.8256,12.033,7.6203,0,0.33,0.031255,-0.22429
379.42,-560.67,31.062,1.3716,-0.35757,0.0080166,5.5307e-05,26.782,-35.601,-0.80782,3.7413,1.8331,0,0.33,0.062975,-0.24038
253.11,-401.53,31.185,1.5078,0.3263,0.0064503,5.2263e-05,15.15,-37.367,-1.7168,2.6078,1.6276,0,0.33,0.094808,-0.24055
336.37,-616.58,31.222,1.8354,0.50716,0.0068818,5.4016e-05,21.249,-40.534,1.4848,3.8158,2.8696,0,0.33,0.094811,-0.22451
292.57,-576.58,31.257,1.7539,0.76113,0.0063592,4.6325e-05,15.394,-40.616,1.8628,3.4447,1.6793,0,0.33,0.11068,-0.2246
191.15,-290.57,31.211,1.3585,0.8301,0.0059285,5.4505e-05,8.0047,-37.009,-0.27949,1.3898,1.0601,0,0.33,0.12665,-0.24084
269.34,-498.42,31.241,1.5645,1.0183,0.0060498,4.4557e-05,10.724,-39.442,-0.82876,2.8526,1.5648,0,0.33,0.12662,-0.2248
215.62,-373.21,31.206,1.2821,1.4409,0.0057082,4.5565e-05,5.0081,-36.971,2.7069,0.41939,1.1506,0,0.33,0.15862,-0.22458
243.53,-449.18,31.241,1.4547,1.3013,0.0058414,4.252e-05,7.4439,-38.395,0.33038,2.1144,1.8517,0,0.33,0.14271,-0.22449
155.75,-238.56,31.18,1.1253,1.1783,0.0056677,5.6026e-05,3.8543,-34.928,-1.033,1.2204,0.66913,0,0.33,0.15861,-0.24052
245.93,-361.68,31.17,1.111,1.5411,0.0056215,4.5526e-05,3.4669,-35.39,1.8277,-0.3746,0.58531,0,0.33,0.17457,-0.22483
118.45,-199.25,31.107,0.83593,1.3953,0.0055544,6.048e-05,1.999,-32.118,-0.24441,0.94822,0.47814,0,0.33,0.19054,-0.24097
204.41,-298.07,31.099,0.8911,1.6321,0.0055685,5.1782e-05,2.4523,-32.927,-0.4107,-0.18123,0.39164,0,0.33,0.19057,-0.22495
129.27,-207.67,31.003,0.5711,1.7157,0.0055098,5.8264e-05,1.3881,-29.173,3.7328,-0.6364,0.83177,0,0.33,0.22252,-0.22499
162.34,-239.48,31.047,0.72965,1.7517,0.0055281,5.5921e-05,1.7303,-30.964,2.5916,-0.60348,0.71816,0,0.33,0.20661,-0.22502
107.17,-173.94,31.029,0.56065,1.4599,0.0055033,6.3476e-05,1.1761,-28.843,-0.23676,0.87884,0.053025,0,0.33,0.22246,-0.24098
136.87,-167.42,30.89,0.22598,1.6536,0.0054894,6.6097e-05,1.0263,-25.468,-1.487,-1.8077,-0.93671,0,0.33,0.25439,-0.22504
149.06,-198.86,30.97,0.41127,1.6638,0.0054984,5.8352e-05,1.2054,-27.402,1.317,-1.5123,-0.039828,0,0.33,0.23841,-0.22501
89.316,-150.25,30.923,0.28566,1.4504,0.0054848,7.0138e-05,0.87761,-25.739,-0.78429,1.0268,0.21522,0,0.33,0.25437,-0.24104
64.886,-110.35,30.835,-0.017235,1.5493,0.0054788,7.6662e-05,0.82043,-22.624,4.4306,-1.6384,2.5813,0,0.33,0.28648,-0.22504
64.568,-116.13,30.879,0.04783,1.3528,0.0054754,7.7633e-05,0.71552,-23.054,-0.92108,0.95955,0.49126,0,0.33,0.28638,-0.24103
83.449,-124.07,30.819,0.072563,1.6849,0.0054819,7.5303e-05,0.89072,-23.816,2.7617,-3.0939,0.92254,0,0.33,0.27052,-0.22503
47.189,-69.257,30.779,-0.22275,1.3762,0.0054734,9.5135e-05,0.70941,-20.331,-3.4555,-1.8324,-2.0678,0,0.33,0.31825,-0.22508
50.007,-95.949,30.825,-0.12196,1.2442,0.0054705,8.7964e-05,0.6265,-20.995,-1.7875,0.94117,-0.0056806,0,0.33,0.31824,-0.24103
56.618,-88.537,30.863,-0.12228,1.3966,0.0054774,8.3926e-05,0.7943,-21.425,0.61599,-1.7258,0.35051,0,0.33,0.30237,-0.22506
45.979,-66.199,30.75,-0.34356,1.2254,0.0054688,9.3546e-05,0.61587,-18.786,5.1255,-2.0827,2.8562,0,0.33,0.35017,-0.22508
47.779,-64.801,30.71,-0.31712,1.3914,0.0054701,9.6746e-05,0.64979,-19.387,0.98799,-3.5431,0.37534,0,0.33,0.33416,-0.22509
35.967,-73.495,30.785,-0.254,1.098,0.0054667,9.7239e-05,0.5533,-19.361,-1.3553,0.5721,0.017968,0,0.33,0.35011,-0.24104
20.268,-26.952,30.741,-0.43123,1.0089,0.0054655,0.00013647,0.53823,-17.601,-2.9205,-2.2885,-2.0878,0,0.33,0.38201,-0.22509
31.828,-43.93,30.808,-0.38477,1.0297,0.0054683,0.00011594,0.59631,-18.188,2.1759,-1.7944,0.74953,0,0.33,0.36611,-0.22508
25.321,-56.4,30.758,-0.32786,0.94541,0.0054639,0.00011342,0.49817,-18.128,-1.6822,0.32471,-0.058459,0,0.33,0.382,-0.24107
23.211,-28.956,30.678,-0.47339,1.0216,0.0054634,0.00011971,0.50892,-17.028,2.7413,-3.6371,-0.30549,0,0.33,0.39793,-0.22511
-706.13,-2350.1,30.606,0.56195,1.7022,0.053313,0.00011707,114.98,-31.389,83.529,23.314,-33.854,0,0.33,0,0.22423
595.37,-985.18,31.029,1.7511,0.37409,0.011439,7.2802e-05,42.84,-37.919,-1.8439,6.2627,-2.3812,0,0.33,0.062976,0.22439
269.34,-498.42,31.241,1.5645,-1.0183,0.0060498,4.4557e-05,10.724,-39.442,-0.82876,2.8526,-1.5648,0,0.33,0.12662,0.2248
204.41,-298.07,31.099,0.8911,-1.6321,0.0055685,5.1782e-05,2.4523,-32.927,-0.4107,-0.18123,-0.39164,0,0.33,0.19057,0.22495
136.87,-167.42,30.89,0.22598,-1.6536,0.0054894,6.6097e-05,1.0263,-25.468,-1.487,-1.8077,0.93671,0,0.33,0.25439,0.22504
47.189,-69.257,30.779,-0.22275,-1.3762,0.0054734,9.5135e-05,0.70941,-20.331,-3.4555,-1.8324,2.0678,0,0.33,0.31825,0.22508
18.864,-21.632,30.763,-0.45907,-1.0389,0.0054667,0.00014342,0.57193,-17.453,-5.748,-2.0613,2.7619,0,0.33,0.38202,0.21711
20.268,-26.952,30.741,-0.43123,-1.0089,0.0054655,0.00013647,0.53823,-17.601,-2.9205,-2.2885,2.0878,0,0.33,0.38201,0.22509
996.71,-1133.5,30.321,0.94457,-3.8467,0.0066066,0.0001409,24.025,-32.82,-2.253,9.8326,-4.3239,0,0.33,0.19861,0.13242
1105,-1212.2,30.318,1.1622,-3.9825,0.0072389,0.00020566,31.102,-36.066,-2.6262,13.91,-2.9624,0,0.33,0.19066,0.1284
1055.8,-1144.8,30.394,1.1662,-3.8521,0.0069139,0.00017989,27.401,-36.278,-1.8909,11.515,-2.4153,0,0.33,0.19066,0.1324
580.63,-680.25,30.514,0.95674,-3.1041,0.0058696,4.6409e-05,10.135,-33.906,-2.2659,5.7175,-2.9297,0,0.33,0.19845,0.15622
589.67,-648.78,30.608,1.1196,-3.0049,0.0058938,4.7883e-05,10.326,-36.471,0.19493,8.0639,-1.1651,0,0.33,0.1905,0.16017
504.11,-591.04,30.556,0.9645,-3.0027,0.005807,4.1953e-05,8.5438,-34.039,-3.901,8.9937,-3.1896,0,0.33,0.19839,0.16011
679.07,-737.92,30.578,1.1301,-3.1113,0.0059753,5.6469e-05,12.259,-36.66,2.2095,4.4936,-0.69273,0,0.33,0.19062,0.15654
-2.1032e+05,-67078,0.44773,1.7541,4.592,11.349,0.0029392,3112.8,-40.829,116.27,-5.8269,1966,0,0.33,0.0075816,0.1641
-4.1661e+05,-92704,0.80695,0.90432,6.903,11.185,0.00086457,3918.7,-46.032,703.28,-34.879,3900.3,0,0.33,0,0.16006
-4.4375e+05,-1.0519e+05,0.89595,1.0119,5.8979,10.785,0.00083839,3859.2,-40.301,579.51,-36.095,3890.9,0,0.33,0,0.16409
-1.958e+05,-58809,0.29771,1.6133,5.5093,12.17,0.0032862,3113.1,-46.494,168.46,-19.237,1983.4,0,0.33,0.0076034,0.16007
-39321,-4167.5,15.873,5.2817,-2.4369,28.156,0.011163,2254.6,-62.333,68.074,784.57,-542.88,0,0.33,0.055106,0.16434
-33677,-1609.1,17.425,5.1437,-2.9748,28.649,0.013061,2059.6,-67.967,68.067,682.61,-521.29,0,0.33,0.06303,0.16037
-26580,-2260.1,12.932,5.525,-3.0064,29.809,0.011884,2205.5,-66.137,36.329,720.05,-562.26,0,0.33,0.055114,0.16033
-31426,-2613.1,20.101,4.8817,-2.3847,24.743,0.011844,2003.6,-64.383,79.581,690.74,-473.97,0,0.33,0.063031,0.16438
1.2344e+05,-12362,20.309,1.3991,2.6019,4.5174,0.0011306,2028,-25.866,237.76,1129.9,597.87,0,0.33,0.0075226,0.18822
2.4615e+05,-1115.4,20.07,0.92196,2.6785,2.358,0.00038903,1799.8,-25.26,410.81,1217.9,1306.2,0,0.33,0,0.18821
-4350.5,-3754.9,29.498,3.2533,0.31205,2.0365,0.0028955,661.85,-46.245,13.551,215.53,-106.5,0,0.33,0.055054,0.18839
-1487,-2745,30.278,3.1669,-0.050931,1.0458,0.0022164,440.58,-48.37,7.8379,131.05,-68.569,0,0.33,0.062989,0.18843
-23439,-943.19,23.673,4.4371,-2.2867,18.794,0.010961,1690.9,-65.574,74.429,572.39,-390.65,0,0.33,0.07104,0.1644
-26278,-326.77,21.397,4.679,-2.8344,23.933,0.012946,1818.7,-68.993,74.505,598.53,-447.62,0,0.33,0.07101,0.16035
670.99,-929.94,31.218,2.6362,-2.3806,0.14102,0.0011106,112.77,-58.909,2.5451,21.933,-12.501,0,0.33,0.11859,0.16469
773.84,-952.87,31.188,2.495,-2.602,0.094728,0.00092766,90.516,-58.149,2.9888,15.524,-8.3863,0,0.33,0.12662,0.16069
220.54,-754.02,31.156,2.693,-2.5194,0.2872,0.0016173,160.24,-60.774,3.5949,34.06,-23.677,0,0.33,0.1186,0.16068
857.94,-1006,31.2,2.442,-2.4726,0.04839,0.00059203,67.54,-56.565,2.7607,10.341,-3.2436,0,0.33,0.12662,0.16464
718.14,-2059.8,30.759,3.0645,-0.38693,0.479,0.0015728,277.62,-49.961,2.7414,71.759,-39.378,0,0.33,0.071026,0.18846
671.12,-798.65,31.247,2.2708,-1.6772,0.0080365,0.00010733,28.674,-49.609,0.80816,7.8776,1.2786,0,0.33,0.11861,0.18871
610.17,-708.06,31.195,2.1191,-1.8007,0.0070668,8.8839e-05,23.546,-48.345,0.85577,8.3051,1.3282,0,0.33,0.12677,0.18845
881.19,-982.34,31.13,2.2513,-2.557,0.019067,0.00030897,45.315,-54.036,1.9457,5.4959,0.036674,0,0.33,0.13471,0.1645
886.61,-1000.5,31.136,2.3008,-2.6822,0.033151,0.00048596,56.73,-55.363,2.7879,7.2192,-2.1765,0,0.33,0.13471,0.16048
552.93,-599.01,30.724,1.2776,-2.8962,0.0059257,4.9461e-05,10.622,-38.808,-0.38893,9.9946,-0.16214,0,0.33,0.18256,0.16417
626.94,-668.82,30.686,1.2849,-2.9974,0.0060103,5.8578e-05,12.498,-39.002,1.2104,6.8766,0.28309,0,0.33,0.18256,0.16016
519.88,-577.71,30.655,1.1217,-2.9067,0.0058308,4.2845e-05,8.7969,-36.445,-1.0165,10.971,-1.6351,0,0.33,0.19049,0.16421
496.18,-593.42,31.149,1.9858,-1.9137,0.0066117,7.9061e-05,19.743,-47.045,-0.87485,8.6336,-0.47013,0,0.33,0.13473,0.18851
450.14,-524.22,30.968,1.1929,-2.3181,0.0056854,3.7939e-05,5.3532,-37.268,6.2003,5.6174,-0.83506,0,0.33,0.18255,0.18825
377.8,-456.07,30.92,1.0457,-2.3526,0.0056467,4.114e-05,4.5366,-35.55,3.7595,6.3224,-1.6205,0,0.33,0.19044,0.18807
444.27,-530.23,30.609,0.97541,-2.9098,0.0057588,3.9781e-05,7.3066,-34.129,-4.4159,11.37,-3.3735,0,0.33,0.19839,0.16413
258.49,-338.11,30.885,0.93638,-2.3848,0.0056114,4.6459e-05,3.7346,-33.859,1.5128,6.8637,-2.2949,0,0.33,0.19838,0.18809
306.94,-392.54,30.77,0.2137,-2.2117,0.0055171,4.219e-05,1.7775,-25.27,0.90293,4.6806,-0.95211,0,0.33,0.2466,0.18914
-44571,-11864,0.078718,-0.034525,13.658,18.082,0.0082391,2860,-112.28,652.23,-39.147,1959,0,0.33,0.0078467,0.099742
-91996,-32941,0.67407,-0.099356,15.331,14.395,0.0010621,4307.8,-110.86,1728.7,-30.057,3812.5,0,0.33,0,0.099691
-17117,28762,-0.85768,1.2445,-1.9938,26.84,0.034051,790.17,-124.61,-365.39,-0.77338,-141.17,0,0.33,0.055167,0.10001
-5670.3,26218,0.31546,1.5649,-3.7804,27.627,0.031071,892.41,-122.22,-321.35,28.436,-216.52,0,0.33,0.063066,0.099986
-98639,-20266,-0.22286,0.55481,11.596,17.16,0.0067806,2923.9,-97.319,516.46,-32.421,1985.2,0,0.33,0.007829,0.12378
-1.0826e+05,-23143,-0.22606,0.66472,11.108,16.865,0.0064117,2949.4,-92.936,487.32,-31.088,1989.4,0,0.33,0.007806,0.12781
-2.2326e+05,-48291,0.43602,0.29784,12.802,13.381,0.0010012,4176,-92.352,1409.7,-31.131,3871.2,0,0.33,0,0.12779
-2.0249e+05,-44544,0.44129,0.23564,13.299,13.554,0.0010117,4191.6,-96.671,1468.9,-31.115,3861.2,0,0.33,0,0.12374
-2518.9,21941,0.52405,3.9422,-3.5774,26.522,0.024894,1070.8,-106.88,-309.91,94.918,-242.9,0,0.33,0.055163,0.12415
-737.3,17015,3.397,4.5989,-5.0727,29.1,0.021854,1323.1,-101.53,-206.62,204.11,-376.03,0,0.33,0.063052,0.12813
-3040.6,18948,2.6471,4.2457,-4.9832,28.733,0.023339,1234,-105.48,-233.77,164.2,-344.08,0,0.33,0.063055,0.12412
-1572.7,20197,1.0158,4.3369,-3.8,26.377,0.023022,1151.2,-102.64,-289.29,124.3,-271.67,0,0.33,0.055161,0.12819
-6659,21216,2.1181,1.8492,-5.1183,29.627,0.029023,1022.6,-118.33,-256,66.661,-293.38,0,0.33,0.070964,0.099974
-6932.7,9914.8,20.205,2.1857,-5.0566,25.511,0.020731,1226,-86.439,-7.8235,234.07,-435.76,0,0.33,0.11862,0.10027
-8112.6,9713.2,23.42,2.2441,-4.7918,17.72,0.015851,1104.7,-80.512,-12.968,210.82,-399.78,0,0.33,0.12656,0.10028
-2231.9,14861,5.5895,4.3415,-5.8059,32.177,0.022632,1388.9,-103.07,-145.81,238.43,-430.12,0,0.33,0.070949,0.12416
1128.7,13163,6.6075,4.6274,-5.7534,32.753,0.021332,1473.1,-99.53,-117.14,283.73,-457.84,0,0.33,0.070947,0.12815
-10502,7524.5,26.187,2.8801,-4.2605,13.523,0.012723,1040.5,-79.191,26.262,261.42,-329.89,0,0.33,0.11862,0.12426
-6393.9,3961.6,28.983,2.7375,-3.8593,5.5432,0.0076148,696.39,-72.262,16.049,168.28,-200.75,0,0.33,0.12661,0.12831
-7608,5116,28.312,2.7277,-4.035,7.2299,0.0088828,784.22,-73.895,15.751,187.7,-237.74,0,0.33,0.1266,0.1243
-9677.7,6442.3,27.16,2.9133,-4.0493,11.008,0.011099,965.19,-77.321,27.329,247.76,-295.99,0,0.33,0.11862,0.1283
1171.7,-1263.2,30.329,1.3758,-4.0986,0.0095712,0.00022692,41.953,-39.622,-3.7039,14.896,-2.393,0,0.33,0.18258,0.12412
1172.6,-1286.3,30.234,1.1566,-4.1155,0.0076834,0.00021147,35.585,-35.831,-2.888,14.666,-3.2901,0,0.33,0.19066,0.12441
1090.1,-1175,30.409,1.3772,-3.9662,0.0084274,0.00022884,36.434,-39.685,-3.344,14.711,-2.2685,0,0.33,0.18258,0.12812
-6249.6,7858.4,26.181,2.3113,-4.6642,10.361,0.011055,913.95,-74.184,-17.781,166.58,-324.77,0,0.33,0.13459,0.10035
1634.9,-1758.4,29.852,1.4271,-4.9611,0.033221,0.000272,118.9,-38.443,-3.4405,15.488,-4.2119,0,0.33,0.18257,0.10022
-4378.2,2528.3,29.662,2.5782,-3.9322,3.2716,0.0058519,529.06,-68.44,9.1932,115.8,-147.87,0,0.33,0.13456,0.12438
-3279.9,1656.3,30.06,2.5658,-3.781,2.3721,0.0049559,449.66,-67.071,9.3242,98.701,-117.62,0,0.33,0.13456,0.12837
-1.8338e+05,-52433,0.17933,1.4841,6.3773,12.981,0.0036583,3107.6,-52.49,218.06,-22.556,1992,0,0.33,0.0076259,0.15605
-3.8986e+05,-83639,0.7252,0.81096,7.8415,11.555,0.00088848,3971.1,-52.071,817.66,-33.321,3904.8,0,0.33,0,0.15603
-5344.3,306.91,10.297,5.6727,-3.4772,29.967,0.01259,2091,-70.231,-5.8402,629.71,-553.32,0,0.33,0.055121,0.15632
-32204,-73.948,14.839,5.344,-3.5284,31.008,0.013862,2046.9,-71.755,46.509,645.55,-547.5,0,0.33,0.063027,0.15635
-1.1813e+05,-26394,-0.21365,0.77738,10.575,16.512,0.0060271,2976.7,-88.068,456.06,-29.684,1993,0,0.33,0.0077805,0.13185
-2.4489e+05,-52306,0.44256,0.3627,12.255,13.192,0.00098961,4159,-87.536,1344.8,-31.098,3880.3,0,0.33,0,0.13183
249.96,18188,1.6321,4.7045,-3.9869,26.33,0.021223,1245.6,-98.142,-263.65,161.75,-305.43,0,0.33,0.055158,0.13224
2661.2,14875,4.3127,4.9094,-5.1053,29.596,0.020298,1423.4,-97.381,-175.16,252.58,-411.22,0,0.33,0.063049,0.13215
-28130,537.57,19.071,4.8842,-3.3853,28.115,0.01448,1883,-72.546,67.46,597.77,-490.67,0,0.33,0.070974,0.15628
-512.95,-434.06,31.039,2.7454,-2.6677,0.56597,0.0022534,227.71,-62.733,5.3424,51.927,-40.626,0,0.33,0.11863,0.15661
571.75,-808.4,31.151,2.5441,-2.7358,0.18673,0.0013542,124.53,-59.8,2.9623,23.889,-16.451,0,0.33,0.12661,0.15669
5102.6,11338,7.8061,4.8598,-5.6344,33.318,0.020008,1561.8,-95.811,-86.206,334.08,-484.66,0,0.33,0.070945,0.13215
-8550.3,5235.1,28.063,2.9266,-3.83,8.5858,0.0094849,874.57,-75.331,26.779,226.99,-257.47,0,0.33,0.11864,0.13234
-5101.6,2844.6,29.567,2.7327,-3.6811,4.0571,0.0064002,601.63,-70.535,15.143,145.29,-163.61,0,0.33,0.12661,0.13232
1026.5,-1092.6,30.485,1.3775,-3.8388,0.0076722,0.00022159,31.956,-39.776,-2.7171,12.898,-1.9162,0,0.33,0.18259,0.13213
812.94,-946.57,31.132,2.349,-2.8095,0.061883,0.00075321,73.289,-56.739,2.3996,10.952,-5.8999,0,0.33,0.13468,0.15643
712.12,-752.78,30.66,1.2998,-3.1044,0.0061196,7.2219e-05,14.779,-39.182,3.0993,3.5669,0.5323,0,0.33,0.18257,0.15614
-2284.2,912.81,30.385,2.5454,-3.6304,1.6409,0.0041151,371.65,-65.642,8.3587,81.242,-90.176,0,0.33,0.13456,0.13236
-11061,-1270,18.107,1.2861,-3.9329,19.183,0.011959,1603.9,-46.46,-116.21,571.26,133.47,0,0.33,0.16651,0.051938
-18625,3485.3,17.293,0.68452,-3.387,22.193,0.013766,1612.6,-52.402,-191.39,604.66,137.58,0,0.33,0.15853,0.04786
-11389,-3637.3,19.654,1.1557,-3.8155,16.149,0.010105,1591.5,-51.367,-86.071,583.02,143.53,0,0.33,0.15854,0.051908
-17224,5559.2,15.885,0.70832,-3.5978,23.755,0.015,1585.5,-47.473,-222.78,562.54,114.19,0,0.33,0.16648,0.047867
-25982,13221,14.076,-1.6162,-2.3681,31.659,0.019977,1586.8,-58.834,-366.07,560.06,114.94,0,0.33,0.1505,0.039867
-27883,18335,12.12,-3.1477,-2.0046,34.757,0.022641,1536.2,-59.392,-449.45,470.4,96.299,0,0.33,0.1505,0.035881
-31142,23063,11.237,-3.1178,-2.3276,33.254,0.022328,1489.6,-54.902,-480.98,406.45,74.348,0,0.33,0.15853,0.035881
-29312,18645,12.941,-1.5014,-2.6473,31.415,0.020385,1542.4,-54.592,-404.02,504.07,98.408,0,0.33,0.15853,0.039867
6856.2,-8412.9,17.94,-1.8937,-2.6818,19.933,0.013374,1484.8,-63.332,-185.52,474.03,-47.154,0,0.33,0.13459,0.043856
-9092.2,-2759.2,17.575,-1.0183,-2.699,22.915,0.014396,1586.4,-60.624,-214.31,594.3,74.29,0,0.33,0.14252,0.043856
12210,-9096.5,19.624,-1.3087,-3.1604,14.174,0.010292,1375.7,-63.493,-135.56,350.55,-133.01,0,0.33,0.13459,0.047858
-444.87,-7928.9,19.84,-0.37811,-3.2073,15.425,0.010118,1508.9,-59.939,-127.96,524.45,29.876,0,0.33,0.14252,0.047859
-21582,5765.1,16.343,-0.4325,-2.783,26.216,0.016213,1618,-57.754,-262.84,612.22,127.51,0,0.33,0.1505,0.043856
-24970,11701,14.998,-0.20925,-2.9982,27.634,0.017414,1589,-53.643,-304.96,574.69,120.54,0,0.33,0.15853,0.043856
-14858,-2079.6,18.755,0.3364,-3.2511,19.2,0.01193,1603.4,-56.592,-152.4,607.32,124.69,0,0.33,0.1505,0.047862
-7774.9,12731,12.955,-0.59906,-3.6348,26.454,0.017664,1498.5,-42.2,-346.19,438.08,28.577,0,0.33,0.17445,0.04386
10014,11824,12.763,-1.127,-4.0484,24.882,0.016943,1468.9,-34.701,-351.92,360.79,-49.483,0,0.33,0.18255,0.043866
13228,11569,13.245,-1.7815,-4.5284,23.16,0.015791,1467,-26.726,-353.26,292.89,-137.42,0,0.33,0.19061,0.043857
-23651,23019,10.594,-3.2708,-2.7176,30.849,0.021368,1443.4,-49.082,-493.07,331.21,37.194,0,0.33,0.16648,0.035881
-27353,19185,12.011,-1.6234,-2.9983,29.905,0.020048,1492.2,-49.141,-422.72,432.64,63.593,0,0.33,0.16648,0.039867
-23117,13001,13.806,-0.27369,-3.2884,27.517,0.017848,1543.3,-48.51,-330.99,513.04,90.116,0,0.33,0.16648,0.043857
2228.1,-4285,24.414,0.89793,-4.5895,5.3311,0.0043724,1214.6,-56.463,-41.15,301.43,-19.682,0,0.33,0.15052,0.060113
2400.5,-7289.6,22.981,0.8207,-4.2204,7.7353,0.0055545,1372.1,-55.881,-32.3,416.88,43.546,0,0.33,0.15052,0.056013
126.29,-812.95,25.439,1.0366,-4.8345,4.3139,0.0040121,1079.5,-57.346,-62.189,215.6,-79.107,0,0.33,0.15053,0.06415
4772,-8325.7,21.696,-0.034509,-3.7067,9.8483,0.007121,1372.1,-59.993,-80.051,392,-42.052,0,0.33,0.14253,0.051902
10712,-5525.2,20.731,-0.88089,-3.5892,11.318,0.0089857,1263.4,-64.471,-119.13,210.19,-222.86,0,0.33,0.1346,0.051895
-5396.5,-7039.2,21.058,0.70251,-3.7508,12.442,0.0080932,1517.8,-55.882,-66.49,534.51,96.295,0,0.33,0.15051,0.051911
1103.2,-2368.4,28.978,1.3994,-5.5001,0.54817,0.001113,449.99,-36.653,-20.754,123.03,-3.2148,0,0.33,0.18256,0.084232
910.09,-1748.1,29.136,1.6048,-5.4098,0.49106,0.001076,433.92,-42.291,-26.798,106.39,-8.6911,0,0.33,0.1746,0.084207
831.1,-2905.3,28.299,1.3548,-5.5678,1.5735,0.0021195,699.04,-36.122,-24.853,205.74,3.077,0,0.33,0.18256,0.080221
768.38,-2325.9,28.559,1.536,-5.475,1.2,0.0017733,640.21,-41.806,-30.564,175.05,5.5393,0,0.33,0.1746,0.080217
272.34,-573.25,29.487,1.8491,-5.2068,0.48173,0.0013362,347.7,-48.559,-25.815,57.357,-40.304,0,0.33,0.16658,0.088172
514.94,-618.41,29.181,1.7858,-5.3016,0.64682,0.0014317,443.48,-48.205,-34.557,86.418,-37.18,0,0.33,0.16658,0.084183
-101.18,1187,28.518,1.8005,-5.2285,1.6006,0.0025593,614.09,-54.008,-51.972,101.44,-90.144,0,0.33,0.15855,0.080185
-475.25,1274.2,28.899,1.916,-5.1707,1.4043,0.0025861,524.39,-54.448,-42.36,77.729,-96.036,0,0.33,0.15856,0.084179
812.7,-1012.7,28.727,1.6925,-5.3691,1.0208,0.001709,586.88,-47.756,-41.02,132.94,-24.22,0,0.33,0.16658,0.080195
444.38,-3256.6,27.67,1.4602,-5.4792,2.6033,0.0028085,888.59,-41.292,-27.407,259.51,27.943,0,0.33,0.1746,0.07623
208.3,-3622.2,27.259,1.3045,-5.5665,3.4927,0.0034586,975.57,-35.574,-24.819,300.84,13.331,0,0.33,0.18255,0.076233
2594.8,-4869.6,25.832,1.4219,-5.2136,5.0408,0.0041077,1195.6,-46.146,-11.884,352.19,72.975,0,0.33,0.16658,0.068229
710.87,-3217.6,27.095,1.4797,-5.3458,3.1082,0.00305,987.97,-46.683,-30.348,272.72,34.844,0,0.33,0.16658,0.07222
1081.1,-2282.6,26.452,1.3662,-5.1442,3.4025,0.0032461,1037.1,-52.116,-41.643,255,0.18067,0,0.33,0.15855,0.068218
607.96,-468.69,27.35,1.5022,-5.2357,2.4705,0.0028197,873.92,-52.805,-55.055,189.22,-41.761,0,0.33,0.15855,0.072209
1076.4,-1882.9,28.051,1.5813,-5.3915,1.7888,0.0022439,775.45,-47.235,-40.591,196.99,0.53564,0,0.33,0.16658,0.076208
538.96,656.56,28.02,1.657,-5.256,1.9162,0.0026113,730.54,-53.452,-57.598,137.97,-72.45,0,0.33,0.15855,0.076197
-5832.9,6985.9,26.33,1.8767,-4.8747,7.2573,0.008101,870.98,-67.656,-55.151,101.71,-295.73,0,0.33,0.14262,0.084171
-7343.5,9026.4,23.271,1.4731,-4.7567,13.843,0.012708,1074.7,-73.799,-67.716,108.36,-396.17,0,0.33,0.13464,0.080157
-6006.2,7107,25.912,1.704,-4.8815,7.4536,0.0079714,911.75,-67.244,-67.106,94.484,-302.01,0,0.33,0.14258,0.080149
-2570.4,3981.5,28.032,1.9633,-5.0207,3.3309,0.0047355,677.66,-61.055,-50.292,83.821,-187,0,0.33,0.15054,0.084168
-2641,4102.2,27.653,1.8177,-5.0557,3.5012,0.0046078,737.08,-60.579,-61.548,90.083,-188.53,0,0.33,0.15053,0.080124
-1694.8,3169.4,26.769,1.4401,-5.0463,3.7242,0.0041922,879.23,-59.174,-77.584,123.5,-160.64,0,0.33,0.15053,0.072134
-406.21,1698.7,26.191,1.2293,-4.9766,3.9014,0.0040235,969.68,-58.289,-75.456,159.04,-126.95,0,0.33,0.15053,0.068147
-6168.3,8728.1,22.85,1.2201,-4.7008,13.867,0.012506,1095.6,-73.007,-81.303,91.069,-398.55,0,0.33,0.13465,0.076113
-5608.8,6962.5,25.514,1.4911,-4.8634,7.4963,0.0077138,950.69,-66.515,-79.708,89.373,-301.29,0,0.33,0.14259,0.076103
-2387.3,3887.2,27.242,1.6415,-5.0672,3.6186,0.0044105,803.1,-59.946,-71.776,102.22,-180.55,0,0.33,0.15053,0.076122
-7463.7,-17228,15.372,-14.343,-2.0539,8.5997,0.0065834,1303,5.4177,-372.65,-241.57,-97.882,0,0.33,0.19859,0.011961
-5179.4,-23580,16.624,-13.683,-2.2215,7.0637,0.0055192,1276.5,16.287,-324.9,-209.54,-100.98,0,0.33,0.20671,0.011961
-11239,-10768,14.419,-12.839,-2.6154,10.769,0.0080739,1331.9,2.2624,-420.21,-213.35,-119.01,0,0.33,0.19859,0.015948
-7977.9,-17919,15.803,-12.345,-2.8353,8.6531,0.0065974,1309.1,13.303,-369.76,-186.25,-123.93,0,0.33,0.20671,0.015947
-454.63,-34391,18.626,-13.833,-1.6152,4.8046,0.0040228,1191.4,28.179,-199.91,-143.45,-80.784,0,0.33,0.21468,0.0079746
17603,-39949,19.068,-14.43,-0.84712,4.2272,0.0036872,1145.5,29.817,-102.22,-74.847,-61.339,0,0.33,0.21468,0.0039906
40665,-43592,20.135,-13.414,0.45805,3.7405,0.0033899,1103,38.148,-34.879,-18.919,53.022,0,0.33,0.22272,0
34084,-42798,19.207,-14.624,0.45521,4.0683,0.0036073,1127.5,30.503,-50.453,-35.883,53.272,0,0.33,0.21468,0
22504,-41094,20.067,-13.273,-0.85618,3.7892,0.0033931,1116,37.524,-75.341,-47.504,-60.792,0,0.33,0.22273,0.0039904
1833.6,-36250,19.78,-12.81,-1.6373,4.0875,0.003538,1153,36.037,-156.54,-105.69,-79.644,0,0.33,0.22273,0.0079746
-3149.6,-28870,17.954,-12.882,-2.3274,5.7583,0.004628,1240.8,25.946,-274.91,-175.03,-103.77,0,0.33,0.21468,0.011961
-2545.9,-27267,18.713,-11.017,-3.0143,5.3841,0.0043578,1232.4,31.536,-264.98,-131.59,-122.93,0,0.33,0.22273,0.015948
-1453.2,-31458,19.267,-12.024,-2.3605,4.687,0.003902,1198,34.012,-224.86,-141.44,-101.93,0,0.33,0.22273,0.011961
-4994.4,-23943,17.271,-11.71,-2.9744,6.8381,0.0053506,1275,23.234,-316.95,-157.21,-126.36,0,0.33,0.21468,0.015947
-10119,-12800,15.164,-10.91,-3.408,10.264,0.0077176,1327.9,10.023,-389.1,-131.99,-146.84,0,0.33,0.20671,0.019934
-14433,-4717.6,13.661,-11.239,-3.1338,12.907,0.0095851,1345.4,-1.1688,-443.06,-155.12,-140.42,0,0.33,0.19859,0.019935
14330,-13075,16.445,-7.9092,-4.6272,10.034,0.0075015,1333.6,13.811,-325.72,13.455,-188.97,0,0.33,0.21468,0.027908
-617.82,-16397,16.472,-9.1613,-4.1276,8.9966,0.0068289,1314.1,17.044,-332.79,-47.082,-168.56,0,0.33,0.21468,0.023921
25646,-17784,18.444,-6.6117,-5.1248,7.629,0.0058602,1295.3,19.824,-251.56,80.237,-184.36,0,0.33,0.22274,0.031894
23734,-19761,18.156,-7.6692,-4.6737,7.192,0.0055858,1282.5,22.852,-266.95,27.356,-171.62,0,0.33,0.22274,0.027908
22771,-9997.3,16.659,-6.7059,-5.0709,10.97,0.0080652,1355.6,10.663,-314.1,69.183,-208.83,0,0.33,0.21468,0.031894
9353.7,-21856,18.102,-8.7759,-4.1692,6.6539,0.0052272,1269,25.869,-277.57,-30.908,-157.29,0,0.33,0.22273,0.023921
-5893.2,-19982,16.753,-10.442,-3.5756,7.9231,0.0060979,1296.3,20.237,-332.5,-107.73,-147.83,0,0.33,0.21468,0.019934
-2486.5,-24241,18.294,-9.9072,-3.6163,6.0485,0.004811,1253.9,28.794,-279.4,-88.262,-141.2,0,0.33,0.22273,0.019935
28691,-40108,21.036,-12.092,-0.84221,3.3792,0.0031292,1079.2,43.175,-49.938,-22.585,-59.061,0,0.33,0.23068,0.0039903
8670.5,-35920,20.892,-11.759,-1.6134,3.4845,0.0031387,1108.4,41.827,-114.91,-69.673,-75.828,0,0.33,0.23068,0.0079747
40619,-42300,21.044,-12.182,0.45002,3.4043,0.0031797,1070,43.741,-20.532,-3.9068,52.482,0,0.33,0.23068,0
1792.8,-30226,21.722,-10.238,-2.2447,3.163,0.0028878,1092.7,43.906,-131.33,-76.347,-89.387,0,0.33,0.23862,0.011961
140.86,-26796,21.413,-9.5586,-2.8615,3.4518,0.0030585,1125.7,41.803,-169.25,-84.635,-107.58,0,0.33,0.23862,0.015948
-113.47,-31716,20.533,-11.134,-2.3271,3.8384,0.0033342,1148.4,39.98,-176.73,-108.24,-96.646,0,0.33,0.23068,0.011961
-923.08,-27976,20.104,-10.292,-2.9672,4.2831,0.0036141,1182.1,37.699,-215.86,-107.79,-116.36,0,0.33,0.23068,0.015948
12354,-23396,19.626,-8.347,-4.0784,4.9965,0.0041028,1214.4,32.433,-229.93,-25.129,-144.22,0,0.33,0.23069,0.023921
25550,-21895,19.704,-7.3737,-4.5565,5.2144,0.0042603,1219.7,29.597,-218.5,27.539,-152.42,0,0.33,0.23069,0.027908
25659,-20556,19.999,-6.4443,-4.9819,5.3251,0.0043443,1220.4,26.702,-201.54,76.146,-157.61,0,0.33,0.23069,0.031895
621.12,-24251,21.155,-8.7591,-3.4161,3.7133,0.0032288,1147.2,39.432,-186.6,-62.709,-122.22,0,0.33,0.23862,0.019935
-466.77,-25329,19.77,-9.3361,-3.5496,4.6837,0.0038829,1203.2,35.157,-231.27,-74.516,-132.37,0,0.33,0.23068,0.019935
13298,-12845,24.548,-2.3439,-6.241,3.0574,0.0030463,987.27,9.88,-72.043,192.59,-116.18,0,0.33,0.23069,0.056052
11266,-11648,25.428,-1.9317,-6.2305,2.3576,0.0026145,885.03,7.2951,-54.242,180,-94.918,0,0.33,0.23066,0.06015
9755.5,-10437,24.583,-1.4711,-6.4621,4.2914,0.0039001,1066.7,1.525,-84.942,237.71,-146.29,0,0.33,0.22242,0.059957
11689,-10918,23.466,-1.9189,-6.4794,5.5106,0.0045905,1171.2,3.665,-111.38,248.84,-173.96,0,0.33,0.22268,0.056004
14424,-13254,24.498,-3.1121,-5.8289,2.5401,0.0026731,943.41,17.191,-67.571,155.73,-99.69,0,0.33,0.23863,0.051936
16381,-14612,23.737,-3.6101,-5.7277,2.9725,0.0029208,1011.3,20.017,-85.872,153.38,-112.69,0,0.33,0.23863,0.04787
15339,-13939,23.63,-2.8335,-6.1905,3.7436,0.0034501,1070,12.584,-92.973,193.19,-134.71,0,0.33,0.2307,0.051934
15815,-11756,21.352,-3.1204,-6.2917,7.303,0.0056167,1281.3,8.6479,-164.95,218.45,-203,0,0.33,0.22274,0.047868
13479,-11113,22.381,-2.4712,-6.4128,6.5317,0.0051704,1239.4,6.1761,-138.85,235.66,-192.75,0,0.33,0.22273,0.051924
17581,-15202,22.73,-3.4015,-6.0796,4.3446,0.0037959,1131.4,15.301,-115.01,186.94,-147.46,0,0.33,0.23069,0.04787
9585.3,-6220.1,23.268,-0.90397,-6.4451,7.9598,0.0060789,1282.1,-5.761,-123.87,312.18,-194.01,0,0.33,0.21444,0.059959
10779,-5379.1,21.899,-1.3769,-6.4206,9.7799,0.0070627,1364.1,-4.0937,-159.28,313.29,-220.68,0,0.33,0.21464,0.055993
12113,2386.8,18.726,-1.3839,-5.9368,15.973,0.010587,1503.6,-11.027,-231.52,330.78,-239.54,0,0.33,0.2066,0.051899
14238,5223.8,17.084,-0.70729,-5.3802,19.551,0.01267,1542.1,-19.673,-237.49,381.25,-190.86,0,0.33,0.19855,0.051889
13088,8002.4,15.708,-1.5027,-5.2427,20.404,0.013498,1511.3,-18.595,-292.34,313.78,-206.69,0,0.33,0.19857,0.047856
12082,4101,17.453,-2.1608,-5.8052,16.82,0.011238,1493.6,-9.5105,-273.51,277.04,-251.34,0,0.33,0.20669,0.047863
11446,-4364.9,20.644,-1.9843,-6.3321,11.097,0.0078231,1403.2,-1.9724,-193.87,282.71,-238.93,0,0.33,0.21467,0.051917
12849,-3891.8,19.51,-2.7128,-6.2027,11.927,0.0083527,1416.6,0.13368,-225.75,247.56,-248.7,0,0.33,0.21468,0.047866
12546,10057,14.595,-2.4983,-5.0873,20.642,0.013986,1475.9,-17.335,-340.59,245.23,-214.96,0,0.33,0.19857,0.043856
12835,4892.3,16.427,-3.0976,-5.6324,17.012,0.011553,1470.3,-7.6516,-309.85,221.19,-252.91,0,0.33,0.2067,0.043857
17575,-5338.9,17.715,-4.5165,-5.7661,12.181,0.0086684,1398.5,4.9072,-278.89,165.8,-240.87,0,0.33,0.21468,0.039867
20342,-7324.9,17.088,-5.5702,-5.451,11.717,0.0084685,1378.1,7.6719,-298.55,119.42,-226.79,0,0.33,0.21468,0.035881
23467,-15894,18.937,-5.6185,-5.5163,7.9107,0.0060209,1305.3,16.847,-233.42,125.79,-195.19,0,0.33,0.22274,0.035881
21007,-14203,19.604,-4.6999,-5.8433,7.9789,0.0060427,1309.2,13.972,-212.94,163.95,-202.95,0,0.33,0.22274,0.039868
14949,-4161.2,18.526,-3.5599,-6.0156,12.274,0.0086348,1412.9,2.3993,-254.64,208.38,-248.95,0,0.33,0.21468,0.043858
18399,-12796,20.418,-3.8648,-6.1023,7.7854,0.0059096,1302.8,11.234,-190.05,194.78,-206.09,0,0.33,0.22274,0.043858
18306,-15958,23.011,-4.1738,-5.5686,3.3496,0.0031307,1064.1,22.857,-105.7,143.45,-123.35,0,0.33,0.23863,0.043859
23890,-19240,20.483,-5.5746,-5.3507,5.3075,0.0043437,1214.9,23.794,-181.69,117.28,-160.04,0,0.33,0.23069,0.035881
21941,-17904,21.123,-4.774,-5.6588,5.1417,0.0042515,1200.6,20.909,-160.23,149.64,-159.52,0,0.33,0.23069,0.039868
19826,-16549,21.883,-4.0486,-5.9024,4.8185,0.0040668,1173.9,18.073,-137.79,172.79,-155.54,0,0.33,0.23069,0.043859
180.51,-296.88,29.689,-2.0171,0.04848,0.0056111,5.1067e-05,4.8685,-0.73224,2.0947,0.99426,5.8547,0,0.33,0.39039,0
189.71,-304.37,29.694,-2.0225,-0.053237,0.0056109,5.0342e-05,4.8824,-0.7438,2.0107,2.3915,-5.4887,0,0.33,0.39039,0.0039914
209.56,-319.5,29.711,-2.0221,-0.10887,0.0056077,4.9058e-05,4.8217,-0.78269,0.65856,3.0184,-5.2362,0,0.33,0.39039,0.0079758
156.17,-247.43,29.786,-1.9142,-0.041668,0.0055738,5.452e-05,3.6674,-2.1723,1.0571,1.8908,-4.0974,0,0.33,0.39832,0.0039915
165.85,-248.25,29.818,-1.8865,-0.097714,0.0055667,5.4579e-05,3.4543,-2.5507,-0.087214,2.1386,-3.6949,0,0.33,0.39832,0.007976
144.01,-233.98,29.802,-1.8886,0.037208,0.0055685,5.6015e-05,3.4827,-2.5135,1.0257,1.0302,4.0527,0,0.33,0.39832,0
209.09,-300.82,29.764,-1.9626,-0.38155,0.005585,4.8801e-05,4.1436,-1.5069,6.2524,3.9606,-4.688,0,0.33,0.3904,0.027913
196.93,-284.55,29.792,-1.972,-0.43474,0.0055767,4.9541e-05,3.893,-1.7448,7.8748,4.773,-4.3311,0,0.33,0.3904,0.031901
206.24,-314.19,29.745,-1.9691,-0.32509,0.0055919,4.8863e-05,4.364,-1.2973,2.7024,2.5375,-5.0392,0,0.33,0.39039,0.023926
162.47,-240.18,29.848,-1.838,-0.29049,0.0055562,5.5348e-05,3.1476,-2.9894,1.0464,2.1819,-3.4347,0,0.33,0.39833,0.023926
172.11,-240.7,29.847,-1.8524,-0.34956,0.0055565,5.438e-05,3.1689,-2.8436,4.0655,3.4522,-3.4473,0,0.33,0.39833,0.027913
156.34,-220.96,29.888,-1.8395,-0.38775,0.0055467,5.6551e-05,2.8614,-3.3718,4.7096,3.9504,-2.9342,0,0.33,0.39833,0.031901
204.15,-302.55,29.82,-1.9693,-0.4859,0.0055702,4.9008e-05,3.7276,-1.9903,4.0338,4.0402,-4.1227,0,0.33,0.3904,0.035889
220.53,-327.1,29.844,-1.9397,-0.5338,0.0055656,4.765e-05,3.6178,-2.2659,1.0262,3.0975,-4.0268,0,0.33,0.3904,0.039877
160.6,-234.85,29.897,-1.8682,-0.435,0.0055454,5.5498e-05,2.8571,-3.2754,2.563,3.8311,-2.8708,0,0.33,0.39833,0.035889
163.07,-238.17,29.933,-1.8148,-0.47478,0.0055392,5.57e-05,2.6713,-3.816,-0.4755,2.92,-2.5538,0,0.33,0.39834,0.039877
219.76,-279.62,29.98,-1.8167,-0.777,0.0055339,4.9617e-05,2.609,-4.0009,8.4827,5.0669,-2.3106,0,0.33,0.39039,0.060056
209.28,-273.58,30.014,-1.8041,-0.82164,0.0055286,5.0405e-05,2.4527,-4.4013,7.7567,4.5936,-2.0963,0,0.33,0.3904,0.064062
225.44,-298.23,29.945,-1.8325,-0.72839,0.0055405,4.8553e-05,2.8261,-3.613,7.0087,5.0006,-2.6632,0,0.33,0.3904,0.056018
166.89,-220.2,30.015,-1.709,-0.6448,0.0055235,5.7237e-05,2.2003,-4.9788,3.6567,3.998,-1.365,0,0.33,0.39834,0.056011
170.86,-213.69,30.034,-1.7157,-0.70035,0.0055211,5.7018e-05,2.1352,-5.0662,5.9837,4.5877,-1.1973,0,0.33,0.39834,0.060041
153.8,-197.69,30.075,-1.686,-0.72643,0.0055151,5.9541e-05,1.9505,-5.6708,5.1177,4.2493,-0.75333,0,0.33,0.39834,0.064049
220.53,-301.37,30.046,-1.777,-0.86089,0.0055245,4.9097e-05,2.3484,-4.8091,4.1973,3.6628,-2.0851,0,0.33,0.39042,0.068075
233.56,-322.94,30.075,-1.7307,-0.89638,0.0055211,4.7693e-05,2.2562,-5.2386,2.4438,2.8389,-2.111,0,0.33,0.39043,0.072152
162.82,-222.91,30.095,-1.6929,-0.77201,0.0055138,5.7223e-05,1.9432,-5.7974,2.8687,3.8018,-0.72996,0,0.33,0.39835,0.068074
158.9,-223.34,30.131,-1.6286,-0.79178,0.0055097,5.7872e-05,1.8215,-6.3941,0.73025,3.049,-0.47171,0,0.33,0.39837,0.072109
184.32,-209.75,30.212,-1.5686,-1.0777,0.0055023,5.4927e-05,1.6226,-7.5188,11.113,1.6854,-2.1989,0,0.33,0.39042,0.092566
170.99,-208.21,30.234,-1.5487,-1.1091,0.0054997,5.5658e-05,1.5534,-7.98,9.8195,0.4607,-2.5263,0,0.33,0.3904,0.096679
210.13,-231.97,30.185,-1.5872,-1.042,0.0055055,5.2643e-05,1.7259,-7.0568,10.506,2.7562,-1.9836,0,0.33,0.39046,0.088454
151.21,-169.43,30.229,-1.4948,-0.90919,0.0054986,6.3451e-05,1.4715,-7.9156,7.3494,3.1549,-0.17319,0,0.33,0.3984,0.088406
146.91,-161.5,30.251,-1.4961,-0.95893,0.005497,6.3159e-05,1.4328,-8.195,9.7626,2.7515,-0.75068,0,0.33,0.39839,0.092453
131.11,-157.35,30.282,-1.4638,-0.96276,0.0054939,6.4885e-05,1.3433,-8.6982,8.3641,2.4224,-0.70521,0,0.33,0.39839,0.096482
181.82,-235.17,30.251,-1.5183,-1.1341,0.0054974,5.3826e-05,1.4976,-8.4315,6.9509,-0.48403,-3.1247,0,0.33,0.3904,0.10071
186.08,-247.72,30.266,-1.476,-1.155,0.0054952,5.2783e-05,1.4339,-8.9043,5.7964,-0.78267,-3.8215,0,0.33,0.3904,0.10468
155.33,-200.28,30.299,-1.4617,-1.007,0.0054931,5.9464e-05,1.3453,-9.0004,6.7001,1.6161,-1.715,0,0.33,0.39839,0.10048
157.54,-209.07,30.327,-1.4025,-1.0008,0.0054908,5.9124e-05,1.2751,-9.4848,5.0107,1.6387,-1.9101,0,0.33,0.3984,0.10444
116.47,-157.03,30.339,-1.3445,-1.2574,0.0054837,6.4297e-05,1.0647,-11.011,7.1418,-1.0463,-3.8088,0,0.33,0.39048,0.12434
134.01,-187.28,30.351,-1.3114,-1.2725,0.0054824,6.0788e-05,1.047,-11.408,2.0535,0.011662,-2.5498,0,0.33,0.39049,0.12832
111.06,-145.22,30.328,-1.3655,-1.2381,0.0054855,6.4974e-05,1.1061,-10.605,9.8183,-0.85086,-4.353,0,0.33,0.39048,0.12036
118.6,-151.3,30.402,-1.2776,-1.0751,0.0054835,6.3641e-05,1.0471,-10.967,9.9396,-0.06889,-3.6416,0,0.33,0.39843,0.12032
121.03,-159.94,30.404,-1.2766,-1.1237,0.0054822,6.1779e-05,1.0198,-11.309,10.428,-1.227,-4.7681,0,0.33,0.39843,0.12431
133.77,-186.8,30.422,-1.2337,-1.1122,0.0054804,6.0461e-05,0.98225,-11.677,6.6994,-0.52839,-3.814,0,0.33,0.39843,0.1283
166.76,-226.17,30.371,-1.257,-1.279,0.0054813,5.6044e-05,1.031,-11.791,-3.4094,1.4623,-1.4323,0,0.33,0.3905,0.13231
167.1,-226.64,30.394,-1.1879,-1.2804,0.0054802,5.6602e-05,0.99338,-12.17,-5.0153,1.7893,-1.1295,0,0.33,0.3905,0.1363
177.07,-252.86,30.422,-1.2133,-1.1539,0.0054797,5.3641e-05,0.98566,-12.008,2.0351,0.58297,-3.8424,0,0.33,0.39843,0.13229
180.72,-252.7,30.453,-1.133,-1.1307,0.0054784,5.3816e-05,0.94518,-12.349,0.39739,1.1272,-3.7016,0,0.33,0.39844,0.13628
41.835,-68.858,30.496,-1.003,-1.2852,0.0054725,0.00010214,0.72685,-13.913,1.9446,1.5349,0.154,0,0.33,0.3905,0.15624
44.202,-79.191,30.516,-0.97723,-1.2849,0.0054717,9.2148e-05,0.7184,-14.227,-2.0175,2.3699,0.87494,0,0.33,0.39049,0.16026
49.55,-75.383,30.478,-1.0223,-1.2843,0.0054738,0.00010048,0.75703,-13.585,3.3865,1.6144,-0.10473,0,0.33,0.3905,0.15225
76.729,-110.86,30.524,-0.9597,-1.1527,0.0054727,7.4194e-05,0.74325,-13.619,7.7028,1.3307,-4.0086,0,0.33,0.39844,0.15225
60.15,-96.911,30.533,-0.95272,-1.1836,0.0054716,7.7455e-05,0.71324,-13.942,8.1715,1.0808,-4.0357,0,0.33,0.39844,0.15624
75.806,-117.46,30.555,-0.92108,-1.1612,0.0054708,7.408e-05,0.70121,-14.192,5.7957,1.4946,-3.4954,0,0.33,0.39843,0.16023
59.316,-101.75,30.54,-0.9323,-1.2793,0.0054713,7.8489e-05,0.72043,-14.526,-7.0653,3.419,1.6842,0,0.33,0.39047,0.16433
63.583,-110.56,30.568,-0.8704,-1.2708,0.005471,7.444e-05,0.71835,-14.818,-9.3799,3.5955,2.1256,0,0.33,0.39044,0.16844
104.44,-165.97,30.565,-0.90144,-1.1836,0.0054704,6.4845e-05,0.70821,-14.494,1.2266,2.37,-2.753,0,0.33,0.39843,0.16424
123.18,-180,30.594,-0.83492,-1.1516,0.00547,6.2608e-05,0.70078,-14.72,-0.025723,2.3892,-2.6477,0,0.33,0.39842,0.16828
11.791,-18.278,30.63,-0.71075,-1.2219,0.0054676,0.00013098,0.60813,-16.088,0.58897,-2.3059,2.1027,0,0.33,0.39009,0.18907
1.6446,-4.9091,30.63,-0.70031,-1.2187,0.0054665,0.00013246,0.58118,-16.287,-3.9292,-0.41475,1.902,0,0.33,0.39002,0.19317
14.493,-26.043,30.632,-0.71491,-1.2294,0.0054687,0.00012724,0.634,-15.865,1.2544,-1.9919,2.659,0,0.33,0.39022,0.18487
32.856,-53.376,30.653,-0.67768,-1.121,0.0054673,0.00010007,0.59978,-15.684,7.7621,-0.73374,-2.6313,0,0.33,0.39824,0.18481
17.624,-36.528,30.651,-0.67091,-1.1351,0.0054666,0.00010734,0.58141,-15.934,8.8361,-1.3914,-3.1126,0,0.33,0.39812,0.18909
33.494,-58.437,30.658,-0.65906,-1.1143,0.0054657,9.8933e-05,0.56473,-16.072,6.9022,-0.088176,-2.8592,0,0.33,0.39804,0.19322
115.95,-136.41,30.78,-0.38501,-1.5586,0.0054835,5.7546e-05,0.9803,-19.332,-11.142,5.4981,1.6728,0,0.33,0.31033,0.19717
-2.7735,31.7,30.715,-0.45152,-1.6382,0.0054794,7.9235e-05,0.87271,-18.843,-23.589,5.0189,6.7875,0,0.33,0.31827,0.19717
213.57,-268.78,30.763,-0.31855,-1.6698,0.0054838,5.0184e-05,0.98995,-19.849,4.77,5.5536,-3.9947,0,0.33,0.30239,0.19716
81.246,-117.75,30.813,-0.33537,-1.5159,0.0054824,6.4268e-05,0.93211,-19.6,-10.074,4.9282,1.791,0,0.33,0.31033,0.20115
160.4,-208.96,30.804,-0.27498,-1.6258,0.0054824,5.7698e-05,0.93247,-20.174,2.2562,4.6309,-2.314,0,0.33,0.30239,0.20114
27.871,-22.721,30.752,-0.38778,-1.5947,0.0054782,7.8933e-05,0.83122,-19.144,-16.222,3.7215,4.4842,0,0.33,0.31826,0.20116
66.843,-64.191,30.655,-0.48312,-1.7155,0.0054753,7.7133e-05,0.78395,-18.391,-9.592,4.1712,1.6124,0,0.33,0.3262,0.19718
179.55,-233.87,30.674,-0.50791,-1.6103,0.0054747,5.5383e-05,0.80177,-18.041,1.675,4.5293,-3.2905,0,0.33,0.33415,0.19719
129.9,-176.21,30.707,-0.45924,-1.5732,0.0054739,6.5801e-05,0.76543,-18.325,0.6377,2.8431,-1.7907,0,0.33,0.33415,0.20117
69.211,-59.903,30.681,-0.44294,-1.693,0.0054745,7.9168e-05,0.7528,-18.638,-8.0464,3.0244,1.6558,0,0.33,0.3262,0.20117
29.543,-44.3,30.767,-0.64479,-1.0434,0.0054716,8.3032e-05,0.70674,-16.815,-10.478,2.6373,2.3212,0,0.33,0.37409,0.19717
-63.093,101.89,30.698,-0.67527,-1.1384,0.0054685,0.00012683,0.62139,-16.663,-22.873,2.7888,7.9207,0,0.33,0.38203,0.19717
151.24,-196.5,30.737,-0.62106,-1.152,0.0054724,5.8364e-05,0.7412,-16.951,4.5221,1.5377,-5.0884,0,0.33,0.36616,0.19717
9.5538,-36.674,30.79,-0.59553,-1.0162,0.0054709,8.8311e-05,0.67685,-16.996,-11.135,3.888,2.0213,0,0.33,0.37409,0.20116
123.72,-163.63,30.759,-0.56946,-1.1347,0.0054714,6.8081e-05,0.70401,-17.195,0.81932,2.7985,-2.8923,0,0.33,0.36615,0.20115
-39.044,58.424,30.726,-0.60562,-1.1124,0.0054678,0.00011707,0.59846,-16.851,-18.552,3.3066,5.2185,0,0.33,0.38202,0.20116
197.71,-310.08,29.723,-2.014,-0.16681,0.0056033,4.9801e-05,4.6808,-0.87319,-0.91763,0.87677,-5.3458,0,0.33,0.39039,0.011963
191.78,-307.12,29.725,-1.9972,-0.21735,0.0055996,4.9982e-05,4.5738,-0.99578,-0.37806,-0.11811,-5.2843,0,0.33,0.39039,0.01595
161.26,-248.72,29.813,-1.9059,-0.15734,0.0055692,5.4426e-05,3.547,-2.2832,-1.2844,0.95491,-3.9058,0,0.33,0.39832,0.011963
149.34,-236.72,29.832,-1.867,-0.1957,0.0055616,5.5813e-05,3.3037,-2.7339,-1.1698,0.34015,-3.6131,0,0.33,0.39833,0.01595
200.84,-313.5,29.731,-1.9834,-0.27282,0.0055963,4.9261e-05,4.4971,-1.1306,1.35,1.163,-5.0392,0,0.33,0.39039,0.019938
159.75,-249.23,29.817,-1.8763,-0.24118,0.0055638,5.4469e-05,3.3976,-2.5151,-0.11208,1.0151,-3.6592,0,0.33,0.39832,0.019938
220.12,-323.49,29.866,-1.9087,-0.58429,0.0055602,4.797e-05,3.4578,-2.5711,1.7263,2.4468,-3.9438,0,0.33,0.39041,0.043868
217.22,-316.63,29.886,-1.8801,-0.6314,0.005554,4.8303e-05,3.2672,-2.9032,3.3108,2.6932,-3.5286,0,0.33,0.39041,0.047879
168.86,-248.59,29.939,-1.8073,-0.5297,0.0055395,5.4406e-05,2.7082,-3.7849,-0.91379,2.1415,-2.6815,0,0.33,0.39834,0.043869
160.01,-233.68,29.969,-1.7565,-0.56079,0.0055323,5.6193e-05,2.474,-4.3629,0.22742,2.2337,-2.0952,0,0.33,0.39834,0.047882
224.51,-311.45,29.912,-1.8536,-0.6804,0.0055475,4.809e-05,3.0607,-3.2488,5.1855,4.0463,-2.9606,0,0.33,0.39041,0.051936
172.76,-242.51,29.974,-1.7526,-0.60921,0.0055309,5.4853e-05,2.4483,-4.3905,2.3051,3.2763,-1.7676,0,0.33,0.39834,0.051937
220.83,-306.99,30.101,-1.6846,-0.93337,0.0055173,4.8909e-05,2.1338,-5.6803,3.7006,2.3485,-2.2193,0,0.33,0.39044,0.07628
218.8,-290,30.127,-1.6451,-0.96604,0.0055133,4.9798e-05,1.995,-6.1238,5.9139,2.4631,-2.1053,0,0.33,0.39045,0.08039
157.47,-229.41,30.148,-1.6047,-0.83763,0.005509,5.6673e-05,1.82,-6.568,1.138,2.4036,-0.70502,0,0.33,0.39838,0.076202
145.46,-202.36,30.177,-1.5493,-0.84891,0.0055044,6.0303e-05,1.6613,-7.1288,2.7506,2.4723,-0.28673,0,0.33,0.39839,0.080312
227.24,-268.35,30.155,-1.6105,-1.002,0.0055093,5.0326e-05,1.8562,-6.6002,8.4561,2.9766,-1.8986,0,0.33,0.39046,0.084417
171.86,-203.67,30.194,-1.5355,-0.8914,0.0055027,5.8832e-05,1.615,-7.3774,5.8198,2.9765,-0.30681,0,0.33,0.3984,0.084379
164.27,-222.81,30.28,-1.4374,-1.1769,0.0054928,5.5174e-05,1.3499,-9.3429,6.9659,-0.43202,-4.3813,0,0.33,0.39042,0.10862
141.05,-190.86,30.296,-1.4065,-1.1971,0.0054902,5.837e-05,1.2571,-9.772,8.61,0.03337,-4.5562,0,0.33,0.39045,0.1125
162.72,-220.07,30.34,-1.3781,-1.0455,0.00549,5.6283e-05,1.2623,-9.8109,5.9314,1.0887,-3.3293,0,0.33,0.39841,0.10841
140.46,-187.53,30.367,-1.3279,-1.0374,0.0054873,6.0105e-05,1.167,-10.232,7.0067,1.2802,-2.9105,0,0.33,0.39842,0.11236
120.68,-160.92,30.314,-1.383,-1.2177,0.0054877,6.2256e-05,1.1729,-10.193,9.9914,-0.14457,-4.5533,0,0.33,0.39047,0.11642
130.2,-172.68,30.377,-1.3166,-1.0834,0.0054859,6.025e-05,1.1235,-10.569,9.7208,0.64243,-3.9928,0,0.33,0.39843,0.11634
129.25,-183.87,30.415,-1.1263,-1.2825,0.0054786,6.4169e-05,0.93189,-12.54,-2.9684,1.5688,-0.99286,0,0.33,0.3905,0.14028
97.993,-140.46,30.435,-1.079,-1.2829,0.0054769,7.426e-05,0.86427,-12.898,-0.29554,1.801,-0.63484,0,0.33,0.3905,0.14426
162.18,-241.38,30.463,-1.0831,-1.1645,0.0054775,5.432e-05,0.91944,-12.684,0.82269,1.1498,-4.1832,0,0.33,0.39844,0.14027
129.35,-188.19,30.488,-1.0235,-1.1416,0.0054757,6.0888e-05,0.84742,-12.999,3.2855,1.3092,-3.9648,0,0.33,0.39844,0.14426
67.715,-102.58,30.457,-1.0438,-1.2837,0.0054753,8.8314e-05,0.80454,-13.249,2.2116,1.9571,-0.27552,0,0.33,0.3905,0.14825
93.21,-146.61,30.496,-0.99608,-1.173,0.0054743,6.687e-05,0.79426,-13.333,6.1253,1.5343,-3.9883,0,0.33,0.39844,0.14825
49.154,-94.843,30.593,-0.80942,-1.2622,0.0054707,8.1715e-05,0.70376,-15.099,-8.3112,2.8968,2.4265,0,0.33,0.3904,0.17256
32.179,-70.928,30.614,-0.76014,-1.2509,0.0054702,9.7233e-05,0.6806,-15.366,-5.4674,1.7295,2.8018,0,0.33,0.39037,0.17664
117.54,-182.92,30.611,-0.78177,-1.167,0.0054698,6.1808e-05,0.69768,-15.021,-0.64897,2.1872,-2.3779,0,0.33,0.39839,0.17237
91.55,-137.03,30.632,-0.73125,-1.1361,0.005469,7.16e-05,0.66091,-15.224,2.2997,1.3052,-2.2965,0,0.33,0.39836,0.1765
19.766,-45.532,30.628,-0.72697,-1.2396,0.0054695,0.00011666,0.65702,-15.624,-1.5757,-0.10451,2.8942,0,0.33,0.39032,0.18072
50.672,-90.657,30.641,-0.6973,-1.1496,0.0054684,8.5118e-05,0.63393,-15.513,5.2134,0.24284,-2.1486,0,0.33,0.39832,0.18061
271.37,-344.66,30.748,-0.10529,-1.9758,0.0054875,4.502e-05,1.0878,-21.866,-1.1602,6.5404,-1.8309,0,0.33,0.27857,0.19712
262.08,-327.17,30.743,-0.20033,-1.8945,0.0054856,4.6379e-05,1.0434,-21.045,-0.80628,6.5451,-1.8572,0,0.33,0.28652,0.19713
230.94,-291.74,30.784,-0.063013,-1.9174,0.0054864,4.9345e-05,1.0421,-22.122,-0.31894,4.7178,-1.7524,0,0.33,0.27856,0.20111
212.03,-266.32,30.788,-0.14829,-1.8296,0.0054844,5.1399e-05,0.98718,-21.386,0.71729,4.6882,-2.0917,0,0.33,0.28651,0.20112
216.34,-269.55,30.743,-0.27739,-1.8047,0.0054839,5.0127e-05,0.99242,-20.426,3.9503,6.33,-3.1542,0,0.33,0.29446,0.19715
185.89,-241.89,30.78,-0.2412,-1.7658,0.0054827,5.2796e-05,0.94424,-20.689,4.3755,5.4755,-3.0319,0,0.33,0.29445,0.20113
213.55,-269.49,30.694,-0.55872,-1.4978,0.0054742,5.079e-05,0.80941,-17.705,-1.0961,4.5709,-1.3453,0,0.33,0.34214,0.19718
191.73,-231.86,30.687,-0.60181,-1.3982,0.0054734,5.4958e-05,0.78218,-17.402,-1.0197,4.1023,-0.12936,0,0.33,0.35022,0.19717
176.25,-232.91,30.723,-0.50406,-1.4659,0.0054736,5.5136e-05,0.78391,-17.943,-0.038243,3.6021,-1.4729,0,0.33,0.34215,0.20117
162.6,-208.77,30.721,-0.53437,-1.367,0.0054727,5.7826e-05,0.75272,-17.675,0.012224,3.4521,-0.95716,0,0.33,0.35022,0.20115
170.57,-209.16,30.69,-0.6239,-1.291,0.0054727,5.6603e-05,0.7558,-17.151,3.5545,2.5452,-3.4588,0,0.33,0.35821,0.19716
163.34,-208.59,30.712,-0.57607,-1.2786,0.005472,5.6824e-05,0.73263,-17.369,2.8646,3.2256,-2.9362,0,0.33,0.35821,0.20115
116.74,-196.33,29.947,-1.6969,-0.083971,0.0055314,6.0151e-05,2.3398,-4.8786,-0.12603,0.98,-5.1897,0,0.33,0.41429,0.0079773
58.898,-108.81,30.258,-1.3955,-0.11505,0.0054929,8.0599e-05,1.2061,-8.2526,-0.51376,0.30117,-4.8523,0,0.33,0.44184,0.015951
74.496,-139.44,30.146,-1.4892,-0.13035,0.0055029,7.1352e-05,1.494,-6.9939,-0.35619,0.29745,-6.4451,0,0.33,0.43037,0.015951
116.67,-195.86,29.958,-1.6809,-0.16901,0.005529,6.0251e-05,2.2761,-5.0115,-0.40171,0.6473,-4.976,0,0.33,0.41429,0.015951
110.18,-174.96,30.001,-1.659,-0.33188,0.0055199,6.2929e-05,2.0113,-5.5231,3.6766,2.8141,-4.3862,0,0.33,0.41429,0.031902
115.11,-186.53,29.969,-1.6561,-0.25084,0.0055253,6.1268e-05,2.1644,-5.2287,1.7331,1.599,-4.8187,0,0.33,0.41429,0.023926
112.27,-179.83,30.037,-1.6464,-0.40555,0.0055153,6.267e-05,1.8969,-5.8832,1.1285,2.1334,-3.9342,0,0.33,0.4143,0.039885
54.865,-100.59,30.316,-1.3436,-0.32311,0.0054865,8.4418e-05,1.0547,-9.1272,-0.95357,1.0406,-4.1617,0,0.33,0.44184,0.047867
73.192,-132.26,30.219,-1.4266,-0.36296,0.0054941,7.3843e-05,1.2718,-8.0845,-0.20986,1.0618,-5.4029,0,0.33,0.43038,0.047866
118.62,-185.53,30.062,-1.5921,-0.47691,0.0055115,6.2017e-05,1.796,-6.3091,0.36089,1.5703,-3.5639,0,0.33,0.4143,0.047897
103.98,-147.94,30.141,-1.534,-0.61466,0.0055008,6.7813e-05,1.4781,-7.3613,4.7919,3.2215,-2.6123,0,0.33,0.4143,0.063978
113.16,-165.68,30.094,-1.5488,-0.54724,0.0055061,6.4653e-05,1.6298,-6.8077,3.7358,2.6697,-3.1457,0,0.33,0.4143,0.055957
103.71,-156.81,30.186,-1.4971,-0.67062,0.0054971,6.7135e-05,1.3946,-7.9516,1.8946,2.3062,-2.1546,0,0.33,0.4143,0.072008
57.384,-88.671,30.415,-1.2325,-0.51856,0.0054791,9.0005e-05,0.87102,-10.716,-0.72637,1.1685,-3.2176,0,0.33,0.44184,0.080042
72.026,-115.11,30.339,-1.2991,-0.57395,0.0054843,7.8128e-05,1.0155,-10.024,0.4087,1.3544,-4.2087,0,0.33,0.43031,0.080047
97.959,-151.92,30.221,-1.4269,-0.72017,0.0054939,6.8299e-05,1.3046,-8.5486,1.8514,1.9714,-1.811,0,0.33,0.41429,0.080139
79.004,-110.36,30.311,-1.3611,-0.80231,0.0054862,7.6564e-05,1.0819,-9.7844,6.3719,3.1873,-1.3039,0,0.33,0.41428,0.096366
82.336,-118.79,30.262,-1.3803,-0.76361,0.0054897,7.4542e-05,1.1737,-9.1584,5.6101,2.8317,-1.5207,0,0.33,0.41428,0.088302
92.101,-136.51,30.358,-1.3173,-0.83084,0.005484,7.1843e-05,1.0407,-10.401,3.4741,2.6818,-1.2792,0,0.33,0.41428,0.10436
46.109,-73.932,30.524,-1.0829,-0.6521,0.0054725,9.9871e-05,0.71073,-12.448,-1.7841,1.212,-1.6869,0,0.33,0.44184,0.11235
59.169,-98.657,30.48,-1.1451,-0.70815,0.005476,8.5558e-05,0.80863,-12.08,-0.67435,2.0638,-2.4379,0,0.33,0.4302,0.11236
97.781,-141.52,30.399,-1.2451,-0.85835,0.0054819,7.067e-05,0.98594,-11.016,3.2702,2.2785,-1.4258,0,0.33,0.4143,0.11234
94.365,-132.62,30.474,-1.153,-0.91605,0.0054767,7.1816e-05,0.84877,-12.219,5.046,1.9522,-2.4218,0,0.33,0.41432,0.12831
85.083,-119.26,30.438,-1.1917,-0.88718,0.0054791,7.4729e-05,0.9029,-11.63,5.866,2.0237,-1.808,0,0.33,0.41431,0.12033
121.68,-170.5,30.511,-1.0794,-0.93763,0.0054752,6.4612e-05,0.82768,-12.781,1.5327,2.3612,-3.0574,0,0.33,0.41432,0.1363
44.77,-66.841,30.639,-0.87069,-0.71405,0.0054683,0.00010575,0.61233,-13.955,-2.2587,3.0424,0.1316,0,0.33,0.44184,0.14435
60.583,-97.305,30.644,-0.91347,-0.77333,0.0054708,8.6106e-05,0.68303,-13.865,-0.65926,3.6673,-1.6923,0,0.33,0.43025,0.14433
108.59,-152.78,30.552,-0.98187,-0.95034,0.0054736,6.7985e-05,0.7781,-13.321,2.6102,2.3629,-3.8674,0,0.33,0.41433,0.14428
64.3,-85.595,30.615,-0.8996,-0.97043,0.0054696,8.3346e-05,0.65651,-14.31,7.6474,1.222,-3.9235,0,0.33,0.41432,0.16027
66.232,-90.936,30.588,-0.92332,-0.96213,0.0054713,8.1632e-05,0.69786,-13.837,7.54,1.6036,-4.355,0,0.33,0.41433,0.15227
105.04,-139.61,30.643,-0.84022,-0.96567,0.0054689,7.0842e-05,0.65972,-14.746,3.0991,1.4511,-3.4141,0,0.33,0.4143,0.16832
40.335,-61.752,30.725,-0.6703,-0.70731,0.0054651,0.00011063,0.5447,-15.138,-3.9801,1.2919,0.84055,0,0.33,0.44184,0.17639
65.682,-99.555,30.746,-0.70181,-0.75746,0.0054669,8.5634e-05,0.60045,-15.26,-1.8113,1.2252,-1.2271,0,0.33,0.43017,0.17649
102.08,-133.07,30.672,-0.74231,-0.9567,0.0054681,7.3113e-05,0.63878,-15.161,3.0013,0.89359,-3.4203,0,0.33,0.41424,0.17652
54.181,-69.644,30.692,-0.66126,-0.94638,0.0054652,9.2172e-05,0.55414,-15.889,7.297,-0.72407,-2.8708,0,0.33,0.41401,0.19311
51.237,-70.37,30.689,-0.68439,-0.95313,0.0054666,9.1545e-05,0.58369,-15.555,7.535,-0.55441,-3.4995,0,0.33,0.41414,0.18484
114.74,-169.56,30.755,-0.45071,-1.3177,0.0054719,6.4382e-05,0.72174,-18.093,2.6877,0.6085,-2.5927,0,0.33,0.3502,0.20913
24.454,-27.104,30.755,-0.51888,-1.0852,0.0054675,0.00012961,0.58992,-17.14,-9.137,0.85085,2.1905,0,0.33,0.38202,0.20914
78.227,-108.11,30.791,-0.49239,-1.1064,0.0054706,8.1424e-05,0.6698,-17.565,-3.2495,1.9493,-0.58685,0,0.33,0.36614,0.20913
2.6164,9.8666,30.641,-0.66904,-1.2154,0.0054656,0.0001176,0.55853,-16.475,-8.9237,1.8347,2.3082,0,0.33,0.38999,0.19719
63.001,-85.721,30.659,-0.647,-1.1301,0.0054653,8.646e-05,0.55701,-16.28,4.4787,1.3273,-2.4039,0,0.33,0.398,0.19723
14.464,7.961,30.658,-0.62514,-1.2098,0.0054652,0.00011318,0.54295,-16.625,-10.965,2.2341,2.6466,0,0.33,0.38998,0.20117
66.248,-75.381,30.683,-0.60062,-1.1056,0.0054649,9.4774e-05,0.54705,-16.424,-0.42522,1.5995,-0.79879,0,0.33,0.39798,0.20121
88.309,-128.78,30.704,-0.60245,-0.94018,0.0054647,7.5752e-05,0.55921,-16.197,3.0491,0.61229,-1.869,0,0.33,0.41393,0.20119
31.811,-47.2,30.705,-0.52868,-1.0978,0.0054648,0.0001219,0.54773,-16.743,-2.2581,-0.28292,0.40898,0,0.33,0.39794,0.20917
66.176,-97.808,31.033,0.52199,0.63114,0.0065009,6.1107e-05,16.312,-31.165,16.419,1.4314,-22.296,0,0.33,0,0.28827
-36003,-11760,0.16999,-0.1239,-13.867,18.165,0.0083412,2862.4,-112.79,666.79,-40.22,-1951.4,0,0.33,0.0078468,-0.095751
-75364,-33052,0.74114,-0.15184,-15.527,14.533,0.0010722,4328.3,-111.15,1755,-30.427,-3800.7,0,0.33,0,-0.0957
-27337,-12092,0.27299,-0.21358,-14.04,18.243,0.0084302,2865.3,-112.63,678.39,-41.513,-1942.4,0,0.33,0.0078469,-0.091761
-58691,-34046,0.81817,-0.20569,-15.686,14.666,0.0010828,4347.4,-110.74,1776,-31.151,-3786.5,0,0.33,0,-0.09171
-19219,26947,0.085939,0.54453,3.2634,27.271,0.032773,834.66,-124.37,-329.39,-1.7917,190.32,0,0.33,0.063059,-0.091886
-11788,26689,0.17208,1.0577,3.5242,27.449,0.032003,860.62,-123.54,-326.34,13.183,202.74,0,0.33,0.063066,-0.095906
-31481,29705,-0.91184,0.26426,1.4712,26.49,0.035486,747.65,-126.87,-368.02,-25.451,121.72,0,0.33,0.05516,-0.091891
-25060,29341,-0.90824,0.75606,1.7298,26.681,0.034886,766.31,-125.99,-367.52,-12.735,130.97,0,0.33,0.05517,-0.095919
-6782,21595,1.6532,0.84252,4.6448,29.097,0.030618,951.93,-120.26,-271.06,29.847,260.97,0,0.33,0.070954,-0.091899
-6045.7,21514,1.8509,1.3509,4.891,29.343,0.029862,984.33,-119.51,-264.6,47.577,276.46,0,0.33,0.070962,-0.095913
-8076.5,9853.4,21.873,1.8975,4.8542,20.009,0.017333,1145.4,-81.063,-30.691,184.07,425.12,0,0.33,0.12662,-0.09222
-8261.2,9869.8,22.623,2.0825,4.8371,18.98,0.016666,1128,-80.91,-21.436,199.72,414.21,0,0.33,0.1266,-0.096236
-5036.7,9143.6,18.538,1.756,5.0701,27.441,0.022351,1225.6,-86.994,-27.139,196.43,441.61,0,0.33,0.11863,-0.092275
-6096.2,9606.4,19.337,1.9835,5.0808,26.612,0.021617,1227.8,-86.848,-17.046,216.66,439.85,0,0.33,0.11863,-0.096268
-7769.6,8785.5,24.902,2.048,4.7714,12.328,0.012186,992.13,-74.608,-34.764,153.25,363.43,0,0.33,0.13467,-0.092212
-7101.2,8388,25.529,2.1878,4.7292,11.426,0.011691,956.04,-74.458,-25.834,162.33,345.9,0,0.33,0.13465,-0.09622
1910.3,25329,-1.4044,-0.25361,-5.4694,26.243,0.029872,777.83,-123.56,-415.65,-59.79,-16.899,0,0.33,0.03145,-0.091891
3211.7,19933,-1.0334,-0.30315,-8.1977,25.342,0.025399,889.77,-119.88,-413.07,-60.761,-42.927,0,0.33,0.023587,-0.091838
-15195,28456,-1.5591,-0.14485,-2.9262,26.475,0.034967,722.78,-126.2,-405.52,-53.135,19.01,0,0.33,0.039341,-0.091906
-1530.4,7181,9.114,1.4788,5.9291,35.802,0.029614,1209.3,-103.42,-83.011,140.84,386.54,0,0.33,0.094849,-0.092144
-3530.2,9936.5,6.3174,1.3264,5.9226,34.297,0.029794,1151.3,-109.16,-135.04,105.42,360.05,0,0.33,0.086911,-0.09198
-776.72,6714.1,12.092,1.5761,5.7024,35.478,0.028577,1242,-97.913,-49.075,170.61,408.66,0,0.33,0.10279,-0.092233
321.1,-702.91,29.707,1.8849,5.0945,0.39579,0.0013143,285.86,-48.814,-18.2,40.839,37.769,0,0.33,0.16658,-0.092162
-513.51,766.11,29.464,2.0561,4.9963,1.1031,0.0026132,399.51,-54.968,-23.662,53.516,85.97,0,0.33,0.15855,-0.09219
-1965.9,3184.8,28.726,2.1532,4.8899,2.8306,0.004732,570.68,-61.387,-30.127,78.044,166.02,0,0.33,0.15057,-0.092204
3849.4,13263,-0.53591,-0.26779,-10.994,23.249,0.019638,1173.3,-116.13,-413.34,-55.78,-75.12,0,0.33,0.015704,-0.091805
4581.6,13592,-0.38439,-0.43648,-11.152,23.193,0.019741,1164.3,-115.74,-412.03,-58.645,-72.439,0,0.33,0.015706,-0.087808
-18369,-12716,0.38837,-0.30537,-14.178,18.315,0.0085109,2868,-111.79,686.96,-42.892,-1931.6,0,0.33,0.0078473,-0.087768
-41536,-35624,0.9058,-0.26195,-15.809,14.792,0.0010943,4364.8,-109.62,1791.3,-31.894,-3769.3,0,0.33,0,-0.087721
-31919,29889,-1.4227,0.02971,-0.61384,26.405,0.037127,711.23,-127.46,-390.13,-41.843,64.415,0,0.33,0.047238,-0.091911
-32201,29962,-1.3228,-0.41845,-0.84346,26.144,0.037164,703.46,-127.86,-387.4,-53.134,58.247,0,0.33,0.04723,-0.087929
-32402,29763,-0.86475,-0.2284,1.2189,26.292,0.035849,734.29,-127.34,-366.51,-39.1,113.06,0,0.33,0.055141,-0.087915
-25763,26932,0.057848,0.025818,2.9973,27.107,0.033392,813.94,-124.78,-330.43,-17.508,178.62,0,0.33,0.063056,-0.0879
-5161.3,15189,3.7736,1.1141,5.5296,31.726,0.029814,1064.5,-115.02,-201.45,67.4,320.02,0,0.33,0.078876,-0.091923
-4119.8,14893,3.5172,0.61883,5.2882,31.425,0.030449,1032.4,-115.26,-209.5,48.071,303.88,0,0.33,0.078873,-0.087926
-12204,21483,1.5222,0.32355,4.3815,28.89,0.0313,924.52,-120.57,-275.8,12.351,246.42,0,0.33,0.070953,-0.087907
-2083.4,7692.5,15.239,1.656,5.3797,32.77,0.026209,1250.4,-92.527,-31.553,190.37,429.23,0,0.33,0.1107,-0.092268
-773.81,6874.1,14.547,1.3571,5.2999,32.977,0.026781,1231.8,-92.446,-42.911,166.69,422.44,0,0.33,0.1107,-0.088277
-3831.3,8557.8,17.816,1.5025,5.0256,28.013,0.022928,1220.6,-86.893,-38.126,174.43,441.41,0,0.33,0.11863,-0.08828
-7403.1,9663,21.183,1.6873,4.843,20.793,0.017839,1158.3,-80.978,-41.197,166.22,432.88,0,0.33,0.12663,-0.088225
-4608.5,6192,27.243,2.1523,4.801,6.3806,0.0078694,783.74,-68.061,-34.539,113.72,267.54,0,0.33,0.14261,-0.092236
-5273.7,6667.2,26.78,2.0296,4.848,6.8808,0.008051,828.54,-67.966,-44.758,109.42,283.79,0,0.33,0.14262,-0.088223
-8045,9020.3,24.308,1.8821,4.7902,13.056,0.012541,1023.3,-74.539,-45.208,141.98,377.78,0,0.33,0.13467,-0.08821
3867.3,20175,-0.87272,-0.55211,-8.3651,25.151,0.025424,884.6,-119.79,-411.57,-65.436,-43.098,0,0.33,0.023588,-0.087846
2760.4,25424,-1.249,-0.5775,-5.6525,25.968,0.029907,773.67,-123.68,-413,-66.505,-19.108,0,0.33,0.031452,-0.087898
5399.2,13912,-0.21554,-0.60863,-11.276,23.133,0.019832,1157,-114.68,-410.81,-61.585,-69.033,0,0.33,0.01571,-0.0838
-9122.2,-13603,0.51621,-0.4005,-14.28,18.384,0.0085834,2871.2,-110.23,693.27,-44.226,-1919.9,0,0.33,0.0078484,-0.083768
-6467,-40304,1.1126,-0.38443,-15.939,15.03,0.0011177,4398.5,-105.09,1809.5,-33.286,-3733.8,0,0.33,0,-0.079743
51.405,-14806,0.65642,-0.49992,-14.343,18.451,0.0086475,2875.3,-107.93,697.99,-45.463,-1908.4,0,0.33,0.0078493,-0.079768
-23904,-37685,1.004,-0.3213,-15.894,14.912,0.0011061,4381.4,-107.74,1802.1,-32.612,-3750.9,0,0.33,0,-0.083732
6261.8,14198,-0.02913,-0.78594,-11.366,23.073,0.019915,1151.6,-112.94,-409.54,-64.412,-64.88,0,0.33,0.015713,-0.079799
4626.5,20461,-0.6884,-0.80303,-8.5025,24.955,0.025438,881.54,-119.07,-410.31,-70.43,-42.437,0,0.33,0.02359,-0.083847
4354.9,25849,-0.84682,-1.2272,-5.94,25.406,0.029969,772.64,-122.23,-408.38,-80.877,-20.883,0,0.33,0.031462,-0.079882
3536.3,25571,-1.0635,-0.90099,-5.809,25.686,0.029919,771.96,-123.23,-410.53,-73.587,-20.431,0,0.33,0.031456,-0.083894
5451.2,20806,-0.47982,-1.0585,-8.6102,24.757,0.025469,880.61,-117.74,-409.22,-75.468,-40.914,0,0.33,0.023591,-0.079852
-14755,28488,-1.4239,-0.53563,-3.1311,26.178,0.034945,717.94,-126.47,-402.37,-62.013,14.847,0,0.33,0.039341,-0.087914
-32512,29498,-0.76247,-0.72126,0.97673,26.113,0.035982,726.32,-127.42,-362.89,-53.202,105.18,0,0.33,0.055124,-0.083949
-32375,29849,-1.177,-0.86497,-1.0535,25.886,0.036979,700,-127.84,-383.48,-64.572,53.088,0,0.33,0.047227,-0.083947
-30315,25916,0.19466,-1.0216,2.4578,26.898,0.034168,788.51,-124.57,-325.2,-51.475,156.77,0,0.33,0.063055,-0.079927
-30311,26551,0.092678,-0.49706,2.7277,26.978,0.033857,798.54,-124.85,-328.87,-34.31,167.26,0,0.33,0.063053,-0.083921
-32540,29056,-0.60283,-1.2147,0.74515,25.969,0.035927,723.25,-127.09,-358.02,-67.379,98.41,0,0.33,0.05513,-0.079954
-32600,29687,-0.98498,-1.3116,-1.2463,25.65,0.036628,700.27,-127.35,-379.16,-76.141,48.942,0,0.33,0.047228,-0.079957
-14448,28494,-1.2516,-0.92455,-3.3123,25.878,0.034813,716.2,-126.25,-398.95,-71.123,11.674,0,0.33,0.039343,-0.083922
-14212,28598,-1.0411,-1.3146,-3.4722,25.589,0.034631,717.32,-125.52,-395.74,-80.52,9.4119,0,0.33,0.039346,-0.079925
6839.8,-16339,0.80862,-0.60457,-14.367,18.519,0.0087036,2880.4,-104.84,700.66,-46.587,-1896.6,0,0.33,0.0078501,-0.075774
6809.7,-18208,0.9726,-0.71562,-14.35,18.589,0.0087524,2886.2,-100.95,700.52,-47.623,-1883.5,0,0.33,0.0078503,-0.071784
7135.4,14426,0.17406,-0.96996,-11.421,23.015,0.019993,1148.1,-110.5,-408.12,-67.03,-59.994,0,0.33,0.015714,-0.075808
7996.7,14582,0.39348,-1.1627,-11.441,22.964,0.020066,1146.5,-107.34,-406.51,-69.424,-54.417,0,0.33,0.015714,-0.07182
6153.4,-43484,1.2316,-0.45208,-15.942,15.144,0.0011297,4415.8,-101.61,1812.6,-33.889,-3716.5,0,0.33,0,-0.075755
5128.1,-47228,1.3606,-0.52501,-15.9,15.257,0.0011428,4432.7,-97.285,1809.7,-34.453,-3697,0,0.33,0,-0.071767
6297.6,21187,-0.24745,-1.3209,-8.6883,24.562,0.025525,881.88,-115.77,-408.21,-80.316,-38.479,0,0.33,0.023591,-0.075866
7130.4,21574,0.0081706,-1.5933,-8.736,24.374,0.025609,885.43,-113.15,-407.18,-84.864,-35.089,0,0.33,0.02359,-0.07188
5199.9,26276,-0.59862,-1.5595,-6.0462,25.134,0.030088,775.76,-120.67,-406.61,-88.134,-20.432,0,0.33,0.031468,-0.075894
6034.9,26789,-0.31917,-1.9021,-6.1277,24.874,0.030256,781.43,-118.55,-405,-95.201,-18.967,0,0.33,0.031471,-0.071913
-32970,29591,-0.74596,-1.7605,-1.4236,25.448,0.036155,703.84,-126.43,-374.84,-87.977,45.714,0,0.33,0.047232,-0.075964
-33541,29637,-0.45857,-2.2153,-1.5876,25.285,0.035584,710.59,-125.09,-370.84,-100.18,43.466,0,0.33,0.047235,-0.071973
-32617,28598,-0.38615,-1.7097,0.52199,25.872,0.035735,724.27,-126.33,-352.61,-81.61,92.702,0,0.33,0.055154,-0.075939
-32828,28236,-0.11411,-2.2074,0.30654,25.822,0.035435,728.89,-125.21,-347.27,-96.006,88.013,0,0.33,0.055163,-0.071938
-30274,25212,0.3633,-1.5472,2.1877,26.87,0.034347,783.25,-123.94,-320.41,-68.491,147.55,0,0.33,0.063059,-0.07593
-14066,28863,-0.7916,-1.7092,-3.6118,25.318,0.034435,721.22,-124.32,-392.94,-90.116,8.0191,0,0.33,0.039348,-0.075938
-14032,29263,-0.50243,-2.1128,-3.7324,25.072,0.034217,727.95,-122.65,-390.46,-99.81,7.6137,0,0.33,0.03935,-0.071952
-2103.3,9393.6,5.9278,0.87099,5.7185,33.931,0.030379,1117.1,-109.35,-145.28,84.317,344.29,0,0.33,0.086901,-0.08796
-106.91,6373.7,8.6017,1.0715,5.7691,35.48,0.030172,1176.3,-103.46,-94.189,117.73,372.04,0,0.33,0.094852,-0.088065
-5834.2,14445,3.3328,0.10848,5.0199,31.169,0.031052,1004.1,-115.16,-216.07,28.368,288.19,0,0.33,0.078873,-0.083937
-19092,21081,1.4586,-0.20577,4.1017,28.728,0.031915,901.49,-120.56,-278.19,-6.3675,232.04,0,0.33,0.070953,-0.083921
-23816,20407,1.4696,-0.74222,3.8078,28.62,0.032452,883.04,-120.27,-278.09,-26.35,217.84,0,0.33,0.070954,-0.079931
-10211,13808,3.2252,-0.41604,4.7267,30.957,0.031619,979.36,-114.79,-220.81,6.831,272.26,0,0.33,0.078874,-0.079949
-830,8794.2,5.617,0.39712,5.4797,33.595,0.030931,1086.3,-109.21,-154.78,63.881,329.16,0,0.33,0.086898,-0.083959
91.93,8117.8,5.3843,-0.096078,5.2093,33.278,0.031442,1058.5,-108.78,-163.48,42.094,313.91,0,0.33,0.086898,-0.079969
1204.2,5550.7,8.1745,0.64368,5.5696,35.142,0.030674,1146,-103.25,-105.04,95.597,358.11,0,0.33,0.094845,-0.084027
2390,4746.3,7.8295,0.19303,5.3354,34.785,0.031111,1118.5,-102.75,-115.95,73.221,344.81,0,0.33,0.094841,-0.080025
551.31,5806.7,11.473,1.2265,5.5839,35.349,0.029127,1214.2,-97.892,-60.438,146.43,396.92,0,0.33,0.10278,-0.088228
-2538.8,7890.2,17.181,1.2214,4.9473,28.341,0.023337,1213.9,-86.551,-50.046,151.06,439.75,0,0.33,0.11865,-0.084265
543.78,6006.7,13.946,1.0307,5.1828,33.008,0.027224,1213.1,-92.114,-54.842,142.5,415.19,0,0.33,0.11071,-0.084283
1838.4,5123,13.437,0.67428,5.03,32.884,0.02753,1195.4,-91.539,-67.342,117.46,407.84,0,0.33,0.11072,-0.080268
-1167.6,7158.2,16.637,0.91015,4.8358,28.439,0.02357,1206.7,-85.947,-62.747,125.9,437,0,0.33,0.11868,-0.080229
-6322.8,9346.8,20.562,1.4495,4.8032,21.325,0.01817,1167.8,-80.658,-52.4,145.3,438.17,0,0.33,0.12663,-0.084221
1828.6,4872.9,10.946,0.85109,5.4263,35.131,0.029589,1187.9,-97.602,-71.898,122.57,385.33,0,0.33,0.10278,-0.084229
3037.7,3969.5,10.506,0.44786,5.2328,34.837,0.029957,1163.6,-97.055,-83.833,98.821,374.54,0,0.33,0.10277,-0.080224
-26081,19626,1.559,-1.2828,3.5034,28.572,0.032899,869.34,-119.68,-276.35,-46.573,204.63,0,0.33,0.070955,-0.075942
-16508,13053,3.2036,-0.95183,4.4125,30.792,0.03213,958.65,-114.19,-223.79,-16.14,256.5,0,0.33,0.078876,-0.075959
-3430,7369.3,5.2393,-0.60763,4.9105,32.974,0.031889,1034.2,-108.14,-171.05,17.686,298.28,0,0.33,0.086899,-0.07598
1043.9,-1465.8,29.702,1.6718,5.1837,0.14319,0.0006232,221.62,-43.073,-13.274,36.713,14.709,0,0.33,0.1746,-0.092184
-2307.4,3648.9,28.388,2.0737,4.9647,3.105,0.0047784,622.63,-61.316,-39.577,80.721,178.78,0,0.33,0.15057,-0.088203
-566.9,1083.7,29.206,2.0001,5.0921,1.249,0.0026171,455.21,-54.769,-32.239,63.067,93.412,0,0.33,0.15856,-0.088183
-7918,9103.5,23.756,1.6869,4.7858,13.584,0.012737,1050.4,-74.233,-55.525,125.83,388.79,0,0.33,0.13468,-0.084171
183.19,-388.93,30.983,0.80015,-0.91309,0.0080702,5.4237e-05,24.097,-32.448,16.025,3.4191,15.841,0,0.33,0.031232,-0.25629
131.19,-364.5,30.977,0.67418,-1.0225,0.0085398,5.2336e-05,23.333,-32.381,27.5,3.1691,26.3,0,0.33,0,-0.25622
181.46,-306.36,31.081,1.0668,-0.36074,0.0067212,6.0103e-05,16.653,-34.008,0.77657,2.3743,3.6798,0,0.33,0.062978,-0.25639
155.03,-287.93,31.169,1.2847,0.20749,0.0061423,5.7279e-05,10.731,-34.998,-1.9604,1.7393,1.2881,0,0.33,0.094811,-0.25654
119.79,-215.86,31.179,1.1493,0.60202,0.00582,6.3504e-05,5.8359,-34.716,-0.36486,0.67134,0.80775,0,0.33,0.12665,-0.25682
102.87,-188.17,31.164,1.022,0.94877,0.0056253,6.4502e-05,2.9465,-33.028,-1.1382,0.69289,0.52383,0,0.33,0.1586,-0.25647
84.871,-161.64,31.098,0.76915,1.0907,0.0055433,6.9616e-05,1.6822,-30.886,-0.25856,0.20175,0.22604,0,0.33,0.19053,-0.25707
77.639,-145.15,31.034,0.55055,1.2151,0.0054963,7.3719e-05,1.0038,-27.978,-0.04815,0.34045,0.015889,0,0.33,0.22245,-0.25705
63.436,-117.04,30.948,0.32416,1.1863,0.0054814,8.3999e-05,0.77132,-25.519,-0.47866,0.40016,0.15226,0,0.33,0.25434,-0.25706
47.16,-97.596,30.906,0.11121,1.1582,0.0054724,9.2265e-05,0.63858,-22.896,-0.84353,0.27567,0.37059,0,0.33,0.28631,-0.25701
35.068,-74.126,30.854,-0.023669,1.0511,0.005468,0.00010566,0.56079,-21.219,-1.2592,0.0030755,-0.083221,0,0.33,0.31823,-0.25699
28.241,-66.14,30.813,-0.15622,0.95276,0.0054651,0.00010799,0.51229,-19.41,-1.3818,0.11929,-0.089103,0,0.33,0.35009,-0.257
1.564e+05,192.98,24.094,0.69145,-2.7418,1.3209,0.00032921,1348.9,-26.185,412.26,820.3,-799.42,0,0.33,0,-0.19222
81337,-8277.5,24.073,1.1026,-2.7158,2.7629,0.0009813,1477.3,-26.653,234.32,779.4,-377.94,0,0.33,0.0075261,-0.19223
93142,-4199.9,26.705,0.51416,-2.6563,0.75217,0.00028683,1022.3,-27.189,380.04,506.15,-460.57,0,0.33,0,-0.19624
50384,-7861.2,26.594,0.86657,-2.6772,1.6183,0.00083825,1067,-27.529,219,501,-223.79,0,0.33,0.0075155,-0.19625
4004.6,-10735,26.816,1.5568,-2.5651,2.664,0.001583,1072.7,-29.078,40.886,465.1,47.361,0,0.33,0.015439,-0.19626
749.28,-15223,24.569,1.869,-2.5149,4.5403,0.0019131,1536.3,-28.698,50.271,680.35,85.585,0,0.33,0.015448,-0.19225
2057.5,-3040.9,30.524,2.8239,-0.53947,0.48426,0.0012247,294.23,-43.202,3.0375,79.415,38.865,0,0.33,0.055037,-0.1964
47.304,-3259.9,30.137,3.0291,-0.44027,1.0102,0.001994,445.16,-44.626,4.3812,136.27,66.65,0,0.33,0.055045,-0.1924
2161,-2678.5,30.829,2.7753,-0.15194,0.2305,0.00080812,193.52,-45.049,1.1703,41.803,21.929,0,0.33,0.062975,-0.19644
1354.1,-2620.3,30.632,2.9691,-0.054794,0.4963,0.0014627,290.84,-46.628,2.611,77.704,40.264,0,0.33,0.062982,-0.19243
880.57,-3819.9,30.044,2.7947,-0.92065,0.91018,0.0015944,432.47,-40.727,6.2761,133.64,60.147,0,0.33,0.047121,-0.19637
-2350.5,-4413.4,29.382,3.0216,-0.83428,1.8126,0.0023687,644.76,-41.975,9.0732,217.19,97.064,0,0.33,0.047131,-0.19236
1575.8,-2004.2,30.927,2.8964,0.29628,0.22,0.00097261,184.53,-48.183,0.37504,40.436,21.866,0,0.33,0.07102,-0.19246
1484.9,-2106.1,31.007,2.7318,0.20871,0.10098,0.00050723,127.87,-46.546,-0.62525,20.81,11.709,0,0.33,0.071014,-0.19647
985.88,-1612,31.113,2.6804,0.51954,0.045496,0.00032945,87.877,-47.69,0.66314,10.917,7.3938,0,0.33,0.078969,-0.1965
1278.6,-1534.2,31.089,2.8154,0.60109,0.094248,0.00061039,119.08,-49.289,-2.153,20.354,11.855,0,0.33,0.078973,-0.1925
686.3,-1031.4,31.238,2.1057,1.4678,0.0069595,6.3797e-05,23.208,-47.137,6.5611,3.6147,-0.72677,0,0.33,0.11861,-0.19671
724.46,-907.07,31.247,2.2003,1.5844,0.0073282,8.3551e-05,25.68,-48.391,4.5166,6.0244,-1.0471,0,0.33,0.11861,-0.19271
571.4,-905.96,31.197,1.9665,1.6028,0.0065846,5.7285e-05,19.527,-46.054,3.1013,5.452,-0.51502,0,0.33,0.12677,-0.19645
634.46,-794.79,31.199,2.0519,1.7138,0.0067701,7.2753e-05,21.482,-47.239,3.9806,6.9003,-0.98525,0,0.33,0.12677,-0.19246
652.13,-948.67,31.269,2.258,1.3511,0.0076962,8.5121e-05,28.185,-48.132,6.5276,3.0809,0.45013,0,0.33,0.11065,-0.19665
639.02,-840.76,31.279,2.3494,1.449,0.0085917,0.00011382,31.757,-49.327,2.5312,6.0332,0.56977,0,0.33,0.11065,-0.19265
504.27,-644.66,31.158,1.9264,1.8332,0.0064554,6.6788e-05,18.134,-46.064,2.1166,7.4753,0.68821,0,0.33,0.13473,-0.1925
447.52,-712.67,31.163,1.8528,1.7325,0.0063321,5.3459e-05,16.389,-44.983,1.7045,6.9179,1.0266,0,0.33,0.13473,-0.1965
344.54,-605.25,31.141,1.7478,1.8449,0.0061402,4.8617e-05,13.436,-43.797,0.83249,7.6881,2.7969,0,0.33,0.14267,-0.19657
424.49,-559.73,31.131,1.8076,1.9425,0.0062299,5.9069e-05,15.013,-44.715,0.99434,7.5194,2.7232,0,0.33,0.14267,-0.19255
355.69,-503.56,31.017,1.1341,2.1243,0.005644,3.783e-05,4.2107,-36.701,1.5604,8.3541,1.3557,0,0.33,0.18254,-0.19642
415.34,-511.4,30.989,1.1592,2.2261,0.0056618,3.8121e-05,4.7517,-37.038,4.8594,6.5781,0.96748,0,0.33,0.18255,-0.19238
265.19,-408.26,30.981,0.99828,2.1828,0.0056111,4.3772e-05,3.5332,-35.093,-4.4583,9.1461,1.9523,0,0.33,0.19044,-0.19607
328.41,-427.99,30.946,1.0153,2.271,0.0056266,4.3285e-05,4.0032,-35.369,0.85091,7.6913,1.829,0,0.33,0.19044,-0.19207
345.83,-495.72,31.056,1.2679,2.1154,0.0056881,3.8458e-05,5.075,-38.175,3.7981,7.5225,1.0297,0,0.33,0.17457,-0.19669
387.42,-476.81,31.034,1.2963,2.2164,0.0057101,3.9794e-05,5.7157,-38.615,5.7559,5.9971,1.0353,0,0.33,0.17457,-0.19266
212.78,-299.28,30.916,0.91684,2.3133,0.0055944,4.8537e-05,3.2738,-33.731,-0.01799,8.302,2.254,0,0.33,0.19838,-0.19208
177.71,-281.56,30.954,0.90404,2.2379,0.005581,4.9217e-05,2.8831,-33.538,-2.4132,9.1345,2.1067,0,0.33,0.19838,-0.19608
210.74,-322.14,30.939,0.81461,2.235,0.0055569,4.589e-05,2.409,-32.196,0.73578,9.0715,2.3325,0,0.33,0.20662,-0.19704
294.83,-377.47,30.806,0.23008,2.1324,0.0055117,4.2256e-05,1.6183,-25.543,-1.2771,6.8169,0.64769,0,0.33,0.24656,-0.19314
267.09,-353.6,30.851,0.25481,2.0527,0.0055077,4.2915e-05,1.4858,-25.784,-2.7266,7.6958,0.43248,0,0.33,0.24646,-0.19713
185.63,-255.44,30.811,0.13572,2.08,0.0055012,5.1292e-05,1.3482,-24.64,-11.582,7.1567,-1.4613,0,0.33,0.25442,-0.19714
274.67,-358.02,30.868,0.37138,2.1337,0.0055105,4.3734e-05,1.5137,-26.95,5.5327,7.7673,2.186,0,0.33,0.23842,-0.19711
150.54,-197.2,30.77,0.055015,2.1208,0.005494,5.7701e-05,1.1843,-23.631,-3.8373,6.9701,-0.076483,0,0.33,0.26245,-0.19715
-1221.4,-9194.2,27.603,2.0757,-2.2264,2.6759,0.0018626,955.35,-31.84,27.301,383.04,89.753,0,0.33,0.023359,-0.19629
-6360.1,-12150,25.756,2.412,-2.142,4.6522,0.0023273,1357.4,-32.001,40.704,558.49,137.99,0,0.33,0.023364,-0.19227
-589.49,-7191,28.52,2.413,-1.802,2.1719,0.0019095,784.71,-34.74,17.879,292.69,94.165,0,0.33,0.031288,-0.19631
-7214.9,-9066.2,27.104,2.7284,-1.7045,3.9125,0.0025027,1122.7,-35.438,30.471,433.52,143.16,0,0.33,0.031298,-0.1923
-5139.3,-6382.6,28.357,2.9249,-1.2656,2.8434,0.0025194,876.53,-38.883,17.892,317.65,125.39,0,0.33,0.039217,-0.19233
877.71,-5209.8,29.367,2.6588,-1.3512,1.5043,0.0018094,601.95,-37.872,6.5183,208.16,81.04,0,0.33,0.039207,-0.19634
800.55,-1403.6,31.187,2.6036,0.76359,0.022481,0.00021132,62.851,-48.338,-0.14391,7.1858,5.9716,0,0.33,0.086891,-0.19654
943.83,-1301.5,31.185,2.7167,0.86609,0.041287,0.00036203,80.058,-49.913,-3.1235,11.396,7.5837,0,0.33,0.086894,-0.19254
791.08,-1257.7,31.239,2.4851,0.99392,0.013165,0.00014473,46.509,-48.461,-0.87015,5.0321,4.9279,0,0.33,0.094809,-0.19657
821.9,-1152.3,31.246,2.5907,1.0921,0.020123,0.00022172,56.313,-50.018,-2.3255,8.1168,5.462,0,0.33,0.094812,-0.19258
666.49,-934.52,31.279,2.4705,1.3029,0.011771,0.00015478,41.292,-49.789,-0.50483,6.9781,3.1651,0,0.33,0.10273,-0.19261
661.97,-1055.2,31.272,2.3755,1.2045,0.0092728,0.00010832,35.49,-48.332,1.5573,4.4869,2.8001,0,0.33,0.10273,-0.19661
345.85,-582.05,31.13,1.6339,1.9337,0.0059748,4.2376e-05,10.607,-42.53,-0.77805,7.7516,3.3363,0,0.33,0.15062,-0.19663
413.61,-554.74,31.115,1.6825,2.0352,0.0060437,4.8964e-05,12.025,-43.287,0.56792,7.2312,3.5647,0,0.33,0.15062,-0.19263
320.02,-539.37,31.112,1.5053,2.0226,0.0058478,4.0138e-05,8.2146,-41.103,-1.2849,7.3452,2.9807,0,0.33,0.1586,-0.19663
385.86,-518.66,31.096,1.5481,2.1224,0.0058952,4.3501e-05,9.3444,-41.761,1.7316,6.614,3.3208,0,0.33,0.15861,-0.19259
364.44,-468.08,31.07,1.4276,2.1848,0.0057836,4.1695e-05,7.1667,-40.171,3.0849,6.3241,2.2799,0,0.33,0.16659,-0.19256
314.3,-475.27,31.089,1.3937,2.0896,0.0057495,4.033e-05,6.2648,-39.605,0.70658,7.5206,2.0345,0,0.33,0.16659,-0.19655
254.03,-371.42,30.918,0.69596,2.2268,0.0055376,4.3272e-05,2.0364,-30.773,-0.69813,8.9189,2.5112,0,0.33,0.21459,-0.19706
240.43,-361.19,30.899,0.57975,2.2257,0.005525,4.4019e-05,1.7875,-29.452,-1.109,8.6927,2.6478,0,0.33,0.22253,-0.19708
243.78,-327.15,30.884,0.47099,2.2062,0.0055149,4.6068e-05,1.5809,-28.137,2.5994,8.1088,2.5379,0,0.33,0.23047,-0.1971
1880.8,-2048.6,30.699,1.4752,-1.5224,0.11548,0.00034325,138.03,-33.718,-0.66851,28.771,7.4299,0,0.33,0.031262,-0.2163
384.14,-641.88,31.231,2.0297,0.66595,0.007461,6.8051e-05,25.524,-42.506,-0.40087,6.5028,3.3983,0,0.33,0.094809,-0.21653
294.18,-537.39,31.251,1.6945,1.2145,0.0061442,4.447e-05,12.378,-41.141,-1.5272,6.4286,2.0833,0,0.33,0.12662,-0.21682
337.93,-613.76,31.257,1.8754,0.94272,0.0065492,5.05e-05,17.555,-42.117,0.63507,6.4276,1.7935,0,0.33,0.11067,-0.21661
230.72,-434.57,31.246,1.546,1.4715,0.0058934,4.3254e-05,8.4118,-39.694,-0.93081,5.5392,2.5641,0,0.33,0.14271,-0.21651
220.08,-384.41,31.23,1.3856,1.6338,0.005732,4.3938e-05,5.5731,-38.25,2.7294,3.4277,1.8284,0,0.33,0.15861,-0.2166
234.85,-354.16,31.116,0.94164,1.7985,0.0055766,4.6466e-05,2.6934,-33.661,0.19569,1.6689,0.62981,0,0.33,0.19055,-0.21685
269.43,-392.42,31.184,1.1661,1.6992,0.0056341,4.3386e-05,3.7583,-36.142,2.2276,2.4232,0.93656,0,0.33,0.17457,-0.21684
178.5,-275.84,31.059,0.76812,1.8804,0.0055348,5.1187e-05,1.9008,-31.445,2.6597,0.66447,0.95789,0,0.33,0.20662,-0.21702
153.42,-248.7,31.013,0.59475,1.8603,0.0055133,5.3093e-05,1.5024,-29.466,5.2705,-0.30986,1.4633,0,0.33,0.22252,-0.21701
158.14,-210.54,30.908,0.21623,1.7659,0.0054925,6.0169e-05,1.1234,-25.458,-1.2975,-2.1382,-0.99713,0,0.33,0.25438,-0.21707
171.29,-238.42,30.979,0.41027,1.7745,0.0055013,5.4523e-05,1.2853,-27.444,2.37,-0.96418,0.44945,0,0.33,0.23841,-0.21704
99.837,-158.76,30.839,0.071598,1.7723,0.0054844,6.7377e-05,0.9673,-23.788,2.6839,-3.2715,0.95695,0,0.33,0.27053,-0.21706
89.136,-152.06,30.847,-0.038513,1.6339,0.005481,6.7548e-05,0.89359,-22.447,5.6173,-2.0524,3.3856,0,0.33,0.28649,-0.21707
145.34,-213.4,30.832,-0.087888,1.7397,0.005483,5.7245e-05,0.94721,-21.947,3.4957,1.0317,2.7033,0,0.33,0.2865,-0.20909
56.885,-79.977,30.794,-0.25767,1.4382,0.0054756,8.9699e-05,0.77359,-20.083,-5.5685,-2.3974,-2.7265,0,0.33,0.31825,-0.2171
81.089,-116.16,30.869,-0.15418,1.4524,0.0054792,7.5925e-05,0.84615,-21.17,-0.059643,-1.279,0.47802,0,0.33,0.30238,-0.21709
74.502,-101.89,30.786,-0.31494,1.5282,0.0054773,8.1272e-05,0.8117,-19.608,-7.0756,0.37168,-2.0614,0,0.33,0.31826,-0.20913
118.02,-165.04,30.847,-0.2155,1.5507,0.0054811,6.3806e-05,0.89446,-20.655,-1.7092,1.809,0.53537,0,0.33,0.30238,-0.20911
7552.6,-7997.5,27.034,-2.3129,5.4533,0.9545,0.0016221,581.94,12.051,-20.36,96.794,48.341,0,0.33,0.24658,-0.064232
6177.6,-6916.9,27.515,-2.0647,5.3821,0.68455,0.0013872,486.76,9.5015,-13.571,80.881,37.846,0,0.33,0.24659,-0.068234
2121.7,-2566.6,29.35,0.88559,5.3491,0.033331,0.00020343,159.18,-27.299,-2.6623,29.791,6.1376,0,0.33,0.19861,-0.092369
1849.6,-2235,29.468,1.1767,5.3072,0.039949,0.00022831,169.22,-32.355,-5.5911,33.203,5.0592,0,0.33,0.19058,-0.092336
1542,-1897.4,29.597,1.4364,5.2533,0.063599,0.00032825,187.96,-37.641,-9.1452,35.515,6.1264,0,0.33,0.18256,-0.092221
1622.2,-1823.8,29.742,1.4351,5.1089,0.042293,0.00028391,145.18,-38.057,-5.5514,21.752,5.2655,0,0.33,0.18256,-0.096213
33064,-33178,22.835,-9.7948,0.75727,2.6171,0.0026616,982.15,48.39,-8.5642,16.224,55.807,0,0.33,0.24658,-0.003991
18608,-19127,22.436,-6.7557,4.1084,3.1408,0.0028662,1092.8,36.868,-142.67,12.377,125.33,0,0.33,0.24659,-0.027908
20949,-17805,22.649,-6.0629,4.4634,3.1063,0.0028691,1079.5,34.23,-131.28,46.457,125.82,0,0.33,0.24659,-0.031895
9102.5,-9139.2,26.484,-2.603,5.4929,1.2663,0.0018535,676.97,14.716,-28.927,110.14,60.498,0,0.33,0.24659,-0.060187
19375,-16566,23.001,-5.4096,4.7653,2.995,0.0028278,1055.6,31.515,-116.51,76.031,122.77,0,0.33,0.24659,-0.035882
4187.4,-5053.5,28.262,-1.6579,5.1728,0.29523,0.00092304,312.89,4.7294,-5.5447,48.937,22.383,0,0.33,0.2466,-0.076217
3542.8,-4295.9,28.538,-1.488,5.0475,0.17529,0.00070748,241.12,2.4834,-3.3325,35.717,17.345,0,0.33,0.24659,-0.080225
2551.4,-3040.8,29.171,0.20332,5.3115,0.034866,0.00023565,145.32,-17.547,-1.7233,24.283,8.5595,0,0.33,0.21466,-0.092453
3057.9,-3675,28.761,-1.3348,4.9156,0.097371,0.00051797,182.08,0.33602,-1.9976,25.409,13.625,0,0.33,0.2466,-0.084245
7482.1,-27812,22.828,-9.3436,2.1211,2.6039,0.0025226,1029.7,45.843,-89.219,-46.586,81.446,0,0.33,0.24659,-0.011961
1336.1,-24870,22.633,-8.8198,2.7091,2.7895,0.0026196,1061.8,43.945,-124.58,-61.382,97.75,0,0.33,0.24659,-0.015948
1552.4,-22523,22.453,-8.1735,3.2345,2.9729,0.0027326,1084.9,41.773,-143.34,-49.893,111.37,0,0.33,0.24659,-0.019935
14189,-12786,24.617,-3.7664,5.354,2.2749,0.0024659,917.6,23.137,-67.007,122,98.104,0,0.33,0.2466,-0.047871
12428,-11514,25.247,-3.3282,5.4477,1.9479,0.0022824,848.09,20.308,-52.141,123.31,86.309,0,0.33,0.2466,-0.051937
15962,-14076,24.014,-4.2583,5.2099,2.5681,0.0026215,975.14,25.952,-83.347,114.23,108.41,0,0.33,0.2466,-0.043859
5056.7,-5936,27.923,-1.8487,5.2864,0.46412,0.0011525,395.79,7.0652,-8.7642,64.394,29.169,0,0.33,0.2466,-0.072225
5798.2,-6761.8,27.731,-1.5144,5.6167,0.57874,0.0012693,449.5,4.1571,-11.888,81.81,31.316,0,0.33,0.23861,-0.072182
7163.5,-7978.1,27.244,-1.7341,5.7288,0.85907,0.0015369,552.38,6.5329,-17.558,103.44,42.016,0,0.33,0.23862,-0.068203
8851.7,-9277,26.666,-1.9924,5.8135,1.2096,0.0018173,658.74,9.0647,-26.632,123.32,55.311,0,0.33,0.23863,-0.064214
2399.6,-2871.8,29.248,0.55554,5.3527,0.032796,0.00021066,152.41,-22.289,-1.9889,26.504,7.095,0,0.33,0.20663,-0.09234
2639,-3408.8,29.048,0.54286,5.5378,0.08283,0.00035667,216.92,-21.27,-3.7021,45.259,9.0322,0,0.33,0.20661,-0.088313
2117.9,-2953.4,29.136,0.87958,5.5143,0.10835,0.00040886,239.43,-26.381,-5.4992,55.849,8.6564,0,0.33,0.19853,-0.088151
1699.1,-2490.9,29.245,1.177,5.4599,0.13701,0.00047139,261.55,-31.762,-9.5121,64.686,6.9157,0,0.33,0.19058,-0.088311
6673.6,-5697.2,26.342,0.37798,6.1365,4.1384,0.0039618,1005.5,-16.778,-48.704,292.25,83.816,0,0.33,0.20658,-0.072282
8035.7,-4336.1,25.869,0.76506,5.8966,5.8229,0.0049235,1154.8,-23.008,-49.733,358.12,69.528,0,0.33,0.19849,-0.072131
9174,-5088.8,24.97,0.23385,6.1719,6.7428,0.0054589,1207,-15.547,-74.899,346.89,120.9,0,0.33,0.20648,-0.068123
11028,-3770.8,24.237,0.67179,5.8494,9.1331,0.0066753,1351.1,-22.272,-69.816,422.86,96.439,0,0.33,0.19848,-0.068116
5598.7,-3328.9,21.915,0.95377,5.3699,13.823,0.0089675,1535.8,-28.214,-63.939,496.99,47.451,0,0.33,0.19049,-0.064229
13284,-2370.4,22.383,0.5314,5.7546,12.598,0.0084549,1480.5,-21.673,-97.748,456,124.7,0,0.33,0.19847,-0.064106
3793.6,-3919.9,23.887,1.0154,5.5332,10.237,0.0071423,1421.5,-28.657,-46.459,460.98,38.177,0,0.33,0.19049,-0.068249
3220.1,-3989.5,25.635,1.0606,5.6522,6.7215,0.0053466,1236.2,-29.221,-37.126,395.11,29.637,0,0.33,0.1905,-0.072235
10977,-3541,23.373,0.030598,6.1676,9.6629,0.0070066,1359.1,-14.698,-108.78,378.41,163.4,0,0.33,0.20646,-0.064067
52092,-1.1912e+05,5.1387,-7.5645,-2.9275,20.863,0.0089163,1413.7,29.558,-209.6,-48.101,58.032,0,0.33,0.015706,-0.0079741
-3.0099e+05,-1.987e+05,4.5342,-4.6027,-3.5383,18.677,0.0050733,3026.2,60.031,95.348,-32.158,-1599.1,0,0.33,0.007851,-0.007974
1.0198e+05,-1.4072e+05,5.3173,-8.0427,-1.5284,20.099,0.0081325,1419.7,33.47,-129.77,-28.43,58.892,0,0.33,0.015706,-0.0039873
-1.1883e+05,-2.2078e+05,4.6685,-4.9502,-1.8878,18.342,0.0047145,3022.2,64.3,33.998,-19.073,-1590.5,0,0.33,0.0078511,-0.0039871
-3.7116e+05,-2.8305e+05,4.3631,-3.5254,-2.0642,15.679,0.0014215,4493,80.5,188.31,-13.761,-3242,0,0.33,0,-0.003987
-6.8503e+05,-2.6203e+05,4.2561,-3.2431,-3.8166,15.815,0.0014263,4512.6,76.255,379.03,-23.116,-3256.9,0,0.33,0,-0.007974
755.37,-5780.4,7.3338,-15.539,-0.92963,18.56,0.016062,1130.3,-63.076,-296.51,-69.554,32.682,0,0.33,0.047339,-0.0079741
5300.4,-16220,7.5673,-16.427,-0.48898,16.274,0.014529,1099.8,-61.183,-176.08,-42.449,27.638,0,0.33,0.04734,-0.0039875
-1063.3,681.97,7.8004,-16.418,-0.64137,18.757,0.016342,1147.1,-74.063,-310.84,-68.484,29.011,0,0.33,0.055236,-0.0079741
2244.6,-7822,8.0379,-17.397,-0.34603,16.021,0.014414,1110.5,-72.41,-188.04,-44.012,24.133,0,0.33,0.055237,-0.0039876
1078.6,-3219.3,8.4739,-18.088,-0.23241,15.868,0.014049,1128,-79.37,-201.45,-46.102,20.409,0,0.33,0.063134,-0.0039876
-2677.1,3537.2,8.2298,-17.017,-0.4144,19.083,0.016277,1171.5,-80.785,-327.01,-66.894,24.594,0,0.33,0.063133,-0.0079741
7061.4,-33436,3.9916,-5.2606,-7.4214,23.126,0.01427,1323.8,-8.3007,-337.08,-75.513,41.477,0,0.33,0.015705,-0.023922
5384.6,-18877,3.6617,-4.7319,-8.2206,23.271,0.01593,1296,-19.877,-352.72,-77.927,34.664,0,0.33,0.015705,-0.027909
-2.0623e+05,-1.1164e+05,3.6668,-3.147,-9.0014,19.637,0.0073857,3012.6,15.849,391.9,-48.706,-1662.7,0,0.33,0.0078508,-0.023922
-1.7833e+05,-93608,3.417,-2.8355,-9.991,19.673,0.0080907,3003.2,2.3444,448.92,-49.981,-1682.2,0,0.33,0.0078507,-0.027909
-1.5185e+05,-78743,3.1657,-2.5471,-10.846,19.643,0.008654,2992.6,-11.1,497.72,-50.809,-1702.1,0,0.33,0.0078506,-0.031895
-3.13e+05,-1.3902e+05,3.1405,-1.7747,-11.828,16.232,0.0013427,4572,0.27566,1335.3,-35.721,-3421.8,0,0.33,0,-0.031895
-3.6602e+05,-1.5634e+05,3.3484,-1.9692,-10.874,16.242,0.0013646,4573.3,14.74,1222.2,-35.021,-3390.7,0,0.33,0,-0.027909
2786.5,-7656.5,3.3286,-4.2375,-8.9002,23.299,0.01744,1269.8,-31.367,-364.93,-79.443,26.941,0,0.33,0.015705,-0.031895
-4.2263e+05,-1.7692e+05,3.554,-2.1823,-9.7803,16.22,0.0013847,4570.2,29.24,1090.9,-34.04,-3359.9,0,0.33,0,-0.023922
-26670,28055,5.8892,-10.777,-2.0916,24.351,0.02251,1082.3,-79.875,-403.49,-125.75,65.299,0,0.33,0.047337,-0.023922
-26418,26631,6.4889,-11.31,-1.2618,25.313,0.022958,1103.1,-87.812,-399.27,-119.21,71.713,0,0.33,0.055235,-0.023921
-31893,32031,5.3886,-9.6712,-2.2367,24.674,0.023684,1042.3,-85.127,-400.79,-143.62,69.748,0,0.33,0.047337,-0.027908
-30607,29642,6.0059,-10.131,-1.288,25.644,0.024156,1062.1,-92.07,-392.53,-142.63,80.853,0,0.33,0.055234,-0.027908
-29374,25973,6.1681,-9.2146,-0.41531,26.768,0.025674,1043.2,-98.684,-368.97,-159.43,101.2,0,0.33,0.06313,-0.031895
-33780,31373,5.4344,-9.0412,-1.2661,25.827,0.025414,1016.8,-96.315,-382.13,-164.09,86.147,0,0.33,0.055233,-0.031895
-26703,24807,6.7102,-10.358,-0.52977,26.587,0.024423,1089.2,-95.252,-383.58,-131.16,90.189,0,0.33,0.06313,-0.027908
-23411,22688,7.1358,-11.595,-0.60048,26.302,0.02327,1130.8,-91.843,-394.6,-102.46,75.546,0,0.33,0.063131,-0.023921
-35745,34430,4.8249,-8.6475,-2.3278,24.832,0.024884,998.45,-90.334,-394.61,-159.15,70.673,0,0.33,0.047336,-0.031895
-1985.5,3471.6,8.9564,-17.609,-0.11186,19.769,0.01608,1227.8,-84.408,-362.42,-66.828,14.809,0,0.33,0.078954,-0.0079741
-3059.4,4145.6,8.6161,-17.395,-0.23939,19.443,0.016196,1199.2,-83.982,-344.1,-65.804,19.667,0,0.33,0.071032,-0.0079741
384.06,-208.83,9.2371,-18.868,-0.080321,15.539,0.013273,1167.4,-83.426,-230.01,-54.485,14.229,0,0.33,0.078956,-0.0039877
507.64,-1009.5,8.8728,-18.559,-0.14459,15.73,0.013677,1147.8,-82.8,-215.36,-49.271,16.911,0,0.33,0.071033,-0.0039877
700.92,290.28,9.9036,-17.711,0.074883,19.654,0.014869,1317.8,-71.65,-443.54,-120.69,1.5963,0,0.33,0.11082,-0.0079741
848.52,-397.46,10.467,-19.311,0.026019,13.651,0.011098,1220.1,-70.968,-286.92,-107.05,13.195,0,0.33,0.11082,-0.0039877
519.34,643.42,10.084,-17.722,0.098623,19.069,0.014299,1329,-67.471,-461.15,-148.85,2.0984,0,0.33,0.11874,-0.0079741
484.33,-308.93,10.762,-19.372,0.04427,12.89,0.010426,1224.8,-66.717,-296.11,-126.91,15.541,0,0.33,0.11874,-0.0039877
-102.45,-232.64,11.078,-19.432,0.071438,12.054,0.0097247,1226.8,-62.425,-301.24,-147.09,19.141,0,0.33,0.12666,-0.0039878
342.08,1345.8,10.281,-17.756,0.1388,18.236,0.013603,1335.3,-63.304,-474.18,-180.55,5.1202,0,0.33,0.12666,-0.0079742
-10683,11054,8.4879,-11.587,0.28358,28.178,0.023418,1203.8,-90.736,-384.41,-35.219,71.638,0,0.33,0.078952,-0.023921
-14351,11603,8.3223,-10.26,0.48268,28.099,0.024193,1162.1,-92.702,-363.66,-67.884,98.394,0,0.33,0.078951,-0.027908
-18515,17187,7.8107,-11.672,-0.089187,27.253,0.023416,1164.4,-92.563,-389.54,-74.61,75.796,0,0.33,0.07103,-0.023921
-21019,18455,7.4889,-10.387,0.056132,27.407,0.024436,1122.3,-95.21,-373.63,-106.92,96.415,0,0.33,0.071029,-0.027908
-23284,19095,7.026,-9.2028,0.24086,27.511,0.025592,1075.7,-97.932,-354.57,-141.92,114.44,0,0.33,0.071029,-0.031895
-16558,11825,8,-9.0444,0.71698,27.993,0.025125,1115.1,-94.821,-340.48,-108.79,124.39,0,0.33,0.07895,-0.031895
1590.8,-3568.8,10.286,-10.24,0.76171,33.242,0.023911,1390.4,-73.958,-413.43,175.21,-0.34735,0,0.33,0.11082,-0.023921
-1487.4,-2574.4,10.271,-9.8189,0.75067,34.672,0.024333,1425,-70.187,-443.4,207.59,-24.462,0,0.33,0.11874,-0.023921
4395.3,-5021.4,11.077,-8.68,1.0612,32.301,0.023386,1381.2,-74.193,-367.9,209.53,27.222,0,0.33,0.11082,-0.027908
610.12,-4436.4,11.233,-8.139,1.0513,34.179,0.023853,1432.9,-70.353,-392.6,275.05,-7.244,0,0.33,0.11874,-0.027908
-1879.2,-3428.7,12.456,-6.0303,1.3829,34.018,0.022897,1485.8,-67.213,-368.56,386.25,-20.81,0,0.33,0.12665,-0.031894
5617.2,-6346.8,12.41,-6.6768,1.399,31.784,0.022276,1426.5,-70.359,-336.27,305.83,27.518,0,0.33,0.11874,-0.031894
-5249.6,-954.95,11.076,-7.6335,1.037,35.886,0.024439,1468.6,-67.254,-430.59,314.49,-39.329,0,0.33,0.12665,-0.027908
-5438.3,900.9,10.049,-9.4582,0.7487,35.593,0.024638,1444.6,-66.953,-482.07,216.63,-43.541,0,0.33,0.12665,-0.023921
7621.8,-6218.5,11.936,-7.3151,1.3969,30,0.022143,1354.8,-74.455,-320.74,203.01,71.513,0,0.33,0.11082,-0.031895
-3950.6,2600.7,10.844,-17.847,0.30384,15.972,0.0119,1336,-54.248,-480.55,-242.95,17.923,0,0.33,0.14251,-0.0079742
-972.1,2133.4,10.524,-17.805,0.20507,17.187,0.012797,1337.3,-59.002,-480.98,-212.99,10.517,0,0.33,0.13457,-0.0079742
-1338,-938.46,11.852,-19.49,0.16762,10.3,0.0083154,1225.2,-52.994,-297.44,-181.05,28.66,0,0.33,0.14251,-0.003988
-753.9,-352.4,11.436,-19.478,0.11168,11.18,0.0090156,1226.7,-57.949,-301.74,-165.74,23.636,0,0.33,0.13457,-0.0039878
-6502.9,-6791.1,13.297,-17.341,0.94821,10.363,0.0079057,1304.2,-25.159,-404.04,-284.63,59.016,0,0.33,0.17443,-0.0079746
-1210.3,-13391,14.357,-18.634,0.50746,7.0592,0.0057936,1210.8,-23.327,-236.1,-184.17,50.981,0,0.33,0.17443,-0.0039896
-5496.8,-12057,14.245,-16.899,1.1256,8.9997,0.0069548,1287.8,-14.521,-368.2,-268.86,65.927,0,0.33,0.1825,-0.0079745
-281.99,-18901,15.222,-18.063,0.59892,6.3804,0.0052774,1203.4,-12.641,-211.96,-169.19,53.533,0,0.33,0.18249,-0.0039879
1108.5,-24972,16.105,-17.377,0.68269,5.7485,0.0047934,1195.5,-1.6266,-185.84,-149.52,56.364,0,0.33,0.19061,-0.0039877
-4435.7,-18057,15.238,-16.353,1.2887,7.7268,0.006055,1270.6,-3.5311,-328.99,-245.29,71.994,0,0.33,0.19062,-0.0079741
-16755,13252,9.2721,-9.0953,0.93077,34.58,0.024132,1432.4,-60.894,-560.86,159.01,-50.258,0,0.33,0.1425,-0.023921
-19212,13637,10.069,-7.0117,1.1753,36.412,0.0248,1468.1,-61.938,-522.97,287.85,-67.402,0,0.33,0.1425,-0.027908
-10893,6607.9,9.6808,-9.2089,0.79555,35.619,0.024621,1446.4,-64.029,-523.91,199.35,-53.103,0,0.33,0.13457,-0.023921
-11632,5517,10.647,-7.239,1.0613,36.79,0.02485,1480.7,-64.647,-477.36,318.54,-61.443,0,0.33,0.13457,-0.027908
-11380,3169.8,12.066,-5.4723,1.3871,35.925,0.02368,1517.7,-64.797,-416.34,422.77,-61.396,0,0.33,0.13457,-0.031894
-20072,12303,11.363,-5.101,1.4714,36.586,0.02417,1514.3,-62.443,-468.99,408.27,-81.675,0,0.33,0.1425,-0.031894
-15759,17475,9.5159,-9.4479,2.3312,24.287,0.017843,1361,-36.544,-574.26,-63.286,70.212,0,0.33,0.17445,-0.023921
-22207,13079,10.451,-9.5636,2.7684,21.196,0.015617,1357.2,-26.66,-542.03,-93.566,108.89,0,0.33,0.18255,-0.023922
666.22,20780,9.3814,-7.3907,2.6219,26.268,0.019256,1363.7,-38.971,-562.4,39.026,60.459,0,0.33,0.17445,-0.027908
-6489.1,16670,10.189,-7.6282,3.0897,23.158,0.01704,1358.9,-29.448,-534,-6.4405,109.66,0,0.33,0.18255,-0.027908
8157.5,14597,11.344,-6.144,3.8657,21.598,0.015676,1377.8,-21.985,-480.03,47.694,159.27,0,0.33,0.19061,-0.031895
10270,18402,10.279,-5.7663,3.3759,24.532,0.017909,1369.6,-31.717,-511.88,85.077,103.74,0,0.33,0.18255,-0.031895
-8702.5,12016,11.347,-7.864,3.555,20.072,0.014701,1365.3,-19.291,-496.54,-29.132,152.88,0,0.33,0.19061,-0.027908
5857.8,22091,9.6577,-5.4199,2.8958,27.555,0.019975,1378.8,-40.827,-535.05,145.15,44.526,0,0.33,0.17445,-0.031894
-20386,7895.6,11.647,-9.6469,3.1943,18.101,0.013316,1359.1,-16.164,-501.52,-102.66,140.68,0,0.33,0.19061,-0.023921
130.58,5887.1,2.6676,-3.3671,-9.9483,23.163,0.019189,1223.2,-52.982,-380.98,-80.845,9.5515,0,0.33,0.015704,-0.039869
-1.0236e+05,-56867,2.6683,-2.0328,-12.202,19.441,0.0089037,2967.3,-36.532,575.07,-51.908,-1742.2,0,0.33,0.0078503,-0.039869
598.72,391.29,2.9964,-3.7819,-9.4717,23.251,0.018524,1245.4,-42.479,-374.05,-80.364,18.464,0,0.33,0.015705,-0.035882
-1.263e+05,-66796,2.9156,-2.2794,-11.579,19.559,0.0088774,2980.6,-24.156,539.38,-51.445,-1722.2,0,0.33,0.0078504,-0.035882
-2.6341e+05,-1.2444e+05,2.9333,-1.5937,-12.654,16.189,0.0013195,4566,-13.789,1431.9,-36.19,-3452.8,0,0.33,0,-0.035882
-2.1797e+05,-1.1127e+05,2.7292,-1.425,-13.362,16.117,0.0012957,4556,-27.147,1514.6,-36.463,-3483.7,0,0.33,0,-0.039869
-39482,35447,3.5802,-6.8686,-2.3722,24.961,0.027449,909.82,-100.1,-378.68,-174.39,64.138,0,0.33,0.047335,-0.039868
-38233,35459,4.2144,-7.7133,-2.3705,24.914,0.026143,953.5,-95.356,-386.69,-169.76,68.447,0,0.33,0.047335,-0.035882
-36921,31761,4.1149,-7.1551,-1.1,26.058,0.028183,925.07,-104.33,-358.3,-186.08,86.618,0,0.33,0.055232,-0.039868
-35868,31979,4.7935,-8.0491,-1.201,25.958,0.026768,970.25,-100.43,-370.03,-179.19,87.662,0,0.33,0.055233,-0.035882
-31235,26247,5.5288,-8.1761,-0.26126,26.958,0.027067,996.57,-102.05,-352.41,-180.15,107.83,0,0.33,0.063129,-0.035881
-32263,25912,4.8336,-7.2438,-0.074581,27.155,0.028537,952.09,-105.26,-336.53,-190.09,111.12,0,0.33,0.063128,-0.039868
11100,13863,1.4265,-2.0712,-11.119,22.889,0.020193,1163.3,-86.789,-397.05,-77.669,-26.188,0,0.33,0.015702,-0.055846
10390,14377,1.146,-1.8177,-11.266,22.881,0.020237,1155.4,-93.153,-399.99,-75.775,-34.092,0,0.33,0.015701,-0.059845
-33347,-30414,1.7423,-1.2529,-13.796,18.939,0.0088812,2918.2,-76.504,668.11,-51.125,-1817.8,0,0.33,0.0078487,-0.055832
-20793,-26443,1.5334,-1.1014,-14.016,18.837,0.008857,2909.2,-84.019,681.73,-50.383,-1836.6,0,0.33,0.0078475,-0.059826
-9590.6,-23187,1.3352,-0.96248,-14.178,18.746,0.0088283,2900.8,-90.583,691.52,-49.536,-1853.9,0,0.33,0.0078487,-0.06381
-29467,-56759,1.6488,-0.69026,-15.668,15.481,0.0011724,4466.4,-85.883,1785.2,-35.46,-3653,0,0.33,0,-0.063791
-52724,-62671,1.8074,-0.78449,-15.468,15.592,0.0011899,4482.1,-78.722,1761.5,-35.848,-3626.5,0,0.33,0,-0.059804
9627.6,14623,0.87977,-1.5838,-11.366,22.893,0.020199,1150.1,-98.7,-402.52,-73.762,-41.415,0,0.33,0.015705,-0.063835
-78654,-69654,1.9754,-0.88799,-15.204,15.704,0.0012093,4496.8,-70.539,1729.4,-36.165,-3597.5,0,0.33,0,-0.055817
-37332,31665,1.2038,-4.21,-2.1088,25.014,0.032341,773.6,-115.67,-362.2,-148.58,45.499,0,0.33,0.047305,-0.055894
-35239,28673,1.5685,-4.3445,-0.48034,26.011,0.033081,786.31,-117.23,-335.38,-154.28,79.558,0,0.33,0.055199,-0.055903
-36199,30825,0.70968,-3.6705,-1.9996,25.035,0.033315,751.58,-118.64,-362.59,-136.79,43.166,0,0.33,0.04728,-0.059936
-34363,28169,1.0538,-3.7715,-0.29621,25.927,0.033888,765.09,-119.74,-335.83,-139.63,79.894,0,0.33,0.055174,-0.059942
-30541,23627,1.2657,-3.1544,1.3839,27.067,0.034162,792.58,-120.08,-306.64,-118.84,126.31,0,0.33,0.063065,-0.06396
-33673,27957,0.60446,-3.2312,-0.1032,25.859,0.034531,748.92,-121.9,-338.37,-124.96,81.489,0,0.33,0.05517,-0.063951
-30938,23523,1.7027,-3.7204,1.1214,27.186,0.033794,804.63,-118.23,-304.6,-135.99,121.47,0,0.33,0.063066,-0.059955
-31501,23702,2.2157,-4.319,0.86415,27.303,0.033209,822.27,-116.07,-304.92,-153.18,117.94,0,0.33,0.063092,-0.055911
-35171,30216,0.26834,-3.1636,-1.8764,25.084,0.034172,734.1,-121.2,-364.43,-124.69,42.113,0,0.33,0.047256,-0.063967
-20308,11540,6.9106,-6.9582,1.2813,28.535,0.027771,1026.7,-99.346,-294.23,-168.24,162.02,0,0.33,0.078948,-0.039868
-26357,18809,5.7605,-7.1673,0.71335,28.044,0.028441,986.7,-103.35,-314.41,-184.64,136.87,0,0.33,0.071027,-0.039868
-18607,11774,7.5151,-7.9447,0.98436,28.133,0.026357,1068.4,-97.057,-316.59,-145.19,146.02,0,0.33,0.078949,-0.035881
-25111,19143,6.4344,-8.1296,0.46169,27.728,0.026955,1029.4,-100.67,-333.94,-169.65,127.88,0,0.33,0.071028,-0.035881
7873.3,-6474.6,13.156,-5.1547,2.1246,25.157,0.020141,1251.6,-75.965,-239.94,74.679,197.05,0,0.33,0.11083,-0.039867
10238,-6828.2,12.684,-6.1467,1.756,27.23,0.020818,1308.8,-74.977,-276.61,153.04,131.01,0,0.33,0.11082,-0.035881
13004,-8391.3,14.664,-4.4532,2.1776,24.218,0.018095,1339.6,-70.841,-232.01,215.11,157.63,0,0.33,0.11875,-0.039867
10342,-7900,13.627,-5.4509,1.7804,28.043,0.020082,1396.1,-70.418,-280.14,286.47,83.247,0,0.33,0.11874,-0.035881
4981.6,-6203.9,14.063,-4.6888,1.7775,30,0.020228,1482.3,-66.946,-300.47,414.94,18.048,0,0.33,0.12666,-0.035881
11235,-8553.3,15.69,-3.6293,2.2053,24.639,0.017058,1443,-66.754,-235.06,381.46,82.544,0,0.33,0.12667,-0.039867
-22086,10722,4.4778,-3.8689,2.6612,30.221,0.032478,930.8,-107.71,-239.12,-132.24,197.29,0,0.33,0.079036,-0.055861
-21897,10831,4.0422,-3.2375,3.0239,30.395,0.032881,924.63,-109.38,-233.46,-109.43,206.18,0,0.33,0.079041,-0.059869
-26821,17367,3.1784,-4.1524,1.9122,28.78,0.032939,873.94,-112.75,-271.98,-145.39,158.16,0,0.33,0.070999,-0.05591
-26529,17411,2.6926,-3.5341,2.2336,28.746,0.033355,862.04,-114.64,-269.87,-125.41,164.89,0,0.33,0.070972,-0.059951
-26314,17713,2.2924,-2.9478,2.555,28.685,0.033512,856.26,-116.27,-270.11,-105.37,172.82,0,0.33,0.07097,-0.063958
-21723,11167,3.6981,-2.6391,3.3829,30.508,0.032992,924.9,-110.84,-230.07,-85.89,216.42,0,0.33,0.079032,-0.063879
-14204,-490.36,12.653,-2.2211,3.5158,28.156,0.024713,1141.6,-83.39,-157.32,-54.234,346.34,0,0.33,0.11079,-0.055933
-11014,742.36,15.485,-1.7342,3.5769,23.81,0.02012,1186.4,-77.486,-151.77,-23.993,380.43,0,0.33,0.11872,-0.055935
-13234,526.42,12.48,-1.6392,3.8262,29.528,0.025921,1141.2,-85.267,-141.11,-30.868,360.12,0,0.33,0.11077,-0.059959
-7635.1,2419,15.414,-1.1923,3.8537,25.267,0.021364,1185.3,-79.496,-137.55,-9.9895,400.42,0,0.33,0.11867,-0.059978
1705.5,5921.3,18.764,-0.22597,4.1787,19.87,0.016605,1195.7,-75.285,-122.48,33.101,428.27,0,0.33,0.12669,-0.064037
-21.026,3649.6,15.439,-0.69654,4.1029,26.48,0.022362,1186.4,-81.195,-121.93,16.041,414.15,0,0.33,0.11872,-0.063945
588.53,4264.2,18.634,-0.67711,3.9667,18.777,0.015651,1199.6,-73.533,-135.2,20.925,410.4,0,0.33,0.12668,-0.059954
-3463.4,1430.7,12.426,-1.1039,4.1169,30.653,0.026806,1145.3,-86.923,-125.36,-0.0015013,371.59,0,0.33,0.11077,-0.063965
-65.761,1595.8,18.537,-1.1583,3.7158,17.519,0.014525,1207,-71.675,-144.13,26.325,380.84,0,0.33,0.12666,-0.055904
8828.7,14663,0.62877,-1.3664,-11.423,22.922,0.020137,1147.1,-103.42,-404.67,-71.642,-48.201,0,0.33,0.015712,-0.067828
85.425,-20467,1.1481,-0.83441,-14.288,18.664,0.008794,2892.9,-96.215,697.47,-48.601,-1869.1,0,0.33,0.0078501,-0.067797
-9237.9,-51627,1.4998,-0.60408,-15.81,15.369,0.001157,4449.4,-92.057,1800.6,-34.985,-3675.6,0,0.33,0,-0.067779
-34290,29839,-0.121,-2.681,-1.7388,25.165,0.034925,720.58,-123.35,-367.31,-112.51,42.253,0,0.33,0.047241,-0.067977
-33182,28006,0.21566,-2.7126,0.098054,25.821,0.035037,737.03,-123.73,-342.41,-110.5,84.258,0,0.33,0.055167,-0.067945
-30341,23993,0.8983,-2.609,1.6498,26.965,0.034354,785.32,-121.66,-310.5,-102.02,132.38,0,0.33,0.063064,-0.06795
-30268,24547,0.59785,-2.0753,1.9179,26.895,0.034409,782.26,-122.96,-315.3,-85.291,139.46,0,0.33,0.063062,-0.071939
-21012,12319,3.2717,-1.4979,4.0814,30.67,0.032554,942.38,-113.35,-225.87,-39.188,241.75,0,0.33,0.078884,-0.07196
-26144,18873,1.726,-1.8282,3.1911,28.576,0.033243,860.27,-118.8,-274.02,-66.307,192.66,0,0.33,0.070958,-0.071953
-21547,11687,3.4351,-2.0586,3.7374,30.582,0.032856,930.99,-112.23,-227.99,-62.215,228.36,0,0.33,0.078932,-0.06793
-26207,18225,1.9707,-2.3816,2.8744,28.62,0.033458,855.85,-117.65,-271.84,-85.733,182.07,0,0.33,0.070963,-0.067958
4265.6,3338.5,12.703,-0.14445,4.6283,32.165,0.027643,1164.9,-89.633,-94.871,63.505,392.28,0,0.33,0.11076,-0.072053
5051.6,2387,12.496,-0.60218,4.3857,31.515,0.027346,1154,-88.483,-110.16,32.95,382.91,0,0.33,0.11072,-0.068048
1708.3,5603.2,15.835,0.18503,4.523,27.961,0.023438,1194.2,-84.019,-91.14,74.226,430.04,0,0.33,0.11871,-0.07211
3239,4689.7,15.582,-0.23843,4.3259,27.369,0.023045,1189.5,-82.682,-106.61,46.996,423.9,0,0.33,0.11873,-0.067986
35.944,6976.7,18.956,0.18446,4.358,20.716,0.017366,1191.2,-76.825,-107.95,52.819,437.23,0,0.33,0.12669,-0.068104
-1763.7,7736.1,19.221,0.55468,4.5095,21.29,0.017909,1186.2,-78.157,-93.055,74.582,440.91,0,0.33,0.12666,-0.072169
-6124.7,-3514.7,18.911,1.4072,4.4021,17.58,0.010992,1598.3,-40.321,-70.487,532.51,-93.378,0,0.33,0.17458,-0.05605
3587.1,-1481.3,18.111,1.0269,4.6351,19.068,0.012027,1585.1,-34.024,-110.57,501.17,-17.901,0,0.33,0.18248,-0.055884
315.26,-5790.1,21.048,1.4672,4.7105,14.105,0.0089581,1568.7,-39.929,-17.873,514.42,-102.48,0,0.33,0.17458,-0.060111
686.88,-3891,20.088,1.2331,4.8639,16.332,0.010264,1588.7,-34.216,-56.494,509.35,-33.012,0,0.33,0.18255,-0.060097
-1455.9,-4959.1,22.176,1.2645,5.1157,13.08,0.0084793,1535.8,-34.275,-25.901,502.27,-37.773,0,0.33,0.18255,-0.06424
10321,-1556.6,19.86,0.82126,5.171,16.966,0.010711,1581.8,-28.005,-101.83,486.63,58.919,0,0.33,0.19049,-0.060081
5607.7,-6175,23.052,1.4346,5.0023,10.777,0.0071859,1486.9,-40.053,1.0607,479.74,-97.146,0,0.33,0.1746,-0.064237
14728,860.49,17.965,0.51248,4.9953,19.372,0.012286,1576.2,-27.648,-152.14,465.85,74.826,0,0.33,0.19047,-0.055896
-16978,3790,15.238,-2.0409,2.2339,29.869,0.018737,1594.7,-61.604,-311.3,582.73,-91.154,0,0.33,0.14252,-0.039867
-923.03,-4626.8,15.906,-2.7632,2.2085,26.863,0.0174,1541.6,-63.829,-261.14,524.88,-14.335,0,0.33,0.13458,-0.039867
-19523,9016.3,13.113,-3.4225,1.8239,34.542,0.022135,1561.9,-62.319,-398.33,511.81,-90.968,0,0.33,0.14251,-0.03588
-7361,-344.7,13.864,-3.9637,1.7719,32.597,0.021104,1544.9,-64.467,-342.55,499.13,-48.15,0,0.33,0.13457,-0.035881
-6615.9,17868,11.464,-1.9603,3.4018,27.764,0.019159,1449.1,-42.457,-428,350.62,-2.027,0,0.33,0.17445,-0.039868
-2685.5,21124,10.355,-3.5893,3.1552,28.092,0.019947,1407.8,-42.008,-490.82,250.88,23.207,0,0.33,0.17445,-0.035881
12233,15684,11.569,-2.4604,3.8528,25.426,0.01784,1425.2,-34.352,-421.62,271.4,72.467,0,0.33,0.18255,-0.039869
11300,18046,10.737,-4.0257,3.6294,25.298,0.018177,1391.5,-33.368,-474.74,178.93,91.06,0,0.33,0.18255,-0.035881
12444,15317,11.651,-4.5267,4.1282,22.636,0.016187,1398.6,-24.136,-451.05,127.89,158.97,0,0.33,0.19061,-0.035881
12425,14215,12.284,-3.0572,4.3467,23.164,0.016218,1428.5,-25.705,-408.95,210.05,151.82,0,0.33,0.19061,-0.039868
5518.4,-4454,22.981,0.19336,4.1234,7.2006,0.0058593,1233.4,-60.799,-74.951,255.99,121.89,0,0.33,0.14256,-0.056004
1676.3,219.08,23.797,0.43331,4.422,6.5813,0.0058116,1134.5,-61.996,-88.443,161.41,189.44,0,0.33,0.14258,-0.060097
6744.6,-267.73,21.346,-0.48892,3.9292,10.908,0.0091122,1194.8,-65.997,-120.91,112.49,294.55,0,0.33,0.13462,-0.05598
2866.9,3801.7,21.701,-0.099654,4.1818,11.544,0.0098564,1163.6,-67.654,-122.16,68.126,341.95,0,0.33,0.13465,-0.060063
-245.03,6153.4,21.966,0.27509,4.3694,12.369,0.010701,1146,-69.263,-116.7,56.22,370.31,0,0.33,0.13466,-0.064103
-1350.2,3532.5,24.34,0.70585,4.6178,6.7532,0.006256,1072.6,-63.3,-97.582,112.09,238.34,0,0.33,0.14259,-0.064124
882.91,-1503.9,29.485,1.6505,5.3068,0.22416,0.00073169,297.19,-42.718,-19.817,61.183,14.468,0,0.33,0.1746,-0.088195
1365.1,-2051.2,29.373,1.4265,5.388,0.16001,0.00053562,277.71,-37.17,-14.436,66.219,5.9601,0,0.33,0.18256,-0.08823
234.77,-4388.7,26.437,1.4047,5.4028,4.777,0.0040995,1133.9,-40.791,-16.809,345.75,-54.453,0,0.33,0.1746,-0.072243
3170.6,-5498.4,24.884,1.3943,5.2422,7.5785,0.0055684,1339.3,-40.334,-3.3467,422.57,-79.2,0,0.33,0.1746,-0.068252
-983.88,-4345.3,25.851,1.2679,5.4831,6.2693,0.0050225,1225.3,-35.04,-21.56,388.93,-24.954,0,0.33,0.18255,-0.07225
-1269.9,-4868.8,24.135,1.257,5.3272,9.592,0.0067155,1414.8,-34.572,-18.725,458.68,-33.943,0,0.33,0.18254,-0.06826
-4671.7,6476.2,25.138,1.2495,4.8202,7.3644,0.0073146,988.75,-65.61,-90.152,86.667,291.69,0,0.33,0.14259,-0.072106
-4575.3,8237.6,22.502,0.93657,4.6205,13.613,0.012089,1114,-71.992,-94.242,73.364,395.48,0,0.33,0.13465,-0.072112
-3221.6,5450.7,24.76,0.98419,4.7429,7.0897,0.0068075,1027.8,-64.528,-97.135,91.786,271.42,0,0.33,0.14259,-0.068117
-2630.5,7454.1,22.217,0.62161,4.5119,13.094,0.011471,1130.5,-70.731,-106.47,60.227,386.62,0,0.33,0.13466,-0.06811
-1773.1,-29874,17.455,-14.798,1.5448,5.6397,0.0045957,1223.5,18.743,-243.88,-180.43,78.475,0,0.33,0.20671,-0.0079745
-3166.6,-24212,16.349,-15.622,1.4329,6.6062,0.0052732,1248.2,8.0207,-286.87,-214.59,76.955,0,0.33,0.19859,-0.007974
11271,-36162,18.049,-15.536,0.81402,4.692,0.0040116,1168.2,20.521,-130.64,-101.27,59.604,0,0.33,0.20671,-0.0039902
4887.7,-30975,17.084,-16.503,0.75716,5.1931,0.0043798,1183.3,9.8889,-158.85,-126.02,59.054,0,0.33,0.19859,-0.0039879
-10618,-7848,14.77,-9.4609,3.9288,11.858,0.0088103,1344,6.5835,-392.99,-69.577,169.51,0,0.33,0.20671,-0.023921
3530.5,-3548.1,14.628,-8.0415,4.39,13.39,0.0098073,1363.5,3.1918,-388.55,-8.3913,192.08,0,0.33,0.20671,-0.027908
-16415,850.34,13.167,-9.6138,3.6012,14.927,0.011005,1355.5,-4.6143,-449.66,-90.048,162.05,0,0.33,0.19858,-0.023921
-5607.1,5360.9,12.925,-8.0159,4.0109,16.772,0.012244,1369.3,-7.9401,-445.77,-25.968,182.33,0,0.33,0.19858,-0.027908
10112,8782.4,12.94,-6.4723,4.3635,18.342,0.013213,1388,-10.96,-433.95,38.936,199.37,0,0.33,0.19858,-0.031895
17475,152.02,14.731,-6.6709,4.7937,14.772,0.010637,1387.1,-0.0062534,-378.82,50.529,213.88,0,0.33,0.20671,-0.031894
22983,-30658,22.915,-9.6758,1.4622,2.5243,0.0025222,999.29,47.332,-43.242,-8.6117,66.024,0,0.33,0.24658,-0.0079748
16978,-33834,21.937,-10.709,1.5532,2.9731,0.0028071,1057.6,45.584,-76.819,-36.807,70.877,0,0.33,0.23862,-0.0079747
34081,-37249,21.957,-10.926,0.80825,2.9919,0.0028885,1035,46.796,-27.428,-0.95022,57.016,0,0.33,0.23862,-0.0039904
8800,-20644,22.373,-7.4696,3.6994,3.0957,0.0028195,1095.1,39.396,-147.94,-22.037,120.65,0,0.33,0.24659,-0.023922
10770,-22346,21.043,-7.913,3.9122,3.8926,0.0033573,1156.5,36.869,-188.04,-23.972,132.15,0,0.33,0.23862,-0.023922
22316,-20883,21.115,-7.0701,4.3538,3.9785,0.0034316,1156.2,34.175,-179.11,19.995,137.48,0,0.33,0.23862,-0.027908
23504,-19633,21.372,-6.2607,4.7417,3.9679,0.0034466,1147.5,31.393,-164.09,61.786,138.79,0,0.33,0.23862,-0.031895
10732,-10303,25.879,-2.9409,5.493,1.6046,0.002076,767.1,17.484,-39.432,119.22,73.515,0,0.33,0.2466,-0.056065
12543,-11958,25.266,-2.6774,5.874,2.079,0.0023976,860.02,14.395,-51.5,151.38,84.814,0,0.33,0.23863,-0.056063
10690,-10654,26,-2.3045,5.8662,1.6237,0.0021075,763.37,11.677,-37.928,140.25,69.667,0,0.33,0.23863,-0.060181
12401,433.88,20.186,-0.7654,6.0396,14.446,0.0096301,1491.7,-12.4,-189.11,370.59,221.89,0,0.33,0.20648,-0.055937
11911,-1492.8,21.787,-0.30658,6.1116,12.24,0.008397,1444.3,-13.466,-148.14,382.64,198.26,0,0.33,0.20639,-0.059942
14642,2539.1,18.731,-0.12443,5.5018,17.897,0.011499,1554.2,-20.381,-186.08,421.34,171.83,0,0.33,0.19845,-0.055921
14341,147.18,20.457,0.29566,5.6254,15.68,0.010119,1545.1,-21.246,-140.26,445.93,151.17,0,0.33,0.19846,-0.060057
14497,4522.5,15.63,-4.1754,5.4114,16.678,0.011548,1442.4,-5.4762,-339.8,164.55,246.23,0,0.33,0.2067,-0.039867
12917,11116,13.764,-3.6788,4.8961,20.337,0.014106,1441.9,-15.69,-381.51,174.98,216.65,0,0.33,0.19857,-0.039868
16626,2927.4,15.066,-5.3745,5.1331,15.901,0.011233,1413.9,-2.9213,-362.67,107.38,232.63,0,0.33,0.20671,-0.035881
13954,10729,13.216,-5.0152,4.657,19.552,0.013845,1412.2,-13.565,-412.69,105.62,211.26,0,0.33,0.19858,-0.035881
17695,-15336,23.466,-4.8064,5.014,2.8125,0.002744,1021,28.749,-100.16,98.929,116.79,0,0.33,0.24659,-0.039868
20137,-17237,22.353,-4.805,5.3508,3.65,0.0032933,1103.2,25.709,-125.99,124.84,131.39,0,0.33,0.23863,-0.039868
21872,-18448,21.795,-5.5023,5.0746,3.8584,0.0034002,1130.4,28.562,-145.81,97.366,136.63,0,0.33,0.23863,-0.035881
4724.8,-5632.7,28.133,-1.3249,5.481,0.36722,0.0010166,354.97,1.901,-7.646,61.481,23.843,0,0.33,0.2386,-0.076199
3883.7,-4706.6,28.46,-1.1613,5.3339,0.2185,0.00078355,272.87,-0.32324,-3.8568,45.245,18.367,0,0.33,0.23858,-0.080303
7546.3,-8885.9,26.94,-1.3284,6.0613,1.1608,0.0017695,642.18,2.4772,-25.204,133.56,55.568,0,0.33,0.23061,-0.068142
6081.8,-7408.6,27.542,-1.1231,5.9048,0.73131,0.0013916,514.13,0.38494,-15.414,102.77,38.794,0,0.33,0.23039,-0.071998
7792,-9547,25.584,-1.1114,6.3992,3.1289,0.0031982,941.88,-0.52785,-61.963,210.14,118.51,0,0.33,0.22238,-0.063956
9275.4,-10237,26.234,-1.596,6.163,1.7096,0.0021815,767.6,4.8787,-39.257,158.2,74.733,0,0.33,0.23064,-0.064172
6414.6,-8776.9,26.502,-0.84571,6.2917,2.0555,0.0024847,791.39,-2.5432,-38.403,181.44,90.407,0,0.33,0.22237,-0.067966
5486.1,-7794.5,27.278,-0.65067,6.1474,1.2057,0.0018259,630.61,-4.5204,-20.828,143.45,61.939,0,0.33,0.22237,-0.071971
5035.8,-6136.3,28.01,-0.942,5.7604,0.44367,0.0010737,403.81,-1.8221,-9.6801,76.614,27.444,0,0.33,0.23053,-0.076144
4226.4,-5455.5,28.348,-0.38421,5.7838,0.31048,0.00084977,350.07,-8.3328,-6.38,72.803,22.217,0,0.33,0.22257,-0.080378
4840.9,-6537,27.887,-0.50615,5.9647,0.6373,0.001273,478.11,-6.3443,-11.875,103.58,37.515,0,0.33,0.2224,-0.07604
4147.1,-5085.3,28.395,-0.79969,5.5849,0.24932,0.00079706,305.21,-3.9216,-5.0509,56.218,19.673,0,0.33,0.23056,-0.080376
2969.5,-3647.9,28.979,0.16348,5.4986,0.070888,0.00034574,197.62,-16.259,-2.7201,37.031,10.107,0,0.33,0.21465,-0.088444
2683.8,-4122.1,28.74,0.52755,5.7254,0.28095,0.00075387,336.85,-20.209,-7.1168,82.078,15.403,0,0.33,0.2066,-0.084303
1857,-3459.6,28.773,0.87812,5.6776,0.4345,0.00097654,397.39,-25.585,-10.938,105.87,15.045,0,0.33,0.19851,-0.084106
1664,-3265.8,28.151,1.1358,5.6797,1.6547,0.002225,699.51,-30.423,-23.131,207.78,15.497,0,0.33,0.19053,-0.080136
2442.3,-3972.3,28.157,0.86187,5.8055,1.3364,0.0019662,631.56,-24.724,-20.545,181.7,27.128,0,0.33,0.1985,-0.080089
1350.2,-2840.6,28.842,1.1676,5.5939,0.55563,0.0011289,442.98,-31.149,-15.832,123.31,10.23,0,0.33,0.19057,-0.084266
2790,-4893.9,28.239,0.50116,5.8972,0.85636,0.0014994,524.45,-19.067,-15.065,140.82,28.967,0,0.33,0.2066,-0.080303
3375.1,-4480.5,28.71,0.11785,5.6945,0.18088,0.00059619,284.54,-14.889,-4.347,61.465,14.998,0,0.33,0.21461,-0.084394
3572.1,-4475.2,28.689,-0.2932,5.5861,0.14413,0.0005559,250.59,-10.116,-3.6861,48.475,14.356,0,0.33,0.2226,-0.084479
3641.2,-5455.2,28.309,0.063133,5.8932,0.4855,0.0010716,421.01,-13.423,-9.2754,100.58,26.874,0,0.33,0.21458,-0.080357
3301,-3972.4,28.719,-1.0183,5.1824,0.12205,0.00057902,205.45,-2.4439,-1.7282,32.446,14.176,0,0.33,0.23854,-0.084398
3478.1,-4224.4,28.693,-0.67591,5.4098,0.13375,0.00057577,226.63,-5.9295,-3.0197,39.749,14.756,0,0.33,0.23055,-0.084486
5178,-7255.7,26.865,-0.12023,6.2464,2.3761,0.0027737,811.79,-10.449,-34.061,212.94,83.791,0,0.33,0.21454,-0.07228
6590.7,-7277.8,25.778,-0.28227,6.3656,4.0867,0.0038888,1010.6,-8.9482,-59.438,258.89,122.57,0,0.33,0.21453,-0.068211
7894.4,-6735.4,24.572,-0.54412,6.4215,5.997,0.0050023,1165,-7.2767,-90.789,286.42,160.34,0,0.33,0.21442,-0.063998
4895.4,-4387.4,27.2,0.8244,5.8834,3.1151,0.0033096,901.28,-23.837,-32.986,273.34,45.966,0,0.33,0.19849,-0.076104
4110.3,-5606.6,27.461,0.4549,6.0399,2.0876,0.002586,760.62,-17.896,-28.083,217.35,52.06,0,0.33,0.20659,-0.076303
2599.3,-3712.7,27.079,1.103,5.706,3.7385,0.0036716,985,-29.863,-29.857,306.87,22.339,0,0.33,0.19052,-0.076195
4074.2,-6517.6,27.712,-0.012179,6.0825,1.1641,0.0018043,603.99,-11.928,-18.395,154.1,49.754,0,0.33,0.21455,-0.076308
12882,-79919,5.7507,-10.418,-2.3075,19.633,0.0099647,1230.2,1.2547,-243.76,-59.591,50.524,0,0.33,0.023564,-0.0079741
51481,-98294,5.9574,-11.02,-1.1945,18.456,0.0089578,1224.8,4.5173,-145.6,-35.062,48.893,0,0.33,0.023565,-0.0039874
24813,-57026,6.5357,-13.336,-0.91274,17.31,0.010716,1136.3,-22.439,-157.46,-39.126,38.566,0,0.33,0.031438,-0.0039875
3466.4,-41782,6.3123,-12.626,-1.766,18.841,0.011988,1152.3,-25.148,-266.88,-66.64,42.112,0,0.33,0.031438,-0.0079741
-2.8677e+05,-1.8046e+05,4.3536,-4.2218,-5.1326,19.033,0.0055205,3028.7,51.998,175.56,-39.246,-1611.5,0,0.33,0.007851,-0.011961
24517,-96034,4.8975,-6.9958,-4.245,21.675,0.0099499,1400.4,22.626,-258.88,-59.521,55.666,0,0.33,0.015706,-0.011961
-2.6406e+05,-1.5604e+05,4.1421,-3.8441,-6.5816,19.323,0.0060824,3026.6,41.305,254.19,-43.725,-1626.8,0,0.33,0.0078509,-0.015948
-5.4883e+05,-2.2514e+05,3.942,-2.675,-7.1301,16.081,0.0014153,4550.4,56.473,771.73,-30.709,-3302.5,0,0.33,0,-0.015948
-6.1717e+05,-2.4935e+05,4.1125,-2.9522,-5.5487,15.96,0.0014231,4533.3,67.842,582.86,-27.756,-3277.6,0,0.33,0,-0.011961
12600,-72376,4.6175,-6.4038,-5.438,22.347,0.011238,1378.7,13.498,-292.94,-66.856,52.073,0,0.33,0.015705,-0.015948
4163.4,-59174,5.4705,-9.6648,-3.3519,20.875,0.011385,1224,-4.4146,-302.48,-74.267,51.546,0,0.33,0.023564,-0.011961
1027.3,-7858.6,5.6595,-10.736,-3.2563,21.717,0.016259,1141.3,-35.79,-368.51,-94.572,49.554,0,0.33,0.031437,-0.015948
3814.3,-38556,5.1451,-8.8617,-4.295,21.899,0.013139,1205.2,-11.919,-340.14,-84.044,51.695,0,0.33,0.023564,-0.015948
2582.8,-24330,6.0099,-11.715,-2.5546,20.44,0.013892,1154.5,-29.729,-330.92,-83.187,46.021,0,0.33,0.031437,-0.011961
11978,-31175,7.0691,-15.102,-0.67542,16.674,0.013122,1103.7,-44.713,-166.74,-41.17,31.79,0,0.33,0.039427,-0.0039874
1764.3,-18527,6.8387,-14.301,-1.3018,18.56,0.01446,1127.7,-46.935,-283.39,-69.462,36.491,0,0.33,0.039426,-0.0079741
-3633,5367,7.0353,-14.395,-1.3097,20.861,0.018087,1143.6,-66.087,-359.39,-83.721,40.196,0,0.33,0.047338,-0.011961
-7347.8,9327.4,7.5181,-15.178,-0.87657,21.442,0.018433,1163.3,-76.604,-369.17,-77.763,37.082,0,0.33,0.055236,-0.011961
-14739,15443,7.7211,-14.288,-0.6053,24.367,0.020558,1185.7,-85.527,-398.21,-70.115,44.424,0,0.33,0.063132,-0.015948
-14884,16544,7.2189,-13.865,-1.057,23.422,0.020235,1157.9,-79.886,-392.87,-85.501,47.849,0,0.33,0.055236,-0.015948
-8917.5,10116,7.9687,-15.683,-0.53621,22.164,0.018621,1190.3,-82.883,-380.45,-68.788,32.5,0,0.33,0.063132,-0.011961
-11836,14872,6.7003,-13.171,-1.6288,22.601,0.019884,1137,-70.073,-388.52,-94.941,49.081,0,0.33,0.047338,-0.015948
426.59,-4361.6,6.5317,-13.263,-1.8663,20.5,0.016573,1136.5,-50.582,-348.72,-85.949,42.667,0,0.33,0.039426,-0.011961
-5219.2,8248.7,6.1791,-12.146,-2.3575,22.003,0.018841,1127.4,-55.437,-382.75,-98.015,49.151,0,0.33,0.039426,-0.015948
8570.5,-51262,4.3126,-5.8201,-6.4956,22.828,0.012691,1352.1,2.9854,-317.79,-71.927,47.327,0,0.33,0.015705,-0.019935
-2.355e+05,-1.3252e+05,3.9105,-3.4837,-7.8683,19.524,0.0067118,3020.8,29.013,326.74,-46.703,-1644,0,0.33,0.0078509,-0.019935
-4.8359e+05,-2.0009e+05,3.7535,-2.4177,-8.537,16.168,0.0014021,4562.7,43.339,940.94,-32.672,-3330.2,0,0.33,0,-0.019935
-7167.1,5781.7,4.015,-6.5345,-6.4646,23.355,0.019278,1111.8,-39.847,-395.55,-101.62,43.763,0,0.33,0.023563,-0.027908
-1044.7,-5593.3,4.4095,-7.2764,-5.8489,23.098,0.01728,1145.8,-30.097,-383.74,-97.124,48.083,0,0.33,0.023564,-0.023922
-27801,28589,3.9361,-7.0651,-5.1853,23.51,0.023229,1012.9,-66.653,-412.44,-127.71,45.61,0,0.33,0.031436,-0.031895
-13385,13717,3.6102,-5.8427,-6.9839,23.47,0.020823,1078,-49.537,-402.14,-104.98,37.691,0,0.33,0.023563,-0.031895
-21570,23916,4.4069,-7.8997,-4.8228,23.387,0.022114,1049.9,-58.699,-410.99,-121.26,50.284,0,0.33,0.031436,-0.027908
-13043,16487,4.8544,-8.8007,-4.3853,23.111,0.020546,1085.4,-50.673,-404.75,-113.24,52.424,0,0.33,0.031437,-0.023922
2891.5,-20454,4.7886,-8.0572,-5.1271,22.632,0.015121,1177.9,-20.647,-365.84,-91.375,50.666,0,0.33,0.023564,-0.019935
-4449.6,5900.3,5.2732,-9.7534,-3.8651,22.588,0.018581,1116.8,-42.907,-391.38,-104.24,51.973,0,0.33,0.031437,-0.019935
-21218,22278,6.8858,-12.562,-1.1851,24.651,0.021703,1136.3,-83.691,-400.4,-99.039,60.037,0,0.33,0.055235,-0.019935
-20028,22379,6.3233,-11.952,-1.8893,23.719,0.021279,1115.1,-74.771,-400.6,-108.76,57.959,0,0.33,0.047338,-0.019935
-19496,19592,7.4593,-12.912,-0.62599,25.665,0.022053,1164.3,-88.561,-400.45,-80.766,59.451,0,0.33,0.063132,-0.019935
-23012,25704,5.3471,-9.9506,-3.1236,23.561,0.021975,1072.7,-67.517,-407.03,-123.19,58.342,0,0.33,0.039425,-0.023922
-29535,30824,4.8612,-8.9351,-3.4066,23.853,0.023064,1034.8,-74.014,-408.06,-135.92,59.002,0,0.33,0.039425,-0.027908
-34195,33968,4.334,-7.9961,-3.6278,23.987,0.024148,993.88,-80.427,-405.34,-146.45,56.572,0,0.33,0.039424,-0.031895
-14371,18265,5.7857,-11.028,-2.7751,22.99,0.020671,1104.7,-61.205,-399.77,-110.13,54.757,0,0.33,0.039426,-0.019935
-335.58,2314.9,9.2536,-17.7,-0.02628,20.011,0.015915,1255.3,-82.606,-382.15,-71.592,9.9622,0,0.33,0.08701,-0.0079742
589.22,-101.36,9.5744,-19.055,-0.036338,15.259,0.012824,1185.2,-81.779,-245.35,-62.578,12.306,0,0.33,0.08701,-0.0039873
839.7,-232.21,9.8848,-19.171,-0.0076296,14.841,0.012299,1200.4,-78.744,-260.69,-74.103,11.354,0,0.33,0.094964,-0.0039874
603.55,1223.9,9.5037,-17.723,0.02613,20.09,0.015657,1280.4,-79.469,-402.77,-81.656,5.7287,0,0.33,0.094963,-0.0079742
-7887.1,8893.3,8.376,-15.968,-0.27392,22.936,0.01878,1221.3,-85.665,-392.78,-58.134,26.478,0,0.33,0.071032,-0.011961
-4097.5,6555.7,8.7299,-16.084,-0.08327,23.697,0.0189,1253.8,-85.719,-406.6,-47.769,19.483,0,0.33,0.078953,-0.011961
-12108,12536,8.1907,-14.491,-0.25684,25.363,0.020828,1218.1,-87.724,-404.27,-49.944,38.559,0,0.33,0.071031,-0.015948
-5506.3,8679.8,8.6093,-14.525,-0.0033853,26.373,0.021051,1253.2,-87.249,-411.37,-26.874,30.355,0,0.33,0.078953,-0.015948
-341.14,3978.1,9.0249,-16.077,0.042667,24.403,0.018977,1285.7,-83.625,-422.42,-40.015,11.402,0,0.33,0.087009,-0.011961
1062.6,1754,9.2191,-14.261,0.25765,28.337,0.021405,1324.1,-81.124,-435.1,15.631,7.5338,0,0.33,0.094962,-0.015948
104.8,4834.1,8.9607,-14.431,0.1631,27.384,0.021248,1289.1,-84.734,-420.89,-3.6315,19.603,0,0.33,0.087009,-0.015948
861.76,1821.9,9.249,-16,0.11565,24.967,0.018971,1315.8,-80.296,-440.92,-37.747,3.221,0,0.33,0.094963,-0.011961
943.77,-369.93,10.177,-19.25,0.011063,14.293,0.011713,1212.1,-75.079,-274.82,-89.115,11.821,0,0.33,0.10289,-0.0039876
792.32,483.96,9.7142,-17.719,0.055458,19.973,0.015305,1301.7,-75.75,-423.52,-98.023,2.9884,0,0.33,0.10289,-0.0079741
787.1,44.122,9.5014,-15.797,0.16649,25.455,0.018683,1361.7,-72.404,-486.71,-58.175,-9.3081,0,0.33,0.11082,-0.011961
1058.1,708.5,9.559,-15.728,0.18458,25.202,0.018308,1375.6,-68.345,-511.28,-82.631,-12.118,0,0.33,0.11874,-0.011961
850.97,2409.9,9.3059,-13.562,0.34748,29.696,0.021138,1404.5,-65.434,-539.71,-10.753,-26.286,0,0.33,0.12666,-0.015948
-89.958,109.93,9.3931,-13.674,0.31778,30.019,0.021491,1396.6,-69.147,-509.89,15.378,-23.348,0,0.33,0.11874,-0.015948
1768.9,2195.3,9.6094,-15.704,0.22396,24.54,0.017727,1383.2,-64.385,-533.3,-115.6,-11.047,0,0.33,0.12666,-0.011961
462.71,-835.4,9.4276,-13.847,0.3103,29.805,0.021599,1379.9,-73.077,-480.51,27.856,-15.4,0,0.33,0.11082,-0.015948
900.86,423.07,9.4027,-15.898,0.15044,25.337,0.018876,1341.8,-76.487,-462.58,-43.36,-3.7872,0,0.33,0.10289,-0.011961
949.44,-248.88,9.3727,-14.056,0.29892,29.18,0.02153,1355.4,-77.167,-455.01,27.141,-4.4253,0,0.33,0.10289,-0.015948
-7137.1,10115,8.555,-13.014,0.12069,27.761,0.022483,1235.2,-88.926,-401.26,-20.717,48.073,0,0.33,0.078952,-0.019935
-15630,15250,8.0239,-13.047,-0.19403,26.704,0.022307,1197.6,-90.048,-400.73,-54.303,55.602,0,0.33,0.071031,-0.019935
-5035.3,5388.3,9.1766,-10.005,0.7695,28.765,0.023797,1209.4,-88.521,-356.34,-13.274,93.348,0,0.33,0.087006,-0.027908
-1846.9,5375,9.1327,-11.371,0.53193,29.17,0.023371,1248.6,-87.133,-381.71,14.715,61.407,0,0.33,0.087007,-0.023922
549.98,100.65,10.138,-8.3701,1.2403,28.471,0.023391,1218.1,-84.751,-321.77,11.281,121.56,0,0.33,0.094959,-0.031895
-8918.1,5315.2,9.0643,-8.7603,1.0386,28.263,0.024339,1162.3,-90.127,-329.47,-58.09,127.67,0,0.33,0.087005,-0.031895
2422.3,425.42,9.9725,-9.6423,0.94536,29.558,0.023402,1263.5,-83.624,-353.31,54.564,79.858,0,0.33,0.09496,-0.027908
2250.4,875.47,9.6811,-11.054,0.67919,30.315,0.023377,1297.1,-82.725,-384.45,70.535,45.254,0,0.33,0.094961,-0.023922
186.32,5223.5,9.0252,-12.851,0.32827,28.878,0.022645,1275.7,-85.895,-404.27,17.615,36.199,0,0.33,0.087008,-0.019935
1489.7,1363.1,9.3906,-12.599,0.4476,30.057,0.022826,1317.1,-81.924,-413.08,55.695,21.062,0,0.33,0.094961,-0.019935
-1564.9,-1009.4,9.6361,-11.681,0.50546,33.232,0.023542,1411.6,-69.781,-484.18,116.98,-28.548,0,0.33,0.11874,-0.019935
461.57,-2102.9,9.704,-11.975,0.50922,32.429,0.023357,1388.6,-73.602,-452.8,110.56,-13.477,0,0.33,0.11082,-0.019935
-2723.8,2013.3,9.4489,-11.454,0.51999,33.436,0.023501,1422.6,-66.323,-519.79,104.68,-38.049,0,0.33,0.12665,-0.019935
2772,-2265.9,10.078,-10.668,0.74759,31.691,0.023545,1346.2,-78.239,-394.2,126.52,24.201,0,0.33,0.10289,-0.023921
4541.8,-3194.3,10.631,-9.1956,1.0346,30.697,0.023214,1322.5,-78.733,-356.02,131.57,57.693,0,0.33,0.10289,-0.027908
6592.2,-3840.3,11.132,-7.8882,1.3514,28.932,0.022557,1283.1,-79.393,-317.78,99.838,103.72,0,0.33,0.10289,-0.031895
1513.2,-1221.4,9.6207,-12.297,0.49961,31.282,0.023069,1356.2,-77.747,-428.89,88.413,4.0562,0,0.33,0.10289,-0.019935
-6387.2,2260.7,11.266,-17.855,0.43569,14.635,0.010932,1332.1,-48.803,-472.63,-267.44,27.913,0,0.33,0.1505,-0.0079743
-1780,-2349.6,12.344,-19.442,0.23924,9.4318,0.0076322,1222.9,-47.359,-288.44,-191.53,34.935,0,0.33,0.1505,-0.003989
-1883.3,-4874.6,12.937,-19.289,0.32405,8.6027,0.0069875,1219.7,-40.363,-274.77,-195.84,40.517,0,0.33,0.15854,-0.0039896
-7115.5,607.08,11.826,-17.781,0.5959,13.23,0.009933,1325.1,-41.978,-456.63,-283.48,38.263,0,0.33,0.15854,-0.0079744
1537,4156.3,9.6946,-15.726,0.30125,23.474,0.01693,1385.4,-60.366,-549.81,-154.31,-5.7738,0,0.33,0.13457,-0.011961
-676.74,5992.4,9.8612,-15.773,0.42833,22.06,0.015929,1383.7,-55.934,-558.49,-194.73,3.4884,0,0.33,0.1425,-0.011961
2738.1,5654.9,9.2198,-13.524,0.42393,28.777,0.020485,1404.4,-61.764,-565.73,-48.574,-23.065,0,0.33,0.13457,-0.015948
3758.8,9007.4,9.2008,-13.547,0.56618,27.311,0.019519,1398.9,-57.735,-584.02,-93.75,-13.456,0,0.33,0.1425,-0.015948
-7273.3,7014.3,10.151,-15.82,0.6076,20.374,0.01475,1380.1,-50.787,-558.34,-232.59,17.27,0,0.33,0.1505,-0.011961
-12485,11859,9.6289,-13.648,1.0569,23.211,0.016779,1383.3,-46.744,-588.71,-183.82,23.859,0,0.33,0.15854,-0.015948
-1286.3,11474,9.3121,-13.605,0.77988,25.416,0.018265,1391.4,-52.964,-592.48,-140.88,3.1785,0,0.33,0.1505,-0.015948
-12772,6406.7,10.616,-15.814,0.83258,18.491,0.013444,1374.1,-44.227,-547.84,-263.2,32.967,0,0.33,0.15854,-0.011961
-1621.8,-8456.5,13.603,-19.025,0.41434,7.7972,0.0063627,1215.7,-32.218,-257.05,-193.36,44.909,0,0.33,0.16648,-0.0039898
-7010.7,-2368.2,12.497,-17.616,0.76878,11.781,0.0089042,1316.2,-33.968,-433.55,-289.55,47.783,0,0.33,0.16648,-0.0079745
-12606,269.18,12.042,-15.591,1.3386,14.417,0.010605,1357.5,-27.72,-499.81,-291.29,66.773,0,0.33,0.17444,-0.011961
-11146,-4806.3,13.047,-15.294,1.5976,12.347,0.0091804,1342.5,-17.156,-462.3,-284.29,79.442,0,0.33,0.18251,-0.011961
-14185,-3763.8,13.075,-13.228,2.3353,13.153,0.0097361,1349.8,-9.3808,-470.14,-233.82,107.43,0,0.33,0.19062,-0.015948
-16331,2079.1,11.928,-13.459,2.0241,15.689,0.01153,1360.2,-20.262,-512.76,-242.42,91.934,0,0.33,0.18254,-0.015948
-9523.8,-10745,14.133,-14.906,1.8386,10.38,0.0078089,1326.2,-6.1901,-420.06,-267.78,89.812,0,0.33,0.19062,-0.011961
-18065,6882.5,10.902,-13.614,1.6924,18.3,0.013352,1370.5,-30.683,-549.18,-238.88,72.108,0,0.33,0.17445,-0.015948
-13139,4148.5,11.239,-15.745,1.0794,16.478,0.012038,1367.3,-36.413,-528.2,-283.69,48.685,0,0.33,0.16648,-0.011961
-18304,10225,10.147,-13.657,1.3648,20.816,0.015116,1377.1,-39.199,-574.09,-218.08,46.022,0,0.33,0.16648,-0.015948
-5492.6,11556,8.987,-11.294,0.73058,31.492,0.022318,1410.6,-59.443,-582.09,28.9,-31.799,0,0.33,0.1425,-0.019935
-3883.5,6565.9,9.2036,-11.325,0.58558,32.859,0.023114,1421.2,-63.029,-554.4,73.939,-39.516,0,0.33,0.13457,-0.019935
-25632,20772,9.5118,-6.9543,1.4128,34.764,0.02414,1439.4,-58.381,-557.92,233.82,-54.351,0,0.33,0.1505,-0.027908
-14880,18834,8.9472,-9.1032,1.1747,32.629,0.023128,1410,-56.946,-586.76,104.07,-33.459,0,0.33,0.1505,-0.023921
-30354,24709,9.9616,-4.9804,2.035,33.387,0.023149,1441.7,-54.446,-537.04,292.13,-50.204,0,0.33,0.15854,-0.031894
-27661,20769,10.579,-4.9495,1.6876,35.63,0.024017,1483.5,-59.234,-512.66,358.32,-75.615,0,0.33,0.1505,-0.031894
-19492,23858,9.1587,-7.0219,1.7664,32.217,0.022896,1406.3,-53.264,-574.97,168.99,-27.206,0,0.33,0.15854,-0.027908
-2649.1,21040,8.8455,-9.1841,1.5174,30.064,0.021668,1386.8,-51.472,-596.58,43.789,-6.5607,0,0.33,0.15854,-0.023921
-1282.3,15550,8.889,-11.34,0.96619,29.495,0.021121,1396.1,-55.082,-599.14,-23.79,-13.96,0,0.33,0.1505,-0.019934
-2594,16861,9.0141,-11.413,1.2829,27.066,0.019584,1381.9,-49.233,-602.04,-76.615,10.667,0,0.33,0.15854,-0.019934
-20319,8128.9,11.042,-11.524,2.414,18.682,0.013734,1360.2,-23.52,-536.08,-173.74,102.38,0,0.33,0.18255,-0.019935
-22043,12710,10.036,-11.54,2.0224,21.625,0.015829,1366.2,-33.71,-570.88,-157.92,73.786,0,0.33,0.17445,-0.019934
-17999,2552.6,12.223,-11.452,2.7871,15.769,0.011622,1356.4,-12.811,-494.23,-172.64,124.67,0,0.33,0.19062,-0.019935
-1618.9,20156,9.0075,-9.3039,1.9077,27.24,0.019875,1370.1,-44.583,-591.83,-14.728,26.816,0,0.33,0.16648,-0.023921
-1490.2,23213,9.0778,-7.1721,2.1748,29.303,0.021228,1379.6,-46.724,-575.53,101.19,9.4619,0,0.33,0.16648,-0.027908
-14247,24306,9.6077,-5.1421,2.4437,30.562,0.021751,1404.3,-48.261,-543.18,218.46,-12.317,0,0.33,0.16648,-0.031894
-15422,15670,9.3778,-11.485,1.6392,24.419,0.017794,1372.3,-42.004,-592.29,-123.58,38.981,0,0.33,0.16648,-0.019934
-21817,21635,2.7914,-4.6352,-7.7728,23.517,0.023121,1015.5,-67.641,-405.24,-107.89,21.519,0,0.33,0.023562,-0.039869
-18716,18755,3.2004,-5.2088,-7.417,23.508,0.022086,1045.6,-58.867,-404.8,-107.08,30.103,0,0.33,0.023563,-0.035882
-31887,31151,3.4498,-6.3028,-5.4813,23.561,0.024157,976.18,-74.289,-411.22,-132,38.926,0,0.33,0.031435,-0.035882
-34197,32172,2.9581,-5.6129,-5.7177,23.592,0.025092,941.2,-81.449,-408.66,-133.78,30.881,0,0.33,0.031435,-0.039869
-81436,-48404,2.4258,-1.8076,-12.725,19.31,0.0089129,2954,-48.021,605.41,-52.11,-1761.9,0,0.33,0.0078501,-0.043856
2737.7,9466.7,2.3441,-2.9917,-10.342,23.066,0.019566,1203.8,-62.713,-386.29,-80.878,0.40755,0,0.33,0.015704,-0.043856
-63405,-41259,2.1898,-1.6036,-13.159,19.178,0.0089102,2941,-58.521,630.69,-52.039,-1781,0,0.33,0.00785,-0.047844
-1.4032e+05,-87886,2.3375,-1.1293,-14.459,15.925,0.0012501,4528.3,-50.979,1642.7,-36.553,-3542.4,0,0.33,0,-0.047843
-1.77e+05,-99030,2.5302,-1.27,-13.96,16.027,0.0012723,4543.1,-39.581,1584.6,-36.573,-3513.8,0,0.33,0,-0.043856
8182.5,11673,2.0279,-2.6534,-10.662,22.982,0.01981,1187.4,-71.592,-390.36,-80.382,-8.77,0,0.33,0.015704,-0.047846
-19527,23009,2.388,-4.1193,-8.0611,23.529,0.023886,988.25,-75.758,-404.68,-107.53,12.503,0,0.33,0.023562,-0.043856
-28501,31543,1.996,-4.4309,-6.0386,23.715,0.026983,880.07,-94.123,-403.39,-130.44,13.712,0,0.33,0.031434,-0.047849
-7895.7,23455,1.9943,-3.6558,-8.2908,23.566,0.024532,964.19,-83.173,-403.94,-106.06,3.5774,0,0.33,0.023561,-0.047847
-34385,32159,2.4707,-4.9914,-5.9013,23.638,0.026036,908.97,-88.067,-405.81,-133.15,22.247,0,0.33,0.031434,-0.043856
-37244,35536,3.7779,-7.1387,-3.7929,24.045,0.02526,952.47,-86.586,-400.97,-153.46,51.622,0,0.33,0.039424,-0.035882
-38905,35904,3.2087,-6.3618,-3.9093,24.078,0.026403,912.5,-92.387,-396.2,-156.45,45.021,0,0.33,0.039423,-0.039869
-39741,34774,2.9456,-6.1071,-2.3406,24.988,0.028764,869.1,-104.52,-371.79,-173.4,58.921,0,0.33,0.047334,-0.043856
-37163,31091,3.4311,-6.3511,-0.97117,26.118,0.029587,883.08,-107.97,-348.58,-185.34,84.444,0,0.33,0.055231,-0.043856
-32518,24686,3.44,-5.6513,0.3692,27.389,0.031279,875.9,-111.12,-314.01,-182.15,113.97,0,0.33,0.063125,-0.047852
-36833,30256,2.7679,-5.6238,-0.82064,26.126,0.030908,845.49,-111.35,-341.57,-178.61,82.191,0,0.33,0.055229,-0.047851
-32634,25319,4.1259,-6.4074,0.13759,27.312,0.029976,911.52,-108.3,-323.52,-189.99,112.73,0,0.33,0.063127,-0.043856
-39297,33774,2.3298,-5.4182,-2.2822,25.001,0.030044,832.46,-108.6,-366.67,-167.86,53.705,0,0.33,0.047332,-0.04785
-39435,35447,2.642,-5.66,-3.9839,24.114,0.027565,875.36,-97.776,-391.81,-155.59,37.703,0,0.33,0.039422,-0.043856
-39100,34507,2.0911,-5.0249,-4.0231,24.166,0.028724,841.93,-102.73,-388.33,-151.5,30.451,0,0.33,0.039421,-0.047849
11333,13017,1.7212,-2.3483,-10.919,22.922,0.020033,1173.9,-79.608,-393.82,-79.291,-17.709,0,0.33,0.015703,-0.051843
-47471,-35307,1.9615,-1.4194,-13.513,19.053,0.0088992,2928.8,-68.011,651.32,-51.708,-1799.3,0,0.33,0.0078496,-0.051836
-1.0768e+05,-78046,2.1523,-1.0024,-14.871,15.816,0.0012293,4512.4,-61.299,1690.3,-36.415,-3569.7,0,0.33,0,-0.05183
9219.4,22909,0.90915,-2.5062,-8.6866,23.873,0.025984,911.42,-101.25,-404.67,-96.61,-19.44,0,0.33,0.023569,-0.059863
9739.6,23242,1.2515,-2.8566,-8.5989,23.741,0.025726,925.82,-95.912,-403.98,-100.2,-12.574,0,0.33,0.023563,-0.055856
6071.6,27943,0.33415,-2.6334,-6.215,24.393,0.02992,801.07,-112.64,-401.87,-108.59,-12.541,0,0.33,0.031472,-0.063918
8611.6,22454,0.58741,-2.1816,-8.737,24.026,0.025896,900.03,-105.9,-405.35,-92.98,-25.505,0,0.33,0.023578,-0.063872
1305.3,28770,0.70853,-3.0317,-6.2183,24.179,0.029532,815.47,-108.86,-401.12,-114.75,-7.5513,0,0.33,0.031478,-0.059893
-7110.1,29702,1.1098,-3.4592,-6.1932,23.987,0.028837,833.29,-104.54,-401.05,-120.65,-1.4062,0,0.33,0.031447,-0.055874
5295.9,23440,1.6141,-3.2375,-8.4687,23.636,0.025162,943.39,-89.884,-403.6,-103.56,-4.8688,0,0.33,0.023561,-0.051848
-17468,30645,1.5406,-3.923,-6.1352,23.831,0.027922,854.82,-99.609,-401.73,-126.14,5.7305,0,0.33,0.031436,-0.051855
-36128,29411,2.1433,-4.9589,-0.65533,26.085,0.032086,813.09,-114.43,-337.24,-167.71,80.424,0,0.33,0.055223,-0.051865
-38421,32681,1.7465,-4.7897,-2.2036,25.007,0.031246,800.54,-112.32,-363.5,-159.2,49.084,0,0.33,0.047327,-0.051861
-32079,24119,2.7989,-4.9595,0.6132,27.381,0.032372,846.01,-113.71,-307.9,-169.14,115.56,0,0.33,0.063119,-0.051869
-30730,32185,1.0712,-3.9158,-4.0159,24.35,0.030931,787.81,-111.27,-384.82,-137.21,18.103,0,0.33,0.0394,-0.055883
-21527,31126,0.61459,-3.4242,-3.9755,24.487,0.031939,767.23,-114.83,-384.82,-128.4,13.566,0,0.33,0.039385,-0.059921
-15783,30291,0.19953,-2.9648,-3.9151,24.655,0.032867,750.65,-117.91,-385.97,-119.09,10.331,0,0.33,0.039361,-0.063955
-37234,33349,1.5656,-4.4467,-4.033,24.244,0.029853,812.69,-107.22,-385.97,-145.13,23.801,0,0.33,0.039417,-0.051856
-14995,5096.8,8.2788,-6.6353,1.6618,28.473,0.026565,1071.3,-93.952,-277.39,-138.84,183.39,0,0.33,0.087003,-0.039868
-12722,5210.5,8.7557,-7.639,1.3372,28.124,0.025275,1114,-91.962,-302.53,-104.58,158.85,0,0.33,0.087004,-0.035881
-5112,-13.705,10.089,-7.234,1.5599,27.757,0.023804,1167.6,-86.199,-291.4,-44.717,163.74,0,0.33,0.094959,-0.035881
-10683,99.873,9.8134,-6.2234,1.8996,27.786,0.024816,1121.5,-87.936,-263.67,-93.866,199.49,0,0.33,0.09496,-0.039868
-27040,18351,5.0592,-6.3046,0.9902,28.365,0.0299,949.19,-105.95,-298.17,-186.74,142.89,0,0.33,0.071026,-0.043856
-21482,11248,6.2503,-6.0729,1.6038,29.056,0.029161,991.84,-101.63,-275,-175.46,173.38,0,0.33,0.078948,-0.043856
-27227,17909,4.3767,-5.5251,1.2862,28.609,0.031191,917.6,-108.39,-285.74,-178.62,147.62,0,0.33,0.071025,-0.047853
-22079,10992,5.5962,-5.2731,1.9461,29.553,0.030532,964.2,-103.85,-259.45,-168.83,181.9,0,0.33,0.078953,-0.047851
-16670,4963.7,7.7035,-5.7353,2.0093,29.153,0.027817,1037.3,-96.008,-255.27,-154.64,201.27,0,0.33,0.087,-0.043856
-14563,508.81,8.8726,-4.5073,2.6234,29.482,0.027426,1061.1,-91.809,-217.74,-129.72,244.72,0,0.33,0.094956,-0.04785
-17676,4851.9,7.1065,-4.9223,2.3758,29.935,0.02908,1012.2,-98.067,-236.37,-152.66,214.32,0,0.33,0.086994,-0.04785
-13104,317.21,9.3773,-5.3207,2.2551,28.467,0.026094,1085.7,-89.843,-239.24,-122.99,225.99,0,0.33,0.09496,-0.043855
4833.9,-4023,11.438,-6.741,1.6894,27.301,0.022186,1232,-80.397,-282.26,39.901,156.8,0,0.33,0.10289,-0.035881
-3099.1,-3635.4,11.468,-5.736,2.0406,26.564,0.022553,1180.2,-81.818,-251.44,-26.438,207.26,0,0.33,0.1029,-0.039867
865.23,-5140.1,13.289,-4.3007,2.4901,24.528,0.020498,1200.1,-77.471,-212.36,-1.747,256.17,0,0.33,0.11083,-0.043856
12572,-7146.9,15.332,-3.6397,2.569,21.769,0.017151,1273.3,-71.871,-198.34,115.75,237.69,0,0.33,0.11875,-0.043856
14409,-6609,17.948,-2.2056,3.0544,16.936,0.013246,1283.5,-68.105,-159.07,163.07,260.55,0,0.33,0.12667,-0.047854
5810,-4468.7,15.594,-2.9445,2.9359,21.31,0.017502,1222.1,-73.489,-178.48,30.054,305.17,0,0.33,0.11875,-0.047857
14368,-9061.5,17.058,-2.8282,2.642,19.703,0.014427,1367,-67.061,-185.24,284.85,169.53,0,0.33,0.12667,-0.043856
-7580.3,-3383.5,13.158,-3.5431,2.8446,25.228,0.021694,1166,-79.349,-191.68,-49.997,299.44,0,0.33,0.11083,-0.047856
-10088,-2842,11.251,-4.848,2.3982,26.902,0.023668,1139.1,-83.586,-225.58,-76.042,247.02,0,0.33,0.1029,-0.043856
-12761,-2008.1,10.889,-4.0515,2.7578,27.968,0.025191,1112.2,-85.535,-203.57,-98.002,274.61,0,0.33,0.1029,-0.047855
-22203,10807,4.9959,-4.5428,2.301,29.945,0.031713,943.87,-105.91,-247.49,-153,189.43,0,0.33,0.078977,-0.051856
-27085,17554,3.7442,-4.8124,1.5952,28.745,0.032219,892.42,-110.66,-277.02,-163.86,152.46,0,0.33,0.071022,-0.051869
-18061,5143,5.6835,-2.8554,3.5154,31.706,0.032244,983.65,-103.58,-198.99,-89.28,244.76,0,0.33,0.086929,-0.059979
-18167,4935,6.0692,-3.4954,3.1356,31.247,0.031592,985.95,-101.9,-208.69,-115.08,234.44,0,0.33,0.086977,-0.055917
-14398,1829.2,7.4413,-1.864,4.1103,32.946,0.03157,1044.1,-98.849,-159.09,-38.594,292.78,0,0.33,0.094839,-0.064025
-17824,5500.9,5.4114,-2.2553,3.8859,32.075,0.032477,987.88,-104.99,-191.13,-62.388,256.17,0,0.33,0.086917,-0.063992
-15553,1351.3,7.6361,-2.453,3.7507,32.291,0.031123,1038.2,-97.381,-170.94,-67.869,281.32,0,0.33,0.094852,-0.060012
-15603,994.21,7.9586,-3.0862,3.3781,31.497,0.030222,1038.5,-95.64,-183.91,-95.615,270.21,0,0.33,0.09492,-0.055936
-18100,4842.2,6.5507,-4.181,2.7536,30.657,0.030461,995.25,-100.04,-220.75,-137.72,224.68,0,0.33,0.086992,-0.051867
-15326,724.95,8.3809,-3.7673,3.0003,30.543,0.028875,1045.8,-93.77,-199.05,-118.57,258.62,0,0.33,0.094945,-0.051872
-5115.6,-1557.6,15.585,-2.3153,3.2723,22.285,0.018688,1196.1,-75.488,-164.82,-16.316,351.55,0,0.33,0.11872,-0.051891
-13425,-1760.8,12.903,-2.8535,3.1879,26.621,0.023227,1148.8,-81.421,-173.84,-64.813,327.83,0,0.33,0.1108,-0.05189
7441.4,-2327.8,18.374,-1.6657,3.4144,16.564,0.013514,1229,-69.766,-149.74,69.166,333.2,0,0.33,0.12666,-0.051872
-14449,-679.51,10.146,-2.6634,3.4752,30.595,0.028083,1090.3,-89.423,-167.13,-75.73,307.12,0,0.33,0.10286,-0.055942
-14222,-67.528,9.8913,-2.0481,3.8222,31.706,0.029105,1090.6,-91.27,-151.82,-48.358,319.02,0,0.33,0.10278,-0.060011
-8333.2,580.27,9.7703,-1.4807,4.1522,32.625,0.029789,1096.3,-92.812,-137.16,-17.574,330.01,0,0.33,0.10278,-0.064022
-13992,-1282.5,10.49,-3.3269,3.119,29.298,0.026726,1097.1,-87.556,-184.05,-95.355,293.5,0,0.33,0.10287,-0.051888
7911,21988,0.28671,-1.8788,-8.7527,24.194,0.02573,891.42,-109.86,-406.2,-89.068,-30.749,0,0.33,0.023587,-0.067883
6773.6,27316,-0.0082455,-2.2589,-6.1846,24.627,0.030204,789.8,-115.87,-403.33,-102,-16.355,0,0.33,0.031472,-0.067925
-14158,29719,-0.17238,-2.53,-3.834,24.851,0.033703,737.68,-120.52,-388.05,-109.48,8.3664,0,0.33,0.039353,-0.067962
-4973.3,8905,20.023,1.1833,4.7334,21.591,0.018303,1175.1,-80.072,-64.844,122.19,441.21,0,0.33,0.12664,-0.080197
-10925,6634.4,5.1925,-1.1365,4.5871,32.682,0.032242,1013.8,-107.28,-177.84,-8.2571,283.07,0,0.33,0.086901,-0.071989
-16118,5999.8,5.2487,-1.6843,4.2441,32.389,0.032455,998.19,-106.22,-184.5,-34.935,268.98,0,0.33,0.086907,-0.067994
-7853.6,2428.3,7.3688,-1.3092,4.4524,33.496,0.031737,1055.9,-100.12,-148.34,-8.3545,305,0,0.33,0.094835,-0.068024
756.51,3140.8,7.4142,-0.78323,4.7736,33.973,0.031684,1072.7,-101.2,-137.63,21.087,317.96,0,0.33,0.094833,-0.072016
3412.6,3935.4,7.5717,-0.28265,5.0693,34.399,0.03146,1093.8,-102.07,-126.84,48.586,331.48,0,0.33,0.094837,-0.076022
3048.3,4258.4,13.019,0.28443,4.8437,32.607,0.027677,1179.2,-90.728,-80.852,91.879,400.58,0,0.33,0.11073,-0.076198
240.29,6393.9,16.187,0.56615,4.6935,28.314,0.023611,1199.9,-85.097,-76.382,99.88,433.64,0,0.33,0.1187,-0.076195
-3422.4,8354.8,19.575,0.88629,4.6348,21.582,0.018222,1181,-79.238,-78.558,98.048,442.02,0,0.33,0.12665,-0.076192
1355.4,1327.3,9.7753,-0.95088,4.462,33.372,0.030169,1107.1,-94.17,-123.17,14.136,341.15,0,0.33,0.10277,-0.068052
5116.7,2192.1,9.9076,-0.4553,4.7476,33.98,0.030299,1122.3,-95.308,-109.56,45.285,352.72,0,0.33,0.10278,-0.072066
4172.9,3094.6,10.155,0.013545,5.0055,34.458,0.030204,1141.6,-96.314,-96.596,74.025,364.17,0,0.33,0.10276,-0.076177
3026.2,2134.3,16.149,0.61672,4.4254,21.575,0.013847,1558.7,-34.349,-182.98,483.92,0.9853,0,0.33,0.18249,-0.051869
-10036,621.31,16.837,1.0733,4.1287,20.96,0.013245,1583.5,-40.757,-151.47,532.21,-74.894,0,0.33,0.17453,-0.051932
14603,8062.3,14.523,-0.74313,4.6813,22.586,0.014953,1510.8,-27.342,-287.45,368.99,116.95,0,0.33,0.19061,-0.047861
15823,4177.8,16.091,0.028789,4.8341,21.384,0.013773,1552.9,-27.777,-215.2,435.58,94.766,0,0.33,0.19059,-0.051892
4877.4,6844,14.348,-0.098942,4.2342,23.55,0.015543,1515.8,-34.498,-267.91,435.38,23.715,0,0.33,0.1825,-0.047859
-11247,6516.3,14.759,0.43539,3.8668,24.148,0.015611,1548.4,-41.692,-248.75,504.34,-53.845,0,0.33,0.17447,-0.047883
-2185.7,-5706.5,20.334,1.4962,4.3006,14.638,0.0092258,1580.5,-45.76,-35.037,543.2,-141.31,0,0.33,0.16656,-0.056051
7974.6,-7090.7,22.415,1.4887,4.6679,10.741,0.0070693,1504.2,-45.538,4.083,491.23,-132.03,0,0.33,0.16657,-0.060128
4043.8,-4682.8,25.268,1.2864,4.9565,4.8882,0.0039704,1208.8,-51.463,-19.744,334.22,-48.531,0,0.33,0.15855,-0.064202
7269.3,-6922.8,23.744,1.2833,4.6562,7.2362,0.0051673,1374.8,-51.008,-3.8267,424.19,-95.125,0,0.33,0.15855,-0.060134
8733.2,-6410.9,24.258,1.4332,4.9832,7.585,0.0054225,1374,-45.738,5.3053,426.1,-107.78,0,0.33,0.16658,-0.064214
208.46,-7199.4,21.86,1.2926,4.2581,10.915,0.007143,1509.9,-50.893,-19.921,514.7,-129.52,0,0.33,0.15855,-0.056013
-11061,-1270,18.107,1.2861,3.9329,19.183,0.011959,1603.9,-46.46,-116.21,571.26,-133.47,0,0.33,0.16651,-0.051938
-18625,3485.3,17.293,0.68452,3.387,22.193,0.013766,1612.6,-52.402,-191.39,604.66,-137.58,0,0.33,0.15853,-0.04786
-17224,5559.2,15.885,0.70832,3.5978,23.755,0.015,1585.5,-47.473,-222.78,562.54,-114.19,0,0.33,0.16648,-0.047867
-11389,-3637.3,19.654,1.1557,3.8155,16.149,0.010105,1591.5,-51.367,-86.071,583.02,-143.53,0,0.33,0.15854,-0.051908
-25982,13221,14.076,-1.6162,2.3681,31.659,0.019977,1586.8,-58.834,-366.07,560.06,-114.94,0,0.33,0.1505,-0.039867
-27883,18335,12.12,-3.1477,2.0046,34.757,0.022641,1536.2,-59.392,-449.45,470.4,-96.299,0,0.33,0.1505,-0.035881
-31142,23063,11.237,-3.1178,2.3276,33.254,0.022328,1489.6,-54.902,-480.98,406.45,-74.348,0,0.33,0.15853,-0.035881
-29312,18645,12.941,-1.5014,2.6473,31.415,0.020385,1542.4,-54.592,-404.02,504.07,-98.408,0,0.33,0.15853,-0.039867
6856.2,-8412.9,17.94,-1.8937,2.6818,19.933,0.013374,1484.8,-63.332,-185.52,474.03,47.154,0,0.33,0.13459,-0.043856
-9092.2,-2759.2,17.575,-1.0183,2.699,22.915,0.014396,1586.4,-60.624,-214.31,594.3,-74.29,0,0.33,0.14252,-0.043856
12210,-9096.5,19.624,-1.3087,3.1604,14.174,0.010292,1375.7,-63.493,-135.56,350.55,133.01,0,0.33,0.13459,-0.047858
-444.87,-7928.9,19.84,-0.37811,3.2073,15.425,0.010118,1508.9,-59.939,-127.96,524.45,-29.876,0,0.33,0.14252,-0.047859
-21582,5765.1,16.343,-0.4325,2.783,26.216,0.016213,1618,-57.754,-262.84,612.22,-127.51,0,0.33,0.1505,-0.043856
-14858,-2079.6,18.755,0.3364,3.2511,19.2,0.01193,1603.4,-56.592,-152.4,607.32,-124.69,0,0.33,0.1505,-0.047862
-24970,11701,14.998,-0.20925,2.9982,27.634,0.017414,1589,-53.643,-304.96,574.69,-120.54,0,0.33,0.15853,-0.043856
-7774.9,12731,12.955,-0.59906,3.6348,26.454,0.017664,1498.5,-42.2,-346.19,438.08,-28.577,0,0.33,0.17445,-0.04386
10014,11824,12.763,-1.127,4.0484,24.882,0.016943,1468.9,-34.701,-351.92,360.79,49.483,0,0.33,0.18255,-0.043866
13228,11569,13.245,-1.7815,4.5284,23.16,0.015791,1467,-26.726,-353.26,292.89,137.42,0,0.33,0.19061,-0.043857
-23651,23019,10.594,-3.2708,2.7176,30.849,0.021368,1443.4,-49.082,-493.07,331.21,-37.194,0,0.33,0.16648,-0.035881
-27353,19185,12.011,-1.6234,2.9983,29.905,0.020048,1492.2,-49.141,-422.72,432.64,-63.593,0,0.33,0.16648,-0.039867
-23117,13001,13.806,-0.27369,3.2884,27.517,0.017848,1543.3,-48.51,-330.99,513.04,-90.116,0,0.33,0.16648,-0.043857
2228.1,-4285,24.414,0.89793,4.5895,5.3311,0.0043724,1214.6,-56.463,-41.15,301.43,19.682,0,0.33,0.15052,-0.060113
2400.5,-7289.6,22.981,0.8207,4.2204,7.7353,0.0055545,1372.1,-55.881,-32.3,416.88,-43.546,0,0.33,0.15052,-0.056013
126.29,-812.95,25.439,1.0366,4.8345,4.3139,0.0040121,1079.5,-57.346,-62.189,215.6,79.107,0,0.33,0.15053,-0.06415
4772,-8325.7,21.696,-0.034509,3.7067,9.8483,0.007121,1372.1,-59.993,-80.051,392,42.052,0,0.33,0.14253,-0.051902
10712,-5525.2,20.731,-0.88089,3.5892,11.318,0.0089857,1263.4,-64.471,-119.13,210.19,222.86,0,0.33,0.1346,-0.051895
-5396.5,-7039.2,21.058,0.70251,3.7508,12.442,0.0080932,1517.8,-55.882,-66.49,534.51,-96.295,0,0.33,0.15051,-0.051911
1103.2,-2368.4,28.978,1.3994,5.5001,0.54817,0.001113,449.99,-36.653,-20.754,123.03,3.2148,0,0.33,0.18256,-0.084232
910.09,-1748.1,29.136,1.6048,5.4098,0.49106,0.001076,433.92,-42.291,-26.798,106.39,8.6911,0,0.33,0.1746,-0.084207
831.1,-2905.3,28.299,1.3548,5.5678,1.5735,0.0021195,699.04,-36.122,-24.853,205.74,-3.077,0,0.33,0.18256,-0.080221
768.38,-2325.9,28.559,1.536,5.475,1.2,0.0017733,640.21,-41.806,-30.564,175.05,-5.5393,0,0.33,0.1746,-0.080217
272.34,-573.25,29.487,1.8491,5.2068,0.48173,0.0013362,347.7,-48.559,-25.815,57.357,40.304,0,0.33,0.16658,-0.088172
514.94,-618.41,29.181,1.7858,5.3016,0.64682,0.0014317,443.48,-48.205,-34.557,86.418,37.18,0,0.33,0.16658,-0.084183
-101.18,1187,28.518,1.8005,5.2285,1.6006,0.0025593,614.09,-54.008,-51.972,101.44,90.144,0,0.33,0.15855,-0.080185
812.7,-1012.7,28.727,1.6925,5.3691,1.0208,0.001709,586.88,-47.756,-41.02,132.94,24.22,0,0.33,0.16658,-0.080195
-475.25,1274.2,28.899,1.916,5.1707,1.4043,0.0025861,524.39,-54.448,-42.36,77.729,96.036,0,0.33,0.15856,-0.084179
444.38,-3256.6,27.67,1.4602,5.4792,2.6033,0.0028085,888.59,-41.292,-27.407,259.51,-27.943,0,0.33,0.1746,-0.07623
208.3,-3622.2,27.259,1.3045,5.5665,3.4927,0.0034586,975.57,-35.574,-24.819,300.84,-13.331,0,0.33,0.18255,-0.076233
2594.8,-4869.6,25.832,1.4219,5.2136,5.0408,0.0041077,1195.6,-46.146,-11.884,352.19,-72.975,0,0.33,0.16658,-0.068229
710.87,-3217.6,27.095,1.4797,5.3458,3.1082,0.00305,987.97,-46.683,-30.348,272.72,-34.844,0,0.33,0.16658,-0.07222
1081.1,-2282.6,26.452,1.3662,5.1442,3.4025,0.0032461,1037.1,-52.116,-41.643,255,-0.18067,0,0.33,0.15855,-0.068218
607.96,-468.69,27.35,1.5022,5.2357,2.4705,0.0028197,873.92,-52.805,-55.055,189.22,41.761,0,0.33,0.15855,-0.072209
1076.4,-1882.9,28.051,1.5813,5.3915,1.7888,0.0022439,775.45,-47.235,-40.591,196.99,-0.53564,0,0.33,0.16658,-0.076208
538.96,656.56,28.02,1.657,5.256,1.9162,0.0026113,730.54,-53.452,-57.598,137.97,72.45,0,0.33,0.15855,-0.076197
-5832.9,6985.9,26.33,1.8767,4.8747,7.2573,0.008101,870.98,-67.656,-55.151,101.71,295.73,0,0.33,0.14262,-0.084171
-7343.5,9026.4,23.271,1.4731,4.7567,13.843,0.012708,1074.7,-73.799,-67.716,108.36,396.17,0,0.33,0.13464,-0.080157
-6006.2,7107,25.912,1.704,4.8815,7.4536,0.0079714,911.75,-67.244,-67.106,94.484,302.01,0,0.33,0.14258,-0.080149
-2570.4,3981.5,28.032,1.9633,5.0207,3.3309,0.0047355,677.66,-61.055,-50.292,83.821,187,0,0.33,0.15054,-0.084168
-2641,4102.2,27.653,1.8177,5.0557,3.5012,0.0046078,737.08,-60.579,-61.548,90.083,188.53,0,0.33,0.15053,-0.080124
-1694.8,3169.4,26.769,1.4401,5.0463,3.7242,0.0041922,879.23,-59.174,-77.584,123.5,160.64,0,0.33,0.15053,-0.072134
-406.21,1698.7,26.191,1.2293,4.9766,3.9014,0.0040235,969.68,-58.289,-75.456,159.04,126.95,0,0.33,0.15053,-0.068147
-6168.3,8728.1,22.85,1.2201,4.7008,13.867,0.012506,1095.6,-73.007,-81.303,91.069,398.55,0,0.33,0.13465,-0.076113
-5608.8,6962.5,25.514,1.4911,4.8634,7.4963,0.0077138,950.69,-66.515,-79.708,89.373,301.29,0,0.33,0.14259,-0.076103
-2387.3,3887.2,27.242,1.6415,5.0672,3.6186,0.0044105,803.1,-59.946,-71.776,102.22,180.55,0,0.33,0.15053,-0.076122
-7463.7,-17228,15.372,-14.343,2.0539,8.5997,0.0065834,1303,5.4177,-372.65,-241.57,97.882,0,0.33,0.19859,-0.011961
-5179.4,-23580,16.624,-13.683,2.2215,7.0637,0.0055192,1276.5,16.287,-324.9,-209.54,100.98,0,0.33,0.20671,-0.011961
-11239,-10768,14.419,-12.839,2.6154,10.769,0.0080739,1331.9,2.2624,-420.21,-213.35,119.01,0,0.33,0.19859,-0.015948
-7977.9,-17919,15.803,-12.345,2.8353,8.6531,0.0065974,1309.1,13.303,-369.76,-186.25,123.93,0,0.33,0.20671,-0.015947
-454.63,-34391,18.626,-13.833,1.6152,4.8046,0.0040228,1191.4,28.179,-199.91,-143.45,80.784,0,0.33,0.21468,-0.0079746
17603,-39949,19.068,-14.43,0.84712,4.2272,0.0036872,1145.5,29.817,-102.22,-74.847,61.339,0,0.33,0.21468,-0.0039906
22504,-41094,20.067,-13.273,0.85618,3.7892,0.0033931,1116,37.524,-75.341,-47.504,60.792,0,0.33,0.22273,-0.0039904
1833.6,-36250,19.78,-12.81,1.6373,4.0875,0.003538,1153,36.037,-156.54,-105.69,79.644,0,0.33,0.22273,-0.0079746
-3149.6,-28870,17.954,-12.882,2.3274,5.7583,0.004628,1240.8,25.946,-274.91,-175.03,103.77,0,0.33,0.21468,-0.011961
-2545.9,-27267,18.713,-11.017,3.0143,5.3841,0.0043578,1232.4,31.536,-264.98,-131.59,122.93,0,0.33,0.22273,-0.015948
-4994.4,-23943,17.271,-11.71,2.9744,6.8381,0.0053506,1275,23.234,-316.95,-157.21,126.36,0,0.33,0.21468,-0.015947
-1453.2,-31458,19.267,-12.024,2.3605,4.687,0.003902,1198,34.012,-224.86,-141.44,101.93,0,0.33,0.22273,-0.011961
-10119,-12800,15.164,-10.91,3.408,10.264,0.0077176,1327.9,10.023,-389.1,-131.99,146.84,0,0.33,0.20671,-0.019934
-14433,-4717.6,13.661,-11.239,3.1338,12.907,0.0095851,1345.4,-1.1688,-443.06,-155.12,140.42,0,0.33,0.19859,-0.019935
14330,-13075,16.445,-7.9092,4.6272,10.034,0.0075015,1333.6,13.811,-325.72,13.455,188.97,0,0.33,0.21468,-0.027908
-617.82,-16397,16.472,-9.1613,4.1276,8.9966,0.0068289,1314.1,17.044,-332.79,-47.082,168.56,0,0.33,0.21468,-0.023921
25646,-17784,18.444,-6.6117,5.1248,7.629,0.0058602,1295.3,19.824,-251.56,80.237,184.36,0,0.33,0.22274,-0.031894
22771,-9997.3,16.659,-6.7059,5.0709,10.97,0.0080652,1355.6,10.663,-314.1,69.183,208.83,0,0.33,0.21468,-0.031894
23734,-19761,18.156,-7.6692,4.6737,7.192,0.0055858,1282.5,22.852,-266.95,27.356,171.62,0,0.33,0.22274,-0.027908
9353.7,-21856,18.102,-8.7759,4.1692,6.6539,0.0052272,1269,25.869,-277.57,-30.908,157.29,0,0.33,0.22273,-0.023921
-5893.2,-19982,16.753,-10.442,3.5756,7.9231,0.0060979,1296.3,20.237,-332.5,-107.73,147.83,0,0.33,0.21468,-0.019934
-2486.5,-24241,18.294,-9.9072,3.6163,6.0485,0.004811,1253.9,28.794,-279.4,-88.262,141.2,0,0.33,0.22273,-0.019935
28691,-40108,21.036,-12.092,0.84221,3.3792,0.0031292,1079.2,43.175,-49.938,-22.585,59.061,0,0.33,0.23068,-0.0039903
8670.5,-35920,20.892,-11.759,1.6134,3.4845,0.0031387,1108.4,41.827,-114.91,-69.673,75.828,0,0.33,0.23068,-0.0079747
1792.8,-30226,21.722,-10.238,2.2447,3.163,0.0028878,1092.7,43.906,-131.33,-76.347,89.387,0,0.33,0.23862,-0.011961
140.86,-26796,21.413,-9.5586,2.8615,3.4518,0.0030585,1125.7,41.803,-169.25,-84.635,107.58,0,0.33,0.23862,-0.015948
-113.47,-31716,20.533,-11.134,2.3271,3.8384,0.0033342,1148.4,39.98,-176.73,-108.24,96.646,0,0.33,0.23068,-0.011961
-923.08,-27976,20.104,-10.292,2.9672,4.2831,0.0036141,1182.1,37.699,-215.86,-107.79,116.36,0,0.33,0.23068,-0.015948
12354,-23396,19.626,-8.347,4.0784,4.9965,0.0041028,1214.4,32.433,-229.93,-25.129,144.22,0,0.33,0.23069,-0.023921
25550,-21895,19.704,-7.3737,4.5565,5.2144,0.0042603,1219.7,29.597,-218.5,27.539,152.42,0,0.33,0.23069,-0.027908
25659,-20556,19.999,-6.4443,4.9819,5.3251,0.0043443,1220.4,26.702,-201.54,76.146,157.61,0,0.33,0.23069,-0.031895
621.12,-24251,21.155,-8.7591,3.4161,3.7133,0.0032288,1147.2,39.432,-186.6,-62.709,122.22,0,0.33,0.23862,-0.019935
-466.77,-25329,19.77,-9.3361,3.5496,4.6837,0.0038829,1203.2,35.157,-231.27,-74.516,132.37,0,0.33,0.23068,-0.019935
13298,-12845,24.548,-2.3439,6.241,3.0574,0.0030463,987.27,9.88,-72.043,192.59,116.18,0,0.33,0.23069,-0.056052
11266,-11648,25.428,-1.9317,6.2305,2.3576,0.0026145,885.03,7.2951,-54.242,180,94.918,0,0.33,0.23066,-0.06015
9755.5,-10437,24.583,-1.4711,6.4621,4.2914,0.0039001,1066.7,1.525,-84.942,237.71,146.29,0,0.33,0.22242,-0.059957
11689,-10918,23.466,-1.9189,6.4794,5.5106,0.0045905,1171.2,3.665,-111.38,248.84,173.96,0,0.33,0.22268,-0.056004
14424,-13254,24.498,-3.1121,5.8289,2.5401,0.0026731,943.41,17.191,-67.571,155.73,99.69,0,0.33,0.23863,-0.051936
16381,-14612,23.737,-3.6101,5.7277,2.9725,0.0029208,1011.3,20.017,-85.872,153.38,112.69,0,0.33,0.23863,-0.04787
15339,-13939,23.63,-2.8335,6.1905,3.7436,0.0034501,1070,12.584,-92.973,193.19,134.71,0,0.33,0.2307,-0.051934
15815,-11756,21.352,-3.1204,6.2917,7.303,0.0056167,1281.3,8.6479,-164.95,218.45,203,0,0.33,0.22274,-0.047868
17581,-15202,22.73,-3.4015,6.0796,4.3446,0.0037959,1131.4,15.301,-115.01,186.94,147.46,0,0.33,0.23069,-0.04787
13479,-11113,22.381,-2.4712,6.4128,6.5317,0.0051704,1239.4,6.1761,-138.85,235.66,192.75,0,0.33,0.22273,-0.051924
9585.3,-6220.1,23.268,-0.90397,6.4451,7.9598,0.0060789,1282.1,-5.761,-123.87,312.18,194.01,0,0.33,0.21444,-0.059959
10779,-5379.1,21.899,-1.3769,6.4206,9.7799,0.0070627,1364.1,-4.0937,-159.28,313.29,220.68,0,0.33,0.21464,-0.055993
12113,2386.8,18.726,-1.3839,5.9368,15.973,0.010587,1503.6,-11.027,-231.52,330.78,239.54,0,0.33,0.2066,-0.051899
14238,5223.8,17.084,-0.70729,5.3802,19.551,0.01267,1542.1,-19.673,-237.49,381.25,190.86,0,0.33,0.19855,-0.051889
13088,8002.4,15.708,-1.5027,5.2427,20.404,0.013498,1511.3,-18.595,-292.34,313.78,206.69,0,0.33,0.19857,-0.047856
12082,4101,17.453,-2.1608,5.8052,16.82,0.011238,1493.6,-9.5105,-273.51,277.04,251.34,0,0.33,0.20669,-0.047863
11446,-4364.9,20.644,-1.9843,6.3321,11.097,0.0078231,1403.2,-1.9724,-193.87,282.71,238.93,0,0.33,0.21467,-0.051917
12849,-3891.8,19.51,-2.7128,6.2027,11.927,0.0083527,1416.6,0.13368,-225.75,247.56,248.7,0,0.33,0.21468,-0.047866
12546,10057,14.595,-2.4983,5.0873,20.642,0.013986,1475.9,-17.335,-340.59,245.23,214.96,0,0.33,0.19857,-0.043856
12835,4892.3,16.427,-3.0976,5.6324,17.012,0.011553,1470.3,-7.6516,-309.85,221.19,252.91,0,0.33,0.2067,-0.043857
17575,-5338.9,17.715,-4.5165,5.7661,12.181,0.0086684,1398.5,4.9072,-278.89,165.8,240.87,0,0.33,0.21468,-0.039867
20342,-7324.9,17.088,-5.5702,5.451,11.717,0.0084685,1378.1,7.6719,-298.55,119.42,226.79,0,0.33,0.21468,-0.035881
23467,-15894,18.937,-5.6185,5.5163,7.9107,0.0060209,1305.3,16.847,-233.42,125.79,195.19,0,0.33,0.22274,-0.035881
21007,-14203,19.604,-4.6999,5.8433,7.9789,0.0060427,1309.2,13.972,-212.94,163.95,202.95,0,0.33,0.22274,-0.039868
14949,-4161.2,18.526,-3.5599,6.0156,12.274,0.0086348,1412.9,2.3993,-254.64,208.38,248.95,0,0.33,0.21468,-0.043858
18399,-12796,20.418,-3.8648,6.1023,7.7854,0.0059096,1302.8,11.234,-190.05,194.78,206.09,0,0.33,0.22274,-0.043858
18306,-15958,23.011,-4.1738,5.5686,3.3496,0.0031307,1064.1,22.857,-105.7,143.45,123.35,0,0.33,0.23863,-0.043859
23890,-19240,20.483,-5.5746,5.3507,5.3075,0.0043437,1214.9,23.794,-181.69,117.28,160.04,0,0.33,0.23069,-0.035881
21941,-17904,21.123,-4.774,5.6588,5.1417,0.0042515,1200.6,20.909,-160.23,149.64,159.52,0,0.33,0.23069,-0.039868
19826,-16549,21.883,-4.0486,5.9024,4.8185,0.0040668,1173.9,18.073,-137.79,172.79,155.54,0,0.33,0.23069,-0.043859
189.71,-304.37,29.694,-2.0225,0.053237,0.0056109,5.0342e-05,4.8824,-0.7438,2.0107,2.3915,5.4887,0,0.33,0.39039,-0.0039914
209.56,-319.5,29.711,-2.0221,0.10887,0.0056077,4.9058e-05,4.8217,-0.78269,0.65856,3.0184,5.2362,0,0.33,0.39039,-0.0079758
156.17,-247.43,29.786,-1.9142,0.041668,0.0055738,5.452e-05,3.6674,-2.1723,1.0571,1.8908,4.0974,0,0.33,0.39832,-0.0039915
165.85,-248.25,29.818,-1.8865,0.097714,0.0055667,5.4579e-05,3.4543,-2.5507,-0.087214,2.1386,3.6949,0,0.33,0.39832,-0.007976
209.09,-300.82,29.764,-1.9626,0.38155,0.005585,4.8801e-05,4.1436,-1.5069,6.2524,3.9606,4.688,0,0.33,0.3904,-0.027913
196.93,-284.55,29.792,-1.972,0.43474,0.0055767,4.9541e-05,3.893,-1.7448,7.8748,4.773,4.3311,0,0.33,0.3904,-0.031901
206.24,-314.19,29.745,-1.9691,0.32509,0.0055919,4.8863e-05,4.364,-1.2973,2.7024,2.5375,5.0392,0,0.33,0.39039,-0.023926
162.47,-240.18,29.848,-1.838,0.29049,0.0055562,5.5348e-05,3.1476,-2.9894,1.0464,2.1819,3.4347,0,0.33,0.39833,-0.023926
172.11,-240.7,29.847,-1.8524,0.34956,0.0055565,5.438e-05,3.1689,-2.8436,4.0655,3.4522,3.4473,0,0.33,0.39833,-0.027913
156.34,-220.96,29.888,-1.8395,0.38775,0.0055467,5.6551e-05,2.8614,-3.3718,4.7096,3.9504,2.9342,0,0.33,0.39833,-0.031901
204.15,-302.55,29.82,-1.9693,0.4859,0.0055702,4.9008e-05,3.7276,-1.9903,4.0338,4.0402,4.1227,0,0.33,0.3904,-0.035889
160.6,-234.85,29.897,-1.8682,0.435,0.0055454,5.5498e-05,2.8571,-3.2754,2.563,3.8311,2.8708,0,0.33,0.39833,-0.035889
219.76,-279.62,29.98,-1.8167,0.777,0.0055339,4.9617e-05,2.609,-4.0009,8.4827,5.0669,2.3106,0,0.33,0.39039,-0.060056
209.28,-273.58,30.014,-1.8041,0.82164,0.0055286,5.0405e-05,2.4527,-4.4013,7.7567,4.5936,2.0963,0,0.33,0.3904,-0.064062
170.86,-213.69,30.034,-1.7157,0.70035,0.0055211,5.7018e-05,2.1352,-5.0662,5.9837,4.5877,1.1973,0,0.33,0.39834,-0.060041
153.8,-197.69,30.075,-1.686,0.72643,0.0055151,5.9541e-05,1.9505,-5.6708,5.1177,4.2493,0.75333,0,0.33,0.39834,-0.064049
220.53,-301.37,30.046,-1.777,0.86089,0.0055245,4.9097e-05,2.3484,-4.8091,4.1973,3.6628,2.0851,0,0.33,0.39042,-0.068075
162.82,-222.91,30.095,-1.6929,0.77201,0.0055138,5.7223e-05,1.9432,-5.7974,2.8687,3.8018,0.72996,0,0.33,0.39835,-0.068074
184.32,-209.75,30.212,-1.5686,1.0777,0.0055023,5.4927e-05,1.6226,-7.5188,11.113,1.6854,2.1989,0,0.33,0.39042,-0.092566
170.99,-208.21,30.234,-1.5487,1.1091,0.0054997,5.5658e-05,1.5534,-7.98,9.8195,0.4607,2.5263,0,0.33,0.3904,-0.096679
146.91,-161.5,30.251,-1.4961,0.95893,0.005497,6.3159e-05,1.4328,-8.195,9.7626,2.7515,0.75068,0,0.33,0.39839,-0.092453
131.11,-157.35,30.282,-1.4638,0.96276,0.0054939,6.4885e-05,1.3433,-8.6982,8.3641,2.4224,0.70521,0,0.33,0.39839,-0.096482
181.82,-235.17,30.251,-1.5183,1.1341,0.0054974,5.3826e-05,1.4976,-8.4315,6.9509,-0.48403,3.1247,0,0.33,0.3904,-0.10071
155.33,-200.28,30.299,-1.4617,1.007,0.0054931,5.9464e-05,1.3453,-9.0004,6.7001,1.6161,1.715,0,0.33,0.39839,-0.10048
116.47,-157.03,30.339,-1.3445,1.2574,0.0054837,6.4297e-05,1.0647,-11.011,7.1418,-1.0463,3.8088,0,0.33,0.39048,-0.12434
134.01,-187.28,30.351,-1.3114,1.2725,0.0054824,6.0788e-05,1.047,-11.408,2.0535,0.011662,2.5498,0,0.33,0.39049,-0.12832
121.03,-159.94,30.404,-1.2766,1.1237,0.0054822,6.1779e-05,1.0198,-11.309,10.428,-1.227,4.7681,0,0.33,0.39843,-0.12431
133.77,-186.8,30.422,-1.2337,1.1122,0.0054804,6.0461e-05,0.98225,-11.677,6.6994,-0.52839,3.814,0,0.33,0.39843,-0.1283
166.76,-226.17,30.371,-1.257,1.279,0.0054813,5.6044e-05,1.031,-11.791,-3.4094,1.4623,1.4323,0,0.33,0.3905,-0.13231
177.07,-252.86,30.422,-1.2133,1.1539,0.0054797,5.3641e-05,0.98566,-12.008,2.0351,0.58297,3.8424,0,0.33,0.39843,-0.13229
41.835,-68.858,30.496,-1.003,1.2852,0.0054725,0.00010214,0.72685,-13.913,1.9446,1.5349,-0.154,0,0.33,0.3905,-0.15624
44.202,-79.191,30.516,-0.97723,1.2849,0.0054717,9.2148e-05,0.7184,-14.227,-2.0175,2.3699,-0.87494,0,0.33,0.39049,-0.16026
60.15,-96.911,30.533,-0.95272,1.1836,0.0054716,7.7455e-05,0.71324,-13.942,8.1715,1.0808,4.0357,0,0.33,0.39844,-0.15624
75.806,-117.46,30.555,-0.92108,1.1612,0.0054708,7.408e-05,0.70121,-14.192,5.7957,1.4946,3.4954,0,0.33,0.39843,-0.16023
59.316,-101.75,30.54,-0.9323,1.2793,0.0054713,7.8489e-05,0.72043,-14.526,-7.0653,3.419,-1.6842,0,0.33,0.39047,-0.16433
104.44,-165.97,30.565,-0.90144,1.1836,0.0054704,6.4845e-05,0.70821,-14.494,1.2266,2.37,2.753,0,0.33,0.39843,-0.16424
11.791,-18.278,30.63,-0.71075,1.2219,0.0054676,0.00013098,0.60813,-16.088,0.58897,-2.3059,-2.1027,0,0.33,0.39009,-0.18907
17.624,-36.528,30.651,-0.67091,1.1351,0.0054666,0.00010734,0.58141,-15.934,8.8361,-1.3914,3.1126,0,0.33,0.39812,-0.18909
115.95,-136.41,30.78,-0.38501,1.5586,0.0054835,5.7546e-05,0.9803,-19.332,-11.142,5.4981,-1.6728,0,0.33,0.31033,-0.19717
-2.7735,31.7,30.715,-0.45152,1.6382,0.0054794,7.9235e-05,0.87271,-18.843,-23.589,5.0189,-6.7875,0,0.33,0.31827,-0.19717
81.246,-117.75,30.813,-0.33537,1.5159,0.0054824,6.4268e-05,0.93211,-19.6,-10.074,4.9282,-1.791,0,0.33,0.31033,-0.20115
27.871,-22.721,30.752,-0.38778,1.5947,0.0054782,7.8933e-05,0.83122,-19.144,-16.222,3.7215,-4.4842,0,0.33,0.31826,-0.20116
66.843,-64.191,30.655,-0.48312,1.7155,0.0054753,7.7133e-05,0.78395,-18.391,-9.592,4.1712,-1.6124,0,0.33,0.3262,-0.19718
69.211,-59.903,30.681,-0.44294,1.693,0.0054745,7.9168e-05,0.7528,-18.638,-8.0464,3.0244,-1.6558,0,0.33,0.3262,-0.20117
29.543,-44.3,30.767,-0.64479,1.0434,0.0054716,8.3032e-05,0.70674,-16.815,-10.478,2.6373,-2.3212,0,0.33,0.37409,-0.19717
9.5538,-36.674,30.79,-0.59553,1.0162,0.0054709,8.8311e-05,0.67685,-16.996,-11.135,3.888,-2.0213,0,0.33,0.37409,-0.20116
197.71,-310.08,29.723,-2.014,0.16681,0.0056033,4.9801e-05,4.6808,-0.87319,-0.91763,0.87677,5.3458,0,0.33,0.39039,-0.011963
191.78,-307.12,29.725,-1.9972,0.21735,0.0055996,4.9982e-05,4.5738,-0.99578,-0.37806,-0.11811,5.2843,0,0.33,0.39039,-0.01595
161.26,-248.72,29.813,-1.9059,0.15734,0.0055692,5.4426e-05,3.547,-2.2832,-1.2844,0.95491,3.9058,0,0.33,0.39832,-0.011963
149.34,-236.72,29.832,-1.867,0.1957,0.0055616,5.5813e-05,3.3037,-2.7339,-1.1698,0.34015,3.6131,0,0.33,0.39833,-0.01595
200.84,-313.5,29.731,-1.9834,0.27282,0.0055963,4.9261e-05,4.4971,-1.1306,1.35,1.163,5.0392,0,0.33,0.39039,-0.019938
159.75,-249.23,29.817,-1.8763,0.24118,0.0055638,5.4469e-05,3.3976,-2.5151,-0.11208,1.0151,3.6592,0,0.33,0.39832,-0.019938
66.176,-97.808,31.033,0.52199,-0.63114,0.0065009,6.1107e-05,16.312,-31.165,16.419,1.4314,22.296,0,0.33,0,-0.28827
80.714,-116.69,31.069,0.7272,-0.25906,0.0061881,7.862e-05,8.7599,-31.147,1.5348,0.84681,5.9632,0,0.33,0.063012,-0.28846
75.193,-91.587,31.087,0.86173,0.3968,0.005716,9.4619e-05,3.7917,-30.891,-0.83176,-0.058767,0.17143,0,0.33,0.12674,-0.28896
53.304,-61.166,31.018,0.64345,0.80274,0.0055228,0.00011427,1.2515,-27.983,0.18973,-0.43145,-0.019724,0,0.33,0.19052,-0.28898
35.528,-41.19,30.915,0.32148,0.92581,0.0054744,0.00013831,0.6108,-24.145,0.41884,-0.54286,-0.20536,0,0.33,0.25427,-0.28927
21.116,-27.271,30.818,0.052185,0.86386,0.0054637,0.00016904,0.4615,-20.731,0.22962,-0.50153,-0.21059,0,0.33,0.31818,-0.28905
43.899,-49.882,31.006,0.37012,-0.36,0.0062311,8.0423e-05,13.627,-28.013,7.8864,0.21883,18.987,0,0.33,0,-0.32049
949.68,-1070.9,30.379,0.95345,3.7153,0.0064242,0.00011591,21.162,-33.114,-1.6519,6.269,3.5294,0,0.33,0.19861,-0.13642
996.71,-1133.5,30.321,0.94457,3.8467,0.0066066,0.0001409,24.025,-32.82,-2.253,9.8326,4.3239,0,0.33,0.19861,-0.13242
1105,-1212.2,30.318,1.1622,3.9825,0.0072389,0.00020566,31.102,-36.066,-2.6262,13.91,2.9624,0,0.33,0.19066,-0.1284
1055.8,-1144.8,30.394,1.1662,3.8521,0.0069139,0.00017989,27.401,-36.278,-1.8909,11.515,2.4153,0,0.33,0.19066,-0.1324
599.42,-718.6,30.446,0.78051,3.2203,0.0058469,4.4107e-05,9.9461,-31.401,-4.9006,3.2503,3.764,0,0.33,0.20665,-0.15307
524.53,-643.65,30.484,0.79446,3.114,0.0057832,3.9514e-05,8.2884,-31.648,-6.0743,6.5317,3.9449,0,0.33,0.20664,-0.15711
678.74,-771.58,30.488,0.96,3.2149,0.0059482,5.4255e-05,12.049,-33.913,-0.8945,2.4037,2.6669,0,0.33,0.1986,-0.15259
580.63,-680.25,30.514,0.95674,3.1041,0.0058696,4.6409e-05,10.135,-33.906,-2.2659,5.7175,2.9297,0,0.33,0.19845,-0.15622
589.67,-648.78,30.608,1.1196,3.0049,0.0058938,4.7883e-05,10.326,-36.471,0.19493,8.0639,1.1651,0,0.33,0.1905,-0.16017
679.07,-737.92,30.578,1.1301,3.1113,0.0059753,5.6469e-05,12.259,-36.66,2.2095,4.4936,0.69273,0,0.33,0.19062,-0.15654
504.11,-591.04,30.556,0.9645,3.0027,0.005807,4.1953e-05,8.5438,-34.039,-3.901,8.9937,3.1896,0,0.33,0.19839,-0.16011
36511,-26983,0.747,3.3483,-1.5183,12.013,0.0052078,2319.8,-38.442,-274.69,256.25,112.33,0,0.33,0.015487,-0.16815
-1.1921e+05,-78897,0.69609,1.9128,-3.6296,10.66,0.0026488,3120,-35.662,66.106,54.059,-1925.8,0,0.33,0.0075603,-0.16813
22186,-22437,0.047414,3.1558,-2.2267,12.486,0.0059063,2151.1,-43.293,-320.98,84.724,34.389,0,0.33,0.015508,-0.16412
-2.1032e+05,-67078,0.44773,1.7541,-4.592,11.349,0.0029392,3112.8,-40.829,116.27,-5.8269,-1966,0,0.33,0.0075816,-0.1641
-4.1661e+05,-92704,0.80695,0.90432,-6.903,11.185,0.00086457,3918.7,-46.032,703.28,-34.879,-3900.3,0,0.33,0,-0.16006
-1.958e+05,-58809,0.29771,1.6133,-5.5093,12.17,0.0032862,3113.1,-46.494,168.46,-19.237,-1983.4,0,0.33,0.0076034,-0.16007
-4.4375e+05,-1.0519e+05,0.89595,1.0119,-5.8979,10.785,0.00083839,3859.2,-40.301,579.51,-36.095,-3890.9,0,0.33,0,-0.16409
-2.7192e+05,-1.2364e+05,0.99866,1.1445,-4.8192,10.359,0.00081149,3793,-35.042,446.39,-22.018,-3867.7,0,0.33,0,-0.16811
-41137,-7025.4,14.586,5.2605,1.7751,26.744,0.0091659,2474.4,-55.827,69.979,911.39,553.38,0,0.33,0.047191,-0.1683
-17688,-4850.5,11.202,5.5458,2.3566,27.781,0.0099268,2380,-59.513,25.723,804.2,566.32,0,0.33,0.047201,-0.16428
-36774,-5276.5,18.986,4.9582,1.8072,24.507,0.010226,2203.5,-58.83,85.328,803.5,490.77,0,0.33,0.055098,-0.16835
-39321,-4167.5,15.873,5.2817,2.4369,28.156,0.011163,2254.6,-62.333,68.074,784.57,542.88,0,0.33,0.055106,-0.16434
-33677,-1609.1,17.425,5.1437,2.9748,28.649,0.013061,2059.6,-67.967,68.067,682.61,521.29,0,0.33,0.06303,-0.16037
-31426,-2613.1,20.101,4.8817,2.3847,24.743,0.011844,2003.6,-64.383,79.581,690.74,473.97,0,0.33,0.063031,-0.16438
-26580,-2260.1,12.932,5.525,3.0064,29.809,0.011884,2205.5,-66.137,36.329,720.05,562.26,0,0.33,0.055114,-0.16033
-27599,-3194.6,22.73,4.5759,1.7948,19.482,0.010188,1861.5,-61.021,80.388,659.36,407.33,0,0.33,0.063026,-0.16839
-17517,-26357,16.99,2.7032,-1.9666,10.66,0.0025434,2806.3,-28.335,66.416,1241.5,264.03,0,0.33,0.015426,-0.18423
-5877.2,-20957,21.364,2.2518,-2.3363,7.2599,0.002238,2136.2,-28.403,61.996,951.41,154.68,0,0.33,0.015443,-0.18824
1.5503e+05,-21455,15.027,1.754,-2.2957,6.9105,0.0012944,2679.5,-25.208,215.97,1454.3,-894.79,0,0.33,0.0075024,-0.18421
1.2344e+05,-12362,20.309,1.3991,-2.6019,4.5174,0.0011306,2028,-25.866,237.76,1129.9,-597.87,0,0.33,0.0075226,-0.18822
2.4615e+05,-1115.4,20.07,0.92196,-2.6785,2.358,0.00038903,1799.8,-25.26,410.81,1217.9,-1306.2,0,0.33,0,-0.18821
3.2042e+05,-12801,14.32,1.2049,-2.4317,4.1448,0.00048483,2390,-24.43,370.57,1556.5,-2014.3,0,0.33,0,-0.1842
-13656,-6697.9,26.879,3.5985,-0.4511,6.2521,0.0044656,1289.3,-45.217,40.696,464.84,210.96,0,0.33,0.047151,-0.18434
-9122.1,-4467,28.497,3.5132,-0.11111,3.9668,0.0039581,956.09,-48.151,28.584,329.7,158.98,0,0.33,0.055063,-0.18438
-7659.5,-5436.7,28.364,3.2864,-0.68976,3.4526,0.0033381,929.91,-43.443,22.158,323.21,147.4,0,0.33,0.047141,-0.18835
-4350.5,-3754.9,29.498,3.2533,-0.31205,2.0365,0.0028955,661.85,-46.245,13.551,215.53,106.5,0,0.33,0.055054,-0.18839
-1487,-2745,30.278,3.1669,0.050931,1.0458,0.0022164,440.58,-48.37,7.8379,131.05,68.569,0,0.33,0.062989,-0.18843
-5211.7,-3019.2,29.67,3.3842,0.21765,2.1736,0.0030786,662.18,-50.376,18.226,214.23,109.54,0,0.33,0.062998,-0.18442
-12517,-549.55,28.093,3.7971,1.7673,7.6849,0.0066176,1108.2,-62.815,48.453,364.68,235.08,0,0.33,0.078995,-0.16848
-19437,-1477.5,25.774,4.1738,1.7728,13.298,0.0086875,1491.2,-62.347,66.915,512.33,321.59,0,0.33,0.071051,-0.16843
-16406,160.1,26.552,4.007,2.1854,12.156,0.0088042,1340.4,-65.836,60.593,442.59,303.8,0,0.33,0.078995,-0.16448
-23439,-943.19,23.673,4.4371,2.2867,18.794,0.010961,1690.9,-65.574,74.429,572.39,390.65,0,0.33,0.07104,-0.1644
-26278,-326.77,21.397,4.679,2.8344,23.933,0.012946,1818.7,-68.993,74.505,598.53,447.62,0,0.33,0.07101,-0.16035
551.72,-948.78,31.218,2.7665,2.1348,0.19938,0.0012792,139.59,-59.06,2.4288,29.636,17.908,0,0.33,0.11066,-0.16867
-121.1,-748.51,31.123,2.8352,2.2803,0.41828,0.0018549,203.66,-61.086,4.814,47.059,32.571,0,0.33,0.11066,-0.16468
783.56,-996.37,31.244,2.577,2.2495,0.069065,0.00071701,81.195,-57.138,1.7406,14.431,5.6257,0,0.33,0.11859,-0.16868
670.99,-929.94,31.218,2.6362,2.3806,0.14102,0.0011106,112.77,-58.909,2.5451,21.933,12.501,0,0.33,0.11859,-0.16469
773.84,-952.87,31.188,2.495,2.602,0.094728,0.00092766,90.516,-58.149,2.9888,15.524,8.3863,0,0.33,0.12662,-0.16069
857.94,-1006,31.2,2.442,2.4726,0.04839,0.00059203,67.54,-56.565,2.7607,10.341,3.2436,0,0.33,0.12662,-0.16464
220.54,-754.02,31.156,2.693,2.5194,0.2872,0.0016173,160.24,-60.774,3.5949,34.06,23.677,0,0.33,0.1186,-0.16068
863.38,-990.58,31.198,2.3882,2.3482,0.026029,0.00036698,52.255,-55.045,2.0654,7.6596,0.21379,0,0.33,0.12663,-0.16856
634.89,-1691.5,30.884,3.0904,0.81107,0.4477,0.0015899,258.38,-52.976,1.9937,64.471,37.486,0,0.33,0.078981,-0.18449
1463.4,-1622.5,31.025,2.9505,0.68991,0.20438,0.0010486,171.65,-51.026,-1.438,36.225,21.007,0,0.33,0.078976,-0.1885
-1719.8,-2137.4,30.44,3.2399,0.5259,1.038,0.0022604,425,-51.978,8.8896,123.81,67.626,0,0.33,0.071035,-0.18445
718.14,-2059.8,30.759,3.0645,0.38693,0.479,0.0015728,277.62,-49.961,2.7414,71.759,39.378,0,0.33,0.071026,-0.18846
661.06,-893.76,31.282,2.4872,1.65,0.014914,0.00020486,43.793,-52.105,-1.5818,8.7942,0.86075,0,0.33,0.11065,-0.18466
688.33,-844.56,31.245,2.3323,1.7843,0.0094987,0.00013656,32.905,-50.954,-0.17538,8.2444,-1.3736,0,0.33,0.11861,-0.18471
615.39,-825.47,31.281,2.4206,1.5439,0.010557,0.0001492,36.626,-50.638,-1.0233,7.9843,0.5952,0,0.33,0.11065,-0.18866
671.12,-798.65,31.247,2.2708,1.6772,0.0080365,0.00010733,28.674,-49.609,0.80816,7.8776,-1.2786,0,0.33,0.11861,-0.18871
610.17,-708.06,31.195,2.1191,1.8007,0.0070668,8.8839e-05,23.546,-48.345,0.85577,8.3051,-1.3282,0,0.33,0.12677,-0.18845
625.26,-749.55,31.188,2.174,1.904,0.0076004,0.00010601,26.304,-49.552,-0.30298,8.4921,-1.6258,0,0.33,0.12676,-0.18443
730.69,-814.76,31.047,2.036,2.5229,0.0083339,0.00015176,28.812,-50.411,-1.6252,5.6149,0.20247,0,0.33,0.14266,-0.16855
820.48,-915.61,31.122,2.2049,2.4368,0.012469,0.00021588,37.415,-52.754,0.58325,5.37,-1.0434,0,0.33,0.13471,-0.16849
825.21,-905.18,31.05,2.0747,2.638,0.010217,0.0001945,33.485,-51.481,0.13836,4.2307,0.074231,0,0.33,0.14265,-0.16452
881.19,-982.34,31.13,2.2513,2.557,0.019067,0.00030897,45.315,-54.036,1.9457,5.4959,-0.036674,0,0.33,0.13471,-0.1645
886.61,-1000.5,31.136,2.3008,2.6822,0.033151,0.00048596,56.73,-55.363,2.7879,7.2192,2.1765,0,0.33,0.13471,-0.16048
487.62,-542.76,30.835,1.4173,2.7763,0.0059767,5.2336e-05,11.245,-40.838,-1.1118,11.318,1.5453,0,0.33,0.17455,-0.16828
555.85,-599.83,30.795,1.4272,2.8752,0.0060659,6.1404e-05,13.05,-41.202,-0.040513,8.9894,1.0814,0,0.33,0.17455,-0.16425
500.78,-553.91,30.771,1.2741,2.7987,0.0058607,4.3829e-05,9.1475,-38.6,-0.9528,11.999,0.64812,0,0.33,0.18256,-0.16818
552.93,-599.01,30.724,1.2776,2.8962,0.0059257,4.9461e-05,10.622,-38.808,-0.38893,9.9946,0.16214,0,0.33,0.18256,-0.16417
519.88,-577.71,30.655,1.1217,2.9067,0.0058308,4.2845e-05,8.7969,-36.445,-1.0165,10.971,1.6351,0,0.33,0.19049,-0.16421
626.94,-668.82,30.686,1.2849,2.9974,0.0060103,5.8578e-05,12.498,-39.002,1.2104,6.8766,-0.28309,0,0.33,0.18256,-0.16016
433.91,-553.33,31.101,1.8975,2.1161,0.0064601,7.6172e-05,17.936,-46.467,-4.1026,9.5453,2.5916,0,0.33,0.14267,-0.18456
433.8,-533.46,31.118,1.8589,2.0224,0.0063332,6.7963e-05,16.415,-45.55,-1.8652,8.5621,2.7387,0,0.33,0.14267,-0.18856
506.9,-627.22,31.137,2.0318,2.0099,0.0068407,9.0475e-05,21.699,-48.112,-2.544,9.1082,0.1364,0,0.33,0.13473,-0.18451
496.18,-593.42,31.149,1.9858,1.9137,0.0066117,7.9061e-05,19.743,-47.045,-0.87485,8.6336,0.47013,0,0.33,0.13473,-0.18851
416.86,-497.1,30.998,1.3639,2.3998,0.0057728,4.0323e-05,7.117,-39.34,3.7757,7.1716,1.5248,0,0.33,0.17458,-0.18459
458.88,-537.97,30.946,1.2261,2.4173,0.0057112,3.7836e-05,5.9275,-37.553,4.9828,6.7861,0.83474,0,0.33,0.18256,-0.18422
414.06,-481.82,31.018,1.3316,2.3041,0.0057398,4.0199e-05,6.4279,-38.96,5.813,5.6381,1.2827,0,0.33,0.17457,-0.18861
450.14,-524.22,30.968,1.1929,2.3181,0.0056854,3.7939e-05,5.3532,-37.268,6.2003,5.6174,0.83506,0,0.33,0.18255,-0.18825
377.8,-456.07,30.92,1.0457,2.3526,0.0056467,4.114e-05,4.5366,-35.55,3.7595,6.3224,1.6205,0,0.33,0.19044,-0.18807
444.27,-530.23,30.609,0.97541,2.9098,0.0057588,3.9781e-05,7.3066,-34.129,-4.4159,11.37,3.3735,0,0.33,0.19839,-0.16413
258.49,-338.11,30.885,0.93638,2.3848,0.0056114,4.6459e-05,3.7346,-33.859,1.5128,6.8637,2.2949,0,0.33,0.19838,-0.18809
306.94,-392.54,30.77,0.2137,2.2117,0.0055171,4.219e-05,1.7775,-25.27,0.90293,4.6806,0.95211,0,0.33,0.2466,-0.18914
-44571,-11864,0.078718,-0.034525,-13.658,18.082,0.0082391,2860,-112.28,652.23,-39.147,-1959,0,0.33,0.0078467,-0.099742
-91996,-32941,0.67407,-0.099356,-15.331,14.395,0.0010621,4307.8,-110.86,1728.7,-30.057,-3812.5,0,0.33,0,-0.099691
-17117,28762,-0.85768,1.2445,1.9938,26.84,0.034051,790.17,-124.61,-365.39,-0.77338,141.17,0,0.33,0.055167,-0.10001
-5670.3,26218,0.31546,1.5649,3.7804,27.627,0.031071,892.41,-122.22,-321.35,28.436,216.52,0,0.33,0.063066,-0.099986
-98639,-20266,-0.22286,0.55481,-11.596,17.16,0.0067806,2923.9,-97.319,516.46,-32.421,-1985.2,0,0.33,0.007829,-0.12378
-1.0826e+05,-23143,-0.22606,0.66472,-11.108,16.865,0.0064117,2949.4,-92.936,487.32,-31.088,-1989.4,0,0.33,0.007806,-0.12781
-2.2326e+05,-48291,0.43602,0.29784,-12.802,13.381,0.0010012,4176,-92.352,1409.7,-31.131,-3871.2,0,0.33,0,-0.12779
-2.0249e+05,-44544,0.44129,0.23564,-13.299,13.554,0.0010117,4191.6,-96.671,1468.9,-31.115,-3861.2,0,0.33,0,-0.12374
-2518.9,21941,0.52405,3.9422,3.5774,26.522,0.024894,1070.8,-106.88,-309.91,94.918,242.9,0,0.33,0.055163,-0.12415
-737.3,17015,3.397,4.5989,5.0727,29.1,0.021854,1323.1,-101.53,-206.62,204.11,376.03,0,0.33,0.063052,-0.12813
-1572.7,20197,1.0158,4.3369,3.8,26.377,0.023022,1151.2,-102.64,-289.29,124.3,271.67,0,0.33,0.055161,-0.12819
-3040.6,18948,2.6471,4.2457,4.9832,28.733,0.023339,1234,-105.48,-233.77,164.2,344.08,0,0.33,0.063055,-0.12412
-6659,21216,2.1181,1.8492,5.1183,29.627,0.029023,1022.6,-118.33,-256,66.661,293.38,0,0.33,0.070964,-0.099974
-6932.7,9914.8,20.205,2.1857,5.0566,25.511,0.020731,1226,-86.439,-7.8235,234.07,435.76,0,0.33,0.11862,-0.10027
-8112.6,9713.2,23.42,2.2441,4.7918,17.72,0.015851,1104.7,-80.512,-12.968,210.82,399.78,0,0.33,0.12656,-0.10028
-2231.9,14861,5.5895,4.3415,5.8059,32.177,0.022632,1388.9,-103.07,-145.81,238.43,430.12,0,0.33,0.070949,-0.12416
1128.7,13163,6.6075,4.6274,5.7534,32.753,0.021332,1473.1,-99.53,-117.14,283.73,457.84,0,0.33,0.070947,-0.12815
-10502,7524.5,26.187,2.8801,4.2605,13.523,0.012723,1040.5,-79.191,26.262,261.42,329.89,0,0.33,0.11862,-0.12426
-6393.9,3961.6,28.983,2.7375,3.8593,5.5432,0.0076148,696.39,-72.262,16.049,168.28,200.75,0,0.33,0.12661,-0.12831
-9677.7,6442.3,27.16,2.9133,4.0493,11.008,0.011099,965.19,-77.321,27.329,247.76,295.99,0,0.33,0.11862,-0.1283
-7608,5116,28.312,2.7277,4.035,7.2299,0.0088828,784.22,-73.895,15.751,187.7,237.74,0,0.33,0.1266,-0.1243
1171.7,-1263.2,30.329,1.3758,4.0986,0.0095712,0.00022692,41.953,-39.622,-3.7039,14.896,2.393,0,0.33,0.18258,-0.12412
1090.1,-1175,30.409,1.3772,3.9662,0.0084274,0.00022884,36.434,-39.685,-3.344,14.711,2.2685,0,0.33,0.18258,-0.12812
1172.6,-1286.3,30.234,1.1566,4.1155,0.0076834,0.00021147,35.585,-35.831,-2.888,14.666,3.2901,0,0.33,0.19066,-0.12441
-6249.6,7858.4,26.181,2.3113,4.6642,10.361,0.011055,913.95,-74.184,-17.781,166.58,324.77,0,0.33,0.13459,-0.10035
1634.9,-1758.4,29.852,1.4271,4.9611,0.033221,0.000272,118.9,-38.443,-3.4405,15.488,4.2119,0,0.33,0.18257,-0.10022
-4378.2,2528.3,29.662,2.5782,3.9322,3.2716,0.0058519,529.06,-68.44,9.1932,115.8,147.87,0,0.33,0.13456,-0.12438
-3279.9,1656.3,30.06,2.5658,3.781,2.3721,0.0049559,449.66,-67.071,9.3242,98.701,117.62,0,0.33,0.13456,-0.12837
-1.8338e+05,-52433,0.17933,1.4841,-6.3773,12.981,0.0036583,3107.6,-52.49,218.06,-22.556,-1992,0,0.33,0.0076259,-0.15605
-3.8986e+05,-83639,0.7252,0.81096,-7.8415,11.555,0.00088848,3971.1,-52.071,817.66,-33.321,-3904.8,0,0.33,0,-0.15603
-5344.3,306.91,10.297,5.6727,3.4772,29.967,0.01259,2091,-70.231,-5.8402,629.71,553.32,0,0.33,0.055121,-0.15632
-32204,-73.948,14.839,5.344,3.5284,31.008,0.013862,2046.9,-71.755,46.509,645.55,547.5,0,0.33,0.063027,-0.15635
-1.1813e+05,-26394,-0.21365,0.77738,-10.575,16.512,0.0060271,2976.7,-88.068,456.06,-29.684,-1993,0,0.33,0.0077805,-0.13185
-2.4489e+05,-52306,0.44256,0.3627,-12.255,13.192,0.00098961,4159,-87.536,1344.8,-31.098,-3880.3,0,0.33,0,-0.13183
249.96,18188,1.6321,4.7045,3.9869,26.33,0.021223,1245.6,-98.142,-263.65,161.75,305.43,0,0.33,0.055158,-0.13224
2661.2,14875,4.3127,4.9094,5.1053,29.596,0.020298,1423.4,-97.381,-175.16,252.58,411.22,0,0.33,0.063049,-0.13215
-28130,537.57,19.071,4.8842,3.3853,28.115,0.01448,1883,-72.546,67.46,597.77,490.67,0,0.33,0.070974,-0.15628
-512.95,-434.06,31.039,2.7454,2.6677,0.56597,0.0022534,227.71,-62.733,5.3424,51.927,40.626,0,0.33,0.11863,-0.15661
571.75,-808.4,31.151,2.5441,2.7358,0.18673,0.0013542,124.53,-59.8,2.9623,23.889,16.451,0,0.33,0.12661,-0.15669
5102.6,11338,7.8061,4.8598,5.6344,33.318,0.020008,1561.8,-95.811,-86.206,334.08,484.66,0,0.33,0.070945,-0.13215
-8550.3,5235.1,28.063,2.9266,3.83,8.5858,0.0094849,874.57,-75.331,26.779,226.99,257.47,0,0.33,0.11864,-0.13234
-5101.6,2844.6,29.567,2.7327,3.6811,4.0571,0.0064002,601.63,-70.535,15.143,145.29,163.61,0,0.33,0.12661,-0.13232
1026.5,-1092.6,30.485,1.3775,3.8388,0.0076722,0.00022159,31.956,-39.776,-2.7171,12.898,1.9162,0,0.33,0.18259,-0.13213
812.94,-946.57,31.132,2.349,2.8095,0.061883,0.00075321,73.289,-56.739,2.3996,10.952,5.8999,0,0.33,0.13468,-0.15643
712.12,-752.78,30.66,1.2998,3.1044,0.0061196,7.2219e-05,14.779,-39.182,3.0993,3.5669,-0.5323,0,0.33,0.18257,-0.15614
-2284.2,912.81,30.385,2.5454,3.6304,1.6409,0.0041151,371.65,-65.642,8.3587,81.242,90.176,0,0.33,0.13456,-0.13236
810.95,-948.44,30.368,0.7569,3.5822,0.006127,7.6652e-05,16.17,-30.535,-3.1017,1.9664,3.6257,0,0.33,0.20663,-0.14088
899.9,-1008.2,30.42,0.95894,3.5839,0.0062752,9.5927e-05,18.654,-33.355,-1.1463,2.9265,2.9078,0,0.33,0.19862,-0.14046
837.46,-935.82,30.447,0.96095,3.4552,0.0061511,7.9712e-05,16.374,-33.562,-0.55466,0.84444,2.5822,0,0.33,0.19862,-0.14447
751.76,-878.11,30.396,0.76397,3.4554,0.0060191,6.2974e-05,13.975,-30.858,-3.0103,0.6356,3.3872,0,0.33,0.20665,-0.14501
679.5,-798.78,30.419,0.77077,3.334,0.0059262,5.2086e-05,11.887,-31.146,-3.6547,1.0864,3.4809,0,0.33,0.20665,-0.14905
764.1,-854.6,30.466,0.9599,3.3313,0.0060431,6.5841e-05,14.171,-33.743,-0.28912,0.61968,2.5127,0,0.33,0.19862,-0.1485
490.92,-621.68,30.453,0.62655,3.1257,0.0057161,3.6307e-05,6.769,-29.405,-5.1091,7.1189,4.3027,0,0.33,0.2146,-0.15716
546.92,-678.43,30.41,0.60601,3.2294,0.0057685,3.842e-05,8.1984,-29.089,-4.1118,4.1283,4.0311,0,0.33,0.2146,-0.15316
45905,-15583,2.3237,4.4804,0.057271,15.416,0.0063452,2297,-43.143,-180.97,531.71,306.2,0,0.33,0.023439,-0.16817
25370,-11667,0.81313,4.3366,-0.30703,14.443,0.007369,1962.6,-47.585,-254.58,259.68,199.42,0,0.33,0.023462,-0.16415
36644,-6046.1,3.0348,5.1591,1.1185,18.477,0.0083125,2113.8,-52.09,-158.94,497.87,373.34,0,0.33,0.031388,-0.16419
30666,-9980.9,5.5265,5.1556,1.0751,20.607,0.0070849,2499.6,-47.924,-72.337,786.48,469.93,0,0.33,0.031374,-0.1682
1.529e+05,-91896,1.3446,2.0805,-2.6617,10.495,0.0024242,3205.3,-31.178,37.744,312.21,-1823.3,0,0.33,0.0075396,-0.17215
68102,-31336,2.4368,3.4786,-0.99791,13.056,0.0044913,2702.7,-34.213,-186.88,642.02,248.92,0,0.33,0.015465,-0.17217
2.2807e+05,-85104,3.6457,2.1821,-1.9515,10.55,0.0020303,3353.7,-27.54,67.471,887.78,-1597,0,0.33,0.00752,-0.17617
3.8251e+05,-1.3008e+05,2.8397,1.4604,-2.5709,8.8418,0.00073953,3518.3,-26.773,245.9,744.75,-3503.3,0,0.33,0,-0.17616
2.4127e+05,-1.4422e+05,1.2362,1.3114,-3.6473,9.8813,0.00078733,3714.5,-30.475,316.78,159.91,-3792.2,0,0.33,0,-0.17214
53601,-31842,6.1063,3.4407,-0.9529,14.493,0.0036115,3193,-30.841,-61.947,1135,384.35,0,0.33,0.015445,-0.17619
43553,-19167,5.2353,4.4746,0.086883,17.666,0.0052118,2793.1,-39.18,-76.266,944.08,426.24,0,0.33,0.023412,-0.17219
-46051,-15694,14.144,4.5489,0.002518,20.552,0.0052646,2899.8,-41.234,77.303,1206.2,497.03,0,0.33,0.031342,-0.17624
-4773,-20499,9.88,4.2334,-0.35355,18.46,0.0043261,3127.4,-36.094,24.071,1254,484.89,0,0.33,0.023389,-0.17621
-15114,-13490,9.3155,4.9602,0.69097,22.244,0.0060214,2857.6,-44.189,19.086,1096.1,526.09,0,0.33,0.031356,-0.17222
25770,-4784.9,6.6724,5.5444,1.9749,23.832,0.008982,2319.4,-56.089,-54.596,704.43,509.14,0,0.33,0.039297,-0.16423
-15626,-8171,9.8711,5.3739,1.5893,25.217,0.0079828,2590.6,-52.158,18.318,920.2,555.33,0,0.33,0.039285,-0.16825
-41796,-8317.9,18.271,4.867,1.0966,23.004,0.0082365,2404.4,-52.531,92.186,936.98,488.26,0,0.33,0.047181,-0.17231
-31461,-5746,22.057,4.5806,1.1756,18.973,0.0088307,2021.9,-55.643,85.719,757.02,408.67,0,0.33,0.055089,-0.17235
-15849,-3506.5,27.168,3.9266,0.79491,8.2501,0.0060613,1305.5,-55.109,53.921,463.43,241.68,0,0.33,0.063012,-0.17641
-23768,-5754.4,24.805,4.1871,0.61606,12.712,0.0070915,1708.8,-52.805,71.094,639.79,312.28,0,0.33,0.05508,-0.17636
-22192,-3464.4,25.146,4.2488,1.25,13.596,0.0081661,1623.6,-57.914,70.983,581.55,326.39,0,0.33,0.06302,-0.1724
-33484,-8807.4,21.835,4.4103,0.43256,16.932,0.0070621,2125.3,-49.674,87.092,839.08,385.64,0,0.33,0.047171,-0.17632
-46118,-10695,13.886,5.0367,0.97123,24.34,0.0071386,2713.6,-48.676,74.988,1074.2,538.64,0,0.33,0.039273,-0.17226
-43874,-12244,18.237,4.5595,0.23778,19.884,0.0062492,2539.7,-45.797,94.003,1044.5,453.49,0,0.33,0.039261,-0.17628
-2190.9,-29555,11.528,3.1533,-1.4094,13.714,0.0029253,3280.3,-28.901,35.31,1375.7,381.52,0,0.33,0.015429,-0.18021
1.4729e+05,-50230,8.7237,2.0712,-1.9007,9.3701,0.0015601,3222.3,-25.451,148.6,1419.7,-1253.9,0,0.33,0.0075038,-0.18019
2.7102e+05,-64974,7.6292,1.4359,-2.1793,6.6621,0.00062366,3042.6,-24.617,285.88,1418.9,-2846.7,0,0.33,0,-0.18018
-13892,-15918,23.154,2.8135,-1.9388,7.6083,0.0028393,1861.8,-32.367,56.777,772.15,208.57,0,0.33,0.023361,-0.18826
-25417,-19638,19.637,3.2851,-1.5746,11.554,0.0033407,2440.2,-33.039,72.169,1019.1,307.77,0,0.33,0.023361,-0.18425
-13940,-11470,25.091,3.1021,-1.5138,6.665,0.0032128,1545.7,-36.317,47.773,603.37,209.64,0,0.33,0.031306,-0.18828
-23741,-14212,22.352,3.5398,-1.1821,10.642,0.0039647,2038.7,-37.535,67.619,808.39,297.2,0,0.33,0.031316,-0.18427
-34555,-20932,15.116,3.7923,-1.0206,15.846,0.003797,2960.7,-34.168,71.957,1241.2,424.92,0,0.33,0.023372,-0.18023
-37710,-16061,18.744,4.0342,-0.68641,15.724,0.0046366,2548.2,-39.137,84.995,1048.4,402.45,0,0.33,0.031328,-0.18025
-15616,-5222.7,26.973,3.8225,0.1855,7.421,0.00538,1323,-50.32,49.235,480.73,225.89,0,0.33,0.055071,-0.18037
-22533,-8101.2,24.762,3.9706,-0.092896,10.749,0.0057429,1709.7,-47.272,64.643,651.17,287.63,0,0.33,0.047161,-0.18033
-9876.4,-3290.9,28.673,3.6348,0.45283,4.4051,0.0043268,962.03,-52.602,34.542,330.44,166.85,0,0.33,0.063005,-0.18041
-18743,-9920.3,24.815,3.6194,-0.81167,8.6491,0.0043837,1652.6,-41.663,54.855,623.58,259.83,0,0.33,0.039238,-0.1843
-11023,-8006,26.878,3.2441,-1.0967,5.1068,0.0033966,1229.2,-40.115,34.302,452.97,184.59,0,0.33,0.039227,-0.18831
-30383,-11852,22.008,4.0578,-0.38473,13.757,0.0053339,2121.7,-43.534,79.051,844.01,349.57,0,0.33,0.03925,-0.18029
-6971.7,-390.67,29.67,3.4742,1.8081,3.7368,0.0046732,745.53,-62.625,29.431,228.99,153.22,0,0.33,0.086911,-0.16853
-10227,413.9,28.683,3.6308,2.1242,6.6014,0.0064513,972.04,-65.398,42.118,306.24,215.44,0,0.33,0.086914,-0.16453
-5404.1,78.181,30.052,3.317,2.1294,3.0152,0.0044242,632.47,-64.434,24.204,184.96,133.18,0,0.33,0.094828,-0.16458
-3085.7,-603.82,30.592,3.2027,1.8979,1.5543,0.0031465,451.74,-61.896,14.721,125.89,86.737,0,0.33,0.094826,-0.16858
-14528,-1888.2,27.565,3.9081,1.3255,8.301,0.006489,1224.7,-59.359,52.996,419.1,245.55,0,0.33,0.07105,-0.17244
-8447.6,-1143,29.284,3.5948,1.423,4.2916,0.0047438,846.87,-60.013,33.605,271.79,166.8,0,0.33,0.078992,-0.17249
-9523.9,-2122.6,28.938,3.6578,0.97034,4.5404,0.0046191,923.86,-56.642,35.93,308.04,171.97,0,0.33,0.071045,-0.17644
-4839.9,-1519.2,30.104,3.4087,1.1578,2.139,0.0033032,597.26,-57.448,19.491,182.43,108.27,0,0.33,0.078988,-0.17649
-4033.1,-974.94,30.352,3.3256,1.5547,1.8955,0.0032816,530.31,-60.035,17.444,155.17,99.832,0,0.33,0.086908,-0.17253
435.39,-1216,31.106,2.9869,1.5503,0.33709,0.0015121,202.18,-57.309,2.3709,47.146,30.016,0,0.33,0.094821,-0.17658
-1456.1,-1304.7,30.772,3.1879,1.3565,0.88577,0.0022713,355.42,-57.641,8.1018,96.243,60.231,0,0.33,0.086906,-0.17653
-1078.6,-1018.9,30.923,3.0925,1.7081,0.73919,0.002194,305.61,-59.519,7.3088,79.156,52.374,0,0.33,0.094824,-0.17258
-2101.3,-394.89,30.796,3.0576,2.1901,1.1835,0.0029118,370.55,-62.95,11.609,97.674,71.026,0,0.33,0.10274,-0.16463
-584.66,-820.1,31.044,2.9718,2.0146,0.57447,0.0020519,253.25,-60.663,6.208,62.342,42.68,0,0.33,0.10274,-0.16863
756.72,-1020.9,31.263,2.6966,2.0012,0.094565,0.00084181,97.622,-57.149,0.9417,18.908,9.1262,0,0.33,0.11066,-0.17267
804.76,-991.76,31.25,2.5168,2.1246,0.035189,0.00044002,60.824,-55.454,1.1491,10.373,1.7116,0,0.33,0.11859,-0.17267
764.25,-871.84,31.187,2.2819,2.114,0.010841,0.00017233,35.083,-52.198,0.74927,7.1178,-1.8448,0,0.33,0.12665,-0.17655
785.25,-951.62,31.249,2.4555,2.0057,0.019677,0.00027213,47.685,-53.859,0.76647,8.5933,-0.26919,0,0.33,0.1186,-0.17667
823.54,-937.33,31.192,2.3351,2.2285,0.015599,0.00024044,42.053,-53.588,1.2956,6.8469,-1.3203,0,0.33,0.12664,-0.17252
762.82,-1016.5,31.279,2.626,1.8767,0.046442,0.00051621,71.234,-55.351,0.0055313,12.934,4.2907,0,0.33,0.11066,-0.17666
423.06,-1033.7,31.18,2.8866,1.8623,0.26701,0.001419,170.08,-58.512,2.5684,38.174,24.197,0,0.33,0.10274,-0.17263
822.9,-1107.7,31.246,2.8018,1.7272,0.1237,0.00094054,116.33,-56.501,0.43896,23.356,13.32,0,0.33,0.10274,-0.17662
-1723.9,-1672.7,30.606,3.2416,0.95923,0.98929,0.0022868,396.73,-55.103,8.7145,111.82,65.268,0,0.33,0.078985,-0.18049
-5269.4,-2166.6,29.872,3.435,0.70871,2.2303,0.0032214,642.98,-54.185,20.176,203.59,111.12,0,0.33,0.071041,-0.18045
1102.9,-1347.2,31.168,2.8272,0.95446,0.08461,0.00063563,108.25,-51.559,-3.3826,18.547,11.464,0,0.33,0.086897,-0.18854
1196,-1434.3,31.118,2.9407,1.0697,0.18151,0.001043,155.06,-53.418,-1.5178,31.89,19.519,0,0.33,0.0869,-0.18454
866.02,-1169.9,31.244,2.6879,1.1853,0.036233,0.00035556,71.543,-51.61,-3.3079,11.355,6.7582,0,0.33,0.094814,-0.18858
940.98,-1245.1,31.232,2.7846,1.295,0.072578,0.00061076,95.986,-53.364,-2.2667,16.893,10.022,0,0.33,0.094817,-0.18458
498.28,-1426.4,31.003,3.0606,1.1984,0.39951,0.0015663,232.61,-55.435,1.9854,56.101,34.535,0,0.33,0.086903,-0.18053
1011.9,-1272.1,31.195,2.8848,1.4145,0.15395,0.001005,136.13,-55.257,-0.51907,27.681,16.963,0,0.33,0.094819,-0.18058
741.61,-892.47,31.246,2.3932,1.8922,0.012668,0.00018564,38.942,-52.358,0.25836,8.1466,-1.1268,0,0.33,0.1186,-0.18069
725.77,-962.53,31.282,2.5555,1.7596,0.024672,0.00030946,54.587,-53.669,-0.86422,10.009,1.873,0,0.33,0.11065,-0.18066
691.66,-799.44,31.185,2.2266,2.0071,0.0086557,0.00013239,30.059,-50.809,0.11091,7.8461,-1.8327,0,0.33,0.12673,-0.18043
744.95,-1032.2,31.28,2.6333,1.4931,0.030351,0.00034,62.697,-52.883,-1.9335,10.933,4.6536,0,0.33,0.10273,-0.18462
691.52,-929.43,31.281,2.5523,1.3889,0.01747,0.00022224,49.712,-51.253,-2.3801,8.8987,3.5452,0,0.33,0.10273,-0.18862
808.33,-1094.8,31.272,2.717,1.6047,0.059227,0.00057361,83.185,-54.625,-0.84981,15.095,7.471,0,0.33,0.10274,-0.18062
632.4,-713.47,30.985,1.8691,2.6081,0.0069979,0.00011444,22.841,-47.998,-2.8141,7.0648,1.8551,0,0.33,0.1506,-0.16859
737.97,-807.81,30.978,1.8997,2.7182,0.0075919,0.0001398,26.131,-48.863,-0.9494,4.8642,1.1773,0,0.33,0.1506,-0.16456
613.46,-691.2,30.914,1.735,2.7897,0.0066891,0.00010621,20.645,-46.296,-0.66246,6.3779,2.1114,0,0.33,0.1586,-0.16446
522.57,-612.69,30.934,1.7118,2.6849,0.0064516,8.7849e-05,18.052,-45.604,-2.4667,8.9151,2.9133,0,0.33,0.1586,-0.16844
741.44,-836.75,31.117,2.1606,2.322,0.0094108,0.00016289,31.819,-51.518,-0.38569,6.2776,-1.1821,0,0.33,0.13472,-0.17248
639.21,-732,31.051,2.0002,2.4134,0.0074136,0.00012321,25.221,-49.375,-2.6088,7.4171,0.8216,0,0.33,0.14266,-0.17255
658.29,-758.76,31.118,2.1162,2.2125,0.0079598,0.00012941,27.623,-50.329,-1.1589,7.5334,-0.83641,0,0.33,0.13472,-0.17648
553.47,-655.2,31.064,1.9645,2.3089,0.0069259,0.00010276,22.295,-48.371,-3.3814,8.9435,1.5838,0,0.33,0.14266,-0.17655
541.83,-635.44,31.002,1.8414,2.5034,0.0066651,9.5578e-05,20.157,-47.153,-3.7431,9.1327,2.7614,0,0.33,0.1506,-0.17259
390.6,-496.14,30.999,1.6729,2.4869,0.0061713,6.4335e-05,14.065,-44.279,-4.0358,11.362,4.1836,0,0.33,0.15862,-0.17638
463.61,-567.19,31.027,1.8146,2.4033,0.0064548,8.1476e-05,17.889,-46.332,-4.5679,10.359,3.5429,0,0.33,0.15061,-0.17659
448.08,-548.39,30.965,1.6932,2.5831,0.0062894,7.4081e-05,15.881,-44.971,-3.3729,10.81,3.7062,0,0.33,0.1586,-0.17255
565.59,-625.62,30.859,1.5841,2.8408,0.0062877,8.0139e-05,16.329,-43.813,-0.15039,7.8981,2.1916,0,0.33,0.16661,-0.1644
486.06,-561,30.888,1.5656,2.7401,0.0061572,6.6668e-05,14.178,-43.244,-1.7366,10.4,2.7965,0,0.33,0.1666,-0.16832
439.1,-501.03,30.883,1.4103,2.6801,0.0059063,4.6848e-05,9.7917,-40.507,-1.2878,12.325,1.829,0,0.33,0.17456,-0.17248
465.89,-525.22,30.824,1.27,2.7031,0.0058095,4.0903e-05,7.9919,-38.355,-0.66074,12.55,0.92394,0,0.33,0.18256,-0.17218
450.33,-514.82,30.874,1.2632,2.6084,0.0057694,3.9562e-05,7.1153,-38.095,0.54285,11.365,0.9842,0,0.33,0.18256,-0.17619
413.68,-480.82,30.929,1.3998,2.5864,0.0058511,4.3751e-05,8.6501,-40.103,-0.49849,11.53,1.918,0,0.33,0.17457,-0.17651
424.57,-509.02,30.929,1.5528,2.6414,0.0060565,5.7324e-05,12.392,-42.752,-2.6507,11.883,3.2259,0,0.33,0.1666,-0.17246
386.39,-474.26,30.97,1.5393,2.5467,0.0059783,5.1359e-05,10.939,-42.218,-2.7988,11.689,3.3986,0,0.33,0.16661,-0.17653
478.21,-584.12,31.081,1.9302,2.2098,0.0066408,8.7964e-05,19.859,-47.401,-4.3033,9.7336,2.1907,0,0.33,0.14266,-0.18055
572.1,-678.23,31.125,2.073,2.1081,0.0072312,0.00010696,24.294,-49.195,-2.2163,8.6275,-0.33439,0,0.33,0.13472,-0.1805
414.26,-524.79,31.099,1.7287,2.1206,0.0061206,5.5451e-05,13.291,-43.965,-1.3756,8.066,3.8972,0,0.33,0.15064,-0.18855
392.42,-518.22,31.078,1.7636,2.2159,0.0062056,6.2138e-05,14.536,-44.734,-3.9581,9.4061,4.101,0,0.33,0.15064,-0.18453
397.91,-504.18,31.08,1.5943,2.2077,0.0059519,4.68e-05,10.443,-42.348,0.97142,7.1273,3.8063,0,0.33,0.15862,-0.18849
372.79,-495.12,31.06,1.6305,2.303,0.006013,5.1003e-05,11.481,-42.985,-1.6854,8.7353,4.1953,0,0.33,0.15863,-0.18437
406.9,-516.66,31.054,1.79,2.3079,0.0063101,7.1055e-05,16.004,-45.535,-5.0644,10.386,3.9871,0,0.33,0.15062,-0.18061
362.66,-471.36,31.032,1.6544,2.3942,0.0060822,5.7287e-05,12.61,-43.633,-3.7687,10.501,4.305,0,0.33,0.15863,-0.18036
451.53,-519.95,30.915,1.2494,2.5133,0.005738,3.8792e-05,6.4664,-37.827,2.5955,9.0683,0.92008,0,0.33,0.18256,-0.1802
410.47,-481.81,30.968,1.3859,2.4931,0.0058081,4.1886e-05,7.797,-39.722,1.1922,9.5348,1.7501,0,0.33,0.17458,-0.18059
384.5,-485.53,31.036,1.5017,2.363,0.0058697,4.4141e-05,8.9502,-41.192,0.67428,7.9362,3.0503,0,0.33,0.16662,-0.18457
389.02,-476.25,31.055,1.4669,2.2694,0.0058252,4.2694e-05,8.0898,-40.644,2.864,6.3183,2.6911,0,0.33,0.1666,-0.18845
375.6,-466.32,31.007,1.5239,2.4543,0.0059183,4.7429e-05,9.8271,-41.692,-1.756,10.155,3.2738,0,0.33,0.16662,-0.18055
