"Lambda2","Q","U:0","U:1","U:2","k","nut","omega","p","vorticity:0","vorticity:1","vorticity:2","yPlus","Points:0","Points:1","Points:2"
649.08,-648.06,29.504,-0.6316,3.6595,0.043128,0.00062126,64.509,-11.379,-0.61083,11.864,6.2045,0,0.495,0.17459,-0.10809
640.84,-669.64,29.496,-0.56662,3.839,0.15024,0.0012472,109.45,-13.838,0.67135,15.165,16.191,0,0.495,0.16662,-0.10808
637.88,-636.7,29.433,-0.71787,3.7012,0.055528,0.00068714,74.847,-10.933,-0.96647,12.353,7.416,0,0.495,0.17458,-0.1041
597.56,-629.46,29.412,-0.65955,3.8776,0.19528,0.0013906,127.66,-13.472,0.23397,16.437,19.927,0,0.495,0.16661,-0.10409
526.41,-684.87,29.486,-0.41418,3.9994,0.40546,0.0020787,177.24,-16.689,3.0096,22.861,33.055,0,0.495,0.1586,-0.11208
435.55,-608.91,29.374,-0.51583,4.0415,0.52939,0.0023392,206.34,-16.45,2.7997,26.069,40.681,0,0.495,0.1586,-0.10809
666.89,-694.1,29.572,-0.47396,3.796,0.11318,0.0011053,93.031,-14.146,1.0197,13.684,13.094,0,0.495,0.16662,-0.11208
356.81,-503.03,29.248,-0.61794,4.0772,0.67585,0.002611,236.84,-16.145,2.2061,29.047,49.273,0,0.495,0.15859,-0.1041
649.88,-651.93,29.57,-0.54576,3.6151,0.03303,0.00055617,55.461,-11.773,-0.27813,10.996,5.2049,0,0.495,0.17459,-0.11209
619.04,-619.19,29.359,-0.80413,3.7397,0.070229,0.00075048,86.48,-10.432,-1.3503,12.773,8.8778,0,0.495,0.17458,-0.10011
596.98,-610.74,29.336,-0.86495,3.5894,0.023098,0.00037003,60.066,-8.1736,-2.4415,11.15,3.7787,0,0.495,0.18252,-0.10012
601.93,-613.38,29.407,-0.78234,3.5485,0.019051,0.00035332,52.075,-8.7288,-2.3499,10.956,3.3438,0,0.495,0.18252,-0.10411
602.46,-610.11,29.233,-1.0154,3.4919,0.013694,0.00024186,56.209,-5.4775,-2.7034,10.718,4.1308,0,0.495,0.19046,-0.096133
597.79,-602.69,29.306,-0.93486,3.4511,0.011937,0.00024604,48.229,-6.1307,-2.7845,10.62,3.8858,0,0.495,0.19046,-0.10012
590.37,-605.79,29.262,-0.94674,3.6284,0.02781,0.00038529,69.335,-7.5627,-2.5752,11.27,4.2758,0,0.495,0.18252,-0.096124
590.83,-595.13,29.377,-0.85385,3.4091,0.010531,0.00025171,41.685,-6.7305,-2.8118,10.37,3.6229,0,0.495,0.19046,-0.10412
595.41,-594.68,29.281,-0.88997,3.7752,0.087101,0.00080856,99.44,-9.8696,-1.8654,13.193,10.63,0,0.495,0.17458,-0.096116
549.04,-584.08,29.322,-0.75286,3.9116,0.24814,0.0015322,147.38,-13.044,-0.39243,17.757,24.307,0,0.495,0.1666,-0.10009
224.54,-256.05,28.955,-0.82479,4.1273,1.0279,0.0031674,299.01,-15.344,-0.50638,34.704,68.578,0,0.495,0.15858,-0.09612
492.06,-524.86,29.225,-0.84596,3.9409,0.30807,0.0016679,168.33,-12.557,-1.3491,19.087,29.282,0,0.495,0.16659,-0.0961
310.93,-392.43,29.108,-0.72077,4.106,0.84323,0.0028893,267.97,-15.781,1.1369,32.026,58.642,0,0.495,0.15859,-0.10011
601.4,-610.62,29.476,-0.69941,3.5053,0.015694,0.00033696,45.257,-9.2311,-2.1863,10.586,2.9423,0,0.495,0.18253,-0.1081
570.99,-575.65,29.508,-0.693,3.3195,0.0086605,0.00026997,32.099,-7.7847,-2.23,8.9478,2.9677,0,0.495,0.19046,-0.11211
596.46,-604.76,29.54,-0.61687,3.4609,0.013023,0.0003231,39.476,-9.6892,-1.8563,9.733,2.5575,0,0.495,0.18253,-0.11211
582.44,-585.87,29.445,-0.77298,3.3651,0.0094622,0.00025961,36.399,-7.2801,-2.6496,9.879,3.318,0,0.495,0.19046,-0.10811
-622.1,-705.13,28.988,-0.0077318,4.4358,2.314,0.0050115,432.06,-22.508,12.354,59.542,103.61,0,0.495,0.1427,-0.12007
-957.19,-494.79,28.734,-0.1327,4.5021,2.8772,0.0056549,479.55,-22.619,12.085,66.762,119.13,0,0.495,0.14271,-0.11606
307.54,-844.31,29.494,-0.11547,4.1359,0.77882,0.0028853,246.58,-19.78,6.772,31.174,51.008,0,0.495,0.15064,-0.12007
93.28,-757.08,29.351,-0.22548,4.1964,1.0209,0.0032775,286.26,-19.798,6.9008,36.802,62.174,0,0.495,0.15064,-0.11607
622.97,-752.21,29.584,-0.31343,3.9509,0.30384,0.0018322,150.18,-16.87,3.0113,19.743,26.408,0,0.495,0.1586,-0.11607
-150.1,-625.96,29.183,-0.33724,4.2483,1.3112,0.0037065,327.02,-19.756,6.7404,42.307,74.369,0,0.495,0.15064,-0.11208
-1315,-249.99,28.451,-0.26014,4.5555,3.5071,0.0063505,524.18,-22.654,11.149,73.135,134.36,0,0.495,0.14272,-0.11206
691.46,-792.59,29.667,-0.21418,3.8961,0.22287,0.0016011,125.67,-16.987,2.972,16.55,20.797,0,0.495,0.1586,-0.12006
-282.78,-922.13,29.211,0.11382,4.357,1.8201,0.004419,382.65,-22.348,12.13,52.339,87.901,0,0.495,0.1427,-0.12407
-1545.6,-848.83,28.36,0.28365,4.7316,4.5523,0.0073173,594.99,-25.944,17.83,87.679,153.93,0,0.495,0.13467,-0.12423
-2036.2,-554.7,27.998,0.14306,4.819,5.4823,0.0082168,642.23,-26.273,17.172,93.918,171.12,0,0.495,0.13469,-0.1202
-2507.2,-667.37,27.392,0.62862,5.0675,7.7724,0.0099849,757,-28.47,21.042,117.61,208.81,0,0.495,0.12671,-0.12825
-2897.4,-352.72,26.922,0.47617,5.1806,9.0625,0.011119,796.78,-29.041,19.169,121.51,224.23,0,0.495,0.12671,-0.12425
-1121,-1075.3,28.691,0.41721,4.6276,3.6892,0.0064602,542.29,-25.525,18.04,80.012,135.73,0,0.495,0.13466,-0.12824
-3332.8,-23.852,26.437,0.31427,5.2706,10.358,0.012266,829.05,-29.508,16.863,123.06,237.32,0,0.495,0.12673,-0.12022
-1.1417,-1072.1,29.405,0.23102,4.2669,1.3942,0.0038693,332.3,-22.125,11.599,45.039,72.713,0,0.495,0.14269,-0.12808
-2545.2,-295.66,27.614,-0.0035318,4.8874,6.4581,0.0091514,683.27,-26.518,15.895,99.033,186.47,0,0.495,0.13475,-0.1161
-3954.5,443.38,25.453,-0.030179,5.3733,12.851,0.014542,873.01,-30.136,10.896,122.67,256.14,0,0.495,0.12677,-0.11208
-3030.8,-34.479,27.209,-0.15355,4.9361,7.4621,0.010115,718.1,-26.665,13.808,102.8,199.82,0,0.495,0.13477,-0.11205
-3726.3,233.72,25.945,0.14484,5.3352,11.628,0.013411,854.22,-29.879,14.163,123.41,247.98,0,0.495,0.12675,-0.11615
511.23,-927.87,29.615,-0.008682,4.067,0.58159,0.0025272,208.91,-19.71,6.4911,26.004,40.888,0,0.495,0.15065,-0.12405
764.35,-839.43,29.794,-0.023866,3.7674,0.11309,0.0011701,85.617,-17.077,3.0082,10.843,12.197,0,0.495,0.1586,-0.12805
665.37,-973.25,29.714,0.094636,3.9902,0.42386,0.0021992,174.03,-19.592,6.1037,21.178,31.939,0,0.495,0.15065,-0.12805
746.27,-826.76,29.737,-0.1174,3.8349,0.16014,0.0013856,104.08,-17.056,2.9647,13.604,16.07,0,0.495,0.1586,-0.12405
632.74,-642.34,29.685,-0.37806,3.5157,0.019156,0.0004416,41.257,-12.412,0.52873,8.4693,3.6164,0,0.495,0.17459,-0.12008
679.1,-711.23,29.7,-0.29419,3.6963,0.060715,0.00083753,66.038,-14.608,2.0593,10.278,8.4559,0,0.495,0.16663,-0.12006
650.35,-651.49,29.631,-0.46095,3.5671,0.025116,0.00049559,47.735,-12.12,0.079349,9.906,4.3314,0,0.495,0.17459,-0.11609
680.39,-708.99,29.64,-0.38273,3.7484,0.08359,0.00096765,78.535,-14.402,1.4921,12.107,10.528,0,0.495,0.16662,-0.11607
575.73,-583.43,29.651,-0.45701,3.363,0.0096454,0.00030055,30.842,-10.446,-0.86419,7.2209,1.7788,0,0.495,0.18253,-0.12009
561.53,-568.13,29.696,-0.38147,3.3098,0.0086366,0.00026598,27.591,-10.758,-0.051081,5.7517,1.3572,0,0.495,0.18253,-0.12408
614.25,-626.2,29.732,-0.2982,3.4609,0.014871,0.0003826,35.903,-12.657,1.1142,6.9278,2.9483,0,0.495,0.17459,-0.12407
497.05,-508.37,29.695,-0.40137,3.1116,0.0069796,0.00018116,20.975,-9.3812,0.81397,3.7979,1.3353,0,0.495,0.19051,-0.12816
541.14,-552.62,29.734,-0.30909,3.2543,0.0079203,0.00022146,24.83,-11.049,0.80462,4.4437,1.0132,0,0.495,0.18254,-0.1281
517.22,-524.52,29.659,-0.46834,3.1671,0.007257,0.0002161,23.181,-9.0446,0.11818,4.9284,1.7043,0,0.495,0.19049,-0.12414
534.69,-542.7,29.616,-0.53923,3.2205,0.0076095,0.00025126,25.679,-8.6693,-0.82441,6.3303,2.1626,0,0.495,0.19048,-0.12013
588.48,-608.85,29.771,-0.22226,3.4036,0.011905,0.00031221,31.52,-12.865,1.7248,5.4388,2.3895,0,0.495,0.17459,-0.12806
594.11,-597.04,29.599,-0.53626,3.413,0.011045,0.00031404,34.713,-10.086,-1.4664,8.6168,2.1519,0,0.495,0.18253,-0.11609
557.01,-561.9,29.566,-0.61455,3.2713,0.0080619,0.00027169,28.589,-8.2507,-1.6725,7.7601,2.5549,0,0.495,0.19047,-0.11611
675.39,-710.57,29.752,-0.20923,3.6393,0.043596,0.00071502,55.55,-14.767,2.5587,8.461,6.7022,0,0.495,0.16663,-0.12406
665.89,-707.11,29.795,-0.1279,3.5776,0.031087,0.00057619,46.904,-14.885,2.8076,6.6967,5.2775,0,0.495,0.16663,-0.12805
426.34,-444.67,29.513,-1.1688,2.5415,0.0067402,0.00027765,20.425,0.1308,1.267,6.4373,3.6809,0,0.495,0.23823,-0.10838
457.83,-478.95,29.501,-1.1186,2.6955,0.0068746,0.00027575,21.65,-0.63055,1.2681,6.4753,4.2879,0,0.495,0.23032,-0.10837
454.93,-474.12,29.458,-1.2393,2.5633,0.0070467,0.00029564,23.776,0.79133,1.036,6.9044,3.9599,0,0.495,0.23824,-0.10438
492.79,-511.87,29.443,-1.1913,2.7216,0.007221,0.00028799,25.188,0.041173,0.96913,7.1938,4.4462,0,0.495,0.23033,-0.10437
417.44,-445.12,29.535,-0.98918,2.8106,0.0067765,0.0002416,20.273,-2.1822,-0.60534,5.4374,5.3467,0,0.495,0.22236,-0.11234
451.41,-476.3,29.482,-1.0614,2.8436,0.007061,0.00027917,23.289,-1.5546,-0.91383,6.5937,5.4131,0,0.495,0.22238,-0.10834
424.71,-447.77,29.553,-1.0493,2.6669,0.0066243,0.00022338,18.821,-1.2605,1.4783,5.5425,4.2916,0,0.495,0.2303,-0.11236
488.16,-509.06,29.423,-1.1373,2.8745,0.00746,0.00027652,27.115,-0.88523,-1.2242,7.5298,5.5657,0,0.495,0.22238,-0.10431
397.99,-417.39,29.565,-1.101,2.5175,0.0065147,0.00021992,17.721,-0.49762,1.3853,5.7736,3.542,0,0.495,0.23823,-0.11237
486.86,-507.5,29.4,-1.3132,2.5834,0.00751,0.00026868,28.087,1.483,0.66267,7.2548,4.2701,0,0.495,0.23826,-0.10039
406.59,-436.61,29.428,-1.3519,2.434,0.0072908,0.00027764,26.406,2.0644,-0.574,6.2065,6.2324,0,0.495,0.24619,-0.10041
378.01,-406.26,29.481,-1.2807,2.4186,0.0068957,0.00030534,22.373,1.3868,-0.20992,6.0229,5.8496,0,0.495,0.24617,-0.10439
362.05,-406.74,29.433,-1.4569,2.3104,0.0075774,0.00026176,29.125,3.2,-2.396,5.7304,8.1793,0,0.495,0.25413,-0.096357
330.35,-374.51,29.484,-1.3831,2.3021,0.0070634,0.0002921,24.342,2.513,-1.8669,5.658,8.0392,0,0.495,0.25411,-0.10039
437.45,-469.72,29.373,-1.4273,2.4469,0.00794,0.00025207,31.649,2.7786,-1.0332,6.2388,6.6882,0,0.495,0.2462,-0.096403
520.64,-542.51,29.339,-1.3913,2.6009,0.0083084,0.00024693,33.773,2.2172,0.32052,7.4432,4.7633,0,0.495,0.23827,-0.096384
301.59,-344.8,29.533,-1.3138,2.2912,0.0067313,0.00031021,20.623,1.8528,-1.46,5.4644,7.897,0,0.495,0.2541,-0.1044
530.34,-548.6,29.382,-1.2677,2.7458,0.007754,0.00026166,29.771,0.7456,0.56247,7.7816,4.6136,0,0.495,0.23033,-0.10036
565.14,-584.66,29.29,-1.2992,2.9296,0.009114,0.00023618,38.727,0.57204,-1.7532,8.9793,5.9439,0,0.495,0.22235,-0.096192
568.56,-587.03,29.317,-1.3482,2.768,0.008689,0.00024281,35.907,1.4873,0.1944,8.2808,4.9522,0,0.495,0.23033,-0.096335
526.09,-545.67,29.359,-1.2164,2.9037,0.0080703,0.00025275,32.084,-0.17932,-1.4993,8.2972,5.7133,0,0.495,0.22237,-0.10028
352.62,-379.68,29.532,-1.213,2.4013,0.0066246,0.00028443,19.202,0.73777,0.01663,5.733,5.4697,0,0.495,0.24616,-0.10839
251.54,-293.52,29.625,-1.1861,2.263,0.0063117,0.00021706,15.219,0.611,-0.86462,4.5764,7.4432,0,0.495,0.25409,-0.1124
329.23,-355.69,29.58,-1.1482,2.3815,0.0064206,0.00022355,16.621,0.11794,0.1457,5.2449,5.1528,0,0.495,0.24616,-0.11239
275.36,-318.29,29.581,-1.2483,2.2782,0.0064937,0.00027746,17.656,1.2176,-1.1419,5.1495,7.6827,0,0.495,0.2541,-0.1084
388.38,-416.63,29.599,-0.71,2.9657,0.006748,0.00020325,19.64,-5.6558,-2.9453,4.5167,5.0017,0,0.495,0.20648,-0.1203
416.54,-441.8,29.554,-0.7799,3.0118,0.0069703,0.00024493,22.003,-5.1481,-3.216,5.8889,5.3715,0,0.495,0.20647,-0.11628
358.4,-389.65,29.608,-0.78734,2.8568,0.0065435,0.00018011,17.437,-4.4111,-2.5325,3.6643,5.2292,0,0.495,0.21442,-0.12032
384.89,-415.02,29.566,-0.85563,2.8982,0.0067383,0.00021911,19.662,-3.8777,-2.6768,4.9209,5.4972,0,0.495,0.21444,-0.11633
386.74,-417.15,29.582,-0.92011,2.7761,0.0065606,0.00019473,17.813,-2.7742,-0.41203,4.2521,5.2527,0,0.495,0.22236,-0.11634
415.05,-442,29.517,-0.92721,2.9375,0.0069837,0.00026431,22.287,-3.2983,-2.9246,6.207,5.8094,0,0.495,0.21444,-0.11231
447.22,-469.23,29.501,-0.85365,3.0556,0.0072497,0.00027467,24.817,-4.5895,-3.508,7.181,5.79,0,0.495,0.20643,-0.11221
359.91,-391.89,29.623,-0.8539,2.7394,0.0063883,0.00015856,15.712,-3.3295,-0.29616,3.1283,5.2184,0,0.495,0.22236,-0.12034
364.2,-394.2,29.638,-0.6432,2.9181,0.0065659,0.00016975,17.585,-6.1257,-2.8593,3.4162,4.6184,0,0.495,0.20648,-0.12431
450.18,-473.64,29.638,-0.55854,3.03,0.0068137,0.0001868,20.103,-7.5038,-1.6162,4.0152,3.4035,0,0.495,0.19852,-0.12426
474.54,-494.36,29.597,-0.62869,3.0826,0.0070352,0.00022275,22.308,-7.0746,-2.0664,5.2898,3.8036,0,0.495,0.19849,-0.12023
425.83,-451.32,29.672,-0.49191,2.9762,0.0066287,0.00015737,18.122,-7.8972,-1.2234,3.1124,3.1205,0,0.495,0.19853,-0.12827
344.04,-374.88,29.67,-0.57915,2.8693,0.0064124,0.00014179,15.74,-6.5613,-2.9429,2.7536,4.3389,0,0.495,0.20648,-0.1283
498.2,-513.49,29.549,-0.7018,3.1335,0.0073077,0.0002612,24.862,-6.612,-2.4129,6.7253,4.1943,0,0.495,0.19845,-0.11619
519.16,-530.91,29.494,-0.77755,3.1816,0.0076503,0.0002724,27.913,-6.0985,-2.6055,7.9826,4.664,0,0.495,0.19842,-0.11214
335.46,-366.91,29.644,-0.72149,2.8144,0.0063838,0.00014893,15.492,-4.9109,-2.5405,2.7445,4.9693,0,0.495,0.21442,-0.12432
321.25,-356.46,29.69,-0.7282,2.6615,0.0061285,0.00010611,12.235,-4.3425,-0.4119,2.0702,5.2444,0,0.495,0.22235,-0.12833
316.78,-348.61,29.676,-0.65788,2.7711,0.00625,0.00012326,13.759,-5.3785,-2.633,2.3171,4.801,0,0.495,0.21442,-0.12832
337.29,-371.26,29.658,-0.7901,2.7011,0.0062468,0.00012956,13.869,-3.8517,-0.289,2.3473,5.2048,0,0.495,0.22236,-0.12433
343.4,-367.39,29.655,-0.97369,2.4626,0.0061973,0.00014061,13.518,-1.6547,1.6213,4.1577,3.5308,0,0.495,0.23823,-0.12037
365.51,-393.78,29.641,-0.91893,2.6037,0.0062765,0.00014443,14.462,-2.4154,1.7536,3.535,4.5229,0,0.495,0.23029,-0.12035
369.65,-391.29,29.612,-1.0359,2.4912,0.0063387,0.00017484,15.456,-1.0898,1.5126,4.9874,3.4846,0,0.495,0.23823,-0.11637
393.66,-419.13,29.6,-0.98274,2.6364,0.0064313,0.00017879,16.475,-1.8528,1.643,4.5325,4.3631,0,0.495,0.23029,-0.11636
287.11,-313.63,29.666,-1.0262,2.3353,0.0061305,0.00014184,12.6,-1.0407,0.2262,3.9355,4.5123,0,0.495,0.24616,-0.12038
271.76,-298.57,29.704,-0.96865,2.3088,0.006025,0.00011471,11.006,-1.5809,0.05946,3.456,4.1926,0,0.495,0.24616,-0.12437
323.22,-349.55,29.693,-0.9137,2.4322,0.0060814,0.00011372,11.84,-2.1926,1.563,3.5651,3.6002,0,0.495,0.23823,-0.12436
196.77,-228.93,29.766,-0.96292,2.1811,0.0058787,9.2399e-05,8.5923,-1.5875,-1.5797,2.3318,5.3098,0,0.495,0.2541,-0.12837
262.85,-289.26,29.739,-0.91222,2.2803,0.0059375,9.3681e-05,9.616,-2.0928,-0.30881,3.2796,3.8796,0,0.495,0.24616,-0.12836
203.41,-237.71,29.736,-1.0166,2.2046,0.0059569,0.00011216,9.9043,-1.0768,-1.0025,2.544,5.9815,0,0.495,0.2541,-0.12438
215.12,-251.96,29.703,-1.071,2.226,0.0060517,0.00013814,11.414,-0.53951,-0.69805,3.0849,6.5746,0,0.495,0.2541,-0.12039
310.65,-338.63,29.728,-0.85497,2.4003,0.0059851,9.2514e-05,10.366,-2.7014,1.3231,3.3239,3.7068,0,0.495,0.23823,-0.12835
306.89,-333.86,29.625,-1.0859,2.3596,0.0062599,0.00017688,14.452,-0.4752,0.22401,4.6219,4.8143,0,0.495,0.24616,-0.11638
230.93,-271.59,29.666,-1.1272,2.2455,0.0061677,0.00017188,13.166,0.025302,-0.68092,3.8506,7.0517,0,0.495,0.25409,-0.11639
343.19,-374.25,29.678,-0.85728,2.5694,0.0061493,0.00011711,12.705,-2.9494,1.6618,2.8432,4.6979,0,0.495,0.23029,-0.12435
328.43,-361.6,29.711,-0.79676,2.5339,0.0060432,9.5307e-05,11.153,-3.4536,1.3597,2.598,4.9085,0,0.495,0.23029,-0.12834
192.28,-216,29.852,-1.1668,1.6332,0.0057657,8.4491e-05,6.8417,0.45528,3.9202,4.3128,3.6641,0,0.495,0.29418,-0.12027
203.88,-229.21,29.814,-1.2143,1.64,0.0058228,0.00010108,7.9327,0.9244,2.9468,4.8506,3.5774,0,0.495,0.29413,-0.11613
126.42,-153.34,29.895,-1.1812,1.5306,0.0057204,8.6517e-05,5.8374,0.38273,-0.74189,4.5212,3.9661,0,0.495,0.30219,-0.12051
136.61,-166.08,29.859,-1.2276,1.5388,0.005764,9.7036e-05,6.7222,0.82315,-1.4961,4.9043,4.1572,0,0.495,0.30217,-0.11646
266.14,-279.53,29.745,-1.2562,1.781,0.0059676,0.00013956,10.464,1.4559,4.4709,5.1517,1.657,0,0.495,0.28614,-0.11197
212.17,-238.49,29.774,-1.2644,1.6457,0.005894,0.00012644,9.2018,1.4019,2.0256,5.0641,3.6578,0,0.495,0.2941,-0.11204
250.08,-263.39,29.785,-1.2058,1.7782,0.0058812,0.00011022,8.9916,0.95882,5.3162,4.5949,1.7786,0,0.495,0.28614,-0.11597
144.87,-175.41,29.822,-1.2771,1.5461,0.0058172,0.00011487,7.7323,1.275,-1.954,5.0075,4.3863,0,0.495,0.30214,-0.11235
230.99,-246.24,29.822,-1.158,1.7734,0.0058125,9.0119e-05,7.7428,0.47285,6.0464,3.7082,2.1148,0,0.495,0.28616,-0.12
88.439,-112.36,29.93,-1.1981,1.4694,0.005671,8.7808e-05,4.7471,0.27612,-3.4819,3.4097,3.1736,0,0.495,0.31015,-0.12056
76.318,-97.95,29.958,-1.1569,1.4628,0.0056446,8.9642e-05,4.1428,-0.12681,-3.1937,2.8746,2.6555,0,0.495,0.31015,-0.12455
114.72,-139.99,29.927,-1.1387,1.522,0.0056843,8.1295e-05,5.0662,-0.044639,0.11368,4.0106,3.7423,0,0.495,0.3022,-0.12453
67.176,-84.046,30.002,-1.1277,1.4151,0.0055913,9.4058e-05,2.985,-0.59322,-1.5371,0.55498,2.2916,0,0.495,0.31809,-0.12856
65.14,-83.88,29.983,-1.1191,1.4554,0.0056219,9.5018e-05,3.6153,-0.5192,-2.9053,2.3785,2.1197,0,0.495,0.31015,-0.12855
83.081,-103.26,29.983,-1.1648,1.4157,0.005609,8.5615e-05,3.421,-0.22062,-1.6794,1.2547,2.6757,0,0.495,0.31809,-0.12456
104.13,-128.27,29.957,-1.1,1.5126,0.0056545,7.975e-05,4.4102,-0.45613,0.81852,3.4972,3.5545,0,0.495,0.30221,-0.12853
98.187,-120.59,29.96,-1.2054,1.416,0.0056288,8.0595e-05,3.9023,0.16027,-1.6004,2.0325,2.9632,0,0.495,0.31809,-0.12057
99.981,-126.48,29.899,-1.2425,1.4751,0.0057017,9.0557e-05,5.4214,0.68785,-3.5462,3.8696,3.5742,0,0.495,0.31014,-0.11656
118,-142.57,29.906,-1.2902,1.4134,0.0056765,8.2539e-05,4.9793,0.93813,-0.16279,3.1407,3.2358,0,0.495,0.31808,-0.11259
109.95,-134.25,29.935,-1.2478,1.4155,0.0056509,7.9464e-05,4.418,0.54558,-1.1234,2.7281,3.126,0,0.495,0.31808,-0.11658
109.64,-137.49,29.866,-1.2889,1.4793,0.0057383,9.9085e-05,6.1757,1.1108,-3.1973,4.0856,3.9189,0,0.495,0.31013,-0.11255
176.82,-200.62,29.887,-1.1227,1.6256,0.0057195,7.4382e-05,5.9082,-0.00048737,4.8367,3.6377,3.8289,0,0.495,0.29423,-0.1244
201.38,-220.82,29.884,-1.069,1.7573,0.0057121,6.7495e-05,5.7705,-0.46837,6.7208,1.9775,3.1277,0,0.495,0.28623,-0.12821
212.98,-230.97,29.855,-1.1127,1.7663,0.0057572,7.6448e-05,6.6776,-0.0052205,6.5271,2.7808,2.566,0,0.495,0.28619,-0.12408
163.94,-188,29.918,-1.082,1.6167,0.0056822,6.8702e-05,5.1243,-0.43787,5.5353,2.9773,4.085,0,0.495,0.29425,-0.12847
292.47,-313.49,29.636,-1.3572,2.0573,0.0064337,0.00029725,17.168,2.3932,0.030338,5.2758,2.9455,0,0.495,0.2701,-0.10423
309.79,-319.68,29.649,-1.3645,1.9255,0.0063242,0.00027134,15.776,2.5006,2.4689,5.2302,0.86919,0,0.495,0.27819,-0.10403
265.56,-289.27,29.681,-1.296,2.053,0.0062525,0.00023252,14.64,1.8144,0.1323,4.8786,3.0405,0,0.495,0.27003,-0.1083
292.09,-302.31,29.693,-1.3061,1.9261,0.0061645,0.00020525,13.474,1.9464,2.6633,5.2469,0.81402,0,0.495,0.27817,-0.10805
269.91,-281.23,29.736,-1.2503,1.9242,0.0060389,0.00015883,11.535,1.4109,2.9409,4.7449,0.99617,0,0.495,0.27817,-0.11205
277.59,-291.8,29.703,-1.3096,1.782,0.0060767,0.00018197,12.203,1.9641,3.6806,5.2358,1.6758,0,0.495,0.28615,-0.10797
282.61,-298.63,29.662,-1.3653,1.781,0.0062143,0.00024325,14.256,2.4865,3.043,4.811,1.8905,0,0.495,0.28618,-0.10398
238.99,-264.34,29.723,-1.2378,2.0463,0.0061108,0.00018115,12.529,1.2542,0.22098,4.0677,3.258,0,0.495,0.27002,-0.11233
276.18,-315.25,29.597,-1.3396,2.1748,0.0065673,0.00030959,18.764,2.1743,-1.5773,5.2948,6.6454,0,0.495,0.26206,-0.10438
306.89,-345.65,29.549,-1.407,2.1809,0.0068467,0.00031103,22.17,2.8088,-1.991,5.5818,6.5362,0,0.495,0.26208,-0.10032
320.84,-340.35,29.589,-1.4216,2.0593,0.0066726,0.00032112,20.284,2.9978,-0.20671,5.437,2.9169,0,0.495,0.2702,-0.10014
340.16,-378.62,29.499,-1.479,2.1848,0.007256,0.0002755,26.522,3.4664,-2.4482,5.6931,6.4963,0,0.495,0.26215,-0.096249
347.55,-367.51,29.541,-1.4895,2.0576,0.0070041,0.00029147,24.206,3.6254,-0.53309,5.3236,3.06,0,0.495,0.27024,-0.096061
324.47,-335.75,29.605,-1.4249,1.9225,0.0065301,0.00032064,18.573,3.0746,2.1829,4.9112,1.1115,0,0.495,0.27822,-0.1
286.94,-307.76,29.586,-1.4812,1.7733,0.0066126,0.00033324,19.697,3.5696,1.9636,3.2838,2.6601,0,0.495,0.28631,-0.095983
283.79,-302.42,29.622,-1.4226,1.7779,0.0063886,0.00031471,16.702,3.0229,2.5027,4.1105,2.2261,0,0.495,0.28627,-0.099973
338.01,-351.74,29.562,-1.4876,1.9176,0.0068036,0.00031085,22.055,3.6628,1.7365,4.368,1.5486,0,0.495,0.27824,-0.09601
248.36,-288.91,29.643,-1.276,2.1661,0.0063603,0.00025676,16.017,1.5659,-1.2532,4.8427,6.6716,0,0.495,0.26205,-0.1084
222.9,-263.29,29.685,-1.216,2.1548,0.0061998,0.00020042,13.738,0.98131,-0.96473,4.0561,6.6876,0,0.495,0.26204,-0.1124
186.14,-213.35,29.791,-1.1307,2.0272,0.0059077,0.00011749,9.207,0.19176,0.4339,1.678,3.6887,0,0.495,0.27002,-0.12031
210.01,-237.54,29.76,-1.1827,2.0376,0.0059982,0.00014436,10.736,0.71106,0.35937,2.9335,3.4693,0,0.495,0.27001,-0.11632
216.94,-233.16,29.809,-1.1479,1.9143,0.00586,0.00010334,8.5014,0.39135,3.7149,2.5768,1.7842,0,0.495,0.27817,-0.12002
243.08,-256.53,29.775,-1.1975,1.9203,0.0059393,0.00012632,9.8928,0.89205,3.3399,3.7905,1.3116,0,0.495,0.27817,-0.11603
168.34,-196.18,29.817,-1.0806,2.0152,0.0058339,9.7207e-05,7.8927,-0.31892,0.28759,0.65328,3.8024,0,0.495,0.27005,-0.12431
167.93,-201.51,29.782,-1.0542,2.1097,0.0058859,0.00010507,8.7372,-0.65678,-1.0831,1.2407,5.9148,0,0.495,0.26204,-0.12438
180.18,-216.24,29.755,-1.106,2.1263,0.0059698,0.0001287,10.161,-0.1325,-0.73246,2.0217,6.318,0,0.495,0.26204,-0.12039
161.27,-192.94,29.806,-1.0026,2.0912,0.0058166,8.7573e-05,7.5003,-1.1589,-1.7157,0.82386,5.38,0,0.495,0.26204,-0.12837
157.94,-186.39,29.839,-1.0312,2.001,0.005773,8.2469e-05,6.7524,-0.81252,-0.12744,-0.0026845,3.8177,0,0.495,0.27007,-0.12834
198.25,-238.14,29.722,-1.1595,2.1414,0.0060724,0.00015929,11.809,0.41399,-0.73385,3.0569,6.5602,0,0.495,0.26203,-0.1164
196.69,-215.97,29.837,-1.1005,1.9058,0.0057956,8.6632e-05,7.3107,-0.10331,3.864,1.4725,2.2735,0,0.495,0.27818,-0.12402
185.09,-206.74,29.861,-1.054,1.8952,0.0057426,7.4735e-05,6.2827,-0.58602,3.6919,0.6583,2.7684,0,0.495,0.27819,-0.12806
-2829.3,13807,4.5871,2.9422,0.07138,24.995,0.028938,865.92,-54.004,-306.5,27.486,126.4,0,0.495,0.047206,-0.15211
-2630,11607,3.9935,2.5699,-1.8661,24.773,0.029754,833.16,-52.471,-313.37,4.7102,55.833,0,0.495,0.039283,-0.1521
-3193.5,14827,4.4211,2.6573,-0.18618,25.703,0.031054,829.21,-56.778,-314.25,16.823,110.44,0,0.495,0.047208,-0.14811
-2878.6,12533,3.923,2.3105,-2.1618,25.506,0.031694,805.22,-55.263,-318.5,-1.3158,46.351,0,0.495,0.039285,-0.1481
935.48,10452,3.8556,1.6803,-4.5059,25.423,0.031072,820.51,-56.467,-319.04,-14.392,-4.3833,0,0.495,0.031363,-0.1441
-3355.4,13374,3.8793,2.0477,-2.4454,26.126,0.033444,781.54,-57.817,-322.69,-6.3602,38.287,0,0.495,0.039287,-0.14411
935.04,9652.6,3.8513,1.906,-4.1996,24.865,0.029534,844.34,-53.968,-316.35,-11.25,0.78805,0,0.495,0.031361,-0.14809
990.09,8779.7,3.8665,2.1303,-3.8763,24.191,0.027834,871.72,-51.21,-312.86,-7.5986,6.5656,0,0.495,0.031359,-0.15209
-3720.5,15742,4.2976,2.3662,-0.43836,26.329,0.032992,799.11,-59.342,-320.63,8.1344,97.283,0,0.495,0.047211,-0.14412
1382.6,14284,5.8078,3.2473,1.8827,25.633,0.026216,980.32,-53.25,-284.94,70.709,224.68,0,0.495,0.055135,-0.15212
2890.9,12882,6.2154,3.5324,2.0705,25.084,0.023827,1042.8,-50.299,-270.64,95.618,253.11,0,0.495,0.055131,-0.15611
-2449.7,12719,4.8056,3.2195,0.32905,24.217,0.026675,910.95,-50.981,-297.13,41.218,145.71,0,0.495,0.047204,-0.1561
6080.5,11705,9.4557,3.9712,3.5875,26.352,0.018317,1297.9,-46.681,-199.63,208.41,411.3,0,0.495,0.063102,-0.16012
5017.2,11272,6.7361,3.8013,2.241,24.561,0.021345,1117.5,-47.261,-253.39,127.72,286.91,0,0.495,0.055129,-0.16011
3676.9,13190,8.6352,3.7201,3.5363,26.689,0.020369,1218.6,-49.638,-222.25,166.71,377.37,0,0.495,0.063106,-0.15613
1578.1,14499,7.9651,3.4455,3.4505,27.032,0.022511,1147.8,-52.528,-241.82,131.04,345.37,0,0.495,0.063119,-0.15213
-267.7,11465,5.0914,3.4876,0.58232,23.398,0.024312,966.66,-47.858,-285.83,59.557,169.84,0,0.495,0.047201,-0.1601
-2396.4,10603,4.0957,2.8249,-1.5624,23.923,0.027641,866.26,-49.43,-307.17,11.936,67.116,0,0.495,0.039281,-0.15609
1200.3,6795.7,3.9648,2.5707,-3.1922,22.467,0.024016,938.41,-45.026,-303.14,1.1375,20.884,0,0.495,0.031354,-0.16008
1030.2,7843.8,3.9035,2.3521,-3.5397,23.393,0.025987,902.95,-48.183,-308.48,-3.7577,13.118,0,0.495,0.031357,-0.15608
-539.73,9450.7,4.2363,3.0744,-1.2534,22.964,0.02538,905.93,-46.257,-299.71,21.558,81.104,0,0.495,0.039278,-0.16009
497.77,15548,5.4882,2.9497,1.6841,26.176,0.028356,928.32,-55.983,-296.69,51.569,200.64,0,0.495,0.055144,-0.14813
-644.39,16830,6.9842,2.8429,3.2065,27.733,0.026554,1031.3,-57.74,-272.78,76.731,289.71,0,0.495,0.063192,-0.14413
327.98,15716,7.422,3.1517,3.3377,27.382,0.024534,1085.4,-55.217,-258.53,101.64,315.82,0,0.495,0.063155,-0.14813
-240.27,16666,5.2383,2.6423,1.4809,26.692,0.030306,885.13,-58.526,-306.44,36.021,180.69,0,0.495,0.055153,-0.14413
-430.3,5060,4.7122,0.64025,-9.3524,20.913,0.018439,1203.9,-57.229,-314.21,-28.567,-92.599,0,0.495,0.015524,-0.13608
-745.22,8406.4,4.2151,0.93584,-7.179,24.387,0.02765,890.97,-58.695,-314.91,-23.086,-43.808,0,0.495,0.02345,-0.13609
-249.81,4556.6,4.6295,0.76568,-9.0793,20.615,0.017739,1233.4,-55.469,-315.71,-27.169,-91.466,0,0.495,0.015516,-0.14009
-832.21,7986.5,4.1461,1.1146,-6.9038,24.065,0.026705,912.66,-56.87,-315.35,-21.044,-41.153,0,0.495,0.023442,-0.14009
-774.45,7377,4.0929,1.2957,-6.6053,23.664,0.025572,937.48,-54.724,-314.97,-18.546,-38.209,0,0.495,0.023438,-0.14409
972.95,11137,3.8801,1.4536,-4.7938,25.878,0.032432,799.99,-58.676,-320.91,-17.656,-9.065,0,0.495,0.031367,-0.1401
159.36,3878.5,4.5598,0.89375,-8.7788,20.262,0.01698,1265.8,-53.377,-316.51,-25.17,-89.904,0,0.495,0.015511,-0.14408
1071.9,11645,3.9235,1.2272,-5.0616,26.24,0.033516,782.49,-60.57,-321.91,-20.518,-13.284,0,0.495,0.031375,-0.1361
-20447,3313.1,5.7365,0.35737,-11.644,14.886,0.006983,2671.4,-56.018,605.45,-23.133,-1661.7,0,0.495,0.0075958,-0.13608
-18545,3068.3,5.832,0.29264,-11.878,15.065,0.0072243,2662.6,-57.355,621.2,-24.018,-1653.5,0,0.495,0.0076055,-0.13208
-498.64,5406.5,4.8081,0.51814,-9.5979,21.163,0.019078,1177.1,-58.662,-312.15,-30.21,-93.236,0,0.495,0.015533,-0.13208
-34446,1373.9,6.6443,0.15143,-13.249,11.295,0.00099011,3931.7,-57.149,1581.2,4.1364,-3163.8,0,0.495,0,-0.12807
-16497,2833.4,5.9341,0.23007,-12.082,15.225,0.007452,2654.4,-58.328,635.03,-24.227,-1644.4,0,0.495,0.0076155,-0.12807
-38578,2223.9,6.5478,0.1857,-13.054,11.19,0.00097971,3918.5,-56.261,1556.3,3.8968,-3181.7,0,0.495,0,-0.13207
-350.48,5647,4.9151,0.39968,-9.8164,21.37,0.019654,1153,-59.753,-309.65,-31.218,-93.412,0,0.495,0.015543,-0.12808
-42597,3217.7,6.4554,0.22124,-12.828,11.082,0.00096972,3904,-54.998,1527.1,4.2472,-3198.4,0,0.495,0,-0.13608
-642.28,8655.2,4.3005,0.76087,-7.4306,24.641,0.02845,872.21,-60.206,-313.74,-25.442,-46.068,0,0.495,0.023459,-0.13209
1396,12172,4.0692,0.78252,-5.5391,26.732,0.034805,755.61,-63.585,-321.73,-26.585,-20.438,0,0.495,0.031393,-0.1281
1200.3,11950,3.9867,1.0031,-5.3089,26.522,0.034273,767.79,-62.172,-322.09,-23.703,-17.043,0,0.495,0.031384,-0.1321
-387.72,8850.1,4.4005,0.59061,-7.6591,24.836,0.029128,856.12,-61.414,-312.06,-27.328,-47.968,0,0.495,0.023469,-0.12809
-22239,3357.7,5.6503,0.42407,-11.38,14.686,0.006729,2680.3,-54.338,587.71,-22.574,-1668.6,0,0.495,0.0075876,-0.14008
-23819,3321.5,5.5729,0.49258,-11.085,14.461,0.0064622,2689.2,-52.31,568.01,-21.353,-1674.3,0,0.495,0.0075831,-0.14408
-50467,4721.4,6.2908,0.29522,-12.28,10.846,0.00095069,3868.1,-51.448,1455.5,4.7676,-3225.9,0,0.495,0,-0.14408
-46632,3963.1,6.37,0.25773,-12.57,10.968,0.00096013,3887.3,-53.4,1493.6,4.1989,-3213.1,0,0.495,0,-0.14008
-6833.9,14763,3.8672,1.5143,-2.9694,27.054,0.036293,744.81,-62.086,-328.38,-15.365,25.147,0,0.495,0.039298,-0.13611
-8556.4,17326,4.1592,1.7689,-0.91882,27.32,0.03626,753.96,-63.678,-330.04,-5.9101,76.696,0,0.495,0.047221,-0.13612
-4929.3,14131,3.8615,1.782,-2.7152,26.639,0.03499,761.55,-60.1,-325.98,-11.13,31.255,0,0.495,0.039291,-0.14011
-5431,16591,4.2119,2.0699,-0.68318,26.867,0.034731,774.33,-61.641,-325.86,0.64382,86.121,0,0.495,0.047215,-0.14012
-12614,17960,4.1378,1.4643,-1.1433,27.69,0.037569,737.39,-65.407,-333.2,-12.074,68.51,0,0.495,0.04723,-0.13212
-9162.6,19523,4.8082,1.6711,0.8733,27.948,0.035231,795.7,-64.679,-326.98,2.8018,137.64,0,0.495,0.055173,-0.13214
-5642.2,18694,4.9049,2.002,1.0721,27.586,0.033771,819.81,-62.879,-321.5,12.347,149.74,0,0.495,0.055166,-0.13614
-8125.1,20579,5.9944,1.4856,2.5809,28.93,0.032882,884.1,-65.448,-310.2,11.976,214.36,0,0.495,0.063226,-0.12812
-5599.9,19809,6.1479,1.8405,2.7464,28.675,0.031608,911.9,-63.862,-303.39,24.604,229.18,0,0.495,0.06322,-0.13213
-13639,20173,4.7518,1.3348,0.67789,28.251,0.036482,776.36,-66.262,-331.16,-5.6724,127.37,0,0.495,0.055181,-0.12813
-15006,18445,4.1453,1.1569,-1.3558,27.984,0.038649,724.28,-66.845,-335.48,-17.714,61.415,0,0.495,0.047238,-0.12812
-4966,18886,6.3585,2.1854,2.9062,28.387,0.030084,945.27,-62.07,-295.01,39.093,246.59,0,0.495,0.063215,-0.13613
-7907.5,15256,3.8971,1.2456,-3.2066,27.382,0.037256,731.04,-63.778,-329.98,-19.699,19.761,0,0.495,0.039307,-0.13211
-8327,15604,3.9499,0.97646,-3.4303,27.633,0.037957,719.98,-65.265,-331.01,-23.721,14.929,0,0.495,0.039315,-0.12811
-2373.6,17742,5.047,2.3262,1.2757,27.165,0.03212,849.34,-60.833,-314.63,23.195,163.83,0,0.495,0.055159,-0.14014
-2893.8,17929,6.6345,2.52,3.061,28.072,0.028462,984.84,-60.03,-284.89,56.23,266.53,0,0.495,0.063208,-0.14013
-5266.2,-2102.1,27.09,2.0578,4.8117,9.0026,0.0099057,884.71,-29.436,24.721,165.57,250.85,0,0.495,0.11085,-0.15219
-6201.3,-325.66,24.805,2.4641,5.2026,15.025,0.0134,1107.3,-33.722,11.411,211.85,340.07,0,0.495,0.10293,-0.15218
-5724.7,-1556.1,26.438,1.9469,5.0725,10.884,0.01129,944.22,-30.874,21.776,171.47,275.75,0,0.495,0.11085,-0.1482
-3736.8,426.31,23.986,2.3284,5.4671,17.133,0.01489,1140.1,-35.449,4.0765,208.01,357.98,0,0.495,0.10293,-0.14818
5428.4,3699.7,20.074,2.4961,5.9318,24.785,0.019357,1273.5,-41.347,-40.304,207.6,429.59,0,0.495,0.095001,-0.14418
-3733.8,1235.7,23.186,2.1684,5.7017,19.103,0.016339,1161.2,-37.099,-3.8652,200.37,371.54,0,0.495,0.10293,-0.14419
6499.2,2723.2,20.939,2.6902,5.726,23.116,0.018046,1276.1,-39.386,-28.667,223.69,423.71,0,0.495,0.095001,-0.14817
4643.5,1768.2,21.857,2.8573,5.4843,21.218,0.016625,1270.4,-37.333,-17.068,237.59,414.1,0,0.495,0.095001,-0.15216
-5939.7,-879.97,25.768,1.8158,5.3121,12.776,0.012691,990.76,-32.266,17.747,173.16,296.76,0,0.495,0.11085,-0.14421
-1811.4,-2320.7,28.667,1.6726,4.4079,4.4239,0.0067244,625.71,-26.999,24.845,110.23,159.64,0,0.495,0.11878,-0.15221
-1355.7,-2575.4,29.056,1.7564,4.1701,3.2785,0.0056954,542.05,-25.893,23.113,95.946,132.03,0,0.495,0.11878,-0.1562
-4592.3,-2699.2,27.708,2.1488,4.5351,7.1926,0.0085615,811.6,-28.013,26.329,155.73,221.96,0,0.495,0.11085,-0.15618
672,-2163.9,29.888,1.4807,3.6703,0.78404,0.0029219,242.22,-22.477,12.778,38.346,45.605,0,0.495,0.12671,-0.16021
-937.72,-2615,29.385,1.8264,3.9311,2.3217,0.0047588,454.53,-24.792,20.513,80.293,105.13,0,0.495,0.11878,-0.16019
309.56,-2247.7,29.732,1.4112,3.8616,1.1954,0.0035595,307.78,-23.225,15.324,48.954,62.861,0,0.495,0.12671,-0.15622
-254.96,-2202.4,29.532,1.3311,4.0547,1.7406,0.0042561,378.56,-23.988,17.816,60.537,82.885,0,0.495,0.12671,-0.15222
-3965.9,-3048.1,28.275,2.2201,4.2486,5.5173,0.0072816,725.25,-26.604,26.453,141.42,190.46,0,0.495,0.11085,-0.16018
-7866.8,-1195.6,25.628,2.575,4.9118,12.823,0.011887,1060.6,-31.954,17.769,211.79,316.7,0,0.495,0.10293,-0.15617
2261.9,-394.5,23.813,3.104,4.8997,16.766,0.013571,1223.3,-33.014,4.647,256.42,379.22,0,0.495,0.095,-0.16015
3390.5,641.91,22.819,2.9959,5.208,19.096,0.015127,1253.8,-35.192,-5.8317,249.27,399.29,0,0.495,0.095,-0.15615
-7205.6,-1891.5,26.436,2.66,4.5994,10.589,0.010374,997.54,-30.161,22.784,206.1,288.39,0,0.495,0.10293,-0.16016
-2276.7,-2065.4,28.224,1.5744,4.6397,5.7344,0.0078363,702.27,-28.134,25.521,122.59,186.21,0,0.495,0.11878,-0.14821
-1104,-1920.2,28.988,1.139,4.4342,3.265,0.005885,523.4,-25.57,21.707,84.29,127.17,0,0.495,0.12671,-0.14424
-685.19,-2140.4,29.284,1.2403,4.2467,2.43,0.0050306,451.48,-24.784,20.025,72.608,104.5,0,0.495,0.12671,-0.14823
-2664,-1634.5,27.735,1.4612,4.8602,7.1739,0.0090164,769.61,-29.23,25.123,132.11,211.09,0,0.495,0.11878,-0.14422
1946.9,9508.8,15.107,2.2119,6.0754,30.28,0.022607,1265.8,-49.918,-117.44,161.09,450.62,0,0.495,0.087078,-0.13617
3406.4,8651.2,15.82,2.4883,5.9977,29.498,0.021651,1294,-48.168,-103.97,182.96,458.28,0,0.495,0.087076,-0.14017
-228.16,13566,11.661,2.3142,5.5061,30.787,0.023266,1212.2,-55.094,-182.61,126.5,427.02,0,0.495,0.079151,-0.13615
1294,12556,12.279,2.6225,5.5069,30.373,0.021991,1251.8,-53.171,-167.57,152.13,443.48,0,0.495,0.079149,-0.14015
4781.2,7725.2,16.615,2.743,5.8835,28.553,0.020707,1320.7,-46.268,-89.524,204.77,463.65,0,0.495,0.087075,-0.14416
4344.1,4522.8,19.268,2.2775,6.1011,26.237,0.020561,1264.7,-43.138,-51.568,191.04,431.69,0,0.495,0.095002,-0.14018
2977.9,11467,12.996,2.9102,5.4748,29.872,0.020867,1293.3,-51.069,-150.9,179.09,458.95,0,0.495,0.079147,-0.14414
2884.3,5295.1,18.523,2.0373,6.2337,27.484,0.021679,1251.3,-44.776,-62.327,173.56,431.13,0,0.495,0.095004,-0.13618
-29.125,16603,8.6143,2.2969,4.4342,29.747,0.026054,1094.4,-58.676,-246.85,84.794,348.78,0,0.495,0.071213,-0.13614
-934.16,17596,8.2484,1.9537,4.3301,29.986,0.027632,1055.8,-60.399,-258.28,64.021,328.47,0,0.495,0.071216,-0.13214
-1364.5,14468,11.136,1.9881,5.4755,31.133,0.024593,1175.2,-56.739,-195.89,103.2,409.72,0,0.495,0.079153,-0.13215
-1643.4,18461,7.9601,1.5977,4.2111,30.202,0.029114,1022.2,-61.88,-267.83,45.552,310.32,0,0.495,0.07122,-0.12814
-2132.1,15209,10.698,1.6469,5.4184,31.425,0.026043,1141.1,-58.163,-207.32,81.368,392.53,0,0.495,0.079156,-0.12816
671.68,10224,14.473,1.9164,6.1178,30.925,0.023536,1237,-51.423,-129.86,140.4,440.62,0,0.495,0.08708,-0.13217
354.89,6440.9,17.222,1.5025,6.3916,29.442,0.023737,1215.7,-47.415,-82.063,139.48,422.4,0,0.495,0.095008,-0.12819
1674.1,5918.3,17.841,1.7782,6.3303,28.545,0.022704,1234.7,-46.188,-72.53,156.62,427.77,0,0.495,0.095006,-0.13219
-466.31,10803,13.916,1.6045,6.1267,31.455,0.024569,1208.3,-52.735,-141.04,119.92,429.16,0,0.495,0.087082,-0.12817
1246.6,15578,9.0674,2.6259,4.5195,29.482,0.024475,1138.2,-56.659,-233.37,108.84,370.62,0,0.495,0.071211,-0.14014
2758,14441,9.6186,2.9383,4.5817,29.185,0.022763,1187.2,-54.437,-217.58,136.07,394.18,0,0.495,0.071206,-0.14413
1554.2,2541.6,21.682,1.7831,6.0724,22.539,0.019077,1177,-40.025,-20.323,179.14,386.37,0,0.495,0.10293,-0.1362
-654.21,287.58,24.424,1.4968,5.7135,16.396,0.015461,1050.5,-34.819,7.5616,167.84,326.04,0,0.495,0.11086,-0.13622
-1620.3,1903.2,22.415,1.9861,5.9038,20.91,0.017737,1172.9,-38.628,-12.073,190.79,380.64,0,0.495,0.10293,-0.1402
-3942.1,-309.14,25.093,1.6655,5.5268,14.627,0.014087,1025.7,-33.593,12.92,171.96,313.31,0,0.495,0.11085,-0.14021
-425.07,767.25,23.771,1.3117,5.8704,18.057,0.016802,1066.9,-35.921,1.8951,162.31,334.84,0,0.495,0.11086,-0.13222
-3541.1,-364.25,26.1,1.0356,5.4119,11.851,0.012793,910.91,-32.182,18.496,144.92,267.48,0,0.495,0.11878,-0.13223
-3376.1,-765.41,26.663,1.1912,5.2498,10.274,0.011513,873.69,-31.279,21.456,143.03,252,0,0.495,0.11878,-0.13623
-2116.5,-1041.5,27.841,0.77161,4.9336,6.5195,0.0088813,709.48,-27.828,22.304,112.07,190.92,0,0.495,0.12671,-0.13225
-3488.5,45.798,25.531,0.86723,5.5484,13.395,0.014072,939.35,-32.971,15.017,144.28,279.83,0,0.495,0.11878,-0.12824
-772.69,1204.3,23.139,1.1115,5.9959,19.59,0.018099,1076.2,-36.884,-3.8869,154.87,340.48,0,0.495,0.11086,-0.12822
-1788.1,-1352.5,28.261,0.90453,4.7813,5.3316,0.0078208,654.17,-27.112,22.878,104.39,171.12,0,0.495,0.12671,-0.13625
1602.5,3048.1,20.991,1.5619,6.2066,23.988,0.020354,1175.2,-41.242,-28.404,167.19,388.67,0,0.495,0.10293,-0.1322
857.4,3478.6,20.345,1.3244,6.3067,25.264,0.021569,1168.8,-42.3,-36.162,154.34,388.43,0,0.495,0.10293,-0.12821
-3056.8,-1244.6,27.211,1.3335,5.0649,8.7016,0.010248,826.78,-30.296,23.722,139.11,233.04,0,0.495,0.11878,-0.14023
-1420,-1699.7,28.646,1.0271,4.6137,4.2383,0.0068178,591.69,-26.362,22.684,95.224,149.56,0,0.495,0.12671,-0.14024
498.81,-533.69,29.955,0.1731,3.0093,0.0066279,9.3575e-05,16.255,-13.43,-0.2444,7.5818,1.7701,0,0.495,0.1746,-0.15202
569.97,-620.17,29.971,0.29635,3.1324,0.00766,0.00012433,20.69,-14.933,-0.71656,6.8688,2.7536,0,0.495,0.16664,-0.15201
512.1,-544.92,29.919,0.11026,3.0784,0.0068838,0.00011172,18.028,-13.4,0.64161,6.352,1.5005,0,0.495,0.1746,-0.14802
590.52,-640.98,29.94,0.23028,3.2114,0.0085549,0.00015207,23.151,-14.989,0.45637,5.757,2.5132,0,0.495,0.16664,-0.14801
746.45,-821.27,29.934,0.30018,3.4424,0.024201,0.00036044,39.363,-16.837,2.4158,5.3761,3.4797,0,0.495,0.1586,-0.14402
608.12,-660.07,29.912,0.16347,3.2894,0.010038,0.00019037,26.137,-15.024,1.6,4.8059,2.5092,0,0.495,0.16664,-0.14402
727.72,-799.82,29.959,0.3709,3.3519,0.016733,0.0002563,33.127,-16.707,1.3247,5.6592,2.7614,0,0.495,0.1586,-0.14801
702.57,-772.12,29.986,0.43969,3.26,0.012282,0.0001905,28.404,-16.556,-0.062316,6.3324,2.5575,0,0.495,0.1586,-0.15201
523.17,-557.61,29.887,0.04717,3.1466,0.0072557,0.00013488,20.053,-13.351,1.5226,5.13,1.3622,0,0.495,0.1746,-0.14403
464.78,-483.83,29.93,0.065764,2.8856,0.0062726,7.5086e-05,13.266,-12.04,0.013479,8.1792,0.88674,0,0.495,0.18255,-0.15206
450.84,-471.19,29.974,0.12537,2.8218,0.0061706,6.5325e-05,12.008,-12.12,-0.31101,9.0708,1.1259,0,0.495,0.18255,-0.15605
481.52,-517.42,29.995,0.2352,2.9392,0.0064465,8.0066e-05,14.724,-13.439,-0.86553,8.5424,2.0587,0,0.495,0.1746,-0.15601
375.29,-394.03,29.998,0.07109,2.6487,0.0059535,5.3855e-05,9.0775,-10.989,0.36136,9.6608,1.3641,0,0.495,0.19059,-0.16019
434.41,-458.93,30.02,0.18226,2.7566,0.0060896,5.8478e-05,10.938,-12.183,-0.16562,9.3028,1.3917,0,0.495,0.18255,-0.16004
396.99,-411.79,29.95,0.018711,2.7078,0.0060128,5.8034e-05,9.9908,-10.868,-0.031835,9.5757,1.2399,0,0.495,0.19059,-0.1562
414.52,-428.93,29.903,-0.037528,2.7655,0.0060857,6.4741e-05,11.065,-10.731,-0.0506,8.8034,1.1293,0,0.495,0.19059,-0.15221
460.99,-499.82,30.037,0.29503,2.868,0.0063139,7.0234e-05,13.419,-13.429,-1.0329,8.9724,2.3721,0,0.495,0.1746,-0.16
544.69,-594.99,30.006,0.36118,3.0527,0.0071169,0.00010422,18.649,-14.858,-1.6712,7.9008,3.0692,0,0.495,0.16664,-0.156
631.6,-698.95,30.048,0.5715,3.0744,0.0082781,0.00012118,22.093,-16.206,-2.3199,7.9216,2.9867,0,0.495,0.1586,-0.15999
669.03,-736.54,30.016,0.50688,3.1674,0.009722,0.00014863,24.828,-16.388,-1.3895,7.1888,2.645,0,0.495,0.1586,-0.156
517.58,-570.03,30.044,0.42367,2.972,0.0067796,8.9501e-05,16.95,-14.768,-2.2509,8.5764,3.4432,0,0.495,0.16664,-0.15999
475.8,-492.3,29.89,0.0052371,2.9484,0.0064015,8.8587e-05,14.726,-11.938,0.64547,6.8712,0.64359,0,0.495,0.18255,-0.14807
439.24,-454.31,29.82,-0.15509,2.8798,0.0062844,8.8359e-05,13.748,-10.392,0.74805,5.9611,0.85592,0,0.495,0.19059,-0.14422
428.67,-442.32,29.859,-0.095956,2.8227,0.0061754,7.4695e-05,12.318,-10.573,0.27106,7.5077,0.96505,0,0.495,0.19059,-0.14822
484.21,-501.84,29.854,-0.055318,3.0106,0.0065649,0.00010599,16.382,-11.817,1.3319,5.4449,0.47566,0,0.495,0.18255,-0.14408
874.75,-1035.3,29.857,0.28845,3.8157,0.2092,0.0015919,115.44,-19.257,5.2415,13.221,17.763,0,0.495,0.15063,-0.13606
909.47,-1051.9,29.907,0.37733,3.7191,0.14143,0.0012749,92.419,-19.048,4.7581,10.385,12.496,0,0.495,0.15063,-0.14006
488.06,-1294.6,29.702,0.45199,4.059,0.75083,0.0029056,235.19,-21.564,9.7326,30.944,45.429,0,0.495,0.14261,-0.1362
712.65,-1363.8,29.809,0.55332,3.9441,0.52727,0.0024872,191.76,-21.229,8.5937,24.741,33.976,0,0.495,0.14259,-0.14023
918.95,-1048.2,29.945,0.46012,3.6173,0.092563,0.00096065,73.431,-18.814,4.1456,8.3627,8.5327,0,0.495,0.15063,-0.14405
758.4,-834.81,29.907,0.22628,3.5304,0.036077,0.00052417,47.442,-16.942,3.0871,5.7746,4.6969,0,0.495,0.1586,-0.14003
960.63,-1375.6,29.892,0.64733,3.8239,0.35834,0.0020636,153.25,-20.859,7.4702,19.461,24.459,0,0.495,0.14258,-0.14423
766.02,-840.3,29.877,0.14823,3.6145,0.053704,0.00073818,57.629,-17.017,3.3532,6.8246,6.5748,0,0.495,0.1586,-0.13604
-396.59,-1472.9,29.248,0.66331,4.3789,2.2326,0.0049102,424.96,-24.513,16.801,62.161,98.06,0,0.495,0.13464,-0.13625
-747.44,-1318.6,28.988,0.54386,4.5094,2.9118,0.0056553,485.14,-25.053,17.716,71.579,116.85,0,0.495,0.13465,-0.13224
272.6,-1218.9,29.569,0.34377,4.1671,1.0378,0.0033638,282.54,-21.867,10.795,37.968,58.381,0,0.495,0.14267,-0.13211
805.63,-1017.6,29.794,0.19385,3.9062,0.30128,0.0018983,142.67,-19.443,5.691,16.965,24.173,0,0.495,0.15064,-0.13205
773.44,-845.63,29.84,0.065008,3.6937,0.07863,0.00095538,70.232,-17.064,3.2278,8.6129,9.0121,0,0.495,0.1586,-0.13204
-51.616,-1631.9,29.469,0.77477,4.2387,1.6595,0.0042289,363.76,-23.947,15.422,52.627,79.75,0,0.495,0.13464,-0.14026
329.64,-1686.7,29.65,0.87766,4.0914,1.1936,0.0036121,303.81,-23.338,13.77,43.229,62.764,0,0.495,0.13464,-0.14425
640.36,-690.88,29.86,0.024588,3.4398,0.016336,0.00032094,34.32,-15.015,2.7478,4.565,3.3075,0,0.495,0.16664,-0.13604
548.97,-580.06,29.832,-0.081796,3.2793,0.0086479,0.00020146,24.955,-13.172,2.3319,4.0823,1.5532,0,0.495,0.1746,-0.13605
623.31,-674.98,29.886,0.095402,3.3659,0.012467,0.00024451,29.796,-15.033,2.3826,4.362,2.75,0,0.495,0.16664,-0.14003
535.1,-567.69,29.859,-0.016502,3.214,0.0078087,0.00016443,22.345,-13.275,2.1534,4.2858,1.3586,0,0.495,0.1746,-0.14004
565.99,-594.67,29.803,-0.15018,3.3428,0.0099261,0.00024869,27.944,-13.04,2.1493,4.5087,1.8769,0,0.495,0.1746,-0.13206
521.92,-538.15,29.766,-0.24134,3.1954,0.0074127,0.00018417,22.405,-11.291,1.5024,3.6988,0.69037,0,0.495,0.18255,-0.1321
505.34,-523.6,29.794,-0.17718,3.1345,0.0070483,0.00015348,20.221,-11.497,1.9088,3.637,0.49907,0,0.495,0.18256,-0.1361
481.14,-496.19,29.726,-0.33752,3.0538,0.0067545,0.00015118,18.947,-9.672,1.1517,3.2996,1.0278,0,0.495,0.19055,-0.13218
465.63,-482.11,29.755,-0.27494,2.9954,0.0065691,0.00012621,17.072,-9.9443,1.2338,3.5676,0.87402,0,0.495,0.19058,-0.13623
654.88,-703.63,29.83,-0.049917,3.5108,0.022265,0.00043135,39.915,-14.969,2.8494,5.4212,4.1061,0,0.495,0.16664,-0.13204
493.08,-510.88,29.823,-0.11583,3.0728,0.0067737,0.0001276,18.214,-11.671,1.8732,4.268,0.40797,0,0.495,0.18256,-0.14009
450.75,-466.24,29.786,-0.2145,2.9373,0.0064144,0.00010561,15.338,-10.183,1.1397,4.5357,0.81058,0,0.495,0.19059,-0.14023
55.043,-64.118,30.397,-0.55761,-0.67792,0.005477,0.0001054,0.63251,-5.938,2.043,0.20762,-1.6013,0,0.495,0.41339,0.20093
50.788,-55.439,30.362,-0.56366,-0.8444,0.0054771,0.0001137,0.61594,-5.8029,0.37204,0.14687,-0.96725,0,0.495,0.39748,0.20085
22.505,-20.647,30.372,-0.50442,-0.83162,0.0054764,0.00016648,0.59267,-6.0918,1.3357,-1.4118,0.037567,0,0.495,0.39748,0.20893
39.545,-45.244,30.411,-0.49622,-0.66661,0.0054756,0.00011892,0.59646,-6.205,3.4349,-0.02364,-1.9636,0,0.495,0.41338,0.20897
31.151,-49.04,29.87,-1.0695,-0.088156,0.0055664,0.00011523,2.2998,0.16512,-0.1307,0.65668,-5.1668,0,0.495,0.4139,0.015963
31.941,-50.066,29.863,-1.0774,-0.044796,0.0055696,0.00011401,2.3602,0.22013,-0.064015,0.80306,-5.3156,0,0.495,0.41389,0.007984
38.333,-54.004,29.773,-1.1617,-0.099077,0.0056131,0.00011725,3.2455,1.2987,-1.1034,0.315,-3.8823,0,0.495,0.39751,0.015963
43.538,-58.078,29.764,-1.172,-0.049786,0.0056198,0.00011408,3.3789,1.371,-0.15927,1.9141,-3.911,0,0.495,0.39751,0.007986
40.507,-55.419,29.764,-1.1806,-0.078256,0.0056225,0.0001169,3.4355,1.4785,-1.1567,0.86028,-3.9532,0,0.495,0.3975,0.011973
32.52,-50.943,29.855,-1.0777,-0.019271,0.0055704,0.00011279,2.3716,0.23711,-0.19436,0.95948,-5.4558,0,0.495,0.41387,0
37.096,-53.738,29.752,-1.1712,-0.021393,0.0056218,0.00011857,3.3991,1.3888,0.77645,0.72358,-4.2559,0,0.495,0.39752,0
40.08,-56.148,29.743,-1.1831,-0.021759,0.0056278,0.00011698,3.5271,1.5234,0.56867,1.5483,-4.1369,0,0.495,0.3975,0.0040034
33.719,-47.369,29.945,-1.0536,-0.25691,0.0055413,0.00011815,1.8217,-0.38793,0.77749,1.6477,-3.8756,0,0.495,0.4139,0.047935
32.683,-46.276,29.928,-1.0781,-0.21772,0.0055469,0.00011825,1.9265,-0.20284,1.0824,1.8931,-4.1634,0,0.495,0.4139,0.039915
45.516,-56.503,29.872,-1.1406,-0.2962,0.0055711,0.00011222,2.4574,0.63709,0.3901,2.3388,-2.4751,0,0.495,0.39752,0.047901
45.005,-56.557,29.849,-1.1657,-0.24845,0.0055811,0.00011172,2.6526,0.86024,-0.66298,2.5463,-2.8447,0,0.495,0.39752,0.039908
46.219,-57.943,29.854,-1.1616,-0.27558,0.0055808,0.00011106,2.6612,0.8792,-0.88803,2.0992,-2.7766,0,0.495,0.39751,0.043901
33.07,-45.228,29.903,-1.0741,-0.17611,0.005553,0.00011625,2.0372,-0.049767,3.0961,2.5084,-4.5271,0,0.495,0.4139,0.031926
47.064,-54.237,29.817,-1.1693,-0.20089,0.005591,0.00010965,2.8264,1.0413,3.6308,3.7286,-3.1299,0,0.495,0.39752,0.031925
44.37,-54.458,29.827,-1.1895,-0.22534,0.0055887,0.00011162,2.7958,1.0849,1.3964,3.3505,-3.0243,0,0.495,0.3975,0.035916
31.637,-42.119,30.031,-1.04,-0.37427,0.0055215,0.00012567,1.4338,-1.0973,1.6477,2.058,-2.6234,0,0.495,0.41389,0.072043
49.661,-58.797,29.983,-1.1126,-0.43776,0.0055402,0.00011095,1.8568,-0.2007,0.59347,2.8632,-1.1384,0,0.495,0.39755,0.072076
32.51,-40.978,30.053,-1.0101,-0.40629,0.0055166,0.0001268,1.337,-1.3699,2.1386,1.9843,-2.3183,0,0.495,0.41382,0.080071
47.245,-52.145,30.013,-1.0811,-0.47801,0.0055323,0.00011424,1.6876,-0.52486,3.0599,2.8387,-0.91603,0,0.495,0.39752,0.080043
51.422,-59.67,29.994,-1.1025,-0.46377,0.0055387,0.00010919,1.8359,-0.25783,1.4086,2.6876,-1.0938,0,0.495,0.39752,0.076056
30.986,-38.55,30.002,-1.0513,-0.33965,0.0055263,0.0001249,1.517,-0.84204,3.6569,2.8213,-2.9671,0,0.495,0.41391,0.064046
46.564,-50.132,29.947,-1.136,-0.39683,0.0055473,0.00011391,1.9791,0.099978,3.4299,3.857,-1.2833,0,0.495,0.39759,0.064092
48.218,-56.274,29.962,-1.1419,-0.42213,0.0055455,0.00011147,1.9637,0.060624,1.5233,3.4066,-1.2183,0,0.495,0.39758,0.0681
36.336,-43.734,30.148,-0.98106,-0.50139,0.0055033,0.00012454,1.093,-2.2805,2.3158,2.3694,-1.5212,0,0.495,0.41361,0.10424
53.149,-62.761,30.116,-1.0441,-0.5957,0.0055136,0.00010418,1.338,-1.5911,4.0672,2.3331,-2.1756,0,0.495,0.39766,0.1043
40.497,-48.134,30.177,-0.9456,-0.52947,0.0055,0.0001187,1.0342,-2.6086,2.4683,2.1141,-1.5789,0,0.495,0.4136,0.11225
53.769,-59.415,30.142,-1.0163,-0.63373,0.0055082,0.00010123,1.2287,-1.9695,5.9995,1.5874,-2.835,0,0.495,0.39757,0.11243
55.857,-64.459,30.125,-1.0361,-0.62378,0.0055121,9.8744e-05,1.3155,-1.7025,5.3734,1.8908,-3.0071,0,0.495,0.39763,0.10834
30.544,-33.268,30.117,-1.0008,-0.47354,0.0055063,0.00013305,1.1328,-1.9634,4.3329,2.8119,-1.6471,0,0.495,0.41361,0.09622
44.361,-45.773,30.085,-1.0698,-0.56158,0.005518,0.00011454,1.4055,-1.2234,5.7518,2.8706,-1.3039,0,0.495,0.39759,0.096213
50.388,-58.741,30.097,-1.0707,-0.5874,0.005517,0.00010595,1.4057,-1.3241,4.6892,2.5261,-2.0277,0,0.495,0.39764,0.10026
51.447,-65.541,30.264,-0.84732,-0.61466,0.0054914,0.00010299,0.89725,-3.5715,1.2494,2.5166,-2.5736,0,0.495,0.41365,0.13631
76.979,-92.825,30.201,-0.90253,-0.73831,0.0054962,8.6905e-05,1.0251,-3.0666,1.4677,1.8379,-3.7948,0,0.495,0.39748,0.13659
42.209,-54.166,30.296,-0.79665,-0.63328,0.0054886,0.00011078,0.83097,-3.8868,3.1863,2.1971,-3.1593,0,0.495,0.41366,0.14432
55.714,-64.061,30.227,-0.85128,-0.7643,0.0054915,9.8359e-05,0.90449,-3.4679,4.5685,1.8194,-3.998,0,0.495,0.39748,0.14457
69.482,-81.483,30.206,-0.87816,-0.76339,0.0054943,9.0233e-05,0.97771,-3.2279,3.0426,1.8335,-4.1168,0,0.495,0.39747,0.14059
46.487,-57.053,30.233,-0.89531,-0.59137,0.0054935,0.00010953,0.92454,-3.2589,2.529,2.3017,-2.1374,0,0.495,0.41361,0.12829
72.268,-87.084,30.178,-0.96541,-0.71373,0.0054997,8.9665e-05,1.0925,-2.7106,3.0759,1.1282,-3.5321,0,0.495,0.39748,0.1286
84.217,-100.91,30.179,-0.94533,-0.74044,0.0054987,8.359e-05,1.0867,-2.8215,1.3054,1.6441,-3.7966,0,0.495,0.39747,0.1326
49.809,-62.516,30.361,-0.70999,-0.67294,0.0054827,0.00010598,0.7333,-4.8095,2.2759,0.98499,-2.6917,0,0.495,0.41354,0.16847
42.352,-52.038,30.379,-0.65322,-0.67617,0.0054811,0.00011522,0.6953,-5.1085,3.4493,0.25678,-2.8429,0,0.495,0.41347,0.17665
70.71,-83.72,30.304,-0.72684,-0.818,0.0054847,9.1314e-05,0.78598,-4.5342,1.4217,1.7876,-2.758,0,0.495,0.39747,0.16853
43.95,-51.899,30.324,-0.67207,-0.82366,0.0054822,0.00011124,0.71408,-4.8655,4.5719,0.53038,-2.8199,0,0.495,0.39747,0.17652
59.013,-71.181,30.31,-0.69732,-0.83641,0.0054839,9.8566e-05,0.76152,-4.6866,2.6445,1.2714,-2.6827,0,0.495,0.39747,0.17252
36.009,-44.428,30.341,-0.7557,-0.66756,0.0054836,0.00012029,0.73176,-4.5078,4.676,1.1005,-2.918,0,0.495,0.41359,0.16037
57.867,-71.082,30.277,-0.79071,-0.81161,0.005486,9.7318e-05,0.80423,-4.1909,3.1791,1.915,-3.1894,0,0.495,0.39748,0.16054
74.099,-88.128,30.283,-0.76751,-0.83198,0.0054857,8.9002e-05,0.8115,-4.3405,1.0086,2.2064,-2.7902,0,0.495,0.39747,0.16454
53650,-20675,8.5097,2.6774,2.3706,9.6699,0.0034496,2000.3,-6.8127,-106.17,664.61,65.606,0,0.495,0.015458,0.20011
60786,-11810,9.6065,3.5229,1.2035,12.554,0.0042616,2134.9,-9.6496,-125.47,829.69,-317.49,0,0.495,0.023386,0.20012
46833,-18069,15.708,2.5153,2.2515,7.1264,0.0021007,1603.1,-3.3387,69.789,806.8,293.27,0,0.495,0.01545,0.20825
2913.5,-6352,21.195,3.4918,1.1567,7.9649,0.003259,1679.5,-8.0993,3.1167,729.1,-310.36,0,0.495,0.031328,0.20827
36857,-3318.9,13.763,4.0168,0.48299,14.273,0.0045618,2203.6,-12.001,-41.541,939.18,-421.53,0,0.495,0.031316,0.20013
1.432e+05,-50329,6.9519,1.6934,3.7069,7.8351,0.0022049,2420.9,-5.3981,131.67,374.54,1472.6,0,0.495,0.0075287,0.20011
67722,-27965,13.048,1.8167,2.9143,5.4942,0.0013063,1340.5,-1.865,155.63,771.9,927.6,0,0.495,0,0.20824
2.0369e+05,-62917,7.636,1.3851,4.0225,7.3414,0.0010032,2628.9,-4.0735,325.82,417.85,2427.8,0,0.495,0,0.20011
2307.3,-2508,30.063,2.6988,-1.659,0.25178,0.001117,149.6,-17.611,1.7167,22.877,-24.031,0,0.495,0.094972,0.20019
939.32,-3367.7,29.787,3.052,-1.5288,0.68833,0.0021089,285.2,-17.941,12.562,57.377,-51.789,0,0.495,0.087046,0.20017
1485.7,-1631.6,30.16,2.5454,-1.3704,0.15282,0.0007173,104.32,-16.479,0.47734,19.696,-17.17,0,0.495,0.094947,0.2083
90.552,-2646.6,29.707,3.012,-0.91664,0.69933,0.0017335,280.98,-16.153,6.1853,71.956,-49.071,0,0.495,0.079087,0.20827
-3009.9,-5077.1,29.215,3.3431,-1.2845,1.7062,0.0030284,504.08,-17.52,23.384,119.42,-99.257,0,0.495,0.079115,0.20016
-17463,-6875.3,26.45,3.9707,-0.85761,6.8678,0.0053375,1197.5,-17.344,42.655,386.48,-255.22,0,0.495,0.063111,0.20019
-9688.6,-5168.6,28.066,3.7305,-1.1616,4.0242,0.0043747,862.99,-17.83,38.243,250.35,-182.75,0,0.495,0.07116,0.20015
-5751.8,-3920.4,28.475,3.4293,-0.30808,2.3915,0.00298,659.47,-15.169,17.557,219.41,-116.26,0,0.495,0.063183,0.2083
365.57,-434.35,30.38,0.94934,-2.122,0.0060973,4.9089e-05,9.8011,-14.18,-5.0459,7.1295,-2.7486,0,0.495,0.1586,0.19992
401.31,-487.07,30.367,1.1067,-2.1354,0.0063151,5.2672e-05,12.313,-14.931,-4.3372,8.3695,-3.1497,0,0.495,0.15062,0.19995
333.33,-379.78,30.422,0.97108,-1.9635,0.0060355,5.0766e-05,8.9072,-13.908,0.76538,4.3869,-2.1444,0,0.495,0.15859,0.208
438.55,-477.57,30.406,1.2651,-1.9495,0.0066838,6.0114e-05,13.846,-14.9,-1.2976,5.8931,-2.5819,0,0.495,0.14258,0.20819
437.1,-553.21,30.359,1.2686,-2.1313,0.0068384,6.2634e-05,15.429,-15.458,-2.2122,8.0191,-3.0743,0,0.495,0.14258,0.20013
578.72,-698.06,30.342,1.4268,-2.1476,0.0075053,7.168e-05,19.255,-16.047,-4.4629,8.3591,-2.7083,0,0.495,0.13463,0.20019
727.19,-761.69,30.374,1.6199,-1.8364,0.010019,8.7409e-05,22.781,-15.713,-1.976,6.5475,-3.1664,0,0.495,0.12668,0.20836
797.75,-930.39,30.331,1.6433,-2.0453,0.010483,9.3829e-05,25.476,-16.465,-8.087,7.5727,-2.5167,0,0.495,0.12669,0.20025
150.26,-185.2,30.367,0.2411,-1.9583,0.0056019,6.321e-05,2.6867,-10.291,1.3648,4.0549,-1.7216,0,0.495,0.20651,0.20036
168.5,-203.26,30.361,0.16294,-1.8974,0.0055779,5.9546e-05,2.3336,-9.6744,0.43523,4.1251,-1.8358,0,0.495,0.21445,0.20037
139.84,-168.2,30.399,0.27632,-1.8584,0.0055916,6.6912e-05,2.4962,-10.511,1.0759,2.1122,-1.1125,0,0.495,0.20654,0.2086
138.54,-168.51,30.393,0.10864,-1.7331,0.0055539,6.5616e-05,1.9104,-9.5407,3.4715,1.1118,-1.4186,0,0.495,0.22243,0.20866
166.43,-192.6,30.366,0.074898,-1.829,0.0055595,6.115e-05,2.0283,-9.2002,1.8548,3.1045,-2.0382,0,0.495,0.22239,0.20039
173.24,-206.11,30.374,0.41195,-2.0081,0.0056834,5.8933e-05,4.0512,-11.46,-5.6777,5.3584,-1.3722,0,0.495,0.19055,0.2001
133.73,-173.41,30.365,0.31258,-2.0327,0.0056291,6.4313e-05,3.0993,-10.856,-1.8349,4.7547,-1.8262,0,0.495,0.1985,0.20015
175.42,-208.99,30.41,0.44174,-1.8986,0.0056691,6.2391e-05,3.795,-11.566,-1.0393,2.9873,-1.0045,0,0.495,0.1905,0.20803
110.74,-125.96,30.354,-0.3728,-1.3761,0.0055046,7.4305e-05,1.1285,-6.371,2.9714,1.4653,-3.1749,0,0.495,0.28618,0.20065
118.27,-142.52,30.33,-0.31939,-1.467,0.0055079,7.0279e-05,1.201,-6.5417,1.3298,0.99855,-2.7087,0,0.495,0.27821,0.20066
72.756,-94.699,30.372,-0.3268,-1.325,0.0055017,8.5761e-05,1.0535,-6.8491,3.6911,-0.457,-2.9511,0,0.495,0.28608,0.20882
68.63,-85.678,30.337,-0.24871,-1.4956,0.0055062,9.3491e-05,1.1171,-7.3104,1.8272,-1.1779,-0.9993,0,0.495,0.27012,0.2088
79.996,-99.768,30.326,-0.29187,-1.5516,0.0055099,8.6298e-05,1.199,-6.9018,3.5408,0.61842,-1.5242,0,0.495,0.27013,0.20071
64.99,-72.279,30.348,-0.20388,-1.6222,0.0055227,9.1647e-05,1.4001,-7.4704,-5.9022,1.737,1.2931,0,0.495,0.25414,0.20044
58.199,-64.666,30.318,-0.27398,-1.6479,0.0055126,9.6191e-05,1.2141,-7.1392,0.20278,0.74657,0.23545,0,0.495,0.26209,0.20049
67.675,-82.202,30.367,-0.16627,-1.5577,0.0055187,9.5111e-05,1.3221,-7.9017,-1.9941,0.011514,0.77624,0,0.495,0.25419,0.20872
79.337,-95.285,30.37,-0.55232,-1.0037,0.0054885,8.4903e-05,0.84954,-5.6478,2.5106,1.6875,-1.9401,0,0.495,0.34985,0.2007
47.173,-63.465,30.387,-0.50269,-0.97911,0.0054864,0.000104,0.78666,-6.0186,3.2116,-0.59018,-2.8811,0,0.495,0.34985,0.20887
79.295,-101.73,30.355,-0.54,-1.0925,0.0054901,8.1855e-05,0.89025,-5.583,1.9748,1.0284,-2.2427,0,0.495,0.34192,0.20069
41.339,-50.544,30.339,-0.47814,-1.1402,0.0054877,0.00012051,0.79706,-6.0881,0.025313,-1.8336,-0.57959,0,0.495,0.33396,0.20885
64.665,-80.046,30.333,-0.52869,-1.1736,0.0054899,9.7273e-05,0.85846,-5.6696,1.3988,0.14276,-2.193,0,0.495,0.33398,0.20068
35.826,-34.58,30.305,-0.52747,-1.2578,0.0054899,0.00011878,0.82553,-5.7184,-4.2213,0.20102,0.85909,0,0.495,0.32604,0.20067
22.165,-25.319,30.37,-0.43538,-1.1741,0.0054927,0.00014609,0.86069,-6.2455,-5.0488,-0.50235,2.1383,0,0.495,0.31808,0.20883
1.18,2.5915,30.351,-0.48555,-1.2162,0.0054946,0.00013513,0.8955,-5.8429,-10.514,1.6043,3.9791,0,0.495,0.3181,0.20066
35.252,-42.306,30.388,-0.60639,-0.68523,0.0054775,0.0001258,0.62566,-5.6849,4.9041,-0.52894,-2.1818,0,0.495,0.4134,0.19284
43.366,-53.454,30.344,-0.6246,-0.84742,0.005478,0.00011065,0.63227,-5.5011,3.9642,0.47634,-2.5637,0,0.495,0.39747,0.19261
54.345,-65.317,30.346,-0.6066,-0.86933,0.0054775,0.00010256,0.62427,-5.6596,1.331,0.67826,-2.0394,0,0.495,0.39748,0.19674
-23.677,30.012,30.383,-0.55761,-0.87199,0.00548,0.00017325,0.63402,-5.7345,-12.498,2.3677,4.3348,0,0.495,0.38161,0.20082
18.946,-13.476,30.338,-0.58109,-0.9177,0.0054769,0.00014262,0.59272,-5.7763,-7.2119,0.72732,1.6654,0,0.495,0.38954,0.20085
7.1087,-5.9653,30.404,-0.50507,-0.85217,0.0054794,0.00021996,0.61952,-6.0412,-5.6343,-0.27726,2.2146,0,0.495,0.38161,0.20891
32.968,-47.544,29.878,-1.0598,-0.13122,0.0055607,0.00011448,2.1866,0.074712,1.7148,1.5802,-4.9623,0,0.495,0.4139,0.023944
44.282,-56.27,29.785,-1.1525,-0.14824,0.0056044,0.00011254,3.0831,1.1925,1.2638,2.4129,-3.6749,0,0.495,0.39751,0.023944
40.901,-55.953,29.765,-1.1643,-0.12187,0.0056146,0.00011538,3.2862,1.3857,-0.013549,1.2064,-3.7747,0,0.495,0.3975,0.019953
50.475,-57.385,29.79,-1.1647,-0.177,0.0056032,0.00010791,3.0711,1.2546,3.3021,3.4935,-3.4654,0,0.495,0.3975,0.027935
33.181,-42.198,29.968,-1.0434,-0.29828,0.0055335,0.00012022,1.6582,-0.6036,3.3094,2.5918,-3.4492,0,0.495,0.4139,0.056007
49.711,-53.488,29.905,-1.1322,-0.34679,0.0055582,0.00011024,2.1959,0.38326,3.454,4.0113,-1.8141,0,0.495,0.39752,0.055997
50.949,-57.737,29.878,-1.1421,-0.32233,0.005568,0.00010853,2.4039,0.63299,2.2967,3.4229,-2.0582,0,0.495,0.39751,0.051928
51.128,-52.2,29.921,-1.1443,-0.37684,0.0055546,0.00010961,2.1281,0.35909,4.2482,4.328,-1.5462,0,0.495,0.39754,0.060051
30.106,-32.685,30.082,-0.9993,-0.44012,0.0055107,0.00013286,1.212,-1.6597,4.5434,2.6785,-1.9563,0,0.495,0.41367,0.088165
45.462,-41.315,30.049,-1.0724,-0.52074,0.0055239,0.00011668,1.5097,-0.86444,6.2549,3.4986,-0.80869,0,0.495,0.39751,0.088066
49.483,-47.701,30.025,-1.0812,-0.50455,0.0055294,0.00011226,1.6309,-0.59942,5.5128,3.4059,-0.77417,0,0.495,0.3975,0.08404
45.508,-42.332,30.064,-1.0816,-0.54971,0.0055219,0.00011405,1.4769,-0.95375,6.8897,3.2447,-1.1968,0,0.495,0.39754,0.092133
40.753,-47.997,30.205,-0.92096,-0.5608,0.0054962,0.00011708,0.96203,-2.939,3.605,2.123,-1.8246,0,0.495,0.4136,0.12028
58.751,-64.208,30.162,-0.99879,-0.67669,0.0055032,9.7391e-05,1.1359,-2.3457,6.4337,0.88736,-3.3189,0,0.495,0.3975,0.12058
59.116,-61.867,30.146,-1.0166,-0.66588,0.0055061,9.623e-05,1.1939,-2.0844,7.3905,1.0961,-3.5743,0,0.495,0.39752,0.11653
68.007,-78.282,30.162,-0.99688,-0.70919,0.0055019,9.1091e-05,1.1277,-2.4629,5.3397,0.71206,-3.952,0,0.495,0.39747,0.12461
29.965,-36.804,30.321,-0.77265,-0.65264,0.0054854,0.00012489,0.75586,-4.2018,5.7876,1.4454,-3.3236,0,0.495,0.41364,0.15232
43.644,-50.88,30.252,-0.82463,-0.79184,0.0054877,0.00010587,0.81961,-3.8382,5.998,1.7893,-3.8134,0,0.495,0.39748,0.15256
47.71,-53.793,30.231,-0.84251,-0.79239,0.0054895,0.00010273,0.85466,-3.6215,6.1492,1.8978,-4.052,0,0.495,0.39747,0.14857
49.291,-58.947,30.257,-0.81855,-0.81866,0.0054868,0.00010252,0.80978,-3.9891,4.8555,1.9005,-3.648,0,0.495,0.39747,0.15655
26.034,-30.994,30.386,-0.62514,-0.68334,0.0054788,0.00013453,0.63944,-5.4051,6.0177,-0.66126,-2.7935,0,0.495,0.41342,0.18477
27.158,-30.26,30.334,-0.64882,-0.8351,0.0054796,0.00012835,0.65092,-5.1876,6.9017,-0.25526,-3.0504,0,0.495,0.39747,0.18451
27.855,-32.212,30.324,-0.6605,-0.84522,0.0054809,0.0001273,0.67673,-5.0183,6.5572,-0.099997,-2.968,0,0.495,0.39747,0.18051
30.972,-35.221,30.331,-0.64677,-0.85978,0.0054787,0.00012405,0.63612,-5.3339,6.0522,-0.019401,-3.1284,0,0.495,0.39747,0.18852
-9646,-20.121,16.662,4.4266,-0.10051,16.38,0.0055184,2236.5,-15.085,-0.76085,954.62,-476.29,0,0.495,0.039261,0.20014
-15029,-4516.7,25.8,3.6981,0.38503,5.4055,0.0036226,1200.5,-12.96,22.709,470.39,-219.9,0,0.495,0.047291,0.2083
-37191,-2117.4,21.027,4.3666,-0.34827,13.679,0.0060409,1914.3,-16.718,33.063,758.48,-411.33,0,0.495,0.047216,0.20016
-30472,-2647.5,23.623,4.3056,-0.71825,11.654,0.0064873,1659.6,-17.582,44.659,608.15,-363.95,0,0.495,0.055141,0.20015
1241.3,-1402.8,30.275,2.1431,-1.9122,0.036533,0.00024504,50.905,-17.398,-2.1247,7.5827,-5.6477,0,0.495,0.11083,0.20022
1085.1,-1129.8,30.316,2.0714,-1.6504,0.03117,0.00020788,43.36,-16.288,-1.3786,8.3763,-6.0938,0,0.495,0.1108,0.20834
1509.4,-1803.6,30.213,2.4193,-1.8632,0.079991,0.00045422,79.854,-17.732,-0.89571,12.175,-10.805,0,0.495,0.1029,0.2002
1028.3,-1215,30.309,1.8825,-1.9952,0.014836,0.00012423,33.644,-17.119,-5.0007,7.549,-3.1617,0,0.495,0.11876,0.20024
334.41,-394.23,30.387,0.658,-2.0685,0.0058219,4.5534e-05,6.2991,-12.857,1.0933,5.9459,-1.7952,0,0.495,0.1746,0.19993
282.12,-322.84,30.423,0.68083,-1.9213,0.0057949,5.0099e-05,5.8148,-12.748,0.40553,3.5415,-1.4031,0,0.495,0.17459,0.20803
357.11,-415.48,30.384,0.79474,-2.1402,0.0059159,4.5174e-05,7.6522,-13.552,-1.5266,6.7317,-2.5827,0,0.495,0.16664,0.19991
261.73,-314.48,30.377,0.5173,-2.0147,0.0057442,4.9757e-05,5.143,-12.162,-1.8527,6.3809,-1.4612,0,0.495,0.18256,0.20001
148.87,-177.49,30.365,-0.026711,-1.7804,0.0055431,6.3634e-05,1.7573,-8.7113,4.4122,2.6306,-2.2203,0,0.495,0.23032,0.20039
101.04,-124.56,30.396,-0.044419,-1.6055,0.0055333,7.5978e-05,1.5791,-8.6554,0.71793,0.74658,-0.53551,0,0.495,0.23831,0.20869
123.12,-148.73,30.372,-0.08573,-1.6885,0.0055378,6.9247e-05,1.6775,-8.2752,2.7366,2.541,-1.5782,0,0.495,0.23826,0.20041
95.319,-114.3,30.372,-0.14498,-1.6155,0.0055337,7.9053e-05,1.6168,-7.7799,-3.6629,3.2174,-0.049958,0,0.495,0.2462,0.20042
54.199,-63.735,30.393,-0.44839,-1.2209,0.0055012,0.00010507,1.0338,-6.0368,0.18004,2.0394,-1.3901,0,0.495,0.3022,0.20065
86.833,-99.597,30.373,-0.44367,-1.298,0.005502,8.3749e-05,1.0681,-6.1813,4.2159,2.4346,-2.9705,0,0.495,0.29417,0.20064
38.318,-50.985,30.413,-0.39896,-1.1857,0.0054984,0.00011949,0.97207,-6.4933,-1.3582,0.45988,-0.28496,0,0.495,0.30215,0.20881
15.357,-15.758,30.398,-0.45495,-1.1684,0.0055003,0.00012306,1.0016,-5.8578,-8.304,2.9208,2.2338,0,0.495,0.31016,0.20065
81.622,-90.999,30.381,-0.581,-0.91832,0.0054873,8.7199e-05,0.82142,-5.5989,2.1791,2.2296,-2.8207,0,0.495,0.35779,0.2007
19.422,-28.334,30.435,-0.51165,-0.84789,0.0054839,0.00017285,0.71302,-6.0104,-1.9054,0.758,-0.30066,0,0.495,0.36573,0.20888
46.656,-52.846,30.415,-0.56562,-0.85003,0.0054857,0.0001217,0.76635,-5.5998,-1.8014,1.9564,-1.8331,0,0.495,0.36573,0.20072
-8.8901,9.1375,30.43,-0.55617,-0.80993,0.0054839,0.00015524,0.70865,-5.6181,-10.183,3.4034,2.4025,0,0.495,0.37367,0.20074
19.866,-38.912,30.01,-1.0029,0.035772,0.0055299,0.000124,1.5544,-0.8883,0.13677,0.53994,6.2234,0,0.495,0.42986,-0.0079837
19.454,-38.294,30.015,-0.99633,0.068993,0.0055287,0.00012425,1.5354,-0.93235,-0.3798,0.36223,6.2508,0,0.495,0.42986,-0.015963
31.941,-50.066,29.863,-1.0774,0.044796,0.0055696,0.00011401,2.3602,0.22013,-0.064015,0.80306,5.3156,0,0.495,0.41389,-0.007984
31.151,-49.04,29.87,-1.0695,0.088156,0.0055664,0.00011523,2.2998,0.16512,-0.1307,0.65668,5.1668,0,0.495,0.4139,-0.015963
17.66,-30.119,30.096,-0.94401,-0.030505,0.0055118,0.00015228,1.1931,-1.5364,0.23375,0.55421,-3.7232,0,0.495,0.44184,0
17.726,-30.117,30.101,-0.94813,0.032766,0.0055119,0.00015009,1.1971,-1.5456,0.071187,0.63553,3.6685,0,0.495,0.44184,-0.0079837
21.142,-40.152,30.004,-1.0007,-0.026062,0.0055298,0.00012198,1.5503,-0.8741,-0.11372,0.6285,-6.3235,0,0.495,0.42985,0
18.578,-30.484,30.107,-0.94195,0.065534,0.0055111,0.00014585,1.1863,-1.5801,-1.0011,0.39252,3.7713,0,0.495,0.44184,-0.015963
20.756,-36.869,30.019,-0.98501,0.10379,0.0055259,0.00012403,1.4769,-1.0067,1.1754,0.91492,6.0927,0,0.495,0.42986,-0.023944
32.968,-47.544,29.878,-1.0598,0.13122,0.0055607,0.00011448,2.1866,0.074712,1.7148,1.5802,4.9623,0,0.495,0.4139,-0.023944
18.821,-29.273,30.11,-0.92889,0.099813,0.0055095,0.00014914,1.1522,-1.6485,0.12577,0.45382,3.6847,0,0.495,0.44184,-0.023944
22.319,-36.055,30.035,-0.99882,0.1389,0.0055217,0.00012554,1.3995,-1.1097,2.9417,1.6834,5.5827,0,0.495,0.42986,-0.031926
20.31,-29.005,30.119,-0.94063,0.13206,0.0055067,0.00015136,1.102,-1.7411,2.0184,1.1531,3.3042,0,0.495,0.44184,-0.031926
33.07,-45.228,29.903,-1.0741,0.17611,0.005553,0.00011625,2.0372,-0.049767,3.0961,2.5084,4.5271,0,0.495,0.4139,-0.031926
22.465,-37.175,30.053,-1.0089,0.17456,0.0055187,0.00012767,1.3517,-1.2351,0.88972,1.379,5.2627,0,0.495,0.42986,-0.039915
21.517,-37.125,30.066,-0.98557,0.20433,0.0055162,0.00012829,1.3048,-1.388,-0.37511,1.1566,5.249,0,0.495,0.42986,-0.047939
32.683,-46.276,29.928,-1.0781,0.21772,0.0055469,0.00011825,1.9265,-0.20284,1.0824,1.8931,4.1634,0,0.495,0.4139,-0.039915
33.719,-47.369,29.945,-1.0536,0.25691,0.0055413,0.00011815,1.8217,-0.38793,0.77749,1.6477,3.8756,0,0.495,0.4139,-0.047935
20.557,-29.268,30.134,-0.95452,0.16581,0.0055044,0.00015042,1.0688,-1.8475,0.081043,1.3233,3.0757,0,0.495,0.44184,-0.039915
19.294,-28.292,30.148,-0.93257,0.19581,0.0055027,0.00015042,1.039,-1.978,-2.096,1.0257,3.1311,0,0.495,0.44184,-0.047939
22.216,-34.303,30.082,-0.97085,0.23815,0.0055121,0.00012891,1.2201,-1.5657,2.0364,1.7863,4.9073,0,0.495,0.42986,-0.056012
33.181,-42.198,29.968,-1.0434,0.29828,0.0055335,0.00012022,1.6582,-0.6036,3.3094,2.5918,3.4492,0,0.495,0.4139,-0.056007
20.048,-27.404,30.16,-0.91188,0.22923,0.0055002,0.00015386,0.98754,-2.137,-0.05804,1.0376,2.8719,0,0.495,0.44184,-0.056013
21.773,-31.944,30.107,-0.98222,0.27379,0.0055078,0.00013433,1.1405,-1.764,3.0754,2.0636,4.2698,0,0.495,0.42986,-0.064036
19.795,-26.244,30.174,-0.92258,0.26245,0.0054971,0.00016128,0.93078,-2.3131,1.765,1.3558,2.3044,0,0.495,0.44184,-0.064037
30.986,-38.55,30.002,-1.0513,0.33965,0.0055263,0.0001249,1.517,-0.84204,3.6569,2.8213,2.9671,0,0.495,0.41391,-0.064046
21.133,-33.223,30.129,-0.97973,0.30515,0.0055049,0.00013844,1.0948,-1.9771,0.72787,1.5636,3.9509,0,0.495,0.42985,-0.072037
20.215,-32.078,30.146,-0.95142,0.33105,0.0055021,0.00014059,1.0393,-2.2081,0.15056,1.3776,3.8755,0,0.495,0.4298,-0.080097
31.637,-42.119,30.031,-1.04,0.37427,0.0055215,0.00012567,1.4338,-1.0973,1.6477,2.058,2.6234,0,0.495,0.41389,-0.072043
32.51,-40.978,30.053,-1.0101,0.40629,0.0055166,0.0001268,1.337,-1.3699,2.1386,1.9843,2.3183,0,0.495,0.41382,-0.080071
17.816,-24.819,30.192,-0.9278,0.29325,0.0054947,0.00016626,0.89258,-2.497,-0.41972,1.4226,2.0069,0,0.495,0.44184,-0.072038
16.117,-23.132,30.209,-0.90138,0.3193,0.0054928,0.00016806,0.85748,-2.6993,-2.0461,1.1708,2.0114,0,0.495,0.44184,-0.080099
19.834,-27.829,30.165,-0.93688,0.36006,0.0054983,0.00014496,0.95854,-2.4528,2.2649,1.7602,3.4637,0,0.495,0.4297,-0.088251
30.106,-32.685,30.082,-0.9993,0.44012,0.0055107,0.00013286,1.212,-1.6597,4.5434,2.6785,1.9563,0,0.495,0.41367,-0.088165
16.676,-21.964,30.224,-0.88036,0.34852,0.0054903,0.00017445,0.80676,-2.9194,-0.35023,0.93382,1.7443,0,0.495,0.44184,-0.088258
20.912,-27.781,30.189,-0.94044,0.39138,0.0054951,0.00014833,0.90379,-2.7079,2.3886,1.9345,2.7435,0,0.495,0.42964,-0.096312
17.092,-21.665,30.237,-0.88238,0.37857,0.0054877,0.00018296,0.76356,-3.1467,0.61624,1.0097,1.1511,0,0.495,0.44184,-0.096318
30.544,-33.268,30.117,-1.0008,0.47354,0.0055063,0.00013305,1.1328,-1.9634,4.3329,2.8119,1.6471,0,0.495,0.41361,-0.09622
23.23,-31.849,30.213,-0.92577,0.41857,0.005493,0.00014701,0.87634,-2.9713,-0.13608,1.8268,2.262,0,0.495,0.42964,-0.10431
24.332,-32.204,30.236,-0.88875,0.44131,0.0054908,0.00014833,0.83699,-3.243,-0.82187,1.8648,1.9833,0,0.495,0.42964,-0.1123
36.336,-43.734,30.148,-0.98106,0.50139,0.0055033,0.00012454,1.093,-2.2805,2.3158,2.3694,1.5212,0,0.495,0.41361,-0.10424
40.497,-48.134,30.177,-0.9456,0.52947,0.0055,0.0001187,1.0342,-2.6086,2.4683,2.1141,1.5789,0,0.495,0.4136,-0.11225
16.247,-21.134,30.254,-0.8751,0.40626,0.0054858,0.0001849,0.73594,-3.3764,-1.4504,1.1954,0.72786,0,0.495,0.44184,-0.10431
14.824,-19.053,30.271,-0.84272,0.42871,0.0054844,0.00018954,0.70876,-3.6147,-2.7488,1.03,0.46377,0,0.495,0.44184,-0.1123
23.745,-30.084,30.26,-0.86033,0.46539,0.0054882,0.00015705,0.78439,-3.519,0.44535,2.0509,1.554,0,0.495,0.42964,-0.12028
40.753,-47.997,30.205,-0.92096,0.5608,0.0054962,0.00011708,0.96203,-2.939,3.605,2.123,1.8246,0,0.495,0.4136,-0.12028
13.212,-16.314,30.285,-0.81387,0.45166,0.0054826,0.00021248,0.67252,-3.8591,-1.7774,0.31082,-0.024775,0,0.495,0.44184,-0.12028
26.497,-32.097,30.286,-0.83929,0.48963,0.0054864,0.00015766,0.75794,-3.7971,0.19913,2.5294,0.71608,0,0.495,0.42965,-0.12827
13.164,-14.998,30.291,-0.79689,0.4728,0.005481,0.00023028,0.64736,-4.106,-1.4381,0.39371,-1.1191,0,0.495,0.44184,-0.12827
46.487,-57.053,30.233,-0.89531,0.59137,0.0054935,0.00010953,0.92454,-3.2589,2.529,2.3017,2.1374,0,0.495,0.41361,-0.12829
29.328,-35.302,30.319,-0.80176,0.50761,0.0054853,0.00014614,0.74801,-4.0752,-1.1642,3.3259,0.17111,0,0.495,0.42966,-0.13626
23.416,-28.455,30.358,-0.7556,0.51851,0.0054837,0.00015947,0.71181,-4.3545,-0.044289,3.0118,0.44404,0,0.495,0.42966,-0.14425
51.447,-65.541,30.264,-0.84732,0.61466,0.0054914,0.00010299,0.89725,-3.5715,1.2494,2.5166,2.5736,0,0.495,0.41365,-0.13631
42.209,-54.166,30.296,-0.79665,0.63328,0.0054886,0.00011078,0.83097,-3.8868,3.1863,2.1971,3.1593,0,0.495,0.41366,-0.14432
13.364,-15.409,30.307,-0.77054,0.48965,0.0054799,0.00020566,0.63566,-4.3498,-2.8196,2.2969,-2.0853,0,0.495,0.44184,-0.13625
10.286,-12.555,30.343,-0.72985,0.50058,0.0054789,0.00020237,0.61424,-4.5975,-2.9635,2.9357,-2.1365,0,0.495,0.44184,-0.14424
14.385,-16.719,30.385,-0.73228,0.52908,0.0054814,0.00020406,0.65711,-4.6283,2.6641,1.3689,0.53888,0,0.495,0.42966,-0.15224
29.965,-36.804,30.321,-0.77265,0.65264,0.0054854,0.00012489,0.75586,-4.2018,5.7876,1.4454,3.3236,0,0.495,0.41364,-0.15232
6.1603,-7.1181,30.369,-0.70204,0.51111,0.0054773,0.00026102,0.57803,-4.8403,-1.1712,0.91999,-2.1194,0,0.495,0.44184,-0.15222
16.923,-19.924,30.397,-0.72506,0.54158,0.0054799,0.00019959,0.63807,-4.8953,1.8585,0.70401,-0.033338,0,0.495,0.42965,-0.16024
7.0927,-7.4781,30.373,-0.69251,0.52465,0.0054759,0.00026619,0.55831,-5.0795,-1.4044,-0.039841,-2.6169,0,0.495,0.44184,-0.16021
36.009,-44.428,30.341,-0.7557,0.66756,0.0054836,0.00012029,0.73176,-4.5078,4.676,1.1005,2.918,0,0.495,0.41359,-0.16037
42.352,-52.038,30.379,-0.65322,0.67617,0.0054811,0.00011522,0.6953,-5.1085,3.4493,0.25678,2.8429,0,0.495,0.41347,-0.17665
49.809,-62.516,30.361,-0.70999,0.67294,0.0054827,0.00010598,0.7333,-4.8095,2.2759,0.98499,2.6917,0,0.495,0.41354,-0.16847
21.006,-25.62,30.434,-0.62888,0.55227,0.0054787,0.00017487,0.63339,-5.4096,-1.0864,0.58697,-0.010588,0,0.495,0.4296,-0.17648
25.284,-31.443,30.414,-0.68792,0.54866,0.0054795,0.00015445,0.65108,-5.1559,-1.5509,1.2096,-0.33833,0,0.495,0.42963,-0.1683
26.034,-30.994,30.386,-0.62514,0.68334,0.0054788,0.00013453,0.63944,-5.4051,6.0177,-0.66126,2.7935,0,0.495,0.41342,-0.18477
9.4971,-11.67,30.44,-0.60085,0.55583,0.005477,0.0002362,0.5879,-5.6546,2.503,-1.195,0.19753,0,0.495,0.42955,-0.18471
35.252,-42.306,30.388,-0.60639,0.68523,0.0054775,0.0001258,0.62566,-5.6849,4.9041,-0.52894,2.1818,0,0.495,0.4134,-0.19284
11.912,-15.547,30.43,-0.59772,0.56117,0.0054758,0.00024341,0.57176,-5.8817,2.4118,-1.6525,-0.13508,0,0.495,0.4295,-0.19283
286.51,-306.51,29.207,-1.7841,0.13464,0.010895,0.00025535,42.524,7.5685,2.2715,3.4862,4.0128,0,0.495,0.33397,-0.0079845
225.68,-247.43,29.278,-1.6712,0.11895,0.0078394,0.00027435,29.007,6.6266,2.0942,3.1822,4.0718,0,0.495,0.34191,-0.0079847
289.64,-308.68,29.219,-1.7797,0.20199,0.010833,0.00025443,42.47,7.4977,1.821,2.5973,3.8195,0,0.495,0.33398,-0.011972
228.86,-249.88,29.288,-1.6668,0.17872,0.0078122,0.00027536,28.82,6.5641,1.5681,2.0061,3.9788,0,0.495,0.34191,-0.011972
179.5,-201.08,29.366,-1.5611,0.20964,0.0067844,0.00034248,20.207,5.6004,2.504,2.2231,4.3217,0,0.495,0.34985,-0.015963
230.08,-248.59,29.3,-1.6614,0.23794,0.0077859,0.00027637,28.64,6.4783,2.7128,2.8595,3.67,0,0.495,0.34191,-0.015963
178.48,-201.75,29.358,-1.5665,0.15745,0.006807,0.00033951,20.439,5.6766,1.3199,1.5831,4.5757,0,0.495,0.34985,-0.011973
175.33,-198.94,29.349,-1.5711,0.10457,0.0068294,0.00033661,20.671,5.7322,1.9003,2.9919,4.5983,0,0.495,0.34985,-0.0079855
290.34,-306.58,29.234,-1.7741,0.26883,0.010802,0.00025375,42.488,7.4006,2.9224,3.6562,3.4265,0,0.495,0.33398,-0.015962
362.59,-385.76,29.132,-1.9109,0.15186,0.019729,0.00029932,64.166,8.5722,2.4064,3.9282,4.3701,0,0.495,0.32604,-0.0079845
363.64,-387.21,29.112,-1.9054,0.076788,0.020753,0.00030787,65.472,8.6195,2.6721,3.9487,4.6373,0,0.495,0.32604,-0.0040008
286.11,-305.75,29.188,-1.7781,0.068018,0.011225,0.00025701,43.442,7.6096,2.6696,3.7982,4.2023,0,0.495,0.33397,-0.004001
462.3,-489.7,29.011,-2.0424,-0.045427,0.044826,0.00043612,99.411,9.7054,2.1041,3.7039,-6.4234,0,0.495,0.3181,0
367.05,-389.76,29.099,-1.8988,-0.0408,0.021509,0.00031313,66.671,8.6343,2.1965,3.5378,-4.774,0,0.495,0.32603,0
457.48,-486.25,29.024,-2.0482,0.08634,0.043025,0.00042538,97.816,9.6878,2.6241,4.2592,6.2348,0,0.495,0.3181,-0.0040001
455.49,-483.47,29.048,-2.053,0.17083,0.040285,0.00040611,96.086,9.6324,2.5771,4.6973,5.7864,0,0.495,0.3181,-0.0079842
288,-306.9,29.175,-1.7713,-0.036655,0.011495,0.00025811,44.243,7.6225,2.2038,3.4325,-4.3449,0,0.495,0.33397,0
366.83,-387.22,29.147,-1.9064,0.22758,0.019398,0.00029413,64.305,8.4924,2.07,3.3651,4.0326,0,0.495,0.32604,-0.011972
458.35,-479.55,29.091,-2.0412,0.34052,0.038306,0.00038162,97.481,9.4156,3.4261,5.8675,4.5531,0,0.495,0.3181,-0.015962
460.47,-484.8,29.067,-2.0481,0.25601,0.038989,0.00039214,96.464,9.5409,2.4159,4.4823,5.2329,0,0.495,0.3181,-0.011972
367.1,-383.67,29.166,-1.9003,0.30272,0.01924,0.00029022,64.708,8.3826,3.1198,4.6008,3.5245,0,0.495,0.32604,-0.015962
224.19,-245.41,29.259,-1.6652,0.060065,0.0079483,0.0002721,29.633,6.6623,2.5739,3.6546,4.2324,0,0.495,0.34191,-0.0040014
174.38,-196.82,29.319,-1.5586,-0.030596,0.0069099,0.00032908,21.39,5.7743,1.94,3.0497,-4.9365,0,0.495,0.34985,0
173.09,-196.23,29.331,-1.5652,0.05286,0.0068768,0.00033199,21.102,5.7638,2.4457,3.5051,4.7439,0,0.495,0.34985,-0.0040031
225.3,-245.88,29.247,-1.6583,-0.033191,0.0080364,0.00027054,30.12,6.6735,2.0974,3.269,-4.4017,0,0.495,0.34191,0
43.542,-65.208,29.694,-1.2265,0.025081,0.0056703,0.00012346,4.3897,2.0589,1.1809,1.9134,4.8347,0,0.495,0.38954,-0.0040043
40.08,-56.148,29.743,-1.1831,0.021759,0.0056278,0.00011698,3.5271,1.5234,0.56867,1.5483,4.1369,0,0.495,0.3975,-0.0040034
48.958,-69.459,29.707,-1.2274,0.051759,0.005667,0.00011928,4.3498,2.0438,0.16241,2.5504,4.5909,0,0.495,0.38954,-0.007986
43.538,-58.078,29.764,-1.172,0.049786,0.0056198,0.00011408,3.3789,1.371,-0.15927,1.9141,3.911,0,0.495,0.39751,-0.007986
53.543,-76.875,29.618,-1.2714,-0.027764,0.0057548,0.00015998,6.0027,2.7143,1.7974,1.3205,-6.1937,0,0.495,0.3816,0
40.228,-62.141,29.691,-1.2218,-0.02615,0.0056706,0.00012618,4.3803,2.064,1.5369,0.70714,-5.1678,0,0.495,0.38954,0
53.807,-77.764,29.623,-1.278,0.028853,0.0057533,0.00015856,5.9928,2.7076,1.8119,2.4225,5.8062,0,0.495,0.3816,-0.0040043
58.037,-81.923,29.638,-1.2813,0.057816,0.0057472,0.00015287,5.9153,2.6892,0.64422,2.7079,5.5439,0,0.495,0.3816,-0.007986
45.26,-66.152,29.716,-1.2238,0.079419,0.0056619,0.00012051,4.249,2.0102,-1.123,0.8035,4.6776,0,0.495,0.38954,-0.011973
40.507,-55.419,29.764,-1.1806,0.078256,0.0056225,0.0001169,3.4355,1.4785,-1.1567,0.86028,3.9532,0,0.495,0.3975,-0.011973
59.567,-82.929,29.647,-1.2656,0.116,0.0057326,0.0001445,5.663,2.6055,0.3235,0.35091,5.6017,0,0.495,0.3816,-0.015963
57.877,-81.65,29.647,-1.2753,0.088404,0.0057392,0.00014903,5.7729,2.6541,-0.51915,0.83481,5.6826,0,0.495,0.3816,-0.011973
44.207,-65.446,29.716,-1.2136,0.10328,0.0056571,0.00011981,4.1577,1.9645,-0.91311,-0.00496,4.664,0,0.495,0.38954,-0.015963
38.333,-54.004,29.773,-1.1617,0.099077,0.0056131,0.00011725,3.2455,1.2987,-1.1034,0.315,3.8823,0,0.495,0.39751,-0.015963
208.09,-204.29,29.499,-1.6205,0.62158,0.0067729,0.00034025,20.464,5.3159,6.09,6.465,0.43515,0,0.495,0.34192,-0.043901
258.35,-253,29.47,-1.713,0.69967,0.0079388,0.00026513,30.651,6.0944,5.9057,7.7138,-0.83913,0,0.495,0.33398,-0.043901
213.13,-212.91,29.466,-1.6337,0.57168,0.0069543,0.00032051,22.274,5.5373,5.3725,5.9898,1.0547,0,0.495,0.34192,-0.039908
267.3,-263.3,29.43,-1.7296,0.64382,0.008427,0.00025585,33.574,6.3416,5.3717,7.4801,-0.15567,0,0.495,0.33398,-0.039908
154.76,-158.01,29.572,-1.5286,0.59428,0.0061738,0.00035199,12.96,4.3464,6.5319,5.9997,1.7411,0,0.495,0.34986,-0.047901
200.28,-193.11,29.535,-1.6075,0.66948,0.0066027,0.0003659,18.573,5.0779,6.6711,6.6431,-0.043015,0,0.495,0.34192,-0.047904
159.95,-167.57,29.54,-1.538,0.55096,0.0062701,0.00036262,14.249,4.5607,5.8288,5.5224,2.1194,0,0.495,0.34986,-0.043901
161.69,-173.93,29.512,-1.5485,0.50618,0.0063667,0.0003783,15.473,4.7599,5.0513,4.9251,2.5939,0,0.495,0.34986,-0.039908
247.75,-240.73,29.511,-1.6954,0.75304,0.0075154,0.00027979,27.585,5.8295,6.2547,7.5045,-1.3235,0,0.495,0.33398,-0.047904
330.78,-326.9,29.399,-1.8371,0.72141,0.012621,0.00023978,52.315,7.1907,5.1534,9.0002,-0.83891,0,0.495,0.32604,-0.039907
339.44,-336.89,29.353,-1.8562,0.65725,0.014093,0.00024678,56.458,7.4487,4.9252,8.849,-0.0038101,0,0.495,0.32604,-0.035916
270.01,-270.01,29.392,-1.7454,0.58616,0.0089575,0.00025118,36.179,6.5715,4.9951,7.1554,0.65585,0,0.495,0.33398,-0.035916
425.32,-425.86,29.261,-1.9992,0.66163,0.030085,0.00031665,92.338,8.6218,5.039,10.482,1.3324,0,0.495,0.3181,-0.031925
346.69,-343.73,29.31,-1.8725,0.59083,0.015588,0.00025656,59.816,7.6843,4.9999,8.6127,0.85536,0,0.495,0.32604,-0.031925
412.65,-412.93,29.314,-1.9789,0.73492,0.026672,0.00029676,87.416,8.3554,4.9173,10.644,0.47086,0,0.495,0.3181,-0.035916
398.96,-397.38,29.367,-1.9553,0.80511,0.023128,0.00027805,81.062,8.0647,4.8834,10.392,-0.26312,0,0.495,0.3181,-0.039907
271.14,-273.6,29.356,-1.7585,0.52672,0.0094978,0.00025001,38.36,6.7812,5.1525,7.058,1.3819,0,0.495,0.33398,-0.031925
212.26,-217.4,29.435,-1.6467,0.5205,0.0071402,0.00030618,23.902,5.7426,4.9884,5.6835,1.7082,0,0.495,0.34191,-0.035916
159.29,-174.95,29.461,-1.5667,0.41415,0.0065428,0.00038268,17.514,5.1109,5.5647,5.2205,3.2788,0,0.495,0.34985,-0.031925
160.01,-175.59,29.487,-1.5595,0.46078,0.0064583,0.00038862,16.562,4.9442,4.8159,4.7476,3.034,0,0.495,0.34986,-0.035916
210.99,-218.96,29.406,-1.6568,0.46782,0.0073211,0.00029608,25.302,5.9292,5.3635,5.8614,2.2074,0,0.495,0.34191,-0.031925
316.74,-313.53,29.445,-1.8162,0.78314,0.011259,0.00023675,47.568,6.9128,5.3779,8.8151,-1.434,0,0.495,0.32604,-0.043901
361.1,-360.06,29.468,-1.8996,0.93503,0.016441,0.00024802,65.245,7.4174,4.2929,8.248,-0.77951,0,0.495,0.3181,-0.047904
380.29,-378.58,29.419,-1.9291,0.87197,0.019658,0.00026151,73.546,7.7515,4.7157,9.6163,-0.66777,0,0.495,0.3181,-0.043901
302.13,-299.04,29.491,-1.7932,0.84182,0.01006,0.0002386,42.473,6.6154,5.367,8.0825,-1.7653,0,0.495,0.32604,-0.047904
52.203,-68.421,29.787,-1.2325,0.24061,0.0056177,0.0001047,3.4367,1.5885,2.0669,3.4657,3.5167,0,0.495,0.38954,-0.035916
44.37,-54.458,29.827,-1.1895,0.22534,0.0055887,0.00011162,2.7958,1.0849,1.3964,3.3505,3.0243,0,0.495,0.3975,-0.035916
56.794,-75.221,29.802,-1.2191,0.26555,0.0056123,0.00010205,3.3535,1.4819,-0.12694,2.646,3.3549,0,0.495,0.38954,-0.039908
45.005,-56.557,29.849,-1.1657,0.24845,0.0055811,0.00011172,2.6526,0.86024,-0.66298,2.5463,2.8447,0,0.495,0.39752,-0.039908
61.302,-77.79,29.709,-1.2832,0.24163,0.0056841,0.00011416,4.8079,2.2974,6.179,4.7105,4.3989,0,0.495,0.3816,-0.031925
53.783,-65.065,29.767,-1.2265,0.21357,0.0056257,0.00010399,3.5777,1.6815,5.1399,4.3035,3.6123,0,0.495,0.38954,-0.031925
64.35,-85.456,29.73,-1.2859,0.27204,0.0056723,0.00010997,4.6101,2.1939,3.4361,3.7704,4.3578,0,0.495,0.3816,-0.035916
47.064,-54.237,29.817,-1.1693,0.20089,0.005591,0.00010965,2.8264,1.0413,3.6308,3.7286,3.1299,0,0.495,0.39752,-0.031925
72.886,-95.214,29.747,-1.2738,0.30066,0.0056621,0.00010333,4.4456,2.0758,2.08,3.0604,4.2005,0,0.495,0.3816,-0.039908
58.264,-75.29,29.816,-1.2056,0.29295,0.0056056,0.00010132,3.2254,1.3647,0.60675,2.3194,3.1808,0,0.495,0.38954,-0.043901
46.219,-57.943,29.854,-1.1616,0.27558,0.0055808,0.00011106,2.6612,0.8792,-0.88803,2.0992,2.7766,0,0.495,0.39751,-0.043901
78.004,-93.893,29.781,-1.2538,0.36277,0.0056365,9.3282e-05,3.9526,1.8072,4.7714,3.7526,3.5061,0,0.495,0.3816,-0.047901
76.687,-96.219,29.763,-1.2617,0.33192,0.0056501,9.7965e-05,4.2199,1.9472,3.0894,3.0474,3.9495,0,0.495,0.38161,-0.043901
59.867,-74.657,29.829,-1.1953,0.31905,0.0055972,0.00010014,3.0572,1.2366,2.1422,2.7269,2.815,0,0.495,0.38954,-0.0479
45.516,-56.503,29.872,-1.1406,0.2962,0.0055711,0.00011222,2.4574,0.63709,0.3901,2.3388,2.4751,0,0.495,0.39752,-0.047901
141.73,-137.68,29.746,-1.4607,0.9223,0.0058338,0.00016463,7.9758,3.0917,6.8851,3.0293,-0.38627,0,0.495,0.34192,-0.076042
172.17,-168.58,29.729,-1.51,1.0284,0.0059966,0.00024782,10.72,3.6334,6.7415,2.7526,-0.47822,0,0.495,0.33398,-0.076036
153.01,-148.89,29.722,-1.4836,0.89469,0.0058976,0.00019954,9.0528,3.398,6.4918,3.2273,-0.49375,0,0.495,0.34192,-0.072055
183.92,-179.87,29.705,-1.5381,0.9992,0.0061035,0.00030809,12.315,3.9694,6.334,2.9192,-0.75315,0,0.495,0.33398,-0.072056
101.38,-103.96,29.792,-1.3963,0.85295,0.0056972,0.0001089,5.3418,2.2721,6.0967,3.1325,0.90293,0,0.495,0.34985,-0.080025
132.27,-129.44,29.77,-1.4384,0.94704,0.0057831,0.00013867,7.0727,2.7809,7.0235,2.7951,-0.2818,0,0.495,0.34192,-0.080026
110.06,-111.97,29.768,-1.4139,0.82871,0.0057278,0.00012037,5.9568,2.5562,6.0724,3.3106,0.84519,0,0.495,0.34985,-0.076035
119.15,-122.04,29.745,-1.4325,0.80209,0.0057656,0.00013714,6.6835,2.8346,5.7054,3.3783,0.8522,0,0.495,0.34985,-0.072047
161.91,-159.82,29.753,-1.4824,1.0545,0.0059121,0.00019731,9.3813,3.2924,7.0251,2.6126,-0.2495,0,0.495,0.33398,-0.080022
209.53,-213.7,29.684,-1.5951,1.1096,0.0064165,0.00036155,16.717,4.539,5.2775,2.1862,0.18438,0,0.495,0.32605,-0.072074
227.79,-230.46,29.661,-1.6298,1.0751,0.0066588,0.00034784,19.631,4.9026,4.6827,2.5717,-0.28109,0,0.495,0.32606,-0.068118
197.81,-192.52,29.68,-1.5671,0.96701,0.0062369,0.00034459,14.189,4.2993,5.8463,3.3243,-1.0499,0,0.495,0.33399,-0.068076
279.89,-289.35,29.607,-1.7415,1.1429,0.0082559,0.00025403,33.052,5.9043,2.3813,2.2854,0.95192,0,0.495,0.31813,-0.064117
246.93,-247.8,29.636,-1.6661,1.037,0.0069987,0.00031013,23.155,5.2621,4.2118,3.2982,-0.75453,0,0.495,0.32607,-0.064131
255.24,-267.41,29.629,-1.6981,1.1834,0.0074401,0.00027829,27.3,5.505,2.7772,1.6355,1.48,0,0.495,0.31812,-0.068108
231.34,-245.44,29.651,-1.6564,1.2197,0.0069246,0.00031196,22.691,5.1036,3.365,1.3631,1.9503,0,0.495,0.3181,-0.072071
210.6,-204.49,29.653,-1.5971,0.93165,0.0064029,0.00036134,16.357,4.6233,5.4838,3.9979,-1.3062,0,0.495,0.33399,-0.064085
164.18,-160.39,29.696,-1.5078,0.86449,0.0059756,0.00024538,10.29,3.6983,5.9859,3.5869,-0.57349,0,0.495,0.34192,-0.068067
132.76,-138.51,29.696,-1.4741,0.74334,0.0058639,0.00018997,8.3974,3.3708,5.0667,4.0873,1.0609,0,0.495,0.34986,-0.064074
126.91,-131.73,29.721,-1.4527,0.7736,0.0058107,0.00016003,7.5007,3.1061,5.2199,3.5807,0.92707,0,0.495,0.34986,-0.068065
173.17,-169.05,29.67,-1.533,0.83177,0.0060689,0.00030421,11.672,3.9922,5.7022,4.1734,-0.59449,0,0.495,0.34192,-0.064074
194.87,-199.47,29.707,-1.5618,1.1407,0.0062363,0.00034322,14.315,4.1694,5.8079,2.1051,0.58832,0,0.495,0.32604,-0.076043
192.05,-207.72,29.694,-1.5794,1.2812,0.0063631,0.00035528,16.098,4.2811,4.498,1.4371,2.6654,0,0.495,0.3181,-0.080023
209.82,-224.72,29.672,-1.6168,1.2523,0.0065928,0.00034918,19.027,4.6946,4.0015,1.3694,2.3225,0,0.495,0.3181,-0.076043
183.1,-189.01,29.73,-1.5294,1.1686,0.0060981,0.00029388,12.335,3.7945,6.2097,2.1106,0.94224,0,0.495,0.32604,-0.080023
67.475,-79.18,29.938,-1.1821,0.45906,0.0055596,9.5724e-05,2.3237,0.48908,2.5836,3.1229,1.5383,0,0.495,0.38956,-0.068066
48.218,-56.274,29.962,-1.1419,0.42213,0.0055455,0.00011147,1.9637,0.060624,1.5233,3.4066,1.2183,0,0.495,0.39758,-0.0681
73.862,-87.003,29.955,-1.1616,0.482,0.0055552,9.2143e-05,2.2444,0.31924,1.9353,2.6087,1.5217,0,0.495,0.38955,-0.072053
49.661,-58.797,29.983,-1.1126,0.43776,0.0055402,0.00011095,1.8568,-0.2007,0.59347,2.8632,1.1384,0,0.495,0.39755,-0.072076
81.679,-92.49,29.881,-1.2482,0.49272,0.0055886,8.5372e-05,2.9926,1.1685,5.2791,3.8473,2.5077,0,0.495,0.3816,-0.064067
64.636,-70.866,29.918,-1.1915,0.43433,0.0055646,9.7636e-05,2.4087,0.6506,4.6856,3.8866,1.4722,0,0.495,0.38956,-0.064072
86.207,-101.03,29.901,-1.2352,0.52075,0.0055814,8.3486e-05,2.8589,0.99069,3.7178,3.0301,2.6352,0,0.495,0.3816,-0.068059
46.564,-50.132,29.947,-1.136,0.39683,0.0055473,0.00011391,1.9791,0.099978,3.4299,3.857,1.2833,0,0.495,0.39759,-0.064092
92.233,-107.02,29.919,-1.2161,0.5482,0.0055744,8.1118e-05,2.7168,0.80409,3.7024,2.6435,2.6329,0,0.495,0.3816,-0.072048
73.15,-82.725,29.972,-1.1434,0.50686,0.00555,9.3349e-05,2.1291,0.143,3.5026,2.4841,1.4462,0,0.495,0.38954,-0.076042
51.422,-59.67,29.994,-1.1025,0.46377,0.0055387,0.00010919,1.8359,-0.25783,1.4086,2.6876,1.0938,0,0.495,0.39752,-0.076056
88.299,-92.027,29.956,-1.1896,0.60641,0.0055585,8.2893e-05,2.3465,0.41125,6.9282,2.801,2.39,0,0.495,0.3816,-0.080029
91.573,-101.95,29.937,-1.1999,0.57728,0.0055666,8.1447e-05,2.5381,0.61093,5.1318,2.6864,2.5259,0,0.495,0.3816,-0.076039
71.062,-74.697,29.988,-1.1314,0.53108,0.005544,9.5068e-05,1.9921,-0.039344,5.6238,2.6328,1.3261,0,0.495,0.38954,-0.080032
47.245,-52.145,30.013,-1.0811,0.47801,0.0055323,0.00011424,1.6876,-0.52486,3.0599,2.8387,0.91603,0,0.495,0.39752,-0.080043
124.74,-117.44,29.93,-1.2578,1.0724,0.0056086,7.7073e-05,3.5286,0.4972,7.4492,3.2216,-1.3442,0,0.495,0.3419,-0.10862
147.84,-143.73,29.93,-1.2858,1.1877,0.0056362,7.2984e-05,4.2013,0.82376,7.6199,3.7895,-0.74294,0,0.495,0.33396,-0.10861
119.77,-113.78,29.905,-1.2812,1.0579,0.0056229,7.9724e-05,3.8289,0.81789,7.7654,2.5734,-0.98054,0,0.495,0.3419,-0.1046
142.48,-136.6,29.902,-1.3127,1.1733,0.0056561,7.8098e-05,4.6106,1.1667,8.4441,3.2223,-0.52819,0,0.495,0.33396,-0.1046
94.353,-98.192,29.961,-1.2101,0.98255,0.0055751,8.3572e-05,2.7403,-0.13564,5.2426,3.4859,0.45592,0,0.495,0.34984,-0.11262
136.31,-130.58,29.956,-1.2315,1.0845,0.0055973,7.3312e-05,3.3103,0.18318,6.3215,3.8532,-1.7194,0,0.495,0.3419,-0.11261
86.459,-88.358,29.938,-1.2319,0.97127,0.0055834,8.7336e-05,2.8967,0.15854,6.0042,2.8693,0.63662,0,0.495,0.34984,-0.10862
85.973,-89.022,29.917,-1.2522,0.95792,0.005594,8.8108e-05,3.1251,0.45859,5.771,2.3419,0.74164,0,0.495,0.34984,-0.10461
156.57,-156.68,29.959,-1.2549,1.1992,0.0056204,6.8829e-05,3.8807,0.48849,6.3088,4.1203,-0.85059,0,0.495,0.33396,-0.1126
144.18,-151.82,29.884,-1.3434,1.2948,0.0056925,8.4032e-05,5.3832,1.4718,6.7962,3.1798,1.6891,0,0.495,0.32602,-0.10459
148.07,-153.73,29.856,-1.3731,1.2782,0.005729,9.5986e-05,6.1111,1.8562,7.4248,2.79,1.7483,0,0.495,0.32603,-0.10046
143.79,-138.67,29.875,-1.3387,1.1562,0.0056813,8.4772e-05,5.1394,1.5199,8.4665,2.7912,-0.27182,0,0.495,0.33397,-0.10047
142.52,-161.8,29.79,-1.4389,1.371,0.0058669,0.00015601,8.5741,2.5954,4.6059,2.1278,3.559,0,0.495,0.3181,-0.096128
155.83,-161.59,29.829,-1.4032,1.2588,0.0057757,0.00011391,7.0134,2.253,7.3993,2.5079,1.7025,0,0.495,0.32604,-0.096147
132.92,-153.27,29.817,-1.4044,1.3876,0.0057996,0.00012516,7.3731,2.1649,3.9029,2.53,3.5712,0,0.495,0.31808,-0.1004
126.72,-149.05,29.846,-1.3687,1.4003,0.0057474,0.00010388,6.3987,1.7441,2.659,2.9409,3.455,0,0.495,0.31808,-0.10455
149.89,-146.99,29.85,-1.3666,1.1373,0.0057127,9.4546e-05,5.7896,1.8844,7.8738,2.6072,-0.11589,0,0.495,0.33398,-0.096151
122.17,-119.06,29.883,-1.3054,1.0414,0.0056406,8.2036e-05,4.2211,1.1481,7.266,2.2168,-0.67358,0,0.495,0.34191,-0.10047
95.99,-103.92,29.877,-1.3019,0.92746,0.0056212,8.7089e-05,3.752,1.0787,4.0367,2.1124,0.85645,0,0.495,0.34986,-0.096218
90.609,-96.238,29.897,-1.2751,0.94316,0.0056068,8.73e-05,3.4191,0.76525,4.8915,2.0929,0.78561,0,0.495,0.34984,-0.1005
127.9,-127.71,29.86,-1.3328,1.024,0.0056616,8.5772e-05,4.6884,1.4872,6.4273,2.182,-0.44977,0,0.495,0.34192,-0.09616
144.31,-155.87,29.913,-1.3119,1.3077,0.0056644,7.6181e-05,4.8109,1.0992,5.5778,3.531,1.7006,0,0.495,0.32602,-0.1086
122.39,-146.38,29.876,-1.3307,1.4086,0.0057076,9.0343e-05,5.6211,1.3363,1.1876,3.2249,3.3568,0,0.495,0.31808,-0.10859
145.77,-161.67,29.942,-1.2765,1.3173,0.0056421,7.1251e-05,4.345,0.73486,4.1743,3.5193,1.7915,0,0.495,0.32602,-0.11259
66.672,-75.67,30.067,-1.1066,0.65157,0.0055227,9.1945e-05,1.555,-1.0152,6.1383,0.82633,2.8607,0,0.495,0.38966,-0.10031
50.388,-58.741,30.097,-1.0707,0.5874,0.005517,0.00010595,1.4057,-1.3241,4.6892,2.5261,2.0277,0,0.495,0.39764,-0.10026
70.492,-79.861,30.078,-1.0897,0.67166,0.0055194,8.8749e-05,1.4879,-1.2185,6.1759,0.67965,3.4143,0,0.495,0.38965,-0.10438
53.149,-62.761,30.116,-1.0441,0.5957,0.0055136,0.00010418,1.338,-1.5911,4.0672,2.3331,2.1756,0,0.495,0.39766,-0.1043
-18520,14200,6.9849,-2.8577,-1.0127,27.962,0.038182,732.51,-58.167,-282.39,-79.6,71.796,0,0.495,0.055265,-0.075912
-17274,13446,6.6153,-2.5988,-2.7529,27.203,0.038538,705.87,-57.242,-291.75,-76.265,33.184,0,0.495,0.047346,-0.075896
-17951,13636,7.2986,-3.1434,-1.0719,27.597,0.037865,728.92,-55.984,-275.62,-81.786,69.98,0,0.495,0.055267,-0.071927
-16994,13106,6.928,-2.8664,-2.7579,26.832,0.038084,704.52,-54.827,-286.57,-78.522,33.459,0,0.495,0.047351,-0.071906
-19656,14735,7.401,-2.7122,0.72155,29.167,0.037348,781.43,-60.018,-273.72,-76.545,119.08,0,0.495,0.063279,-0.079882
-19188,14896,6.6836,-2.5711,-0.94542,28.275,0.038457,735.45,-60.217,-289.55,-77.149,73.741,0,0.495,0.055273,-0.079893
-18812,13889,7.6844,-3.0141,0.59808,28.861,0.037259,774.97,-58.115,-265.56,-79.091,114.08,0,0.495,0.063287,-0.075885
-18041,13153,7.9783,-3.3119,0.47932,28.496,0.037123,767.87,-56.119,-257.83,-81.31,109.21,0,0.495,0.063281,-0.071906
-17532,13903,6.3138,-2.334,-2.7356,27.532,0.038947,706.93,-59.503,-297.26,-73.677,33.036,0,0.495,0.047344,-0.079882
5627.6,7152.7,6.1411,-0.98359,-8.5507,24.866,0.031342,797.09,-54.735,-285.46,-44.944,-43.29,0,0.495,0.023577,-0.087851
5954.9,4269.2,6.5412,-0.6621,-10.518,22.134,0.022173,1048.6,-51.132,-278.53,-39.811,-70.556,0,0.495,0.015655,-0.087849
5958,6873.7,6.3723,-1.1338,-8.5064,24.755,0.031253,796.08,-52.267,-283.03,-46.369,-40.759,0,0.495,0.023585,-0.083859
6324.8,3979.2,6.7454,-0.76553,-10.448,22.154,0.022231,1046,-48.374,-275.6,-40.462,-66.372,0,0.495,0.015663,-0.083856
6076.9,9498.3,6.3351,-1.6799,-6.5256,25.96,0.035285,720.47,-53.433,-291.63,-57.279,-23.244,0,0.495,0.03151,-0.07987
5799.9,9769.4,6.0747,-1.4839,-6.5663,26.189,0.035484,720.39,-55.913,-294.31,-55.697,-25.257,0,0.495,0.031504,-0.083862
6241.1,6608.6,6.6107,-1.2874,-8.4395,24.634,0.031146,795.66,-49.524,-280.76,-47.284,-37.873,0,0.495,0.023591,-0.079869
6653.2,3666.8,6.9543,-0.87234,-10.353,22.176,0.022274,1044,-45.308,-272.71,-40.58,-61.85,0,0.495,0.01567,-0.079864
5473.9,10089,5.8238,-1.2905,-6.5868,26.394,0.035683,720.58,-58.152,-297.18,-53.627,-26.975,0,0.495,0.031497,-0.087855
5513.5,4578.1,6.3429,-0.56084,-10.563,22.114,0.022098,1052,-53.565,-281.55,-39.515,-74.51,0,0.495,0.015646,-0.091842
8218.3,-7599.2,7.1432,-0.29287,-12.621,16.29,0.0086931,2648.3,-50.253,673.74,-26.126,-1529.8,0,0.495,0.00772,-0.091841
11830,-9428.3,7.3025,-0.35003,-12.547,16.394,0.0087661,2654.1,-47.504,669.36,-25.883,-1515,0,0.495,0.0077287,-0.087847
3054.9,-5966.7,6.9867,-0.23677,-12.67,16.188,0.0086175,2643.3,-52.659,676.42,-25.766,-1544.5,0,0.495,0.007711,-0.095841
1413.8,-16327,7.5797,-0.12668,-13.739,12.196,0.0011075,4035.3,-50.646,1637,4.2719,-2984.7,0,0.495,0,-0.095842
11266,-19357,7.7143,-0.16248,-13.674,12.318,0.0011266,4050.5,-48.101,1628.1,3.8248,-2959.8,0,0.495,0,-0.09184
4971.9,4876.3,6.1501,-0.46029,-10.583,22.09,0.022004,1056,-55.685,-284.66,-38.679,-78.132,0,0.495,0.015638,-0.095839
18075,-22754,7.8507,-0.19969,-13.582,12.444,0.0011467,4066.5,-45.199,1615.9,3.9691,-2935,0,0.495,0,-0.087846
5218.6,7484.1,5.9182,-0.83522,-8.5723,24.963,0.031407,798.62,-56.902,-288.04,-43.802,-45.537,0,0.495,0.023569,-0.091844
4617.3,10949,5.3555,-0.90392,-6.5655,26.723,0.036109,721.55,-61.816,-303.47,-49.256,-29.446,0,0.495,0.031482,-0.095842
4713.5,7842.5,5.7037,-0.68688,-8.5703,25.043,0.031449,800.65,-58.78,-290.78,-42.125,-47.414,0,0.495,0.023561,-0.09584
5068.8,10494,5.5839,-1.0979,-6.5866,26.572,0.035896,720.97,-60.119,-300.25,-51.743,-28.386,0,0.495,0.03149,-0.091848
14070,-11376,7.4661,-0.4092,-12.445,16.504,0.0088374,2660.8,-44.402,663.43,-26.099,-1500.3,0,0.495,0.007737,-0.083854
24580,-30600,8.1332,-0.2806,-13.315,12.71,0.0011908,4101.9,-38.292,1581.6,3.6996,-2885.3,0,0.495,0,-0.079861
15436,-13634,7.6324,-0.47124,-12.316,16.621,0.0089082,2668.4,-40.953,655.63,-25.757,-1485.1,0,0.495,0.0077444,-0.079862
22184,-26391,7.9909,-0.23885,-13.463,12.574,0.001168,4083.7,-41.928,1600.6,3.5756,-2910.4,0,0.495,0,-0.083853
-18163,15117,5.7477,-1.8016,-2.6618,28.053,0.039661,707.33,-63.472,-308.56,-68.177,32.942,0,0.495,0.047332,-0.087865
-5422,12932,5.6675,-1.5614,-4.6085,27.346,0.038208,699.75,-60.896,-306.29,-61.397,-0.724,0,0.495,0.039415,-0.087859
-17882,14481,6.0243,-2.0689,-2.7056,27.816,0.039319,707.46,-61.581,-302.9,-71.178,32.942,0,0.495,0.047338,-0.083872
-5276.8,12485,5.9342,-1.7943,-4.6167,27.101,0.037907,699.89,-58.846,-302.19,-63.978,0.34162,0,0.495,0.039421,-0.083866
-5081.4,12098,6.2125,-2.028,-4.6077,26.819,0.037592,699.86,-56.589,-298.22,-66.077,1.6348,0,0.495,0.039427,-0.079875
-20672,16595,6.1148,-1.9842,-0.78354,28.734,0.03893,738.45,-63.872,-304.08,-71.544,77.745,0,0.495,0.055257,-0.087884
-21397,17522,5.8545,-1.6821,-0.6858,28.882,0.039134,738.43,-65.394,-310.96,-68.052,80.057,0,0.495,0.055251,-0.091876
-18474,15819,5.4863,-1.5307,-2.6027,28.243,0.039976,706.54,-65.131,-314.09,-65.094,33.261,0,0.495,0.047326,-0.091857
-23143,18912,6.419,-1.4273,1.2739,29.776,0.037354,798.32,-66.098,-304.61,-61.888,141.21,0,0.495,0.063229,-0.095919
-22036,18410,5.6133,-1.3726,-0.57676,28.979,0.039312,737.61,-66.692,-317.38,-63.729,82.531,0,0.495,0.055249,-0.095865
-22387,17872,6.6345,-1.7621,1.1258,29.71,0.037408,795.19,-64.882,-297.69,-66.744,135.33,0,0.495,0.063231,-0.09192
-21502,16767,6.8718,-2.0869,0.98386,29.59,0.037421,791.5,-63.455,-290.08,-70.656,129.65,0,0.495,0.063236,-0.087922
-18802,16498,5.241,-1.255,-2.5279,28.389,0.040261,705.17,-66.551,-319.33,-61.321,33.795,0,0.495,0.047319,-0.09585
-19937,15729,6.3922,-2.2803,-0.86959,28.532,0.038704,737.47,-62.128,-296.88,-74.656,75.762,0,0.495,0.055264,-0.083889
-20602,15742,7.1285,-2.4034,0.84951,29.41,0.0374,786.96,-61.81,-282.01,-73.867,124.37,0,0.495,0.06325,-0.08391
-5646.6,13460,5.414,-1.3274,-4.582,27.555,0.038516,699.4,-62.697,-310.45,-58.913,-1.4847,0,0.495,0.039408,-0.091852
-5950.6,13999,5.1746,-1.0906,-4.5371,27.726,0.03881,698.88,-64.244,-314.57,-55.791,-1.9483,0,0.495,0.039401,-0.095846
5136.2,175.24,17.6,-2.1134,4.9549,27.13,0.029175,929.61,-35.315,-64.066,49.723,262.92,0,0.495,0.11092,-0.07599
4744.1,1227.6,15.605,-2.327,4.8919,29.539,0.03156,935.96,-39.597,-92.501,29.745,260,0,0.495,0.10297,-0.07592
5374.3,-68.704,17.399,-2.3793,4.722,26.832,0.029369,913.39,-34.399,-68.731,40.884,253.75,0,0.495,0.11093,-0.072004
4502.9,886.52,15.482,-2.6111,4.6371,29.119,0.031747,917.25,-38.57,-95.095,21.24,248.33,0,0.495,0.10298,-0.071955
-1065.7,3787.4,13.695,-2.2483,4.8689,31.302,0.032935,950.57,-45.281,-128.24,8.2848,265.72,0,0.495,0.094987,-0.080037
-1939.6,3300.1,13.643,-2.5536,4.61,30.877,0.03322,929.63,-44.11,-128.16,1.8598,251.52,0,0.495,0.095022,-0.075932
4548.6,1583.8,15.76,-2.042,5.1365,29.87,0.031256,955.64,-40.598,-90.232,37.882,272.14,0,0.495,0.10296,-0.079962
-2383.9,2830.3,13.618,-2.8546,4.3448,30.384,0.033402,909.78,-42.906,-128.03,-5.4769,237.97,0,0.495,0.095034,-0.071894
4888.8,427.81,17.836,-1.851,5.1742,27.31,0.028846,946.37,-36.173,-59.909,58.382,272.26,0,0.495,0.11092,-0.079991
5451.7,-275.69,17.233,-2.6524,4.477,26.418,0.029415,897.95,-33.389,-74.027,32.115,244.43,0,0.495,0.11092,-0.067997
5215.9,-404.79,19.108,-2.4342,4.4484,23.284,0.026233,886.97,-29.574,-56.373,48.834,248.79,0,0.495,0.11885,-0.068053
5131,-226.38,19.334,-2.1809,4.6642,23.56,0.026187,898.97,-30.53,-49.917,57.656,255.48,0,0.495,0.11885,-0.07205
4431.5,3.6773,20.777,-2.4937,4.1549,18.998,0.02212,857.62,-24.703,-53.614,52.448,247.45,0,0.495,0.12677,-0.064081
4278.3,114.37,21.01,-2.2473,4.3509,19.275,0.022252,864.82,-25.674,-45.549,59.184,252.26,0,0.495,0.12675,-0.068119
5294.8,-541.61,18.916,-2.7001,4.221,22.871,0.0261,875.79,-28.569,-63.625,40.796,241.94,0,0.495,0.11885,-0.06404
4083.9,262.6,21.275,-2.0146,4.5342,19.399,0.022194,872.4,-26.568,-38.513,67.164,256.27,0,0.495,0.12675,-0.072134
5348.7,-444.35,17.103,-2.9372,4.2223,25.884,0.029293,883.51,-32.319,-79.857,23.901,235.2,0,0.495,0.11091,-0.063969
3424.6,630.06,15.393,-2.9,4.3726,28.603,0.031799,899.5,-37.452,-98.36,12.822,237.02,0,0.495,0.10297,-0.067975
-6566.2,2231.4,13.652,-3.4618,3.7998,29.179,0.033396,873.83,-40.361,-130.01,-19.209,213.3,0,0.495,0.094979,-0.063964
100.26,432.56,15.338,-3.1982,4.1006,27.993,0.031703,882.98,-36.29,-102.39,5.3571,226.13,0,0.495,0.10295,-0.063963
-3459.8,2490.9,13.622,-3.1555,4.0744,29.817,0.033465,891.12,-41.646,-128.46,-13.008,225.25,0,0.495,0.095019,-0.067914
4954.9,-55.044,19.596,-1.9366,4.8664,23.694,0.025974,911.35,-31.38,-44.075,66.878,261.86,0,0.495,0.11885,-0.076039
3640,489.03,21.912,-1.5779,4.8547,19.162,0.021558,886.54,-28.036,-26.097,84.177,262.5,0,0.495,0.12679,-0.080101
4807.4,122.4,19.894,-1.6986,5.0535,23.687,0.025611,923.8,-32.168,-38.616,75.526,268.25,0,0.495,0.11886,-0.080029
3858.3,370.3,21.576,-1.7922,4.7024,19.36,0.021957,879.77,-27.34,-32.159,75.963,259.49,0,0.495,0.12676,-0.076124
-17969,12239,9.6937,-1.9742,3.8484,31.729,0.034397,922.95,-56.935,-223.53,-40.236,239.51,0,0.495,0.079122,-0.08804
-17551,11247,9.8113,-2.3089,3.6283,31.464,0.03474,906.11,-55.606,-217.92,-44.474,225.84,0,0.495,0.079117,-0.083976
-10268,8426.6,11.681,-1.8122,4.786,32.32,0.03333,970.03,-52.036,-176.2,-8.1741,277.22,0,0.495,0.087069,-0.088137
-11187,7648.8,11.683,-2.1396,4.5489,32.014,0.03374,949.14,-50.927,-173.48,-13.967,261.61,0,0.495,0.087048,-0.084098
426.01,4407.9,13.781,-1.94,5.1166,31.646,0.032558,972.18,-46.326,-128.16,14.399,280.6,0,0.495,0.09498,-0.084117
-12398,6831.2,11.715,-2.4604,4.3033,31.644,0.034082,928.73,-49.701,-170.33,-19.177,246.49,0,0.495,0.08705,-0.080057
-16663,10245,9.9524,-2.6341,3.406,31.138,0.035021,889.47,-54.201,-211.86,-48.379,212.69,0,0.495,0.079133,-0.079934
1246.5,4963.1,13.898,-1.6284,5.3497,31.914,0.032088,994.29,-47.26,-127.86,20.988,295.98,0,0.495,0.094998,-0.088157
-18582,13319,9.601,-1.63,4.0634,31.933,0.033994,939.99,-58.05,-228.41,-34.713,253.74,0,0.495,0.079134,-0.092098
-21237,16362,7.8652,-1.7414,2.7453,30.803,0.03549,868.94,-61.563,-269.93,-54.264,197.87,0,0.495,0.071177,-0.091966
-20377,15187,8.0504,-2.0807,2.5612,30.661,0.035742,858.65,-60.331,-262.93,-58.715,187.86,0,0.495,0.071174,-0.08795
-21879,17408,7.7055,-1.3912,2.9284,30.889,0.035182,879.24,-62.631,-276.13,-48.543,208.03,0,0.495,0.071188,-0.095994
-16224,14226,9.538,-1.2781,4.269,32.079,0.033503,957.33,-59.021,-232.35,-28.097,268.09,0,0.495,0.079145,-0.096123
-19495,14111,8.2572,-2.4104,2.3786,30.458,0.035942,848.06,-58.86,-255.4,-62.058,178.37,0,0.495,0.071185,-0.083928
-18533,13043,8.4817,-2.7305,2.1981,30.192,0.036091,837.04,-57.294,-247.58,-65.138,169.11,0,0.495,0.07121,-0.0799
-10510,9279.5,11.707,-1.4777,5.011,32.562,0.03286,991.32,-52.991,-178.08,-1.1739,293.23,0,0.495,0.087079,-0.092165
944.45,6075,14.223,-0.99481,5.7607,32.218,0.030948,1039.4,-48.742,-125.39,36.945,327,0,0.495,0.095005,-0.096187
-7617.3,9949.5,11.764,-1.1383,5.2201,32.74,0.032304,1012.9,-53.809,-178.99,6.6341,309.24,0,0.495,0.087081,-0.09617
934.12,5592.5,14.044,-1.3129,5.5653,32.107,0.031569,1016.8,-48.062,-126.95,28.761,311.59,0,0.495,0.095003,-0.09218
4086.4,952.75,18.419,-1.3284,5.5638,27.306,0.027833,980.48,-37.595,-52.08,75.83,291.24,0,0.495,0.1109,-0.088048
3711.3,2386.6,16.174,-1.4646,5.5819,30.246,0.030325,996.78,-42.332,-85.389,53.677,297.83,0,0.495,0.10292,-0.088129
4478,710.93,18.11,-1.5895,5.3781,27.368,0.028394,963.41,-36.923,-56,67.349,281.74,0,0.495,0.11091,-0.084016
4110.9,2016.5,15.948,-1.7535,5.3681,30.109,0.030846,976.08,-41.516,-87.898,45.916,284.84,0,0.495,0.10292,-0.084072
4327.5,445.89,20.595,-1.2338,5.3758,23.253,0.024494,947.8,-33.475,-28.684,92.591,279.94,0,0.495,0.11887,-0.088023
4040.4,605.76,20.993,-1.0055,5.5074,22.829,0.023766,958.67,-33.974,-23.997,100.33,285.2,0,0.495,0.11886,-0.092028
3621.4,1233.6,18.759,-1.0683,5.7285,27.122,0.027176,997.26,-38.147,-48.01,83.624,300.64,0,0.495,0.11087,-0.092084
1053.4,743.97,23.545,-0.77399,5.2846,16.929,0.018685,901.1,-29.898,-5.3995,111.43,267.83,0,0.495,0.12685,-0.096049
3671.9,724.21,21.418,-0.7801,5.6168,22.27,0.022944,968.3,-34.378,-19.364,106.78,290.05,0,0.495,0.11886,-0.096019
2633.1,725.55,23.101,-0.96861,5.2066,17.687,0.019561,900.15,-29.578,-10.097,106.12,267.76,0,0.495,0.12685,-0.092058
3020.1,670.95,22.679,-1.1673,5.108,18.316,0.020341,897.09,-29.159,-15.084,99.349,266.84,0,0.495,0.12684,-0.088063
3086.9,1444.3,19.13,-0.80999,5.8701,26.813,0.026434,1013.4,-38.598,-43.737,90.736,309.75,0,0.495,0.11088,-0.096085
4556.7,297.67,20.228,-1.4646,5.2237,23.539,0.025113,936.06,-32.858,-33.519,84.255,274.27,0,0.495,0.11887,-0.084023
3364.9,592.82,22.281,-1.3702,4.9902,18.81,0.021012,892.39,-28.63,-20.421,92.151,265,0,0.495,0.12682,-0.084073
3177.5,2821.7,16.43,-1.1751,5.7754,30.284,0.029742,1017.6,-43.024,-82.493,61.635,310.89,0,0.495,0.10291,-0.09216
2600.7,3164.3,16.72,-0.88604,5.9463,30.218,0.029044,1038.2,-43.602,-79.219,69.393,323.65,0,0.495,0.10293,-0.096167
680.38,-648.78,28.739,-1.3371,3.887,0.27428,0.0012082,219.96,-6.1141,-13.512,36.779,19.722,0,0.495,0.17458,-0.076158
497.48,-344.01,28.576,-1.3441,3.9857,0.68329,0.0021748,295.54,-9.1128,-16.067,38.678,54.363,0,0.495,0.16658,-0.076141
855.45,-820.85,28.525,-1.4457,3.889,0.4447,0.0015403,282.12,-5.1765,-19.048,55.551,19.163,0,0.495,0.17458,-0.072168
634.87,-446,28.367,-1.4634,3.9672,0.82045,0.0023269,338.74,-8.2043,-21.832,52.753,55.259,0,0.495,0.16658,-0.072148
8.0119,245.5,28.231,-1.2722,4.1178,1.8051,0.0040947,412.27,-12.904,-14.253,43.857,106.86,0,0.495,0.15858,-0.080154
67.493,295.53,28.023,-1.3993,4.0874,1.971,0.0042326,437.86,-12.101,-19.516,47.639,113.29,0,0.495,0.15858,-0.07616
403.45,-319.65,28.741,-1.2348,3.9937,0.59135,0.0020811,263.32,-9.9419,-11.381,30.373,51.009,0,0.495,0.16658,-0.080132
147.45,296,27.794,-1.5366,4.045,2.1266,0.0043337,465.13,-11.209,-25.436,54.501,116.91,0,0.495,0.15858,-0.072158
581.24,-561.46,28.892,-1.2392,3.8763,0.19364,0.0010331,178.24,-6.9875,-9.2488,25.214,18.984,0,0.495,0.17458,-0.080149
1110.2,-1087.6,28.219,-1.5701,3.8791,0.78252,0.0020831,367.52,-4.2242,-26.031,83.057,16.728,0,0.495,0.17458,-0.068177
1353.3,-1317.5,28.212,-1.5871,3.8117,0.77501,0.0020762,362.76,-1.655,-23.386,83.154,8.2201,0,0.495,0.18254,-0.068196
1067,-1029.3,28.526,-1.4676,3.8057,0.38428,0.001388,267.39,-2.6468,-16.351,56.111,7.6232,0,0.495,0.18254,-0.072197
1749.1,-1713.3,27.82,-1.7932,3.7364,1.3041,0.0028455,448.93,1.7376,-29.944,100.24,18.263,0,0.495,0.19046,-0.064092
1461.3,-1421.7,28.222,-1.6467,3.7303,0.72381,0.0020205,347.35,0.65156,-20.67,74.711,12.102,0,0.495,0.1905,-0.068196
1634.1,-1616,27.771,-1.7315,3.8045,1.4207,0.0029557,471.08,-0.61819,-33.071,114.06,10.541,0,0.495,0.18253,-0.06417
1162.2,-1130.4,28.519,-1.5289,3.7085,0.35157,0.0013294,254.1,-0.35785,-13.786,51.369,8.7556,0,0.495,0.19052,-0.072209
1390.8,-1413.2,27.782,-1.7175,3.8542,1.3798,0.0028691,471.55,-3.2189,-35.306,116.64,13.889,0,0.495,0.17458,-0.064161
872.61,-659.9,28.087,-1.5968,3.9365,1.064,0.0026103,398.98,-7.2553,-28.834,75.596,52.353,0,0.495,0.16658,-0.068153
568.22,-57.438,27.187,-1.8531,3.9237,2.5773,0.0046166,543.91,-9.2395,-40.478,91.062,110.2,0,0.495,0.15858,-0.064132
1132.7,-992.59,27.692,-1.7507,3.892,1.5131,0.0031135,479.68,-6.2343,-37.469,107.45,46.081,0,0.495,0.16658,-0.064141
343.94,184.56,27.527,-1.6863,3.9903,2.3038,0.0044349,498.41,-10.257,-32.363,68.065,116.14,0,0.495,0.15858,-0.068148
853.63,-825.54,28.744,-1.3656,3.7881,0.18112,0.00090036,193.85,-3.6149,-11.269,36.417,7.1268,0,0.495,0.18254,-0.076185
785.99,-770.79,28.875,-1.3381,3.6454,0.063735,0.00047161,129.33,-2.291,-6.0443,22.189,5.6601,0,0.495,0.19052,-0.080223
715.49,-697.41,28.898,-1.2742,3.7633,0.089786,0.00060417,143.73,-4.5218,-7.6423,23.811,6.8037,0,0.495,0.18253,-0.080172
934.95,-916.89,28.726,-1.4278,3.6798,0.15405,0.00081143,180.77,-1.3558,-9.1709,33.67,6.6975,0,0.495,0.19053,-0.076238
649.96,925.28,26.383,-1.093,4.5568,7.7716,0.01079,704.62,-21.343,-7.4384,85.557,208.83,0,0.495,0.14268,-0.088129
909.64,1011,26.03,-1.2475,4.5008,8.3584,0.011388,720.08,-20.837,-12.437,82.757,216.58,0,0.495,0.14267,-0.084148
523.44,377.47,27.765,-1.0579,4.3328,3.7591,0.0066331,540.67,-18.037,-6.8806,63.124,152.23,0,0.495,0.15061,-0.088152
695.16,507.92,27.492,-1.1917,4.3027,4.1641,0.0070517,565.67,-17.485,-11.517,63.305,162.85,0,0.495,0.1506,-0.084167
23.928,136.14,28.428,-1.153,4.1364,1.6215,0.0039114,386.06,-13.628,-9.6835,41.594,98.372,0,0.495,0.15858,-0.084146
789.05,633.69,27.219,-1.3328,4.2585,4.5199,0.007401,587.15,-16.84,-16.796,62.316,171.92,0,0.495,0.1506,-0.080175
1018.5,1086.6,25.691,-1.4089,4.4289,8.8471,0.011883,732.08,-20.249,-17.971,78.439,222.81,0,0.495,0.14267,-0.080161
62.565,18.125,28.614,-1.0398,4.1435,1.425,0.0036887,358.44,-14.267,-5.8879,39.417,88.846,0,0.495,0.15858,-0.088137
342.47,785.83,26.742,-0.9427,4.5971,7.1142,0.010118,685.58,-21.789,-2.9141,87.4,199.66,0,0.495,0.14269,-0.092129
1937.5,742.04,25.059,-0.95468,4.8854,12.202,0.014829,814.1,-26.011,-4.3217,102.73,241.83,0,0.495,0.13479,-0.092087
2343.6,789.9,24.645,-1.1274,4.8178,12.935,0.01561,821.24,-25.585,-9.1787,97.992,245.84,0,0.495,0.13477,-0.088101
-11.7,667.19,25.486,-0.78662,4.9347,11.369,0.013966,803.68,-26.34,0.18699,105.83,236.48,0,0.495,0.13479,-0.096075
-741.16,629.97,27.104,-0.79855,4.621,6.4028,0.0093885,662.26,-22.127,1.1518,87.521,188.95,0,0.495,0.1427,-0.09611
2619.5,791.95,24.248,-1.3052,4.7328,13.553,0.01629,825.68,-25.061,-14.463,92.617,248.52,0,0.495,0.13475,-0.084119
2771.9,778.67,23.874,-1.4895,4.6306,14.038,0.016848,827.8,-24.457,-20.189,85.964,250.23,0,0.495,0.13472,-0.080138
352.85,204.13,28.035,-0.92961,4.3492,3.3252,0.0061661,512.17,-18.512,-2.87,62.092,140.38,0,0.495,0.15061,-0.092137
-163.46,36.728,28.297,-0.80579,4.3526,2.8808,0.0056694,480.22,-18.903,0.45786,59.829,127.64,0,0.495,0.15062,-0.096123
144.01,-125.37,28.79,-0.93083,4.1401,1.2243,0.0034371,329.33,-14.843,-2.8359,37.238,78.741,0,0.495,0.15858,-0.092128
548.4,-543.58,29.11,-1.061,3.8352,0.12706,0.00090318,130.3,-8.5573,-4.0299,15.567,14.934,0,0.495,0.17458,-0.088132
398.41,-400.72,29.006,-1.0347,3.982,0.4429,0.0019041,212.91,-11.388,-4.8698,22.68,40.423,0,0.495,0.16659,-0.088116
546.02,-536.43,29.011,-1.1482,3.8586,0.15303,0.00095041,150.45,-7.807,-6.1351,18.872,17.152,0,0.495,0.17458,-0.08414
392.83,-351.24,28.882,-1.1325,3.9921,0.51487,0.0019983,236.83,-10.703,-7.6825,25.667,46.024,0,0.495,0.16658,-0.084124
598.51,-605.95,29.104,-1.1082,3.7009,0.04053,0.00041641,93.655,-6.1663,-3.6923,13.156,5.5424,0,0.495,0.18253,-0.088142
588.83,-602.12,29.185,-1.0277,3.6657,0.033291,0.00039872,80.173,-6.8952,-2.9233,11.748,4.8702,0,0.495,0.18252,-0.092132
569.17,-568.49,29.199,-0.97544,3.8071,0.10595,0.00085929,113.86,-9.2463,-2.6903,14.008,12.676,0,0.495,0.17458,-0.092124
612.66,-620.42,29.157,-1.0951,3.5316,0.015928,0.00023961,65.947,-4.7693,-2.7563,11.092,4.3569,0,0.495,0.19047,-0.092144
635.69,-641.07,29.076,-1.1745,3.5705,0.019726,0.00024822,78.609,-4.002,-3.1562,12.331,4.622,0,0.495,0.19048,-0.088166
633.01,-632.58,29.012,-1.1895,3.7337,0.054292,0.00046519,112.82,-5.3776,-5.1772,16.676,6.2171,0,0.495,0.18253,-0.084156
685.78,-687.03,28.986,-1.2547,3.6087,0.030305,0.00030316,97.601,-3.1785,-4.1658,15.562,4.998,0,0.495,0.1905,-0.084196
445.34,-465.77,29.12,-0.93966,3.9646,0.37357,0.0017933,190.2,-12.007,-2.8019,20.714,34.715,0,0.495,0.16659,-0.092108
787.44,-817.11,28.984,-1.8516,2.6623,0.049623,0.00044243,110.38,6.4055,-2.4223,11.821,8.5272,0,0.495,0.23821,-0.076087
879.61,-907.89,28.921,-1.8168,2.8551,0.055091,0.00046064,117.81,5.826,-2.3827,14.456,8.2043,0,0.495,0.23024,-0.07604
879.87,-914.54,28.892,-1.9573,2.665,0.079157,0.00055939,139.37,7.3102,-2.8878,15.099,9.9507,0,0.495,0.23821,-0.072045
996.32,-1034.4,28.814,-1.9248,2.8649,0.089323,0.00058947,149.27,6.7844,-3.015,18.579,9.7761,0,0.495,0.23025,-0.072046
827.13,-848.38,28.969,-1.6651,3.026,0.034337,0.00034839,97.153,4.0079,-2.7337,13.563,7.6316,0,0.495,0.22227,-0.080049
941.5,-971.44,28.866,-1.7695,3.0464,0.057588,0.00045496,124.37,4.9679,-3.4191,17.054,8.49,0,0.495,0.22227,-0.076055
792.95,-815.79,29.014,-1.7137,2.8408,0.033861,0.00036158,92.276,4.8899,-1.8602,11.998,7.1443,0,0.495,0.23025,-0.080053
1091.5,-1124.7,28.745,-1.8803,3.0646,0.098993,0.0006087,159.45,5.976,-4.0902,22.48,10.189,0,0.495,0.22227,-0.072057
714.67,-747.2,29.065,-1.7491,2.6572,0.030789,0.00035001,86.521,5.5023,-2.0478,10.198,7.479,0,0.495,0.23832,-0.080268
1022.5,-1053.4,28.782,-2.0682,2.6638,0.12394,0.00070025,174.56,8.2664,-3.9825,20.008,11.615,0,0.495,0.23835,-0.068093
874.74,-917.09,28.885,-2.0878,2.4715,0.10199,0.00062641,160.3,8.5617,-4.3555,16.394,11.885,0,0.495,0.24633,-0.068102
771.96,-811.8,28.98,-1.9806,2.4766,0.06489,0.00049954,127.66,7.6588,-3.9241,12.314,10.552,0,0.495,0.24619,-0.072066
866.97,-904.06,28.901,-2.1962,2.2742,0.12317,0.00067171,180.68,9.5347,-3.8947,17.159,13.063,0,0.495,0.25436,-0.064151
753.88,-802.06,28.996,-2.092,2.2941,0.080077,0.00054308,144.97,8.6774,-3.9125,13.548,11.387,0,0.495,0.25435,-0.068141
1028.7,-1048.1,28.773,-2.1997,2.4581,0.15517,0.00077081,198.56,9.4942,-5.0784,21.042,13.771,0,0.495,0.24639,-0.064141
1220.6,-1215,28.651,-2.1878,2.656,0.18819,0.00086165,215.68,9.2685,-5.7335,25.711,13.714,0,0.495,0.23842,-0.064139
670.48,-718.34,29.078,-1.9907,2.3084,0.050568,0.00043169,115,7.8384,-3.9194,10.527,10.322,0,0.495,0.25434,-0.07214
1187.8,-1208.4,28.686,-2.0408,2.8706,0.14294,0.0007497,187.92,7.78,-4.3251,24.234,11.773,0,0.495,0.23037,-0.068083
1643.5,-1596.5,28.414,-2.1323,3.0874,0.27937,0.0010688,256.33,8.0868,-7.951,37.619,16.715,0,0.495,0.22229,-0.064064
1440,-1410.4,28.534,-2.1677,2.866,0.22125,0.00093763,232.8,8.8176,-6.5589,30.795,14.294,0,0.495,0.23037,-0.064072
1325.1,-1336.7,28.596,-1.9996,3.0805,0.17011,0.00081629,204.05,7.0008,-5.433,29.513,12.887,0,0.495,0.22232,-0.068077
692.63,-733.72,29.06,-1.8768,2.4829,0.040734,0.00039576,101.03,6.7847,-3.5796,9.7655,9.645,0,0.495,0.24631,-0.076246
533.88,-581.99,29.214,-1.798,2.3198,0.020068,0.00027946,70.816,6.1931,-3.8628,7.1744,9.0137,0,0.495,0.25434,-0.080131
620.37,-664.3,29.132,-1.7764,2.4787,0.025317,0.00031554,78.885,5.9134,-3.147,8.2832,8.9125,0,0.495,0.24631,-0.080317
593.82,-644.64,29.149,-1.8924,2.3161,0.031528,0.00034241,90.429,7.0065,-3.859,8.4739,9.5964,0,0.495,0.25434,-0.076145
662.59,-680.49,29.081,-1.3385,3.2879,0.014732,0.00021709,67.706,-0.40995,-2.8479,11.357,7.5096,0,0.495,0.20636,-0.088148
732.44,-754.23,28.994,-1.4253,3.3255,0.021427,0.00025026,84.548,0.4578,-2.9388,13.237,7.8521,0,0.495,0.20637,-0.084157
655.55,-675.61,29.107,-1.4154,3.1387,0.014803,0.0002305,64.035,1.0331,-2.8049,10.863,7.4784,0,0.495,0.21432,-0.088049
727.27,-751.82,29.023,-1.5055,3.1697,0.021159,0.00026138,80.213,1.9068,-2.8963,12.316,7.8182,0,0.495,0.21431,-0.084051
727.57,-752.21,29.059,-1.5674,3.0044,0.021649,0.0002812,76.248,3.0916,-2.1416,11.376,7.0562,0,0.495,0.22227,-0.084053
835.76,-858.84,28.928,-1.6007,3.1996,0.034584,0.00033231,102.19,2.8276,-3.2615,15.109,8.4586,0,0.495,0.21431,-0.080059
837.7,-860.73,28.894,-1.5158,3.3634,0.039194,0.00034752,109.33,1.3736,-3.3904,17.126,8.6717,0,0.495,0.20638,-0.080168
660.34,-679.25,29.141,-1.4749,2.9793,0.014807,0.00024476,60.215,2.2147,-2.0062,10.164,6.6287,0,0.495,0.22229,-0.088086
611.93,-630.22,29.161,-1.2538,3.251,0.011698,0.00021192,55.283,-1.2305,-3.0035,10.54,7.2953,0,0.495,0.20635,-0.092142
626.05,-632.62,29.148,-1.1744,3.3922,0.012366,0.00020855,59.344,-2.89,-2.5496,10.757,6.0806,0,0.495,0.19844,-0.092161
664.12,-669.06,29.067,-1.2549,3.4328,0.015413,0.00021373,71.854,-2.0964,-2.6024,11.822,6.2975,0,0.495,0.19849,-0.088196
601.44,-606.29,29.223,-1.0939,3.3522,0.010685,0.00021503,49.783,-3.632,-2.7187,10.347,5.903,0,0.495,0.1984,-0.096141
574.04,-588.89,29.237,-1.1705,3.2144,0.0099504,0.00021833,45.717,-1.9988,-3.2451,10.095,7.1394,0,0.495,0.20634,-0.096132
723.42,-730.45,28.978,-1.3369,3.4734,0.023794,0.0002594,89.92,-1.2469,-3.0973,14.429,6.6767,0,0.495,0.19851,-0.084213
825.2,-826.99,28.872,-1.4221,3.514,0.049982,0.0004022,118.9,-0.3438,-4.2868,19.849,7.5345,0,0.495,0.19853,-0.080231
601.16,-621.19,29.186,-1.3282,3.1074,0.011449,0.00022194,51.635,0.20005,-2.9438,10.225,7.1675,0,0.495,0.21432,-0.092053
555.96,-575.76,29.261,-1.2434,3.0764,0.0095403,0.00022723,42.13,-0.58564,-3.0705,9.7029,6.9612,0,0.495,0.21432,-0.096049
609.81,-628.89,29.217,-1.3844,2.9573,0.011104,0.00023149,47.975,1.3551,-1.9315,9.6454,6.2323,0,0.495,0.22239,-0.092234
598.7,-625.79,29.211,-1.5601,2.6308,0.01311,0.00024837,52.451,3.7933,-0.71432,8.0325,5.9671,0,0.495,0.23824,-0.08825
659.56,-677.15,29.175,-1.5211,2.8108,0.014297,0.00025195,56.379,3.1041,-0.75005,9.4002,5.9151,0,0.495,0.23036,-0.088267
654.45,-684.95,29.141,-1.6515,2.6466,0.019376,0.00028464,67.25,4.6239,-1.4624,8.9855,6.6041,0,0.495,0.23832,-0.084319
718.86,-741.02,29.098,-1.6155,2.825,0.021273,0.00029226,71.973,3.9811,-1.2865,10.39,6.3976,0,0.495,0.23026,-0.084078
513.15,-550.97,29.258,-1.592,2.4675,0.01163,0.00023915,48.436,4.2866,-2.0737,6.5001,7.5973,0,0.495,0.24623,-0.08835
472.47,-507.48,29.316,-1.5073,2.4583,0.0091565,0.0002371,38.698,3.5244,-1.5596,6.2801,7.0643,0,0.495,0.24621,-0.092385
553.38,-580.53,29.276,-1.4733,2.6171,0.0098709,0.00023764,41.551,2.9921,-0.072816,7.656,5.3107,0,0.495,0.23827,-0.092356
401.33,-444.51,29.381,-1.5355,2.3168,0.0084794,0.00024017,35.456,3.9097,-2.9671,5.7693,8.2118,0,0.495,0.25419,-0.092297
443.83,-486.33,29.328,-1.6191,2.3202,0.010244,0.00023239,44.053,4.6396,-3.4215,5.8974,8.3728,0,0.495,0.25425,-0.088215
564.54,-604.8,29.198,-1.6814,2.4748,0.016417,0.00026378,61.574,5.084,-2.5972,7.1955,8.1742,0,0.495,0.24629,-0.084363
488.24,-532.59,29.272,-1.7068,2.3218,0.013669,0.0002439,55.636,5.4038,-3.7294,6.3725,8.5752,0,0.495,0.25433,-0.084159
606.21,-628.26,29.248,-1.4323,2.7899,0.010544,0.00023705,44.462,2.269,-0.19348,8.8347,5.4019,0,0.495,0.23038,-0.092349
231.54,-260.56,29.573,-1.5898,1.6308,0.0069416,0.00029677,23.685,4.4448,0.37788,1.3116,4.7005,0,0.495,0.29428,-0.088008
247.64,-276.62,29.548,-1.6462,1.6163,0.0073918,0.00026377,28.355,4.9793,0.23358,1.0771,4.7974,0,0.495,0.29427,-0.084022
177.74,-208.02,29.631,-1.572,1.5266,0.006584,0.00034774,19.109,4.1505,0.56469,1.3655,5.0025,0,0.495,0.30222,-0.088
196.44,-225.82,29.608,-1.62,1.5095,0.0068792,0.00030802,22.709,4.6448,0.66451,1.1245,4.9071,0,0.495,0.30222,-0.084017
343.13,-370.99,29.463,-1.7332,1.7241,0.0093624,0.00022509,41.705,5.846,0.040762,1.733,4.4799,0,0.495,0.28631,-0.080062
270.51,-299.77,29.523,-1.7041,1.5974,0.0081749,0.00023996,34.379,5.5181,-0.081457,1.0185,4.9182,0,0.495,0.29427,-0.080048
319.66,-345.84,29.493,-1.6674,1.7422,0.0080328,0.00023828,33.958,5.2623,0.59388,1.7065,4.0302,0,0.495,0.28631,-0.084032
220.16,-248.8,29.585,-1.6696,1.488,0.0073311,0.00027318,27.254,5.1418,0.52113,0.97032,4.8418,0,0.495,0.30222,-0.080032
304.09,-328.39,29.522,-1.6036,1.7562,0.0073348,0.00026375,28.059,4.686,1.0387,1.9625,3.5975,0,0.495,0.28631,-0.08802
159.64,-186.77,29.689,-1.5453,1.4317,0.0062834,0.00034714,14.964,3.815,2.2324,1.4689,4.5347,0,0.495,0.31016,-0.088001
144.06,-172.5,29.713,-1.5053,1.4491,0.0061303,0.00029754,12.726,3.3589,1.9068,1.8322,4.7003,0,0.495,0.31016,-0.091996
163.35,-194.61,29.656,-1.5247,1.5394,0.0063681,0.00035773,16.2,3.6604,0.27783,1.8558,5.0596,0,0.495,0.30222,-0.09199
131.11,-160.48,29.739,-1.4655,1.4633,0.00601,0.00022999,10.875,2.8992,1.3192,2.3081,4.7478,0,0.495,0.31014,-0.09604
154.8,-173.48,29.764,-1.4732,1.3518,0.0059521,0.00019921,10.015,3.0252,4.7833,1.9243,3.4241,0,0.495,0.3181,-0.092013
153.99,-186.08,29.683,-1.4776,1.5482,0.0062015,0.00031134,13.837,3.1717,-0.23463,2.5441,5.047,0,0.495,0.30221,-0.09599
166.98,-184.95,29.74,-1.5081,1.3308,0.006059,0.00025985,11.714,3.447,4.7779,1.7607,3.2158,0,0.495,0.3181,-0.088001
176.86,-202.72,29.666,-1.5859,1.4109,0.0064814,0.00035392,17.681,4.2706,2.3822,1.247,4.3217,0,0.495,0.31016,-0.084017
178.54,-195.2,29.716,-1.5434,1.3073,0.0061924,0.00031935,13.712,3.8651,4.7333,1.606,2.9548,0,0.495,0.3181,-0.08401
197.66,-222.73,29.644,-1.6278,1.3864,0.0067527,0.00032736,21.029,4.7261,2.2279,1.0615,4.1222,0,0.495,0.31016,-0.080029
221.45,-250.42,29.6,-1.5344,1.6409,0.0066374,0.00033691,19.946,3.9189,0.44222,1.8438,4.5583,0,0.495,0.29428,-0.091996
293.82,-316.86,29.553,-1.5415,1.7664,0.0069104,0.00029783,23.418,4.1223,1.4607,2.5579,3.1199,0,0.495,0.28631,-0.092005
215.98,-244.92,29.629,-1.4798,1.6473,0.0064106,0.00034717,16.923,3.3993,0.47815,2.5565,4.3879,0,0.495,0.29427,-0.095981
552.38,-589.63,29.257,-1.9564,1.9809,0.03004,0.00032734,90.175,7.6887,-1.4476,6.4544,6.9956,0,0.495,0.27025,-0.072098
489.19,-524.48,29.33,-1.9183,1.822,0.022646,0.0002852,78.058,7.4113,-0.90989,4.1881,5.9332,0,0.495,0.27825,-0.072099
503.48,-537.82,29.308,-1.8716,2.0033,0.019315,0.00026901,70.817,6.9828,-1.3677,5.3683,5.9834,0,0.495,0.27026,-0.076074
451.48,-483.27,29.371,-1.8391,1.8476,0.015169,0.00024385,61.529,6.7593,-0.57313,3.4618,5.001,0,0.495,0.27827,-0.076131
417.42,-445.3,29.409,-1.7631,1.8691,0.011032,0.00022513,48.854,6.1168,-0.11073,2.9913,4.2405,0,0.495,0.27827,-0.080106
373.5,-403.38,29.433,-1.802,1.7017,0.011922,0.00022833,51.955,6.4386,-0.53817,2.0578,4.9501,0,0.495,0.2863,-0.076111
406.66,-438.53,29.401,-1.8739,1.6746,0.016618,0.00025077,65.394,7.0374,-0.97971,2.4695,5.5857,0,0.495,0.28629,-0.072123
461.34,-491.92,29.356,-1.7899,2.0216,0.013245,0.00023549,55.848,6.2868,-1.2533,4.7054,5.1679,0,0.495,0.27026,-0.08004
603.68,-651.65,29.174,-1.9822,2.1434,0.03895,0.00037413,102.24,7.8333,-2.6604,8.5934,8.924,0,0.495,0.2623,-0.072134
676.11,-727.31,29.104,-2.0763,2.1224,0.061996,0.0004701,129.59,8.61,-2.5562,10.803,10.062,0,0.495,0.2623,-0.068147
606.15,-649.31,29.199,-2.0439,1.9539,0.047496,0.00040718,114.57,8.4032,-1.4831,8.0521,8.2282,0,0.495,0.27025,-0.068123
763.84,-812.09,29.023,-2.1733,2.0958,0.096209,0.00058258,162.6,9.3984,-2.4242,13.516,11.663,0,0.495,0.2623,-0.064135
668.63,-714.72,29.134,-2.1338,1.9216,0.07371,0.00050241,144.29,9.125,-1.4762,10.014,9.8378,0,0.495,0.27025,-0.064123
528.65,-570.2,29.285,-1.9998,1.7917,0.035031,0.0003469,99.047,8.0691,-1.1194,5.2463,7.0624,0,0.495,0.27824,-0.068081
477.04,-516.99,29.331,-2.0239,1.6061,0.036912,0.00034779,103.94,8.2468,-1.4422,3.7917,7.5208,0,0.495,0.28629,-0.064144
440.49,-476.43,29.367,-1.9481,1.6428,0.024567,0.00029191,82.595,7.6418,-1.2487,3.055,6.409,0,0.495,0.28629,-0.06813
573.39,-620.13,29.236,-2.0828,1.7564,0.053851,0.00042333,124.82,8.7278,-1.2504,6.5393,8.5239,0,0.495,0.27826,-0.064098
539.16,-585.74,29.236,-1.8916,2.1595,0.024527,0.00030063,80.283,7.0681,-2.7998,7.087,8.0259,0,0.495,0.2623,-0.07611
488.83,-531.29,29.292,-1.804,2.1713,0.016147,0.00025319,63.094,6.316,-2.9847,6.1442,7.3498,0,0.495,0.26231,-0.080072
396.62,-421.09,29.447,-1.6343,2.0463,0.0083553,0.00023502,35.724,4.9306,-0.99389,4.6808,3.8224,0,0.495,0.27026,-0.088024
426.04,-453.78,29.402,-1.7108,2.0359,0.01001,0.00022553,44.385,5.6029,-1.1284,4.538,4.427,0,0.495,0.27026,-0.084025
368.04,-388.33,29.483,-1.6201,1.9004,0.0077833,0.00024494,31.988,4.8655,0.85158,3.1824,2.8019,0,0.495,0.27826,-0.088066
389.8,-413.86,29.446,-1.6902,1.8866,0.0088768,0.000227,39.239,5.4863,0.3959,2.9231,3.5005,0,0.495,0.27827,-0.08408
371.23,-393.68,29.494,-1.5606,2.0534,0.007503,0.00025856,29.217,4.2696,-0.80934,5.0454,3.3335,0,0.495,0.27026,-0.092029
375.79,-413.29,29.448,-1.5555,2.1863,0.007923,0.00024757,32.191,4.1495,-2.8434,5.6804,6.449,0,0.495,0.26226,-0.092158
410.43,-448.68,29.397,-1.6356,2.1842,0.0091535,0.00023107,39.714,4.8539,-3.0689,5.6034,6.5788,0,0.495,0.26229,-0.088084
446.15,-487.61,29.346,-1.7186,2.1795,0.01156,0.00023122,49.813,5.5755,-3.097,5.744,6.8496,0,0.495,0.2623,-0.084058
351.1,-368.94,29.521,-1.5526,1.9106,0.0071867,0.00027397,26.432,4.2582,1.2707,3.7583,2.1084,0,0.495,0.27826,-0.092044
-17738,18399,4.6231,-0.38768,-2.2067,28.572,0.040793,700.45,-69.088,-332.19,-47.633,38.419,0,0.495,0.04729,-0.10794
-7252.9,15444,4.556,-0.35034,-4.2785,28.019,0.039329,697.84,-67.273,-325.29,-45.522,-0.48095,0,0.495,0.039369,-0.10794
-18400,17787,4.8085,-0.68495,-2.3306,28.553,0.040693,701.71,-68.539,-328.47,-52.782,36.246,0,0.495,0.047312,-0.10387
-6769.3,14992,4.7448,-0.60329,-4.389,27.959,0.03923,697.87,-66.634,-322.09,-49.327,-1.5503,0,0.495,0.039374,-0.10389
2734.8,12353,4.578,-0.08571,-6.243,27.033,0.036272,728.27,-65.572,-315.48,-38.584,-29.261,0,0.495,0.031434,-0.11204
3170.7,12084,4.7502,-0.29571,-6.3626,27.002,0.036329,725.57,-65.219,-312.73,-41.641,-30.05,0,0.495,0.031444,-0.10797
-7742.6,15808,4.3881,-0.091557,-4.1474,28.038,0.039347,698.68,-67.537,-328.14,-41.16,1.1609,0,0.495,0.039362,-0.11199
3648.6,11804,4.9384,-0.50262,-6.4582,26.938,0.036352,723.7,-64.469,-309.83,-44.443,-30.339,0,0.495,0.031454,-0.10389
-16736,18841,4.4673,-0.084288,-2.0664,28.549,0.040763,700.43,-69.305,-335.16,-41.55,41.222,0,0.495,0.047288,-0.11197
-19084,17168,5.0146,-0.97339,-2.4372,28.492,0.040505,703.46,-67.69,-324.16,-57.356,34.832,0,0.495,0.047313,-0.099848
-22614,19297,5.3935,-1.0544,-0.45576,29.029,0.039452,736.34,-67.73,-323.15,-58.875,85.575,0,0.495,0.055244,-0.099862
-21914,20048,5.1981,-0.72637,-0.32354,29.036,0.039527,735.18,-68.476,-328.13,-53.123,88.976,0,0.495,0.055245,-0.10388
-23810,19950,6.229,-1.0814,1.428,29.791,0.037247,801.31,-67.061,-310.66,-56.146,147.71,0,0.495,0.063232,-0.099931
-24156,20797,6.0688,-0.72452,1.5869,29.764,0.037063,804.89,-67.755,-315.65,-49.062,154.56,0,0.495,0.063243,-0.10396
-6269.1,14525,4.952,-0.84963,-4.4744,27.861,0.03907,698.3,-65.525,-318.51,-52.838,-1.9425,0,0.495,0.039395,-0.099849
4112.9,11437,5.1408,-0.70609,-6.5245,26.844,0.036287,722.4,-63.232,-306.73,-47.137,-30.058,0,0.495,0.031475,-0.099847
-21179,20699,5.0295,-0.38881,-0.1793,29.003,0.039498,735.01,-68.92,-332.06,-46.298,93.302,0,0.495,0.055227,-0.10796
-19807,21842,5.8644,0.013013,1.9165,29.607,0.036324,817.72,-68.236,-320.95,-30.15,171.04,0,0.495,0.063274,-0.11208
-19906,21087,4.8987,-0.046179,-0.024722,28.934,0.039312,736.87,-69.05,-334.69,-38.135,98.209,0,0.495,0.055231,-0.11199
-22573,21498,5.9447,-0.35821,1.7504,29.7,0.036766,810.02,-68.132,-319.23,-40.278,162.44,0,0.495,0.063261,-0.10803
366.53,9156.5,4.6448,0.25737,-8.0373,25.078,0.030345,831.45,-62.761,-307.79,-31.341,-50.402,0,0.495,0.023489,-0.12008
356.69,5902.1,5.1626,0.17223,-10.166,21.68,0.020611,1113.2,-60.799,-303.83,-33.386,-92.351,0,0.495,0.015563,-0.12007
823.59,9112.1,4.7891,0.093844,-8.188,25.141,0.030751,822.63,-62.974,-305.16,-33.477,-50.932,0,0.495,0.023498,-0.11608
839.15,5878.8,5.3032,0.062276,-10.299,21.794,0.020987,1097.6,-60.858,-300.74,-34.569,-91.094,0,0.495,0.015573,-0.11607
2308.9,12582,4.4238,0.12819,-6.1017,27.024,0.036144,732.28,-65.562,-317.91,-35.873,-27.78,0,0.495,0.031422,-0.11608
1495.6,8931.1,4.9471,-0.066932,-8.316,25.171,0.031045,815.89,-62.929,-302.3,-35.019,-51.102,0,0.495,0.023508,-0.11206
1533.7,5770.7,5.4535,-0.045295,-10.409,21.886,0.021293,1084.9,-60.65,-297.58,-35.087,-89.361,0,0.495,0.015583,-0.11206
1934.9,12610,4.2875,0.34508,-5.9379,26.975,0.035859,738.02,-65.246,-319.79,-32.667,-25.848,0,0.495,0.031412,-0.12009
-182.42,5822,5.0335,0.2846,-10.006,21.54,0.020166,1131.7,-60.431,-306.83,-32.561,-93.081,0,0.495,0.015553,-0.12408
-14381,2237,6.0435,0.16953,-12.253,15.37,0.007664,2647.4,-58.846,646.66,-24.814,-1634.6,0,0.495,0.0076257,-0.12407
-12168,1150,6.1601,0.10933,-12.392,15.504,0.0078601,2641.6,-59.044,656.11,-24.787,-1624,0,0.495,0.0076359,-0.12007
-30362,-120.25,6.7456,0.11819,-13.409,11.397,0.001001,3944.2,-57.515,1601.4,3.9195,-3145,0,0.495,0,-0.12407
-26188,-2509.6,6.853,0.083455,-13.535,11.499,0.0010126,3956.4,-57.592,1617,4.2421,-3124.9,0,0.495,0,-0.12006
-184.16,9054.5,4.5154,0.42307,-7.8616,24.978,0.02978,842.56,-62.235,-310.08,-29.553,-49.367,0,0.495,0.023479,-0.12408
1623.3,12446,4.1696,0.56352,-5.7504,26.88,0.035376,745.73,-64.58,-321.02,-29.832,-23.351,0,0.495,0.031402,-0.12409
-9939.7,-71.413,6.2841,0.049642,-12.505,15.629,0.0080382,2637.6,-58.929,663.89,-25.141,-1612.5,0,0.495,0.0076462,-0.11606
-18035,-7258.2,7.0828,0.011924,-13.715,11.711,0.0010388,3982.1,-56.924,1638.7,4.6537,-3082,0,0.495,0,-0.11206
-7709,-1142.4,6.4132,-0.009369,-12.594,15.748,0.0081952,2635.5,-58.522,670.14,-24.84,-1600.4,0,0.495,0.0076564,-0.11206
-22095,-5078.1,6.9665,0.047824,-13.636,11.602,0.0010251,3969,-57.38,1629.4,4.1405,-3103.8,0,0.495,0,-0.11606
-15573,19058,4.2465,0.53567,-1.7407,28.373,0.040135,707.04,-68.708,-337.62,-29.208,49.716,0,0.495,0.04726,-0.12007
-8394,16072,4.1223,0.43943,-3.8279,27.941,0.039015,705.14,-67.059,-331.34,-32.31,6.8526,0,0.495,0.039334,-0.12009
-15542,19090,4.3416,0.22412,-1.9109,28.484,0.040553,702.46,-69.148,-337.08,-35.465,45.059,0,0.495,0.047276,-0.11601
-8136.4,16053,4.2433,0.17221,-3.9971,28.013,0.039275,700.97,-67.446,-330.24,-36.949,3.6983,0,0.495,0.039347,-0.11606
-18211,21091,4.7504,0.64672,0.30717,28.685,0.038332,749.64,-68.303,-335.78,-21.564,110.65,0,0.495,0.055209,-0.12004
-17122,20729,4.7327,0.9928,0.48762,28.495,0.037516,761.13,-67.441,-334.12,-13.779,118.36,0,0.495,0.055192,-0.1241
-15409,18837,4.1816,0.84727,-1.5554,28.208,0.039502,714.25,-67.93,-336.99,-23.533,55.17,0,0.495,0.047247,-0.12411
-11601,21222,5.892,1.1233,2.4118,29.15,0.033998,861.26,-66.628,-315.35,0.67402,201.41,0,0.495,0.063234,-0.1241
-15230,21663,5.8376,0.75577,2.2451,29.335,0.034945,842.92,-67.493,-318.89,-9.674,190.25,0,0.495,0.063249,-0.12009
-18447,21250,4.8057,0.29956,0.13751,28.829,0.038929,741.62,-68.818,-335.99,-29.781,104.01,0,0.495,0.055224,-0.116
-18393,21922,5.8291,0.38514,2.0813,29.486,0.035718,828.57,-68.004,-320.78,-19.769,180.28,0,0.495,0.06327,-0.11609
-8464.6,15907,4.025,0.70787,-3.6389,27.816,0.038565,711.41,-66.326,-331.53,-28.148,10.65,0,0.495,0.039324,-0.12411
1946.3,1961,20.416,-0.047216,6.1419,25.127,0.023766,1055.4,-39.149,-30.087,112.66,332.37,0,0.495,0.11085,-0.1082
1174.3,4010.4,17.786,-0.021054,6.3075,29.351,0.026676,1097.1,-44.509,-66.795,95.901,357.52,0,0.495,0.10293,-0.10821
2337.6,1834.4,19.961,-0.29926,6.0784,25.816,0.024721,1042.8,-39.096,-34.62,105.58,325.88,0,0.495,0.11087,-0.10415
1694.8,3783.7,17.397,-0.30775,6.2145,29.759,0.027527,1078.2,-44.36,-71.306,86.527,347.22,0,0.495,0.10293,-0.1042
-642.05,7201.6,15.331,0.28759,6.3055,31.719,0.027823,1129.8,-49.857,-111.1,79.888,383,0,0.495,0.095014,-0.1122
-145.6,7123.1,14.989,-0.031444,6.2084,32.003,0.028765,1107.5,-49.838,-115.95,67.81,370.25,0,0.495,0.095013,-0.10819
688.3,4093.5,18.212,0.26163,6.371,28.813,0.025784,1114.9,-44.492,-61.854,106.12,366.68,0,0.495,0.10294,-0.11221
368.96,6861.8,14.693,-0.35288,6.0841,32.174,0.029548,1084.8,-49.644,-119.95,56.361,356.63,0,0.495,0.095013,-0.10419
1485,1981.2,20.898,0.19986,6.1764,24.304,0.022751,1065.9,-39.056,-25.423,120.24,337.6,0,0.495,0.11086,-0.11222
2733,1682.4,19.531,-0.55327,5.9873,26.379,0.025613,1028.7,-38.914,-39.199,98.534,318.27,0,0.495,0.11088,-0.1001
3283.5,850.45,21.867,-0.55717,5.7029,21.581,0.02204,976.35,-34.668,-14.76,113.33,294.32,0,0.495,0.11886,-0.10002
2495.2,923.58,22.338,-0.33666,5.7647,20.766,0.021062,982.46,-34.84,-10.233,118.83,297.78,0,0.495,0.11883,-0.10407
-859.78,732.69,24.006,-0.58293,5.3411,16.055,0.017732,899.47,-30.114,-0.99528,116.07,266.93,0,0.495,0.12684,-0.10003
-2314.3,682.1,24.479,-0.3944,5.3753,15.08,0.016717,894.84,-30.244,3.2505,119.41,265.04,0,0.495,0.12682,-0.10403
2134.7,3534.4,17.042,-0.59635,6.0934,30.045,0.028321,1058.5,-44.043,-75.474,78.096,335.85,0,0.495,0.10293,-0.10018
809.17,6563.4,14.439,-0.67431,5.9342,32.244,0.030308,1062.1,-49.261,-123.08,46.295,342.12,0,0.495,0.095007,-0.10019
921.69,969.55,22.829,-0.11961,5.8007,19.824,0.020018,985.99,-34.889,-5.8323,123.63,300.04,0,0.495,0.1188,-0.10815
-294.68,933.74,23.336,0.093102,5.8097,18.762,0.018919,986.35,-34.807,-1.4469,128.13,300.63,0,0.495,0.11879,-0.11219
-3463.4,593.04,24.963,-0.21048,5.3863,14.006,0.015648,886.22,-30.249,7.2297,121.74,261.62,0,0.495,0.1268,-0.10804
-4287.2,16178,10.056,0.93152,5.2356,31.869,0.028706,1082.5,-60.101,-224.18,43.92,359.23,0,0.495,0.079161,-0.12016
-5693.8,16406,9.8389,0.56381,5.1152,32.027,0.029847,1057.5,-60.577,-229.73,28.452,343.51,0,0.495,0.079163,-0.11616
-1707.9,11514,13.025,0.94341,6.051,32.243,0.02681,1153.7,-54.55,-159.02,82.659,402.35,0,0.495,0.087085,-0.12017
-1722.7,11662,12.682,0.60044,5.971,32.521,0.027992,1128.2,-55.024,-165.69,66.451,387.71,0,0.495,0.087087,-0.11617
-1098,7225.3,15.721,0.60295,6.374,31.324,0.026775,1152,-49.615,-105.39,93.616,394.85,0,0.495,0.095013,-0.11619
-1445.3,11592,12.4,0.2529,5.8661,32.726,0.029161,1103.9,-55.243,-170.83,51.563,372.75,0,0.495,0.087087,-0.11217
-7546.5,16379,9.68,0.19234,4.9774,32.14,0.030804,1034.9,-60.771,-233.62,14.206,328.39,0,0.495,0.079164,-0.11216
-1259,7081.4,16.164,0.9123,6.4123,30.818,0.025793,1173.9,-49.141,-98.585,107.85,405.64,0,0.495,0.095012,-0.12019
-2686.5,15820,10.34,1.2936,5.3373,31.669,0.027461,1110.2,-59.27,-216.78,61.722,375.49,0,0.495,0.079158,-0.12416
-2341.5,19191,7.7418,1.2321,4.0796,30.395,0.030479,993.3,-63.02,-275.41,29.495,293.93,0,0.495,0.071223,-0.12413
-6882.4,19676,7.5856,0.85953,3.9392,30.559,0.031561,968.8,-63.866,-281.1,15.417,279.4,0,0.495,0.071227,-0.12013
-11524,19991,7.4848,0.48224,3.7905,30.696,0.032473,948.04,-64.35,-284.99,2.9255,266.08,0,0.495,0.071234,-0.11614
-15123,19996,7.434,0.10124,3.6324,30.802,0.033201,930.25,-64.549,-287.08,-9.3827,253.59,0,0.495,0.071236,-0.11214
-1298.2,11254,13.435,1.2791,6.1036,31.89,0.025641,1180.5,-53.761,-150.81,100.83,416.18,0,0.495,0.087084,-0.12417
-687.13,6838.3,16.663,1.213,6.4185,30.195,0.024752,1195.3,-48.385,-90.774,123.47,414.84,0,0.495,0.09501,-0.12419
374.6,1780.7,21.957,0.67412,6.1507,22.234,0.020539,1078.7,-38.32,-15.152,138.14,343.21,0,0.495,0.11086,-0.12022
-76.378,3996.6,19.19,0.81093,6.4047,27.331,0.023817,1146.1,-43.818,-50.24,129.49,380.99,0,0.495,0.10294,-0.12021
1173.6,1940.1,21.412,0.4408,6.1796,23.341,0.021675,1073.9,-38.773,-20.451,129.46,341.21,0,0.495,0.11086,-0.11622
199.2,4113.4,18.68,0.53958,6.4038,28.14,0.024809,1131.3,-44.252,-56.383,117.86,374.5,0,0.495,0.10294,-0.11621
-1705.7,643.36,24.408,0.49775,5.7381,16.278,0.01657,974.17,-34.169,7.1047,138.18,295.08,0,0.495,0.11878,-0.12023
-2592.5,367.78,24.965,0.68765,5.6575,14.879,0.015335,960.08,-33.636,11.162,142.19,288.82,0,0.495,0.11878,-0.12424
-224.42,1537.5,22.533,0.8984,6.0895,20.984,0.019346,1079.8,-37.68,-9.6098,146.97,343.03,0,0.495,0.11086,-0.12422
-810.28,833.97,23.863,0.29935,5.7892,17.578,0.017768,982.67,-34.56,2.9099,133.59,298.89,0,0.495,0.11878,-0.11622
186.42,3799.4,19.744,1.0734,6.3725,26.375,0.022724,1158.9,-43.15,-43.461,142.04,385.66,0,0.495,0.10293,-0.12421
39.545,-45.244,30.411,-0.49622,0.66661,0.0054756,0.00011892,0.59646,-6.205,3.4349,-0.02364,1.9636,0,0.495,0.41338,-0.20897
55.043,-64.118,30.397,-0.55761,0.67792,0.005477,0.0001054,0.63251,-5.938,2.043,0.20762,1.6013,0,0.495,0.41339,-0.20093
22.505,-20.647,30.372,-0.50442,0.83162,0.0054764,0.00016648,0.59267,-6.0918,1.3357,-1.4118,-0.037567,0,0.495,0.39748,-0.20893
50.788,-55.439,30.362,-0.56366,0.8444,0.0054771,0.0001137,0.61594,-5.8029,0.37204,0.14687,0.96725,0,0.495,0.39748,-0.20085
118.75,-149.68,30.479,0.43898,-0.57132,0.0064867,7.7425e-05,19.273,-8.8976,2.5689,-1.524,3.7989,0,0.495,0.031223,-0.30432
180.81,-232.38,30.438,0.30352,-0.59183,0.0064606,5.8269e-05,35.294,-8.7989,17.56,-0.42994,15.679,0,0.495,0.015332,-0.30432
113.07,-115.73,30.489,0.38434,-0.38858,0.0063352,8.1805e-05,18.061,-9.4154,6.0268,0.54825,7.9256,0,0.495,0.031203,-0.32032
125.24,-124.22,30.471,0.33016,-0.40296,0.0062909,6.5607e-05,23.405,-9.4081,13.375,0.66339,15.635,0,0.495,0,-0.32031
229.65,-299.49,30.418,0.30777,-0.50119,0.006447,4.2974e-05,41.199,-9.0077,27.194,1.2001,23.38,0,0.495,0,-0.30431
119.38,-152.94,30.507,0.73249,-0.15213,0.0062843,7.6161e-05,10.232,-10.016,-9.0369,-0.45395,0.012146,0,0.495,0.0631,-0.30434
147.36,-197.5,30.498,0.59263,-0.47977,0.006556,7.2664e-05,13.899,-9.3155,-4.8512,-0.96909,-0.42337,0,0.495,0.047206,-0.30433
77.148,-95.343,30.522,0.58284,-0.10796,0.0061366,9.87e-05,9.0091,-10.114,-1.5072,0.22135,0.21986,0,0.495,0.063067,-0.32034
44.135,-59.937,30.527,0.84772,0.15181,0.0059648,0.0001194,6.2183,-10.61,-8.5359,-0.93708,0.61859,0,0.495,0.078962,-0.30436
50.339,-71.038,30.548,0.70634,0.19227,0.0058712,0.00010933,4.9688,-10.888,-1.1265,0.017463,0.037014,0,0.495,0.094832,-0.32042
31.323,-45.876,30.549,0.80943,0.22875,0.0059122,0.00014483,5.5117,-10.885,-2.8438,-0.65908,0.47621,0,0.495,0.094822,-0.30438
24.071,-38.244,30.569,0.79141,0.30523,0.0058964,0.00013394,5.259,-11.127,-5.3996,-0.42334,-0.093484,0,0.495,0.11069,-0.30442
38.355,-54.605,30.556,0.63839,0.4219,0.0057123,0.00012162,3.1168,-11.242,-0.87236,-0.04585,-0.09594,0,0.495,0.12665,-0.32057
43.503,-54.152,30.561,0.7422,0.49636,0.0057601,0.00010536,3.7058,-11.316,-7.2396,-0.6215,-0.50856,0,0.495,0.12662,-0.30453
26.506,-45.296,30.562,0.61437,0.74884,0.0055813,0.00012905,1.6746,-11.469,-1.2532,-0.26129,0.52274,0,0.495,0.15862,-0.30429
44.664,-55.715,30.554,0.68136,0.7252,0.0056067,0.00010975,1.9788,-11.506,-5.2431,-0.5594,-0.18819,0,0.495,0.1426,-0.30447
27.665,-44.772,30.558,0.56376,0.62071,0.0055629,0.0001322,1.4497,-11.312,-0.79129,-0.16434,0.018766,0,0.495,0.15862,-0.32027
23.225,-32.557,30.577,0.55992,0.75121,0.0055674,0.00014038,1.5192,-11.271,-2.6156,-0.48952,0.39237,0,0.495,0.17464,-0.30465
29.146,-35.468,30.562,0.45616,0.80597,0.0055309,0.00012952,1.1241,-10.99,-3.5877,-0.96339,-0.39619,0,0.495,0.19056,-0.30466
22.981,-37.182,30.552,0.42278,0.7085,0.0055183,0.00014404,0.9666,-11.037,-0.35278,-0.20214,0.0022852,0,0.495,0.19053,-0.32064
18.569,-32.516,30.544,0.30022,0.90634,0.0054898,0.00015037,0.6705,-10.657,0.41355,-0.43561,0.50361,0,0.495,0.22237,-0.30466
17.969,-31.162,30.541,0.29309,0.77447,0.005485,0.00015757,0.60997,-10.633,-0.013874,-0.28246,-0.016222,0,0.495,0.22236,-0.32068
24.43,-34.817,30.544,0.34906,0.92161,0.0054938,0.00013736,0.71881,-10.846,-1.6449,-0.7417,-0.31501,0,0.495,0.20648,-0.30469
13.749,-21.618,30.536,0.16697,0.84143,0.0054806,0.00016224,0.56902,-9.9175,0.12781,-1.2387,-0.49254,0,0.495,0.25413,-0.30468
17.317,-26.97,30.554,0.2579,0.8703,0.0054878,0.00015547,0.648,-10.263,0.17973,-0.94225,0.43247,0,0.495,0.23825,-0.30467
13.741,-24.29,30.528,0.17128,0.75821,0.0054771,0.00017674,0.52234,-10.114,0.20796,-0.25706,-0.01612,0,0.495,0.25412,-0.32068
7.5922,-14.831,30.514,0.072763,0.86767,0.0054735,0.00020084,0.48844,-9.6902,1.0026,-0.743,-0.38961,0,0.495,0.27002,-0.30468
10.19,-19.135,30.514,0.066121,0.74154,0.005471,0.00019859,0.45423,-9.6351,0.091047,-0.26163,-0.056368,0,0.495,0.28595,-0.32068
9.6923,-17.539,30.514,0.048885,0.84519,0.005473,0.00020662,0.48083,-9.532,0.8249,-0.45169,0.41346,0,0.495,0.286,-0.30475
7.2955,-11.506,30.504,-0.037309,0.75199,0.0054703,0.0002157,0.44648,-8.9383,1.0233,-1.1196,-0.52498,0,0.495,0.31799,-0.30471
11.131,-16.134,30.522,0.026889,0.80599,0.0054728,0.0001959,0.47902,-9.1915,0.71607,-0.87815,0.24156,0,0.495,0.30195,-0.30473
8.1807,-15.385,30.5,-0.012098,0.69017,0.0054687,0.00021908,0.42413,-9.1907,0.014776,-0.24228,-0.076977,0,0.495,0.31797,-0.3207
4.9865,-8.7517,30.488,-0.11576,0.71897,0.0054677,0.00030564,0.40979,-8.6747,0.76605,-0.63336,0.33593,0,0.495,0.3498,-0.30473
3.2647,-5.7751,30.485,-0.10669,0.73838,0.0054677,0.0003063,0.41243,-8.7645,1.246,-0.79781,-0.30141,0,0.495,0.33391,-0.30472
6.2532,-12.296,30.488,-0.087399,0.64463,0.0054665,0.00024413,0.39615,-8.8282,0.094238,-0.2103,-0.064185,0,0.495,0.3498,-0.3207
4.7825,-6.2199,30.495,-0.12375,0.68544,0.0054676,0.00027996,0.40896,-8.4479,1.7062,-0.98749,0.094669,0,0.495,0.36571,-0.30474
4.4091,-9.1762,30.48,-0.12773,0.57593,0.0054649,0.00027856,0.37445,-8.5243,0.49844,-0.22578,-0.033942,0,0.495,0.38159,-0.32072
2.9364,-3.2292,30.481,-0.15275,0.61846,0.0054658,0.00033313,0.38706,-8.3039,2.5575,-0.95126,-0.37049,0,0.495,0.3816,-0.30476
1.6017,-0.68263,30.47,-0.18552,0.57409,0.005464,0.0005095,0.3642,-8.1888,2.1838,-0.67303,-0.099695,0,0.495,0.39747,-0.30477
3.0646,-6.6725,30.472,-0.1712,0.51046,0.0054632,0.00032597,0.35326,-8.2765,0.55677,-0.21084,-0.043413,0,0.495,0.41334,-0.32074
1.6172,-3.1334,30.473,-0.19101,0.55702,0.005464,0.00052079,0.36262,-8.1353,1.1229,-0.65652,0.27979,0,0.495,0.41334,-0.30478
53.769,-59.415,30.142,-1.0163,0.63373,0.0055082,0.00010123,1.2287,-1.9695,5.9995,1.5874,2.835,0,0.495,0.39757,-0.11243
55.857,-64.459,30.125,-1.0361,0.62378,0.0055121,9.8744e-05,1.3155,-1.7025,5.3734,1.8908,3.0071,0,0.495,0.39763,-0.10834
44.361,-45.773,30.085,-1.0698,0.56158,0.005518,0.00011454,1.4055,-1.2234,5.7518,2.8706,1.3039,0,0.495,0.39759,-0.096213
76.979,-92.825,30.201,-0.90253,0.73831,0.0054962,8.6905e-05,1.0251,-3.0666,1.4677,1.8379,3.7948,0,0.495,0.39748,-0.13659
55.714,-64.061,30.227,-0.85128,0.7643,0.0054915,9.8359e-05,0.90449,-3.4679,4.5685,1.8194,3.998,0,0.495,0.39748,-0.14457
69.482,-81.483,30.206,-0.87816,0.76339,0.0054943,9.0233e-05,0.97771,-3.2279,3.0426,1.8335,4.1168,0,0.495,0.39747,-0.14059
72.268,-87.084,30.178,-0.96541,0.71373,0.0054997,8.9665e-05,1.0925,-2.7106,3.0759,1.1282,3.5321,0,0.495,0.39748,-0.1286
84.217,-100.91,30.179,-0.94533,0.74044,0.0054987,8.359e-05,1.0867,-2.8215,1.3054,1.6441,3.7966,0,0.495,0.39747,-0.1326
70.71,-83.72,30.304,-0.72684,0.818,0.0054847,9.1314e-05,0.78598,-4.5342,1.4217,1.7876,2.758,0,0.495,0.39747,-0.16853
43.95,-51.899,30.324,-0.67207,0.82366,0.0054822,0.00011124,0.71408,-4.8655,4.5719,0.53038,2.8199,0,0.495,0.39747,-0.17652
59.013,-71.181,30.31,-0.69732,0.83641,0.0054839,9.8566e-05,0.76152,-4.6866,2.6445,1.2714,2.6827,0,0.495,0.39747,-0.17252
57.867,-71.082,30.277,-0.79071,0.81161,0.005486,9.7318e-05,0.80423,-4.1909,3.1791,1.915,3.1894,0,0.495,0.39748,-0.16054
74.099,-88.128,30.283,-0.76751,0.83198,0.0054857,8.9002e-05,0.8115,-4.3405,1.0086,2.2064,2.7902,0,0.495,0.39747,-0.16454
53650,-20675,8.5097,2.6774,-2.3706,9.6699,0.0034496,2000.3,-6.8127,-106.17,664.61,-65.606,0,0.495,0.015458,-0.20011
46833,-18069,15.708,2.5153,-2.2515,7.1264,0.0021007,1603.1,-3.3387,69.789,806.8,-293.27,0,0.495,0.01545,-0.20825
60786,-11810,9.6065,3.5229,-1.2035,12.554,0.0042616,2134.9,-9.6496,-125.47,829.69,317.49,0,0.495,0.023386,-0.20012
2913.5,-6352,21.195,3.4918,-1.1567,7.9649,0.003259,1679.5,-8.0993,3.1167,729.1,310.36,0,0.495,0.031328,-0.20827
36857,-3318.9,13.763,4.0168,-0.48299,14.273,0.0045618,2203.6,-12.001,-41.541,939.18,421.53,0,0.495,0.031316,-0.20013
1.432e+05,-50329,6.9519,1.6934,-3.7069,7.8351,0.0022049,2420.9,-5.3981,131.67,374.54,-1472.6,0,0.495,0.0075287,-0.20011
67722,-27965,13.048,1.8167,-2.9143,5.4942,0.0013063,1340.5,-1.865,155.63,771.9,-927.6,0,0.495,0,-0.20824
2.0369e+05,-62917,7.636,1.3851,-4.0225,7.3414,0.0010032,2628.9,-4.0735,325.82,417.85,-2427.8,0,0.495,0,-0.20011
2307.3,-2508,30.063,2.6988,1.659,0.25178,0.001117,149.6,-17.611,1.7167,22.877,24.031,0,0.495,0.094972,-0.20019
939.32,-3367.7,29.787,3.052,1.5288,0.68833,0.0021089,285.2,-17.941,12.562,57.377,51.789,0,0.495,0.087046,-0.20017
1485.7,-1631.6,30.16,2.5454,1.3704,0.15282,0.0007173,104.32,-16.479,0.47734,19.696,17.17,0,0.495,0.094947,-0.2083
90.552,-2646.6,29.707,3.012,0.91664,0.69933,0.0017335,280.98,-16.153,6.1853,71.956,49.071,0,0.495,0.079087,-0.20827
-3009.9,-5077.1,29.215,3.3431,1.2845,1.7062,0.0030284,504.08,-17.52,23.384,119.42,99.257,0,0.495,0.079115,-0.20016
-17463,-6875.3,26.45,3.9707,0.85761,6.8678,0.0053375,1197.5,-17.344,42.655,386.48,255.22,0,0.495,0.063111,-0.20019
-9688.6,-5168.6,28.066,3.7305,1.1616,4.0242,0.0043747,862.99,-17.83,38.243,250.35,182.75,0,0.495,0.07116,-0.20015
-5751.8,-3920.4,28.475,3.4293,0.30808,2.3915,0.00298,659.47,-15.169,17.557,219.41,116.26,0,0.495,0.063183,-0.2083
365.57,-434.35,30.38,0.94934,2.122,0.0060973,4.9089e-05,9.8011,-14.18,-5.0459,7.1295,2.7486,0,0.495,0.1586,-0.19992
333.33,-379.78,30.422,0.97108,1.9635,0.0060355,5.0766e-05,8.9072,-13.908,0.76538,4.3869,2.1444,0,0.495,0.15859,-0.208
401.31,-487.07,30.367,1.1067,2.1354,0.0063151,5.2672e-05,12.313,-14.931,-4.3372,8.3695,3.1497,0,0.495,0.15062,-0.19995
438.55,-477.57,30.406,1.2651,1.9495,0.0066838,6.0114e-05,13.846,-14.9,-1.2976,5.8931,2.5819,0,0.495,0.14258,-0.20819
437.1,-553.21,30.359,1.2686,2.1313,0.0068384,6.2634e-05,15.429,-15.458,-2.2122,8.0191,3.0743,0,0.495,0.14258,-0.20013
578.72,-698.06,30.342,1.4268,2.1476,0.0075053,7.168e-05,19.255,-16.047,-4.4629,8.3591,2.7083,0,0.495,0.13463,-0.20019
727.19,-761.69,30.374,1.6199,1.8364,0.010019,8.7409e-05,22.781,-15.713,-1.976,6.5475,3.1664,0,0.495,0.12668,-0.20836
797.75,-930.39,30.331,1.6433,2.0453,0.010483,9.3829e-05,25.476,-16.465,-8.087,7.5727,2.5167,0,0.495,0.12669,-0.20025
150.26,-185.2,30.367,0.2411,1.9583,0.0056019,6.321e-05,2.6867,-10.291,1.3648,4.0549,1.7216,0,0.495,0.20651,-0.20036
168.5,-203.26,30.361,0.16294,1.8974,0.0055779,5.9546e-05,2.3336,-9.6744,0.43523,4.1251,1.8358,0,0.495,0.21445,-0.20037
139.84,-168.2,30.399,0.27632,1.8584,0.0055916,6.6912e-05,2.4962,-10.511,1.0759,2.1122,1.1125,0,0.495,0.20654,-0.2086
138.54,-168.51,30.393,0.10864,1.7331,0.0055539,6.5616e-05,1.9104,-9.5407,3.4715,1.1118,1.4186,0,0.495,0.22243,-0.20866
166.43,-192.6,30.366,0.074898,1.829,0.0055595,6.115e-05,2.0283,-9.2002,1.8548,3.1045,2.0382,0,0.495,0.22239,-0.20039
173.24,-206.11,30.374,0.41195,2.0081,0.0056834,5.8933e-05,4.0512,-11.46,-5.6777,5.3584,1.3722,0,0.495,0.19055,-0.2001
133.73,-173.41,30.365,0.31258,2.0327,0.0056291,6.4313e-05,3.0993,-10.856,-1.8349,4.7547,1.8262,0,0.495,0.1985,-0.20015
175.42,-208.99,30.41,0.44174,1.8986,0.0056691,6.2391e-05,3.795,-11.566,-1.0393,2.9873,1.0045,0,0.495,0.1905,-0.20803
110.74,-125.96,30.354,-0.3728,1.3761,0.0055046,7.4305e-05,1.1285,-6.371,2.9714,1.4653,3.1749,0,0.495,0.28618,-0.20065
118.27,-142.52,30.33,-0.31939,1.467,0.0055079,7.0279e-05,1.201,-6.5417,1.3298,0.99855,2.7087,0,0.495,0.27821,-0.20066
72.756,-94.699,30.372,-0.3268,1.325,0.0055017,8.5761e-05,1.0535,-6.8491,3.6911,-0.457,2.9511,0,0.495,0.28608,-0.20882
68.63,-85.678,30.337,-0.24871,1.4956,0.0055062,9.3491e-05,1.1171,-7.3104,1.8272,-1.1779,0.9993,0,0.495,0.27012,-0.2088
79.996,-99.768,30.326,-0.29187,1.5516,0.0055099,8.6298e-05,1.199,-6.9018,3.5408,0.61842,1.5242,0,0.495,0.27013,-0.20071
64.99,-72.279,30.348,-0.20388,1.6222,0.0055227,9.1647e-05,1.4001,-7.4704,-5.9022,1.737,-1.2931,0,0.495,0.25414,-0.20044
58.199,-64.666,30.318,-0.27398,1.6479,0.0055126,9.6191e-05,1.2141,-7.1392,0.20278,0.74657,-0.23545,0,0.495,0.26209,-0.20049
67.675,-82.202,30.367,-0.16627,1.5577,0.0055187,9.5111e-05,1.3221,-7.9017,-1.9941,0.011514,-0.77624,0,0.495,0.25419,-0.20872
79.337,-95.285,30.37,-0.55232,1.0037,0.0054885,8.4903e-05,0.84954,-5.6478,2.5106,1.6875,1.9401,0,0.495,0.34985,-0.2007
47.173,-63.465,30.387,-0.50269,0.97911,0.0054864,0.000104,0.78666,-6.0186,3.2116,-0.59018,2.8811,0,0.495,0.34985,-0.20887
79.295,-101.73,30.355,-0.54,1.0925,0.0054901,8.1855e-05,0.89025,-5.583,1.9748,1.0284,2.2427,0,0.495,0.34192,-0.20069
41.339,-50.544,30.339,-0.47814,1.1402,0.0054877,0.00012051,0.79706,-6.0881,0.025313,-1.8336,0.57959,0,0.495,0.33396,-0.20885
64.665,-80.046,30.333,-0.52869,1.1736,0.0054899,9.7273e-05,0.85846,-5.6696,1.3988,0.14276,2.193,0,0.495,0.33398,-0.20068
35.826,-34.58,30.305,-0.52747,1.2578,0.0054899,0.00011878,0.82553,-5.7184,-4.2213,0.20102,-0.85909,0,0.495,0.32604,-0.20067
22.165,-25.319,30.37,-0.43538,1.1741,0.0054927,0.00014609,0.86069,-6.2455,-5.0488,-0.50235,-2.1383,0,0.495,0.31808,-0.20883
1.18,2.5915,30.351,-0.48555,1.2162,0.0054946,0.00013513,0.8955,-5.8429,-10.514,1.6043,-3.9791,0,0.495,0.3181,-0.20066
43.366,-53.454,30.344,-0.6246,0.84742,0.005478,0.00011065,0.63227,-5.5011,3.9642,0.47634,2.5637,0,0.495,0.39747,-0.19261
54.345,-65.317,30.346,-0.6066,0.86933,0.0054775,0.00010256,0.62427,-5.6596,1.331,0.67826,2.0394,0,0.495,0.39748,-0.19674
-23.677,30.012,30.383,-0.55761,0.87199,0.00548,0.00017325,0.63402,-5.7345,-12.498,2.3677,-4.3348,0,0.495,0.38161,-0.20082
18.946,-13.476,30.338,-0.58109,0.9177,0.0054769,0.00014262,0.59272,-5.7763,-7.2119,0.72732,-1.6654,0,0.495,0.38954,-0.20085
7.1087,-5.9653,30.404,-0.50507,0.85217,0.0054794,0.00021996,0.61952,-6.0412,-5.6343,-0.27726,-2.2146,0,0.495,0.38161,-0.20891
44.282,-56.27,29.785,-1.1525,0.14824,0.0056044,0.00011254,3.0831,1.1925,1.2638,2.4129,3.6749,0,0.495,0.39751,-0.023944
40.901,-55.953,29.765,-1.1643,0.12187,0.0056146,0.00011538,3.2862,1.3857,-0.013549,1.2064,3.7747,0,0.495,0.3975,-0.019953
50.475,-57.385,29.79,-1.1647,0.177,0.0056032,0.00010791,3.0711,1.2546,3.3021,3.4935,3.4654,0,0.495,0.3975,-0.027935
49.711,-53.488,29.905,-1.1322,0.34679,0.0055582,0.00011024,2.1959,0.38326,3.454,4.0113,1.8141,0,0.495,0.39752,-0.055997
50.949,-57.737,29.878,-1.1421,0.32233,0.005568,0.00010853,2.4039,0.63299,2.2967,3.4229,2.0582,0,0.495,0.39751,-0.051928
51.128,-52.2,29.921,-1.1443,0.37684,0.0055546,0.00010961,2.1281,0.35909,4.2482,4.328,1.5462,0,0.495,0.39754,-0.060051
45.462,-41.315,30.049,-1.0724,0.52074,0.0055239,0.00011668,1.5097,-0.86444,6.2549,3.4986,0.80869,0,0.495,0.39751,-0.088066
49.483,-47.701,30.025,-1.0812,0.50455,0.0055294,0.00011226,1.6309,-0.59942,5.5128,3.4059,0.77417,0,0.495,0.3975,-0.08404
45.508,-42.332,30.064,-1.0816,0.54971,0.0055219,0.00011405,1.4769,-0.95375,6.8897,3.2447,1.1968,0,0.495,0.39754,-0.092133
58.751,-64.208,30.162,-0.99879,0.67669,0.0055032,9.7391e-05,1.1359,-2.3457,6.4337,0.88736,3.3189,0,0.495,0.3975,-0.12058
59.116,-61.867,30.146,-1.0166,0.66588,0.0055061,9.623e-05,1.1939,-2.0844,7.3905,1.0961,3.5743,0,0.495,0.39752,-0.11653
68.007,-78.282,30.162,-0.99688,0.70919,0.0055019,9.1091e-05,1.1277,-2.4629,5.3397,0.71206,3.952,0,0.495,0.39747,-0.12461
43.644,-50.88,30.252,-0.82463,0.79184,0.0054877,0.00010587,0.81961,-3.8382,5.998,1.7893,3.8134,0,0.495,0.39748,-0.15256
47.71,-53.793,30.231,-0.84251,0.79239,0.0054895,0.00010273,0.85466,-3.6215,6.1492,1.8978,4.052,0,0.495,0.39747,-0.14857
49.291,-58.947,30.257,-0.81855,0.81866,0.0054868,0.00010252,0.80978,-3.9891,4.8555,1.9005,3.648,0,0.495,0.39747,-0.15655
27.158,-30.26,30.334,-0.64882,0.8351,0.0054796,0.00012835,0.65092,-5.1876,6.9017,-0.25526,3.0504,0,0.495,0.39747,-0.18451
27.855,-32.212,30.324,-0.6605,0.84522,0.0054809,0.0001273,0.67673,-5.0183,6.5572,-0.099997,2.968,0,0.495,0.39747,-0.18051
30.972,-35.221,30.331,-0.64677,0.85978,0.0054787,0.00012405,0.63612,-5.3339,6.0522,-0.019401,3.1284,0,0.495,0.39747,-0.18852
-9646,-20.121,16.662,4.4266,0.10051,16.38,0.0055184,2236.5,-15.085,-0.76085,954.62,476.29,0,0.495,0.039261,-0.20014
-15029,-4516.7,25.8,3.6981,-0.38503,5.4055,0.0036226,1200.5,-12.96,22.709,470.39,219.9,0,0.495,0.047291,-0.2083
-37191,-2117.4,21.027,4.3666,0.34827,13.679,0.0060409,1914.3,-16.718,33.063,758.48,411.33,0,0.495,0.047216,-0.20016
-30472,-2647.5,23.623,4.3056,0.71825,11.654,0.0064873,1659.6,-17.582,44.659,608.15,363.95,0,0.495,0.055141,-0.20015
1241.3,-1402.8,30.275,2.1431,1.9122,0.036533,0.00024504,50.905,-17.398,-2.1247,7.5827,5.6477,0,0.495,0.11083,-0.20022
1085.1,-1129.8,30.316,2.0714,1.6504,0.03117,0.00020788,43.36,-16.288,-1.3786,8.3763,6.0938,0,0.495,0.1108,-0.20834
1509.4,-1803.6,30.213,2.4193,1.8632,0.079991,0.00045422,79.854,-17.732,-0.89571,12.175,10.805,0,0.495,0.1029,-0.2002
1028.3,-1215,30.309,1.8825,1.9952,0.014836,0.00012423,33.644,-17.119,-5.0007,7.549,3.1617,0,0.495,0.11876,-0.20024
334.41,-394.23,30.387,0.658,2.0685,0.0058219,4.5534e-05,6.2991,-12.857,1.0933,5.9459,1.7952,0,0.495,0.1746,-0.19993
282.12,-322.84,30.423,0.68083,1.9213,0.0057949,5.0099e-05,5.8148,-12.748,0.40553,3.5415,1.4031,0,0.495,0.17459,-0.20803
357.11,-415.48,30.384,0.79474,2.1402,0.0059159,4.5174e-05,7.6522,-13.552,-1.5266,6.7317,2.5827,0,0.495,0.16664,-0.19991
261.73,-314.48,30.377,0.5173,2.0147,0.0057442,4.9757e-05,5.143,-12.162,-1.8527,6.3809,1.4612,0,0.495,0.18256,-0.20001
148.87,-177.49,30.365,-0.026711,1.7804,0.0055431,6.3634e-05,1.7573,-8.7113,4.4122,2.6306,2.2203,0,0.495,0.23032,-0.20039
101.04,-124.56,30.396,-0.044419,1.6055,0.0055333,7.5978e-05,1.5791,-8.6554,0.71793,0.74658,0.53551,0,0.495,0.23831,-0.20869
123.12,-148.73,30.372,-0.08573,1.6885,0.0055378,6.9247e-05,1.6775,-8.2752,2.7366,2.541,1.5782,0,0.495,0.23826,-0.20041
95.319,-114.3,30.372,-0.14498,1.6155,0.0055337,7.9053e-05,1.6168,-7.7799,-3.6629,3.2174,0.049958,0,0.495,0.2462,-0.20042
54.199,-63.735,30.393,-0.44839,1.2209,0.0055012,0.00010507,1.0338,-6.0368,0.18004,2.0394,1.3901,0,0.495,0.3022,-0.20065
38.318,-50.985,30.413,-0.39896,1.1857,0.0054984,0.00011949,0.97207,-6.4933,-1.3582,0.45988,0.28496,0,0.495,0.30215,-0.20881
86.833,-99.597,30.373,-0.44367,1.298,0.005502,8.3749e-05,1.0681,-6.1813,4.2159,2.4346,2.9705,0,0.495,0.29417,-0.20064
15.357,-15.758,30.398,-0.45495,1.1684,0.0055003,0.00012306,1.0016,-5.8578,-8.304,2.9208,-2.2338,0,0.495,0.31016,-0.20065
81.622,-90.999,30.381,-0.581,0.91832,0.0054873,8.7199e-05,0.82142,-5.5989,2.1791,2.2296,2.8207,0,0.495,0.35779,-0.2007
19.422,-28.334,30.435,-0.51165,0.84789,0.0054839,0.00017285,0.71302,-6.0104,-1.9054,0.758,0.30066,0,0.495,0.36573,-0.20888
46.656,-52.846,30.415,-0.56562,0.85003,0.0054857,0.0001217,0.76635,-5.5998,-1.8014,1.9564,1.8331,0,0.495,0.36573,-0.20072
-8.8901,9.1375,30.43,-0.55617,0.80993,0.0054839,0.00015524,0.70865,-5.6181,-10.183,3.4034,-2.4025,0,0.495,0.37367,-0.20074
108.17,-110.49,30.492,0.37817,-0.37988,0.0063236,8.3587e-05,18.018,-9.4606,5.8823,0.51402,7.9733,0,0.495,0.031202,-0.32172
74.204,-92.003,30.524,0.57323,-0.10438,0.0061267,0.00010094,8.9341,-10.132,-1.5496,0.19947,0.20999,0,0.495,0.063066,-0.32172
48.794,-68.989,30.549,0.69675,0.19112,0.0058655,0.00011159,4.9019,-10.884,-1.1334,0.016391,0.030825,0,0.495,0.094834,-0.32172
37.298,-53.041,30.556,0.63191,0.41828,0.0057092,0.00012398,3.0792,-11.228,-0.90542,-0.038985,-0.09663,0,0.495,0.12666,-0.32172
26.754,-43.172,30.558,0.55816,0.614,0.0055609,0.00013524,1.4246,-11.291,-0.79456,-0.14797,0.016091,0,0.495,0.15862,-0.32172
22.519,-36.162,30.553,0.42046,0.70281,0.0055175,0.00014662,0.95676,-11.023,-0.35868,-0.18752,0.0014093,0,0.495,0.19053,-0.32172
17.609,-30.308,30.541,0.29225,0.769,0.0054846,0.00016041,0.60538,-10.625,-0.021821,-0.26517,-0.016178,0,0.495,0.22236,-0.32172
13.502,-23.619,30.528,0.17162,0.75325,0.0054769,0.00018007,0.51936,-10.111,0.2021,-0.24218,-0.017182,0,0.495,0.25412,-0.32172
10.028,-18.603,30.514,0.067173,0.73719,0.0054709,0.00020235,0.45227,-9.6364,0.093644,-0.24878,-0.056743,0,0.495,0.28595,-0.32172
8.0444,-14.967,30.501,-0.010686,0.68648,0.0054686,0.00022335,0.42264,-9.1947,0.03161,-0.23133,-0.076478,0,0.495,0.31797,-0.32172
6.1611,-11.971,30.488,-0.08564,0.64147,0.0054664,0.0002488,0.39504,-8.8335,0.1055,-0.20012,-0.064432,0,0.495,0.3498,-0.32172
4.3781,-8.9713,30.48,-0.12612,0.57336,0.0054648,0.00028295,0.37354,-8.5297,0.50177,-0.21617,-0.035406,0,0.495,0.38159,-0.32172
3.0651,-6.5498,30.473,-0.16955,0.50843,0.0054632,0.00033008,0.35254,-8.2811,0.53647,-0.20285,-0.045793,0,0.495,0.41334,-0.32172
2246.5,-2358.1,29.845,1.5392,-1.5052,0.15223,0.00038326,128.58,-5.3903,-2.0209,42.537,14.217,0,0.495,0.031291,-0.24032
5592.4,-2024.8,29.455,1.0037,-2.1031,0.22563,0.00041147,216.53,-3.7003,76.598,84.629,-9.5872,0,0.495,0.015409,-0.24031
1883.5,-3820,29.336,1.8788,-1.6516,0.48014,0.00077377,266.95,-5.1629,6.1352,104.28,37.941,0,0.495,0.031302,-0.23232
11755,-3484,28.441,1.2627,-2.3675,0.64953,0.00072345,393.34,-3.0102,93.755,200.8,-28.583,0,0.495,0.01542,-0.2323
21561,-5341.9,26.164,1.6367,-2.5153,1.6963,0.0010928,690.75,-2.4628,108.59,405.26,-70.667,0,0.495,0.015431,-0.2243
45317,-3413.5,25.06,1.229,-2.8773,1.5146,0.00073171,692.18,-1.871,198.65,500.15,-256.21,0,0.495,0,-0.22429
21697,-2248.5,27.948,0.99637,-2.6552,0.62045,0.00051688,440.33,-2.7127,179.23,255.6,-105.55,0,0.495,0,-0.23229
-1363.2,-5724.1,28.128,2.3577,-1.7015,1.4136,0.0013768,552.84,-5.2748,15.115,231.26,92.458,0,0.495,0.031315,-0.22431
8644.8,-1287.9,29.249,0.82168,-2.3157,0.2276,0.00031029,265.65,-3.6164,156.35,107.63,-37.79,0,0.495,0,-0.2403
479.37,-531.82,30.421,1.7486,0.6501,0.0076977,6.4576e-05,21.878,-12.557,-0.85827,6.1197,1.7633,0,0.495,0.094871,-0.24042
788.88,-839.82,30.351,1.8979,0.28488,0.010353,6.9055e-05,30.82,-11.5,-5.3643,6.3678,3.5935,0,0.495,0.079006,-0.24038
639.89,-697.63,30.375,1.9015,0.77669,0.0090944,7.3955e-05,26.739,-13.219,0.055744,6.2694,1.9972,0,0.495,0.09489,-0.23239
1047.4,-1098.2,30.3,2.0984,0.37551,0.016646,9.8158e-05,40.552,-12.161,-3.6728,8.1115,4.4204,0,0.495,0.079026,-0.23235
1305.1,-2598.8,29.966,2.5377,-0.16548,0.1961,0.000538,145.88,-11.531,8.5254,40.516,21.106,0,0.495,0.063174,-0.22433
1416,-1680.9,30.227,2.3574,0.4775,0.04801,0.00021357,67.005,-13.105,4.6522,16.619,8.4545,0,0.495,0.079062,-0.2243
1619.2,-1737,30.142,2.1806,-0.24943,0.055315,0.00019941,73.561,-10.563,-3.042,16.33,8.3592,0,0.495,0.063156,-0.23235
992.79,-1074.9,30.337,2.0859,0.91611,0.014902,0.00010416,36.153,-14.082,5.0026,7.9139,3.5601,0,0.495,0.094925,-0.22433
1189.4,-1224.4,30.224,1.9221,-0.2972,0.021441,9.9544e-05,47.393,-9.9784,-6.4032,8.7159,4.4646,0,0.495,0.063146,-0.24035
161.87,-205.92,30.516,0.9174,1.3705,0.0057845,6.2427e-05,4.9765,-12.711,1.6273,3.5832,0.70542,0,0.495,0.15861,-0.24018
210.64,-256.92,30.522,1.1155,1.3344,0.0059341,5.7677e-05,7.0217,-13.005,-0.70126,3.3489,0.71657,0,0.495,0.14266,-0.24024
203.96,-245.68,30.482,0.92966,1.5057,0.0058367,5.7395e-05,5.8256,-12.981,-0.049639,3.6484,0.59593,0,0.495,0.15859,-0.23221
247.38,-288.79,30.488,1.1572,1.4716,0.0060263,5.5053e-05,8.3214,-13.383,-2.7908,3.8927,0.89467,0,0.495,0.14263,-0.23222
467.94,-532.38,30.439,1.4458,1.4304,0.0066433,5.6351e-05,14.97,-14.255,-3.8782,4.0093,1.9052,0,0.495,0.12667,-0.22439
302.43,-351.99,30.465,1.1809,1.6074,0.0061123,5.3281e-05,9.6974,-13.855,-1.9439,3.4072,1.1413,0,0.495,0.14259,-0.22425
362.73,-410.52,30.463,1.3914,1.2817,0.0064302,5.5373e-05,12.926,-13.653,-5.5591,4.6512,1.8367,0,0.495,0.12667,-0.23249
240.55,-288.34,30.461,0.93298,1.6385,0.0058783,5.4285e-05,6.6497,-13.269,1.1849,2.384,0.8413,0,0.495,0.15858,-0.22406
329.66,-383.5,30.502,1.3188,1.1332,0.0062569,5.3152e-05,11.122,-13.158,-3.812,4.3588,1.5512,0,0.495,0.12667,-0.24055
75.519,-99.382,30.48,0.25983,1.3664,0.0055282,8.4954e-05,1.3393,-10.244,3.1909,2.1732,0.99319,0,0.495,0.2224,-0.24072
81.125,-104.67,30.497,0.38102,1.4774,0.005547,8.2243e-05,1.5966,-10.828,0.99526,1.8541,-0.32782,0,0.495,0.20649,-0.24075
106.95,-131.54,30.452,0.22435,1.4539,0.005535,7.3945e-05,1.4744,-10.104,1.5804,2.0594,0.71482,0,0.495,0.22241,-0.23272
101.39,-125.08,30.469,0.36163,1.571,0.0055571,7.5511e-05,1.7711,-10.776,0.11095,2.3742,0.041025,0,0.495,0.20649,-0.23269
125.74,-155.09,30.457,0.48577,1.6624,0.0056339,6.92e-05,3.0088,-11.526,-4.7685,2.536,0.64539,0,0.495,0.1905,-0.22408
117.04,-139.64,30.445,0.33229,1.6598,0.0055656,7.2526e-05,1.9475,-10.713,-0.069156,2.0905,0.35513,0,0.495,0.20653,-0.22469
116.04,-146.93,30.485,0.51474,1.5605,0.0056225,6.9918e-05,2.7521,-11.515,-5.4241,3.4555,0.54245,0,0.495,0.19054,-0.23249
121.24,-146.3,30.43,0.18189,1.539,0.0055401,7.0572e-05,1.5871,-9.9441,1.8298,1.4847,0.84588,0,0.495,0.22241,-0.22468
111.45,-143.04,30.522,0.53468,1.4484,0.0056083,7.0904e-05,2.4918,-11.469,-5.3446,3.3181,0.049015,0,0.495,0.19055,-0.24067
50.469,-68.448,30.444,-0.13252,1.1328,0.0054891,9.8449e-05,0.78699,-8.1992,2.7942,2.8521,3.4083,0,0.495,0.286,-0.24083
53.412,-66.563,30.414,-0.070934,1.2772,0.0054908,9.7081e-05,0.80767,-8.5685,-0.61786,2.4283,-0.20829,0,0.495,0.27012,-0.24081
65.642,-83.419,30.409,-0.18796,1.1817,0.0054916,9.0468e-05,0.83535,-7.9078,1.7263,1.7535,3.034,0,0.495,0.286,-0.23285
62.986,-76.976,30.38,-0.12248,1.3326,0.0054935,9.2874e-05,0.85298,-8.3088,-0.068646,2.166,-0.086618,0,0.495,0.27011,-0.23282
59.648,-68.394,30.402,-0.068352,1.4255,0.0055086,9.8322e-05,1.1011,-8.5135,-4.25,1.8205,-1.5526,0,0.495,0.25419,-0.22476
65.347,-76.968,30.356,-0.16382,1.3852,0.0054964,9.387e-05,0.90919,-8.0093,1,0.90825,0.39633,0,0.495,0.27011,-0.22482
57.056,-69.668,30.431,-0.025772,1.3648,0.0055056,9.5948e-05,1.0415,-8.775,-5.0377,2.8057,-1.6646,0,0.495,0.25419,-0.23276
62.977,-79.009,30.392,-0.2359,1.2263,0.0054939,9.2513e-05,0.87946,-7.5884,2.8942,0.28024,3.2803,0,0.495,0.28602,-0.22486
52.984,-66.485,30.469,0.028816,1.2948,0.0055026,9.4261e-05,0.98187,-9.0003,-6.8519,3.3127,-1.8173,0,0.495,0.25419,-0.24075
41.495,-55.046,30.434,-0.31967,0.88731,0.0054778,0.0001093,0.6103,-7.2601,2.2113,3.0845,3.1715,0,0.495,0.34984,-0.24087
35.813,-40.783,30.392,-0.29568,1.0239,0.005478,0.00011458,0.60849,-7.3807,-2.3385,2.6137,-0.70816,0,0.495,0.3339,-0.24086
49.124,-61.999,30.398,-0.38228,0.91538,0.0054789,0.00010598,0.6276,-6.9809,0.98967,1.3503,3.0339,0,0.495,0.34982,-0.23289
40.669,-46.879,30.355,-0.35724,1.0504,0.0054792,0.00011781,0.62253,-7.1054,-1.0868,2.0581,-0.51827,0,0.495,0.3339,-0.23288
18.83,-21.425,30.393,-0.34206,1.1069,0.0054861,0.00016472,0.73145,-6.9604,-3.5686,1.09,-3.0142,0,0.495,0.31799,-0.22488
38.16,-41.269,30.337,-0.39349,1.0794,0.0054811,0.00012591,0.65535,-6.7905,0.65596,-0.11085,0.059854,0,0.495,0.3339,-0.22489
21.19,-24.608,30.417,-0.31255,1.0757,0.0054842,0.00014465,0.70442,-7.2835,-5.2255,2.7568,-3.1376,0,0.495,0.31798,-0.23286
37.591,-45.778,30.39,-0.42526,0.93776,0.0054805,0.00011792,0.65163,-6.6791,3.2362,-0.78787,3.5114,0,0.495,0.34982,-0.2249
21.575,-22.044,30.459,-0.24783,1.0379,0.0054826,0.00011943,0.6802,-7.5694,-9.2329,3.6213,-3.3819,0,0.495,0.31798,-0.24085
26.664,-32.566,30.437,-0.37279,0.67031,0.0054705,0.00013766,0.49161,-7.0601,3.4473,2.508,2.9084,0,0.495,0.41335,-0.24092
19.848,-21.778,30.393,-0.38458,0.79256,0.0054704,0.00014577,0.48253,-7.0581,-2.9459,2.2325,-0.45834,0,0.495,0.39748,-0.24091
36.583,-45.271,30.411,-0.42868,0.67739,0.0054709,0.0001234,0.49321,-6.8626,1.3865,0.62479,2.9792,0,0.495,0.41335,-0.23294
28.313,-32.366,30.362,-0.44391,0.79674,0.005471,0.00015722,0.48809,-6.8553,-1.3366,1.5031,-0.25279,0,0.495,0.39748,-0.23293
4.6506,-5.4782,30.403,-0.44309,0.82122,0.0054756,0.00032046,0.55376,-6.5821,-1.4743,-0.60063,-3.0296,0,0.495,0.3816,-0.22493
20.348,-19.068,30.353,-0.47191,0.80834,0.0054724,0.00017761,0.51223,-6.6151,1.9698,-1.192,0.1199,0,0.495,0.39748,-0.22495
6.533,-7.0406,30.411,-0.43505,0.80873,0.0054745,0.00025333,0.54193,-6.8445,-3.7481,1.6789,-3.0209,0,0.495,0.3816,-0.23292
24.758,-24.753,30.412,-0.46451,0.67256,0.0054719,0.00014159,0.50844,-6.6378,5.1209,-1.2282,3.3398,0,0.495,0.41336,-0.22496
2.8664,-0.7285,30.447,-0.37746,0.79087,0.0054737,0.0001517,0.53477,-7.0794,-9.7501,3.2309,-3.2224,0,0.495,0.3816,-0.2409
389.81,-434.19,30.365,0.79047,-0.93616,0.0078693,5.8809e-05,24.823,-7.2882,-0.42808,3.3659,1.0461,0,0.495,0.031253,-0.27233
697.99,-500.88,30.276,0.49033,-1.1206,0.0084726,4.2888e-05,45.043,-6.6154,38.817,3.1999,10.933,0,0.495,0.015368,-0.27231
642.35,-700.18,30.313,0.91037,-1.0401,0.010308,5.9471e-05,30.289,-6.7519,1.6652,5.8171,0.98888,0,0.495,0.031262,-0.26432
881.93,-589.49,30.215,0.56996,-1.3108,0.012561,5.2127e-05,53.501,-5.9021,46.466,6.7412,8.7367,0,0.495,0.015378,-0.26431
1383,-834.09,30.096,0.68792,-1.543,0.027308,8.894e-05,75.423,-5.1717,54.562,15.241,5.1006,0,0.495,0.015388,-0.25631
1614.7,-461.61,30.018,0.55712,-1.6255,0.028459,6.8356e-05,98.05,-5.3246,114.44,16.714,5.4375,0,0.495,0,-0.2563
1034.5,-404.28,30.145,0.45665,-1.3465,0.012857,3.7512e-05,69.534,-6.1156,95.258,7.0508,13.595,0,0.495,0,-0.2643
1037.2,-1119.8,30.218,1.1037,-1.1707,0.019264,8.3727e-05,43.9,-6.2527,0.91867,10.747,2.2087,0,0.495,0.031272,-0.25632
896.73,-489.08,30.21,0.39756,-1.1181,0.008527,2.8514e-05,58.78,-6.8476,78.553,3.5138,17.947,0,0.495,0,-0.27231
84.089,-97.677,30.53,1.1677,0.37485,0.0061277,9.466e-05,8.2364,-11.178,-3.717,3.524,0.59873,0,0.495,0.09485,-0.27241
166.76,-173.49,30.488,1.1934,0.17491,0.0062514,7.0637e-05,9.558,-10.45,-13.673,2.1879,2.3666,0,0.495,0.078983,-0.27237
204.36,-234.68,30.5,1.225,0.41854,0.0061552,6.7145e-05,8.7706,-11.37,3.6413,3.4067,-0.082591,0,0.495,0.094855,-0.26442
400.11,-432.74,30.466,1.2588,0.18475,0.0063111,5.1369e-05,10.369,-10.514,-4.9064,2.3959,1.9781,0,0.495,0.078988,-0.26438
937.73,-994.15,30.336,1.4266,-0.31076,0.0083182,4.334e-05,25.481,-9.4282,-0.0011058,4.6801,2.3796,0,0.495,0.063134,-0.25635
676.18,-733.95,30.436,1.4786,0.2017,0.0069062,4.3146e-05,17.258,-10.668,3.0788,3.3595,2.4782,0,0.495,0.078993,-0.25638
610.98,-633.86,30.379,1.1857,-0.30301,0.0070589,4.3877e-05,16.451,-9.4041,-8.4409,3.1304,1.6073,0,0.495,0.063129,-0.26435
377.31,-421.98,30.478,1.419,0.47823,0.0064711,5.0172e-05,13.235,-11.633,9.4965,2.8217,0.36742,0,0.495,0.094859,-0.25642
293.63,-296.66,30.406,1.0949,-0.28499,0.0067707,5.3496e-05,13.938,-9.4871,-18.245,2.6953,1.6546,0,0.495,0.063123,-0.27235
43.196,-62.864,30.556,0.7739,1.014,0.0056518,0.0001076,2.6354,-11.896,-0.30474,2.9812,1.102,0,0.495,0.15862,-0.27232
51.137,-69.016,30.556,0.88006,0.969,0.0057011,9.2298e-05,3.2522,-11.972,-7.9736,2.6827,-0.27857,0,0.495,0.14256,-0.27265
48.554,-71.668,30.526,0.77063,1.0822,0.0056573,0.00010107,2.7368,-12.082,1.3091,2.4352,1.1009,0,0.495,0.15862,-0.26431
84.618,-109.24,30.526,0.87788,1.0374,0.0057074,8.4131e-05,3.3836,-12.157,-4.2823,2.1621,-0.17952,0,0.495,0.14264,-0.26432
315.57,-367.04,30.516,1.0987,0.89383,0.0060075,5.0089e-05,7.7407,-12.386,0.68633,0.46745,0.57196,0,0.495,0.12666,-0.25656
165.28,-204.42,30.522,0.95123,1.1197,0.0057674,6.5003e-05,4.4417,-12.39,2.6615,-0.63587,0.28039,0,0.495,0.14266,-0.25631
167.59,-195.56,30.525,0.99216,0.79873,0.0059258,6.596e-05,6.1427,-12.103,-7.5359,3.0576,-0.08118,0,0.495,0.12666,-0.26456
84.214,-114.9,30.521,0.817,1.161,0.0056905,8.1674e-05,3.3586,-12.265,5.5062,-0.23674,1.1575,0,0.495,0.15862,-0.25626
78.058,-92.51,30.56,0.98547,0.72596,0.0059182,7.7704e-05,5.875,-11.869,-13.07,3.5586,-0.27447,0,0.495,0.12664,-0.27255
33.493,-48.401,30.531,0.30885,1.1186,0.0055083,0.0001204,0.93821,-10.528,0.84154,1.8859,1.3182,0,0.495,0.22241,-0.27267
50.259,-67.596,30.545,0.39775,1.157,0.005517,9.9991e-05,1.0584,-10.878,-3.6889,2.0929,-1.2112,0,0.495,0.20649,-0.27272
32.812,-48.367,30.506,0.2814,1.172,0.00551,0.00012004,0.96503,-10.487,0.9834,1.6617,1.6656,0,0.495,0.22241,-0.26468
59.928,-78.119,30.516,0.37146,1.2272,0.0055191,9.602e-05,1.0972,-10.885,-2.1197,2.0923,-1.0601,0,0.495,0.20649,-0.26473
106.3,-132.53,30.543,0.52936,1.2498,0.0055879,7.4554e-05,2.039,-11.344,-2.8601,0.25087,-0.44599,0,0.495,0.19055,-0.25669
71.975,-93.603,30.504,0.37152,1.3069,0.0055266,8.8956e-05,1.2406,-10.887,1.5442,-0.27448,-0.71968,0,0.495,0.20648,-0.25674
84.123,-106.12,30.555,0.51828,1.1566,0.0055814,8.0955e-05,1.8711,-11.266,-4.7995,2.333,-0.62089,0,0.495,0.19055,-0.26468
31.869,-49.381,30.497,0.26597,1.2294,0.0055148,0.00011623,1.0641,-10.427,3.868,-0.19678,1.8349,0,0.495,0.22241,-0.2567
68.775,-88.738,30.584,0.5318,1.0719,0.0055779,8.647e-05,1.8054,-11.187,-5.7107,2.2566,-0.68879,0,0.495,0.19055,-0.27268
19.372,-28.774,30.489,-0.01489,0.98659,0.0054799,0.0001588,0.59195,-9.014,1.0572,0.81897,1.1517,0,0.495,0.28602,-0.27276
36.793,-45.202,30.499,0.04221,1.0427,0.0054808,0.00012478,0.61162,-9.3005,-1.0712,1.4045,-1.5897,0,0.495,0.27012,-0.27275
24.952,-35.843,30.472,-0.043016,1.0205,0.0054805,0.00014208,0.60464,-8.8553,-0.039685,0.2858,1.7023,0,0.495,0.28602,-0.26478
46.757,-57.202,30.474,0.017542,1.093,0.0054814,0.00011197,0.62846,-9.1633,-0.67774,2.1458,-1.4556,0,0.495,0.27012,-0.26476
52.069,-62.191,30.516,0.11638,1.165,0.0054967,0.00011033,0.83868,-9.3519,-2.4068,1.0531,-1.8869,0,0.495,0.2542,-0.25676
56.394,-69.897,30.451,-0.0085185,1.155,0.0054842,9.9003e-05,0.68784,-9.005,0.39999,1.0723,-0.8735,0,0.495,0.27012,-0.25678
46.67,-56.47,30.534,0.12887,1.1003,0.0054944,0.00011333,0.78307,-9.485,-1.1409,1.6644,-1.5658,0,0.495,0.2542,-0.26475
29.189,-39.594,30.471,-0.086023,1.0542,0.005483,0.00012951,0.65806,-8.6623,1.8006,-1.2013,2.9416,0,0.495,0.28601,-0.2568
42.692,-52.145,30.555,0.14322,1.0401,0.0054934,0.00011539,0.76613,-9.595,-1.5762,0.97459,-1.4223,0,0.495,0.2542,-0.27273
9.7562,-15.585,30.464,-0.19915,0.79918,0.0054717,0.00021599,0.47667,-8.098,1.4138,0.55652,1.1131,0,0.495,0.34984,-0.2728
18.355,-23.241,30.462,-0.16602,0.85462,0.0054717,0.0001719,0.48269,-8.2408,1.2859,1.3527,-1.0649,0,0.495,0.33391,-0.27279
20.312,-28.025,30.452,-0.2227,0.82042,0.005472,0.000163,0.48814,-7.9249,-0.62138,-0.54263,1.7534,0,0.495,0.34984,-0.26481
31.776,-38.607,30.439,-0.17673,0.88836,0.0054721,0.00013809,0.49685,-8.0677,0.47041,1.6532,-0.97493,0,0.495,0.3339,-0.26481
29.365,-30.079,30.49,-0.11121,0.96306,0.0054781,0.00016772,0.58608,-8.0357,-3.2805,-1.1815,-3.0066,0,0.495,0.31798,-0.25681
44.49,-52.48,30.421,-0.20934,0.93872,0.0054741,0.00011027,0.54084,-7.8802,-0.44306,0.17862,-0.76815,0,0.495,0.3339,-0.25682
22.052,-25.575,30.492,-0.095612,0.92199,0.0054761,0.00018239,0.54272,-8.2323,1.2935,0.12122,-1.8499,0,0.495,0.31798,-0.2648
27.745,-34.482,30.459,-0.27398,0.84211,0.0054739,0.00013466,0.53036,-7.7222,1.0897,-1.9573,3.0403,0,0.495,0.34984,-0.25683
17.576,-21.833,30.506,-0.099958,0.88392,0.0054757,0.00017729,0.53397,-8.4,1.6407,0.47971,-1.3938,0,0.495,0.31799,-0.27278
10.969,-16.297,30.461,-0.31588,0.60333,0.0054664,0.00021768,0.40515,-7.679,-0.010132,0.41179,0.89036,0,0.495,0.41335,-0.27285
12.166,-16.861,30.451,-0.28495,0.65587,0.0054665,0.00019965,0.40768,-7.7496,1.6918,1.3062,-0.46072,0,0.495,0.39747,-0.27284
20.867,-25.912,30.451,-0.34776,0.6249,0.0054666,0.00017004,0.41106,-7.5401,-0.042074,-0.46285,1.5897,0,0.495,0.41335,-0.26487
25.4,-30.984,30.429,-0.29197,0.68621,0.0054667,0.0001544,0.41732,-7.6037,1.3135,1.5904,-0.36782,0,0.495,0.39747,-0.26486
16.324,-17.325,30.47,-0.23133,0.75169,0.0054707,0.00019193,0.47833,-7.4725,-3.1137,-1.5422,-3.0675,0,0.495,0.3816,-0.25686
30.287,-35.641,30.414,-0.31346,0.73471,0.005468,0.00012745,0.44563,-7.4641,0.49429,0.14919,-0.36735,0,0.495,0.39748,-0.25688
11.911,-13.968,30.466,-0.22375,0.72342,0.0054692,0.00024793,0.44484,-7.6449,2.5739,-0.26892,-1.6314,0,0.495,0.3816,-0.26484
17.09,-14.782,30.457,-0.3793,0.64768,0.0054681,0.00017386,0.44223,-7.3922,4.5851,-1.5871,2.9395,0,0.495,0.41335,-0.25689
8.6396,-10.856,30.478,-0.2359,0.69601,0.0054689,0.00024594,0.43886,-7.7998,2.7061,0.47803,-1.0657,0,0.495,0.3816,-0.27283
8.5151,-10.11,30.383,-0.66274,0.53595,0.0054753,0.00021418,0.56007,-5.3131,-4.2292,1.0961,-3.0193,0,0.495,0.44184,-0.16822
4.5494,-6.2318,30.405,-0.61062,0.54212,0.0054747,0.00023234,0.5493,-5.5409,-4.6322,1.105,-2.8627,0,0.495,0.44184,-0.17628
0.27087,-0.25363,30.415,-0.57697,0.54446,0.0054735,0.00031847,0.51893,-5.7587,-2.2056,-0.72974,-2.5462,0,0.495,0.44184,-0.18436
1.7363,-2.2292,30.407,-0.5667,0.55069,0.0054724,0.00033151,0.50083,-5.9665,-1.4414,-1.3547,-2.4285,0,0.495,0.44184,-0.19241
-5731.6,-7499.6,25.627,2.9345,-1.5527,3.6057,0.0022099,1030.5,-6.005,15.816,435.97,189.45,0,0.495,0.031323,-0.2163
32853,-9391.6,21.915,2.108,-2.4663,3.8126,0.0015384,1116.7,-2.285,105.79,653.08,-153.03,0,0.495,0.015441,-0.21628
70431,-9210.9,19.882,1.5631,-2.918,3.1704,0.00098783,1010.3,-1.3141,196.72,747.84,-531.96,0,0.495,0,-0.21627
-4584.5,-4545,28.216,3.187,-0.73074,1.9175,0.0021304,638.73,-10.503,15.91,227.11,113.87,0,0.495,0.047297,-0.21632
207.39,-3644.9,29.378,2.6537,-0.90728,0.63275,0.0010417,310.14,-9.0978,11.838,105.11,50.056,0,0.495,0.047281,-0.22432
-553.75,-3151.4,29.519,3.0153,0.011443,0.68743,0.0014638,313.97,-13.074,11.91,96.277,51.942,0,0.495,0.063199,-0.2163
1334.9,-1415.6,30.271,2.3441,1.1225,0.042017,0.00024485,58.129,-15.175,4.9766,12.802,8.0082,0,0.495,0.094941,-0.21631
1454.5,-2133.5,30.057,2.7192,0.65837,0.18087,0.00068026,133.43,-14.477,5.8271,34.715,20.175,0,0.495,0.079081,-0.21628
956.52,-1044,30.368,1.9354,1.4082,0.012681,9.8637e-05,30.229,-15.266,2.8297,6.6538,3.7868,0,0.495,0.1108,-0.21635
694.06,-764.46,30.4,1.7712,1.1931,0.0081179,6.7422e-05,22.459,-14.38,0.67497,4.8695,2.3002,0,0.495,0.1108,-0.22437
627.48,-705.92,30.414,1.537,1.6251,0.0073732,6.2552e-05,18.355,-14.949,-0.50654,5.0171,2.4679,0,0.495,0.12667,-0.21636
289.21,-351.01,30.448,0.95693,1.7967,0.00594,5.0321e-05,7.7883,-13.603,2.606,2.5884,1.4792,0,0.495,0.15858,-0.21602
376.19,-440.5,30.443,1.2281,1.7724,0.0062844,5.3071e-05,11.725,-14.375,0.081497,4.1959,1.8728,0,0.495,0.14258,-0.21621
242.31,-292.28,30.447,0.68371,1.7684,0.0057559,5.2136e-05,5.147,-12.61,0.16063,2.14,1.0439,0,0.495,0.17459,-0.21605
193.9,-230.72,30.462,0.68765,1.6265,0.0057242,5.8317e-05,4.4271,-12.427,-2.2137,2.1761,0.9772,0,0.495,0.17459,-0.22412
150.31,-188.55,30.434,0.45972,1.7774,0.0056498,6.5012e-05,3.4105,-11.58,-2.6423,2.1858,0.63652,0,0.495,0.1905,-0.21603
129.73,-159.95,30.41,0.14215,1.6339,0.0055466,6.7462e-05,1.7499,-9.7819,2.8834,0.96929,1.0453,0,0.495,0.22243,-0.2167
127.14,-156.31,30.421,0.30284,1.7567,0.0055778,6.9299e-05,2.2229,-10.647,0.74637,1.7272,0.63972,0,0.495,0.20654,-0.21663
90.911,-114.26,30.412,-0.0065645,1.5193,0.0055274,7.9458e-05,1.4522,-8.9629,-0.76206,0.85385,0.20393,0,0.495,0.23831,-0.21673
84.033,-103.25,30.434,0.040134,1.4383,0.005522,8.5354e-05,1.3262,-9.1792,-2.2235,1.5544,0.19495,0,0.495,0.23829,-0.22471
62.412,-75.199,30.378,-0.12029,1.4904,0.0055134,9.6337e-05,1.2108,-8.252,-3.6366,0.58261,-1.3055,0,0.495,0.25419,-0.21675
64.673,-83.437,30.379,-0.28126,1.2741,0.0054978,9.0221e-05,0.96243,-7.2558,3.6292,-0.51464,3.2615,0,0.495,0.28605,-0.21685
63.668,-78.049,30.34,-0.2064,1.4403,0.0055012,9.4988e-05,1.011,-7.6983,1.4799,-0.63821,0.80458,0,0.495,0.27012,-0.21682
34.654,-45.997,30.426,-0.34933,1.1441,0.005495,0.00013009,0.90036,-6.9003,-1.7405,0.26025,0.27317,0,0.495,0.30208,-0.21686
32.477,-44.544,30.443,-0.30282,1.1075,0.0054915,0.00014131,0.83482,-7.2214,-1.744,0.74718,0.4447,0,0.495,0.30198,-0.22487
20.26,-22.186,30.376,-0.38394,1.1389,0.0054895,0.00015574,0.79615,-6.6425,-4.7077,-0.17556,-2.6707,0,0.495,0.31803,-0.21687
37.744,-47.565,30.389,-0.46021,0.95774,0.0054834,0.0001156,0.71433,-6.3803,3.873,-1.3271,3.4708,0,0.495,0.34983,-0.21691
38.082,-42.323,30.333,-0.43191,1.1095,0.0054845,0.00012575,0.72671,-6.4695,0.43887,-1.8138,0.50984,0,0.495,0.33392,-0.21689
12.841,-19.736,30.444,-0.4701,0.83325,0.0054817,0.00022542,0.66331,-6.3455,-0.43619,-0.36326,0.36933,0,0.495,0.36573,-0.21692
12.566,-20.05,30.449,-0.44384,0.82138,0.0054794,0.00027241,0.62432,-6.6055,0.53014,-0.64675,0.36748,0,0.495,0.36572,-0.22492
5.2269,-4.5963,30.403,-0.46519,0.8376,0.0054777,0.00027739,0.58738,-6.3401,-3.5469,-1.2251,-2.6823,0,0.495,0.3816,-0.21694
25.176,-31.202,30.428,-0.57102,0.56219,0.0054752,0.00018223,0.58105,-6.1,-2.4769,-0.012226,-0.4329,0,0.495,0.42945,-0.20088
22.27,-26.845,30.444,-0.49827,0.55496,0.0054737,0.00014911,0.54713,-6.3178,-5.2481,1.1879,-0.12774,0,0.495,0.4294,-0.20891
5.7694,-7.4587,30.406,-0.54577,0.55976,0.0054717,0.00025257,0.50258,-6.1708,-4.4082,0.29887,-2.3314,0,0.495,0.44184,-0.20046
4.4011,-2.7773,30.424,-0.49123,0.56438,0.0054709,0.00022029,0.49039,-6.3538,-7.185,1.0389,-2.1345,0,0.495,0.44184,-0.20858
17.662,-17.658,30.415,-0.47325,0.66367,0.0054737,0.00014363,0.54281,-6.4436,6.6132,-0.90754,2.8665,0,0.495,0.41337,-0.21697
11.252,-7.0248,30.362,-0.48711,0.82335,0.0054747,0.00018913,0.55697,-6.3722,3.435,-2.4409,0.18312,0,0.495,0.39748,-0.21696
11.059,-12.56,30.461,-0.43634,0.54942,0.0054721,0.00021174,0.50076,-6.5198,-1.5933,0.65848,0.22164,0,0.495,0.42933,-0.21695
10.389,-12.132,30.467,-0.41973,0.55637,0.0054712,0.00024164,0.48845,-6.6882,2.8349,-0.58982,0.37194,0,0.495,0.42928,-0.22496
5.336,-4.8912,30.437,-0.39856,0.54167,0.0054689,0.0002774,0.45278,-6.7142,-1.1878,-0.45341,-2.1263,0,0.495,0.44184,-0.22487
3.5657,-0.57322,30.435,-0.43225,0.55694,0.00547,0.00025045,0.46877,-6.5429,-5.8866,0.056759,-2.1515,0,0.495,0.44184,-0.21676
1939.4,-2523.7,29.881,2.2236,-0.94212,0.18477,0.0004523,143.29,-8.3555,2.7896,43.251,18.961,0,0.495,0.047271,-0.23233
1676.2,-1688.7,30.082,1.9029,-0.90532,0.055715,0.00019167,74.775,-8.0564,-1.7514,17.721,6.9232,0,0.495,0.047264,-0.24033
1506.3,-1578.6,30.081,1.3068,-1.3327,0.048623,0.00016945,69.19,-5.7833,-3.5274,19.216,5.4218,0,0.495,0.031281,-0.24832
2548.7,-1275.1,29.889,0.82796,-1.8173,0.074614,0.00019277,121.77,-4.4432,63.51,34.264,-0.28847,0,0.495,0.015399,-0.24831
3396.7,-788.59,29.783,0.68188,-1.9579,0.077816,0.00014979,157.29,-4.5015,134.7,41.296,-8.5894,0,0.495,0,-0.2483
1221.7,-1278.6,30.189,1.6436,-0.84123,0.019829,8.5627e-05,47.404,-7.9926,0.30806,9.733,2.451,0,0.495,0.047258,-0.24833
957.53,-1026.9,30.267,1.3823,-0.78516,0.010922,5.328e-05,33.314,-8.0807,5.2737,7.182,0.1906,0,0.495,0.047251,-0.25633
1039.7,-1081.7,30.288,1.683,-0.30787,0.011061,5.6981e-05,34.966,-9.6028,-2.886,6.3152,3.3244,0,0.495,0.06314,-0.24835
467.74,-521,30.424,1.6638,1.0397,0.0071091,6.0729e-05,18.484,-13.654,-2.6679,5.1431,1.8643,0,0.495,0.11078,-0.23246
381.81,-437.47,30.466,1.558,0.8915,0.0067108,5.6878e-05,15.738,-13.072,-1.964,5.1336,1.6376,0,0.495,0.11078,-0.2405
413.65,-461.56,30.46,1.6081,0.55554,0.0068406,5.4554e-05,17.833,-12.018,3.5105,4.1408,1.2185,0,0.495,0.094864,-0.24842
728.04,-776.15,30.402,1.7059,0.23351,0.0077389,5.0288e-05,24.344,-10.987,-1.0265,5.1008,3.1553,0,0.495,0.078998,-0.24838
368.42,-421.44,30.492,1.4506,0.77434,0.0064079,5.1018e-05,13.338,-12.581,2.4216,2.4159,1.1917,0,0.495,0.11078,-0.24851
341.25,-398.02,30.494,1.2888,0.65957,0.0062493,4.9244e-05,10.876,-12.226,6.5811,1.6548,0.40993,0,0.495,0.11077,-0.25651
340.21,-387.86,30.523,1.2318,1.0118,0.0061086,4.9907e-05,9.4547,-12.712,-0.1794,1.2747,1.2093,0,0.495,0.12667,-0.24857
166.54,-203.19,30.483,0.70567,1.5072,0.0057029,6.0897e-05,3.9516,-12.246,-3.9142,3.6064,0.97487,0,0.495,0.17457,-0.23198
142.63,-181.78,30.522,0.71967,1.3787,0.0056796,6.4291e-05,3.5157,-12.097,-3.3388,3.9437,0.98213,0,0.495,0.17455,-0.23988
122.62,-156.42,30.534,0.88324,1.2596,0.005735,6.9305e-05,4.1499,-12.46,4.8671,0.61198,1.0065,0,0.495,0.15861,-0.24829
197.73,-236.02,30.537,1.0522,1.2229,0.0058473,5.9401e-05,5.7532,-12.648,2.6528,0.1697,0.6219,0,0.495,0.14266,-0.24828
115.93,-146.12,30.548,0.71711,1.2713,0.0056599,7.1306e-05,3.1048,-11.949,-0.93234,1.256,1.1973,0,0.495,0.17456,-0.2479
89.774,-119.76,30.543,0.68706,1.172,0.0056486,8.0649e-05,2.7983,-11.852,0.23169,0.27835,1.4117,0,0.495,0.17456,-0.25591
111.77,-136.44,30.545,0.54506,1.3495,0.0055959,7.29e-05,2.2399,-11.39,-3.8702,0.86141,-0.27062,0,0.495,0.19055,-0.24869
81.548,-103.03,30.457,0.086147,1.366,0.0055185,8.464e-05,1.2529,-9.3992,-3.4035,2.4847,0.27428,0,0.495,0.23829,-0.23273
65.295,-87.711,30.494,0.13943,1.2837,0.0055149,8.8494e-05,1.1664,-9.595,-3.6522,3.3568,0.58063,0,0.495,0.23829,-0.24072
43.694,-62.013,30.5,0.27078,1.2952,0.0055214,0.00010257,1.199,-10.333,5.2313,0.3493,1.5646,0,0.495,0.22241,-0.24871
74.56,-94.411,30.51,0.38596,1.3954,0.0055369,8.6021e-05,1.4213,-10.849,2.2883,-0.23458,-0.50408,0,0.495,0.20648,-0.24875
38.638,-53.021,30.527,0.18049,1.2171,0.0055115,0.00011237,1.0659,-9.7253,-1.6909,1.8078,1.0525,0,0.495,0.23829,-0.24871
27.241,-40.021,30.535,0.1983,1.163,0.005509,0.00013002,0.98052,-9.8603,-0.27777,0.47527,1.4958,0,0.495,0.23829,-0.2567
52.782,-61.448,30.502,0.086757,1.2316,0.0054996,0.00010294,0.91208,-9.1743,-5.7255,1.8437,-1.996,0,0.495,0.2542,-0.24877
39.51,-52.359,30.461,-0.26136,1.0717,0.0054895,0.00012351,0.80544,-7.5459,-3.3285,2.3936,0.58355,0,0.495,0.30194,-0.23286
33.299,-44.327,30.504,-0.19641,1.0245,0.0054874,0.00010853,0.763,-7.8464,-4.8796,4.0547,0.84432,0,0.495,0.30193,-0.24085
31.116,-42.891,30.475,-0.10585,1.0917,0.0054863,0.00011846,0.72732,-8.4368,4.4919,0.51366,3.9066,0,0.495,0.28601,-0.24882
53.019,-64.197,30.44,-0.031467,1.2242,0.0054879,9.869e-05,0.75705,-8.7897,0.47122,1.0581,-0.25137,0,0.495,0.27012,-0.24879
17.042,-18.961,30.545,-0.13585,0.98842,0.0054851,0.00014671,0.7015,-8.0708,-3.6084,0.57832,1.0288,0,0.495,0.30193,-0.24883
13.09,-13.506,30.529,-0.094339,0.97231,0.0054823,0.00019035,0.63411,-8.2918,-1.773,-3.0262,1.0727,0,0.495,0.30193,-0.25681
25.355,-22.635,30.494,-0.16476,1.0032,0.0054807,0.00013492,0.64183,-7.8026,-8.7463,0.78908,-3.7482,0,0.495,0.31798,-0.24883
24.553,-32.754,30.452,-0.41999,0.80832,0.0054782,0.00020573,0.61529,-6.8879,-2.106,1.3452,0.30952,0,0.495,0.36572,-0.2329
20.588,-28.055,30.489,-0.35675,0.77724,0.0054772,0.00012438,0.60059,-7.1578,-4.901,3.9828,0.36838,0,0.495,0.36573,-0.24088
26.117,-33.452,30.467,-0.29394,0.86341,0.0054763,0.00012955,0.57969,-7.4949,4.6221,0.46692,3.7674,0,0.495,0.34984,-0.24885
37.391,-41.484,30.418,-0.24439,0.99452,0.0054765,0.00011248,0.58674,-7.635,-1.0186,0.5091,-0.65215,0,0.495,0.3339,-0.24884
7.9731,-9.0491,30.532,-0.29345,0.75626,0.0054759,0.00014966,0.56804,-7.351,-3.9287,0.79353,0.37653,0,0.495,0.36573,-0.24886
9.2768,-9.2642,30.514,-0.24992,0.76198,0.0054736,0.00020605,0.51624,-7.5477,-1.9282,-3.5899,0.47767,0,0.495,0.36573,-0.25685
5.99,-3.1444,30.477,-0.28713,0.7754,0.0054726,0.00014708,0.51695,-7.2752,-10.008,0.60266,-3.8213,0,0.495,0.3816,-0.24888
15.243,-20.193,30.463,-0.41406,0.57003,0.0054705,0.00020301,0.48456,-6.8843,1.7297,0.44869,0.52634,0,0.495,0.42925,-0.23295
14.577,-17.744,30.488,-0.37798,0.55753,0.0054704,0.00017523,0.49019,-7.0728,0.19614,3.0323,0.46743,0,0.495,0.42924,-0.24093
6.7929,-7.6453,30.439,-0.39741,0.54542,0.005468,0.00029605,0.44026,-6.8845,0.93955,0.81745,-1.6209,0,0.495,0.44184,-0.23288
8.5895,-9.1403,30.461,-0.38395,0.53958,0.0054679,0.00025613,0.44211,-7.0576,-1.7668,2.435,-1.7585,0,0.495,0.44184,-0.24088
9.9249,-5.0291,30.464,-0.36562,0.66345,0.0054699,0.00017349,0.47934,-7.2267,7.9826,0.41712,3.5346,0,0.495,0.41335,-0.24891
16.656,-17.18,30.413,-0.3363,0.78331,0.0054696,0.00014101,0.47228,-7.266,-0.93318,0.21301,-0.43131,0,0.495,0.39748,-0.24889
5.9999,-0.65944,30.523,-0.34906,0.54264,0.00547,0.00020668,0.48198,-7.1965,3.0606,0.68193,0.50214,0,0.495,0.42923,-0.24891
5.1791,0.45827,30.507,-0.35405,0.55348,0.005468,0.00023748,0.43609,-7.3291,4.0915,-3.3255,0.55642,0,0.495,0.42922,-0.2569
4.9909,-4.0636,30.481,-0.32064,0.52084,0.005466,0.00026593,0.40448,-7.3235,0.65302,-1.9209,-1.5902,0,0.495,0.44184,-0.25689
7.1866,-6.21,30.488,-0.34321,0.52367,0.0054676,0.00022238,0.43697,-7.1895,-2.3191,0.69401,-2.2418,0,0.495,0.44184,-0.24888
618.8,-655.37,30.332,1.1265,-0.74138,0.0080196,4.9333e-05,22.204,-8.2521,0.86483,4.9043,-1.0821,0,0.495,0.047245,-0.26433
319.47,-356.18,30.372,0.99754,-0.69978,0.0072592,5.7827e-05,17.829,-8.5064,-7.0946,3.8504,-1.0481,0,0.495,0.047238,-0.27233
301.08,-336.79,30.413,0.70573,-0.83398,0.0071435,5.9733e-05,22.648,-7.7436,2.8498,3.5695,1.4281,0,0.495,0.031244,-0.28033
477.69,-382.34,30.326,0.43955,-0.94625,0.0072668,4.2903e-05,41.988,-7.2433,34.904,3.5111,12.841,0,0.495,0.015359,-0.28032
243.67,-191.05,30.329,0.31388,-0.73883,0.0068074,3.0337e-05,53.813,-7.9899,58.612,4.5202,25.12,0,0.495,0,-0.28831
597.63,-395.01,30.266,0.36657,-0.91136,0.0072674,2.7951e-05,55.191,-7.4868,66.808,4.0272,21.468,0,0.495,0,-0.28031
246.78,-223.81,30.383,0.36838,-0.80122,0.0068222,4.7092e-05,40.584,-7.7767,33.329,3.4632,14.518,0,0.495,0.015349,-0.28832
244.91,-273.96,30.462,0.59312,-0.74256,0.0068283,6.1958e-05,21.518,-8.145,7.8526,2.6675,1.4343,0,0.495,0.031235,-0.28833
293.77,-321.84,30.419,0.91233,-0.64363,0.0070263,5.8337e-05,16.199,-8.7259,-5.4831,4.6406,-0.8581,0,0.495,0.047232,-0.28033
370.13,-410.53,30.478,0.91967,-0.21304,0.0065066,4.8361e-05,12.128,-9.6682,-8.5098,2.2497,0.37492,0,0.495,0.063113,-0.28835
314.03,-348.07,30.469,0.79082,-0.5852,0.0068348,5.5445e-05,15.537,-8.9123,-0.70779,3.7242,-1.0733,0,0.495,0.047225,-0.28833
316.1,-330.91,30.444,1.0369,-0.24888,0.0066653,5.2317e-05,13.035,-9.578,-14.785,3.2002,1.4702,0,0.495,0.063118,-0.28035
184.16,-217.45,30.51,1.1359,0.56732,0.0061135,6.7493e-05,8.4281,-11.93,-0.30476,3.9193,-0.15224,0,0.495,0.11077,-0.2645
82.086,-98.666,30.549,1.1024,0.50069,0.0060987,8.8423e-05,7.987,-11.698,-6.8284,4.4662,0.10918,0,0.495,0.11076,-0.2725
100.26,-118.97,30.556,1.1202,0.33284,0.0061158,8.6738e-05,8.123,-11.042,3.917,1.7798,0.8747,0,0.495,0.094843,-0.28041
206.69,-228.6,30.516,1.145,0.17371,0.0062219,6.6433e-05,9.3126,-10.42,-6.6873,1.4283,2.3228,0,0.495,0.078977,-0.28037
250.13,-288.84,30.526,1.0072,0.16957,0.0061047,5.6938e-05,8.0762,-10.42,1.358,-0.20297,1.4296,0,0.495,0.078972,-0.28837
117.22,-139.89,30.558,0.97453,0.29614,0.0060218,7.0953e-05,6.9942,-10.945,11.605,-0.16082,0.68581,0,0.495,0.094832,-0.28839
117.76,-143.02,30.576,1.0683,0.43273,0.0060869,7.9355e-05,7.8856,-11.514,0.45148,2.0063,0.17196,0,0.495,0.11075,-0.28048
185.97,-219.91,30.574,0.8612,0.58691,0.0058315,6.0573e-05,4.8558,-11.531,-1.2339,-0.85148,-0.7331,0,0.495,0.12662,-0.28852
142.94,-174.8,30.576,0.93557,0.38065,0.0059949,6.7503e-05,6.7558,-11.364,7.2597,0.014767,-0.030969,0,0.495,0.11071,-0.28845
145.08,-171.12,30.58,0.96673,0.64967,0.0059045,6.7469e-05,5.7561,-11.68,-6.7549,0.88693,-0.46731,0,0.495,0.12663,-0.28054
65.361,-89.929,30.553,0.66641,1.0849,0.0056396,9.2123e-05,2.5496,-11.727,-1.4924,2.5079,1.4771,0,0.495,0.17456,-0.26392
57.744,-79.077,30.584,0.67237,1.0059,0.0056343,9.7366e-05,2.4597,-11.622,-1.6569,2.8029,1.4168,0,0.495,0.17462,-0.27246
45.976,-67.848,30.572,0.75807,0.94017,0.0056398,0.00010039,2.4929,-11.765,4.9594,0.54633,1.2212,0,0.495,0.15861,-0.28032
96.268,-121.85,30.571,0.86272,0.89392,0.005688,7.9186e-05,3.1106,-11.808,-2.4207,0.097257,-0.2708,0,0.495,0.14253,-0.28063
117.59,-147.53,30.561,0.77398,0.82587,0.005644,7.3618e-05,2.5477,-11.688,1.5058,-1.2017,-0.35309,0,0.495,0.14253,-0.28863
40.483,-61.016,30.564,0.67867,0.87392,0.0056056,0.00010219,2.0438,-11.667,8.0998,-0.61266,1.0964,0,0.495,0.15861,-0.28831
56.057,-76.073,30.598,0.66329,0.9264,0.0056233,9.6853e-05,2.3179,-11.527,3.1102,0.2722,1.4118,0,0.495,0.17464,-0.28066
68.915,-88.266,30.582,0.48827,0.91462,0.0055491,9.0286e-05,1.4097,-11.094,-0.027495,-1.6212,-0.63539,0,0.495,0.19056,-0.28868
43.729,-64.318,30.587,0.59694,0.85765,0.0055926,0.00010287,1.8992,-11.459,5.9329,-1.0449,1.1469,0,0.495,0.17465,-0.28867
76.68,-94.044,30.595,0.53288,0.98876,0.0055703,8.6105e-05,1.7035,-11.128,-2.2469,-0.34059,-0.66006,0,0.495,0.19056,-0.28069
30.103,-43.561,30.546,0.21706,1.1109,0.005507,0.00012699,0.92454,-9.9674,-0.15442,1.2026,1.725,0,0.495,0.23829,-0.26468
32.601,-46.22,30.564,0.23654,1.0564,0.0055056,0.0001234,0.90648,-10.048,0.41721,1.0846,1.5447,0,0.495,0.23829,-0.27267
25.138,-39.643,30.544,0.31867,1.0597,0.0055047,0.00013105,0.88662,-10.581,3.1015,0.097846,1.2331,0,0.495,0.22241,-0.28066
51.461,-67.637,30.557,0.40721,1.0839,0.0055128,0.00010341,0.9974,-10.883,-1.2407,-0.16229,-1.0929,0,0.495,0.20649,-0.28071
46.171,-62.245,30.549,0.38208,1.0168,0.0055023,0.00010977,0.8494,-10.888,0.19204,-1.0053,-0.87771,0,0.495,0.20649,-0.28869
18.185,-30.857,30.54,0.302,1.0051,0.0054961,0.00014709,0.76406,-10.626,3.8766,-0.51214,1.0634,0,0.495,0.22241,-0.28865
25.7,-37.832,30.573,0.24956,0.99921,0.0055024,0.00013417,0.86125,-10.129,2.2578,-0.62103,1.3844,0,0.495,0.23829,-0.28065
29.479,-39,30.552,0.16389,0.92052,0.0054854,0.00013294,0.64729,-9.7908,0.1454,-1.4493,-1.0371,0,0.495,0.25421,-0.28871
17.918,-29.102,30.563,0.24099,0.94704,0.0054943,0.00015023,0.74408,-10.2,3.2613,-1.3648,1.1678,0,0.495,0.23829,-0.28865
38.815,-47.402,30.561,0.16058,0.97853,0.0054912,0.00012068,0.73367,-9.7015,-0.96713,-0.78228,-1.3416,0,0.495,0.25421,-0.28072
11.866,-17.661,30.512,-0.061848,0.95229,0.0054801,0.00019623,0.58911,-8.5029,0.46624,-1.546,1.1631,0,0.495,0.30194,-0.2648
12.199,-18.83,30.519,-0.052489,0.92091,0.0054796,0.00018847,0.58298,-8.6706,1.8213,-0.13526,1.0667,0,0.495,0.30194,-0.27278
16.915,-26.715,30.499,0.0010833,0.94747,0.0054787,0.00016379,0.57322,-9.1726,0.88168,-0.0057712,0.91546,0,0.495,0.28603,-0.28075
32.534,-41.101,30.51,0.061348,0.98816,0.0054795,0.0001322,0.59027,-9.4394,-1.1561,-0.054091,-1.5309,0,0.495,0.27012,-0.28073
25.311,-33.688,30.51,0.076175,0.93473,0.0054761,0.00014745,0.53738,-9.5539,-0.97223,-0.28599,-1.1723,0,0.495,0.27012,-0.28873
15.329,-24.095,30.502,0.021402,0.90793,0.0054755,0.00017179,0.52448,-9.3128,0.03567,0.041008,0.81431,0,0.495,0.28603,-0.28874
14.315,-21.614,30.523,-0.039584,0.88762,0.0054785,0.00017897,0.56838,-8.8305,0.91295,-0.61895,0.93122,0,0.495,0.30194,-0.28076
19.153,-25.677,30.512,-0.063178,0.80514,0.0054723,0.00016514,0.48454,-8.7009,-0.68865,-0.68101,-0.95493,0,0.495,0.31802,-0.28874
15.532,-23.397,30.521,-0.015807,0.85284,0.0054753,0.00017319,0.52208,-8.9774,0.13727,-0.66886,0.80681,0,0.495,0.30195,-0.28875
20.173,-25.397,30.513,-0.088787,0.84487,0.0054748,0.00016656,0.52186,-8.5608,-0.13933,-0.40754,-1.2047,0,0.495,0.318,-0.28076
7.0173,-10.133,30.488,-0.21728,0.75893,0.0054718,0.00025773,0.47685,-7.7521,0.73508,-2.4113,0.70434,0,0.495,0.36573,-0.26483
5.3587,-8.4004,30.489,-0.21296,0.74,0.0054715,0.00027124,0.47122,-7.9157,2.2747,-0.32541,0.6988,0,0.495,0.36573,-0.27281
9.2315,-15.772,30.474,-0.18778,0.77612,0.005471,0.00021408,0.46646,-8.2671,0.20156,0.24725,0.85466,0,0.495,0.34984,-0.28078
17.64,-23.346,30.474,-0.15489,0.81804,0.005471,0.00017499,0.47113,-8.4121,-0.42142,0.31542,-1.0233,0,0.495,0.33392,-0.28077
15.698,-21.233,30.48,-0.12498,0.78182,0.0054692,0.00018379,0.44228,-8.5535,-1.6902,0.14314,-0.7915,0,0.495,0.33395,-0.28875
10.824,-16.908,30.48,-0.15426,0.75262,0.0054692,0.00020094,0.43865,-8.4164,-1.6455,0.25122,0.7439,0,0.495,0.34984,-0.28876
9.5714,-14.412,30.494,-0.20181,0.72217,0.0054709,0.00022637,0.46465,-8.0677,0.42514,-0.24824,0.57632,0,0.495,0.36573,-0.28079
16.728,-21.902,30.487,-0.18248,0.64252,0.005467,0.00017884,0.41394,-8.0745,-1.3634,-0.46818,-0.82788,0,0.495,0.3816,-0.28879
12.722,-18.243,30.496,-0.16603,0.70303,0.0054691,0.00019447,0.43806,-8.2128,-0.83076,-0.40272,0.44626,0,0.495,0.36572,-0.28878
15.414,-19.625,30.485,-0.2247,0.66915,0.0054685,0.00019511,0.43479,-7.9432,-0.35498,-0.12542,-0.95176,0,0.495,0.3816,-0.28081
8.0727,-9.5411,30.479,-0.34646,0.56135,0.0054664,0.00025171,0.40114,-7.4845,1.4499,-2.5247,0.35205,0,0.495,0.42922,-0.26488
7.7587,-10.913,30.477,-0.32233,0.55404,0.0054663,0.00027274,0.40031,-7.6044,-0.33819,-0.48247,0.042147,0,0.495,0.42922,-0.27286
3.5515,-4.0358,30.467,-0.31653,0.5249,0.0054647,0.00038852,0.37756,-7.4652,2.0452,-1.5978,-0.73735,0,0.495,0.44184,-0.26488
4.4824,-5.9422,30.464,-0.31064,0.52118,0.0054647,0.00038941,0.3771,-7.5739,0.90537,-0.51036,-0.7356,0,0.495,0.44184,-0.27287
10.186,-14.799,30.468,-0.29642,0.58823,0.0054661,0.00021506,0.40114,-7.8061,-2.1735,0.13365,0.60444,0,0.495,0.41335,-0.28083
14.961,-19.994,30.461,-0.27242,0.6271,0.0054661,0.00018721,0.40339,-7.8886,-1.397,0.31955,-0.53938,0,0.495,0.39747,-0.28082
15.236,-20.135,30.466,-0.222,0.59992,0.005465,0.00017683,0.38799,-8.0068,-3.5752,0.078057,-0.41714,0,0.495,0.39747,-0.2888
10.809,-15.095,30.472,-0.24209,0.57372,0.005465,0.00018677,0.38612,-7.924,-4.7697,-0.010013,0.56936,0,0.495,0.41334,-0.28882
11.625,-14.575,30.48,-0.29559,0.54931,0.0054661,0.00021818,0.39999,-7.7127,-2.6828,-0.12193,-0.18121,0,0.495,0.42922,-0.28085
13.48,-16.813,30.483,-0.23816,0.54313,0.0054649,0.00018383,0.38577,-7.8241,-4.0479,-0.30599,-0.16748,0,0.495,0.42922,-0.28883
15.086,-18.565,30.469,-0.23489,0.505,0.0054636,0.00018425,0.36983,-7.7791,-2.9088,-0.1066,-0.88935,0,0.495,0.44184,-0.28883
11.638,-14.349,30.466,-0.28929,0.51479,0.0054645,0.00023153,0.37956,-7.6774,-2.0204,-0.18821,-0.94116,0,0.495,0.44184,-0.28085
178.78,-207.21,30.427,0.29449,-0.6705,0.0065443,5.3994e-05,39.527,-8.3662,25.151,0.90084,15.649,0,0.495,0.01534,-0.29632
214.04,-254.63,30.385,0.26298,-0.57705,0.0065317,3.2375e-05,52.987,-8.5961,44.478,2.8285,28.059,0,0.495,0,-0.29631
150.18,-184.94,30.489,0.47214,-0.66181,0.0065773,7.2771e-05,20.291,-8.5377,4.964,-0.6887,1.2733,0,0.495,0.031227,-0.29633
133.21,-155.23,30.528,0.86667,0.15935,0.0059759,9.2943e-05,6.4836,-10.499,-3.6298,-0.91153,0.68237,0,0.495,0.078967,-0.29636
245.54,-287.88,30.502,0.79276,-0.17432,0.0063391,5.7882e-05,10.873,-9.8639,-10.04,0.37618,-0.41189,0,0.495,0.063107,-0.29634
55.721,-71.131,30.555,0.82831,0.25995,0.0059096,0.00012245,5.565,-10.899,4.7865,-0.68931,0.55169,0,0.495,0.094825,-0.29639
71.861,-93.377,30.555,0.69559,0.76278,0.0056087,9.3693e-05,2.0372,-11.581,-2.7841,-0.70499,-0.4003,0,0.495,0.14254,-0.29665
98.238,-122.68,30.567,0.76233,0.53341,0.0057659,8.3067e-05,3.8847,-11.406,-6.2139,-0.74317,-0.93492,0,0.495,0.12662,-0.29652
26.753,-45.801,30.562,0.6126,0.81302,0.0055795,0.00012348,1.6687,-11.577,3.125,-0.097339,0.83508,0,0.495,0.15862,-0.2963
30.323,-43.4,30.546,0.3588,0.95486,0.0054944,0.00012805,0.73051,-10.856,-1.2507,-0.64221,-0.58446,0,0.495,0.20649,-0.29669
40.114,-51.981,30.57,0.45322,0.84551,0.0055326,0.00011485,1.1586,-11.003,-3.114,-1.2085,-0.67479,0,0.495,0.19056,-0.29667
16.064,-28.403,30.542,0.29198,0.95613,0.0054898,0.00015775,0.67144,-10.658,1.9495,-0.057577,0.8643,0,0.495,0.2224,-0.29667
12.503,-19.354,30.515,0.083207,0.88767,0.0054736,0.00018704,0.49299,-9.6282,0.10543,-0.30803,-0.68665,0,0.495,0.2701,-0.29676
17.183,-25.113,30.545,0.16421,0.86621,0.005481,0.00015506,0.5775,-9.8227,0.18402,-1.3014,-0.77618,0,0.495,0.2542,-0.29675
11.053,-17.294,30.511,0.041582,0.87478,0.0054731,0.0002053,0.48405,-9.437,0.41017,0.14824,0.73661,0,0.495,0.28602,-0.29674
6.9923,-9.7473,30.487,-0.10169,0.74967,0.0054678,0.00027046,0.41529,-8.6675,-0.061491,-0.25337,-0.466,0,0.495,0.33393,-0.29673
11.302,-15.518,30.512,-0.042455,0.76603,0.0054704,0.0002006,0.45122,-8.7939,0.64725,-0.93156,-0.74169,0,0.495,0.31802,-0.29672
6.849,-9.6895,30.488,-0.12193,0.73406,0.0054677,0.00028698,0.41225,-8.5566,-0.46235,-0.064689,0.64065,0,0.495,0.34982,-0.29675
5.887,-6.7643,30.471,-0.18079,0.57786,0.005464,0.00039111,0.36842,-8.1077,-0.37818,-0.24322,-0.18744,0,0.495,0.39747,-0.29679
7.6616,-8.7573,30.487,-0.15112,0.62076,0.0054658,0.00028714,0.39109,-8.1755,1.6315,-0.79173,-0.60827,0,0.495,0.3816,-0.29677
4.2707,-5.8075,30.476,-0.19174,0.56235,0.005464,0.00042951,0.36677,-8.0348,-1.9241,-0.33238,0.52735,0,0.495,0.41334,-0.2968
226.92,-275.84,30.5,0.65719,-0.51874,0.0066234,6.2047e-05,14.531,-9.1568,-2.4141,0.54887,-1.0718,0,0.495,0.047218,-0.29633
65.634,-91.926,30.573,0.80594,0.33476,0.0058999,0.00010566,5.4199,-11.234,0.46114,-0.29385,-0.19375,0,0.495,0.1107,-0.29643
25.632,-41.231,30.58,0.54649,0.79214,0.0055686,0.00012823,1.5481,-11.355,1.0457,-0.55427,0.65309,0,0.495,0.17465,-0.29666
15.836,-26.154,30.557,0.23975,0.89844,0.0054881,0.00015809,0.6541,-10.235,1.5867,-0.92314,0.78933,0,0.495,0.23828,-0.29667
13.314,-18.785,30.523,0.0096301,0.82083,0.0054729,0.00018764,0.48303,-9.0945,0.54249,-0.59905,0.5553,0,0.495,0.30195,-0.29673
8.2586,-10.504,30.498,-0.13322,0.68844,0.0054676,0.00024726,0.41209,-8.3407,0.80476,-0.70187,0.27133,0,0.495,0.36572,-0.29676
7.1595,-6.8382,30.471,-0.19595,0.49418,0.0054628,0.00037902,0.35419,-7.8623,1.1487,-0.34893,-0.62523,0,0.495,0.44184,-0.29682
6.0628,-6.4189,30.483,-0.19153,0.53673,0.005464,0.00037991,0.36669,-7.9257,-0.31877,-0.66834,-0.062124,0,0.495,0.42922,-0.29681
1.1829,-0.3613,30.48,-0.19309,0.53536,0.005464,0.00050796,0.36196,-8.0099,2.3307,-0.84423,-0.049608,0,0.495,0.42921,-0.30479
1.1781,0.21231,30.47,-0.20325,0.49162,0.0054628,0.00049521,0.34933,-7.9491,2.9122,-0.563,-0.34074,0,0.495,0.44168,-0.3048
2.8565,-6.2657,30.471,-0.1741,0.50006,0.005463,0.00033966,0.35027,-8.2392,0.53523,-0.20692,-0.045851,0,0.495,0.41887,-0.32075
66.302,-73.448,30.017,-1.1683,0.71616,0.0055346,9.3572e-05,1.7988,-0.44647,5.8376,-0.1346,2.745,0,0.495,0.38168,-0.096273
62.452,-65.976,30.055,-1.1187,0.63085,0.0055259,9.5714e-05,1.6104,-0.81263,7.4195,1.1648,2.218,0,0.495,0.38964,-0.096232
65.066,-74.296,30.025,-1.1531,0.73757,0.00553,9.515e-05,1.6984,-0.67497,4.9535,-0.38653,2.9904,0,0.495,0.38169,-0.1004
63.539,-70.394,30.033,-1.1378,0.75858,0.0055253,9.8098e-05,1.587,-0.90104,5.2213,-0.21177,3.054,0,0.495,0.38165,-0.10449
67.635,-72.828,30.088,-1.0765,0.6942,0.0055157,8.9593e-05,1.4047,-1.4242,7.4634,0.49742,3.7687,0,0.495,0.3896,-0.10848
55.75,-55.899,30.054,-1.1202,0.8018,0.0055164,0.00010919,1.3754,-1.3525,5.6372,0.25336,2.3645,0,0.495,0.38159,-0.11262
58.893,-61.641,30.043,-1.127,0.7804,0.0055206,0.00010371,1.4727,-1.1282,5.8526,0.08176,2.8449,0,0.495,0.38161,-0.10858
66.246,-67.911,30.097,-1.0688,0.71725,0.005512,9.0243e-05,1.3218,-1.6275,8.3311,0.24385,3.8695,0,0.495,0.38956,-0.11256
98.025,-99.01,30.119,-0.98701,1.1381,0.0055337,7.8509e-05,1.8198,-1.935,8.7859,0.80116,0.30204,0,0.495,0.34191,-0.14055
92.638,-102.65,30.102,-1.0097,1.2532,0.0055375,7.8655e-05,1.8972,-1.7751,7.4047,-0.65261,2.4624,0,0.495,0.33397,-0.14055
111.72,-112.97,30.104,-1.0105,1.1298,0.0055418,7.5584e-05,2.0166,-1.6442,7.8101,1.0599,-0.30626,0,0.495,0.34191,-0.13656
101.97,-111.36,30.092,-1.0347,1.2454,0.0055465,7.6425e-05,2.1093,-1.465,7.2897,-0.4321,2.0294,0,0.495,0.33397,-0.13656
82.985,-85.35,30.143,-0.9487,1.0299,0.0055223,8.2734e-05,1.5585,-2.3795,8.7426,2.2428,1.7359,0,0.495,0.34985,-0.14455
96.492,-99.987,30.134,-0.9652,1.1453,0.005527,7.8269e-05,1.6763,-2.2181,8.6427,0.80964,0.91208,0,0.495,0.34191,-0.14454
87.783,-89.746,30.124,-0.96796,1.0236,0.005528,8.209e-05,1.6871,-2.1143,8.1678,2.1805,1.3005,0,0.495,0.34985,-0.14056
102.11,-106.65,30.105,-0.99117,1.0169,0.005535,7.8429e-05,1.859,-1.8426,6.4685,2.135,0.98153,0,0.495,0.34985,-0.13657
94.773,-108.01,30.112,-0.98416,1.2596,0.0055302,7.7723e-05,1.7445,-2.0767,6.4766,-0.43799,2.7397,0,0.495,0.33397,-0.14454
73.487,-86.754,30.056,-1.0561,1.3516,0.0055503,9.0648e-05,2.1366,-1.3621,3.4922,-0.94962,3.0713,0,0.495,0.32603,-0.13655
86.92,-102.43,30.047,-1.0847,1.3461,0.0055619,8.4189e-05,2.4161,-1.0274,3.4409,-0.57795,3.1192,0,0.495,0.32603,-0.13256
120.35,-131.33,30.08,-1.063,1.237,0.0055573,7.2164e-05,2.3809,-1.1493,6.2971,0.23842,1.4618,0,0.495,0.33397,-0.13256
105.9,-124.05,30.034,-1.1176,1.3404,0.0055756,7.7131e-05,2.76,-0.68399,2.8512,0.21549,3.0349,0,0.495,0.32603,-0.12856
53.292,-67.314,30.018,-1.0948,1.414,0.0055758,0.00010436,2.6161,-0.95906,-1.5285,0.0885,1.7093,0,0.495,0.31809,-0.13255
44.493,-55.773,30.032,-1.0648,1.412,0.0055628,0.00011252,2.3237,-1.3138,-2.1372,-0.024586,1.0309,0,0.495,0.31809,-0.13654
143.12,-155.29,30.065,-1.0974,1.229,0.0055695,6.7682e-05,2.6995,-0.8267,4.989,1.3006,0.88313,0,0.495,0.33397,-0.12857
133.1,-136.29,30.087,-1.0396,1.1215,0.0055512,7.0996e-05,2.2604,-1.3481,6.0598,1.6408,-0.90293,0,0.495,0.34191,-0.13257
138.14,-148.35,30.065,-1.0608,1.0053,0.0055506,6.9521e-05,2.2718,-1.2836,2.1107,2.995,0.49414,0,0.495,0.34984,-0.12858
121.75,-129.82,30.086,-1.0218,1.0105,0.0055427,7.341e-05,2.0632,-1.5657,4.1499,2.3613,0.67501,0,0.495,0.34984,-0.13258
155.17,-159.48,30.067,-1.076,1.1139,0.0055613,6.6815e-05,2.5284,-1.046,4.2548,2.5538,-1.3351,0,0.495,0.3419,-0.12858
68.155,-80.895,30.065,-1.0288,1.3561,0.0055408,9.395e-05,1.9217,-1.6894,2.624,-0.83234,2.8522,0,0.495,0.32603,-0.14054
41.883,-48.005,30.062,-1.0011,1.4027,0.0055436,0.00011119,1.9299,-1.995,-5.7694,1.0349,-0.55489,0,0.495,0.31809,-0.14452
41.342,-50.336,30.046,-1.0347,1.4083,0.0055522,0.00011488,2.0991,-1.6597,-3.6009,0.31542,0.27809,0,0.495,0.31809,-0.14053
70.891,-83.999,30.075,-0.99903,1.3587,0.0055332,9.2831e-05,1.7655,-2.0073,0.86422,-0.28091,2.4467,0,0.495,0.32603,-0.14453
86.22,-100.24,30.141,-0.97018,0.813,0.0055006,8.3844e-05,1.12,-2.6147,-0.54788,1.2312,2.5075,0,0.495,0.38953,-0.1326
78.298,-90.021,30.154,-0.93271,0.82265,0.005498,8.9194e-05,1.0532,-2.8169,0.0053305,1.4431,2.4183,0,0.495,0.38953,-0.13659
48.562,-55.129,30.106,-1.0349,0.86471,0.0055068,0.00010632,1.2067,-2.2312,-5.6702,1.7583,-1.0402,0,0.495,0.38159,-0.12861
84.072,-99,30.129,-1.0063,0.80106,0.0055026,8.3594e-05,1.1622,-2.4238,1.0451,0.62472,2.8466,0,0.495,0.38953,-0.12861
41.404,-47.44,30.124,-0.99343,0.87132,0.0055044,0.00011239,1.147,-2.4466,-6.5482,2.0071,-1.6081,0,0.495,0.38159,-0.1326
31.115,-37.367,30.142,-0.95551,0.87685,0.0055014,0.00012883,1.0653,-2.6635,-5.4893,2.0049,-1.9038,0,0.495,0.38159,-0.13659
61.626,-69.785,30.168,-0.90345,0.83399,0.0054952,0.00010133,0.97453,-3.0458,1.9284,1.4417,2.2085,0,0.495,0.38953,-0.14059
16.758,-19.508,30.177,-0.90866,0.88946,0.0054955,0.00016951,0.91478,-3.1143,-2.5774,2.0222,-2.6216,0,0.495,0.38159,-0.14457
20.708,-26.956,30.16,-0.92718,0.88288,0.0054983,0.00015142,0.98196,-2.8863,-3.7127,1.9935,-2.2897,0,0.495,0.38159,-0.14058
50.416,-52.831,30.183,-0.88447,0.84713,0.0054925,0.00011382,0.90258,-3.2679,3.4082,1.5416,1.9848,0,0.495,0.38953,-0.14458
560.31,-128.27,4.2351,2.5562,-3.9594,17.92,0.015012,1207.7,-32.929,-287.01,4.6457,-3.7965,0,0.495,0.023418,-0.17206
6342.4,-4862.5,4.4965,1.8159,-5.9505,15.676,0.010475,1562.2,-31.243,-296.94,-9.3346,-66.626,0,0.495,0.015491,-0.17205
-27.568,1258,4.1487,2.3822,-4.3887,19.092,0.016677,1159,-36.489,-293.91,-0.75507,-11.512,0,0.495,0.023422,-0.16806
5211.5,-3219.3,4.454,1.685,-6.4237,16.589,0.011473,1514.7,-34.903,-302.73,-12.331,-71.566,0,0.495,0.015495,-0.16805
2570.3,1713.9,4.5861,3.3958,-1.7043,17.663,0.01557,1137.9,-31.403,-268.66,46.167,80.147,0,0.495,0.03134,-0.17606
1352.3,-1532.1,4.3532,2.7271,-3.5168,16.647,0.01336,1259.7,-29.327,-278.89,12.941,6.515,0,0.495,0.023414,-0.17605
1473.6,3102.5,4.3517,3.1986,-2.0844,18.973,0.017685,1076.1,-34.868,-280.04,27.346,58.351,0,0.495,0.031344,-0.17206
872.41,4399.2,4.1808,2.995,-2.4619,20.24,0.019827,1024,-38.335,-289.22,15.365,42.483,0,0.495,0.031348,-0.16807
7444,-6496.6,4.5596,1.9459,-5.4549,14.676,0.0094809,1609.9,-27.509,-290.04,-5.1175,-60.653,0,0.495,0.015487,-0.17605
-30702,-1675.7,5.3391,0.91995,-8.6392,12.397,0.0046605,2734.2,-33.871,412.92,-14.141,-1685.2,0,0.495,0.0075664,-0.16805
-30181,141.42,5.3486,0.84775,-9.1238,12.84,0.0049769,2729.4,-37.506,442.94,-15.888,-1685.9,0,0.495,0.0075699,-0.16405
4054.2,-1734.9,4.4322,1.5528,-6.8738,17.414,0.012464,1468.3,-38.486,-307.5,-15.208,-75.778,0,0.495,0.015498,-0.16406
-65956,6356.9,6.0587,0.44991,-10.777,10.248,0.00091001,3765.9,-40.49,1259.2,5.8629,-3259.5,0,0.495,0,-0.16005
-29331,1591.9,5.3707,0.77696,-9.5798,13.24,0.0052888,2722.9,-41.021,471.26,-16.935,-1685.7,0,0.495,0.0075732,-0.16006
-69158,4933.8,6.0253,0.48672,-10.312,10.063,0.00089778,3733.5,-37.106,1199.5,5.8648,-3263.8,0,0.495,0,-0.16405
3051.2,-415.47,4.4277,1.4195,-7.3046,18.149,0.013438,1423.4,-41.991,-311.27,-17.325,-79.474,0,0.495,0.015502,-0.16006
-71818,2919.4,6.0011,0.52599,-9.8093,9.8619,0.00088436,3697.8,-33.504,1135.2,6.3718,-3266.7,0,0.495,0,-0.16805
-469.86,2576,4.0895,2.2044,-4.8025,20.147,0.018328,1113.4,-39.973,-299.8,-5.0179,-17.696,0,0.495,0.023425,-0.16406
571.44,5634.5,4.0558,2.7853,-2.8323,21.413,0.02195,978.57,-41.741,-296.82,7.1219,30.369,0,0.495,0.031351,-0.16407
23.256,3766,4.0518,2.0235,-5.1997,21.08,0.019939,1071.1,-43.317,-304.74,-8.2281,-22.882,0,0.495,0.023429,-0.16007
-31475,-3629.2,5.3453,0.99412,-8.1225,11.911,0.0043407,2737.2,-30.136,381.27,-12.744,-1683.2,0,0.495,0.0075625,-0.17205
-32278,-5492.7,5.3655,1.0704,-7.573,11.383,0.0040195,2737.7,-26.302,348,-10.653,-1680.2,0,0.495,0.0075584,-0.17604
-78042,-1020.9,5.9867,0.61548,-8.6924,9.4064,0.00085361,3615.2,-25.924,993.33,6.6919,-3267.4,0,0.495,0,-0.17604
-74947,870.05,5.9886,0.56893,-9.2698,9.6433,0.00086971,3658.4,-29.764,1066.5,6.3245,-3267.7,0,0.495,0,-0.17204
14792,3284.3,19.473,4.0438,4.4173,22.942,0.015001,1490.3,-35.258,-36.32,345.07,476.83,0,0.495,0.079142,-0.16811
-6231.1,560.76,22.958,3.6673,4.3926,17.772,0.013163,1339.2,-32.33,-0.07461,313.15,409.41,0,0.495,0.087071,-0.16812
9674.5,1479.9,20.877,4.1101,4.084,20.659,0.013729,1485.9,-32.392,-18.233,364.85,458.42,0,0.495,0.079141,-0.1721
-11567,-892.18,24.184,3.7024,4.019,15.003,0.011503,1287.7,-29.91,11.776,315.34,378.27,0,0.495,0.08707,-0.17212
-8569.7,-4210.7,27.635,3.2244,3.4532,6.7284,0.0072125,896.37,-24.747,28.489,214.29,233.94,0,0.495,0.094996,-0.17612
-14341,-2100.2,25.395,3.6994,3.6216,12.078,0.0098056,1207.8,-27.556,21.302,306.66,338.99,0,0.495,0.087069,-0.17611
-10234,-3604.8,26.763,3.2401,3.831,9.135,0.008755,1013.9,-26.668,26.123,238.1,279.06,0,0.495,0.094997,-0.17213
-12031,-2574.9,25.813,3.2258,4.2043,11.694,0.010355,1106.5,-28.697,21.129,252.4,319.17,0,0.495,0.094998,-0.16814
4885.8,-257.82,22.338,4.1332,3.7091,17.95,0.012193,1457,-29.586,-1.4547,376.74,431.4,0,0.495,0.07914,-0.1761
16415,6749,15.586,4.2837,4.1567,25.699,0.015256,1541.4,-37.954,-85.757,352.72,506.87,0,0.495,0.071183,-0.1681
14645,8120,14.24,4.1391,4.3499,26.697,0.016048,1485.9,-40.86,-110.27,314.9,498.53,0,0.495,0.071184,-0.1641
14510,4797.7,18.144,3.9386,4.7064,24.819,0.016092,1477,-38.092,-55.245,321.42,486.95,0,0.495,0.079143,-0.16411
11559,9524.1,13.038,3.9578,4.4883,27.439,0.017023,1424.5,-43.799,-134.55,275.44,484.09,0,0.495,0.071185,-0.16011
9934.3,10145,10.446,4.1933,3.5933,26.009,0.016506,1384.3,-43.582,-174.31,256.6,444.73,0,0.495,0.063099,-0.16412
11686,6359.1,16.908,3.7962,4.9492,26.334,0.017168,1451,-40.921,-74.792,293.92,490.92,0,0.495,0.079144,-0.16012
13218,8645.3,11.627,4.3829,3.5443,25.619,0.015057,1475.2,-40.509,-146.87,309.08,476.28,0,0.495,0.063094,-0.16811
19125,5160.9,17.065,4.3892,3.9076,24.341,0.014418,1586,-34.999,-61.466,389.08,506.35,0,0.495,0.07118,-0.17209
21245,5780.3,14.596,4.6431,3.2532,24.328,0.013042,1650.5,-34.282,-87.942,419.26,519.24,0,0.495,0.063073,-0.1761
18100,7102.5,13.008,4.5348,3.4322,25.102,0.013902,1566.2,-37.351,-117.82,365.06,501.92,0,0.495,0.063083,-0.17211
18857,3613.8,18.67,4.4503,3.6032,22.515,0.013432,1612.7,-32.121,-37.835,420.09,496.62,0,0.495,0.071177,-0.17609
288.17,1841,21.749,3.5957,4.7355,20.294,0.014763,1367.7,-34.779,-13.507,303.73,432.25,0,0.495,0.087072,-0.16413
-6653.7,-1588.2,24.819,3.1809,4.5632,14.274,0.011973,1175.4,-30.839,13.824,258.31,352.35,0,0.495,0.094999,-0.16414
8464.9,3219.4,20.584,3.4883,5.0426,22.52,0.016288,1378.4,-37.231,-28.088,288.1,448.71,0,0.495,0.087073,-0.16013
951.95,-1051.8,30.135,1.0684,3.0587,0.019274,0.00020582,34.948,-18.438,0.26375,8.2042,1.6567,0,0.495,0.14258,-0.16818
723.46,-804.17,30.121,0.86278,2.9673,0.0090456,0.00011973,23.892,-17.117,-1.9339,7.9942,2.6323,0,0.495,0.15063,-0.168
871.69,-965.49,30.163,1.1156,2.9343,0.012901,0.00014973,29.372,-18.035,-0.25656,7.9646,1.3508,0,0.495,0.14258,-0.17218
679.3,-759.33,30.152,0.91125,2.859,0.0078486,0.00010064,21.514,-16.818,-1.8589,8.0058,2.7657,0,0.495,0.15063,-0.172
500.65,-573.44,30.185,0.77267,2.6961,0.0065281,7.1421e-05,15.526,-15.401,-1.7775,7.8001,3.6571,0,0.495,0.1586,-0.17596
644.58,-723.32,30.183,0.95161,2.7508,0.0072095,8.7247e-05,19.653,-16.524,-1.488,7.8684,2.9533,0,0.495,0.15063,-0.17599
526.05,-597.8,30.153,0.73344,2.7918,0.0067116,7.9315e-05,16.786,-15.608,-2.29,8.1561,3.6468,0,0.495,0.1586,-0.17197
557.09,-626.52,30.118,0.68624,2.8868,0.0069948,8.9288e-05,18.229,-15.813,-2.6833,8.4067,3.5894,0,0.495,0.1586,-0.16797
800.97,-885.21,30.19,1.1546,2.813,0.0096931,0.00011812,25.569,-17.658,-0.21504,7.7204,1.4856,0,0.495,0.14258,-0.17617
1219.4,-1381.7,30.145,1.308,3.1686,0.070995,0.00056057,63.683,-19.796,3.9703,10.8,5.4714,0,0.495,0.13463,-0.16821
1310.8,-1493.3,30.106,1.2588,3.3196,0.12705,0.00096641,85.526,-20.353,5.3274,13.135,9.3795,0,0.495,0.13463,-0.16421
1034.2,-1139.1,30.107,1.014,3.1851,0.031448,0.00030804,43.193,-18.854,1.253,8.5142,2.351,0,0.495,0.14258,-0.16419
1343.9,-1581.6,30.057,1.2009,3.4733,0.2176,0.0014474,114.69,-20.922,6.796,16.527,15.406,0,0.495,0.13463,-0.16022
1039.5,-2078.7,30.007,1.5391,3.4827,0.4887,0.002252,184.57,-21.778,10.422,29.278,31.225,0,0.495,0.12671,-0.1642
1112.1,-1223.3,30.077,0.95337,3.3134,0.053341,0.0004903,55.06,-19.269,2.4883,9.1254,3.9968,0,0.495,0.14258,-0.1602
1389.2,-1923.8,30.093,1.5861,3.2999,0.28794,0.0016146,136.53,-21.101,8.4843,21.99,20.291,0,0.495,0.12671,-0.16819
1120.7,-1262,30.177,1.3484,3.0215,0.038952,0.00033143,48.252,-19.263,2.8714,9.1655,2.9569,0,0.495,0.13463,-0.1722
1462,-1628,30.201,1.6445,2.9523,0.083301,0.00057146,71.143,-19.843,5.4743,12.224,7.0256,0,0.495,0.1267,-0.17618
1563.5,-1786.4,30.156,1.621,3.123,0.1594,0.0010387,98.8,-20.465,6.8807,16.332,12.224,0,0.495,0.1267,-0.17219
1019.6,-1136,30.204,1.3801,2.8804,0.022018,0.00021055,37.934,-18.763,2.0972,8.0808,1.7614,0,0.495,0.13463,-0.17619
773.06,-855.97,30.09,0.80708,3.0758,0.01131,0.00014915,27.089,-17.418,-1.5472,7.7559,2.3999,0,0.495,0.15063,-0.16401
592.38,-660.36,30.083,0.63184,2.9809,0.007464,0.00010257,19.954,-16.013,-2.7353,8.3633,3.2831,0,0.495,0.1586,-0.16398
824.57,-912.34,30.06,0.7456,3.1846,0.015544,0.00019732,31.54,-17.716,-0.63771,7.3343,2.4379,0,0.495,0.15063,-0.16002
209.23,-242.15,30.077,-0.015522,2.3747,0.0057214,5.5116e-05,5.181,-9.2871,-1.3447,7.727,3.4471,0,0.495,0.20649,-0.16823
210.91,-245.93,30.082,-0.10445,2.3113,0.0056718,5.4375e-05,4.3745,-8.499,-0.40625,6.9559,3.5687,0,0.495,0.21442,-0.16824
198.53,-232.52,30.116,0.020464,2.3235,0.0056969,5.6051e-05,4.7022,-9.4403,-0.42791,7.2026,3.1914,0,0.495,0.20649,-0.17223
205.01,-240.6,30.12,-0.070469,2.2599,0.0056522,5.4931e-05,3.9784,-8.6898,0.26686,6.5337,3.2354,0,0.495,0.21442,-0.17224
190.78,-224.48,30.161,-0.12581,2.1397,0.0056027,5.6143e-05,3.0348,-8.1735,2.0954,5.9077,3.3828,0,0.495,0.22236,-0.17624
203.18,-238.41,30.156,-0.038862,2.2072,0.0056344,5.5021e-05,3.612,-8.8629,0.38804,6.5079,2.9428,0,0.495,0.21442,-0.17623
195.17,-229.09,30.127,-0.15569,2.1885,0.0056169,5.5647e-05,3.3394,-7.9706,2.4267,5.8304,3.748,0,0.495,0.22236,-0.17225
206.08,-240.07,30.091,-0.18785,2.2365,0.005633,5.4427e-05,3.6828,-7.7495,2.0887,6.1647,4.1154,0,0.495,0.22236,-0.16825
191.46,-224.99,30.153,0.052964,2.2715,0.0056747,5.6754e-05,4.2572,-9.579,0.19177,7.054,2.9815,0,0.495,0.20649,-0.17622
233.74,-261.96,30.076,0.063813,2.4431,0.0057833,5.4531e-05,6.1965,-10.19,0.04865,8.2855,2.5971,0,0.495,0.19855,-0.16822
260.56,-287.34,30.032,0.024186,2.4967,0.005817,5.3493e-05,6.818,-10.063,-0.54485,9.0176,2.7175,0,0.495,0.19855,-0.16423
223.02,-256.09,30.035,-0.056361,2.4255,0.0057483,5.4057e-05,5.6961,-9.1203,-2.4401,8.4362,3.6486,0,0.495,0.20649,-0.16424
288.48,-312.15,29.985,-0.021381,2.5498,0.0058559,5.3618e-05,7.5128,-9.918,-1.2883,9.5407,2.8928,0,0.495,0.19855,-0.16024
350.47,-373.97,30.045,0.11768,2.5874,0.0059046,5.1701e-05,8.293,-11.092,1.0514,9.1982,1.3455,0,0.495,0.19059,-0.16418
239.69,-270.92,29.989,-0.10279,2.4754,0.0057792,5.3468e-05,6.273,-8.9346,-3.5656,9.0541,3.9009,0,0.495,0.20648,-0.16025
327.66,-354,30.088,0.15724,2.5242,0.0058631,5.0899e-05,7.6026,-11.176,1.6908,8.4012,1.3544,0,0.495,0.19059,-0.16818
208.71,-239.22,30.115,0.098387,2.3897,0.0057531,5.62e-05,5.6188,-10.303,0.2875,7.6742,2.4315,0,0.495,0.19855,-0.17221
288.04,-320.18,30.163,0.21858,2.3935,0.0057942,5.149e-05,6.3784,-11.308,1.3621,7.2757,1.2525,0,0.495,0.19059,-0.17616
306.4,-336.69,30.128,0.19035,2.4593,0.0058268,5.0929e-05,6.9725,-11.247,1.8853,7.6705,1.263,0,0.495,0.19059,-0.17217
188.4,-219.8,30.153,0.12928,2.3368,0.0057255,5.7956e-05,5.0771,-10.403,0.013941,7.4351,2.334,0,0.495,0.19855,-0.1762
221.14,-256.65,30.042,-0.14308,2.3615,0.0056935,5.3322e-05,4.8041,-8.2919,-1.4708,7.6402,3.8235,0,0.495,0.21442,-0.16425
240.77,-275.06,30.01,-0.26654,2.3291,0.0056719,5.1144e-05,4.4973,-7.2515,0.39732,7.4568,4.7313,0,0.495,0.22236,-0.16027
221.73,-256.65,30.052,-0.22455,2.2835,0.0056511,5.2791e-05,4.0666,-7.5105,1.338,6.7995,4.3955,0,0.495,0.22236,-0.16426
234.7,-268.98,29.997,-0.18748,2.4103,0.0057183,5.2293e-05,5.2829,-8.0652,-2.6796,8.2998,4.124,0,0.495,0.21442,-0.16026
111.78,-134.89,30.108,-0.55075,1.7818,0.0055446,7.2199e-05,1.9806,-4.7325,2.1546,3.2241,2.2571,0,0.495,0.27015,-0.16839
115.73,-139.46,30.126,-0.60185,1.695,0.0055389,6.8807e-05,1.9041,-4.4616,6.2025,2.9967,3.6974,0,0.495,0.27834,-0.16843
109.31,-132.95,30.134,-0.52255,1.7529,0.0055376,7.2509e-05,1.8346,-5.0375,2.7304,3.1656,2.1728,0,0.495,0.2702,-0.17244
108.73,-132.12,30.151,-0.57817,1.6681,0.0055324,7.0472e-05,1.7582,-4.7624,6.3235,2.8281,3.4567,0,0.495,0.27835,-0.17243
100.59,-119.53,30.197,-0.59612,1.5344,0.005524,7.1259e-05,1.5807,-4.8191,8.536,2.2172,3.7288,0,0.495,0.28633,-0.17642
114.48,-139.22,30.175,-0.55493,1.6395,0.0055266,6.9503e-05,1.6409,-5.0491,5.3847,3.0995,3.0896,0,0.495,0.27835,-0.17643
99.727,-118.09,30.177,-0.61698,1.556,0.0055298,7.0576e-05,1.7084,-4.5363,9.5014,2.1102,4.2379,0,0.495,0.28633,-0.17243
115.42,-135.74,30.155,-0.63922,1.5768,0.0055365,6.6909e-05,1.8695,-4.2379,9.2456,2.4968,4.5805,0,0.495,0.28633,-0.16844
116.15,-141.53,30.159,-0.49496,1.7221,0.0055314,7.0301e-05,1.7111,-5.323,2.6182,3.5884,2.0545,0,0.495,0.27021,-0.17647
96.677,-112.02,30.106,-0.50899,1.853,0.0055562,8.0687e-05,2.1564,-5.059,-1.102,3.6272,0.42932,0,0.495,0.26205,-0.1683
108.67,-125.17,30.078,-0.5419,1.8795,0.0055655,7.575e-05,2.3645,-4.752,-2.0047,4.1957,0.59791,0,0.495,0.26205,-0.16431
122.07,-145.97,30.081,-0.58275,1.8091,0.0055524,6.9758e-05,2.1549,-4.4176,1.022,3.6114,2.2726,0,0.495,0.27011,-0.16436
139.36,-157.18,30.055,-0.53788,1.9535,0.0055986,6.7436e-05,3.0808,-4.8638,-3.3614,5.818,0.56622,0,0.495,0.2541,-0.16031
124.75,-141.77,30.046,-0.58066,1.9053,0.0055758,7.0575e-05,2.6043,-4.4264,-3.132,4.809,0.88178,0,0.495,0.26205,-0.16032
120.23,-138.23,30.09,-0.50042,1.922,0.005586,7.268e-05,2.7907,-5.182,-2.5564,5.0397,0.19318,0,0.495,0.2541,-0.1643
105.59,-122.57,30.121,-0.46894,1.8897,0.0055749,7.7939e-05,2.5392,-5.4858,-2.1049,4.2784,-0.090868,0,0.495,0.2541,-0.16829
137.97,-162.05,30.051,-0.62058,1.8349,0.0055613,6.6351e-05,2.3633,-4.0885,-0.40022,4.0441,2.3701,0,0.495,0.2701,-0.16037
89.784,-105.12,30.132,-0.48008,1.8263,0.0055477,8.4011e-05,1.9742,-5.3524,-0.70755,3.3933,0.25554,0,0.495,0.26206,-0.1723
87.766,-104.36,30.175,-0.41572,1.824,0.0055555,8.4472e-05,2.1213,-6.0452,-3.3285,3.9217,-0.69403,0,0.495,0.2541,-0.17628
94.975,-111.74,30.149,-0.44162,1.857,0.0055647,8.2186e-05,2.3182,-5.7733,-2.2855,3.8319,-0.40689,0,0.495,0.2541,-0.17228
88.934,-104.92,30.157,-0.45219,1.7994,0.00554,8.4657e-05,1.8137,-5.6317,-0.96339,3.6856,0.12128,0,0.495,0.26206,-0.17629
133.85,-159.55,30.1,-0.6299,1.7203,0.0055464,6.5317e-05,2.0835,-4.147,5.2399,3.4345,3.7799,0,0.495,0.27834,-0.16444
176.44,-205.01,30.103,-0.7018,1.6177,0.0055523,5.738e-05,2.2938,-3.5979,6.6106,3.6411,4.8034,0,0.495,0.28633,-0.16046
143.44,-168.15,30.13,-0.66679,1.5972,0.0055439,6.1975e-05,2.0656,-3.9255,8.11,3.106,4.7046,0,0.495,0.28633,-0.16445
158.47,-185.86,30.071,-0.6647,1.7442,0.005555,6.1332e-05,2.2992,-3.8161,3.8145,3.8503,3.8663,0,0.495,0.27834,-0.16045
55.373,-63.552,30.256,-0.7357,1.1434,0.0055019,9.0527e-05,1.1124,-4.0524,9.646,0.42792,3.0778,0,0.495,0.34191,-0.17248
51.588,-66.717,30.224,-0.73579,1.2456,0.0055027,9.4245e-05,1.1205,-4.0086,6.6887,0.32528,3.5282,0,0.495,0.33397,-0.17248
88.815,-102.71,30.243,-0.75584,1.1454,0.0055053,7.8272e-05,1.2129,-3.7988,7.5393,1.301,2.9613,0,0.495,0.34191,-0.16849
73.377,-92.765,30.21,-0.75829,1.2513,0.005506,8.4354e-05,1.2091,-3.7417,5.1338,0.9021,3.4976,0,0.495,0.33397,-0.16849
34.336,-34.357,30.288,-0.71591,1.0318,0.0054982,0.00010094,1.0181,-4.3591,11.643,-0.36098,3.4366,0,0.495,0.34985,-0.17648
36.839,-42.248,30.266,-0.72447,1.1412,0.0054989,0.00010018,1.0374,-4.3062,10.461,-0.25915,3.0498,0,0.495,0.34191,-0.17647
62.462,-66.942,30.279,-0.72668,1.0301,0.0055013,8.8431e-05,1.1052,-4.128,9.8119,0.74429,3.34,0,0.495,0.34985,-0.17249
99.277,-111.38,30.265,-0.74883,1.0291,0.0055047,7.5869e-05,1.2091,-3.8866,7.0215,1.8413,3.1966,0,0.495,0.34985,-0.1685
44.352,-56.152,30.235,-0.71922,1.2393,0.0054999,9.9631e-05,1.0579,-4.2839,7.0606,0.026145,3.4765,0,0.495,0.33397,-0.17647
44.876,-52.777,30.183,-0.75654,1.3347,0.0055081,0.00012267,1.2055,-3.767,-1.5854,1.1719,0.46193,0,0.495,0.32603,-0.16848
61.947,-70.662,30.166,-0.78882,1.3412,0.0055116,0.00010324,1.2987,-3.4935,-3.1703,1.8493,0.57028,0,0.495,0.32603,-0.16449
101.41,-124.27,30.194,-0.78998,1.2559,0.0055096,7.5141e-05,1.3125,-3.4797,3.2158,1.4929,3.285,0,0.495,0.33397,-0.16449
32.382,-23.988,30.158,-0.82107,1.3626,0.005523,0.00010838,1.4995,-3.2579,-11.229,3.3965,-2.9819,0,0.495,0.31809,-0.16049
78.328,-87.465,30.146,-0.82955,1.347,0.0055151,9.0266e-05,1.3952,-3.2094,-4.3773,2.2742,0.83269,0,0.495,0.32603,-0.1605
22.966,-15.052,30.182,-0.78007,1.3508,0.0055193,0.00012484,1.404,-3.5533,-10.141,2.7675,-3.3943,0,0.495,0.31809,-0.16448
123.3,-147.49,30.176,-0.83008,1.2597,0.0055132,6.9456e-05,1.4133,-3.2099,1.8611,1.8335,3.1581,0,0.495,0.33397,-0.1605
16.189,-9.2296,30.203,-0.74783,1.3384,0.0055158,0.00014704,1.3154,-3.8366,-8.7543,1.8341,-3.6539,0,0.495,0.31809,-0.16847
122.57,-141.85,30.225,-0.78726,1.1474,0.0055089,6.9383e-05,1.3208,-3.546,5.272,2.0524,2.5941,0,0.495,0.34191,-0.1645
141.55,-162.78,30.224,-0.82479,1.0328,0.0055105,6.5372e-05,1.3789,-3.3868,3.5029,3.0453,2.6548,0,0.495,0.34985,-0.16052
129.12,-148.45,30.246,-0.78302,1.0301,0.0055078,6.7928e-05,1.3076,-3.6346,4.5615,2.6443,2.87,0,0.495,0.34985,-0.16451
143.16,-164.26,30.206,-0.82727,1.1497,0.0055122,6.521e-05,1.414,-3.2884,3.9202,2.4634,2.3094,0,0.495,0.34191,-0.16051
33.523,-39.895,30.196,-0.73244,1.3273,0.0055049,0.00014282,1.1254,-4.0385,-0.44885,0.55161,0.30666,0,0.495,0.32603,-0.17247
9.402,-1.3625,30.232,-0.70433,1.3116,0.0055088,0.00017865,1.1685,-4.3761,-8.2153,0.47074,-4.168,0,0.495,0.31809,-0.17645
12.292,-5.5845,30.219,-0.72382,1.3253,0.0055123,0.00016781,1.2372,-4.1117,-7.877,0.92584,-3.9534,0,0.495,0.31809,-0.17246
30.14,-34.256,30.208,-0.71289,1.3198,0.0055018,0.0001546,1.0626,-4.3095,-0.4308,0.30721,0.1983,0,0.495,0.32603,-0.17646
51.833,-59.872,30.26,-0.77866,0.89761,0.0054866,0.00010632,0.81148,-4.2364,-3.7744,2.4043,-0.15662,0,0.495,0.38953,-0.16453
46.528,-54.46,30.276,-0.74007,0.89938,0.0054858,0.00011679,0.78915,-4.4225,-3.3913,1.9106,-0.4545,0,0.495,0.38953,-0.16852
-12.508,9.5342,30.254,-0.82664,0.91059,0.00549,0.00014549,0.83227,-3.942,-10.94,3.4985,-4.4796,0,0.495,0.38159,-0.16054
47.119,-55.456,30.242,-0.81382,0.89334,0.0054872,0.00010991,0.81643,-4.0543,-2.0066,2.3163,0.35507,0,0.495,0.38953,-0.16054
-19.348,17.794,30.277,-0.78669,0.9102,0.0054895,0.00014194,0.82524,-4.135,-12.494,3.4878,-4.9408,0,0.495,0.38159,-0.16453
-19.027,20.647,30.299,-0.74644,0.90797,0.0054888,0.00015796,0.80555,-4.3252,-11.913,2.7468,-5.2587,0,0.495,0.38159,-0.16852
31.575,-38.954,30.289,-0.7098,0.90164,0.0054847,0.00015058,0.7523,-4.602,-1.3397,0.91548,-0.69134,0,0.495,0.38953,-0.17252
-5.2721,10.813,30.327,-0.69669,0.90049,0.005487,0.00023322,0.75554,-4.6961,-7.3135,-0.16276,-5.7079,0,0.495,0.38159,-0.1765
-12.64,18.118,30.316,-0.71526,0.90484,0.005488,0.00019317,0.77919,-4.5128,-9.755,1.4248,-5.596,0,0.495,0.38159,-0.17251
19.532,-24.043,30.298,-0.6904,0.90318,0.0054833,0.00020099,0.71105,-4.7777,0.74164,-0.15016,-0.70924,0,0.495,0.38953,-0.17651
33879,-16413,5.927,2.6095,-2.7629,9.9983,0.0047587,1972.5,-10.005,-213.02,351.08,73.273,0,0.495,0.015463,-0.19609
1.6496e+05,-37535,5.9871,1.5646,-4.302,8.39,0.0025224,2696.1,-7.9403,153.4,171.17,-1597.3,0,0.495,0.007534,-0.19609
1.1386e+05,-23667,6.1189,0.88804,-5.915,8.2578,0.00077207,3395.9,-10.612,642.9,33.203,-3237.1,0,0.495,0,-0.19205
59547,-20371,5.6588,1.4372,-5.0293,8.9278,0.0027677,2706,-11.329,194.72,30.746,-1639.1,0,0.495,0.0075395,-0.19205
3.0513e+05,-51076,6.3957,1.0145,-5.0785,7.8969,0.00074717,3323.5,-6.9103,515.8,161.2,-3196.4,0,0.495,0,-0.19609
10989,-13240,5.2566,2.4796,-3.293,10.377,0.0058312,1819,-13.271,-244.48,92.586,9.8863,0,0.495,0.015468,-0.19205
43914,-11855,7.1117,3.494,-1.3328,12.496,0.0057469,1911.1,-12.478,-177.28,547.76,236.16,0,0.495,0.023391,-0.1961
24199,-5126.1,7.4408,4.0806,-0.36166,15.023,0.0080587,1731.1,-18.508,-172.97,413.17,305.25,0,0.495,0.031323,-0.19207
40058,-4328.4,9.6556,4.1522,-0.23508,15.805,0.0060661,2086.2,-15.28,-106.01,744.21,401.72,0,0.495,0.03132,-0.19611
19816,-8992.6,5.7717,3.3761,-1.7055,12.217,0.0075509,1614.5,-15.703,-218.91,224.08,140.18,0,0.495,0.023396,-0.19206
-6094.8,-6220.2,28.694,3.5623,1.6178,3.0121,0.0039906,699.8,-18.808,35.307,182.54,150.31,0,0.495,0.079127,-0.19611
-13254,-5062.6,27.122,3.9514,1.4985,6.3416,0.0055408,1090.7,-19.525,42.98,329.11,249.22,0,0.495,0.071167,-0.1961
-9222.3,-2989,22.577,4.5185,1.8254,15.146,0.008796,1676.4,-22.165,21.464,541.59,431.69,0,0.495,0.063063,-0.19209
-19372,-3715.4,25.629,4.1734,1.9442,9.9084,0.0072444,1328.9,-21.58,36.292,410.37,327.24,0,0.495,0.07117,-0.19207
-24220,-6125.9,24.682,4.2984,1.3444,10.938,0.0071296,1495.2,-19.655,42.429,483.03,355.94,0,0.495,0.063079,-0.19613
-10818,-6020.6,27.789,3.7664,2.0004,5.317,0.0053657,938.16,-20.184,38.161,268.27,217.84,0,0.495,0.079133,-0.19208
-1139.7,-4107.9,29.573,3.1803,1.7472,1.1888,0.0026841,395.31,-18.887,21.812,90.099,77.388,0,0.495,0.087057,-0.19612
-741.83,-3909.3,29.795,2.9209,2.127,0.84483,0.0023497,309.96,-19.29,18.19,67.562,59.097,0,0.495,0.094991,-0.19211
1435.1,-3306,29.983,2.7969,1.88,0.40422,0.0015015,202.28,-18.482,9.8676,36.018,34.621,0,0.495,0.094985,-0.19613
-4315.7,-4491.5,29.122,3.3422,2.0576,2.3283,0.0037141,577.43,-20.039,29.025,147.21,123.45,0,0.495,0.087063,-0.1921
454.77,-610.04,30.328,1.255,2.2538,0.0067726,6.3814e-05,16.293,-15.919,-1.5326,8.1245,2.9646,0,0.495,0.14258,-0.19614
598.13,-752.53,30.318,1.4249,2.2545,0.007483,7.5248e-05,20.322,-16.496,-4.1242,7.6049,2.3047,0,0.495,0.13463,-0.19617
1006.6,-1135.6,30.29,1.6403,2.3444,0.010409,0.00010738,29,-17.633,-2.6066,5.6914,1.2878,0,0.495,0.1267,-0.19216
656.64,-757.37,30.292,1.4206,2.3756,0.0076591,8.6566e-05,21.999,-16.941,-1.8627,7.0805,1.7605,0,0.495,0.13463,-0.19217
879.64,-1092.7,30.309,1.6359,2.1976,0.009624,9.1447e-05,26.495,-17.081,-7.5986,6.2406,1.7369,0,0.495,0.1267,-0.19619
528.04,-615.75,30.296,1.2384,2.3626,0.0068231,7.1475e-05,17.54,-16.252,-0.68882,8.0481,2.6635,0,0.495,0.14258,-0.19214
445.51,-552.81,30.341,1.0841,2.2252,0.0063471,5.2632e-05,13.048,-15.219,-4.4109,8.5931,3.0674,0,0.495,0.15063,-0.19595
407.01,-482.75,30.313,0.88303,2.3192,0.0061579,5.1501e-05,11.212,-14.659,-5.9094,8.4481,2.8612,0,0.495,0.1586,-0.19193
382.38,-484.37,30.349,0.91717,2.2237,0.0061158,4.8035e-05,10.387,-14.458,-7.4141,8.0223,2.7439,0,0.495,0.1586,-0.19592
502.7,-578.66,30.305,1.0565,2.3294,0.0064097,5.7373e-05,14.151,-15.479,-3.3279,8.7394,3.0705,0,0.495,0.15063,-0.19196
169.17,-210.68,30.339,0.2121,2.0122,0.0056072,5.8733e-05,2.8024,-10.165,1.0964,5.773,1.7635,0,0.495,0.2065,-0.1963
141.61,-190.44,30.341,0.29199,2.079,0.005636,6.0774e-05,3.2399,-10.81,-3.286,6.132,1.789,0,0.495,0.19854,-0.19622
194.25,-243.59,30.307,0.33851,2.1373,0.0057019,5.5416e-05,4.4938,-11.441,-7.9973,8.2348,1.2969,0,0.495,0.19059,-0.19214
147.3,-191.6,30.304,0.25844,2.1337,0.005647,5.99e-05,3.4654,-10.715,-4.0243,7.7542,2.0104,0,0.495,0.19855,-0.19218
173.99,-225.68,30.344,0.379,2.0729,0.0056905,5.6072e-05,4.2235,-11.466,-8.9505,6.939,1.2204,0,0.495,0.19058,-0.19616
187.32,-225.54,30.303,0.17914,2.0646,0.0056146,5.5994e-05,2.9723,-10.028,0.48014,7.378,2.0566,0,0.495,0.20649,-0.19222
179.52,-222.05,30.338,0.13373,1.9415,0.0055814,5.6843e-05,2.4177,-9.5606,-0.63863,5.4749,1.7916,0,0.495,0.21444,-0.19632
193.45,-235.21,30.306,0.0093535,1.938,0.0055668,5.4672e-05,2.2188,-8.8377,-1.5154,6.4531,2.3325,0,0.495,0.22236,-0.19224
187.56,-223.74,30.34,0.046762,1.8828,0.0055625,5.6584e-05,2.1073,-9.0145,-0.40247,4.8756,2.1246,0,0.495,0.22238,-0.19633
193.82,-233.07,30.303,0.095644,1.9953,0.0055872,5.5019e-05,2.5601,-9.4129,-1.233,7.0072,2.015,0,0.495,0.21443,-0.19223
103.48,-119.76,30.309,-0.32089,1.574,0.0055119,7.7401e-05,1.2539,-6.6636,3.6474,2.7005,1.5591,0,0.495,0.27013,-0.1967
67.464,-73.993,30.304,-0.29075,1.6694,0.0055147,8.9166e-05,1.2614,-6.9355,-0.81126,2.4593,-0.22967,0,0.495,0.26209,-0.19645
51.601,-72.991,30.298,-0.2746,1.6932,0.0055288,8.2e-05,1.5439,-6.9851,-10.966,5.3256,-1.4862,0,0.495,0.25411,-0.19228
80.427,-92.792,30.279,-0.3201,1.6959,0.0055179,8.1975e-05,1.3378,-6.6813,-1.9704,4.4807,-0.058458,0,0.495,0.26206,-0.19234
55.469,-68.396,30.327,-0.23353,1.6568,0.0055252,8.6469e-05,1.4576,-7.2239,-10.052,3.6522,-1.8368,0,0.495,0.25413,-0.19638
132.9,-150.65,30.284,-0.3552,1.5973,0.0055144,6.7913e-05,1.3287,-6.4074,2.3194,4.7202,1.6083,0,0.495,0.27014,-0.19266
139.1,-163.7,30.316,-0.35648,1.4871,0.0055093,6.5767e-05,1.2467,-6.3516,-0.4539,2.5998,2.2432,0,0.495,0.27825,-0.1966
161.18,-188.45,30.306,-0.45388,1.4329,0.0055085,6.0679e-05,1.2545,-5.8626,-0.034245,4.8373,2.4594,0,0.495,0.2863,-0.19246
146.3,-165.18,30.334,-0.40771,1.4028,0.0055063,6.4935e-05,1.1842,-6.1089,1.1829,3.3682,2.8825,0,0.495,0.28623,-0.19658
158.48,-182.63,30.291,-0.40535,1.5139,0.0055115,6.2075e-05,1.3148,-6.104,-1.5482,4.4276,2.0405,0,0.495,0.27831,-0.1925
95.077,-112.62,30.319,-0.5641,1.1819,0.0054913,7.9857e-05,0.90633,-5.437,1.7139,1.9541,2.8418,0,0.495,0.33398,-0.19661
41.959,-39.681,30.294,-0.55416,1.2666,0.005491,0.0001098,0.85637,-5.5114,-5.2129,1.6218,-0.71791,0,0.495,0.32604,-0.1966
-20.566,43.098,30.304,-0.5703,1.2485,0.005497,0.00012222,0.95499,-5.3648,-17.657,4.1225,-4.9769,0,0.495,0.31809,-0.19248
51.252,-48.512,30.274,-0.59235,1.2795,0.0054926,0.00010523,0.9008,-5.2712,-6.0328,2.8611,-0.42961,0,0.495,0.32603,-0.19249
-21.339,35.067,30.33,-0.522,1.2317,0.0054955,0.00012746,0.91781,-5.6103,-16.019,3.4104,-5.3825,0,0.495,0.3181,-0.19659
109.3,-130.54,30.298,-0.60525,1.1925,0.0054928,7.3531e-05,0.95641,-5.2137,1.0869,3.1297,2.6628,0,0.495,0.33397,-0.1925
111.67,-129.34,30.341,-0.57493,1.0947,0.0054911,7.3531e-05,0.9259,-5.4115,0.17972,2.5981,1.5721,0,0.495,0.34191,-0.19662
120.44,-136.29,30.326,-0.63815,1.0173,0.0054911,7.1876e-05,0.92516,-5.2104,0.63893,3.0519,1.1898,0,0.495,0.34985,-0.19251
115.59,-127.48,30.349,-0.59043,1.008,0.0054897,7.3688e-05,0.8911,-5.4336,0.82089,3.1546,1.1668,0,0.495,0.34985,-0.19663
127.84,-145.17,30.319,-0.62449,1.1037,0.0054924,6.9708e-05,0.96531,-5.1905,-0.40178,3.3901,1.3122,0,0.495,0.34191,-0.19251
16.243,-8.7759,30.328,-0.61161,0.91854,0.0054774,0.00014716,0.60494,-5.6351,-7.3832,1.3065,-1.2699,0,0.495,0.38954,-0.19674
-37.9,64.133,30.341,-0.64537,0.88277,0.0054812,0.00021762,0.65668,-5.3974,-16.286,2.028,-5.5966,0,0.495,0.3816,-0.19258
13.404,-7.1971,30.315,-0.64615,0.91941,0.0054782,0.00017901,0.61733,-5.4597,-5.1116,0.93241,-0.63203,0,0.495,0.38954,-0.19259
-51.898,69.056,30.36,-0.59904,0.87805,0.0054803,0.00018008,0.64106,-5.5694,-17.471,3.3471,-5.8743,0,0.495,0.3816,-0.19672
49403,-61611,10.633,-4.8792,-2.0336,24.909,0.01515,1185.5,42.964,-100.13,-21.537,36.182,0,0.495,0.015712,-0.007981
30333,-47821,11.044,-6.9515,-1.692,23.629,0.016074,980.99,28.44,-124.23,-28.114,37.077,0,0.495,0.023633,-0.007981
39534,-53575,10.506,-4.6115,-2.9926,24.935,0.015944,1177.9,40.145,-132.91,-27.422,32.738,0,0.495,0.015712,-0.011971
20951,-39902,10.886,-6.5756,-2.4889,23.896,0.017085,972.4,25.911,-166.03,-37.099,34.838,0,0.495,0.023633,-0.011971
7810.2,-14692,11.005,-7.6742,-2.5617,22.844,0.021257,888.08,9.3412,-226.6,-53.177,26.976,0,0.495,0.031551,-0.015962
15334,-30898,10.695,-6.1382,-3.2358,24.114,0.018508,959.22,22.426,-196.96,-42.341,31.109,0,0.495,0.023633,-0.015962
10707,-22791,11.229,-8.2279,-1.9769,22.423,0.019414,899.31,12.375,-191.61,-46.161,29.129,0,0.495,0.031551,-0.011971
15414,-30173,11.412,-8.699,-1.3465,21.952,0.01814,904.93,14.599,-142.87,-34.648,29.864,0,0.495,0.031551,-0.007981
32382,-44140,10.353,-4.3061,-3.8919,24.895,0.017082,1167.7,36.222,-157.96,-30.612,27.805,0,0.495,0.015712,-0.015962
4097.8,-1.2652e+05,10.453,-2.8479,-2.3494,20.636,0.0084002,2958.7,59.396,94.177,-13.89,-1234.1,0,0.495,0.0077878,-0.007981
60387,-1.3456e+05,10.512,-2.9796,-1.2189,20.707,0.0081482,2966.5,60.958,43.358,-9.3851,-1228,0,0.495,0.0077879,-0.0039907
60296,-67966,10.717,-5.0789,-1.0389,24.865,0.014599,1190.4,44.4,-57.322,-13.417,39.714,0,0.495,0.015713,-0.0039907
-65478,-1.9926e+05,10.593,-2.0626,0.72713,16.156,0.0019049,4596.9,70.158,72.494,-13.564,2471.4,0,0.495,0,0
3611.8,-1.374e+05,10.537,-3.0361,0.65606,20.737,0.0080364,2969.9,61.314,20.441,-16.491,1227,0,0.495,0.0077895,0
50478,-1.964e+05,10.573,-2.0153,-1.309,16.117,0.0018978,4591.7,69.82,137.89,-4.7205,-2473.7,0,0.495,0,-0.0039907
-56160,-1.8686e+05,10.528,-1.913,-2.4939,16.034,0.0018794,4580.1,68.207,274.71,-6.2812,-2482.7,0,0.495,0,-0.007981
62135,-70662,10.75,-5.1575,0.536,24.846,0.014376,1192.3,44.773,-33.117,-17.141,-39.056,0,0.495,0.015714,0
-15916,-1.1873e+05,10.359,-2.6863,-3.4554,20.533,0.0087471,2949,56.227,150.39,-16.846,-1242.4,0,0.495,0.0077878,-0.011971
-11225,-1.0776e+05,10.249,-2.5105,-4.4938,20.383,0.009256,2937.3,51.812,206.11,-17.986,-1252.6,0,0.495,0.0077877,-0.015962
-69449,-1.6697e+05,10.362,-1.6811,-4.7753,15.819,0.0018172,4549.3,60.198,548.34,-5.5883,-2511.7,0,0.495,0,-0.015962
-87953,-1.7931e+05,10.451,-1.7986,-3.6692,15.935,0.0018507,4566,64.87,414.91,-6.7129,-2495.9,0,0.495,0,-0.011971
41610,-53970,11.148,-7.2208,-0.86321,23.398,0.015412,985.49,29.836,-68.684,-16.228,40.176,0,0.495,0.023633,-0.0039907
27996,-37968,11.579,-9.1496,0.34977,21.401,0.017107,906.22,16.255,-41.65,-16.792,-30.671,0,0.495,0.031553,0
22835,-35791,11.534,-9.0284,-0.68591,21.559,0.017369,906.29,15.853,-78.186,-19.545,32.468,0,0.495,0.031551,-0.0039907
44660,-56457,11.187,-7.3223,0.44281,23.304,0.01516,986.9,30.266,-37.102,-16.671,-38.933,0,0.495,0.023635,0
-1008.8,794.52,14.168,-13.223,0.068185,18.587,0.020641,900.29,-23.961,-216.74,-53.538,37.905,0,0.495,0.079185,-0.007981
-1022.3,32.725,14.693,-13.33,0.20163,18.142,0.01986,913.25,-23.049,-227.03,-55.192,39.526,0,0.495,0.087109,-0.007981
-4588.9,3982.6,13.928,-12.308,0.14506,20.316,0.02241,906.59,-25.231,-268.88,-59.958,43.332,0,0.495,0.079185,-0.011971
-3831.2,2549.8,14.452,-12.358,0.33785,20.01,0.021737,920.59,-24.169,-277.07,-56.66,45.155,0,0.495,0.087109,-0.011971
-3841.2,2283.2,14.797,-11.2,0.69198,21.078,0.022653,930.68,-23.421,-298.81,-39.726,52.563,0,0.495,0.095032,-0.015962
-6049.4,4409.2,14.235,-11.292,0.49923,21.527,0.023491,916.64,-25.508,-295.01,-49.186,52.4,0,0.495,0.087109,-0.015962
-2509.7,844.56,14.989,-12.31,0.48797,19.511,0.020898,933.66,-22.183,-283.87,-54.051,44.993,0,0.495,0.095032,-0.011971
-395.71,-1184.6,15.232,-13.331,0.30465,17.542,0.018958,925.02,-21.148,-235.91,-58.044,39.476,0,0.495,0.095032,-0.007981
-7583.9,6489.9,13.688,-11.293,0.25053,21.752,0.024117,902.11,-26.742,-290.41,-58.45,49.79,0,0.495,0.079185,-0.015962
-357.29,797.3,13.657,-12.979,-0.091529,18.911,0.021308,887.37,-22.992,-204.86,-51.593,37.972,0,0.495,0.07125,-0.007981
2120.5,-2375.8,13.837,-13.591,-0.05812,17.546,0.020023,876.21,-22.065,-115.93,-30.872,39.024,0,0.495,0.071251,-0.0039907
1486.9,-1870.3,14.36,-13.891,0.022094,17.032,0.019192,887.33,-23.087,-124.38,-33.425,38.814,0,0.495,0.079186,-0.0039908
2678.4,-5880.1,13.396,-13.319,0.079108,17.548,0.020378,861.19,-18.742,-57.166,-17.037,-32.924,0,0.495,0.063309,0
3064,-3905.8,13.906,-13.818,0.032959,16.987,0.019521,870.29,-21.67,-62.251,-17.606,-35.281,0,0.495,0.071249,0
2256,-4261.9,13.333,-13.114,-0.15098,18.016,0.0208,866.1,-19.141,-107.16,-28.76,36.4,0,0.495,0.063309,-0.0039906
720.86,-624.98,13.164,-12.561,-0.27839,19.174,0.021899,875.47,-20.128,-191.66,-49.715,35.041,0,0.495,0.063309,-0.007981
2874.3,-3290.1,14.437,-14.141,-0.006943,16.385,0.018615,880.32,-22.701,-67.364,-18.854,-34.779,0,0.495,0.079187,0
-4652,4706.7,13.417,-12.13,-0.091488,20.464,0.022922,892.78,-24.399,-258.6,-61.646,42.651,0,0.495,0.07125,-0.011971
-7693.7,8096.6,12.66,-10.897,-0.43085,21.675,0.024784,874.69,-23.633,-275.1,-68.735,42.296,0,0.495,0.063309,-0.015962
-3273.8,3977.1,12.929,-11.783,-0.37215,20.514,0.023317,879.8,-21.688,-246.02,-62.41,38.787,0,0.495,0.063309,-0.011971
-8448.5,7975.8,13.158,-11.175,-0.058993,21.78,0.02453,888.06,-26.107,-284.04,-64.594,47.678,0,0.495,0.07125,-0.015962
1121.2,-2073.9,14.901,-14.051,0.090757,16.421,0.018276,898.29,-22.341,-132.22,-36.28,40.588,0,0.495,0.087109,-0.0039908
2423.2,-3911.5,15.556,-14.395,-0.067795,14.884,0.016571,898.27,-20.141,-76.893,-22.859,-36.47,0,0.495,0.095034,0
1051.2,-2827.5,15.459,-14.1,0.14319,15.684,0.017269,907.88,-20.482,-139.2,-40.098,40.779,0,0.495,0.095032,-0.0039908
2615.2,-3325.6,14.987,-14.324,-0.041258,15.692,0.017632,890.03,-21.991,-72.362,-20.434,-36.368,0,0.495,0.087111,0
-151.65,-6407.7,18.803,-12.07,0.66817,11.468,0.012202,938.79,-0.8131,-247.22,-106.43,46.833,0,0.495,0.14258,-0.007981
-358.35,-7279.1,19.469,-11.689,0.723,10.255,0.011009,930.27,2.9123,-238.42,-114.22,50.033,0,0.495,0.15056,-0.0079811
-664.19,-4804.7,18.405,-11.003,1.0015,13.336,0.01401,951.37,-2.0068,-284.48,-77.544,49.33,0,0.495,0.14258,-0.011971
-948.82,-5538.2,19.041,-10.662,1.0754,12.005,0.012734,942.16,1.6742,-274.06,-86.018,53.451,0,0.495,0.15056,-0.011971
1148.8,-4871.4,19.453,-9.2418,1.4986,11.891,0.012734,933.23,3.9987,-268.71,-42.32,59.723,0,0.495,0.15857,-0.015962
1766.5,-4058.7,18.8,-9.5743,1.4147,13.353,0.014099,946.57,0.26781,-282.78,-33.707,55.096,0,0.495,0.15056,-0.015962
-1159.6,-6463,19.719,-10.274,1.1458,10.628,0.011427,929.37,5.4469,-259.73,-92.147,56.968,0,0.495,0.15857,-0.011971
-487.23,-8317.8,20.164,-11.247,0.77503,9.0274,0.0098182,918.2,6.7159,-225.77,-118.39,51.827,0,0.495,0.15857,-0.0079812
1941.7,-3440.5,18.197,-9.8739,1.327,14.75,0.015422,956.03,-3.3589,-293.02,-25.026,50.934,0,0.495,0.14258,-0.015962
167.88,-5615.4,18.16,-12.402,0.61439,12.657,0.013391,944.28,-4.6004,-252.34,-96.625,45.234,0,0.495,0.13465,-0.007981
734.05,-6881.6,18.565,-13.269,0.30357,10.638,0.011556,919.36,-3.6949,-155.98,-74.855,47.617,0,0.495,0.13465,-0.003991
715.57,-7819.8,19.245,-12.922,0.33268,9.5331,0.010417,913.69,0.14887,-153.58,-82.037,48.083,0,0.495,0.14259,-0.0039911
2390.1,-7141.9,18.071,-13.901,-0.1356,10.803,0.011898,907.86,-6.9816,-88.841,-40.124,-41.71,0,0.495,0.12673,0
2295.8,-8037.8,18.754,-13.618,-0.15038,9.7079,0.010735,904.1,-3.2496,-89.324,-45.243,-43.162,0,0.495,0.13465,0
896.21,-6079.7,17.902,-13.554,0.2754,11.743,0.012717,922.37,-7.3943,-156.03,-66.731,45.941,0,0.495,0.12673,-0.0039909
409.82,-4925.6,17.54,-12.684,0.56166,13.805,0.014571,946.61,-8.2372,-254.12,-86.229,43.182,0,0.495,0.12672,-0.007981
2428.6,-9076.8,19.452,-13.266,-0.16588,8.6358,0.0096143,897.98,0.62235,-88.332,-49.673,-43.214,0,0.495,0.14259,0
-255.91,-4138.4,17.8,-11.309,0.92824,14.615,0.015261,957.28,-5.7297,-291.24,-68.66,47.32,0,0.495,0.13465,-0.011971
1812.6,-2414.7,17.056,-10.406,1.1515,17.342,0.018006,962.99,-10.524,-303.62,-15.731,49.266,0,0.495,0.12672,-0.015962
-22.574,-3536.3,17.216,-11.579,0.8558,15.825,0.016486,959.59,-9.3024,-294.72,-60.935,45.66,0,0.495,0.12672,-0.011971
1927.9,-2907.3,17.62,-10.151,1.2388,16.085,0.016722,961.65,-7.0183,-299.81,-18.532,49.572,0,0.495,0.13465,-0.015962
628.28,-8834.8,19.938,-12.511,0.3628,8.4481,0.0093137,905.4,3.9068,-148.55,-87.316,49.73,0,0.495,0.15056,-0.0039918
2855.1,-11354,20.868,-12.343,-0.19777,6.6419,0.0075577,878.42,8.2155,-81.366,-53.959,-43.213,0,0.495,0.15856,0
855.09,-9957.3,20.645,-12.026,0.39131,7.3966,0.0082575,893.99,7.7262,-140.78,-89.628,49.489,0,0.495,0.15857,-0.0039922
2397.6,-10178,20.157,-12.845,-0.18224,7.6089,0.0085502,889.57,4.392,-85.727,-52.853,-44.262,0,0.495,0.15056,0
1098.6,-11491,24.333,-7.6503,0.88476,3.1439,0.0040131,781.83,22.463,-106.84,-63.582,50.448,0,0.495,0.20646,-0.0079814
1637.2,-10511,24.922,-7.0116,0.84574,2.599,0.0034589,749.94,23.122,-88.063,-49.204,45.887,0,0.495,0.21439,-0.0079814
673.48,-10349,24.094,-7.1439,1.2871,3.4801,0.0043895,791.17,21.607,-126.87,-53.64,60.626,0,0.495,0.20646,-0.011971
1100.3,-9508,24.735,-6.5787,1.2269,2.7925,0.0036728,758.69,22.362,-106.87,-43.212,55.321,0,0.495,0.21438,-0.011971
3871.8,-7540.3,25.252,-5.6137,1.4807,2.3503,0.0032336,725.24,21.717,-93.277,-16.921,57.309,0,0.495,0.22234,-0.015962
4109.1,-8684.1,24.622,-6.0931,1.5778,2.9711,0.0039012,759.8,21.403,-111.4,-20.854,61.326,0,0.495,0.21438,-0.015962
1505.4,-8303.6,25.34,-6.0284,1.1559,2.262,0.0031167,724.27,22.566,-87.748,-33.566,52.056,0,0.495,0.22234,-0.011971
2719.9,-9266.9,25.477,-6.3864,0.79912,2.1635,0.0030169,715.85,23.246,-69.758,-35.312,43.274,0,0.495,0.22234,-0.0079815
3567.3,-9351.2,23.951,-6.5872,1.6596,3.7967,0.004777,793.02,20.537,-131.52,-26.41,67.706,0,0.495,0.20646,-0.015962
577.58,-12019,23.678,-8.3174,0.91066,3.844,0.0047162,813.24,21.202,-127.77,-78.335,53.576,0,0.495,0.19864,-0.0079813
4619.4,-13271,23.976,-8.7662,0.46825,3.3836,0.0042408,796.41,21.94,-77.524,-56.225,44.462,0,0.495,0.19864,-0.0039926
5444.1,-12533,24.568,-8.0292,0.45592,2.8649,0.0037288,767.17,23.093,-63.769,-44.259,41.561,0,0.495,0.20646,-0.0039921
7094.6,-14374,23.52,-9.7006,-0.24116,3.7011,0.0045612,810.7,20.583,-52.286,-38.542,-37.812,0,0.495,0.19058,0
9101.1,-14277,24.109,-8.9423,-0.24277,3.1905,0.0040498,786.98,22.283,-43.798,-31.335,-37.249,0,0.495,0.19863,0
3417.7,-13196,23.358,-9.4929,0.46762,3.9955,0.004853,821.75,20.181,-91.772,-67.356,45.336,0,0.495,0.19058,-0.0039911
266.08,-11755,23.001,-8.9727,0.91226,4.6758,0.0055519,840.49,19.336,-149.59,-92.264,53.911,0,0.495,0.19058,-0.0079809
10164,-13384,24.668,-8.1751,-0.23709,2.7536,0.0036221,759.47,23.386,-35.646,-23.334,-34.726,0,0.495,0.20646,0
140.37,-10620,23.385,-7.7327,1.3273,4.3742,0.0053027,823.13,20.211,-149.98,-64.879,64.232,0,0.495,0.19864,-0.011971
933.98,-8589.3,22.438,-7.5888,1.7219,6.1152,0.0071531,853.5,16.881,-181.62,-41.273,72.743,0,0.495,0.19058,-0.015962
-295.91,-10098,22.655,-8.3064,1.3321,5.4286,0.0063715,850.58,18.22,-174.46,-75.985,64.555,0,0.495,0.19058,-0.011971
2188.5,-9348.4,23.205,-7.098,1.7136,4.8707,0.0058857,825.73,19.001,-155.73,-33.531,72.255,0,0.495,0.19864,-0.015962
6069,-11454,25.096,-7.3243,0.43707,2.4498,0.0033179,737.34,23.668,-51.214,-32.585,37.539,0,0.495,0.21439,-0.0039921
10142,-10794,25.633,-6.7211,-0.21689,2.0865,0.0029768,700.14,23.931,-20.54,-8.6786,-30.427,0,0.495,0.22235,0
6669.2,-10165,25.59,-6.6329,0.41418,2.1018,0.0029772,705.03,23.723,-38.958,-21.391,35.595,0,0.495,0.22234,-0.0039921
10663,-12174,25.166,-7.441,-0.22805,2.396,0.0032735,731.16,23.918,-28.018,-15.793,-31.553,0,0.495,0.21439,0
995.85,-1120.3,28.7,-2.5897,0.38504,0.21801,0.00084897,253.7,13.022,5.3221,10.372,13.224,0,0.495,0.29428,-0.011972
978.86,-1117.9,28.653,-2.5947,0.25615,0.23018,0.00090622,250.88,13.161,5.2505,10.471,14.571,0,0.495,0.29428,-0.0079828
755.22,-821.81,28.85,-2.3853,0.33109,0.13449,0.00068457,193.05,11.812,4.1218,8.0737,10.07,0,0.495,0.30222,-0.011972
742.62,-817.59,28.815,-2.3903,0.22029,0.14168,0.00072657,191.5,11.932,3.896,7.9074,11.238,0,0.495,0.30222,-0.0079828
1296.1,-1449.3,28.571,-2.8044,0.59921,0.31874,0.00097166,325.19,14.077,4.7614,12.202,16.554,0,0.495,0.28634,-0.015962
1312.5,-1500.1,28.514,-2.8262,0.45332,0.32665,0.0010178,318.24,14.303,5.8604,12.622,17.158,0,0.495,0.28634,-0.011972
975.47,-1097.1,28.748,-2.5757,0.5115,0.21208,0.00080935,258.86,12.83,5.455,10.999,12.229,0,0.495,0.29428,-0.015962
743.83,-810.43,28.889,-2.3751,0.44068,0.13078,0.0006543,196.46,11.647,4.8783,9.3044,9.006,0,0.495,0.30222,-0.015962
1288.7,-1514.1,28.456,-2.8329,0.30237,0.34435,0.0010884,313.73,14.468,6.5746,13.462,18.324,0,0.495,0.28634,-0.0079827
745.39,-815.32,28.78,-2.386,0.11073,0.15305,0.00077669,193.43,12.007,3.1238,6.1178,12.403,0,0.495,0.30222,-0.0039973
580.8,-630.16,28.917,-2.2074,0.0973,0.085284,0.00058909,140.99,10.811,2.701,4.8965,8.7415,0,0.495,0.31016,-0.0039979
580.21,-627.73,28.945,-2.2115,0.19291,0.079202,0.00055553,138.97,10.747,2.9977,5.9207,7.9812,0,0.495,0.31016,-0.0079831
586.01,-633.34,28.903,-2.2022,-0.050773,0.08896,0.00060662,142.87,10.831,2.0576,4.0594,-9.0614,0,0.495,0.31016,0
752.28,-814.92,28.763,-2.3811,-0.057344,0.15956,0.00080196,195.37,12.031,2.2254,4.8203,-12.922,0,0.495,0.30222,0
589.18,-629.75,28.97,-2.2065,0.2894,0.075711,0.00052866,139.75,10.644,3.0614,5.9671,7.1299,0,0.495,0.31016,-0.011972
584.52,-622.32,29.001,-2.1982,0.38506,0.073857,0.00050876,141.74,10.501,4.0239,7.3798,6.2448,0,0.495,0.31016,-0.015962
990.78,-1111.8,28.608,-2.589,0.12851,0.24863,0.00097365,252.15,13.247,3.9886,7.8994,16.121,0,0.495,0.29428,-0.0039971
1377.1,-1503.6,28.37,-2.8186,-0.078019,0.38554,0.0012139,314.94,14.604,3.4373,7.5813,-20.93,0,0.495,0.28633,0
1006.7,-1107.6,28.586,-2.5835,-0.066214,0.25885,0.0010071,253.87,13.275,2.7079,5.9738,-16.858,0,0.495,0.29428,0
1333.9,-1510.8,28.397,-2.8255,0.15176,0.37099,0.0011724,313.74,14.571,5.1055,10.209,20.049,0,0.495,0.28633,-0.0039969
4392.1,3900.3,8.9636,-3.2249,-6.7247,23.926,0.028604,839.89,-13.189,-265.39,-52.442,0.15604,0,0.495,0.023633,-0.043896
7591.4,-2873.8,8.9489,-2.2874,-8.1858,23.208,0.022355,1074,-4.1769,-241.82,-39.995,-12.43,0,0.495,0.015712,-0.043896
3161.1,2559.3,9.2298,-3.5581,-6.3851,23.992,0.028184,853.3,-7.9878,-263.41,-51.559,5.444,0,0.495,0.023633,-0.039905
8687.4,-5434,9.1683,-2.5304,-7.7592,23.475,0.022304,1084.9,1.7668,-235.21,-38.7,-6.4077,0,0.495,0.015712,-0.039905
-3611.7,9791.7,8.6776,-3.6782,-5.4749,23.908,0.031804,752.37,-25.722,-279.76,-67.048,2.3735,0,0.495,0.03155,-0.04789
5309.7,4740.9,8.694,-2.9239,-7.0278,23.895,0.028973,828.52,-18.168,-266.97,-52.305,-4.5742,0,0.495,0.023632,-0.047889
-4930.3,9694.9,8.9887,-4.0393,-5.24,23.757,0.031108,764.24,-21.437,-279.99,-67.586,6.0522,0,0.495,0.03155,-0.043896
-6169.1,9340.3,9.2985,-4.4402,-4.9782,23.648,0.030397,778.49,-16.989,-280.48,-67.126,10.377,0,0.495,0.031551,-0.039905
7365.3,-1088.7,8.7254,-2.0655,-8.5658,22.972,0.022362,1064.8,-9.8762,-247,-40.247,-18.092,0,0.495,0.015712,-0.047889
37425,-55148,9.3635,-1.4847,-9.1021,18.721,0.0097989,2819.9,12.538,461.65,-23.013,-1330.7,0,0.495,0.0077876,-0.039905
-15033,-62023,9.5293,-1.6414,-8.514,19.034,0.0099003,2842.8,19.514,428.76,-23.052,-1316.7,0,0.495,0.0077876,-0.035915
10905,-9018.2,9.3838,-2.7932,-7.2808,23.763,0.022091,1097.6,7.8763,-226.53,-38.25,-0.86465,0,0.495,0.015712,-0.035915
-39544,-1.2177e+05,9.8933,-1.2105,-8.4149,15.11,0.0016398,4446.3,33.399,980.53,-2.1204,-2590.4,0,0.495,0,-0.031924
-10444,-69796,9.6886,-1.8049,-7.8583,19.35,0.0099958,2865.8,26.577,392.4,-21.779,-1302.8,0,0.495,0.0077876,-0.031924
-44552,-1.1139e+05,9.7589,-1.0959,-9.1302,14.879,0.0015909,4412.2,25.879,1066,-1.8687,-2612.3,0,0.495,0,-0.035915
14047,-13836,9.5935,-3.0716,-6.7433,24.056,0.021409,1111.8,14.048,-215.74,-36.837,5.0992,0,0.495,0.015712,-0.031924
63477,-1.0181e+05,9.6173,-0.98646,-9.7736,14.643,0.0015428,4377.2,18.456,1143.1,-0.46686,-2635,0,0.495,0,-0.039905
2995.3,393.85,9.4922,-3.9261,-6.0045,24.084,0.027597,868.68,-2.6174,-260.32,-51.197,10.077,0,0.495,0.023633,-0.035915
-5289.2,6782.5,9.906,-5.3793,-4.355,23.526,0.028798,813.51,-7.711,-279.96,-65.232,17.79,0,0.495,0.031551,-0.031924
-6528.9,8479.7,9.6053,-4.8859,-4.6847,23.578,0.029672,795.04,-12.396,-280.84,-66.749,13.895,0,0.495,0.031551,-0.035915
4440.6,-3054.6,9.7488,-4.3277,-5.5761,24.181,0.026403,885.87,2.83,-254.9,-50.028,15.002,0,0.495,0.023633,-0.031924
34059,-48671,9.1945,-1.3375,-9.6276,18.419,0.0096951,2797.8,5.7346,491.75,-24.01,-1345.2,0,0.495,0.0077876,-0.043896
31300,-43066,9.021,-1.2013,-10.096,18.136,0.0095925,2776.7,-0.79271,519.2,-23.917,-1359.8,0,0.495,0.0077872,-0.047889
54055,-83166,9.3237,-0.78885,-10.864,14.178,0.001453,4307.3,4.2636,1274.7,0.9592,-2681.8,0,0.495,0,-0.047889
58530,-92060,9.473,-0.88396,-10.35,14.408,0.0014969,4342,11.207,1212.5,-0.23632,-2658.1,0,0.495,0,-0.043896
-10273,5188.5,13.01,-5.6109,2.0105,25.824,0.031867,810.54,-36.335,-185.92,-53.857,140.91,0,0.495,0.087118,-0.043897
-12671,8285.2,11.975,-5.7822,1.4429,25.86,0.032725,790.34,-38.959,-205.06,-72.557,122.39,0,0.495,0.079193,-0.043897
-10091,5631.9,13.217,-6.1421,1.769,25.159,0.030868,815.26,-34.807,-200.93,-51.563,130.08,0,0.495,0.087116,-0.039905
-12635,8804.7,12.252,-6.3064,1.2458,25.256,0.031728,796.18,-37.186,-217.21,-70.867,113.73,0,0.495,0.079192,-0.039905
-8501.1,2257.9,14.042,-4.8999,2.6904,26.051,0.031444,828.63,-34.746,-154.7,-34.942,168,0,0.495,0.095039,-0.047896
-10523,4866.8,12.8,-5.1484,2.2563,26.563,0.032735,811.58,-37.903,-174.77,-53.924,152.08,0,0.495,0.087116,-0.047895
-7957.9,2506.2,14.17,-5.3657,2.4192,25.275,0.03055,827.54,-33.304,-168.71,-33.858,155.3,0,0.495,0.095041,-0.043897
-7459.2,2903.1,14.29,-5.9041,2.1511,24.591,0.029553,832.36,-31.9,-186.78,-30.069,142.48,0,0.495,0.095039,-0.039905
-12782,7871.4,11.697,-5.3234,1.6465,26.528,0.033579,790.11,-40.744,-196.49,-72.486,131.66,0,0.495,0.079192,-0.047894
-15083,11890,11.406,-6.3692,0.56867,24.991,0.032212,775.97,-38.169,-234.52,-82.838,96.295,0,0.495,0.071257,-0.039905
-15121,12419,11.731,-6.9623,0.4331,24.542,0.031087,789.63,-36.219,-247.08,-80.407,88.332,0,0.495,0.071252,-0.035914
-12540,9277.2,12.521,-6.9122,1.0533,24.738,0.030624,808.04,-35.497,-232.68,-67.629,103.13,0,0.495,0.079187,-0.035914
-16738,15187,11.418,-7.5413,-0.39333,23.796,0.030018,792.95,-33.177,-271.3,-85.924,65.937,0,0.495,0.063308,-0.031924
-15009,12788,12.044,-7.643,0.30396,24.157,0.029888,808.48,-34.168,-261.28,-76.584,81.048,0,0.495,0.07125,-0.031924
-17010,14967,11.07,-6.8792,-0.33793,24.121,0.031226,772.63,-35.648,-260.9,-89.388,70.501,0,0.495,0.063308,-0.035915
-12420,9685.9,12.776,-7.6101,0.8666,24.301,0.029453,825.32,-33.715,-250.33,-63.173,93.114,0,0.495,0.079185,-0.031924
-16991,14450,10.713,-6.2976,-0.27214,24.499,0.032367,757.02,-38.081,-251.42,-91.411,75.771,0,0.495,0.063308,-0.039905
-9863.2,6056.2,13.411,-6.7592,1.5325,24.598,0.029783,826.17,-33.219,-219.52,-47.512,116.97,0,0.495,0.087111,-0.035914
-4727.3,3666.3,14.471,-7.263,1.6311,23.603,0.027457,859.99,-28.965,-232.84,-18.733,111.59,0,0.495,0.095032,-0.031924
-6028.7,3286,14.392,-6.5317,1.8875,24.035,0.028507,843.44,-30.434,-208.58,-24.484,126.91,0,0.495,0.095034,-0.035914
-9657,6462.4,13.589,-7.474,1.304,24.137,0.028655,842.64,-31.621,-240.54,-42.579,104.29,0,0.495,0.087109,-0.031924
-14932,11262,11.077,-5.8518,0.7092,25.516,0.033224,768.07,-40.188,-224.87,-84.019,102.55,0,0.495,0.071259,-0.043897
-16589,13119,9.9886,-5.3351,-0.11758,25.448,0.034328,741.34,-42.828,-239.45,-92.218,83.945,0,0.495,0.06331,-0.047897
-16767,13751,10.351,-5.7866,-0.19821,24.945,0.033409,746.7,-40.478,-244.14,-92.401,79.483,0,0.495,0.063308,-0.043897
-14867,10741,10.747,-5.3966,0.8566,26.099,0.034095,765.55,-42.208,-218.43,-83.812,109.54,0,0.495,0.071258,-0.047895
2016.9,-991.04,22.9,-3.5416,3.2517,9.8953,0.011079,891.72,-8.0887,-137.75,230.41,90.208,0,0.495,0.15056,-0.043898
1966.2,-374.46,22.043,-3.7386,3.1729,11.763,0.013284,885.11,-11.451,-136.28,188.45,133.46,0,0.495,0.1426,-0.043897
2257.1,-1103.2,21.936,-4.1089,3.0546,11.603,0.012486,928.45,-7.0563,-167.53,233.49,76.107,0,0.495,0.15056,-0.039905
2076,-583.29,21.231,-4.2996,2.9634,13.097,0.014244,919.27,-10.386,-166.76,202.82,109.26,0,0.495,0.14259,-0.039905
1635.7,-1382.3,24.398,-2.9249,3.4894,7.0149,0.0083275,839.17,-5.3284,-109.22,234.55,58.967,0,0.495,0.15857,-0.047901
1889.6,-789.16,23.815,-3.0846,3.4276,8.2285,0.0097664,840.37,-9.1033,-109.54,207.64,110.69,0,0.495,0.15057,-0.047901
2088,-1523.7,23.393,-3.3876,3.3276,8.8721,0.0099106,893.18,-4.4173,-136.83,245.82,52.119,0,0.495,0.15857,-0.043898
2408.7,-1563.3,22.388,-3.9561,3.1411,10.595,0.011419,926.74,-3.4654,-165.16,237.52,51.136,0,0.495,0.15857,-0.039905
2091.8,-121.69,22.766,-3.2866,3.3654,10.653,0.012575,846.05,-12.521,-108.51,159.96,161.29,0,0.495,0.1426,-0.047899
3114.5,-666.72,20.272,-4.5229,2.8722,15.141,0.016728,905.44,-14.143,-164.55,156.94,137.5,0,0.495,0.13466,-0.039905
2964.8,-752,19.607,-5.1955,2.6337,16.035,0.017254,929.58,-12.995,-196.2,163.78,110.78,0,0.495,0.13465,-0.035914
2343.2,-745.87,20.397,-4.9791,2.7359,14.394,0.015254,943.49,-9.3355,-197.57,199.28,88.146,0,0.495,0.14259,-0.035914
3357.6,-770.53,18.157,-6.2214,2.2781,18.382,0.019741,931.48,-15.218,-225.77,119.7,104.06,0,0.495,0.12672,-0.031924
3159.8,-869.16,18.949,-5.9896,2.3816,16.834,0.017779,947,-11.853,-226.86,153.92,90.041,0,0.495,0.13465,-0.031924
3390,-737.76,18.654,-5.4341,2.538,17.908,0.019645,912.05,-16.391,-194.35,120.31,127.56,0,0.495,0.12673,-0.035914
2855.9,-932.35,19.619,-5.7757,2.4897,15.409,0.016103,956.8,-8.2687,-226.55,177.34,74.047,0,0.495,0.14258,-0.031924
3749.6,-743.42,19.128,-4.7688,2.79,17.488,0.01965,890.53,-17.585,-163.01,108.68,154.64,0,0.495,0.12673,-0.039905
2707.1,-1248.5,21.002,-4.7906,2.8353,13.076,0.013764,949.48,-5.9951,-196.67,217.41,65.674,0,0.495,0.15056,-0.035914
3541.3,-1864.5,20.652,-5.4071,2.692,12.882,0.013584,947.78,-1.3466,-216.92,174.36,55.361,0,0.495,0.15857,-0.031924
3015.6,-1742.3,21.454,-4.6314,2.9292,11.971,0.012683,943.24,-2.4356,-192.31,212.68,51.778,0,0.495,0.15857,-0.035914
3197.5,-1374.3,20.171,-5.582,2.5936,14.122,0.014739,957.76,-4.9008,-223.5,184.61,60.983,0,0.495,0.15056,-0.031924
3379.3,-503.5,20.881,-3.9684,3.0984,14.384,0.016382,878.22,-15.332,-134.42,137.37,164.51,0,0.495,0.13466,-0.043897
4433.3,-558.06,19.869,-3.7622,3.2727,17.366,0.020271,856.71,-20.064,-109.78,71.64,201.96,0,0.495,0.12673,-0.047898
4161.1,-687.46,19.538,-4.2174,3.0346,17.286,0.019857,870.92,-18.828,-134.23,90.411,179.31,0,0.495,0.12674,-0.043897
3633.8,-278.06,21.393,-3.5173,3.313,13.93,0.016317,853.29,-16.515,-108.04,111.48,191.52,0,0.495,0.13466,-0.047899
4716.4,-4014.1,26.526,-3.1688,3.1234,2.1567,0.0035159,606.54,13.07,-51.629,92.102,56.162,0,0.495,0.21433,-0.043962
4792,-4044.3,25.989,-3.2165,3.3071,3.2353,0.0047425,675.89,11.688,-69.83,106.35,70.852,0,0.495,0.20638,-0.043989
5373.6,-4567,26.097,-3.4958,3.012,2.5222,0.0038454,650.06,14.338,-61.968,92.302,61.259,0,0.495,0.21449,-0.039944
5463.2,-4563,25.516,-3.5945,3.1799,3.6759,0.0051248,712.05,12.948,-81.901,102.87,76.38,0,0.495,0.2064,-0.039945
3537.1,-3121.9,27.298,-2.8615,2.9842,1.1632,0.0023252,494.38,12.829,-28.966,73.654,38.207,0,0.495,0.22251,-0.047949
3997.5,-3487.7,26.941,-2.8802,3.2075,1.7655,0.0031302,555.9,11.806,-41.501,87.73,50.833,0,0.495,0.21432,-0.047991
4189.3,-3628.5,26.941,-3.107,2.9048,1.451,0.0026283,546.66,14.04,-36.279,78.084,43.918,0,0.495,0.22254,-0.043928
4791.2,-4152.1,26.576,-3.38,2.7951,1.7257,0.0028919,592.02,15.246,-44.324,78.909,49.464,0,0.495,0.22257,-0.039918
4036.2,-3520.6,26.47,-2.8833,3.3981,2.7146,0.0042611,629.56,10.42,-57.449,104.73,63.78,0,0.495,0.20637,-0.048008
5015.6,-3912.2,24.807,-3.6706,3.289,5.1298,0.0065963,773.73,10.966,-104.77,117.87,84.276,0,0.495,0.19863,-0.039921
5924.4,-4551.7,24.312,-4.1497,3.1199,5.5182,0.0069144,794.7,12.283,-117.77,104.82,87.989,0,0.495,0.19864,-0.035921
6280.7,-5223,25.067,-4.0137,3.017,4.0097,0.0053913,739.52,14.237,-92.823,94.38,78.644,0,0.495,0.2064,-0.035923
6081.6,-4244,23.093,-4.8423,2.9313,7.2966,0.0085955,847.05,11.225,-154.89,94.889,87.808,0,0.495,0.19057,-0.031924
6857.3,-5258.5,23.882,-4.6737,2.9139,5.7219,0.0070525,808.41,13.619,-129.44,87.105,89.311,0,0.495,0.19864,-0.031926
5178.4,-3652.3,23.564,-4.2506,3.14,7.0499,0.0083936,837.81,9.8992,-141.45,118.8,84.337,0,0.495,0.19057,-0.035915
7116.6,-5935.2,24.655,-4.4713,2.8217,4.2238,0.0055301,760.36,15.557,-102.99,80.882,79.956,0,0.495,0.20644,-0.031932
4332.4,-3145.7,24.122,-3.7144,3.3125,6.5654,0.0079682,821.49,8.5991,-125.94,137.32,78.571,0,0.495,0.19057,-0.039906
6131.5,-5228.4,25.685,-3.8573,2.861,2.8206,0.0040915,684.45,15.585,-71.456,86.366,64.452,0,0.495,0.21451,-0.035926
6072,-5314.5,25.879,-4.0165,2.4819,2.1721,0.0032628,662.36,17.565,-62.87,67.17,57.778,0,0.495,0.22257,-0.031925
5460.7,-4742.1,26.217,-3.6827,2.6546,1.9711,0.0031063,630.53,16.425,-53.043,75.352,54.021,0,0.495,0.22258,-0.035919
6864.9,-5908.8,25.311,-4.2485,2.6716,3.0291,0.0042392,710.58,16.803,-80.724,75.225,66.595,0,0.495,0.21442,-0.031932
4309.8,-3463.2,25.35,-3.2421,3.4224,4.5738,0.0061149,743.3,9.7001,-90.718,126.82,76.751,0,0.495,0.19862,-0.04393
3143,-2622.8,25.407,-2.8312,3.5625,4.9982,0.0065684,757.2,6.1127,-90.929,155.81,58.812,0,0.495,0.19056,-0.047906
3767.9,-2891.4,24.747,-3.24,3.4521,5.865,0.0073455,795.43,7.3428,-108.76,150.37,69.331,0,0.495,0.19057,-0.0439
3592.8,-3050.3,25.918,-2.8682,3.5206,3.8875,0.0054997,701.34,8.4633,-75.995,129.34,67.829,0,0.495,0.1986,-0.047938
575.36,-653.93,29.214,-2.2875,1.1993,0.11336,0.00054927,202.77,10.311,2.2425,10.144,9.561,0,0.495,0.29428,-0.0439
626.69,-717.78,29.151,-2.3424,1.1255,0.13682,0.0005994,224.56,10.773,2.9473,12.167,9.9442,0,0.495,0.29428,-0.039907
508.11,-540.73,29.314,-2.1691,1.0766,0.067377,0.00042889,153.52,9.4663,3.3096,9.9115,5.0037,0,0.495,0.30222,-0.043901
547.13,-583.98,29.255,-2.212,1.0038,0.081612,0.00046988,169.91,9.8724,4.0761,11.812,5.1541,0,0.495,0.30222,-0.039907
632.07,-709.53,29.138,-2.33,1.4031,0.14062,0.00062315,222.39,10.622,0.29214,9.6205,13.18,0,0.495,0.28634,-0.047908
686.03,-777.76,29.074,-2.4009,1.3368,0.17588,0.00068682,252.75,11.174,0.78364,11.675,14.429,0,0.495,0.28634,-0.0439
535.05,-600.39,29.27,-2.2292,1.2663,0.090075,0.00049562,178.28,9.8252,1.3578,7.7832,9.0651,0,0.495,0.29428,-0.047908
473.14,-503.25,29.365,-2.122,1.1437,0.053435,0.00038629,135.07,9.0368,2.3463,7.5663,4.9484,0,0.495,0.30222,-0.047909
760.96,-859.48,29.002,-2.47,1.2629,0.21106,0.00074504,279.95,11.699,1.0752,13.374,15.426,0,0.495,0.28634,-0.039906
582.9,-626.29,29.19,-2.2511,0.92489,0.095041,0.00050795,183.22,10.251,4.6397,13.124,5.5353,0,0.495,0.30222,-0.035916
501.58,-513.8,29.263,-2.1112,0.82266,0.052055,0.00038904,130.22,9.2886,4.9423,12.031,2.1762,0,0.495,0.31016,-0.035916
477.23,-487.13,29.323,-2.0814,0.89785,0.044671,0.00035982,120.79,8.9576,4.6031,11.239,1.6503,0,0.495,0.31016,-0.039907
522.73,-538.85,29.203,-2.1374,0.74301,0.058747,0.00041708,137.19,9.5928,5.2117,12.153,2.8801,0,0.495,0.31016,-0.031925
619.04,-669.74,29.123,-2.2863,0.83969,0.10672,0.0005425,192.82,10.6,5.0819,13.614,6.0403,0,0.495,0.30222,-0.031925
447.24,-457.59,29.379,-2.048,0.96847,0.037063,0.00033004,109.32,8.6013,4.0563,9.8358,1.4647,0,0.495,0.31016,-0.043901
418.08,-430.55,29.429,-2.0106,1.0343,0.029759,0.00030086,96.448,8.2228,3.2703,7.88,1.5138,0,0.495,0.31016,-0.047908
680.91,-783.45,29.082,-2.3942,1.044,0.15864,0.00064471,242.34,11.205,3.4967,13.694,10.33,0,0.495,0.29428,-0.035916
953.28,-1053.4,28.848,-2.6032,1.0858,0.27111,0.00084106,319.04,12.646,1.4336,15.053,16.607,0,0.495,0.28634,-0.031925
742.57,-853.84,29.009,-2.4425,0.95418,0.17722,0.00068454,255.18,11.608,3.9791,14.367,10.649,0,0.495,0.29428,-0.031925
852.91,-951.32,28.926,-2.5376,1.1797,0.24361,0.0007967,302.44,12.185,1.2408,14.63,16.17,0,0.495,0.28634,-0.035915
6448.9,6384.3,6.8559,-1.4465,-8.3501,24.506,0.031004,795.9,-46.494,-278.56,-48.549,-34.791,0,0.495,0.023593,-0.07588
6909.1,3361.7,7.168,-0.98411,-10.233,22.204,0.022304,1042.9,-41.928,-269.81,-41.075,-57.148,0,0.495,0.015676,-0.075873
6591,6169.8,7.107,-1.6129,-8.2373,24.374,0.030801,796.89,-43.21,-276.5,-49.28,-31.221,0,0.495,0.023603,-0.071884
7094.3,3039.6,7.3846,-1.1023,-10.087,22.243,0.022326,1042.5,-38.261,-266.94,-41.03,-52.042,0,0.495,0.015682,-0.071881
6270.7,9302,6.6047,-1.8807,-6.4651,25.709,0.035063,720.93,-50.708,-289.07,-59.15,-21.061,0,0.495,0.031516,-0.075879
5687.8,9146.2,6.8825,-2.0885,-6.3847,25.44,0.034734,721.9,-47.768,-286.67,-60.592,-18.472,0,0.495,0.031522,-0.071887
18246,-18817,7.9727,-0.60775,-11.972,16.888,0.0090532,2688.1,-33.021,635.3,-25.451,-1455.5,0,0.495,0.0077571,-0.071879
19803,-21733,8.1461,-0.6845,-11.754,17.043,0.0091286,2700.4,-28.532,622.64,-25.603,-1441.2,0,0.495,0.0077592,-0.067893
7213.6,2709.7,7.6043,-1.2289,-9.9139,22.298,0.022338,1043.2,-34.281,-264.06,-41.411,-46.882,0,0.495,0.015684,-0.067893
36380,-52098,8.7222,-0.48599,-12.408,13.343,0.0012988,4194,-20.037,1469.5,2.8711,-2788.3,0,0.495,0,-0.063893
21752,-25202,8.32,-0.76876,-11.503,17.215,0.0092102,2712.8,-23.679,606.79,-25.079,-1425.1,0,0.495,0.0077643,-0.0639
32675,-45720,8.5732,-0.42742,-12.686,13.17,0.0012679,4169.7,-25.174,1505,2.8172,-2814.5,0,0.495,0,-0.067885
7291.5,2288.9,7.8257,-1.3662,-9.7113,22.373,0.022346,1044.9,-29.962,-261.15,-41.207,-41.301,0,0.495,0.015692,-0.063898
29696,-40279,8.4243,-0.37417,-12.928,13.008,0.0012407,4144.7,-29.92,1533.9,3.3763,-2837.3,0,0.495,0,-0.071876
6625.6,6010.3,7.3631,-1.7887,-8.1017,24.245,0.030556,798.79,-39.665,-274.6,-50.29,-27.496,0,0.495,0.023608,-0.067891
4526.9,9150.8,7.4603,-2.5358,-6.166,24.876,0.034,726.22,-41.254,-282.79,-63.341,-12.447,0,0.495,0.031528,-0.063907
5557.4,9104.4,7.168,-2.3057,-6.2849,25.16,0.034382,723.58,-44.615,-284.55,-62.217,-15.724,0,0.495,0.031525,-0.067897
6579.7,5857.2,7.6231,-1.9765,-7.9416,24.126,0.030282,801.78,-35.832,-272.84,-50.813,-23.236,0,0.495,0.023613,-0.063898
16753,-16013,7.8018,-0.53712,-12.159,16.748,0.00898,2677.2,-37.159,646.04,-25.841,-1469.8,0,0.495,0.0077514,-0.07587
26933,-35038,8.2783,-0.3255,-13.137,12.854,0.0012153,4121.5,-34.293,1558.9,3.3503,-2860.2,0,0.495,0,-0.075868
-12927,6195.8,11.771,-2.7745,4.0518,31.211,0.034345,908.97,-48.38,-167.27,-23.943,232.31,0,0.495,0.087058,-0.076004
-15907,9438.2,10.11,-2.9498,3.1819,30.751,0.035232,873.09,-52.68,-205.88,-51.845,200.43,0,0.495,0.079124,-0.075945
-12586,5585.1,11.852,-3.0849,3.7954,30.712,0.034517,889.94,-46.981,-164.44,-29.12,218.88,0,0.495,0.087087,-0.071923
-15131,8677.3,10.284,-3.2598,2.9567,30.302,0.035365,857.06,-51.095,-200.42,-54.879,188.76,0,0.495,0.07912,-0.071947
-16860,11350,8.9667,-3.3475,1.8413,29.467,0.036214,813.97,-53.835,-232.45,-70.49,152.02,0,0.495,0.071196,-0.071939
-16195,10748,9.228,-3.6521,1.6668,29.011,0.036165,802.39,-51.998,-225.89,-73.002,143.94,0,0.495,0.071191,-0.067957
-14524,8124.5,10.473,-3.568,2.7313,29.793,0.035406,841.63,-49.466,-195.67,-58.542,177.82,0,0.495,0.079118,-0.067956
-16927,12266,8.5999,-3.9142,0.2576,27.601,0.03664,753.43,-51.916,-244.94,-85.46,100.05,0,0.495,0.063257,-0.063962
-15642,10323,9.5034,-3.9611,1.4952,28.499,0.036021,791.34,-50.127,-220.47,-75.566,136.43,0,0.495,0.071189,-0.06397
-17414,12615,8.2826,-3.61,0.36594,28.074,0.036923,760.54,-54.048,-250.83,-83.482,104.47,0,0.495,0.063263,-0.067942
-13983,7716.9,10.68,-3.8798,2.507,29.224,0.035338,827.13,-47.81,-191.92,-62.356,167.71,0,0.495,0.07911,-0.063976
-12211,5148.8,11.952,-3.3923,3.5367,30.154,0.034585,872.01,-45.562,-162.16,-34.963,206.37,0,0.495,0.087076,-0.067919
-11805,4812.7,12.075,-3.7033,3.2772,29.533,0.034533,855.34,-44.111,-160.87,-40.31,194.67,0,0.495,0.087042,-0.063969
-17690,12161,8.7178,-3.0418,2.0187,29.861,0.036185,825.62,-55.607,-239.8,-68.066,160.44,0,0.495,0.071203,-0.075918
937.04,699.76,26.949,-1.4824,4.2009,4.8095,0.0076624,605.45,-16.103,-22.57,61.464,178.72,0,0.495,0.1506,-0.076172
1217.3,1113.2,25.37,-1.5783,4.3418,9.2175,0.012253,741.02,-19.565,-23.991,73.567,227.25,0,0.495,0.14266,-0.07617
1052.5,756.38,26.68,-1.6417,4.1303,5.0271,0.0078255,621.63,-15.28,-28.55,61.736,183.14,0,0.495,0.1506,-0.072149
1338.2,1153.6,25.067,-1.7577,4.2408,9.4575,0.012481,747.57,-18.786,-30.04,68.711,230,0,0.495,0.14266,-0.072147
3086.8,713.4,23.217,-1.8836,4.3786,14.543,0.017507,826.49,-22.941,-32.6,70.901,250.79,0,0.495,0.13471,-0.072131
3251.8,623.79,22.926,-2.0919,4.2309,14.571,0.017587,824.79,-22.091,-39.794,64.804,249.28,0,0.495,0.13468,-0.06815
1582.7,1092.5,24.777,-1.9452,4.1263,9.5785,0.012563,753.2,-17.956,-37.185,66.376,230.54,0,0.495,0.14263,-0.068143
3406.9,542.21,22.663,-2.3175,4.0689,14.438,0.017479,822.7,-21.1,-48.275,61.183,245.92,0,0.495,0.1347,-0.0641
1764.5,1007.7,24.494,-2.1498,3.998,9.5859,0.012499,758.65,-16.962,-45.706,68.417,227.9,0,0.495,0.14262,-0.06411
1258.3,714.06,26.402,-1.8103,4.0473,5.1834,0.0078936,637.75,-14.392,-35.486,65.923,184.12,0,0.495,0.15058,-0.068134
1448.3,580.73,26.099,-1.9951,3.952,5.3153,0.0078988,656.81,-13.377,-43.578,77.102,180.37,0,0.495,0.15058,-0.064107
2944.2,739.06,23.528,-1.6807,4.5123,14.375,0.017261,828.06,-23.761,-26.363,78.731,251.04,0,0.495,0.1347,-0.076171
975.18,-1009.5,28.817,-1.7022,3.2295,0.063906,0.00046795,132.83,3.7899,-3.8169,19.949,9.6856,0,0.495,0.21432,-0.076068
984.74,-1021.7,28.772,-1.612,3.4015,0.085031,0.00055306,146.84,2.3398,-4.559,24.114,10.299,0,0.495,0.20641,-0.076187
1170.4,-1200,28.679,-1.8112,3.2581,0.12475,0.00068871,175.09,4.8055,-4.9103,27.621,12.172,0,0.495,0.21433,-0.072077
1206.9,-1236.6,28.61,-1.7167,3.4385,0.18761,0.00089076,200.75,3.3699,-6.9184,35.048,13.43,0,0.495,0.20647,-0.072219
1205.4,-1203.6,28.548,-1.6158,3.5896,0.27798,0.0011508,230.66,1.6453,-10.547,43.936,11.954,0,0.495,0.19855,-0.072241
1513.8,-1489.8,28.287,-1.7353,3.6207,0.57261,0.0017558,314.42,2.7091,-16.551,62.1,16.616,0,0.495,0.19853,-0.068215
1517.2,-1522.2,28.392,-1.8364,3.4716,0.38336,0.0013568,270.82,4.4505,-11.252,48.493,18.245,0,0.495,0.20648,-0.068203
1809.6,-1774.3,27.945,-1.8815,3.6384,1.0229,0.0024584,405.67,3.8313,-24.582,81.854,24.098,0,0.495,0.19845,-0.064092
1856.2,-1829.4,28.115,-1.9792,3.493,0.6857,0.0019018,349.2,5.5895,-17.17,63.525,25.263,0,0.495,0.20642,-0.064083
1451.8,-1460.4,28.502,-1.9311,3.284,0.23927,0.0010022,230.38,5.8555,-7.3321,37.27,16.018,0,0.495,0.21434,-0.068079
1810.8,-1766.5,28.279,-2.0679,3.304,0.42086,0.0013834,294.96,6.9621,-11.042,48.496,21.698,0,0.495,0.21434,-0.06407
976.2,-985.48,28.735,-1.5135,3.5534,0.12101,0.00069566,164.9,0.61575,-6.6889,29.342,9.0713,0,0.495,0.19854,-0.076243
299.36,-329.54,29.497,-1.7645,1.5739,0.0096441,0.00022851,42.336,6.0612,-0.53675,1.1422,5.0801,0,0.495,0.29426,-0.076095
330.79,-362.24,29.471,-1.8279,1.5454,0.012329,0.00023221,52.801,6.6072,-0.94154,1.2154,5.3992,0,0.495,0.29426,-0.072121
248.75,-276.96,29.562,-1.7215,1.462,0.0081201,0.00024771,33.177,5.6419,0.1387,0.91286,4.7923,0,0.495,0.30221,-0.076051
278.95,-306.97,29.539,-1.7764,1.4313,0.0095398,0.00023399,40.987,6.143,-0.29061,0.77981,4.8297,0,0.495,0.30221,-0.072068
309.52,-338.04,29.518,-1.8336,1.396,0.01194,0.00023335,50.98,6.6428,-0.62311,0.78748,4.8903,0,0.495,0.30221,-0.068087
276.67,-299.91,29.581,-1.7679,1.2891,0.0090089,0.0002408,37.779,6.0839,0.82217,0.89356,3.4094,0,0.495,0.31016,-0.068068
248.84,-273.13,29.601,-1.7187,1.3258,0.007857,0.00025957,30.753,5.6362,1.2562,0.81831,3.6916,0,0.495,0.31016,-0.072052
305.84,-328.14,29.56,-1.8187,1.248,0.010863,0.0002335,46.573,6.5284,0.53502,1.3609,3.075,0,0.495,0.31017,-0.064085
342.57,-371.69,29.496,-1.8928,1.356,0.015799,0.00024575,63.477,7.1378,-0.85372,1.1236,4.9896,0,0.495,0.30221,-0.064105
222.34,-247.07,29.622,-1.6718,1.3582,0.0071643,0.00028894,25.263,5.1821,1.7829,0.95583,3.8982,0,0.495,0.31016,-0.076041
362.93,-397.32,29.445,-1.8935,1.512,0.016908,0.00025188,66.206,7.1559,-1.2251,1.3967,5.8557,0,0.495,0.29425,-0.068136
397.57,-435.53,29.418,-1.9611,1.4738,0.024196,0.00028591,82.986,7.7039,-1.4525,1.7908,6.4883,0,0.495,0.29425,-0.064148
2329.5,8736.2,5.1182,-0.22484,-8.4203,25.172,0.031236,810.76,-62.434,-299.43,-37.085,-50.777,0,0.495,0.023515,-0.10801
2421.5,5621.2,5.6135,-0.15116,-10.494,21.957,0.021532,1075.2,-59.97,-294.35,-36.168,-87.12,0,0.495,0.015591,-0.10803
3108.9,8521.5,5.3026,-0.38134,-8.4972,25.148,0.031388,806.66,-61.561,-296.56,-38.975,-50.061,0,0.495,0.023529,-0.10391
3279.9,5406.7,5.7839,-0.25574,-10.551,22.011,0.021718,1067.8,-58.894,-291.11,-37.275,-84.537,0,0.495,0.015606,-0.10394
-3319.2,-3163.5,6.6876,-0.12453,-12.69,15.969,0.0084296,2637.9,-56.38,677.3,-25.474,-1574,0,0.495,0.0076713,-0.10399
-141.08,-4436.1,6.8357,-0.18081,-12.693,16.079,0.0085277,2639.7,-54.691,677.67,-26.014,-1559.3,0,0.495,0.0077024,-0.099875
4417.3,5167.8,5.9641,-0.35892,-10.58,22.055,0.021876,1061.4,-57.449,-287.88,-38.403,-81.52,0,0.495,0.015629,-0.099857
-4498.6,-13483,7.4504,-0.091696,-13.777,12.066,0.0010882,4021,-52.814,1643.2,4.1914,-3010,0,0.495,0,-0.09988
-10301,-11109,7.3228,-0.057513,-13.788,11.94,0.0010699,4009.2,-54.62,1646.1,4.4995,-3035.5,0,0.495,0,-0.10399
4179.4,8231,5.4991,-0.53616,-8.5458,25.105,0.031449,803.29,-60.321,-293.65,-40.873,-48.895,0,0.495,0.023553,-0.099849
-5546.5,-2073.4,6.5474,-0.067244,-12.657,15.862,0.0083249,2636.2,-57.654,674.72,-25.12,-1587.6,0,0.495,0.0076655,-0.10804
-14190,-9073.7,7.2011,-0.022718,-13.767,11.824,0.0010537,3996.3,-55.97,1644.5,4.5872,-3059.3,0,0.495,0,-0.10804
-1177.1,11437,12.171,-0.096432,5.7374,32.85,0.030162,1080.4,-55.172,-174.75,38.831,357.34,0,0.495,0.087085,-0.10818
-9883.5,16205,9.5752,-0.18029,4.8224,32.203,0.031611,1013.8,-60.668,-235.83,1.5589,313.28,0,0.495,0.079165,-0.10816
-1159.1,11042,11.991,-0.44659,5.5852,32.889,0.030926,1057.4,-54.913,-177.38,26.606,341.53,0,0.495,0.087088,-0.10417
-10226,15703,9.5198,-0.55148,4.6509,32.213,0.032299,993.98,-60.354,-236.23,-10.088,297.98,0,0.495,0.079164,-0.10415
-22537,19180,7.4825,-0.65848,3.2902,30.92,0.034365,901.64,-64.108,-284.98,-32.441,229.81,0,0.495,0.071221,-0.1041
-22404,18429,7.5756,-1.0296,3.1108,30.926,0.03481,889.96,-63.488,-281.24,-41.394,218.79,0,0.495,0.071203,-0.10005
-12025,15102,9.5092,-0.91799,4.4655,32.172,0.032986,975.23,-59.792,-235,-19.922,282.92,0,0.495,0.079154,-0.10014
-2932.4,10610,11.856,-0.79413,5.412,32.851,0.031725,1034.9,-54.443,-178.74,15.891,325.43,0,0.495,0.087083,-0.10017
-20453,19774,7.4335,-0.28032,3.4648,30.877,0.033831,914.88,-64.445,-287.06,-21.403,241.51,0,0.495,0.071232,-0.10812
-379.84,-493.51,28.992,-0.45097,4.2907,1.6488,0.0041684,367.76,-19.657,6.115,47.721,87.296,0,0.495,0.15064,-0.10809
-1645.9,-27.917,28.141,-0.39011,4.5951,4.1929,0.0070879,565.2,-22.638,9.5728,78.884,149.23,0,0.495,0.14272,-0.10807
-552.23,-320.56,28.779,-0.5665,4.3227,2.0291,0.0046566,407.46,-19.483,4.8957,52.48,100.73,0,0.495,0.15063,-0.10411
-1912.4,214.67,27.81,-0.52299,4.6197,4.9177,0.007852,602.04,-22.543,7.3896,83.2,163.51,0,0.495,0.14272,-0.10408
-3596.1,387.77,26.357,-0.46268,4.9752,9.4847,0.012079,770.77,-26.701,7.9299,107.57,221.41,0,0.495,0.13479,-0.10405
-2438,541.64,25.921,-0.62262,4.9647,10.456,0.013042,789.43,-26.57,4.2529,107.65,229.68,0,0.495,0.13479,-0.10006
-1735.8,423.95,27.462,-0.65892,4.6284,5.6621,0.0086257,634.43,-22.377,4.5863,86.285,176.81,0,0.495,0.14271,-0.10009
-522.77,-156.39,28.546,-0.68541,4.3433,2.4431,0.0051604,445.11,-19.223,3.033,56.687,114.25,0,0.495,0.15062,-0.1001
-3439.3,184.94,26.788,-0.3065,4.9656,8.4785,0.011096,747.14,-26.734,11.124,106.05,211.42,0,0.495,0.13478,-0.10805
448.48,-473.25,29.461,-1.0023,2.9756,0.0073099,0.0002811,25.551,-2.6826,-3.1405,7.4082,6.072,0,0.495,0.21442,-0.10825
476.72,-498.61,29.442,-0.93076,3.098,0.0076174,0.00027036,28.307,-3.9973,-3.6109,8.2855,6.1766,0,0.495,0.20638,-0.10811
481.99,-504.47,29.399,-1.0811,3.0107,0.0077656,0.00026282,29.698,-2.0183,-3.1396,8.3376,6.4049,0,0.495,0.21435,-0.1041
505.8,-525.01,29.377,-1.0096,3.139,0.0081241,0.00024925,32.74,-3.3777,-3.4944,9.1154,6.5798,0,0.495,0.20636,-0.10407
557.44,-564.97,29.366,-0.93376,3.2712,0.0086948,0.00023996,36.351,-4.9652,-2.8753,9.707,5.4201,0,0.495,0.1984,-0.10412
579.74,-583.93,29.296,-1.0135,3.3122,0.0095226,0.00022585,42.272,-4.3254,-2.8653,10.129,5.676,0,0.495,0.1984,-0.10013
537.9,-554.12,29.309,-1.0889,3.1781,0.0088515,0.00023138,38.409,-2.7218,-3.3637,9.7204,6.8988,0,0.495,0.20635,-0.10012
516.16,-538.16,29.332,-1.1611,3.0447,0.0084435,0.00024197,35.056,-1.3267,-3.0708,9.0898,6.707,0,0.495,0.21433,-0.10006
538.52,-548.55,29.433,-0.8549,3.2277,0.0080959,0.00025663,31.664,-5.5532,-2.7682,9.013,5.0783,0,0.495,0.1984,-0.10812
216.97,-244.32,29.734,-1.3168,1.6498,0.0059832,0.00016334,10.686,1.8863,1.2435,4.8916,3.8015,0,0.495,0.29409,-0.10799
217.08,-245.76,29.696,-1.3708,1.6515,0.0060948,0.00021679,12.424,2.3799,0.72465,4.3074,4.0041,0,0.495,0.29413,-0.10398
149.57,-180.95,29.784,-1.3283,1.5518,0.0058833,0.00014231,8.9015,1.736,-2.017,4.8073,4.6033,0,0.495,0.30209,-0.10818
150.47,-182.86,29.747,-1.3796,1.5545,0.0059661,0.00018327,10.271,2.2052,-1.6618,4.2472,4.7946,0,0.495,0.30209,-0.10408
150.54,-182.97,29.714,-1.4296,1.5533,0.0060703,0.00024169,11.894,2.6856,-0.97215,3.4546,4.9565,0,0.495,0.30216,-0.10002
123.37,-153.03,29.768,-1.4246,1.4739,0.0059153,0.00017804,9.3427,2.4391,0.2454,2.9949,4.6573,0,0.495,0.3101,-0.1002
119.56,-149.41,29.799,-1.3813,1.4798,0.0058411,0.00014024,8.0789,1.9851,-1.1263,3.6001,4.4331,0,0.495,0.3101,-0.10438
115.84,-144.88,29.833,-1.3357,1.4812,0.0057836,0.00011483,7.0437,1.5433,-2.3624,4.021,4.2049,0,0.495,0.31012,-0.10849
215.43,-244.35,29.661,-1.4254,1.6506,0.0062344,0.00029224,14.466,2.8853,0.51735,3.4775,4.1982,0,0.495,0.29423,-0.099976
1404.9,1992,4.4642,1.1551,-8.0956,19.36,0.015298,1339.3,-48.242,-315.73,-21.395,-85.502,0,0.495,0.015507,-0.15207
694.25,3021.4,4.5051,1.0238,-8.4507,19.846,0.016164,1301.2,-50.962,-316.54,-23.531,-87.899,0,0.495,0.015509,-0.14808
-466.72,5736.3,4.0373,1.6603,-5.9409,22.589,0.022953,997.28,-49.532,-311.69,-13.724,-31.331,0,0.495,0.023434,-0.15208
-679.03,6612.6,4.057,1.4778,-6.284,23.176,0.024318,965.65,-52.271,-313.75,-16.352,-34.929,0,0.495,0.023436,-0.14808
2182.4,813.02,4.4389,1.2868,-7.7135,18.796,0.014386,1380.2,-45.248,-314,-19.648,-82.693,0,0.495,0.015505,-0.15607
-28168,2252.6,5.405,0.70519,-10.006,13.6,0.0055953,2715.2,-44.279,497.93,-18.418,-1684.3,0,0.495,0.0075762,-0.15606
-26739,2813.7,5.4498,0.63358,-10.398,13.921,0.0058942,2706.8,-47.259,522.99,-19.275,-1682,0,0.495,0.0075789,-0.15207
-62306,6205,6.1035,0.4112,-11.205,10.417,0.00092117,3795.3,-43.661,1314.6,5.2744,-3253.3,0,0.495,0,-0.15606
-58269,5927.4,6.1569,0.37229,-11.599,10.572,0.00093152,3822.1,-46.553,1365.8,5.2584,-3245.7,0,0.495,0,-0.15206
-278.15,4789,4.0354,1.8419,-5.5789,21.893,0.021487,1032.5,-46.508,-308.71,-11.301,-27.362,0,0.495,0.023431,-0.15607
-25354,3098.6,5.5065,0.56253,-10.758,14.207,0.0061836,2698.1,-49.945,546.39,-20.597,-1678.6,0,0.495,0.0075812,-0.14807
-54431,5297.5,6.2202,0.33346,-11.957,10.714,0.00094127,3846.4,-49.163,1412.8,4.7739,-3236.5,0,0.495,0,-0.14807
7054.1,9060.7,14.741,3.4112,5.297,28.497,0.018945,1377.4,-46.273,-113.94,236.19,482.52,0,0.495,0.079145,-0.15213
5194.3,10264,13.815,3.174,5.4058,29.259,0.019832,1335.6,-48.735,-132.88,207.59,472,0,0.495,0.079146,-0.14814
7617.5,5616.5,18.447,3.1747,5.541,26.056,0.018693,1363.6,-41.959,-58.799,248.61,464.52,0,0.495,0.087074,-0.15215
6435.5,6662.1,17.491,2.9727,5.7316,27.417,0.019717,1344.5,-44.164,-74.308,227.17,465.66,0,0.495,0.087075,-0.14815
9921.1,7704.6,15.771,3.6194,5.1456,27.541,0.01807,1416.7,-43.631,-94.47,265.55,488.88,0,0.495,0.079144,-0.15612
9435.7,10799,11.979,3.7434,4.5747,28.01,0.018152,1361.4,-46.623,-157.87,237.31,464.49,0,0.495,0.071187,-0.15611
6740.4,12058,11.063,3.4997,4.615,28.466,0.019526,1299.7,-49.39,-179.65,200.49,442.21,0,0.495,0.071189,-0.15212
9452.3,4398.2,19.48,3.3474,5.3113,24.436,0.017566,1375.9,-39.62,-43.305,269.6,458.86,0,0.495,0.087073,-0.15614
4761.4,13258,10.28,3.2302,4.6153,28.85,0.021039,1241.3,-51.975,-199.61,167,418.12,0,0.495,0.071197,-0.14812
1181.1,-1342.6,30.005,0.8136,3.572,0.14857,0.0012029,93.046,-20.085,5.1738,12.279,10.913,0,0.495,0.14258,-0.15221
1152.4,-1379.4,29.956,0.73397,3.6993,0.23512,0.0016223,120.28,-20.481,6.3508,15.341,16.717,0,0.495,0.14258,-0.14822
901.99,-1008.6,30.005,0.61049,3.4032,0.036739,0.00042045,46.553,-18.293,2.0219,6.7998,3.8224,0,0.495,0.15063,-0.15204
918.7,-1037.6,29.977,0.53742,3.5115,0.058791,0.00065521,58.269,-18.563,3.2357,7.2392,5.632,0,0.495,0.15063,-0.14804
1176.4,-1297.1,30.044,0.88648,3.4428,0.090286,0.0008043,71.428,-19.681,3.8527,10.292,6.6692,0,0.495,0.14258,-0.15621
1266.2,-1669.5,29.993,1.1335,3.6288,0.35517,0.0019582,151.59,-21.513,8.3707,21.201,23.564,0,0.495,0.13463,-0.15623
941.5,-1703.6,29.907,1.0571,3.7847,0.55425,0.0025186,196.09,-22.114,10.142,27.262,34.349,0,0.495,0.13463,-0.15224
868.99,-965.04,30.032,0.67981,3.2939,0.023265,0.00027951,37.816,-18.01,0.6533,6.9316,2.7777,0,0.495,0.15063,-0.15603
675.37,-1736.5,29.795,0.97183,3.9393,0.82909,0.0030563,247.3,-22.731,11.986,34.703,47.392,0,0.495,0.13464,-0.14824
272.95,-303.24,29.891,-0.21134,2.5729,0.0058619,5.6369e-05,7.7609,-8.5051,-5.0579,8.8756,4.115,0,0.495,0.20648,-0.15227
287.02,-316.91,29.844,-0.27092,2.6214,0.0059183,6.151e-05,8.7264,-8.2536,-5.1904,7.8245,4.0907,0,0.495,0.20648,-0.14827
262.94,-295.89,29.901,-0.29373,2.5031,0.0057844,5.2691e-05,6.5233,-7.5521,-4.5401,8.4729,4.4736,0,0.495,0.21442,-0.15228
273.85,-306.28,29.854,-0.35301,2.5481,0.0058305,5.58e-05,7.3628,-7.2598,-4.7157,7.6034,4.5198,0,0.495,0.21442,-0.14829
296.33,-331.08,29.826,-0.48621,2.4984,0.0058138,5.5066e-05,7.2294,-6.0069,-1.991,5.9286,5.3594,0,0.495,0.22236,-0.1443
290.35,-324.38,29.869,-0.42594,2.4576,0.0057656,5.1005e-05,6.3341,-6.3542,-2.1015,7.1811,5.2806,0,0.495,0.22236,-0.1483
280.74,-313.31,29.81,-0.41366,2.5928,0.0058875,6.1984e-05,8.3569,-6.9415,-4.3683,6.1969,4.5769,0,0.495,0.21442,-0.14429
278.14,-311.9,29.916,-0.36782,2.416,0.005727,4.9554e-05,5.5909,-6.6756,-1.6155,7.8678,5.1817,0,0.495,0.22236,-0.15229
298.03,-328.86,29.802,-0.33204,2.6703,0.0059874,6.9992e-05,9.8476,-7.9765,-4.9373,6.3285,4.0722,0,0.495,0.20648,-0.14428
256.42,-287.08,29.941,-0.1548,2.5243,0.0058163,5.3991e-05,6.9507,-8.7311,-4.5035,9.2995,4.0106,0,0.495,0.20648,-0.15626
313.05,-335.29,29.936,-0.072626,2.6021,0.0059026,5.5502e-05,8.3189,-9.7561,-1.8945,9.59,2.9162,0,0.495,0.19855,-0.15624
333.17,-355.51,29.887,-0.12813,2.6541,0.0059597,5.98e-05,9.2651,-9.5738,-2.1954,8.9592,2.9353,0,0.495,0.19855,-0.15225
248.73,-282.52,29.95,-0.23795,2.4573,0.0057479,5.1867e-05,5.8414,-7.8196,-3.8102,8.6793,4.2984,0,0.495,0.21442,-0.15627
260.22,-294.56,29.964,-0.31428,2.3733,0.0056965,4.9895e-05,4.9928,-6.9738,-0.66647,7.9076,4.9522,0,0.495,0.22236,-0.15628
349.72,-371.86,29.841,-0.18632,2.7061,0.0060299,6.7173e-05,10.371,-9.3673,-2.1399,7.7386,2.8566,0,0.495,0.19855,-0.14826
362.45,-386.92,29.8,-0.24577,2.7586,0.006115,7.8056e-05,11.64,-9.1353,-1.8455,6.1613,2.8067,0,0.495,0.19855,-0.14427
169.31,-199.27,29.998,-0.96581,1.5788,0.0056078,6.0472e-05,3.5678,-1.6559,4.9261,2.5352,4.6409,0,0.495,0.29427,-0.14051
159.55,-186.84,29.972,-1.0055,1.5937,0.0056277,6.2968e-05,3.9747,-1.2663,5.6279,2.3552,4.5148,0,0.495,0.29427,-0.13651
104.95,-128.29,30.035,-0.99282,1.4746,0.0055931,7.6821e-05,3.1095,-1.6171,0.06951,3.158,2.8924,0,0.495,0.30221,-0.14052
98.191,-121.51,30.01,-1.0292,1.489,0.0056097,7.9169e-05,3.4453,-1.2428,0.91785,2.98,3.1039,0,0.495,0.30221,-0.13653
217.04,-250.08,29.983,-0.89052,1.6996,0.005602,5.3608e-05,3.4946,-2.1419,4.8169,2.5451,4.6517,0,0.495,0.28633,-0.14449
205.86,-234.92,29.958,-0.93774,1.7175,0.0056216,5.5691e-05,3.9038,-1.7491,5.4849,1.9007,4.4779,0,0.495,0.28633,-0.14049
183.11,-216.05,30.024,-0.92285,1.5616,0.0055915,5.7993e-05,3.2307,-2.0319,3.9628,2.9479,4.6683,0,0.495,0.29427,-0.1445
115.28,-139.29,30.061,-0.95278,1.4582,0.0055794,7.3295e-05,2.8373,-1.9788,-1.2113,3.5877,2.673,0,0.495,0.30221,-0.14451
197.16,-222.42,29.933,-0.98269,1.7332,0.0056457,5.8393e-05,4.3995,-1.3397,6.1427,1.4948,4.1336,0,0.495,0.28631,-0.13645
97.725,-121.57,29.984,-1.0641,1.5016,0.0056298,7.9758e-05,3.872,-0.8561,1.1496,3.1324,3.3326,0,0.495,0.30221,-0.13253
56.543,-72.998,30.006,-1.0847,1.447,0.0056025,0.00010181,3.1772,-0.90253,-2.8764,2.0467,1.4912,0,0.495,0.31015,-0.13254
52.429,-66.671,30.028,-1.0521,1.4373,0.0055865,0.00010608,2.8307,-1.274,-3.4124,1.9644,0.83886,0,0.495,0.31015,-0.13653
52.975,-65.378,30.05,-1.0187,1.4256,0.0055732,0.00010511,2.5623,-1.635,-4.6563,2.2641,0.2047,0,0.495,0.31015,-0.14052
55.836,-66.531,30.073,-0.98166,1.4121,0.0055623,9.9868e-05,2.3516,-1.9847,-6.4483,2.875,-0.43213,0,0.495,0.31015,-0.14452
157.46,-182.74,29.946,-1.0435,1.6062,0.005652,6.5411e-05,4.4843,-0.86158,5.8435,2.5292,4.3297,0,0.495,0.29427,-0.1325
195.36,-217.07,29.909,-1.026,1.7463,0.0056754,6.1975e-05,5.0144,-0.91428,6.5963,1.5295,3.6842,0,0.495,0.28628,-0.13236
101.22,-127.22,29.494,-1.4057,0.078749,0.0060601,0.00035644,11.062,4.1052,1.4252,2.8136,5.4258,0,0.495,0.36574,-0.0079857
104.8,-130.7,29.502,-1.3999,0.11933,0.0060451,0.00034276,10.862,4.0609,0.67609,1.008,5.5184,0,0.495,0.36574,-0.011973
134.48,-160.42,29.421,-1.4826,0.091216,0.0063508,0.00040794,15.07,4.8925,1.6899,2.8625,5.0075,0,0.495,0.35781,-0.0079857
137.98,-163.76,29.43,-1.4776,0.13772,0.0063319,0.00040197,14.845,4.8429,1.0497,1.2386,5.0453,0,0.495,0.35781,-0.011973
139.92,-164.14,29.436,-1.4718,0.18333,0.0063141,0.00039645,14.63,4.7751,2.2766,1.6381,4.8319,0,0.495,0.35781,-0.015963
107.55,-132.33,29.506,-1.3933,0.15861,0.0060318,0.00032995,10.686,4.0004,1.9229,1.1476,5.3331,0,0.495,0.36574,-0.015963
98.417,-123.99,29.477,-1.4006,0.040045,0.0060778,0.00037194,11.273,4.1288,2.2397,3.1544,5.5814,0,0.495,0.36574,-0.0040036
72.43,-97.686,29.551,-1.3343,0.034194,0.0058819,0.00023642,8.2401,3.3938,2.1138,2.8537,5.7398,0,0.495,0.37367,-0.0040038
75.594,-101.07,29.567,-1.3387,0.067321,0.0058711,0.00022706,8.1021,3.3734,1.0877,2.7663,5.5265,0,0.495,0.37367,-0.0079858
74.621,-98.874,29.543,-1.3274,-0.028427,0.0058862,0.00023858,8.2906,3.4011,1.783,1.9241,-6.0875,0,0.495,0.37367,0
101.12,-125.61,29.468,-1.3939,-0.028501,0.0060867,0.00037749,11.377,4.1369,1.7375,2.4149,-5.8548,0,0.495,0.36574,0
78.102,-103.66,29.575,-1.3325,0.10243,0.0058597,0.00021795,7.9287,3.3341,0.15787,0.8561,5.6593,0,0.495,0.37368,-0.011973
81.356,-105.96,29.578,-1.3243,0.13556,0.0058503,0.00020933,7.7901,3.2803,1.3135,0.69452,5.5174,0,0.495,0.37367,-0.015963
132.02,-157.44,29.404,-1.477,0.046245,0.0063785,0.00041472,15.374,4.92,2.3321,3.338,5.142,0,0.495,0.35781,-0.0040034
134.2,-158.64,29.393,-1.4704,-0.02902,0.006395,0.00041706,15.55,4.9292,1.7953,2.7648,-5.3615,0,0.495,0.35781,0
222.99,-233.69,29.344,-1.6591,0.35609,0.0076306,0.00028252,27.532,6.2442,5.6947,5.7705,2.9459,0,0.495,0.34191,-0.023944
282.49,-290.17,29.286,-1.7686,0.40142,0.010418,0.0002519,41.43,7.1364,5.4343,6.5919,2.504,0,0.495,0.33398,-0.023944
229.89,-244.04,29.318,-1.6587,0.29773,0.0077295,0.00027851,28.246,6.3728,4.3109,4.4979,3.288,0,0.495,0.34191,-0.019953
289.47,-301.31,29.256,-1.7705,0.33589,0.010683,0.00025295,42.207,7.2813,4.3468,5.336,2.9667,0,0.495,0.33398,-0.019953
178.7,-197.07,29.382,-1.559,0.26281,0.0067487,0.00034751,19.825,5.5064,4.246,3.8502,3.9862,0,0.495,0.34985,-0.019953
172,-187.65,29.405,-1.5613,0.31453,0.0066943,0.00035612,19.211,5.3916,5.9269,5.237,3.7178,0,0.495,0.34985,-0.023944
275,-279.73,29.321,-1.7661,0.46549,0.010005,0.00025072,40.115,6.9702,5.5945,7.0895,2.0203,0,0.495,0.33398,-0.027934
351.05,-352.15,29.268,-1.8841,0.52233,0.016983,0.00026737,62.335,7.8971,5.2973,8.367,1.685,0,0.495,0.32604,-0.027934
358.14,-364.02,29.228,-1.8906,0.45097,0.018126,0.0002773,63.99,8.0844,5.2079,7.681,2.3452,0,0.495,0.32604,-0.023944
433.15,-439.06,29.211,-2.0151,0.58557,0.033148,0.00033649,95.736,8.8631,5.2574,10.081,2.2648,0,0.495,0.3181,-0.027934
443.15,-454.32,29.165,-2.0261,0.50624,0.035629,0.00035469,97.63,9.076,5.1962,9.1921,3.0709,0,0.495,0.3181,-0.023944
215.43,-223.94,29.375,-1.6605,0.41344,0.0074887,0.00028849,26.513,6.0969,5.9875,6.1748,2.6219,0,0.495,0.34191,-0.027934
164.82,-178.97,29.433,-1.5663,0.3659,0.0066224,0.00036831,18.4,5.2604,6.3997,5.7035,3.4947,0,0.495,0.34985,-0.027935
365.77,-376.82,29.193,-1.8952,0.37772,0.018878,0.00028501,64.73,8.2477,4.3672,6.3525,2.9584,0,0.495,0.32604,-0.019953
453.75,-470.18,29.124,-2.0341,0.42447,0.037338,0.00036986,98.097,9.2617,4.5291,7.7298,3.8455,0,0.495,0.3181,-0.019953
104.05,-124.71,29.535,-1.3947,0.24043,0.005988,0.00029032,10.053,3.8348,6.0301,4.3847,4.8128,0,0.495,0.36574,-0.023944
134.34,-153.2,29.469,-1.4735,0.27626,0.0062513,0.00038116,13.81,4.589,6.0906,4.7841,4.303,0,0.495,0.35781,-0.023944
107.56,-130.3,29.517,-1.3913,0.20049,0.0060143,0.00031376,10.443,3.926,3.8488,2.7221,5.0357,0,0.495,0.36574,-0.019953
139.75,-161,29.448,-1.4701,0.23058,0.0062889,0.00038975,14.311,4.6914,4.1268,3.2458,4.5274,0,0.495,0.35781,-0.019953
80.226,-101.14,29.601,-1.324,0.20653,0.0058214,0.00018498,7.3337,3.1329,5.4832,3.8828,5.0172,0,0.495,0.37367,-0.023944
81.842,-98.589,29.623,-1.3333,0.24417,0.0057982,0.00016603,6.9505,3.0418,7.1674,4.975,4.6558,0,0.495,0.37368,-0.027935
102.49,-120.36,29.559,-1.4043,0.28247,0.0059538,0.0002626,9.5412,3.732,7.1959,5.2884,4.5449,0,0.495,0.36574,-0.027935
78.333,-97.242,29.648,-1.3447,0.27964,0.005775,0.000154,6.5629,2.9382,6.4697,4.8382,4.4346,0,0.495,0.37367,-0.031925
64.087,-80.076,29.685,-1.2698,0.20998,0.0056995,0.00011965,5.0891,2.3909,6.2668,4.5509,4.7274,0,0.495,0.3816,-0.027935
60.511,-81.902,29.666,-1.2627,0.17689,0.0057145,0.00013096,5.3569,2.4728,4.1729,3.394,5.1479,0,0.495,0.3816,-0.023944
98.343,-118.68,29.586,-1.4127,0.32172,0.0059191,0.00024154,9.0209,3.6152,6.1818,4.9067,4.4268,0,0.495,0.36574,-0.031925
81.746,-104.79,29.586,-1.3215,0.17229,0.0058389,0.00019971,7.6185,3.2143,3.2829,2.1995,5.2202,0,0.495,0.37368,-0.019953
60.305,-83.039,29.653,-1.2617,0.14767,0.0057254,0.00013923,5.5489,2.546,2.2726,1.7812,5.3058,0,0.495,0.3816,-0.019953
129.1,-146.36,29.495,-1.4815,0.32262,0.0062027,0.00037255,13.158,4.4726,6.8319,5.4404,4.1098,0,0.495,0.35781,-0.027935
123.78,-143.52,29.522,-1.4861,0.36591,0.0061516,0.00036821,12.479,4.3403,5.8092,4.9285,4.0097,0,0.495,0.35781,-0.031925
50.315,-68.459,29.731,-1.2071,0.15642,0.0056454,0.00011176,3.9508,1.8459,2.26,2.8411,4.3426,0,0.495,0.38954,-0.023944
55.986,-67.928,29.746,-1.2118,0.18538,0.0056361,0.00010542,3.7772,1.7689,4.4852,3.8847,3.9572,0,0.495,0.38954,-0.027935
46.951,-67.518,29.719,-1.208,0.13055,0.0056523,0.00011623,4.0767,1.9112,0.85342,1.365,4.4019,0,0.495,0.38954,-0.019953
448.48,-473.25,29.461,-1.0023,-2.9756,0.0073099,0.0002811,25.551,-2.6826,-3.1405,7.4082,-6.072,0,0.495,0.21442,0.10825
481.99,-504.47,29.399,-1.0811,-3.0107,0.0077656,0.00026282,29.698,-2.0183,-3.1396,8.3376,-6.4049,0,0.495,0.21435,0.1041
476.72,-498.61,29.442,-0.93076,-3.098,0.0076174,0.00027036,28.307,-3.9973,-3.6109,8.2855,-6.1766,0,0.495,0.20638,0.10811
505.8,-525.01,29.377,-1.0096,-3.139,0.0081241,0.00024925,32.74,-3.3777,-3.4944,9.1154,-6.5798,0,0.495,0.20636,0.10407
417.44,-445.12,29.535,-0.98918,-2.8106,0.0067765,0.0002416,20.273,-2.1822,-0.60534,5.4374,-5.3467,0,0.495,0.22236,0.11234
451.41,-476.3,29.482,-1.0614,-2.8436,0.007061,0.00027917,23.289,-1.5546,-0.91383,6.5937,-5.4131,0,0.495,0.22238,0.10834
415.05,-442,29.517,-0.92721,-2.9375,0.0069837,0.00026431,22.287,-3.2983,-2.9246,6.207,-5.8094,0,0.495,0.21444,0.11231
488.16,-509.06,29.423,-1.1373,-2.8745,0.00746,0.00027652,27.115,-0.88523,-1.2242,7.5298,-5.5657,0,0.495,0.22238,0.10431
447.22,-469.23,29.501,-0.85365,-3.0556,0.0072497,0.00027467,24.817,-4.5895,-3.508,7.181,-5.79,0,0.495,0.20643,0.11221
557.44,-564.97,29.366,-0.93376,-3.2712,0.0086948,0.00023996,36.351,-4.9652,-2.8753,9.707,-5.4201,0,0.495,0.1984,0.10412
579.74,-583.93,29.296,-1.0135,-3.3122,0.0095226,0.00022585,42.272,-4.3254,-2.8653,10.129,-5.676,0,0.495,0.1984,0.10013
537.9,-554.12,29.309,-1.0889,-3.1781,0.0088515,0.00023138,38.409,-2.7218,-3.3637,9.7204,-6.8988,0,0.495,0.20635,0.10012
602.46,-610.11,29.233,-1.0154,-3.4919,0.013694,0.00024186,56.209,-5.4775,-2.7034,10.718,-4.1308,0,0.495,0.19046,0.096133
597.79,-602.69,29.306,-0.93486,-3.4511,0.011937,0.00024604,48.229,-6.1307,-2.7845,10.62,-3.8858,0,0.495,0.19046,0.10012
601.44,-606.29,29.223,-1.0939,-3.3522,0.010685,0.00021503,49.783,-3.632,-2.7187,10.347,-5.903,0,0.495,0.1984,0.096141
574.04,-588.89,29.237,-1.1705,-3.2144,0.0099504,0.00021833,45.717,-1.9988,-3.2451,10.095,-7.1394,0,0.495,0.20634,0.096132
590.83,-595.13,29.377,-0.85385,-3.4091,0.010531,0.00025171,41.685,-6.7305,-2.8118,10.37,-3.6229,0,0.495,0.19046,0.10412
516.16,-538.16,29.332,-1.1611,-3.0447,0.0084435,0.00024197,35.056,-1.3267,-3.0708,9.0898,-6.707,0,0.495,0.21433,0.10006
565.14,-584.66,29.29,-1.2992,-2.9296,0.009114,0.00023618,38.727,0.57204,-1.7532,8.9793,-5.9439,0,0.495,0.22235,0.096192
555.96,-575.76,29.261,-1.2434,-3.0764,0.0095403,0.00022723,42.13,-0.58564,-3.0705,9.7029,-6.9612,0,0.495,0.21432,0.096049
526.09,-545.67,29.359,-1.2164,-2.9037,0.0080703,0.00025275,32.084,-0.17932,-1.4993,8.2972,-5.7133,0,0.495,0.22237,0.10028
538.52,-548.55,29.433,-0.8549,-3.2277,0.0080959,0.00025663,31.664,-5.5532,-2.7682,9.013,-5.0783,0,0.495,0.1984,0.10812
570.99,-575.65,29.508,-0.693,-3.3195,0.0086605,0.00026997,32.099,-7.7847,-2.23,8.9478,-2.9677,0,0.495,0.19046,0.11211
519.16,-530.91,29.494,-0.77755,-3.1816,0.0076503,0.0002724,27.913,-6.0985,-2.6055,7.9826,-4.664,0,0.495,0.19842,0.11214
582.44,-585.87,29.445,-0.77298,-3.3651,0.0094622,0.00025961,36.399,-7.2801,-2.6496,9.879,-3.318,0,0.495,0.19046,0.10811
216.97,-244.32,29.734,-1.3168,-1.6498,0.0059832,0.00016334,10.686,1.8863,1.2435,4.8916,-3.8015,0,0.495,0.29409,0.10799
149.57,-180.95,29.784,-1.3283,-1.5518,0.0058833,0.00014231,8.9015,1.736,-2.017,4.8073,-4.6033,0,0.495,0.30209,0.10818
217.08,-245.76,29.696,-1.3708,-1.6515,0.0060948,0.00021679,12.424,2.3799,0.72465,4.3074,-4.0041,0,0.495,0.29413,0.10398
150.47,-182.86,29.747,-1.3796,-1.5545,0.0059661,0.00018327,10.271,2.2052,-1.6618,4.2472,-4.7946,0,0.495,0.30209,0.10408
266.14,-279.53,29.745,-1.2562,-1.781,0.0059676,0.00013956,10.464,1.4559,4.4709,5.1517,-1.657,0,0.495,0.28614,0.11197
212.17,-238.49,29.774,-1.2644,-1.6457,0.005894,0.00012644,9.2018,1.4019,2.0256,5.0641,-3.6578,0,0.495,0.2941,0.11204
277.59,-291.8,29.703,-1.3096,-1.782,0.0060767,0.00018197,12.203,1.9641,3.6806,5.2358,-1.6758,0,0.495,0.28615,0.10797
144.87,-175.41,29.822,-1.2771,-1.5461,0.0058172,0.00011487,7.7323,1.275,-1.954,5.0075,-4.3863,0,0.495,0.30214,0.11235
282.61,-298.63,29.662,-1.3653,-1.781,0.0062143,0.00024325,14.256,2.4865,3.043,4.811,-1.8905,0,0.495,0.28618,0.10398
150.54,-182.97,29.714,-1.4296,-1.5533,0.0060703,0.00024169,11.894,2.6856,-0.97215,3.4546,-4.9565,0,0.495,0.30216,0.10002
123.37,-153.03,29.768,-1.4246,-1.4739,0.0059153,0.00017804,9.3427,2.4391,0.2454,2.9949,-4.6573,0,0.495,0.3101,0.1002
119.56,-149.41,29.799,-1.3813,-1.4798,0.0058411,0.00014024,8.0789,1.9851,-1.1263,3.6001,-4.4331,0,0.495,0.3101,0.10438
142.52,-161.8,29.79,-1.4389,-1.371,0.0058669,0.00015601,8.5741,2.5954,4.6059,2.1278,-3.559,0,0.495,0.3181,0.096128
131.11,-160.48,29.739,-1.4655,-1.4633,0.00601,0.00022999,10.875,2.8992,1.3192,2.3081,-4.7478,0,0.495,0.31014,0.09604
132.92,-153.27,29.817,-1.4044,-1.3876,0.0057996,0.00012516,7.3731,2.1649,3.9029,2.53,-3.5712,0,0.495,0.31808,0.1004
126.72,-149.05,29.846,-1.3687,-1.4003,0.0057474,0.00010388,6.3987,1.7441,2.659,2.9409,-3.455,0,0.495,0.31808,0.10455
153.99,-186.08,29.683,-1.4776,-1.5482,0.0062015,0.00031134,13.837,3.1717,-0.23463,2.5441,-5.047,0,0.495,0.30221,0.09599
115.84,-144.88,29.833,-1.3357,-1.4812,0.0057836,0.00011483,7.0437,1.5433,-2.3624,4.021,-4.2049,0,0.495,0.31012,0.10849
118,-142.57,29.906,-1.2902,-1.4134,0.0056765,8.2539e-05,4.9793,0.93813,-0.16279,3.1407,-3.2358,0,0.495,0.31808,0.11259
122.39,-146.38,29.876,-1.3307,-1.4086,0.0057076,9.0343e-05,5.6211,1.3363,1.1876,3.2249,-3.3568,0,0.495,0.31808,0.10859
109.64,-137.49,29.866,-1.2889,-1.4793,0.0057383,9.9085e-05,6.1757,1.1108,-3.1973,4.0856,-3.9189,0,0.495,0.31013,0.11255
215.43,-244.35,29.661,-1.4254,-1.6506,0.0062344,0.00029224,14.466,2.8853,0.51735,3.4775,-4.1982,0,0.495,0.29423,0.099976
286.94,-307.76,29.586,-1.4812,-1.7733,0.0066126,0.00033324,19.697,3.5696,1.9636,3.2838,-2.6601,0,0.495,0.28631,0.095983
283.79,-302.42,29.622,-1.4226,-1.7779,0.0063886,0.00031471,16.702,3.0229,2.5027,4.1105,-2.2261,0,0.495,0.28627,0.099973
215.98,-244.92,29.629,-1.4798,-1.6473,0.0064106,0.00034717,16.923,3.3993,0.47815,2.5565,-4.3879,0,0.495,0.29427,0.095981
1404.9,1992,4.4642,1.1551,8.0956,19.36,0.015298,1339.3,-48.242,-315.73,-21.395,85.502,0,0.495,0.015507,0.15207
-466.72,5736.3,4.0373,1.6603,5.9409,22.589,0.022953,997.28,-49.532,-311.69,-13.724,31.331,0,0.495,0.023434,0.15208
694.25,3021.4,4.5051,1.0238,8.4507,19.846,0.016164,1301.2,-50.962,-316.54,-23.531,87.899,0,0.495,0.015509,0.14808
-679.03,6612.6,4.057,1.4778,6.284,23.176,0.024318,965.65,-52.271,-313.75,-16.352,34.929,0,0.495,0.023436,0.14808
935.48,10452,3.8556,1.6803,4.5059,25.423,0.031072,820.51,-56.467,-319.04,-14.392,4.3833,0,0.495,0.031363,0.1441
-774.45,7377,4.0929,1.2957,6.6053,23.664,0.025572,937.48,-54.724,-314.97,-18.546,38.209,0,0.495,0.023438,0.14409
935.04,9652.6,3.8513,1.906,4.1996,24.865,0.029534,844.34,-53.968,-316.35,-11.25,-0.78805,0,0.495,0.031361,0.14809
990.09,8779.7,3.8665,2.1303,3.8763,24.191,0.027834,871.72,-51.21,-312.86,-7.5986,-6.5656,0,0.495,0.031359,0.15209
159.36,3878.5,4.5598,0.89375,8.7788,20.262,0.01698,1265.8,-53.377,-316.51,-25.17,89.904,0,0.495,0.015511,0.14408
2182.4,813.02,4.4389,1.2868,7.7135,18.796,0.014386,1380.2,-45.248,-314,-19.648,82.693,0,0.495,0.015505,0.15607
-28168,2252.6,5.405,0.70519,10.006,13.6,0.0055953,2715.2,-44.279,497.93,-18.418,1684.3,0,0.495,0.0075762,0.15606
-26739,2813.7,5.4498,0.63358,10.398,13.921,0.0058942,2706.8,-47.259,522.99,-19.275,1682,0,0.495,0.0075789,0.15207
-29331,1591.9,5.3707,0.77696,9.5798,13.24,0.0052888,2722.9,-41.021,471.26,-16.935,1685.7,0,0.495,0.0075732,0.16006
-65956,6356.9,6.0587,0.44991,10.777,10.248,0.00091001,3765.9,-40.49,1259.2,5.8629,3259.5,0,0.495,0,0.16005
-62306,6205,6.1035,0.4112,11.205,10.417,0.00092117,3795.3,-43.661,1314.6,5.2744,3253.3,0,0.495,0,0.15606
3051.2,-415.47,4.4277,1.4195,7.3046,18.149,0.013438,1423.4,-41.991,-311.27,-17.325,79.474,0,0.495,0.015502,0.16006
-58269,5927.4,6.1569,0.37229,11.599,10.572,0.00093152,3822.1,-46.553,1365.8,5.2584,3245.7,0,0.495,0,0.15206
-278.15,4789,4.0354,1.8419,5.5789,21.893,0.021487,1032.5,-46.508,-308.71,-11.301,27.362,0,0.495,0.023431,0.15607
1200.3,6795.7,3.9648,2.5707,3.1922,22.467,0.024016,938.41,-45.026,-303.14,1.1375,-20.884,0,0.495,0.031354,0.16008
1030.2,7843.8,3.9035,2.3521,3.5397,23.393,0.025987,902.95,-48.183,-308.48,-3.7577,-13.118,0,0.495,0.031357,0.15608
23.256,3766,4.0518,2.0235,5.1997,21.08,0.019939,1071.1,-43.317,-304.74,-8.2281,22.882,0,0.495,0.023429,0.16007
-25354,3098.6,5.5065,0.56253,10.758,14.207,0.0061836,2698.1,-49.945,546.39,-20.597,1678.6,0,0.495,0.0075812,0.14807
-50467,4721.4,6.2908,0.29522,12.28,10.846,0.00095069,3868.1,-51.448,1455.5,4.7676,3225.9,0,0.495,0,0.14408
-54431,5297.5,6.2202,0.33346,11.957,10.714,0.00094127,3846.4,-49.163,1412.8,4.7739,3236.5,0,0.495,0,0.14807
-23819,3321.5,5.5729,0.49258,11.085,14.461,0.0064622,2689.2,-52.31,568.01,-21.353,1674.3,0,0.495,0.0075831,0.14408
7054.1,9060.7,14.741,3.4112,-5.297,28.497,0.018945,1377.4,-46.273,-113.94,236.19,-482.52,0,0.495,0.079145,0.15213
7617.5,5616.5,18.447,3.1747,-5.541,26.056,0.018693,1363.6,-41.959,-58.799,248.61,-464.52,0,0.495,0.087074,0.15215
5194.3,10264,13.815,3.174,-5.4058,29.259,0.019832,1335.6,-48.735,-132.88,207.59,-472,0,0.495,0.079146,0.14814
6435.5,6662.1,17.491,2.9727,-5.7316,27.417,0.019717,1344.5,-44.164,-74.308,227.17,-465.66,0,0.495,0.087075,0.14815
5428.4,3699.7,20.074,2.4961,-5.9318,24.785,0.019357,1273.5,-41.347,-40.304,207.6,-429.59,0,0.495,0.095001,0.14418
4781.2,7725.2,16.615,2.743,-5.8835,28.553,0.020707,1320.7,-46.268,-89.524,204.77,-463.65,0,0.495,0.087075,0.14416
6499.2,2723.2,20.939,2.6902,-5.726,23.116,0.018046,1276.1,-39.386,-28.667,223.69,-423.71,0,0.495,0.095001,0.14817
4643.5,1768.2,21.857,2.8573,-5.4843,21.218,0.016625,1270.4,-37.333,-17.068,237.59,-414.1,0,0.495,0.095001,0.15216
2977.9,11467,12.996,2.9102,-5.4748,29.872,0.020867,1293.3,-51.069,-150.9,179.09,-458.95,0,0.495,0.079147,0.14414
9921.1,7704.6,15.771,3.6194,-5.1456,27.541,0.01807,1416.7,-43.631,-94.47,265.55,-488.88,0,0.495,0.079144,0.15612
9435.7,10799,11.979,3.7434,-4.5747,28.01,0.018152,1361.4,-46.623,-157.87,237.31,-464.49,0,0.495,0.071187,0.15611
6740.4,12058,11.063,3.4997,-4.615,28.466,0.019526,1299.7,-49.39,-179.65,200.49,-442.21,0,0.495,0.071189,0.15212
6080.5,11705,9.4557,3.9712,-3.5875,26.352,0.018317,1297.9,-46.681,-199.63,208.41,-411.3,0,0.495,0.063102,0.16012
11559,9524.1,13.038,3.9578,-4.4883,27.439,0.017023,1424.5,-43.799,-134.55,275.44,-484.09,0,0.495,0.071185,0.16011
3676.9,13190,8.6352,3.7201,-3.5363,26.689,0.020369,1218.6,-49.638,-222.25,166.71,-377.37,0,0.495,0.063106,0.15613
11686,6359.1,16.908,3.7962,-4.9492,26.334,0.017168,1451,-40.921,-74.792,293.92,-490.92,0,0.495,0.079144,0.16012
1578.1,14499,7.9651,3.4455,-3.4505,27.032,0.022511,1147.8,-52.528,-241.82,131.04,-345.37,0,0.495,0.063119,0.15213
9452.3,4398.2,19.48,3.3474,-5.3113,24.436,0.017566,1375.9,-39.62,-43.305,269.6,-458.86,0,0.495,0.087073,0.15614
2261.9,-394.5,23.813,3.104,-4.8997,16.766,0.013571,1223.3,-33.014,4.647,256.42,-379.22,0,0.495,0.095,0.16015
3390.5,641.91,22.819,2.9959,-5.208,19.096,0.015127,1253.8,-35.192,-5.8317,249.27,-399.29,0,0.495,0.095,0.15615
8464.9,3219.4,20.584,3.4883,-5.0426,22.52,0.016288,1378.4,-37.231,-28.088,288.1,-448.71,0,0.495,0.087073,0.16013
4761.4,13258,10.28,3.2302,-4.6153,28.85,0.021039,1241.3,-51.975,-199.61,167,-418.12,0,0.495,0.071197,0.14812
-644.39,16830,6.9842,2.8429,-3.2065,27.733,0.026554,1031.3,-57.74,-272.78,76.731,-289.71,0,0.495,0.063192,0.14413
327.98,15716,7.422,3.1517,-3.3377,27.382,0.024534,1085.4,-55.217,-258.53,101.64,-315.82,0,0.495,0.063155,0.14813
2758,14441,9.6186,2.9383,-4.5817,29.185,0.022763,1187.2,-54.437,-217.58,136.07,-394.18,0,0.495,0.071206,0.14413
1181.1,-1342.6,30.005,0.8136,-3.572,0.14857,0.0012029,93.046,-20.085,5.1738,12.279,-10.913,0,0.495,0.14258,0.15221
901.99,-1008.6,30.005,0.61049,-3.4032,0.036739,0.00042045,46.553,-18.293,2.0219,6.7998,-3.8224,0,0.495,0.15063,0.15204
1152.4,-1379.4,29.956,0.73397,-3.6993,0.23512,0.0016223,120.28,-20.481,6.3508,15.341,-16.717,0,0.495,0.14258,0.14822
918.7,-1037.6,29.977,0.53742,-3.5115,0.058791,0.00065521,58.269,-18.563,3.2357,7.2392,-5.632,0,0.495,0.15063,0.14804
746.45,-821.27,29.934,0.30018,-3.4424,0.024201,0.00036044,39.363,-16.837,2.4158,5.3761,-3.4797,0,0.495,0.1586,0.14402
918.95,-1048.2,29.945,0.46012,-3.6173,0.092563,0.00096065,73.431,-18.814,4.1456,8.3627,-8.5327,0,0.495,0.15063,0.14405
727.72,-799.82,29.959,0.3709,-3.3519,0.016733,0.0002563,33.127,-16.707,1.3247,5.6592,-2.7614,0,0.495,0.1586,0.14801
702.57,-772.12,29.986,0.43969,-3.26,0.012282,0.0001905,28.404,-16.556,-0.062316,6.3324,-2.5575,0,0.495,0.1586,0.15201
960.63,-1375.6,29.892,0.64733,-3.8239,0.35834,0.0020636,153.25,-20.859,7.4702,19.461,-24.459,0,0.495,0.14258,0.14423
1176.4,-1297.1,30.044,0.88648,-3.4428,0.090286,0.0008043,71.428,-19.681,3.8527,10.292,-6.6692,0,0.495,0.14258,0.15621
1266.2,-1669.5,29.993,1.1335,-3.6288,0.35517,0.0019582,151.59,-21.513,8.3707,21.201,-23.564,0,0.495,0.13463,0.15623
941.5,-1703.6,29.907,1.0571,-3.7847,0.55425,0.0025186,196.09,-22.114,10.142,27.262,-34.349,0,0.495,0.13463,0.15224
672,-2163.9,29.888,1.4807,-3.6703,0.78404,0.0029219,242.22,-22.477,12.778,38.346,-45.605,0,0.495,0.12671,0.16021
1343.9,-1581.6,30.057,1.2009,-3.4733,0.2176,0.0014474,114.69,-20.922,6.796,16.527,-15.406,0,0.495,0.13463,0.16022
309.56,-2247.7,29.732,1.4112,-3.8616,1.1954,0.0035595,307.78,-23.225,15.324,48.954,-62.861,0,0.495,0.12671,0.15622
1112.1,-1223.3,30.077,0.95337,-3.3134,0.053341,0.0004903,55.06,-19.269,2.4883,9.1254,-3.9968,0,0.495,0.14258,0.1602
-254.96,-2202.4,29.532,1.3311,-4.0547,1.7406,0.0042561,378.56,-23.988,17.816,60.537,-82.885,0,0.495,0.12671,0.15222
868.99,-965.04,30.032,0.67981,-3.2939,0.023265,0.00027951,37.816,-18.01,0.6533,6.9316,-2.7777,0,0.495,0.15063,0.15603
631.6,-698.95,30.048,0.5715,-3.0744,0.0082781,0.00012118,22.093,-16.206,-2.3199,7.9216,-2.9867,0,0.495,0.1586,0.15999
669.03,-736.54,30.016,0.50688,-3.1674,0.009722,0.00014863,24.828,-16.388,-1.3895,7.1888,-2.645,0,0.495,0.1586,0.156
824.57,-912.34,30.06,0.7456,-3.1846,0.015544,0.00019732,31.54,-17.716,-0.63771,7.3343,-2.4379,0,0.495,0.15063,0.16002
675.37,-1736.5,29.795,0.97183,-3.9393,0.82909,0.0030563,247.3,-22.731,11.986,34.703,-47.392,0,0.495,0.13464,0.14824
-1104,-1920.2,28.988,1.139,-4.4342,3.265,0.005885,523.4,-25.57,21.707,84.29,-127.17,0,0.495,0.12671,0.14424
-685.19,-2140.4,29.284,1.2403,-4.2467,2.43,0.0050306,451.48,-24.784,20.025,72.608,-104.5,0,0.495,0.12671,0.14823
329.64,-1686.7,29.65,0.87766,-4.0914,1.1936,0.0036121,303.81,-23.338,13.77,43.229,-62.764,0,0.495,0.13464,0.14425
272.95,-303.24,29.891,-0.21134,-2.5729,0.0058619,5.6369e-05,7.7609,-8.5051,-5.0579,8.8756,-4.115,0,0.495,0.20648,0.15227
262.94,-295.89,29.901,-0.29373,-2.5031,0.0057844,5.2691e-05,6.5233,-7.5521,-4.5401,8.4729,-4.4736,0,0.495,0.21442,0.15228
287.02,-316.91,29.844,-0.27092,-2.6214,0.0059183,6.151e-05,8.7264,-8.2536,-5.1904,7.8245,-4.0907,0,0.495,0.20648,0.14827
273.85,-306.28,29.854,-0.35301,-2.5481,0.0058305,5.58e-05,7.3628,-7.2598,-4.7157,7.6034,-4.5198,0,0.495,0.21442,0.14829
296.33,-331.08,29.826,-0.48621,-2.4984,0.0058138,5.5066e-05,7.2294,-6.0069,-1.991,5.9286,-5.3594,0,0.495,0.22236,0.1443
280.74,-313.31,29.81,-0.41366,-2.5928,0.0058875,6.1984e-05,8.3569,-6.9415,-4.3683,6.1969,-4.5769,0,0.495,0.21442,0.14429
290.35,-324.38,29.869,-0.42594,-2.4576,0.0057656,5.1005e-05,6.3341,-6.3542,-2.1015,7.1811,-5.2806,0,0.495,0.22236,0.1483
278.14,-311.9,29.916,-0.36782,-2.416,0.005727,4.9554e-05,5.5909,-6.6756,-1.6155,7.8678,-5.1817,0,0.495,0.22236,0.15229
298.03,-328.86,29.802,-0.33204,-2.6703,0.0059874,6.9992e-05,9.8476,-7.9765,-4.9373,6.3285,-4.0722,0,0.495,0.20648,0.14428
256.42,-287.08,29.941,-0.1548,-2.5243,0.0058163,5.3991e-05,6.9507,-8.7311,-4.5035,9.2995,-4.0106,0,0.495,0.20648,0.15626
313.05,-335.29,29.936,-0.072626,-2.6021,0.0059026,5.5502e-05,8.3189,-9.7561,-1.8945,9.59,-2.9162,0,0.495,0.19855,0.15624
333.17,-355.51,29.887,-0.12813,-2.6541,0.0059597,5.98e-05,9.2651,-9.5738,-2.1954,8.9592,-2.9353,0,0.495,0.19855,0.15225
375.29,-394.03,29.998,0.07109,-2.6487,0.0059535,5.3855e-05,9.0775,-10.989,0.36136,9.6608,-1.3641,0,0.495,0.19059,0.16019
288.48,-312.15,29.985,-0.021381,-2.5498,0.0058559,5.3618e-05,7.5128,-9.918,-1.2883,9.5407,-2.8928,0,0.495,0.19855,0.16024
396.99,-411.79,29.95,0.018711,-2.7078,0.0060128,5.8034e-05,9.9908,-10.868,-0.031835,9.5757,-1.2399,0,0.495,0.19059,0.1562
239.69,-270.92,29.989,-0.10279,-2.4754,0.0057792,5.3468e-05,6.273,-8.9346,-3.5656,9.0541,-3.9009,0,0.495,0.20648,0.16025
414.52,-428.93,29.903,-0.037528,-2.7655,0.0060857,6.4741e-05,11.065,-10.731,-0.0506,8.8034,-1.1293,0,0.495,0.19059,0.15221
248.73,-282.52,29.95,-0.23795,-2.4573,0.0057479,5.1867e-05,5.8414,-7.8196,-3.8102,8.6793,-4.2984,0,0.495,0.21442,0.15627
240.77,-275.06,30.01,-0.26654,-2.3291,0.0056719,5.1144e-05,4.4973,-7.2515,0.39732,7.4568,-4.7313,0,0.495,0.22236,0.16027
260.22,-294.56,29.964,-0.31428,-2.3733,0.0056965,4.9895e-05,4.9928,-6.9738,-0.66647,7.9076,-4.9522,0,0.495,0.22236,0.15628
234.7,-268.98,29.997,-0.18748,-2.4103,0.0057183,5.2293e-05,5.2829,-8.0652,-2.6796,8.2998,-4.124,0,0.495,0.21442,0.16026
349.72,-371.86,29.841,-0.18632,-2.7061,0.0060299,6.7173e-05,10.371,-9.3673,-2.1399,7.7386,-2.8566,0,0.495,0.19855,0.14826
439.24,-454.31,29.82,-0.15509,-2.8798,0.0062844,8.8359e-05,13.748,-10.392,0.74805,5.9611,-0.85592,0,0.495,0.19059,0.14422
428.67,-442.32,29.859,-0.095956,-2.8227,0.0061754,7.4695e-05,12.318,-10.573,0.27106,7.5077,-0.96505,0,0.495,0.19059,0.14822
362.45,-386.92,29.8,-0.24577,-2.7586,0.006115,7.8056e-05,11.64,-9.1353,-1.8455,6.1613,-2.8067,0,0.495,0.19855,0.14427
169.31,-199.27,29.998,-0.96581,-1.5788,0.0056078,6.0472e-05,3.5678,-1.6559,4.9261,2.5352,-4.6409,0,0.495,0.29427,0.14051
104.95,-128.29,30.035,-0.99282,-1.4746,0.0055931,7.6821e-05,3.1095,-1.6171,0.06951,3.158,-2.8924,0,0.495,0.30221,0.14052
159.55,-186.84,29.972,-1.0055,-1.5937,0.0056277,6.2968e-05,3.9747,-1.2663,5.6279,2.3552,-4.5148,0,0.495,0.29427,0.13651
98.191,-121.51,30.01,-1.0292,-1.489,0.0056097,7.9169e-05,3.4453,-1.2428,0.91785,2.98,-3.1039,0,0.495,0.30221,0.13653
217.04,-250.08,29.983,-0.89052,-1.6996,0.005602,5.3608e-05,3.4946,-2.1419,4.8169,2.5451,-4.6517,0,0.495,0.28633,0.14449
183.11,-216.05,30.024,-0.92285,-1.5616,0.0055915,5.7993e-05,3.2307,-2.0319,3.9628,2.9479,-4.6683,0,0.495,0.29427,0.1445
205.86,-234.92,29.958,-0.93774,-1.7175,0.0056216,5.5691e-05,3.9038,-1.7491,5.4849,1.9007,-4.4779,0,0.495,0.28633,0.14049
115.28,-139.29,30.061,-0.95278,-1.4582,0.0055794,7.3295e-05,2.8373,-1.9788,-1.2113,3.5877,-2.673,0,0.495,0.30221,0.14451
197.16,-222.42,29.933,-0.98269,-1.7332,0.0056457,5.8393e-05,4.3995,-1.3397,6.1427,1.4948,-4.1336,0,0.495,0.28631,0.13645
97.725,-121.57,29.984,-1.0641,-1.5016,0.0056298,7.9758e-05,3.872,-0.8561,1.1496,3.1324,-3.3326,0,0.495,0.30221,0.13253
56.543,-72.998,30.006,-1.0847,-1.447,0.0056025,0.00010181,3.1772,-0.90253,-2.8764,2.0467,-1.4912,0,0.495,0.31015,0.13254
52.429,-66.671,30.028,-1.0521,-1.4373,0.0055865,0.00010608,2.8307,-1.274,-3.4124,1.9644,-0.83886,0,0.495,0.31015,0.13653
67.176,-84.046,30.002,-1.1277,-1.4151,0.0055913,9.4058e-05,2.985,-0.59322,-1.5371,0.55498,-2.2916,0,0.495,0.31809,0.12856
65.14,-83.88,29.983,-1.1191,-1.4554,0.0056219,9.5018e-05,3.6153,-0.5192,-2.9053,2.3785,-2.1197,0,0.495,0.31015,0.12855
53.292,-67.314,30.018,-1.0948,-1.414,0.0055758,0.00010436,2.6161,-0.95906,-1.5285,0.0885,-1.7093,0,0.495,0.31809,0.13255
44.493,-55.773,30.032,-1.0648,-1.412,0.0055628,0.00011252,2.3237,-1.3138,-2.1372,-0.024586,-1.0309,0,0.495,0.31809,0.13654
104.13,-128.27,29.957,-1.1,-1.5126,0.0056545,7.975e-05,4.4102,-0.45613,0.81852,3.4972,-3.5545,0,0.495,0.30221,0.12853
52.975,-65.378,30.05,-1.0187,-1.4256,0.0055732,0.00010511,2.5623,-1.635,-4.6563,2.2641,-0.2047,0,0.495,0.31015,0.14052
41.883,-48.005,30.062,-1.0011,-1.4027,0.0055436,0.00011119,1.9299,-1.995,-5.7694,1.0349,0.55489,0,0.495,0.31809,0.14452
41.342,-50.336,30.046,-1.0347,-1.4083,0.0055522,0.00011488,2.0991,-1.6597,-3.6009,0.31542,-0.27809,0,0.495,0.31809,0.14053
55.836,-66.531,30.073,-0.98166,-1.4121,0.0055623,9.9868e-05,2.3516,-1.9847,-6.4483,2.875,0.43213,0,0.495,0.31015,0.14452
157.46,-182.74,29.946,-1.0435,-1.6062,0.005652,6.5411e-05,4.4843,-0.86158,5.8435,2.5292,-4.3297,0,0.495,0.29427,0.1325
201.38,-220.82,29.884,-1.069,-1.7573,0.0057121,6.7495e-05,5.7705,-0.46837,6.7208,1.9775,-3.1277,0,0.495,0.28623,0.12821
195.36,-217.07,29.909,-1.026,-1.7463,0.0056754,6.1975e-05,5.0144,-0.91428,6.5963,1.5295,-3.6842,0,0.495,0.28628,0.13236
163.94,-188,29.918,-1.082,-1.6167,0.0056822,6.8702e-05,5.1243,-0.43787,5.5353,2.9773,-4.085,0,0.495,0.29425,0.12847
134.48,-160.42,29.421,-1.4826,-0.091216,0.0063508,0.00040794,15.07,4.8925,1.6899,2.8625,-5.0075,0,0.495,0.35781,0.0079857
137.98,-163.76,29.43,-1.4776,-0.13772,0.0063319,0.00040197,14.845,4.8429,1.0497,1.2386,-5.0453,0,0.495,0.35781,0.011973
101.22,-127.22,29.494,-1.4057,-0.078749,0.0060601,0.00035644,11.062,4.1052,1.4252,2.8136,-5.4258,0,0.495,0.36574,0.0079857
104.8,-130.7,29.502,-1.3999,-0.11933,0.0060451,0.00034276,10.862,4.0609,0.67609,1.008,-5.5184,0,0.495,0.36574,0.011973
179.5,-201.08,29.366,-1.5611,-0.20964,0.0067844,0.00034248,20.207,5.6004,2.504,2.2231,-4.3217,0,0.495,0.34985,0.015963
139.92,-164.14,29.436,-1.4718,-0.18333,0.0063141,0.00039645,14.63,4.7751,2.2766,1.6381,-4.8319,0,0.495,0.35781,0.015963
178.48,-201.75,29.358,-1.5665,-0.15745,0.006807,0.00033951,20.439,5.6766,1.3199,1.5831,-4.5757,0,0.495,0.34985,0.011973
175.33,-198.94,29.349,-1.5711,-0.10457,0.0068294,0.00033661,20.671,5.7322,1.9003,2.9919,-4.5983,0,0.495,0.34985,0.0079855
107.55,-132.33,29.506,-1.3933,-0.15861,0.0060318,0.00032995,10.686,4.0004,1.9229,1.1476,-5.3331,0,0.495,0.36574,0.015963
98.417,-123.99,29.477,-1.4006,-0.040045,0.0060778,0.00037194,11.273,4.1288,2.2397,3.1544,-5.5814,0,0.495,0.36574,0.0040036
72.43,-97.686,29.551,-1.3343,-0.034194,0.0058819,0.00023642,8.2401,3.3938,2.1138,2.8537,-5.7398,0,0.495,0.37367,0.0040038
75.594,-101.07,29.567,-1.3387,-0.067321,0.0058711,0.00022706,8.1021,3.3734,1.0877,2.7663,-5.5265,0,0.495,0.37367,0.0079858
53.807,-77.764,29.623,-1.278,-0.028853,0.0057533,0.00015856,5.9928,2.7076,1.8119,2.4225,-5.8062,0,0.495,0.3816,0.0040043
58.037,-81.923,29.638,-1.2813,-0.057816,0.0057472,0.00015287,5.9153,2.6892,0.64422,2.7079,-5.5439,0,0.495,0.3816,0.007986
78.102,-103.66,29.575,-1.3325,-0.10243,0.0058597,0.00021795,7.9287,3.3341,0.15787,0.8561,-5.6593,0,0.495,0.37368,0.011973
59.567,-82.929,29.647,-1.2656,-0.116,0.0057326,0.0001445,5.663,2.6055,0.3235,0.35091,-5.6017,0,0.495,0.3816,0.015963
57.877,-81.65,29.647,-1.2753,-0.088404,0.0057392,0.00014903,5.7729,2.6541,-0.51915,0.83481,-5.6826,0,0.495,0.3816,0.011973
81.356,-105.96,29.578,-1.3243,-0.13556,0.0058503,0.00020933,7.7901,3.2803,1.3135,0.69452,-5.5174,0,0.495,0.37367,0.015963
132.02,-157.44,29.404,-1.477,-0.046245,0.0063785,0.00041472,15.374,4.92,2.3321,3.338,-5.142,0,0.495,0.35781,0.0040034
173.09,-196.23,29.331,-1.5652,-0.05286,0.0068768,0.00033199,21.102,5.7638,2.4457,3.5051,-4.7439,0,0.495,0.34985,0.0040031
229.89,-244.04,29.318,-1.6587,-0.29773,0.0077295,0.00027851,28.246,6.3728,4.3109,4.4979,-3.288,0,0.495,0.34191,0.019953
289.47,-301.31,29.256,-1.7705,-0.33589,0.010683,0.00025295,42.207,7.2813,4.3468,5.336,-2.9667,0,0.495,0.33398,0.019953
222.99,-233.69,29.344,-1.6591,-0.35609,0.0076306,0.00028252,27.532,6.2442,5.6947,5.7705,-2.9459,0,0.495,0.34191,0.023944
282.49,-290.17,29.286,-1.7686,-0.40142,0.010418,0.0002519,41.43,7.1364,5.4343,6.5919,-2.504,0,0.495,0.33398,0.023944
230.08,-248.59,29.3,-1.6614,-0.23794,0.0077859,0.00027637,28.64,6.4783,2.7128,2.8595,-3.67,0,0.495,0.34191,0.015963
178.7,-197.07,29.382,-1.559,-0.26281,0.0067487,0.00034751,19.825,5.5064,4.246,3.8502,-3.9862,0,0.495,0.34985,0.019953
290.34,-306.58,29.234,-1.7741,-0.26883,0.010802,0.00025375,42.488,7.4006,2.9224,3.6562,-3.4265,0,0.495,0.33398,0.015962
172,-187.65,29.405,-1.5613,-0.31453,0.0066943,0.00035612,19.211,5.3916,5.9269,5.237,-3.7178,0,0.495,0.34985,0.023944
275,-279.73,29.321,-1.7661,-0.46549,0.010005,0.00025072,40.115,6.9702,5.5945,7.0895,-2.0203,0,0.495,0.33398,0.027934
351.05,-352.15,29.268,-1.8841,-0.52233,0.016983,0.00026737,62.335,7.8971,5.2973,8.367,-1.685,0,0.495,0.32604,0.027934
358.14,-364.02,29.228,-1.8906,-0.45097,0.018126,0.0002773,63.99,8.0844,5.2079,7.681,-2.3452,0,0.495,0.32604,0.023944
425.32,-425.86,29.261,-1.9992,-0.66163,0.030085,0.00031665,92.338,8.6218,5.039,10.482,-1.3324,0,0.495,0.3181,0.031925
346.69,-343.73,29.31,-1.8725,-0.59083,0.015588,0.00025656,59.816,7.6843,4.9999,8.6127,-0.85536,0,0.495,0.32604,0.031925
433.15,-439.06,29.211,-2.0151,-0.58557,0.033148,0.00033649,95.736,8.8631,5.2574,10.081,-2.2648,0,0.495,0.3181,0.027934
271.14,-273.6,29.356,-1.7585,-0.52672,0.0094978,0.00025001,38.36,6.7812,5.1525,7.058,-1.3819,0,0.495,0.33398,0.031925
443.15,-454.32,29.165,-2.0261,-0.50624,0.035629,0.00035469,97.63,9.076,5.1962,9.1921,-3.0709,0,0.495,0.3181,0.023944
215.43,-223.94,29.375,-1.6605,-0.41344,0.0074887,0.00028849,26.513,6.0969,5.9875,6.1748,-2.6219,0,0.495,0.34191,0.027934
159.29,-174.95,29.461,-1.5667,-0.41415,0.0065428,0.00038268,17.514,5.1109,5.5647,5.2205,-3.2788,0,0.495,0.34985,0.031925
164.82,-178.97,29.433,-1.5663,-0.3659,0.0066224,0.00036831,18.4,5.2604,6.3997,5.7035,-3.4947,0,0.495,0.34985,0.027935
210.99,-218.96,29.406,-1.6568,-0.46782,0.0073211,0.00029608,25.302,5.9292,5.3635,5.8614,-2.2074,0,0.495,0.34191,0.031925
365.77,-376.82,29.193,-1.8952,-0.37772,0.018878,0.00028501,64.73,8.2477,4.3672,6.3525,-2.9584,0,0.495,0.32604,0.019953
458.35,-479.55,29.091,-2.0412,-0.34052,0.038306,0.00038162,97.481,9.4156,3.4261,5.8675,-4.5531,0,0.495,0.3181,0.015962
453.75,-470.18,29.124,-2.0341,-0.42447,0.037338,0.00036986,98.097,9.2617,4.5291,7.7298,-3.8455,0,0.495,0.3181,0.019953
367.1,-383.67,29.166,-1.9003,-0.30272,0.01924,0.00029022,64.708,8.3826,3.1198,4.6008,-3.5245,0,0.495,0.32604,0.015962
107.56,-130.3,29.517,-1.3913,-0.20049,0.0060143,0.00031376,10.443,3.926,3.8488,2.7221,-5.0357,0,0.495,0.36574,0.019953
139.75,-161,29.448,-1.4701,-0.23058,0.0062889,0.00038975,14.311,4.6914,4.1268,3.2458,-4.5274,0,0.495,0.35781,0.019953
104.05,-124.71,29.535,-1.3947,-0.24043,0.005988,0.00029032,10.053,3.8348,6.0301,4.3847,-4.8128,0,0.495,0.36574,0.023944
134.34,-153.2,29.469,-1.4735,-0.27626,0.0062513,0.00038116,13.81,4.589,6.0906,4.7841,-4.303,0,0.495,0.35781,0.023944
80.226,-101.14,29.601,-1.324,-0.20653,0.0058214,0.00018498,7.3337,3.1329,5.4832,3.8828,-5.0172,0,0.495,0.37367,0.023944
81.842,-98.589,29.623,-1.3333,-0.24417,0.0057982,0.00016603,6.9505,3.0418,7.1674,4.975,-4.6558,0,0.495,0.37368,0.027935
102.49,-120.36,29.559,-1.4043,-0.28247,0.0059538,0.0002626,9.5412,3.732,7.1959,5.2884,-4.5449,0,0.495,0.36574,0.027935
61.302,-77.79,29.709,-1.2832,-0.24163,0.0056841,0.00011416,4.8079,2.2974,6.179,4.7105,-4.3989,0,0.495,0.3816,0.031925
64.087,-80.076,29.685,-1.2698,-0.20998,0.0056995,0.00011965,5.0891,2.3909,6.2668,4.5509,-4.7274,0,0.495,0.3816,0.027935
78.333,-97.242,29.648,-1.3447,-0.27964,0.005775,0.000154,6.5629,2.9382,6.4697,4.8382,-4.4346,0,0.495,0.37367,0.031925
60.511,-81.902,29.666,-1.2627,-0.17689,0.0057145,0.00013096,5.3569,2.4728,4.1729,3.394,-5.1479,0,0.495,0.3816,0.023944
98.343,-118.68,29.586,-1.4127,-0.32172,0.0059191,0.00024154,9.0209,3.6152,6.1818,4.9067,-4.4268,0,0.495,0.36574,0.031925
81.746,-104.79,29.586,-1.3215,-0.17229,0.0058389,0.00019971,7.6185,3.2143,3.2829,2.1995,-5.2202,0,0.495,0.37368,0.019953
60.305,-83.039,29.653,-1.2617,-0.14767,0.0057254,0.00013923,5.5489,2.546,2.2726,1.7812,-5.3058,0,0.495,0.3816,0.019953
129.1,-146.36,29.495,-1.4815,-0.32262,0.0062027,0.00037255,13.158,4.4726,6.8319,5.4404,-4.1098,0,0.495,0.35781,0.027935
123.78,-143.52,29.522,-1.4861,-0.36591,0.0061516,0.00036821,12.479,4.3403,5.8092,4.9285,-4.0097,0,0.495,0.35781,0.031925
50.315,-68.459,29.731,-1.2071,-0.15642,0.0056454,0.00011176,3.9508,1.8459,2.26,2.8411,-4.3426,0,0.495,0.38954,0.023944
55.986,-67.928,29.746,-1.2118,-0.18538,0.0056361,0.00010542,3.7772,1.7689,4.4852,3.8847,-3.9572,0,0.495,0.38954,0.027935
53.783,-65.065,29.767,-1.2265,-0.21357,0.0056257,0.00010399,3.5777,1.6815,5.1399,4.3035,-3.6123,0,0.495,0.38954,0.031925
46.951,-67.518,29.719,-1.208,-0.13055,0.0056523,0.00011623,4.0767,1.9112,0.85342,1.365,-4.4019,0,0.495,0.38954,0.019953
44.207,-65.446,29.716,-1.2136,-0.10328,0.0056571,0.00011981,4.1577,1.9645,-0.91311,-0.00496,-4.664,0,0.495,0.38954,0.015963
128.56,-144.21,29.592,-1.4624,-0.48929,0.0059857,0.00027242,10.185,3.8497,5.3501,4.7502,-3.402,0,0.495,0.35781,0.043901
108.19,-127.76,29.65,-1.3917,-0.43431,0.0058167,0.00016924,7.439,3.1791,4.995,4.2061,-4.0458,0,0.495,0.36574,0.043901
129.03,-148.36,29.568,-1.4715,-0.4484,0.0060452,0.00031672,11.048,4.0276,4.532,4.1559,-3.7287,0,0.495,0.35781,0.039908
106.92,-129.66,29.628,-1.4005,-0.3964,0.0058534,0.00019426,8.038,3.3377,4.0862,3.719,-4.3192,0,0.495,0.36574,0.039908
154.76,-158.01,29.572,-1.5286,-0.59428,0.0061738,0.00035199,12.96,4.3464,6.5319,5.9997,-1.7411,0,0.495,0.34986,0.047901
123.51,-135.97,29.62,-1.4556,-0.52923,0.0059256,0.00023141,9.2666,3.6579,6.2158,5.4197,-3.122,0,0.495,0.35781,0.047901
159.95,-167.57,29.54,-1.538,-0.55096,0.0062701,0.00036262,14.249,4.5607,5.8288,5.5224,-2.1194,0,0.495,0.34986,0.043901
161.69,-173.93,29.512,-1.5485,-0.50618,0.0063667,0.0003783,15.473,4.7599,5.0513,4.9251,-2.5939,0,0.495,0.34986,0.039908
104.88,-121.17,29.675,-1.3861,-0.47173,0.0057792,0.00014666,6.792,3.0081,6.1062,4.9897,-3.759,0,0.495,0.36574,0.047901
101.42,-124.73,29.608,-1.4103,-0.35957,0.0058869,0.00021964,8.5497,3.4842,4.3908,3.9897,-4.4714,0,0.495,0.36574,0.035916
82.352,-105.29,29.67,-1.3446,-0.31379,0.0057555,0.00014313,6.2541,2.8224,4.1797,3.8553,-4.4658,0,0.495,0.37368,0.035916
90.737,-113.62,29.689,-1.334,-0.34664,0.0057364,0.00012981,5.9446,2.6916,3.4705,3.3462,-4.3326,0,0.495,0.37367,0.039908
64.35,-85.456,29.73,-1.2859,-0.27204,0.0056723,0.00010997,4.6101,2.1939,3.4361,3.7704,-4.3578,0,0.495,0.3816,0.035916
72.886,-95.214,29.747,-1.2738,-0.30066,0.0056621,0.00010333,4.4456,2.0758,2.08,3.0604,-4.2005,0,0.495,0.3816,0.039908
125.74,-146.84,29.545,-1.4814,-0.40767,0.0061004,0.00035284,11.804,4.1921,4.5473,4.188,-3.9694,0,0.495,0.35781,0.035916
160.01,-175.59,29.487,-1.5595,-0.46078,0.0064583,0.00038862,16.562,4.9442,4.8159,4.7476,-3.034,0,0.495,0.34986,0.035916
94.485,-113.97,29.708,-1.3241,-0.38156,0.0057149,0.00011711,5.5612,2.5491,4.4849,3.6302,-4.0677,0,0.495,0.37368,0.043901
78.004,-93.893,29.781,-1.2538,-0.36277,0.0056365,9.3282e-05,3.9526,1.8072,4.7714,3.7526,-3.5061,0,0.495,0.3816,0.047901
76.687,-96.219,29.763,-1.2617,-0.33192,0.0056501,9.7965e-05,4.2199,1.9472,3.0894,3.0474,-3.9495,0,0.495,0.38161,0.043901
93.905,-109.59,29.73,-1.3182,-0.41631,0.0056922,0.00010596,5.1322,2.395,5.9035,4.4527,-3.7131,0,0.495,0.37368,0.047901
190.86,-182.58,29.572,-1.5937,-0.71511,0.0064461,0.00037456,16.688,4.8247,6.8456,6.3999,0.3346,0,0.495,0.34192,0.051944
236.24,-228.57,29.551,-1.6759,-0.80359,0.0071584,0.00030042,24.518,5.5476,6.2657,6.8777,1.5526,0,0.495,0.33398,0.051945
183.33,-175.95,29.607,-1.5774,-0.75766,0.0063042,0.00036103,14.883,4.557,6.5487,5.7494,0.51687,0,0.495,0.34191,0.056031
227,-219.61,29.589,-1.6532,-0.85055,0.006858,0.00032742,21.568,5.2496,5.9585,5.9137,1.6213,0,0.495,0.33398,0.056032
200.28,-193.11,29.535,-1.6075,-0.66948,0.0066027,0.0003659,18.573,5.0779,6.6711,6.6431,0.043015,0,0.495,0.34192,0.047904
147.49,-148.72,29.605,-1.5196,-0.63598,0.0060822,0.00032472,11.681,4.1184,6.778,6.0491,-1.497,0,0.495,0.34986,0.051939
247.75,-240.73,29.511,-1.6954,-0.75304,0.0075154,0.00027979,27.585,5.8295,6.2547,7.5045,1.3235,0,0.495,0.33398,0.047904
140.77,-142.8,29.638,-1.5087,-0.675,0.005999,0.00027605,10.476,3.8779,6.4118,5.5863,-1.3219,0,0.495,0.34985,0.056029
220,-212.17,29.623,-1.6266,-0.89308,0.006608,0.00035762,18.826,4.9395,5.5578,4.9334,1.4954,0,0.495,0.33398,0.060076
263.07,-260.72,29.607,-1.7026,-0.99491,0.0074891,0.00028067,27.345,5.6155,4.1862,4.3883,1.2032,0,0.495,0.32607,0.060107
275.79,-272.5,29.573,-1.7369,-0.94848,0.0081721,0.00025966,32.125,5.9635,4.5994,5.6244,1.5904,0,0.495,0.32605,0.056042
279.89,-289.35,29.607,-1.7415,-1.1429,0.0082559,0.00025403,33.052,5.9043,2.3813,2.2854,-0.95192,0,0.495,0.31813,0.064117
246.93,-247.8,29.636,-1.6661,-1.037,0.0069987,0.00031013,23.155,5.2621,4.2118,3.2982,0.75453,0,0.495,0.32607,0.064131
302.12,-307.45,29.58,-1.7856,-1.0982,0.0094966,0.00023969,40.007,6.2978,2.4256,3.4245,-0.39198,0,0.495,0.31813,0.060102
210.6,-204.49,29.653,-1.5971,-0.93165,0.0064029,0.00036134,16.357,4.6233,5.4838,3.9979,1.3062,0,0.495,0.33399,0.064085
322.26,-324.66,29.549,-1.8277,-1.0488,0.011277,0.00023517,47.991,6.6862,2.958,4.8641,0.15423,0,0.495,0.31811,0.056041
178.56,-172.45,29.64,-1.5571,-0.79641,0.0061784,0.00034508,13.203,4.278,5.984,4.9749,0.56163,0,0.495,0.34192,0.06007
132.76,-138.51,29.696,-1.4741,-0.74334,0.0058639,0.00018997,8.3974,3.3708,5.0667,4.0873,-1.0609,0,0.495,0.34986,0.064074
136.15,-140.48,29.669,-1.4938,-0.71073,0.0059263,0.0002289,9.3832,3.628,5.6079,4.8709,-1.22,0,0.495,0.34986,0.060069
173.17,-169.05,29.67,-1.533,-0.83177,0.0060689,0.00030421,11.672,3.9922,5.7022,4.1734,0.59449,0,0.495,0.34192,0.064074
288.59,-284.25,29.534,-1.7671,-0.89716,0.0090346,0.00024605,37.255,6.2982,5.076,6.9737,1.7721,0,0.495,0.32604,0.051946
361.1,-360.06,29.468,-1.8996,-0.93503,0.016441,0.00024802,65.245,7.4174,4.2929,8.248,0.77951,0,0.495,0.3181,0.047904
342.62,-340.82,29.511,-1.8659,-0.99412,0.013615,0.00023874,56.575,7.061,3.6623,6.6005,0.5471,0,0.495,0.3181,0.051948
302.13,-299.04,29.491,-1.7932,-0.84182,0.01006,0.0002386,42.473,6.6154,5.367,8.0825,1.7653,0,0.495,0.32604,0.047904
100.36,-113.94,29.703,-1.3836,-0.50925,0.0057434,0.00012765,6.1422,2.8272,6.7805,5.4656,-3.5393,0,0.495,0.36574,0.051938
116.47,-127.17,29.651,-1.4504,-0.56831,0.0058684,0.00019594,8.3501,3.4541,6.6174,5.6776,-2.9354,0,0.495,0.35781,0.051938
94.981,-108.34,29.733,-1.3819,-0.54507,0.0057118,0.00011384,5.5468,2.6348,6.5688,5.2549,-3.4459,0,0.495,0.36574,0.056031
109.52,-120.74,29.682,-1.4447,-0.60511,0.0058175,0.00016744,7.5027,3.2392,6.2473,5.3085,-2.8203,0,0.495,0.3578,0.056028
89.507,-100.05,29.785,-1.3171,-0.48749,0.0056493,9.0691e-05,4.2772,2.0589,7.1951,5.2212,-3.2433,0,0.495,0.37367,0.056031
87.941,-100.48,29.812,-1.3155,-0.52144,0.0056327,8.7551e-05,3.9436,1.8767,6.1884,4.5845,-3.2368,0,0.495,0.37368,0.060072
91.465,-106.95,29.761,-1.3768,-0.57875,0.005686,0.00010454,5.0538,2.4335,5.3392,4.5071,-3.4552,0,0.495,0.36574,0.060069
81.679,-92.49,29.881,-1.2482,-0.49272,0.0055886,8.5372e-05,2.9926,1.1685,5.2791,3.8473,-2.5077,0,0.495,0.3816,0.064067
81.727,-88.546,29.857,-1.2526,-0.46208,0.0055974,8.5411e-05,3.1607,1.3387,6.7258,4.6751,-2.5751,0,0.495,0.3816,0.060067
87.94,-103.97,29.836,-1.3077,-0.55288,0.0056196,8.5674e-05,3.6846,1.6882,4.5209,3.6594,-3.2531,0,0.495,0.37368,0.064071
80.783,-87.517,29.83,-1.2522,-0.42921,0.0056088,8.6279e-05,3.3893,1.5026,7.1571,5.0933,-2.7253,0,0.495,0.3816,0.056029
90.283,-107.97,29.785,-1.3654,-0.6096,0.0056653,9.7834e-05,4.6491,2.2248,3.8661,3.596,-3.4301,0,0.495,0.36573,0.064066
92.766,-104.46,29.756,-1.3163,-0.45241,0.0056697,9.6571e-05,4.6903,2.2325,6.9843,5.1828,-3.385,0,0.495,0.37368,0.051938
80.812,-90.77,29.803,-1.2508,-0.39617,0.0056224,8.8645e-05,3.6693,1.6596,6.3634,4.7272,-2.9941,0,0.495,0.38161,0.051937
104.98,-118.2,29.711,-1.4349,-0.63904,0.0057749,0.00014526,6.7701,3.0158,5.1719,4.5473,-2.7701,0,0.495,0.3578,0.060067
103.08,-117.32,29.736,-1.4196,-0.66993,0.0057395,0.00012772,6.1379,2.7847,4.1818,3.7009,-2.6437,0,0.495,0.35779,0.064072
66.841,-71.076,29.871,-1.1905,-0.37724,0.005579,9.5711e-05,2.6896,0.95921,5.3861,4.6079,-1.9543,0,0.495,0.38954,0.056022
67.063,-69.922,29.895,-1.192,-0.40666,0.0055708,9.6236e-05,2.5252,0.80816,5.577,4.4379,-1.6884,0,0.495,0.38954,0.060062
64.636,-70.866,29.918,-1.1915,-0.43433,0.0055646,9.7636e-05,2.4087,0.6506,4.6856,3.8866,-1.4722,0,0.495,0.38956,0.064072
65.684,-73.906,29.847,-1.1896,-0.34804,0.0055882,9.6637e-05,2.879,1.1021,4.1156,3.8932,-2.2423,0,0.495,0.38954,0.051935
59.867,-74.657,29.829,-1.1953,-0.31905,0.0055972,0.00010014,3.0572,1.2366,2.1422,2.7269,-2.815,0,0.495,0.38954,0.0479
87.768,-97.591,29.802,-1.3676,-0.75353,0.0056593,9.8515e-05,4.5204,2.0438,4.7091,3.2898,-2.385,0,0.495,0.35779,0.076035
82.33,-96.05,29.847,-1.3176,-0.69554,0.0056151,8.8438e-05,3.5643,1.5509,3.9264,3.2517,-3.265,0,0.495,0.36573,0.076036
95.44,-106.72,29.78,-1.3832,-0.72661,0.0056827,0.00010442,5.0229,2.2984,4.295,3.1838,-2.4371,0,0.495,0.35779,0.072047
87.621,-103.84,29.826,-1.3318,-0.66702,0.0056308,8.9206e-05,3.9226,1.783,3.3236,3.0444,-3.3659,0,0.495,0.36573,0.072045
101.38,-103.96,29.792,-1.3963,-0.85295,0.0056972,0.0001089,5.3418,2.2721,6.0967,3.1325,-0.90293,0,0.495,0.34985,0.080025
79.058,-88.651,29.825,-1.3539,-0.77864,0.0056396,9.6235e-05,4.0833,1.7831,4.7627,3.2297,-2.4118,0,0.495,0.35779,0.080026
110.06,-111.97,29.768,-1.4139,-0.82871,0.0057278,0.00012037,5.9568,2.5562,6.0724,3.3106,-0.84519,0,0.495,0.34985,0.076035
119.15,-122.04,29.745,-1.4325,-0.80209,0.0057656,0.00013714,6.6835,2.8346,5.7054,3.3783,-0.8522,0,0.495,0.34985,0.072047
74.714,-86.524,29.869,-1.3068,-0.72302,0.0056011,9.0214e-05,3.2368,1.3123,4.2608,3.2956,-3.2335,0,0.495,0.36573,0.080026
89.445,-107.53,29.806,-1.3489,-0.63852,0.0056474,9.2668e-05,4.2849,2.0076,3.1178,3.0621,-3.4355,0,0.495,0.36573,0.068056
90.025,-107.96,29.856,-1.2928,-0.58225,0.0056084,8.3558e-05,3.4591,1.4919,3.3405,2.9757,-3.3618,0,0.495,0.37368,0.068063
91.975,-108.47,29.875,-1.2753,-0.61137,0.0055975,8.1932e-05,3.2225,1.2876,3.464,2.8203,-3.342,0,0.495,0.37367,0.072049
86.207,-101.03,29.901,-1.2352,-0.52075,0.0055814,8.3486e-05,2.8589,0.99069,3.7178,3.0301,-2.6352,0,0.495,0.3816,0.068059
92.233,-107.02,29.919,-1.2161,-0.5482,0.0055744,8.1118e-05,2.7168,0.80409,3.7024,2.6435,-2.6329,0,0.495,0.3816,0.072048
100.16,-113.55,29.758,-1.4011,-0.69873,0.0057093,0.00011428,5.5648,2.5452,3.9425,3.2296,-2.5314,0,0.495,0.35779,0.068063
126.91,-131.73,29.721,-1.4527,-0.7736,0.0058107,0.00016003,7.5007,3.1061,5.2199,3.5807,-0.92707,0,0.495,0.34986,0.068065
89.277,-102.26,29.894,-1.2609,-0.64141,0.0055865,8.2395e-05,2.9647,1.076,4.4383,3.0098,-3.2289,0,0.495,0.37367,0.076038
88.299,-92.027,29.956,-1.1896,-0.60641,0.0055585,8.2893e-05,2.3465,0.41125,6.9282,2.801,-2.39,0,0.495,0.3816,0.080029
91.573,-101.95,29.937,-1.1999,-0.57728,0.0055666,8.1447e-05,2.5381,0.61093,5.1318,2.6864,-2.5259,0,0.495,0.3816,0.076039
83.383,-92.503,29.915,-1.2513,-0.67124,0.0055759,8.4566e-05,2.7113,0.85751,5.417,3.1119,-3.1531,0,0.495,0.37367,0.080028
127.41,-126.55,29.793,-1.4155,-0.96894,0.0057436,0.00011933,6.3382,2.4654,6.7817,2.589,0.2188,0,0.495,0.34192,0.084014
155.93,-155.04,29.777,-1.4548,-1.0777,0.0058461,0.00015962,8.2749,2.9474,7.1357,2.5438,0.11059,0,0.495,0.33398,0.084012
128.29,-129.51,29.816,-1.3904,-0.9884,0.0057121,0.00010414,5.7332,2.1469,6.2733,2.4169,0.25438,0,0.495,0.34192,0.088006
154.67,-154.58,29.801,-1.4263,-1.0986,0.0057936,0.00013089,7.3471,2.5999,7.1258,2.5294,0.074961,0,0.495,0.33398,0.088004
132.27,-129.44,29.77,-1.4384,-0.94704,0.0057831,0.00013867,7.0727,2.7809,7.0235,2.7951,0.2818,0,0.495,0.34192,0.080026
95.832,-100.77,29.814,-1.378,-0.87464,0.0056729,0.00010093,4.8462,1.9835,5.5788,2.8796,-0.96773,0,0.495,0.34985,0.084015
161.91,-159.82,29.753,-1.4824,-1.0545,0.0059121,0.00019731,9.3813,3.2924,7.0251,2.6126,0.2495,0,0.495,0.33398,0.080022
95.738,-103.56,29.836,-1.3565,-0.89376,0.0056534,9.429e-05,4.4469,1.6906,4.6339,2.5789,-0.95396,0,0.495,0.34986,0.088009
154.18,-153.44,29.825,-1.3965,-1.1181,0.00575,0.00010948,6.5312,2.2473,7.3032,2.5724,0.077825,0,0.495,0.33398,0.092018
163.75,-170.43,29.803,-1.4342,-1.2382,0.0058335,0.00014005,8.0749,2.6489,7.0523,2.3932,-1.5576,0,0.495,0.32604,0.092016
169.71,-176.93,29.778,-1.4659,-1.2168,0.0059038,0.0001768,9.2904,3.0351,6.7314,2.2966,-1.4035,0,0.495,0.32604,0.088003
155.83,-161.59,29.829,-1.4032,-1.2588,0.0057757,0.00011391,7.0134,2.253,7.3993,2.5079,-1.7025,0,0.495,0.32604,0.096147
154.8,-173.48,29.764,-1.4732,-1.3518,0.0059521,0.00019921,10.015,3.0252,4.7833,1.9243,-3.4241,0,0.495,0.3181,0.092013
149.89,-146.99,29.85,-1.3666,-1.1373,0.0057127,9.4546e-05,5.7896,1.8844,7.8738,2.6072,0.11589,0,0.495,0.33398,0.096151
166.98,-184.95,29.74,-1.5081,-1.3308,0.006059,0.00025985,11.714,3.447,4.7779,1.7607,-3.2158,0,0.495,0.3181,0.088001
130.33,-131.97,29.838,-1.3622,-1.0064,0.0056854,9.2846e-05,5.1967,1.8226,6.0062,2.3003,0.32367,0,0.495,0.34192,0.092022
95.99,-103.92,29.877,-1.3019,-0.92746,0.0056212,8.7089e-05,3.752,1.0787,4.0367,2.1124,-0.85645,0,0.495,0.34986,0.096218
97.551,-106.54,29.857,-1.3305,-0.91107,0.0056367,8.9304e-05,4.0952,1.3898,3.909,2.3234,-0.92856,0,0.495,0.34986,0.092043
127.9,-127.71,29.86,-1.3328,-1.024,0.0056616,8.5772e-05,4.6884,1.4872,6.4273,2.182,0.44977,0,0.495,0.34192,0.09616
175.36,-182.06,29.754,-1.4976,-1.1938,0.00599,0.00022697,10.69,3.4159,6.4925,2.2042,-1.2095,0,0.495,0.32604,0.084011
192.05,-207.72,29.694,-1.5794,-1.2812,0.0063631,0.00035528,16.098,4.2811,4.498,1.4371,-2.6654,0,0.495,0.3181,0.080023
178.54,-195.2,29.716,-1.5434,-1.3073,0.0061924,0.00031935,13.712,3.8651,4.7333,1.606,-2.9548,0,0.495,0.3181,0.08401
183.1,-189.01,29.73,-1.5294,-1.1686,0.0060981,0.00029388,12.335,3.7945,6.2097,2.1106,-0.94224,0,0.495,0.32604,0.080023
66.273,-78.343,29.891,-1.2976,-0.74903,0.0055893,9.3845e-05,2.9602,1.0687,3.7596,2.982,-3.2007,0,0.495,0.36573,0.084019
71.863,-83.162,29.848,-1.3403,-0.80158,0.0056235,9.6002e-05,3.7282,1.5181,4.0898,2.9635,-2.456,0,0.495,0.35779,0.084018
58.795,-72.739,29.911,-1.2859,-0.77235,0.0055795,9.815e-05,2.7372,0.81867,2.2927,2.3304,-3.0879,0,0.495,0.36573,0.088033
68.942,-82.695,29.869,-1.3232,-0.82176,0.0056104,9.5664e-05,3.447,1.2475,2.7399,2.5331,-2.4056,0,0.495,0.35779,0.08803
66.157,-74.36,29.954,-1.2399,-0.72798,0.0055585,9.4008e-05,2.2959,0.40345,4.7332,1.8827,-2.9878,0,0.495,0.37367,0.08803
56.597,-68.05,29.969,-1.2289,-0.75239,0.0055518,0.00010033,2.1393,0.16248,3.0309,0.90575,-2.9033,0,0.495,0.37368,0.092137
51.851,-67.231,29.929,-1.2679,-0.79265,0.0055711,0.00010305,2.5496,0.55731,0.61599,1.7129,-2.9159,0,0.495,0.36573,0.092162
66.302,-73.448,30.017,-1.1683,-0.71616,0.0055346,9.3572e-05,1.7988,-0.44647,5.8376,-0.1346,-2.745,0,0.495,0.38168,0.096273
70.934,-72.857,30.007,-1.1785,-0.6922,0.0055393,9.1239e-05,1.8993,-0.22147,7.2649,0.70183,-2.5516,0,0.495,0.38164,0.092094
49.108,-61.759,29.98,-1.2125,-0.77321,0.0055457,0.00010686,1.997,-0.085557,1.6255,0.30266,-2.6607,0,0.495,0.3737,0.096402
77.06,-73.849,29.993,-1.1835,-0.66518,0.0055447,8.8415e-05,2.0182,-0.0030338,8.3829,1.7863,-2.3363,0,0.495,0.38161,0.088025
45.84,-60.301,29.944,-1.2452,-0.80982,0.0055634,0.00010916,2.3723,0.29019,-0.2531,1.4503,-2.5722,0,0.495,0.36573,0.096466
75.298,-82.397,29.936,-1.2455,-0.70068,0.0055665,8.853e-05,2.4852,0.63343,5.6745,2.7586,-3.0698,0,0.495,0.37367,0.08402
83.19,-81.034,29.975,-1.1848,-0.63635,0.0055511,8.5276e-05,2.169,0.20636,8.2933,2.5794,-2.2618,0,0.495,0.3816,0.084021
67.868,-82.666,29.889,-1.3001,-0.83955,0.0055992,9.5612e-05,3.2057,0.96671,1.5053,2.1643,-2.3301,0,0.495,0.35779,0.092147
65.124,-79.085,29.908,-1.2734,-0.85541,0.0055887,9.7401e-05,2.9708,0.67873,1.2271,1.9813,-2.1676,0,0.495,0.35779,0.096429
66.356,-59.135,30.025,-1.1256,-0.58288,0.0055334,9.6931e-05,1.7528,-0.4148,8.7738,2.6285,-1.3565,0,0.495,0.38955,0.088035
63.366,-60.543,30.042,-1.1239,-0.60788,0.0055292,9.7183e-05,1.6688,-0.61156,8.4124,1.8487,-1.7644,0,0.495,0.38958,0.092106
62.452,-65.976,30.055,-1.1187,-0.63085,0.0055259,9.5714e-05,1.6104,-0.81263,7.4195,1.1648,-2.218,0,0.495,0.38964,0.096232
69.861,-65.383,30.006,-1.1252,-0.55693,0.0055384,9.5598e-05,1.8632,-0.22581,7.7804,2.8703,-1.1575,0,0.495,0.38954,0.084024
71.062,-74.697,29.988,-1.1314,-0.53108,0.005544,9.5068e-05,1.9921,-0.039344,5.6238,2.6328,-1.3261,0,0.495,0.38954,0.080032
51.185,-61.365,29.967,-1.2099,-0.89381,0.0055617,0.00010676,2.3456,-0.16303,3.4434,3.0889,-2.0559,0,0.495,0.35777,0.10863
31.979,-39.429,29.997,-1.1897,-0.84839,0.0055431,0.00013214,1.887,-0.48532,1.014,3.2366,-1.4421,0,0.495,0.36571,0.10864
53.996,-64.778,29.946,-1.2271,-0.88247,0.0055695,0.00010517,2.5195,0.11324,2.9007,2.5289,-2.0381,0,0.495,0.35777,0.10463
35.187,-44.885,29.977,-1.204,-0.83717,0.0055492,0.00012543,2.0277,-0.23054,0.61793,2.441,-1.8117,0,0.495,0.36571,0.10464
94.353,-98.192,29.961,-1.2101,-0.98255,0.0055751,8.3572e-05,2.7403,-0.13564,5.2426,3.4859,-0.45592,0,0.495,0.34984,0.11262
53.635,-66.062,29.991,-1.1927,-0.90315,0.0055555,0.00010339,2.2291,-0.43536,2.9198,3.6676,-2.0535,0,0.495,0.35777,0.11262
86.459,-88.358,29.938,-1.2319,-0.97127,0.0055834,8.7336e-05,2.8967,0.15854,6.0042,2.8693,-0.63662,0,0.495,0.34984,0.10862
85.973,-89.022,29.917,-1.2522,-0.95792,0.005594,8.8108e-05,3.1251,0.45859,5.771,2.3419,-0.74164,0,0.495,0.34984,0.10461
30.983,-38.147,30.02,-1.1767,-0.85764,0.0055383,0.00013356,1.7903,-0.73845,0.31769,3.9509,-1.0574,0,0.495,0.36571,0.11263
40.289,-52.694,29.96,-1.2226,-0.82438,0.0055561,0.00011674,2.1958,0.027274,-0.090957,1.7652,-2.1749,0,0.495,0.36572,0.10061
43.683,-55.209,29.99,-1.1938,-0.79115,0.0055398,0.00011398,1.8558,-0.33213,1.1296,0.41362,-2.3393,0,0.495,0.37368,0.10056
39.095,-47.269,30.002,-1.1776,-0.80777,0.0055341,0.000123,1.7141,-0.57499,1.439,1.009,-1.8952,0,0.495,0.37366,0.10461
65.066,-74.296,30.025,-1.1531,-0.73757,0.00553,9.515e-05,1.6984,-0.67497,4.9535,-0.38653,-2.9904,0,0.495,0.38169,0.1004
63.539,-70.394,30.033,-1.1378,-0.75858,0.0055253,9.8098e-05,1.587,-0.90104,5.2213,-0.21177,-3.054,0,0.495,0.38165,0.10449
59.719,-72.208,29.926,-1.2481,-0.86966,0.0055787,0.00010108,2.7363,0.39304,1.9012,2.1331,-2.039,0,0.495,0.35777,0.1006
90.609,-96.238,29.897,-1.2751,-0.94316,0.0056068,8.73e-05,3.4191,0.76525,4.8915,2.0929,-0.78561,0,0.495,0.34984,0.1005
35.342,-39.913,30.017,-1.1659,-0.82349,0.0055288,0.00013279,1.5866,-0.81609,1.6396,1.7496,-1.2834,0,0.495,0.37365,0.10863
55.75,-55.899,30.054,-1.1202,-0.8018,0.0055164,0.00010919,1.3754,-1.3525,5.6372,0.25336,-2.3645,0,0.495,0.38159,0.11262
58.893,-61.641,30.043,-1.127,-0.7804,0.0055206,0.00010371,1.4727,-1.1282,5.8526,0.08176,-2.8449,0,0.495,0.38161,0.10858
32.469,-34.91,30.034,-1.1567,-0.83767,0.0055245,0.00014035,1.4904,-1.0559,0.78916,2.3629,-0.5228,0,0.495,0.37365,0.11263
151.58,-149.14,29.986,-1.1993,-1.0938,0.0055882,6.9133e-05,3.1424,-0.12741,4.8075,4.2379,1.8923,0,0.495,0.3419,0.1166
164.68,-169.37,29.99,-1.219,-1.2081,0.005607,6.5827e-05,3.6054,0.15591,5.009,4.0561,0.67919,0,0.495,0.33396,0.11659
163.77,-165.32,30.015,-1.1607,-1.101,0.0055799,6.5916e-05,2.9799,-0.43524,3.5854,4.109,1.9342,0,0.495,0.3419,0.12059
167.06,-176.24,30.019,-1.1789,-1.2152,0.0055947,6.4336e-05,3.3322,-0.17334,4.1779,3.4712,0.32536,0,0.495,0.33396,0.12059
136.31,-130.58,29.956,-1.2315,-1.0845,0.0055973,7.3312e-05,3.3103,0.18318,6.3215,3.8532,1.7194,0,0.495,0.3419,0.11261
109.9,-117.19,29.987,-1.1825,-0.99103,0.0055687,7.767e-05,2.6397,-0.42634,3.6825,3.9996,-0.34514,0,0.495,0.34984,0.11661
156.57,-156.68,29.959,-1.2549,-1.1992,0.0056204,6.8829e-05,3.8807,0.48849,6.3088,4.1203,0.85059,0,0.495,0.33396,0.1126
128.34,-138.66,30.015,-1.1469,-0.99688,0.0055634,7.1983e-05,2.5571,-0.71393,2.0697,4.0836,-0.2296,0,0.495,0.34984,0.1206
160.01,-171.98,30.044,-1.1371,-1.2218,0.0055823,6.4864e-05,3.0293,-0.50183,4.1392,2.4839,-0.22354,0,0.495,0.33396,0.12458
123.95,-144.3,30.018,-1.1555,-1.335,0.0055907,7.1849e-05,3.1464,-0.33625,2.3577,1.2491,-2.7366,0,0.495,0.32603,0.12457
137.32,-157.79,29.996,-1.1963,-1.3299,0.0056066,6.9135e-05,3.5416,0.017467,2.387,2.284,-2.3938,0,0.495,0.32603,0.12058
105.9,-124.05,30.034,-1.1176,-1.3404,0.0055756,7.7131e-05,2.76,-0.68399,2.8512,0.21549,-3.0349,0,0.495,0.32603,0.12856
83.081,-103.26,29.983,-1.1648,-1.4157,0.005609,8.5615e-05,3.421,-0.22062,-1.6794,1.2547,-2.6757,0,0.495,0.31809,0.12456
143.12,-155.29,30.065,-1.0974,-1.229,0.0055695,6.7682e-05,2.6995,-0.8267,4.989,1.3006,-0.88313,0,0.495,0.33397,0.12857
98.187,-120.59,29.96,-1.2054,-1.416,0.0056288,8.0595e-05,3.9023,0.16027,-1.6004,2.0325,-2.9632,0,0.495,0.31809,0.12057
166.36,-170.46,30.043,-1.1181,-1.1073,0.0055711,6.4921e-05,2.7788,-0.7421,3.2951,3.4904,1.7261,0,0.495,0.3419,0.12459
138.14,-148.35,30.065,-1.0608,-1.0053,0.0055506,6.9521e-05,2.2718,-1.2836,2.1107,2.995,-0.49414,0,0.495,0.34984,0.12858
140.57,-151.73,30.041,-1.1047,-1.0012,0.0055576,6.8865e-05,2.443,-1.0001,1.3361,3.7009,-0.31316,0,0.495,0.34984,0.12459
155.17,-159.48,30.067,-1.076,-1.1139,0.0055613,6.6815e-05,2.5284,-1.046,4.2548,2.5538,1.3351,0,0.495,0.3419,0.12858
144.08,-163.14,29.971,-1.2374,-1.3244,0.0056234,6.8965e-05,3.9347,0.37352,3.0213,3.104,-2.0587,0,0.495,0.32602,0.11659
109.95,-134.25,29.935,-1.2478,-1.4155,0.0056509,7.9464e-05,4.418,0.54558,-1.1234,2.7281,-3.126,0,0.495,0.31808,0.11658
145.77,-161.67,29.942,-1.2765,-1.3173,0.0056421,7.1251e-05,4.345,0.73486,4.1743,3.5193,-1.7915,0,0.495,0.32602,0.11259
33.259,-41.073,30.045,-1.1593,-0.86433,0.005535,0.00012767,1.742,-0.98917,-1.7334,4.5708,-0.68927,0,0.495,0.36571,0.11662
63.673,-79.172,30.017,-1.1704,-0.90973,0.0055511,9.5531e-05,2.1674,-0.70508,1.2657,4.167,-2.0908,0,0.495,0.35778,0.11661
38.305,-46.19,30.072,-1.1327,-0.86795,0.0055328,0.00011598,1.7265,-1.2379,-4.6239,4.9583,-0.26066,0,0.495,0.36571,0.12061
79.41,-97.204,30.044,-1.1391,-0.91339,0.0055478,8.6266e-05,2.1342,-0.97234,-0.86345,4.3067,-2.0701,0,0.495,0.35778,0.12061
27.844,-27.937,30.074,-1.1232,-0.85879,0.0055193,0.00013633,1.4073,-1.5308,-4.9898,3.434,1.3853,0,0.495,0.37365,0.12062
22.939,-21.729,30.097,-1.0905,-0.86422,0.0055176,0.00012618,1.3905,-1.7657,-8.5194,3.9462,2.1945,0,0.495,0.37365,0.12461
42.932,-49.655,30.101,-1.0949,-0.86871,0.0055307,0.0001053,1.7079,-1.4849,-7.2076,5.0279,-0.15346,0,0.495,0.36572,0.1246
48.562,-55.129,30.106,-1.0349,-0.86471,0.0055068,0.00010632,1.2067,-2.2312,-5.6702,1.7583,1.0402,0,0.495,0.38159,0.12861
52.064,-58.884,30.09,-1.0716,-0.85456,0.0055088,0.00010854,1.2408,-2.015,-2.8311,1.237,0.12895,0,0.495,0.38159,0.12461
16.212,-13.453,30.122,-1.0481,-0.86652,0.0055155,0.0001231,1.3508,-1.9995,-10.651,4.0309,2.8034,0,0.495,0.37365,0.1286
52.339,-56.931,30.077,-1.0974,-0.84044,0.0055106,0.00011323,1.2661,-1.7963,0.85368,0.65206,-0.76202,0,0.495,0.38159,0.12062
43.782,-48.929,30.128,-1.0496,-0.86763,0.0055278,0.00010308,1.6481,-1.731,-8.138,4.5643,-0.28444,0,0.495,0.36572,0.1286
30.177,-32.003,30.053,-1.1442,-0.84976,0.0055214,0.00014222,1.4329,-1.2941,-1.5395,2.9082,0.33851,0,0.495,0.37365,0.11662
54.024,-55.594,30.065,-1.1119,-0.82235,0.0055131,0.00011294,1.307,-1.5755,3.9403,0.37387,-1.7003,0,0.495,0.38159,0.11663
93.001,-110.92,30.071,-1.0986,-0.91487,0.0055443,7.9955e-05,2.0833,-1.2385,-2.3604,4.0072,-2.2883,0,0.495,0.35778,0.1246
95.722,-113.03,30.096,-1.0536,-0.9156,0.0055396,7.9084e-05,1.9784,-1.5027,-2.2141,3.3062,-2.6179,0,0.495,0.35778,0.12859
69.582,-76.248,30.113,-1.0527,-0.76489,0.0055064,8.8907e-05,1.2135,-2.0302,6.5668,-0.18436,-3.6173,0,0.495,0.38953,0.12062
77.104,-89.355,30.12,-1.0349,-0.78479,0.0055044,8.6158e-05,1.1865,-2.2291,3.7662,0.079353,-3.3627,0,0.495,0.38953,0.12462
84.072,-99,30.129,-1.0063,-0.80106,0.0055026,8.3594e-05,1.1622,-2.4238,1.0451,0.62472,-2.8466,0,0.495,0.38953,0.12861
68.289,-69.716,30.105,-1.0617,-0.74141,0.0055089,8.9535e-05,1.2571,-1.8289,8.148,-0.04215,-3.8604,0,0.495,0.38954,0.11661
66.246,-67.911,30.097,-1.0688,-0.71725,0.005512,9.0243e-05,1.3218,-1.6275,8.3311,0.24385,-3.8695,0,0.495,0.38956,0.11256
57.068,-69.871,30.155,-0.95441,-0.92405,0.0055218,9.7127e-05,1.5163,-2.283,4.5833,2.6512,-3.377,0,0.495,0.35778,0.14057
22.635,-30.168,30.193,-0.9432,-0.86672,0.0055144,0.00014917,1.3,-2.4638,-2.0626,3.4906,-1.091,0,0.495,0.36572,0.14057
69.558,-84.405,30.136,-0.97857,-0.92013,0.0055276,9.1052e-05,1.6604,-2.0269,2.3334,2.4259,-3.2394,0,0.495,0.35778,0.13657
29.824,-36.174,30.173,-0.9693,-0.86596,0.005519,0.00013097,1.4146,-2.2224,-4.4435,3.4184,-0.95707,0,0.495,0.36572,0.13658
82.985,-85.35,30.143,-0.9487,-1.0299,0.0055223,8.2734e-05,1.5585,-2.3795,8.7426,2.2428,-1.7359,0,0.495,0.34985,0.14455
51.004,-62.934,30.176,-0.93623,-0.92812,0.0055169,9.9769e-05,1.4043,-2.5337,5.8179,2.8437,-3.57,0,0.495,0.35778,0.14456
87.783,-89.746,30.124,-0.96796,-1.0236,0.005528,8.209e-05,1.6871,-2.1143,8.1678,2.1805,-1.3005,0,0.495,0.34985,0.14056
102.11,-106.65,30.105,-0.99117,-1.0169,0.005535,7.8429e-05,1.859,-1.8426,6.4685,2.135,-0.98153,0,0.495,0.34985,0.13657
18.682,-26.683,30.214,-0.92475,-0.86785,0.0055103,0.0001622,1.2086,-2.7007,-0.48388,3.6175,-1.1799,0,0.495,0.36572,0.14456
38.082,-43.546,30.152,-1.0053,-0.86629,0.0055237,0.00011267,1.5405,-1.9781,-6.8971,3.8276,-0.59302,0,0.495,0.36572,0.13259
9.1167,-6.8085,30.146,-1.004,-0.86691,0.0055125,0.00013463,1.2751,-2.2338,-10.549,3.6936,3.0518,0,0.495,0.37366,0.13259
3.5643,-3.6433,30.168,-0.9664,-0.86726,0.005509,0.00016003,1.1798,-2.4658,-8.86,3.3546,3.0389,0,0.495,0.37366,0.13659
41.404,-47.44,30.124,-0.99343,-0.87132,0.0055044,0.00011239,1.147,-2.4466,-6.5482,2.0071,1.6081,0,0.495,0.38159,0.1326
31.115,-37.367,30.142,-0.95551,-0.87685,0.0055014,0.00012883,1.0653,-2.6635,-5.4893,2.0049,1.9038,0,0.495,0.38159,0.13659
85.136,-101.94,30.117,-1.0117,-0.91715,0.0055338,8.3707e-05,1.8247,-1.7667,-0.31072,2.616,-2.9329,0,0.495,0.35778,0.13258
121.75,-129.82,30.086,-1.0218,-1.0105,0.0055427,7.341e-05,2.0632,-1.5657,4.1499,2.3613,-0.67501,0,0.495,0.34984,0.13258
0.47661,-2.8866,30.188,-0.93875,-0.86823,0.0055055,0.00018832,1.0899,-2.6967,-6.8356,3.2653,3.1512,0,0.495,0.37366,0.14058
16.758,-19.508,30.177,-0.90866,-0.88946,0.0054955,0.00016951,0.91478,-3.1143,-2.5774,2.0222,2.6216,0,0.495,0.38159,0.14457
20.708,-26.956,30.16,-0.92718,-0.88288,0.0054983,0.00015142,0.98196,-2.8863,-3.7127,1.9935,2.2897,0,0.495,0.38159,0.14058
0.21535,-2.834,30.209,-0.91995,-0.86923,0.0055023,0.00020877,1.0191,-2.9241,-5.4744,3.2445,3.2628,0,0.495,0.37366,0.14457
107.56,-116.32,30.148,-0.9405,-1.1503,0.0055219,7.4684e-05,1.5836,-2.4945,7.389,1.1907,-1.4322,0,0.495,0.34191,0.14854
106.7,-124.39,30.124,-0.95408,-1.2634,0.0055246,7.4158e-05,1.6412,-2.3709,4.7474,0.23688,-2.9175,0,0.495,0.33397,0.14853
126.98,-142.35,30.165,-0.90902,-1.1523,0.0055182,6.9394e-05,1.5273,-2.7641,5.5443,1.7982,-1.7181,0,0.495,0.34191,0.15253
121.87,-143.96,30.138,-0.91712,-1.2643,0.0055203,7.002e-05,1.5673,-2.6569,2.8826,1.0659,-2.9338,0,0.495,0.33397,0.15252
96.492,-99.987,30.134,-0.9652,-1.1453,0.005527,7.8269e-05,1.6763,-2.2181,8.6427,0.80964,-0.91208,0,0.495,0.34191,0.14454
90.246,-97.283,30.162,-0.92852,-1.0343,0.0055179,7.948e-05,1.4779,-2.6389,7.9661,2.369,-2.1277,0,0.495,0.34985,0.14854
94.773,-108.01,30.112,-0.98416,-1.2596,0.0055302,7.7723e-05,1.7445,-2.0767,6.4766,-0.43799,-2.7397,0,0.495,0.33397,0.14454
109.93,-123.94,30.181,-0.90213,-1.0362,0.0055148,7.3299e-05,1.4386,-2.8923,6.1298,2.6415,-2.3008,0,0.495,0.34985,0.15253
130.15,-154.22,30.156,-0.87432,-1.2628,0.0055166,6.7945e-05,1.4976,-2.9368,1.7308,1.7036,-3.0195,0,0.495,0.33397,0.15651
86.651,-97.832,30.125,-0.87549,-1.3524,0.0055187,8.4452e-05,1.4852,-2.9147,-4.5387,2.2147,-1.1151,0,0.495,0.32603,0.1565
85.847,-98.552,30.105,-0.92178,-1.3567,0.0055226,8.4752e-05,1.5676,-2.618,-3.4296,1.5873,-1.507,0,0.495,0.32603,0.15251
32.382,-23.988,30.158,-0.82107,-1.3626,0.005523,0.00010838,1.4995,-3.2579,-11.229,3.3965,2.9819,0,0.495,0.31809,0.16049
78.328,-87.465,30.146,-0.82955,-1.347,0.0055151,9.0266e-05,1.3952,-3.2094,-4.3773,2.2742,-0.83269,0,0.495,0.32603,0.1605
39.38,-33.804,30.131,-0.8682,-1.3742,0.0055269,0.00010012,1.5964,-2.9489,-11.365,3.4845,2.5688,0,0.495,0.31809,0.1565
123.3,-147.49,30.176,-0.83008,-1.2597,0.0055132,6.9456e-05,1.4133,-3.2099,1.8611,1.8335,-3.1581,0,0.495,0.33397,0.1605
43.328,-41.286,30.105,-0.91665,-1.3853,0.0055313,9.9815e-05,1.694,-2.6377,-10.276,2.9554,2.0145,0,0.495,0.31809,0.15251
143.19,-162.91,30.185,-0.87004,-1.1518,0.0055152,6.5512e-05,1.4797,-3.0284,4.086,2.3575,-2.0162,0,0.495,0.34191,0.15652
141.55,-162.78,30.224,-0.82479,-1.0328,0.0055105,6.5372e-05,1.3789,-3.3868,3.5029,3.0453,-2.6548,0,0.495,0.34985,0.16052
132.4,-151.36,30.202,-0.86676,-1.0354,0.0055126,6.7595e-05,1.4164,-3.1413,4.2319,2.9922,-2.4911,0,0.495,0.34985,0.15652
143.16,-164.26,30.206,-0.82727,-1.1497,0.0055122,6.521e-05,1.414,-3.2884,3.9202,2.4634,-2.3094,0,0.495,0.34191,0.16051
78.914,-91.996,30.088,-0.96369,-1.359,0.0055272,8.8641e-05,1.6543,-2.3168,-1.3889,0.64707,-2.0134,0,0.495,0.32603,0.14852
43.744,-46.017,30.082,-0.9618,-1.395,0.0055368,0.0001046,1.8004,-2.3209,-8.2079,2.0366,1.2999,0,0.495,0.31809,0.14852
70.891,-83.999,30.075,-0.99903,-1.3587,0.0055332,9.2831e-05,1.7655,-2.0073,0.86422,-0.28091,-2.4467,0,0.495,0.32603,0.14453
19.178,-27.596,30.234,-0.90972,-0.86848,0.005507,0.00016374,1.1469,-2.9335,-0.31107,3.622,-1.1498,0,0.495,0.36572,0.14855
54.06,-68.512,30.196,-0.91938,-0.9312,0.005513,9.7088e-05,1.3322,-2.7794,5.6143,2.8638,-3.6978,0,0.495,0.35778,0.14855
26.21,-35.023,30.255,-0.89144,-0.86776,0.0055047,0.00014727,1.1189,-3.1613,-1.868,3.8064,-1.056,0,0.495,0.36572,0.15254
69.671,-88.81,30.217,-0.89765,-0.9322,0.0055104,8.863e-05,1.3016,-3.0194,3.9374,2.9404,-3.6821,0,0.495,0.35778,0.15254
-4.2568,3.8809,30.249,-0.88994,-0.86966,0.0054977,0.00019861,0.9429,-3.3658,-7.3708,3.6077,3.7347,0,0.495,0.37366,0.15255
-11.627,12.158,30.272,-0.8649,-0.86793,0.0054965,0.00017003,0.93608,-3.5789,-10.417,4.3406,3.8561,0,0.495,0.37366,0.15654
38.142,-45.922,30.277,-0.86336,-0.86516,0.0055033,0.00012247,1.1171,-3.3844,-4.4801,4.3014,-1.1853,0,0.495,0.36572,0.15654
-12.508,9.5342,30.254,-0.82664,-0.91059,0.00549,0.00014549,0.83227,-3.942,-10.94,3.4985,4.4796,0,0.495,0.38159,0.16054
-1.3646,-1.3065,30.232,-0.8594,-0.90806,0.0054906,0.00016018,0.83332,-3.744,-7.9495,3.0041,3.8674,0,0.495,0.38159,0.15655
-21.098,21.771,30.297,-0.82836,-0.8643,0.0054958,0.0001472,0.93724,-3.7874,-13.158,4.8728,3.9952,0,0.495,0.37366,0.16053
6.717,-8.8951,30.213,-0.8814,-0.90319,0.0054916,0.000175,0.842,-3.5412,-4.8108,2.3972,3.4317,0,0.495,0.38159,0.15255
47.043,-54.179,30.301,-0.82409,-0.86086,0.0055024,0.00010602,1.1188,-3.6033,-6.5109,4.5759,-1.4252,0,0.495,0.36572,0.16053
-0.28533,-1.1058,30.229,-0.90592,-0.86991,0.0054997,0.00021377,0.96979,-3.1475,-5.5382,3.2633,3.478,0,0.495,0.37366,0.14856
12.183,-14.517,30.195,-0.89551,-0.89671,0.0054933,0.0001778,0.86813,-3.3315,-2.8569,2.0958,3.0036,0,0.495,0.38159,0.14856
92.594,-114.53,30.238,-0.86612,-0.93075,0.0055087,7.8901e-05,1.2958,-3.2551,1.6552,3.197,-3.8023,0,0.495,0.35778,0.15653
107.56,-130.84,30.26,-0.82529,-0.92752,0.0055074,7.3351e-05,1.2838,-3.4869,0.27148,3.2622,-3.9666,0,0.495,0.35778,0.16052
38.709,-42.541,30.211,-0.85889,-0.8742,0.0054887,0.00012444,0.82281,-3.6746,2.8648,1.7752,-1.369,0,0.495,0.38953,0.15256
42.384,-48.576,30.226,-0.84103,-0.88521,0.0054877,0.00011787,0.81425,-3.8656,0.49575,2.0344,-0.98846,0,0.495,0.38953,0.15655
47.119,-55.456,30.242,-0.81382,-0.89334,0.0054872,0.00010991,0.81643,-4.0543,-2.0066,2.3163,-0.35507,0,0.495,0.38953,0.16054
41.118,-44.281,30.197,-0.87085,-0.86103,0.0054902,0.00012235,0.85076,-3.4747,3.8551,1.6603,-1.7056,0,0.495,0.38953,0.14857
50.416,-52.831,30.183,-0.88447,-0.84713,0.0054925,0.00011382,0.90258,-3.2679,3.4082,1.5416,-1.9848,0,0.495,0.38953,0.14458
2465.6,6640.4,4.6817,3.5512,0.62331,20.811,0.020587,1013.4,-39.618,-279.17,52.429,-121.22,0,0.495,0.039272,0.16808
4132.9,5036.6,5.0248,3.773,0.31506,19.728,0.018213,1086.8,-36.207,-265.2,78.722,-150.65,0,0.495,0.039269,0.17207
3928.2,8604.5,5.9555,3.9867,-1.0599,21.821,0.019451,1120.8,-41.364,-254.37,118.51,-236.48,0,0.495,0.047195,0.16809
6818.1,7004.5,6.6021,4.209,-1.2631,21.2,0.016972,1225.1,-38.04,-232.88,166.15,-281.13,0,0.495,0.047192,0.17208
2570.3,1713.9,4.5861,3.3958,1.7043,17.663,0.01557,1137.9,-31.403,-268.66,46.167,-80.147,0,0.495,0.03134,0.17606
6775.3,3331.3,5.4943,3.983,0.022985,18.763,0.015966,1180.3,-32.837,-247.91,118.09,-189.81,0,0.495,0.039265,0.17607
1473.6,3102.5,4.3517,3.1986,2.0844,18.973,0.017685,1076.1,-34.868,-280.04,27.346,-58.351,0,0.495,0.031344,0.17206
872.41,4399.2,4.1808,2.995,2.4619,20.24,0.019827,1024,-38.335,-289.22,15.365,-42.483,0,0.495,0.031348,0.16807
10488,5465.6,7.4641,4.4077,-1.4249,20.791,0.01465,1352.5,-34.779,-207.13,230.69,-334.5,0,0.495,0.047189,0.17608
2308.3,10116,5.4659,3.7442,-0.82862,22.579,0.021916,1035.7,-44.635,-271.86,84.523,-199.51,0,0.495,0.047198,0.16409
8209.5,9648.9,7.3983,4.0497,-2.3845,24.105,0.019012,1205.6,-44.071,-232.9,168.97,-325.54,0,0.495,0.055126,0.1641
11738,8071,8.237,4.2752,-2.4899,23.743,0.016832,1307.5,-40.888,-208.78,220.12,-369.32,0,0.495,0.055123,0.1681
5017.2,11272,6.7361,3.8013,-2.241,24.561,0.021345,1117.5,-47.261,-253.39,127.72,-286.91,0,0.495,0.055129,0.16011
9934.3,10145,10.446,4.1933,-3.5933,26.009,0.016506,1384.3,-43.582,-174.31,256.6,-444.73,0,0.495,0.063099,0.16412
13218,8645.3,11.627,4.3829,-3.5443,25.619,0.015057,1475.2,-40.509,-146.87,309.08,-476.28,0,0.495,0.063094,0.16811
-267.7,11465,5.0914,3.4876,-0.58232,23.398,0.024312,966.66,-47.858,-285.83,59.557,-169.84,0,0.495,0.047201,0.1601
16843,6502.5,9.2909,4.4709,-2.5433,23.476,0.01479,1422.6,-37.624,-180.66,283.37,-415.32,0,0.495,0.055118,0.17209
21245,5780.3,14.596,4.6431,-3.2532,24.328,0.013042,1650.5,-34.282,-87.942,419.26,-519.24,0,0.495,0.063073,0.1761
18100,7102.5,13.008,4.5348,-3.4322,25.102,0.013902,1566.2,-37.351,-117.82,365.06,-501.92,0,0.495,0.063083,0.17211
21145,5233.5,10.606,4.6293,-2.533,23.26,0.013021,1548.6,-34.475,-149,355.86,-461.08,0,0.495,0.055114,0.17609
1555.9,8133.8,4.4273,3.3173,0.93876,21.913,0.023005,954.2,-42.981,-290.57,34.465,-98.621,0,0.495,0.039275,0.16408
571.44,5634.5,4.0558,2.7853,2.8323,21.413,0.02195,978.57,-41.741,-296.82,7.1219,-30.369,0,0.495,0.031351,0.16407
-539.73,9450.7,4.2363,3.0744,1.2534,22.964,0.02538,905.93,-46.257,-299.71,21.558,-81.104,0,0.495,0.039278,0.16009
3331.4,-3005.3,4.5181,2.8944,3.0635,15.308,0.011749,1315.8,-25.745,-269.35,26.412,-21.33,0,0.495,0.02341,0.18005
8561.4,-8127.9,4.6487,2.0756,4.9391,13.599,0.0085007,1657.2,-23.778,-282.01,0.52837,52.749,0,0.495,0.015483,0.18004
5122,-4569.8,4.7552,3.0593,2.6045,13.984,0.010218,1380.5,-22.243,-257.65,51.395,-44.081,0,0.495,0.023406,0.18405
9652.9,-9687.5,4.771,2.2066,4.4055,12.468,0.0075485,1704,-20.11,-272.57,10.672,41.4,0,0.495,0.015478,0.18404
1352.3,-1532.1,4.3532,2.7271,3.5168,16.647,0.01336,1259.7,-29.327,-278.89,12.941,-6.515,0,0.495,0.023414,0.17605
5350.6,228.98,4.9187,3.5843,1.3279,16.404,0.013534,1216,-27.973,-254.52,77.728,-110.8,0,0.495,0.031336,0.18006
7444,-6496.6,4.5596,1.9459,5.4549,14.676,0.0094809,1609.9,-27.509,-290.04,-5.1175,60.653,0,0.495,0.015487,0.17605
8441.7,-1249.2,5.4117,3.7654,0.96607,15.374,0.011659,1323.3,-24.668,-236.45,131.8,-155.63,0,0.495,0.031332,0.18405
10154,-11413,4.9518,2.3405,3.856,11.341,0.0066459,1753.1,-16.581,-261.17,32.03,22.972,0,0.495,0.015474,0.18804
-36630,-14678,5.5349,1.3284,5.7236,9.5644,0.0030652,2718.7,-14.895,236.35,0.98746,1658,0,0.495,0.0075448,0.18804
-34052,-10575,5.4567,1.2343,6.3753,10.203,0.003379,2728.8,-18.626,275.75,-5.3953,1668.5,0,0.495,0.0075496,0.18404
59547,-20371,5.6588,1.4372,5.0293,8.9278,0.0027677,2706,-11.329,194.72,30.746,1639.1,0,0.495,0.0075395,0.19205
1.1386e+05,-23667,6.1189,0.88804,5.915,8.2578,0.00077207,3395.9,-10.612,642.9,33.203,3237.1,0,0.495,0,0.19205
-85711,-14319,6.0584,0.79588,6.6974,8.5769,0.00079495,3458.7,-14.336,741.71,6.9814,3252,0,0.495,0,0.18803
10989,-13240,5.2566,2.4796,3.293,10.377,0.0058312,1819,-13.271,-244.48,92.586,-9.8863,0,0.495,0.015468,0.19205
-83959,-7775.5,6.0212,0.72504,7.4119,8.8741,0.00081646,3515.7,-18.174,831.78,6.4668,3259.8,0,0.495,0,0.18403
9873,-6592.4,5.1262,3.22,2.147,12.845,0.0088161,1467.4,-18.863,-242.46,102.08,-80.349,0,0.495,0.023401,0.18805
24199,-5126.1,7.4408,4.0806,0.36166,15.023,0.0080587,1731.1,-18.508,-172.97,413.17,-305.25,0,0.495,0.031323,0.19207
14543,-3197.6,6.1773,3.9346,0.63797,14.826,0.0098871,1482.6,-21.469,-211.27,229.37,-218.93,0,0.495,0.031327,0.18805
19816,-8992.6,5.7717,3.3761,1.7055,12.217,0.0075509,1614.5,-15.703,-218.91,224.08,-140.18,0,0.495,0.023396,0.19206
-33230,-7806.7,5.4025,1.1497,6.9911,10.813,0.0036983,2735.1,-22.452,312.88,-8.6966,1675.4,0,0.495,0.0075541,0.18004
-78042,-1020.9,5.9867,0.61548,8.6924,9.4064,0.00085361,3615.2,-25.924,993.33,6.6919,3267.4,0,0.495,0,0.17604
-81307,-3849.6,5.9978,0.66673,8.0748,9.1503,0.00083596,3567.7,-22.048,915.3,6.4457,3264.6,0,0.495,0,0.18004
-32278,-5492.7,5.3655,1.0704,7.573,11.383,0.0040195,2737.7,-26.302,348,-10.653,1680.2,0,0.495,0.0075584,0.17604
16742,3980.1,8.6122,4.576,-1.5233,20.634,0.012504,1505,-31.508,-176.13,317.59,-393.79,0,0.495,0.047185,0.18008
11627,1324.1,6.1524,4.1765,-0.23824,18.036,0.01367,1302.9,-29.471,-225.61,179.9,-240.68,0,0.495,0.039261,0.18007
22714,2727.8,10.137,4.7038,-1.5368,20.676,0.010661,1681,-28.423,-139.23,425.18,-454.11,0,0.495,0.047181,0.18407
17963,-637.59,7.1055,4.3485,-0.44963,17.7,0.011459,1467.2,-26.291,-196.92,272.9,-305.34,0,0.495,0.039257,0.18406
30457,3125.1,14.124,4.8028,-2.255,22.446,0.010741,1800.6,-28.133,-79.331,516.61,-526.5,0,0.495,0.055106,0.18408
33027,1609.1,16.333,4.803,-1.9649,21.301,0.0099764,1894.2,-25.135,-43.179,590.6,-531.55,0,0.495,0.055103,0.18808
31896,1461.4,12.11,4.7785,-1.4399,20.718,0.0092997,1868,-25.364,-97.102,551.41,-504.69,0,0.495,0.047179,0.18807
-9222.3,-2989,22.577,4.5185,-1.8254,15.146,0.008796,1676.4,-22.165,21.464,541.59,-431.69,0,0.495,0.063063,0.19209
8287,-593.26,20.419,4.6505,-2.2755,18.657,0.010194,1752.6,-24.901,-3.5455,540.47,-482.55,0,0.495,0.063061,0.18809
3329.4,674.54,18.807,4.7264,-1.5892,19.127,0.0091573,1928.8,-22.486,-6.7852,644.41,-508.72,0,0.495,0.055104,0.19208
19510,2165.1,18.331,4.7082,-2.6757,21.294,0.011368,1758.6,-27.932,-30.103,512.51,-512.7,0,0.495,0.063065,0.18409
24214,1776.3,14.6,4.7812,-1.2235,20.254,0.008356,2034.5,-22.633,-49.838,682.64,-531.65,0,0.495,0.047184,0.19209
27151,4154,12.21,4.7424,-2.443,22.99,0.011679,1678.8,-31.261,-114.91,436.47,-500.07,0,0.495,0.05511,0.18009
25745,4144.5,16.376,4.703,-3.0036,23.129,0.012275,1718.9,-31.102,-58.349,470.42,-523.51,0,0.495,0.063068,0.1801
28279,-2790.2,8.4896,4.4885,-0.57948,17.869,0.009557,1683.3,-23.184,-159.74,410.75,-380.47,0,0.495,0.039253,0.18806
36332,-3062.6,10.515,4.5783,-0.6087,18.384,0.0078517,1949.7,-20.447,-110.29,605.38,-456.91,0,0.495,0.039253,0.19208
-5439.8,-3084.1,27.918,2.7551,-3.9376,6.3606,0.007468,817.82,-26.698,27.301,176.77,-217.19,0,0.495,0.10293,0.16815
-4131.1,-3487.1,28.546,2.7681,-3.605,4.5481,0.0061375,703.07,-25.113,26.439,153.2,-176.92,0,0.495,0.10292,0.17214
-2229.2,-3383.4,29.202,2.3094,-3.6735,2.8003,0.0050041,523.5,-24.024,22.406,102.99,-124.11,0,0.495,0.11085,0.16816
-1187.1,-3348.4,29.543,2.3304,-3.3985,1.826,0.0040326,418.05,-22.899,18.99,81.558,-92.898,0,0.495,0.11085,0.17216
-8569.7,-4210.7,27.635,3.2244,-3.4532,6.7284,0.0072125,896.37,-24.747,28.489,214.29,-233.94,0,0.495,0.094996,0.17612
-3174.4,-3509.5,29.07,2.7608,-3.283,3.0417,0.0049265,577.63,-23.605,23.85,125.55,-136.96,0,0.495,0.10292,0.17614
-10234,-3604.8,26.763,3.2401,-3.831,9.135,0.008755,1013.9,-26.668,26.123,238.1,-279.06,0,0.495,0.094997,0.17213
-12031,-2574.9,25.813,3.2258,-4.2043,11.694,0.010355,1106.5,-28.697,21.129,252.4,-319.17,0,0.495,0.094998,0.16814
-204.86,-3092.6,29.801,2.3369,-3.1382,1.1105,0.0031575,318.16,-21.86,15.507,61.139,-65.871,0,0.495,0.11085,0.17615
-3011.7,-3369.8,28.777,2.2732,-3.9591,4.0382,0.0060901,627.87,-25.282,25.065,123.53,-157.07,0,0.495,0.11085,0.16417
-302.9,-2639.3,29.651,1.8831,-3.6955,1.5631,0.0039178,367.52,-23.762,17.424,64.474,-79.839,0,0.495,0.11878,0.16419
314.33,-2496.3,29.856,1.9265,-3.4669,0.99468,0.0031555,285.66,-22.773,14.289,49.64,-57.891,0,0.495,0.11878,0.16818
-937.72,-2615,29.385,1.8264,-3.9311,2.3217,0.0047588,454.53,-24.792,20.513,80.293,-105.13,0,0.495,0.11878,0.16019
1039.5,-2078.7,30.007,1.5391,-3.4827,0.4887,0.002252,184.57,-21.778,10.422,29.278,-31.225,0,0.495,0.12671,0.1642
1389.2,-1923.8,30.093,1.5861,-3.2999,0.28794,0.0016146,136.53,-21.101,8.4843,21.99,-20.291,0,0.495,0.12671,0.16819
-3965.9,-3048.1,28.275,2.2201,-4.2486,5.5173,0.0072816,725.25,-26.604,26.453,141.42,-190.46,0,0.495,0.11085,0.16018
930.48,-2376.5,30.007,1.9564,-3.2475,0.59426,0.00237,213.23,-21.876,11.509,36.592,-39.618,0,0.495,0.11878,0.17217
1462,-1628,30.201,1.6445,-2.9523,0.083301,0.00057146,71.143,-19.843,5.4743,12.224,-7.0256,0,0.495,0.1267,0.17618
1563.5,-1786.4,30.156,1.621,-3.123,0.1594,0.0010387,98.8,-20.465,6.8807,16.332,-12.224,0,0.495,0.1267,0.17219
1395.1,-2189.4,30.114,1.9726,-3.038,0.33105,0.0016343,153.31,-21.031,9.3615,26.053,-25.846,0,0.495,0.11878,0.17617
-6284.6,-2640.3,27.207,2.7199,-4.2722,8.4049,0.008891,916.72,-28.413,26.056,194.69,-254.67,0,0.495,0.10293,0.16416
-6653.7,-1588.2,24.819,3.1809,-4.5632,14.274,0.011973,1175.4,-30.839,13.824,258.31,-352.35,0,0.495,0.094999,0.16414
-7205.6,-1891.5,26.436,2.66,-4.5994,10.589,0.010374,997.54,-30.161,22.784,206.1,-288.39,0,0.495,0.10293,0.16016
-9262.6,-2205.9,23.819,4.1119,-3.2997,14.877,0.010523,1395.5,-26.881,13.38,377.86,-393.39,0,0.495,0.079138,0.18009
-18858,-3786.5,25.271,4.0427,-2.867,11.57,0.0087601,1292.1,-24.346,25.286,362.28,-344.74,0,0.495,0.079137,0.18409
-11866,-3316.3,26.545,3.6599,-3.2119,9.1513,0.0081153,1094.8,-25.367,27.856,285.47,-290.69,0,0.495,0.087068,0.1801
-9650,-4009.3,27.582,3.5849,-2.8039,6.418,0.0064893,946.87,-23.324,31.129,250.26,-236.22,0,0.495,0.087067,0.1841
-14341,-2100.2,25.395,3.6994,-3.6216,12.078,0.0098056,1207.8,-27.556,21.302,306.66,-338.99,0,0.495,0.087069,0.17611
-6226.6,-4701.4,28.395,3.1819,-3.0827,4.6137,0.0057737,757.04,-23.036,28.178,182.13,-185.3,0,0.495,0.094995,0.18012
4885.8,-257.82,22.338,4.1332,-3.7091,17.95,0.012193,1457,-29.586,-1.4547,376.74,-431.4,0,0.495,0.07914,0.1761
-4372.8,-4663.1,29.014,3.1154,-2.7306,2.9021,0.0044781,603.41,-21.523,25.751,144.15,-137.55,0,0.495,0.094994,0.18411
-14747,-5324.5,26.621,3.9276,-2.4261,8.2759,0.0070069,1140,-22.09,33.509,326.34,-284.62,0,0.495,0.079136,0.18808
-22586,-2133.2,23.926,4.3312,-2.4,13.665,0.0090512,1486.5,-23.929,22.227,448.06,-391.42,0,0.495,0.071172,0.18807
-13633,-61.322,22.146,4.4265,-2.8416,17.161,0.010806,1575.7,-26.507,4.8255,455.87,-441.07,0,0.495,0.071174,0.18408
-19372,-3715.4,25.629,4.1734,-1.9442,9.9084,0.0072444,1328.9,-21.58,36.292,410.37,-327.24,0,0.495,0.07117,0.19207
-10818,-6020.6,27.789,3.7664,-2.0004,5.317,0.0053657,938.16,-20.184,38.161,268.27,-217.84,0,0.495,0.079133,0.19208
4920.1,1757.8,20.374,4.4647,-3.2462,20.138,0.012277,1613.1,-29.248,-15.418,444.48,-475.01,0,0.495,0.071175,0.18008
18857,3613.8,18.67,4.4503,-3.6032,22.515,0.013432,1612.7,-32.121,-37.835,420.09,-496.62,0,0.495,0.071177,0.17609
-6569,-4531.4,28.454,3.4786,-2.4133,4.0892,0.0049972,769.5,-21.557,31.228,202.37,-178.23,0,0.495,0.087066,0.18809
-741.83,-3909.3,29.795,2.9209,-2.127,0.84483,0.0023497,309.96,-19.29,18.19,67.562,-59.097,0,0.495,0.094991,0.19211
-2419,-4428.9,29.48,3.0281,-2.4094,1.6508,0.0033577,448.92,-20.317,22.186,104.13,-93.943,0,0.495,0.094993,0.18811
-4315.7,-4491.5,29.122,3.3422,-2.0576,2.3283,0.0037141,577.43,-20.039,29.025,147.21,-123.45,0,0.495,0.087063,0.1921
726.9,-2855.3,29.986,2.3291,-2.8951,0.6242,0.0022883,230.42,-20.962,12.573,43.08,-43.705,0,0.495,0.11085,0.18015
-1860.6,-3493.1,29.482,2.7353,-2.9791,1.8826,0.0038524,450.01,-22.266,20.314,96.293,-99.388,0,0.495,0.10292,0.18013
1434.8,-2543.4,30.109,2.3066,-2.6694,0.32177,0.0014808,159.58,-20.136,10.468,28.697,-27.438,0,0.495,0.11085,0.18414
-608.02,-3211.9,29.782,2.6921,-2.6985,1.0656,0.0028751,330.15,-21.063,16.735,68.853,-67.469,0,0.495,0.10292,0.18413
1668.6,-1877.5,30.231,1.9643,-2.6494,0.082886,0.0005243,75.039,-19.553,6.1747,11.974,-9.566,0,0.495,0.11878,0.18415
1536.5,-1688.4,30.26,1.9434,-2.4687,0.039739,0.00028292,54.335,-18.88,4.4439,7.9464,-5.7137,0,0.495,0.11878,0.18815
1870.3,-2231.9,30.186,2.2695,-2.4601,0.15224,0.00084599,107.69,-19.414,8.8271,17.798,-16.192,0,0.495,0.11085,0.18814
1006.6,-1135.6,30.29,1.6403,-2.3444,0.010409,0.00010738,29,-17.633,-2.6066,5.6914,-1.2878,0,0.495,0.1267,0.19216
1121.6,-1215.7,30.275,1.6504,-2.4812,0.013802,0.0001363,33.272,-18.119,0.83631,5.8665,-1.3033,0,0.495,0.1267,0.18816
1378.7,-1544,30.277,1.9175,-2.3057,0.021476,0.00017512,42.333,-18.301,1.8207,6.0713,-3.8266,0,0.495,0.11877,0.19215
1235.8,-1358.7,30.257,1.6574,-2.6324,0.022574,0.00019451,40.473,-18.68,2.8563,7.1515,-2.0652,0,0.495,0.1267,0.18417
1727.5,-1935,30.23,2.2233,-2.2734,0.070082,0.00043662,74.167,-18.783,6.68,10.868,-9.5324,0,0.495,0.11085,0.19214
1742.2,-2038.1,30.185,1.9747,-2.8384,0.1711,0.0010053,107.35,-20.268,7.6963,17.83,-15.875,0,0.495,0.11878,0.18016
1354.7,-1484.4,30.233,1.6561,-2.7884,0.042446,0.00031986,52.349,-19.251,4.2164,9.1761,-3.6997,0,0.495,0.1267,0.18017
495.83,-2896.7,29.985,2.6316,-2.4449,0.54643,0.0019709,227.94,-20.075,13.61,45.08,-42.325,0,0.495,0.10292,0.18812
1221.1,-2553.8,30.109,2.5568,-2.2241,0.25629,0.0011801,150.61,-19.219,10.351,27.402,-25.123,0,0.495,0.10292,0.19212
460.13,-518.31,30.121,0.53505,-2.8074,0.006409,7.0785e-05,14.289,-14.548,-1.9573,8.5313,-3.8499,0,0.495,0.16664,0.16797
434.62,-496.23,30.158,0.58075,-2.7232,0.0062968,6.4559e-05,13.2,-14.426,-1.3102,8.0111,-3.7621,0,0.495,0.16664,0.17197
418.05,-464.76,30.119,0.40076,-2.7207,0.0061329,5.7977e-05,11.332,-13.364,0.064803,8.2414,-2.6216,0,0.495,0.1746,0.16798
399.82,-450.36,30.156,0.44407,-2.6444,0.0060665,5.4072e-05,10.465,-13.316,0.99803,7.4619,-2.5151,0,0.495,0.1746,0.17198
500.65,-573.44,30.185,0.77267,-2.6961,0.0065281,7.1421e-05,15.526,-15.401,-1.7775,7.8001,-3.6571,0,0.495,0.1586,0.17596
413.22,-476.16,30.191,0.61915,-2.6379,0.0062079,5.9508e-05,12.201,-14.297,-0.74253,7.5043,-3.6285,0,0.495,0.16664,0.17596
526.05,-597.8,30.153,0.73344,-2.7918,0.0067116,7.9315e-05,16.786,-15.608,-2.29,8.1561,-3.6468,0,0.495,0.1586,0.17197
557.09,-626.52,30.118,0.68624,-2.8868,0.0069948,8.9288e-05,18.229,-15.813,-2.6833,8.4067,-3.5894,0,0.495,0.1586,0.16797
386.46,-438.89,30.19,0.48097,-2.5663,0.0060096,5.0953e-05,9.6637,-13.258,1.8055,6.8197,-2.4137,0,0.495,0.1746,0.17597
438.3,-481.56,30.079,0.35074,-2.7953,0.006213,6.3149e-05,12.303,-13.403,-0.69002,8.8553,-2.5161,0,0.495,0.1746,0.16399
416.69,-446.66,30.065,0.2346,-2.689,0.0060239,5.3786e-05,10.028,-12.229,0.45099,8.959,-1.5079,0,0.495,0.18256,0.16403
402.43,-435.76,30.107,0.28082,-2.6188,0.0059696,5.0557e-05,9.2407,-12.257,1.3525,8.1745,-1.6281,0,0.495,0.18256,0.16803
434.41,-458.93,30.02,0.18226,-2.7566,0.0060896,5.8478e-05,10.938,-12.183,-0.16562,9.3028,-1.3917,0,0.495,0.18255,0.16004
350.47,-373.97,30.045,0.11768,-2.5874,0.0059046,5.1701e-05,8.293,-11.092,1.0514,9.1982,-1.3455,0,0.495,0.19059,0.16418
327.66,-354,30.088,0.15724,-2.5242,0.0058631,5.0899e-05,7.6026,-11.176,1.6908,8.4012,-1.3544,0,0.495,0.19059,0.16818
460.99,-499.82,30.037,0.29503,-2.868,0.0063139,7.0234e-05,13.419,-13.429,-1.0329,8.9724,-2.3721,0,0.495,0.1746,0.16
390.06,-427.28,30.144,0.32024,-2.5459,0.0059232,4.8227e-05,8.538,-12.275,2.2751,7.3502,-1.603,0,0.495,0.18256,0.17202
288.04,-320.18,30.163,0.21858,-2.3935,0.0057942,5.149e-05,6.3784,-11.308,1.3621,7.2757,-1.2525,0,0.495,0.19059,0.17616
306.4,-336.69,30.128,0.19035,-2.4593,0.0058268,5.0929e-05,6.9725,-11.247,1.8853,7.6705,-1.263,0,0.495,0.19059,0.17217
380.96,-419.62,30.178,0.35329,-2.4707,0.0058825,4.6537e-05,7.8866,-12.282,2.9244,6.7681,-1.6353,0,0.495,0.18256,0.17601
487.91,-543.38,30.083,0.48223,-2.8903,0.0065605,7.8784e-05,15.519,-14.664,-2.3444,8.7979,-3.671,0,0.495,0.16664,0.16398
592.38,-660.36,30.083,0.63184,-2.9809,0.007464,0.00010257,19.954,-16.013,-2.7353,8.3633,-3.2831,0,0.495,0.1586,0.16398
517.58,-570.03,30.044,0.42367,-2.972,0.0067796,8.9501e-05,16.95,-14.768,-2.2509,8.5764,-3.4432,0,0.495,0.16664,0.15999
732.98,-816.78,30.217,1.1851,-2.6947,0.0081253,9.8852e-05,22.857,-17.273,0.18429,7.4448,-1.6399,0,0.495,0.14258,0.18016
666.95,-756.88,30.242,1.2072,-2.5787,0.0073681,8.5992e-05,20.773,-16.904,0.48644,7.3741,-1.9665,0,0.495,0.14258,0.18416
614.69,-693.74,30.213,0.98436,-2.6429,0.0068546,7.704e-05,18.094,-16.236,-1.0958,7.73,-2.9757,0,0.495,0.15063,0.17998
584.23,-667.72,30.243,1.0105,-2.5354,0.0066426,6.8657e-05,16.693,-15.955,-1.089,7.8187,-3.035,0,0.495,0.15063,0.18397
644.58,-723.32,30.183,0.95161,-2.7508,0.0072095,8.7247e-05,19.653,-16.524,-1.488,7.8684,-2.9533,0,0.495,0.15063,0.17599
479.2,-553.43,30.217,0.80435,-2.6001,0.0063981,6.4778e-05,14.366,-15.196,-1.5451,7.5696,-3.4584,0,0.495,0.1586,0.17995
800.97,-885.21,30.19,1.1546,-2.813,0.0096931,0.00011812,25.569,-17.658,-0.21504,7.7204,-1.4856,0,0.495,0.14258,0.17617
457.92,-536.25,30.247,0.83063,-2.504,0.0062985,5.9e-05,13.253,-14.993,-2.0584,7.6576,-3.2629,0,0.495,0.1586,0.18394
598.87,-670.98,30.268,1.2237,-2.4651,0.0069984,7.8433e-05,19.03,-16.546,0.21468,7.524,-2.2857,0,0.495,0.14258,0.18815
737.36,-819.86,30.27,1.4187,-2.4885,0.0083117,9.864e-05,24.136,-17.332,0.20417,6.6044,-1.3317,0,0.495,0.13463,0.18817
825.19,-931.84,30.249,1.4139,-2.6147,0.0099556,0.00011536,27.046,-17.791,1.2848,6.7778,-1.1476,0,0.495,0.13463,0.18418
656.64,-757.37,30.292,1.4206,-2.3756,0.0076591,8.6566e-05,21.999,-16.941,-1.8627,7.0805,-1.7605,0,0.495,0.13463,0.19217
528.04,-615.75,30.296,1.2384,-2.3626,0.0068231,7.1475e-05,17.54,-16.252,-0.68882,8.0481,-2.6635,0,0.495,0.14258,0.19214
918.4,-1025,30.228,1.4018,-2.7451,0.013745,0.0001482,31.305,-18.266,1.6758,7.2507,-1.1529,0,0.495,0.13463,0.18019
1019.6,-1136,30.204,1.3801,-2.8804,0.022018,0.00021055,37.934,-18.763,2.0972,8.0808,-1.7614,0,0.495,0.13463,0.17619
548.27,-615.8,30.273,1.0332,-2.428,0.0065042,6.2738e-05,15.372,-15.686,-1.8371,8.1813,-3.0467,0,0.495,0.15063,0.18797
407.01,-482.75,30.313,0.88303,-2.3192,0.0061579,5.1501e-05,11.212,-14.659,-5.9094,8.4481,-2.8612,0,0.495,0.1586,0.19193
434.06,-498.56,30.279,0.85544,-2.4079,0.0062192,5.5168e-05,12.18,-14.799,-3.5726,8.0307,-3.0438,0,0.495,0.1586,0.18794
502.7,-578.66,30.305,1.0565,-2.3294,0.0064097,5.7373e-05,14.151,-15.479,-3.3279,8.7394,-3.0705,0,0.495,0.15063,0.19196
377.86,-432.85,30.221,0.51282,-2.4871,0.0059598,4.8303e-05,8.9034,-13.195,2.2038,6.6057,-2.2105,0,0.495,0.1746,0.17996
393.75,-458.37,30.223,0.65148,-2.5523,0.0061335,5.5261e-05,11.245,-14.165,-0.5835,7.2821,-3.3385,0,0.495,0.16664,0.17995
373.53,-434.51,30.252,0.54205,-2.4067,0.0059164,4.5945e-05,8.1865,-13.127,2.0722,6.8868,-2.057,0,0.495,0.1746,0.18395
375.64,-444.52,30.254,0.68021,-2.4667,0.0060695,5.1574e-05,10.319,-14.031,-1.0686,7.4687,-3.0763,0,0.495,0.16664,0.18394
363.14,-409.12,30.243,0.40725,-2.3161,0.0058146,4.4411e-05,6.6812,-12.267,2.1772,7.1335,-1.6044,0,0.495,0.18256,0.18399
348.05,-390.74,30.277,0.43383,-2.2371,0.0057885,4.4556e-05,6.1578,-12.242,0.75356,7.7793,-1.5939,0,0.495,0.18256,0.18799
372.58,-425.71,30.285,0.57105,-2.3244,0.0058805,4.4763e-05,7.5445,-13.062,1.5964,7.4617,-1.9393,0,0.495,0.1746,0.18794
194.25,-243.59,30.307,0.33851,-2.1373,0.0057019,5.5416e-05,4.4938,-11.441,-7.9973,8.2348,-1.2969,0,0.495,0.19059,0.19214
220.26,-260.08,30.27,0.30264,-2.1987,0.0057178,5.4771e-05,4.8442,-11.415,-5.2528,8.2414,-1.3125,0,0.495,0.19059,0.18814
325.38,-375.63,30.313,0.46217,-2.1616,0.0057683,4.4536e-05,5.7242,-12.234,-0.93377,8.1631,-1.5136,0,0.495,0.18256,0.19198
246.26,-285.14,30.233,0.27174,-2.263,0.0057389,5.343e-05,5.2913,-11.393,-2.3779,7.8111,-1.2807,0,0.495,0.19059,0.18415
374.72,-435.96,30.32,0.60077,-2.2466,0.0058529,4.3322e-05,7.0196,-13.051,1.0472,7.8294,-1.8178,0,0.495,0.1746,0.19194
372.51,-413.07,30.211,0.38137,-2.3939,0.0058463,4.532e-05,7.2658,-12.279,2.9721,6.7031,-1.6062,0,0.495,0.18256,0.18
268.42,-302.73,30.198,0.24465,-2.3277,0.0057647,5.2461e-05,5.8132,-11.357,-0.06248,7.3742,-1.2485,0,0.495,0.19059,0.18015
361.75,-421.99,30.286,0.70857,-2.381,0.0060151,4.9246e-05,9.4453,-13.904,-2.1814,7.9409,-2.842,0,0.495,0.16664,0.18793
354.85,-420.97,30.321,0.73931,-2.3011,0.0059711,4.6973e-05,8.6849,-13.829,-3.4613,8.2853,-2.6609,0,0.495,0.16664,0.19193
198.54,-231.22,30.108,-0.26649,-2.141,0.0056078,5.5009e-05,3.2166,-7.061,4.5413,5.6273,-4.3284,0,0.495,0.23029,0.16826
186.42,-218.68,30.141,-0.23531,-2.0978,0.0055939,5.6436e-05,2.9074,-7.3066,4.8719,5.2751,-3.9363,0,0.495,0.23029,0.17226
192.84,-221.65,30.123,-0.33173,-2.032,0.0055951,5.6392e-05,2.9944,-6.4641,4.4642,5.059,-3.427,0,0.495,0.23823,0.16827
183.65,-211.85,30.154,-0.30032,-1.9906,0.0055828,5.7478e-05,2.7217,-6.7291,5.0512,4.6272,-3.1495,0,0.495,0.23823,0.17227
190.78,-224.48,30.161,-0.12581,-2.1397,0.0056027,5.6143e-05,3.0348,-8.1735,2.0954,5.9077,-3.3828,0,0.495,0.22236,0.17624
182.46,-214.13,30.174,-0.20593,-2.0542,0.0055817,5.7002e-05,2.6405,-7.5351,4.6092,5.3452,-3.5102,0,0.495,0.23029,0.17625
195.17,-229.09,30.127,-0.15569,-2.1885,0.0056169,5.5647e-05,3.3394,-7.9706,2.4267,5.8304,-3.748,0,0.495,0.22236,0.17225
206.08,-240.07,30.091,-0.18785,-2.2365,0.005633,5.4427e-05,3.6828,-7.7495,2.0887,6.1647,-4.1154,0,0.495,0.22236,0.16825
182.83,-210.16,30.184,-0.27085,-1.9484,0.005572,5.7561e-05,2.4889,-6.9764,5.1936,4.6701,-2.8285,0,0.495,0.23823,0.17626
209.35,-239.41,30.089,-0.36717,-2.0725,0.0056092,5.4536e-05,3.3138,-6.1819,3.4733,5.8074,-3.5796,0,0.495,0.23823,0.16428
173.73,-197.88,30.097,-0.43654,-1.9764,0.0056014,6.0693e-05,3.1539,-5.6634,0.47558,5.4726,-1.8154,0,0.495,0.24616,0.16429
159.51,-182.94,30.13,-0.40347,-1.9371,0.0055887,6.3055e-05,2.8701,-5.9588,1.1845,4.669,-1.6592,0,0.495,0.24617,0.16828
139.36,-157.18,30.055,-0.53788,-1.9535,0.0055986,6.7436e-05,3.0808,-4.8638,-3.3614,5.818,-0.56622,0,0.495,0.2541,0.16031
193.64,-216.98,30.059,-0.47526,-2.0142,0.0056159,5.7894e-05,3.4872,-5.3525,-0.54789,6.296,-2.0102,0,0.495,0.24616,0.1603
120.23,-138.23,30.09,-0.50042,-1.922,0.005586,7.268e-05,2.7907,-5.182,-2.5564,5.0397,-0.19318,0,0.495,0.2541,0.1643
105.59,-122.57,30.121,-0.46894,-1.8897,0.0055749,7.7939e-05,2.5392,-5.4858,-2.1049,4.2784,0.090868,0,0.495,0.2541,0.16829
231.66,-261.7,30.05,-0.40811,-2.1119,0.0056255,5.235e-05,3.687,-5.8805,2.2796,6.5872,-3.7318,0,0.495,0.23823,0.16029
150.6,-173.92,30.16,-0.37453,-1.8964,0.0055775,6.4552e-05,2.6259,-6.2367,1.4018,4.1922,-1.4093,0,0.495,0.24617,0.17227
87.766,-104.36,30.175,-0.41572,-1.824,0.0055555,8.4472e-05,2.1213,-6.0452,-3.3285,3.9217,0.69403,0,0.495,0.2541,0.17628
94.975,-111.74,30.149,-0.44162,-1.857,0.0055647,8.2186e-05,2.3182,-5.7733,-2.2855,3.8319,0.40689,0,0.495,0.2541,0.17228
146.91,-170.01,30.188,-0.34756,-1.8545,0.0055675,6.4939e-05,2.412,-6.4972,0.97486,4.2436,-1.134,0,0.495,0.24617,0.17627
217.42,-251.46,30.071,-0.30182,-2.1836,0.0056237,5.3009e-05,3.5716,-6.7982,3.742,6.2758,-4.6056,0,0.495,0.23029,0.16427
221.73,-256.65,30.052,-0.22455,-2.2835,0.0056511,5.2791e-05,4.0666,-7.5105,1.338,6.7995,-4.3955,0,0.495,0.22236,0.16426
241.37,-275.45,30.031,-0.34263,-2.2253,0.0056419,5.0855e-05,3.9779,-6.5157,2.7271,6.9663,-4.8937,0,0.495,0.23029,0.16028
187.73,-220.52,30.189,0.083901,-2.2202,0.005655,5.7024e-05,3.8507,-9.7052,0.50268,7.2753,-2.7761,0,0.495,0.20649,0.18021
186.78,-220.89,30.226,0.11458,-2.169,0.0056382,5.6638e-05,3.4946,-9.8227,0.5813,7.6844,-2.5378,0,0.495,0.20649,0.1842
203.24,-237.86,30.191,-0.0074177,-2.1543,0.0056188,5.4813e-05,3.2795,-9.0196,0.14116,6.841,-2.6866,0,0.495,0.21442,0.18022
201.51,-237.01,30.228,0.025174,-2.1012,0.0056056,5.4588e-05,2.9897,-9.1626,-0.28483,7.3128,-2.451,0,0.495,0.21442,0.18421
203.18,-238.41,30.156,-0.038862,-2.2072,0.0056344,5.5021e-05,3.612,-8.8629,0.38804,6.5079,-2.9428,0,0.495,0.21442,0.17623
191.27,-225.23,30.196,-0.095569,-2.0904,0.0055905,5.5958e-05,2.7693,-8.359,1.1851,6.3485,-3.0346,0,0.495,0.22236,0.18023
191.46,-224.99,30.153,0.052964,-2.2715,0.0056747,5.6754e-05,4.2572,-9.579,0.19177,7.054,-2.9815,0,0.495,0.20649,0.17622
192.51,-227.64,30.232,-0.063021,-2.0405,0.0055805,5.5504e-05,2.5439,-8.5291,0.026108,6.8757,-2.7386,0,0.495,0.22236,0.18422
187.67,-224.26,30.265,0.14629,-2.1173,0.0056247,5.6041e-05,3.1995,-9.9276,0.50359,7.8294,-2.3145,0,0.495,0.20649,0.1882
151.52,-188.39,30.265,0.2236,-2.1843,0.005661,6.0404e-05,3.7525,-10.642,-3.4544,8.1553,-2.1144,0,0.495,0.19855,0.18818
160.28,-194.83,30.227,0.19009,-2.2347,0.0056789,6.0096e-05,4.1253,-10.573,-2.1971,7.9863,-2.1697,0,0.495,0.19855,0.18419
147.3,-191.6,30.304,0.25844,-2.1337,0.005647,5.99e-05,3.4654,-10.715,-4.0243,7.7542,-2.0104,0,0.495,0.19855,0.19218
187.32,-225.54,30.303,0.17914,-2.0646,0.0056146,5.5994e-05,2.9723,-10.028,0.48014,7.378,-2.0566,0,0.495,0.20649,0.19222
172.13,-204.46,30.189,0.15909,-2.2851,0.0057007,5.9432e-05,4.5745,-10.493,-0.89626,7.6076,-2.2521,0,0.495,0.19855,0.1802
188.4,-219.8,30.153,0.12928,-2.3368,0.0057255,5.7956e-05,5.0771,-10.403,0.013941,7.4351,-2.334,0,0.495,0.19855,0.1762
197.87,-234.09,30.266,0.059436,-2.0481,0.0055951,5.4726e-05,2.7481,-9.29,-0.76645,7.4724,-2.2448,0,0.495,0.21442,0.18821
193.45,-235.21,30.306,0.0093535,-1.938,0.0055668,5.4672e-05,2.2188,-8.8377,-1.5154,6.4531,-2.3325,0,0.495,0.22236,0.19224
192.25,-229.77,30.27,-0.027813,-1.9901,0.0055726,5.5132e-05,2.3604,-8.6857,-0.98338,7.0081,-2.5197,0,0.495,0.22236,0.18822
193.82,-233.07,30.303,0.095644,-1.9953,0.0055872,5.5019e-05,2.5601,-9.4129,-1.233,7.0072,-2.015,0,0.495,0.21443,0.19223
188.04,-214.77,30.214,-0.24142,-1.9056,0.0055628,5.6829e-05,2.2897,-7.2074,4.9751,5.2139,-2.4988,0,0.495,0.23823,0.18025
185.22,-216.72,30.206,-0.17599,-2.0104,0.0055712,5.6692e-05,2.4117,-7.7476,3.8756,5.8213,-3.0865,0,0.495,0.23029,0.18024
192.75,-219.66,30.246,-0.21074,-1.8621,0.005555,5.6075e-05,2.1183,-7.4239,4.6092,5.9849,-2.1759,0,0.495,0.23823,0.18424
189.63,-222.21,30.241,-0.14401,-1.9661,0.0055624,5.5969e-05,2.2176,-7.9467,3.023,6.3968,-2.7146,0,0.495,0.23029,0.18423
138.83,-163.29,30.248,-0.28883,-1.7689,0.0055508,6.4129e-05,2.0523,-6.9668,-1.8239,5.8098,-0.5795,0,0.495,0.24617,0.18425
126.28,-153.01,30.282,-0.25355,-1.7265,0.0055444,6.479e-05,1.9037,-7.1767,-3.4322,6.4294,-0.38914,0,0.495,0.24617,0.18825
189.33,-218.18,30.281,-0.17899,-1.8183,0.0055487,5.615e-05,1.9718,-7.6264,4.3571,6.3792,-1.9844,0,0.495,0.23823,0.18824
51.601,-72.991,30.298,-0.2746,-1.6932,0.0055288,8.2e-05,1.5439,-6.9851,-10.966,5.3256,1.4862,0,0.495,0.25411,0.19228
58.846,-78.943,30.265,-0.31626,-1.7274,0.0055335,8.2364e-05,1.6524,-6.7689,-9.7588,5.7903,1.2855,0,0.495,0.2541,0.18826
111.55,-137.87,30.317,-0.2152,-1.6846,0.0055395,6.6466e-05,1.7785,-7.3763,-4.6301,6.2322,-0.19769,0,0.495,0.24617,0.19227
70.946,-89.234,30.232,-0.35463,-1.7594,0.0055396,8.3704e-05,1.7866,-6.5431,-7.5874,5.3807,1.1118,0,0.495,0.2541,0.18426
176.47,-208.62,30.316,-0.1475,-1.7733,0.005544,5.7654e-05,1.8498,-7.8216,4.0248,5.9678,-1.8808,0,0.495,0.23823,0.19226
144.7,-168.03,30.217,-0.31984,-1.8118,0.0055586,6.457e-05,2.2218,-6.7405,-0.17278,4.8695,-0.86557,0,0.495,0.24617,0.18026
81.01,-97.852,30.202,-0.38763,-1.7915,0.005547,8.4645e-05,1.944,-6.3016,-5.2138,4.5488,0.91014,0,0.495,0.2541,0.18027
190.73,-225.67,30.277,-0.11034,-1.9206,0.0055554,5.551e-05,2.0567,-8.1328,2.4548,6.5243,-2.4662,0,0.495,0.23029,0.18823
188.04,-225.24,30.312,-0.076799,-1.8726,0.00555,5.5613e-05,1.9277,-8.3155,2.3536,5.8482,-2.3197,0,0.495,0.2303,0.19225
101.17,-122.99,30.19,-0.66875,-1.4476,0.0055344,7.0772e-05,1.8106,-4.0562,8.0903,2.2396,-5.0981,0,0.495,0.29427,0.16845
82.985,-102.21,30.209,-0.64618,-1.4302,0.005528,7.5296e-05,1.6509,-4.3499,9.0664,1.5876,-4.9172,0,0.495,0.29427,0.17244
69.18,-90.315,30.228,-0.69191,-1.3452,0.005532,8.8661e-05,1.7119,-3.9151,1.7447,2.9161,-3.3665,0,0.495,0.30221,0.16846
57.241,-76.732,30.247,-0.66725,-1.3273,0.0055264,9.5558e-05,1.5786,-4.2014,3.1436,2.0023,-3.368,0,0.495,0.30221,0.17245
100.59,-119.53,30.197,-0.59612,-1.5344,0.005524,7.1259e-05,1.5807,-4.8191,8.536,2.2172,-3.7288,0,0.495,0.28633,0.17642
81.238,-100.22,30.226,-0.62629,-1.4128,0.0055223,7.6295e-05,1.523,-4.63,8.8849,1.4471,-4.5426,0,0.495,0.29427,0.17643
99.727,-118.09,30.177,-0.61698,-1.556,0.0055298,7.0576e-05,1.7084,-4.5363,9.5014,2.1102,-4.2379,0,0.495,0.28633,0.17243
115.42,-135.74,30.155,-0.63922,-1.5768,0.0055365,6.6909e-05,1.8695,-4.2379,9.2456,2.4968,-4.5805,0,0.495,0.28633,0.16844
56.367,-75.286,30.262,-0.64596,-1.3091,0.0055213,9.6465e-05,1.4703,-4.4743,3.4775,1.5316,-3.2157,0,0.495,0.30221,0.17644
87.85,-111.34,30.205,-0.72366,-1.3635,0.0055379,8.0066e-05,1.8681,-3.6198,-0.2101,3.8535,-3.1534,0,0.495,0.30221,0.16446
37.187,-40.593,30.216,-0.754,-1.326,0.0055306,0.00010695,1.6477,-3.5823,-8.4477,3.8095,1.5781,0,0.495,0.31015,0.16447
29.704,-33.124,30.239,-0.72139,-1.3076,0.0055261,0.00012,1.5349,-3.8708,-6.7462,2.7758,1.5733,0,0.495,0.31015,0.16846
46.883,-49.9,30.188,-0.79517,-1.3441,0.0055353,9.5874e-05,1.771,-3.2818,-9.8735,4.5247,1.4965,0,0.495,0.31015,0.16048
22.966,-15.052,30.182,-0.78007,-1.3508,0.0055193,0.00012484,1.404,-3.5533,-10.141,2.7675,3.3943,0,0.495,0.31809,0.16448
16.189,-9.2296,30.203,-0.74783,-1.3384,0.0055158,0.00014704,1.3154,-3.8366,-8.7543,1.8341,3.6539,0,0.495,0.31809,0.16847
108.09,-132.21,30.178,-0.76364,-1.3823,0.0055443,7.3085e-05,2.0397,-3.3119,-2.0284,4.539,-2.9742,0,0.495,0.30221,0.16047
25.174,-28.573,30.258,-0.69672,-1.2888,0.0055217,0.00012953,1.4369,-4.1507,-5.5341,1.7219,1.7095,0,0.495,0.31015,0.17246
9.402,-1.3625,30.232,-0.70433,-1.3116,0.0055088,0.00017865,1.1685,-4.3761,-8.2153,0.47074,4.168,0,0.495,0.31809,0.17645
12.292,-5.5845,30.219,-0.72382,-1.3253,0.0055123,0.00016781,1.2372,-4.1117,-7.877,0.92584,3.9534,0,0.495,0.31809,0.17246
23.896,-26.606,30.272,-0.67627,-1.269,0.0055175,0.00013088,1.3534,-4.4175,-5.4777,1.1018,1.8753,0,0.495,0.31015,0.17645
130.11,-156.4,30.167,-0.69784,-1.4654,0.0055414,6.5025e-05,2.0005,-3.7515,6.3941,3.0284,-5.0428,0,0.495,0.29427,0.16446
176.44,-205.01,30.103,-0.7018,-1.6177,0.0055523,5.738e-05,2.2938,-3.5979,6.6106,3.6411,-4.8034,0,0.495,0.28633,0.16046
143.44,-168.15,30.13,-0.66679,-1.5972,0.0055439,6.1975e-05,2.0656,-3.9255,8.11,3.106,-4.7046,0,0.495,0.28633,0.16445
161.78,-190.94,30.141,-0.73503,-1.4839,0.0055491,6.0055e-05,2.2135,-3.433,4.6113,3.6678,-4.9889,0,0.495,0.29427,0.16046
131.08,-156.08,30.187,-0.46464,-1.6895,0.005526,6.6889e-05,1.603,-5.6042,2.0545,4.4638,-1.9416,0,0.495,0.27018,0.18054
145.98,-167.77,30.219,-0.43033,-1.6575,0.0055213,6.4452e-05,1.5047,-5.8917,1.5555,5.3162,-1.7519,0,0.495,0.27016,0.18461
129.75,-156.04,30.2,-0.52789,-1.609,0.0055216,6.6608e-05,1.5446,-5.3239,3.518,3.8443,-2.7034,0,0.495,0.27835,0.18044
147.09,-175.06,30.229,-0.49412,-1.5772,0.0055175,6.331e-05,1.462,-5.5873,1.2736,4.6812,-2.2568,0,0.495,0.27834,0.18445
114.48,-139.22,30.175,-0.55493,-1.6395,0.0055266,6.9503e-05,1.6409,-5.0491,5.3847,3.0995,-3.0896,0,0.495,0.27835,0.17643
116.12,-137.67,30.219,-0.5717,-1.5116,0.005519,6.8752e-05,1.4803,-5.0886,6.3824,2.9543,-3.1631,0,0.495,0.28633,0.18042
116.15,-141.53,30.159,-0.49496,-1.7221,0.0055314,7.0301e-05,1.7111,-5.323,2.6182,3.5884,-2.0545,0,0.495,0.27021,0.17647
137.36,-162.89,30.244,-0.5399,-1.4871,0.0055148,6.4786e-05,1.3981,-5.3454,3.617,4.0432,-2.5902,0,0.495,0.28633,0.18441
146.9,-169.35,30.252,-0.39275,-1.6271,0.0055175,6.4107e-05,1.4136,-6.1576,1.6442,5.5412,-1.6591,0,0.495,0.27014,0.18864
92.392,-105.71,30.248,-0.35384,-1.7229,0.0055219,7.9894e-05,1.4317,-6.4414,-2.4663,5.3439,0.043875,0,0.495,0.26205,0.18832
97.868,-110.12,30.215,-0.38898,-1.7472,0.0055269,8.1255e-05,1.5428,-6.1862,-2.3025,5.2043,0.0039713,0,0.495,0.26205,0.18431
80.427,-92.792,30.279,-0.3201,-1.6959,0.0055179,8.1975e-05,1.3378,-6.6813,-1.9704,4.4807,0.058458,0,0.495,0.26206,0.19234
132.9,-150.65,30.284,-0.3552,-1.5973,0.0055144,6.7913e-05,1.3287,-6.4074,2.3194,4.7202,-1.6083,0,0.495,0.27014,0.19266
93.936,-108.89,30.184,-0.42223,-1.7726,0.005533,8.3014e-05,1.6706,-5.9067,-1.6399,4.4434,-0.057393,0,0.495,0.26206,0.18031
88.934,-104.92,30.157,-0.45219,-1.7994,0.00554,8.4657e-05,1.8137,-5.6317,-0.96339,3.6856,-0.12128,0,0.495,0.26206,0.17629
158.73,-186.63,30.26,-0.45254,-1.545,0.0055141,6.1208e-05,1.3868,-5.8462,-0.60821,5.0483,-2.0587,0,0.495,0.27833,0.18846
161.18,-188.45,30.306,-0.45388,-1.4329,0.0055085,6.0679e-05,1.2545,-5.8626,-0.034245,4.8373,-2.4594,0,0.495,0.2863,0.19246
154.47,-182.02,30.274,-0.49968,-1.4611,0.0055113,6.1626e-05,1.3251,-5.6017,1.1637,4.8953,-2.3543,0,0.495,0.28632,0.18841
158.48,-182.63,30.291,-0.40535,-1.5139,0.0055115,6.2075e-05,1.3148,-6.104,-1.5482,4.4276,-2.0405,0,0.495,0.27831,0.1925
66.677,-86.511,30.276,-0.62276,-1.2904,0.0055166,9.0808e-05,1.3831,-4.7424,2.6848,1.8936,-2.9325,0,0.495,0.30221,0.18043
95.231,-116.7,30.243,-0.60396,-1.395,0.0055172,7.3329e-05,1.4221,-4.9002,7.5432,2.0873,-4.0316,0,0.495,0.29427,0.18042
81.709,-102.3,30.294,-0.5935,-1.2718,0.0055124,8.3493e-05,1.3086,-5.0066,1.2914,3.0656,-2.4862,0,0.495,0.30221,0.18442
115.87,-140.93,30.265,-0.57542,-1.3764,0.0055128,6.886e-05,1.3388,-5.1617,5.6104,3.3575,-3.4169,0,0.495,0.29427,0.18441
26.616,-21.218,30.301,-0.62498,-1.227,0.0055095,0.00011505,1.2154,-4.9493,-9.2698,2.5913,2.3505,0,0.495,0.31015,0.18443
20.604,-15.025,30.323,-0.58542,-1.2075,0.0055062,0.00010411,1.1551,-5.1985,-11.647,4.1763,2.4889,0,0.495,0.31015,0.18843
91.212,-111.47,30.317,-0.55771,-1.2544,0.0055087,7.8633e-05,1.2377,-5.2661,0.18358,4.4371,-2.1718,0,0.495,0.30221,0.18842
-20.566,43.098,30.304,-0.5703,-1.2485,0.005497,0.00012222,0.95499,-5.3648,-17.657,4.1225,4.9769,0,0.495,0.31809,0.19248
-8.3913,33.812,30.279,-0.61771,-1.268,0.0054992,0.00013292,0.99917,-5.1371,-16.02,3.3929,4.6972,0,0.495,0.31809,0.18844
15.042,-10.172,30.351,-0.53788,-1.186,0.0055035,9.8431e-05,1.096,-5.4282,-12.66,5.1366,2.621,0,0.495,0.31016,0.19248
0.18892,20.099,30.259,-0.65614,-1.2825,0.005502,0.00015495,1.0491,-4.8928,-13.018,2.0216,4.5552,0,0.495,0.31809,0.18444
91.953,-108.15,30.345,-0.519,-1.2375,0.0055056,7.8601e-05,1.1639,-5.5259,-0.093254,4.9781,-1.9346,0,0.495,0.30221,0.19247
26.257,-25.709,30.285,-0.6543,-1.2481,0.0055134,0.00012447,1.2808,-4.6827,-6.8499,1.3747,2.0619,0,0.495,0.31015,0.18044
7.0035,6.3524,30.243,-0.6838,-1.2972,0.0055053,0.00017282,1.106,-4.6356,-10.057,0.85948,4.3317,0,0.495,0.31809,0.18045
130.25,-158.44,30.292,-0.54035,-1.3571,0.0055091,6.5808e-05,1.263,-5.4249,3.9564,4.6469,-3.0094,0,0.495,0.29427,0.18842
131.92,-156.66,30.323,-0.50233,-1.3354,0.005506,6.6626e-05,1.1876,-5.6941,3.1991,5.0881,-2.8154,0,0.495,0.29425,0.19246
53.627,-65.184,30.316,-0.71815,-0.92216,0.0055002,9.4136e-05,1.074,-4.1856,6.5316,1.0634,-4.8798,0,0.495,0.35778,0.1725
24.997,-33.469,30.363,-0.70789,-0.84777,0.0054978,0.00014726,0.99065,-4.2395,-1.2297,2.2472,-2.8191,0,0.495,0.36572,0.1725
82.782,-100.4,30.301,-0.74427,-0.92184,0.0055031,8.1625e-05,1.1645,-3.9583,3.2431,2.1542,-4.647,0,0.495,0.35778,0.1685
37.856,-46.177,30.346,-0.73863,-0.85097,0.0054998,0.00011696,1.0532,-4.0312,-4.6045,3.4663,-2.4398,0,0.495,0.36572,0.16851
34.336,-34.357,30.288,-0.71591,-1.0318,0.0054982,0.00010094,1.0181,-4.3591,11.643,-0.36098,-3.4366,0,0.495,0.34985,0.17648
28.487,-32.548,30.326,-0.70475,-0.92404,0.0054973,0.00010837,0.99096,-4.403,9.4373,-0.25202,-5.1377,0,0.495,0.35778,0.17649
62.462,-66.942,30.279,-0.72668,-1.0301,0.0055013,8.8431e-05,1.1052,-4.128,9.8119,0.74429,-3.34,0,0.495,0.34985,0.17249
99.277,-111.38,30.265,-0.74883,-1.0291,0.0055047,7.5869e-05,1.2091,-3.8866,7.0215,1.8413,-3.1966,0,0.495,0.34985,0.1685
14.073,-19.099,30.374,-0.69039,-0.84599,0.0054957,0.00020042,0.92957,-4.4405,2.3311,0.66724,-3.1855,0,0.495,0.36572,0.17649
46.736,-54.104,30.325,-0.7796,-0.85569,0.0055013,0.00010438,1.0998,-3.8192,-6.6069,4.2751,-1.8807,0,0.495,0.36572,0.16452
-25.67,27.36,30.324,-0.78488,-0.8588,0.0054952,0.00014255,0.92971,-3.9913,-14.191,4.7574,3.9129,0,0.495,0.37366,0.16452
-21.698,25.645,30.348,-0.7425,-0.85234,0.0054944,0.0001578,0.90645,-4.1905,-13.057,3.9203,3.6996,0,0.495,0.37366,0.16851
-19.348,17.794,30.277,-0.78669,-0.9102,0.0054895,0.00014194,0.82524,-4.135,-12.494,3.4878,4.9408,0,0.495,0.38159,0.16453
-19.027,20.647,30.299,-0.74644,-0.90797,0.0054888,0.00015796,0.80555,-4.3252,-11.913,2.7468,5.2587,0,0.495,0.38159,0.16852
103.56,-125.82,30.282,-0.78183,-0.92388,0.0055055,7.4322e-05,1.2404,-3.7205,0.83805,2.8993,-4.2564,0,0.495,0.35778,0.16451
129.12,-148.45,30.246,-0.78302,-1.0301,0.0055078,6.7928e-05,1.3076,-3.6346,4.5615,2.6443,-2.87,0,0.495,0.34985,0.16451
-11.757,17.848,30.368,-0.70933,-0.84574,0.0054934,0.00018889,0.87474,-4.3863,-10.243,2.5026,3.6094,0,0.495,0.37366,0.17251
-5.2721,10.813,30.327,-0.69669,-0.90049,0.005487,0.00023322,0.75554,-4.6961,-7.3135,-0.16276,5.7079,0,0.495,0.38159,0.1765
-12.64,18.118,30.316,-0.71526,-0.90484,0.005488,0.00019317,0.77919,-4.5128,-9.755,1.4248,5.596,0,0.495,0.38159,0.17251
-2.6142,8.0353,30.38,-0.68945,-0.83884,0.0054922,0.00023207,0.84538,-4.5753,-6.907,0.67646,3.4447,0,0.495,0.37366,0.1765
53.23,-66.864,30.245,-0.70233,-1.2316,0.0054976,9.5623e-05,1.0231,-4.5344,5.9335,0.41293,-3.2556,0,0.495,0.33397,0.18046
76.612,-94.202,30.258,-0.67874,-1.2204,0.0054959,8.5103e-05,1.0061,-4.7692,3.8184,1.5089,-2.8592,0,0.495,0.33397,0.18445
41.263,-49.585,30.273,-0.71486,-1.1373,0.0054966,9.9665e-05,0.99647,-4.5431,9.2176,-0.21679,-2.7207,0,0.495,0.34191,0.18047
69.201,-82.228,30.283,-0.6983,-1.1293,0.0054949,8.8942e-05,0.98404,-4.766,6.0396,0.80588,-2.0558,0,0.495,0.34191,0.18446
36.839,-42.248,30.266,-0.72447,-1.1412,0.0054989,0.00010018,1.0374,-4.3062,10.461,-0.25915,-3.0498,0,0.495,0.34191,0.17647
28.023,-29.538,30.294,-0.71044,-1.0332,0.0054956,0.00010518,0.96233,-4.5818,11.364,-0.90362,-3.1776,0,0.495,0.34985,0.18047
44.352,-56.152,30.235,-0.71922,-1.2393,0.0054999,9.9631e-05,1.0579,-4.2839,7.0606,0.026145,-3.4765,0,0.495,0.33397,0.17647
50.626,-56.588,30.298,-0.7008,-1.0319,0.0054937,9.6725e-05,0.93953,-4.7943,8.5662,-0.30355,-2.494,0,0.495,0.34985,0.18446
98.975,-120.95,30.276,-0.64537,-1.2076,0.0054943,7.6176e-05,0.98927,-4.9959,1.8735,2.7537,-2.6877,0,0.495,0.33397,0.18845
53.547,-50.792,30.252,-0.63193,-1.2931,0.0054945,0.00011187,0.94218,-5.0433,-5.3676,2.7567,0.26297,0,0.495,0.32603,0.18845
43.26,-44.288,30.233,-0.66638,-1.3028,0.0054966,0.00013042,0.97819,-4.8068,-3.666,1.7782,0.15122,0,0.495,0.32603,0.18444
51.252,-48.512,30.274,-0.59235,-1.2795,0.0054926,0.00010523,0.9008,-5.2712,-6.0328,2.8611,0.42961,0,0.495,0.32603,0.19249
109.3,-130.54,30.298,-0.60525,-1.1925,0.0054928,7.3531e-05,0.95641,-5.2137,1.0869,3.1297,-2.6628,0,0.495,0.33397,0.1925
34.12,-36.667,30.219,-0.69267,-1.312,0.0054991,0.00014881,1.0156,-4.5638,-1.6881,0.76259,-0.067225,0,0.495,0.32603,0.18045
30.14,-34.256,30.208,-0.71289,-1.3198,0.0055018,0.0001546,1.0626,-4.3095,-0.4308,0.30721,-0.1983,0,0.495,0.32603,0.17646
102.54,-122.03,30.298,-0.66805,-1.1188,0.0054937,7.6317e-05,0.98153,-4.9828,2.1827,2.4091,-1.5747,0,0.495,0.34191,0.18846
120.44,-136.29,30.326,-0.63815,-1.0173,0.0054911,7.1876e-05,0.92516,-5.2104,0.63893,3.0519,-1.1898,0,0.495,0.34985,0.19251
87.574,-101.95,30.308,-0.67763,-1.028,0.0054923,8.1897e-05,0.93567,-5.0043,4.2092,1.3885,-1.7909,0,0.495,0.34985,0.18847
127.84,-145.17,30.319,-0.62449,-1.1037,0.0054924,6.9708e-05,0.96531,-5.1905,-0.40178,3.3901,-1.3122,0,0.495,0.34191,0.19251
8.4077,-10.696,30.378,-0.68365,-0.84546,0.0054936,0.00024272,0.88425,-4.6384,4.628,-0.8929,-3.2099,0,0.495,0.36572,0.18048
17.182,-19.072,30.33,-0.70005,-0.92687,0.0054948,0.00011554,0.93241,-4.6148,10.633,-1.3485,-5.0424,0,0.495,0.35778,0.18048
13.507,-16.717,30.376,-0.67972,-0.84431,0.0054918,0.00021717,0.86029,-4.8276,4.5215,-1.4368,-2.9513,0,0.495,0.36572,0.18448
30.293,-35.08,30.33,-0.6952,-0.92848,0.0054928,0.00010858,0.90449,-4.818,9.3076,-1.3794,-4.5401,0,0.495,0.35778,0.18447
0.48479,4.7448,30.383,-0.67827,-0.82473,0.0054893,0.00024513,0.80137,-4.9421,-4.9001,-1.657,3.5242,0,0.495,0.37366,0.18448
-3.0589,13.842,30.382,-0.66669,-0.81812,0.0054875,0.00019816,0.77913,-5.1264,-8.0808,-0.2147,3.4488,0,0.495,0.37366,0.18849
29.658,-38.434,30.376,-0.66746,-0.84346,0.0054902,0.0001507,0.85145,-5.0215,2.1022,-0.28438,-2.6636,0,0.495,0.36572,0.18848
-37.9,64.133,30.341,-0.64537,-0.88277,0.0054812,0.00021762,0.65668,-5.3974,-16.286,2.028,5.5966,0,0.495,0.3816,0.19258
-11.662,31.328,30.331,-0.67517,-0.88993,0.0054826,0.00026054,0.68199,-5.233,-11.267,-0.28857,5.421,0,0.495,0.38159,0.1885
-15.473,25.629,30.392,-0.63649,-0.8086,0.0054859,0.00015909,0.75649,-5.3032,-12.09,2.4724,3.4599,0,0.495,0.37366,0.19254
-3.1031,10.689,30.33,-0.68624,-0.8926,0.0054843,0.00027685,0.71155,-5.0551,-7.2234,-1.7072,5.6395,0,0.495,0.38159,0.18449
50.255,-62.343,30.384,-0.64012,-0.83983,0.0054886,0.00010783,0.83976,-5.2099,-0.76767,1.7065,-2.356,0,0.495,0.36572,0.19253
0.99737,2.5337,30.385,-0.68161,-0.83222,0.0054909,0.00026332,0.82232,-4.7628,-4.6198,-1.0845,3.4773,0,0.495,0.37366,0.18049
-1.3453,5.7046,30.331,-0.68925,-0.89656,0.0054858,0.00026391,0.73545,-4.8784,-5.9999,-1.5077,5.7662,0,0.495,0.38159,0.18049
59.945,-73.855,30.334,-0.6799,-0.92909,0.0054913,9.2611e-05,0.89743,-5.0214,5.9883,0.02215,-3.8992,0,0.495,0.35778,0.18847
89.016,-107.59,30.346,-0.64957,-0.92366,0.0054899,8.0851e-05,0.88745,-5.2161,2.6799,1.9423,-3.1855,0,0.495,0.35779,0.19252
8.9019,-8.9049,30.304,-0.67667,-0.9116,0.0054804,0.00025848,0.64973,-5.1234,1.5829,-1.0201,0.37384,0,0.495,0.38953,0.18449
12.13,-9.7857,30.307,-0.66783,-0.91717,0.0054792,0.00022574,0.6301,-5.2935,-1.1733,-0.19616,0.21755,0,0.495,0.38953,0.18851
13.404,-7.1971,30.315,-0.64615,-0.91941,0.0054782,0.00017901,0.61733,-5.4597,-5.1116,0.93241,0.63203,0,0.495,0.38954,0.19259
11.238,-13.113,30.302,-0.68057,-0.90667,0.0054818,0.00024691,0.67608,-4.9531,2.1163,-0.95291,0.58472,0,0.495,0.38953,0.1805
19.532,-24.043,30.298,-0.6904,-0.90318,0.0054833,0.00020099,0.71105,-4.7777,0.74164,-0.15016,0.70924,0,0.495,0.38953,0.17651
-32695,-759.71,21.443,4.5513,-1.1372,15.58,0.0078855,1857.6,-19.864,29.451,658.25,-448.41,0,0.495,0.055118,0.19611
-18039,788.61,17.59,4.6814,-0.87731,18.404,0.0074814,2113,-19.802,4.3251,785.85,-510.31,0,0.495,0.047202,0.19613
-24220,-6125.9,24.682,4.2984,-1.3444,10.938,0.0071296,1495.2,-19.655,42.429,483.03,-355.94,0,0.495,0.063079,0.19613
16955,-674.06,13.426,4.5714,-0.44304,18.426,0.0064688,2215.2,-17.503,-45.701,854.84,-502.39,0,0.495,0.039259,0.19612
40058,-4328.4,9.6556,4.1522,0.23508,15.805,0.0060661,2086.2,-15.28,-106.01,744.21,-401.72,0,0.495,0.03132,0.19611
1171.2,-1413.5,30.293,1.8924,-2.1371,0.015484,0.00013078,36.066,-17.684,-2.2424,5.9418,-3.1795,0,0.495,0.11877,0.19618
1456.6,-1698.9,30.257,2.174,-2.0947,0.038787,0.00026341,56.143,-18.166,2.4184,6.8711,-6.0601,0,0.495,0.11084,0.19616
879.64,-1092.7,30.309,1.6359,-2.1976,0.009624,9.1447e-05,26.495,-17.081,-7.5986,6.2406,-1.7369,0,0.495,0.1267,0.19619
1653.1,-2202.2,30.179,2.4737,-2.0197,0.12026,0.00063869,100.65,-18.433,4.2151,15.538,-14.839,0,0.495,0.10291,0.19615
1435.1,-3306,29.983,2.7969,-1.88,0.40422,0.0015015,202.28,-18.482,9.8676,36.018,-34.621,0,0.495,0.094985,0.19613
288.96,-355.28,30.351,0.49404,-2.0821,0.0057532,4.6196e-05,5.368,-12.213,-1.8392,7.3191,-1.3851,0,0.495,0.18256,0.19598
366.06,-450.33,30.357,0.63193,-2.1614,0.0058333,4.2159e-05,6.5993,-13.003,1.2795,7.0734,-1.6933,0,0.495,0.1746,0.19593
173.99,-225.68,30.344,0.379,-2.0729,0.0056905,5.6072e-05,4.2235,-11.466,-8.9505,6.939,-1.2204,0,0.495,0.19058,0.19616
356.09,-434.53,30.358,0.77246,-2.2155,0.0059368,4.4854e-05,8.0528,-13.715,-3.3022,7.5777,-2.5211,0,0.495,0.16664,0.19592
382.38,-484.37,30.349,0.91717,-2.2237,0.0061158,4.8035e-05,10.387,-14.458,-7.4141,8.0223,-2.7439,0,0.495,0.1586,0.19592
99.807,-123.89,30.35,-0.17522,-1.646,0.0055358,7.2643e-05,1.677,-7.6028,-4.4631,4.7071,0.0015346,0,0.495,0.24619,0.19637
150.75,-182.24,30.348,-0.1158,-1.7305,0.0055404,6.2317e-05,1.7494,-8.0518,3.6965,4.3475,-1.8286,0,0.495,0.23825,0.19636
55.469,-68.396,30.327,-0.23353,-1.6568,0.0055252,8.6469e-05,1.4576,-7.2239,-10.052,3.6522,1.8368,0,0.495,0.25413,0.19638
172.14,-205.68,30.344,-0.045662,-1.8218,0.0055458,5.9081e-05,1.8231,-8.5315,3.2006,4.1146,-2.1616,0,0.495,0.23031,0.19634
187.56,-223.74,30.34,0.046762,-1.8828,0.0055625,5.6584e-05,2.1073,-9.0145,-0.40247,4.8756,-2.1246,0,0.495,0.22238,0.19633
13.292,-10.27,30.379,-0.4881,-1.1735,0.0055014,0.00010756,1.0381,-5.67,-10.852,4.3478,2.6196,0,0.495,0.31016,0.19658
77.38,-86.651,30.373,-0.48058,-1.227,0.0055031,8.8948e-05,1.0895,-5.7813,0.42435,3.7364,-1.8119,0,0.495,0.30221,0.19658
-21.339,35.067,30.33,-0.522,-1.2317,0.0054955,0.00012746,0.91781,-5.6103,-16.019,3.4104,5.3825,0,0.495,0.3181,0.19659
113.37,-127.27,30.354,-0.46624,-1.3145,0.0055035,7.5229e-05,1.1146,-5.9618,3.6403,3.9186,-2.7679,0,0.495,0.2942,0.19658
146.3,-165.18,30.334,-0.40771,-1.4028,0.0055063,6.4935e-05,1.1842,-6.1089,1.1829,3.3682,-2.8825,0,0.495,0.28623,0.19658
-19.829,22.695,30.412,-0.59009,-0.80662,0.0054846,0.00014112,0.73042,-5.4779,-12.574,3.897,3.0923,0,0.495,0.37367,0.19666
61.149,-68,30.399,-0.60208,-0.84038,0.0054871,9.9106e-05,0.80797,-5.3828,-1.7452,2.4127,-2.4612,0,0.495,0.36573,0.19664
-51.898,69.056,30.36,-0.59904,-0.87805,0.0054803,0.00018008,0.64106,-5.5694,-17.471,3.3471,5.8743,0,0.495,0.3816,0.19672
98.506,-108.48,30.365,-0.61064,-0.91887,0.0054884,8.0421e-05,0.85563,-5.4128,1.7398,2.6761,-2.8211,0,0.495,0.35779,0.19663
115.59,-127.48,30.349,-0.59043,-1.008,0.0054897,7.3688e-05,0.8911,-5.4336,0.82089,3.1546,-1.1668,0,0.495,0.34985,0.19663
4799.5,-16579,11.806,-10.076,1.018,20.764,0.021147,873.15,2.194,-156.7,-39.562,-32.623,0,0.495,0.039466,0.007981
3198.3,-9878.7,11.604,-9.521,1.4879,21.425,0.0225,870.79,0.23552,-209.41,-52.789,-33.211,0,0.495,0.039466,0.011971
3646.5,-8255.7,12.219,-11.144,0.72941,19.988,0.022784,864.13,-7.49,-167.37,-43.951,-32.054,0,0.495,0.047382,0.007981
1974.2,-2344.6,12.003,-10.514,1.0563,20.861,0.02399,864.58,-9.2488,-221.25,-58.102,-33.65,0,0.495,0.047381,0.011971
7810.2,-14692,11.005,-7.6742,2.5617,22.844,0.021257,888.08,9.3412,-226.6,-53.177,-26.976,0,0.495,0.031551,0.015962
1527.1,-2937.2,11.358,-8.8687,1.9156,22.016,0.024178,861.91,-2.4143,-245.22,-61.065,-32.456,0,0.495,0.039466,0.015962
10707,-22791,11.229,-8.2279,1.9769,22.423,0.019414,899.31,12.375,-191.61,-46.161,-29.129,0,0.495,0.031551,0.011971
15414,-30173,11.412,-8.699,1.3465,21.952,0.01814,904.93,14.599,-142.87,-34.648,-29.864,0,0.495,0.031551,0.007981
-2007.1,3446.2,11.742,-9.7797,1.3452,21.636,0.025238,857.43,-11.616,-255.45,-66.972,-34.162,0,0.495,0.047381,0.015962
4966,-12801,12.368,-11.582,0.37318,19.251,0.021972,859.33,-6.5091,-91.631,-24.561,-33.989,0,0.495,0.047382,0.0039908
2337.5,-7364.1,12.839,-12.452,0.25281,18.546,0.021576,859.54,-13.788,-98.821,-26.522,-37.822,0,0.495,0.055308,0.0039908
1727.8,-3336,12.679,-11.956,0.48677,19.491,0.022483,866.89,-14.73,-178.75,-46.897,-36.169,0,0.495,0.055307,0.007981
2619,-9040.7,12.898,-12.634,-0.12905,18.166,0.021233,855.6,-13.454,-52.378,-16.525,34.771,0,0.495,0.055313,0
2256,-4261.9,13.333,-13.114,0.15098,18.016,0.0208,866.1,-19.141,-107.16,-28.76,-36.4,0,0.495,0.063309,0.0039906
720.86,-624.98,13.164,-12.561,0.27839,19.174,0.021899,875.47,-20.128,-191.66,-49.715,-35.041,0,0.495,0.063309,0.007981
6912.2,-14603,12.423,-11.742,-0.18923,18.957,0.021684,856.56,-6.1777,-48.337,-16.605,31.326,0,0.495,0.047385,0
-1129.1,1865,12.451,-11.252,0.68998,20.601,0.02369,869.61,-16.363,-232.99,-60.778,-38.803,0,0.495,0.055307,0.011971
-7693.7,8096.6,12.66,-10.897,0.43085,21.675,0.024784,874.69,-23.633,-275.1,-68.735,-42.296,0,0.495,0.063309,0.015962
-3273.8,3977.1,12.929,-11.783,0.37215,20.514,0.023317,879.8,-21.688,-246.02,-62.41,-38.787,0,0.495,0.063309,0.011971
-5693.8,6762.5,12.181,-10.44,0.85693,21.576,0.024986,863.68,-18.497,-264.87,-68.885,-40.634,0,0.495,0.055307,0.015962
9997,-21632,11.942,-10.461,0.51837,20.211,0.020343,871.26,3.2959,-85.444,-22.041,-34.838,0,0.495,0.039467,0.0039908
22835,-35791,11.534,-9.0284,0.68591,21.559,0.017369,906.29,15.853,-78.186,-19.545,-32.468,0,0.495,0.031551,0.0039907
14673,-23560,11.992,-10.601,-0.26295,19.991,0.020088,869.76,3.6636,-45.141,-16.475,32.546,0,0.495,0.039469,0
10646,-22222,10.478,-5.6739,3.9208,24.245,0.020241,942.58,18.172,-219.17,-46.65,-27.451,0,0.495,0.023633,0.019952
24792,-34885,10.18,-3.9857,4.7168,24.777,0.018439,1155.9,31.448,-176.77,-33.627,-22.55,0,0.495,0.015712,0.019952
8185.1,-14508,10.244,-5.2084,4.5396,24.288,0.022288,923.89,13.384,-234.86,-48.077,-23.517,0,0.495,0.023633,0.023943
20364,-26701,9.994,-3.6682,5.4644,24.585,0.019609,1142.2,26.025,-191.19,-34.501,-16.886,0,0.495,0.015712,0.023943
15334,-30898,10.695,-6.1382,3.2358,24.114,0.018508,959.22,22.426,-196.96,-42.341,-31.109,0,0.495,0.023633,0.015962
5411.1,-7195.4,10.753,-7.0848,3.0909,23.157,0.023479,872.17,5.6358,-250.69,-58.609,-25.146,0,0.495,0.031551,0.019952
32382,-44140,10.353,-4.3061,3.8919,24.895,0.017082,1167.7,36.222,-157.96,-30.612,-27.805,0,0.495,0.015712,0.015962
1486.2,-935.91,10.483,-6.4923,3.5639,23.354,0.025603,853.31,1.4649,-266.58,-61.37,-23.145,0,0.495,0.031551,0.023943
16648,-19763,9.7979,-3.3631,6.1388,24.337,0.020495,1127.1,20.145,-203.77,-36.423,-10.854,0,0.495,0.015712,0.027933
-18857,-77993,9.8419,-1.9754,7.1306,19.658,0.010086,2888.1,33.557,351.77,-21.666,1289.4,0,0.495,0.0077877,0.027933
-12828,-86878,9.9866,-2.1522,6.3293,19.944,0.010147,2908.1,40.264,307.22,-20.006,1276.3,0,0.495,0.0077877,0.023943
-10444,-69796,9.6886,-1.8049,7.8583,19.35,0.0099958,2865.8,26.577,392.4,-21.779,1302.8,0,0.495,0.0077876,0.031924
-39544,-1.2177e+05,9.8933,-1.2105,8.4149,15.11,0.0016398,4446.3,33.399,980.53,-2.1204,2590.4,0,0.495,0,0.031924
-61626,-1.3223e+05,10.022,-1.3296,7.6231,15.329,0.0016889,4478.4,40.819,886.27,-3.7207,2569.2,0,0.495,0,0.027933
14047,-13836,9.5935,-3.0716,6.7433,24.056,0.021409,1111.8,14.048,-215.74,-36.837,-5.0992,0,0.495,0.015712,0.031924
-55945,-1.4311e+05,10.144,-1.4501,6.7527,15.526,0.0017361,4507.1,47.935,783.6,-3.9429,2548.9,0,0.495,0,0.023943
5841.4,-8060.3,10,-4.7571,5.0903,24.258,0.024495,904.54,8.2043,-246.41,-49.752,-19.164,0,0.495,0.023633,0.027933
-5289.2,6782.5,9.906,-5.3793,4.355,23.526,0.028798,813.51,-7.711,-279.96,-65.232,-17.79,0,0.495,0.031551,0.031924
-2451,3731.2,10.199,-5.9181,3.9837,23.464,0.027436,833.28,-3.0514,-275.89,-64.038,-20.453,0,0.495,0.031551,0.027933
4440.6,-3054.6,9.7488,-4.3277,5.5761,24.181,0.026403,885.87,2.83,-254.9,-50.028,-15.002,0,0.495,0.023633,0.031924
-19060,-96741,10.122,-2.3315,5.4521,20.188,0.0098604,2924.3,46.422,258.8,-19.873,1264.1,0,0.495,0.0077877,0.019952
-69449,-1.6697e+05,10.362,-1.6811,4.7753,15.819,0.0018172,4549.3,60.198,548.34,-5.5883,2511.7,0,0.495,0,0.015962
-76258,-1.5449e+05,10.257,-1.5666,5.8034,15.688,0.0017791,4530.4,54.473,671.61,-5.6788,2529.7,0,0.495,0,0.019952
-11225,-1.0776e+05,10.249,-2.5105,4.4938,20.383,0.009256,2937.3,51.812,206.11,-17.986,1252.6,0,0.495,0.0077877,0.015962
-6648.2,8275,11.449,-9.0081,1.5959,22.218,0.026366,842.88,-14.461,-274.56,-73.815,-35.623,0,0.495,0.047381,0.019952
-1580.3,3053.2,11.081,-8.1772,2.2965,22.462,0.025923,847.03,-5.6374,-267.25,-67.376,-32.211,0,0.495,0.039466,0.019952
-10695,11873,11.135,-8.2467,1.8133,22.612,0.027485,822.93,-17.59,-283.18,-78.417,-37.166,0,0.495,0.047381,0.023943
-5754.4,7631.1,10.783,-7.4893,2.6333,22.759,0.027384,827.96,-9.238,-279.27,-71.293,-31.659,0,0.495,0.039466,0.023943
-13675,13698,11.566,-8.7712,1.0916,22.789,0.027509,828.66,-23.71,-285.67,-79.583,-47.682,0,0.495,0.055307,0.023943
-15923,15458,11.233,-7.9965,1.1648,23.121,0.028725,805.12,-26.695,-284.16,-84.095,-50.62,0,0.495,0.055307,0.027933
-13601,14218,10.804,-7.5241,1.9953,22.879,0.028595,800.33,-21.039,-285.43,-82.653,-37.789,0,0.495,0.047381,0.027933
-16738,15187,11.418,-7.5413,0.39333,23.796,0.030018,792.95,-33.177,-271.3,-85.924,-65.937,0,0.495,0.063308,0.031924
-15834,14783,11.753,-8.2854,0.43453,23.481,0.028775,816.27,-30.7,-280.75,-81.881,-59.511,0,0.495,0.063309,0.027933
-17262,16250,10.883,-7.2863,1.2119,23.384,0.029925,781.63,-29.587,-279.09,-87.593,-54.147,0,0.495,0.055307,0.031924
-14171,13572,12.07,-9.1052,0.45733,23.093,0.027503,839.89,-28.234,-286.97,-77.305,-53.981,0,0.495,0.063309,0.023943
-15909,15540,10.458,-6.8571,2.1453,23.088,0.029699,777.61,-24.419,-284.14,-85.571,-38.879,0,0.495,0.047381,0.031924
-10208,10785,11.884,-9.5963,0.98889,22.301,0.026266,849.25,-20.999,-280.62,-75.027,-43.857,0,0.495,0.055307,0.019952
-11431,11370,12.372,-9.9865,0.45749,22.524,0.026182,860.51,-25.858,-286.64,-73.377,-47.593,0,0.495,0.063309,0.019952
-9532.6,10720,10.469,-6.8308,2.93,22.953,0.028454,806.87,-13.09,-284.68,-74.92,-30.189,0,0.495,0.039466,0.027933
-12479,12588,10.141,-6.2196,3.1911,23.099,0.02941,785.64,-17.012,-285.89,-77.043,-28.959,0,0.495,0.039466,0.031924
-0.28772,-2288.4,15.786,-13.253,-0.38486,16.786,0.017951,934.68,-18.382,-243.36,-62.076,-40.733,0,0.495,0.10295,0.007981
-1466.4,-639.85,15.535,-12.193,-0.60556,18.819,0.019919,944.74,-19.374,-289.36,-52.081,-45.599,0,0.495,0.10295,0.011971
415.65,-3326,16.354,-13.111,-0.45092,15.894,0.016868,941.71,-15.202,-249.16,-68.356,-40.95,0,0.495,0.11088,0.007981
-526.56,-1886.7,16.087,-12.024,-0.70033,17.955,0.018836,953.1,-16.19,-293.3,-52.546,-45.054,0,0.495,0.11088,0.011971
-3841.2,2283.2,14.797,-11.2,-0.69198,21.078,0.022653,930.68,-23.421,-298.81,-39.726,-52.563,0,0.495,0.095032,0.015962
-1594.3,518.41,15.365,-11.051,-0.84163,20.405,0.021638,943.18,-20.552,-301.94,-29.861,-52.751,0,0.495,0.10295,0.015962
-2509.7,844.56,14.989,-12.31,-0.48797,19.511,0.020898,933.66,-22.183,-283.87,-54.051,-44.993,0,0.495,0.095032,0.011971
-395.71,-1184.6,15.232,-13.331,-0.30465,17.542,0.018958,925.02,-21.148,-235.91,-58.044,-39.476,0,0.495,0.095032,0.007981
398.73,-842.3,15.932,-10.859,-0.96055,19.535,0.020494,953.26,-17.35,-304.13,-22.148,-51.394,0,0.495,0.11088,0.015962
1038.4,-4473.6,16.637,-13.95,-0.21761,13.862,0.015052,920.35,-14.461,-150.33,-51.194,-43.294,0,0.495,0.11088,0.0039909
951.55,-5235.1,17.259,-13.78,-0.24719,12.826,0.013889,922.69,-11.033,-154.03,-58.571,-45.075,0,0.495,0.1188,0.0039909
470.39,-4141.4,16.939,-12.92,-0.50805,14.891,0.015734,945.73,-11.823,-252.91,-76.455,-42.259,0,0.495,0.1188,0.007981
2355.4,-6233.5,17.407,-14.12,0.12106,11.896,0.013084,909.18,-10.651,-87.119,-34.882,40.906,0,0.495,0.1188,0
896.21,-6079.7,17.902,-13.554,-0.2754,11.743,0.012717,922.37,-7.3943,-156.03,-66.731,-45.941,0,0.495,0.12673,0.0039909
409.82,-4925.6,17.54,-12.684,-0.56166,13.805,0.014571,946.61,-8.2372,-254.12,-86.229,-43.182,0,0.495,0.12672,0.007981
2406.8,-5448.2,16.765,-14.279,0.10603,12.96,0.014273,908.04,-14.11,-84.407,-30.097,39.079,0,0.495,0.11088,0
-114.83,-2785.7,16.647,-11.818,-0.78116,16.947,0.017683,958.15,-12.843,-295.25,-55.321,-45.366,0,0.495,0.1188,0.011971
1812.6,-2414.7,17.056,-10.406,-1.1515,17.342,0.018006,962.99,-10.524,-303.62,-15.731,-49.266,0,0.495,0.12672,0.015962
-22.574,-3536.3,17.216,-11.579,-0.8558,15.825,0.016486,959.59,-9.3024,-294.72,-60.935,-45.66,0,0.495,0.12672,0.011971
1413.9,-1752.8,16.496,-10.642,-1.0604,18.501,0.019271,960.07,-14.025,-304.88,-16.933,-50.322,0,0.495,0.1188,0.015962
991.69,-3596.5,16.037,-14.062,-0.18377,14.824,0.016187,915.34,-17.666,-145.29,-44.914,-42.616,0,0.495,0.10296,0.0039909
1051.2,-2827.5,15.459,-14.1,-0.14319,15.684,0.017269,907.88,-20.482,-139.2,-40.098,-40.779,0,0.495,0.095032,0.0039908
2326.1,-4593.5,16.148,-14.375,0.088897,13.965,0.015443,904.35,-17.333,-80.93,-25.962,38.328,0,0.495,0.10296,0
-9741.4,8332.4,13.46,-10.272,-0.37971,22.767,0.025637,888.34,-28.395,-292.73,-56.363,-58.874,0,0.495,0.079185,0.019952
-11205,9354.3,13.239,-9.2986,-0.52751,23.435,0.026991,868.58,-30.136,-283.61,-56.197,-70.172,0,0.495,0.079185,0.023943
-7574,5739.6,14.054,-10.226,-0.68038,22.582,0.025003,903.45,-26.949,-293.63,-41.791,-62.77,0,0.495,0.087109,0.019952
-8642.7,6411.6,13.898,-9.216,-0.87647,23.262,0.026313,884.39,-28.475,-280.91,-37.966,-76.134,0,0.495,0.087109,0.023943
-6049.4,4409.2,14.235,-11.292,-0.49923,21.527,0.023491,916.64,-25.508,-295.01,-49.186,-52.4,0,0.495,0.087109,0.015962
-4303.3,3285.1,14.669,-10.098,-0.91161,22.143,0.024113,918.61,-24.721,-294.59,-25.946,-63.751,0,0.495,0.095032,0.019952
-7583.9,6489.9,13.688,-11.293,-0.25053,21.752,0.024117,902.11,-26.742,-290.41,-58.45,-49.79,0,0.495,0.079185,0.015962
-3994.2,3751.8,14.59,-9.0552,-1.1424,22.805,0.02533,900.66,-26.107,-279.14,-17.402,-78.664,0,0.495,0.095032,0.023943
-11999,9758.9,13.015,-8.4064,-0.69066,23.9,0.028246,846.43,-31.921,-268.2,-58.991,-80.966,0,0.495,0.079185,0.027933
-14438,12684,12.342,-8.4151,-0.18695,23.792,0.028647,830.8,-32.096,-275.13,-72.409,-71.778,0,0.495,0.07125,0.027933
-13311,11966,12.623,-9.2741,-0.085017,23.358,0.027366,853.8,-30.028,-286.17,-68.546,-63.694,0,0.495,0.07125,0.023943
-15009,12788,12.044,-7.643,-0.30396,24.157,0.029888,808.48,-34.168,-261.28,-76.584,-81.048,0,0.495,0.07125,0.031924
-12420,9685.9,12.776,-7.6101,-0.8666,24.301,0.029453,825.32,-33.715,-250.33,-63.173,-93.114,0,0.495,0.079185,0.031924
-11336,10457,12.894,-10.205,-0.0016646,22.728,0.02601,874.06,-28.015,-290.82,-66.33,-54.891,0,0.495,0.07125,0.019952
-8448.5,7975.8,13.158,-11.175,0.058993,21.78,0.02453,888.06,-26.107,-284.04,-64.594,-47.678,0,0.495,0.07125,0.015962
-9251.2,6621.6,13.748,-8.2937,-1.0849,23.729,0.027506,863,-30.034,-261.94,-38.813,-89.388,0,0.495,0.087108,0.027933
-4727.3,3666.3,14.471,-7.263,-1.6311,23.603,0.027457,859.99,-28.965,-232.84,-18.733,-111.59,0,0.495,0.095032,0.031924
-3985,3861.7,14.532,-8.1051,-1.3826,23.235,0.026414,880.04,-27.516,-257.32,-15.578,-94.079,0,0.495,0.095031,0.027933
-9657,6462.4,13.589,-7.474,-1.304,24.137,0.028655,842.64,-31.621,-240.54,-42.579,-104.29,0,0.495,0.087109,0.031924
2741.4,-162.74,15.908,-9.7066,-1.2275,20.555,0.021744,945.52,-18.507,-296.82,8.2046,-61.897,0,0.495,0.11088,0.019952
-371.01,1292.3,15.291,-9.9185,-1.089,21.456,0.023005,932.94,-21.764,-295.76,-8.2415,-63.913,0,0.495,0.10295,0.019952
3269.9,177.27,15.997,-8.6173,-1.4971,21.106,0.02265,932.13,-19.738,-278.67,31.014,-77.453,0,0.495,0.11088,0.023943
800.51,1640.6,15.295,-8.8492,-1.3436,22.072,0.024084,916.8,-23.051,-278.49,6.7063,-79.575,0,0.495,0.10295,0.023943
3788.7,-688.57,16.676,-8.3798,-1.6212,19.968,0.021121,945.62,-16.395,-279.08,54.716,-73.333,0,0.495,0.1188,0.023943
3569.4,-538.08,16.949,-7.3712,-1.8969,20.073,0.021557,931.44,-17.575,-254.05,74.855,-90.57,0,0.495,0.1188,0.027933
3299.4,261.89,16.156,-7.6224,-1.7679,21.341,0.023341,914.72,-20.958,-253.71,42.996,-95.294,0,0.495,0.11088,0.027933
3357.6,-770.53,18.157,-6.2214,-2.2781,18.382,0.019741,931.48,-15.218,-225.77,119.7,-104.06,0,0.495,0.12672,0.031924
3475.3,-871.67,17.691,-7.1287,-2.0094,18.712,0.019778,946.29,-14.045,-254.61,104.29,-82.781,0,0.495,0.12672,0.027933
3675.4,-586.36,17.276,-6.4739,-2.1687,19.964,0.021862,913.58,-18.794,-224.76,81.823,-113.07,0,0.495,0.1188,0.031924
3948.9,-1143.8,17.319,-8.1433,-1.7315,18.724,0.019587,955.97,-12.904,-278.8,74.201,-67.728,0,0.495,0.12672,0.023943
3501,115.87,16.343,-6.74,-2.0396,21.444,0.023963,895.35,-22.225,-225.06,44.48,-117.1,0,0.495,0.11088,0.031924
3821.1,-1095.1,16.511,-9.4805,-1.3419,19.486,0.020399,955.33,-15.178,-297.2,22.639,-59.199,0,0.495,0.1188,0.019952
4293.8,-1695.6,17.094,-9.2457,-1.4449,18.293,0.019028,961.34,-11.686,-296.17,32.427,-56.09,0,0.495,0.12672,0.019952
1145.6,1700.4,15.342,-7.8745,-1.6038,22.423,0.024999,897.36,-24.351,-254.63,12.75,-96.569,0,0.495,0.10295,0.027933
628.85,1505.7,15.397,-7.0111,-1.8692,22.69,0.025871,877.47,-25.686,-227.64,11.247,-116.46,0,0.495,0.10295,0.031924
-438.96,-9269.6,20.866,-10.755,-0.82298,7.8385,0.0086609,903.64,10.311,-210.19,-118.18,-53.503,0,0.495,0.16651,0.0079812
-1136.3,-7331.5,20.42,-9.8482,-1.2111,9.2613,0.01012,914.27,9.0336,-242.32,-94.419,-60.425,0,0.495,0.16651,0.011971
-327.35,-10310,21.578,-10.21,-0.865,6.7028,0.0075528,885.96,13.679,-191.74,-113.34,-54.664,0,0.495,0.17448,0.0079812
-1022.2,-8372.9,21.15,-9.3785,-1.2682,7.9192,0.0088257,896.29,12.434,-221.75,-92.154,-63.449,0,0.495,0.17448,0.011971
1148.8,-4871.4,19.453,-9.2418,-1.4986,11.891,0.012734,933.23,3.9987,-268.71,-42.32,-59.723,0,0.495,0.15857,0.015962
275.42,-5646.2,20.141,-8.8827,-1.5763,10.421,0.011347,917.62,7.5655,-251.46,-48.301,-64.756,0,0.495,0.16651,0.015962
-1159.6,-6463,19.719,-10.274,-1.1458,10.628,0.011427,929.37,5.4469,-259.73,-92.147,-56.968,0,0.495,0.15857,0.011971
-487.23,-8317.8,20.164,-11.247,-0.77503,9.0274,0.0098182,918.2,6.7159,-225.77,-118.39,-51.827,0,0.495,0.15857,0.0079812
-198,-6647.9,20.876,-8.4902,-1.6445,8.9482,0.0099394,899.37,10.982,-230.7,-50.114,-69.76,0,0.495,0.17448,0.015962
1575.8,-11990,22.029,-10.872,-0.44054,5.5226,0.0063792,863.94,14.664,-119.13,-84.285,-48.366,0,0.495,0.17448,0.0039922
2341.7,-12811,22.707,-10.202,-0.45793,4.7098,0.0055675,844.22,17.616,-105.79,-76.827,-47.556,0,0.495,0.1826,0.0039911
-84.137,-11216,22.297,-9.6102,-0.8959,5.6358,0.0065054,864.69,16.695,-171.11,-104.1,-55.262,0,0.495,0.1826,0.0079809
5302.4,-14108,22.894,-10.441,0.23503,4.2991,0.0051653,831.65,18.058,-60.832,-44.856,39.948,0,0.495,0.18259,0
3417.7,-13196,23.358,-9.4929,-0.46762,3.9955,0.004853,821.75,20.181,-91.772,-67.356,-45.336,0,0.495,0.19058,0.0039911
266.08,-11755,23.001,-8.9727,-0.91226,4.6758,0.0055519,840.49,19.336,-149.59,-92.264,-53.911,0,0.495,0.19058,0.0079809
4022.8,-13355,22.236,-11.14,0.22502,4.9891,0.0058656,850.01,15.141,-68.758,-49.95,41.089,0,0.495,0.17449,0
-717.53,-9363,21.905,-8.8603,-1.3103,6.6231,0.0075597,874.87,15.5,-198.65,-85.299,-65.334,0,0.495,0.1826,0.011971
933.98,-8589.3,22.438,-7.5888,-1.7219,6.1152,0.0071531,853.5,16.881,-181.62,-41.273,-72.743,0,0.495,0.19058,0.015962
-295.91,-10098,22.655,-8.3064,-1.3321,5.4286,0.0063715,850.58,18.22,-174.46,-75.985,-64.555,0,0.495,0.19058,0.011971
128.91,-7677.6,21.654,-8.0565,-1.6958,7.4915,0.0085225,877.88,14.086,-206.93,-47.078,-73.034,0,0.495,0.1826,0.015962
1041.2,-10959,21.341,-11.48,-0.41728,6.4187,0.0072758,880.37,11.33,-130.94,-88.617,-49.194,0,0.495,0.16651,0.0039923
855.09,-9957.3,20.645,-12.026,-0.39131,7.3966,0.0082575,893.99,7.7262,-140.78,-89.628,-49.489,0,0.495,0.15857,0.0039922
3154,-12360,21.56,-11.776,0.21192,5.7677,0.0066606,865.43,11.829,-75.653,-52.972,42.406,0,0.495,0.16651,0
5024.1,-2570.6,18.221,-8.753,-1.6416,15.662,0.01633,958.77,-4.6327,-287.25,34.051,-53.251,0,0.495,0.14258,0.019952
4340.8,-1750.8,18.484,-7.6797,-1.9415,16.077,0.016723,961.09,-5.9419,-272.74,90.752,-57.565,0,0.495,0.14258,0.023943
5237.9,-3113.3,18.794,-8.4911,-1.7389,14.252,0.014996,949.95,-1.0724,-278.19,26.119,-56.063,0,0.495,0.15056,0.019952
4788.4,-2224.4,19.032,-7.4491,-2.0444,14.697,0.015396,954.14,-2.451,-265.43,85.225,-57.194,0,0.495,0.15056,0.023943
1766.5,-4058.7,18.8,-9.5743,-1.4147,13.353,0.014099,946.57,0.26781,-282.78,-33.707,-55.096,0,0.495,0.15056,0.015962
5026,-3820.4,19.411,-8.2102,-1.8318,12.77,0.013629,936.35,2.6033,-265.4,15.088,-60.811,0,0.495,0.15857,0.019952
1941.7,-3440.5,18.197,-9.8739,-1.327,14.75,0.015422,956.03,-3.3589,-293.02,-25.026,-50.934,0,0.495,0.14258,0.015962
5383.6,-2834.6,19.605,-7.2128,-2.1424,13.249,0.014075,940.76,1.1741,-254.47,72.514,-60.533,0,0.495,0.15857,0.023943
3530.3,-1318.1,18.962,-6.6809,-2.2246,15.99,0.016628,961.5,-7.1099,-252.01,140.06,-63.314,0,0.495,0.14258,0.027933
3521.5,-1102.6,18.366,-6.8996,-2.1156,17.339,0.018116,957.13,-10.673,-254.31,127.62,-72.832,0,0.495,0.13465,0.027933
4141.1,-1449.7,17.92,-7.911,-1.8357,17.42,0.018114,961.57,-9.5091,-276.96,87.054,-61.936,0,0.495,0.13465,0.023943
3159.8,-869.16,18.949,-5.9896,-2.3816,16.834,0.017779,947,-11.853,-226.86,153.92,-90.041,0,0.495,0.13465,0.031924
2855.9,-932.35,19.619,-5.7757,-2.4897,15.409,0.016103,956.8,-8.2687,-226.55,177.34,-74.047,0,0.495,0.14258,0.031924
4661.2,-2126.9,17.661,-9.0042,-1.5427,17.013,0.017669,962.64,-8.2384,-293.05,36.502,-53.903,0,0.495,0.13465,0.019952
1927.9,-2907.3,17.62,-10.151,-1.2388,16.085,0.016722,961.65,-7.0183,-299.81,-18.532,-49.572,0,0.495,0.13465,0.015962
3931.9,-1791.6,19.5,-6.4732,-2.3296,14.663,0.015303,957.85,-3.6843,-246.77,139.46,-57.762,0,0.495,0.15056,0.027933
3541.3,-1864.5,20.652,-5.4071,-2.692,12.882,0.013584,947.78,-1.3466,-216.92,174.36,-55.361,0,0.495,0.15857,0.031924
4427.7,-2350.1,20.024,-6.2724,-2.4294,13.3,0.014058,945.55,-0.10402,-237.95,126.8,-57.855,0,0.495,0.15857,0.027933
3197.5,-1374.3,20.171,-5.582,-2.5936,14.122,0.014739,957.76,-4.9008,-223.5,184.61,-60.983,0,0.495,0.15056,0.031924
4206.2,-5342.5,20.792,-7.5969,-1.9926,9.7332,0.01079,901.15,9.5328,-229.42,-2.1058,-74.088,0,0.495,0.17448,0.019952
4403.5,-4463.4,20.07,-7.9143,-1.9171,11.265,0.012234,920.07,6.1291,-249.3,4.7423,-67.051,0,0.495,0.16651,0.019952
6691.3,-4149.1,20.904,-6.7259,-2.3092,10.243,0.011325,903.54,8.0303,-221.95,44.904,-76.035,0,0.495,0.17448,0.023943
5915.6,-3388.8,20.217,-6.9735,-2.2307,11.771,0.012734,923.66,4.6484,-240.2,57.664,-67.041,0,0.495,0.16651,0.023943
7374.3,-5023,21.675,-6.4557,-2.3701,8.6606,0.0098282,880.01,11.173,-199.68,37.419,-83.052,0,0.495,0.18259,0.023943
6295.5,-4119.2,21.933,-5.6987,-2.6543,8.8916,0.010083,880.61,9.7651,-189.6,75.521,-83.56,0,0.495,0.18259,0.027933
5668.6,-3422.7,21.201,-5.8952,-2.5938,10.446,0.011517,906.08,6.6282,-209.83,89.507,-74.119,0,0.495,0.17448,0.027933
6081.6,-4244,23.093,-4.8423,-2.9313,7.2966,0.0085955,847.05,11.225,-154.89,94.889,-87.808,0,0.495,0.19057,0.031924
7096,-5114.3,22.727,-5.4814,-2.6852,7.3053,0.0085618,851.57,12.638,-165.95,67.078,-87.427,0,0.495,0.19057,0.027934
5244.1,-3335,22.338,-4.9877,-2.9027,8.8439,0.010046,879.03,8.3669,-176.27,109.46,-81.403,0,0.495,0.18259,0.031924
8127.3,-6076.3,22.485,-6.1589,-2.4011,7.0902,0.008294,853.31,14.046,-174.57,34.582,-84.742,0,0.495,0.19057,0.023943
4683.3,-2794.1,21.671,-5.1198,-2.8464,10.309,0.011356,906.83,5.2515,-193.77,129.72,-69.629,0,0.495,0.17448,0.031924
4695.1,-6313.4,21.576,-7.2472,-2.0506,8.1838,0.0092978,879.04,12.664,-205.98,-3.7204,-79.052,0,0.495,0.1826,0.019952
5644.1,-7325,22.381,-6.8659,-2.0798,6.6827,0.0078129,853.89,15.508,-180.31,-1.8253,-79.536,0,0.495,0.19058,0.019952
4923.7,-2826.8,20.573,-6.0807,-2.5166,11.909,0.012826,927.79,3.2993,-225.87,108.23,-63.577,0,0.495,0.16651,0.027933
4021.2,-2315.8,21.124,-5.253,-2.7743,11.641,0.012507,930.06,1.9799,-207.21,153.56,-58.441,0,0.495,0.16651,0.031924
4340.6,-8156.7,25.996,-5.7945,-0.74918,1.8082,0.0026559,679.51,22.867,-51.607,-21.759,-41.428,0,0.495,0.23051,0.0079815
2238.8,-7232.5,25.909,-5.5121,-1.0807,1.85,0.0026823,688.15,22.26,-68.542,-23.964,-49.552,0,0.495,0.23051,0.011971
5410.7,-6980.1,26.484,-5.2298,-0.69272,1.5055,0.0023513,639.05,22.123,-34.475,-9.1643,-39.021,0,0.495,0.23847,0.0079815
3320.1,-6165.2,26.444,-5.0193,-0.99891,1.5145,0.0023313,648.21,21.605,-49.732,-14.341,-46.247,0,0.495,0.23847,0.011971
3871.8,-7540.3,25.252,-5.6137,-1.4807,2.3503,0.0032336,725.24,21.717,-93.277,-16.921,-57.309,0,0.495,0.22234,0.015962
3565.3,-6496.2,25.846,-5.1698,-1.3783,1.8905,0.0027332,690.07,21.489,-75.429,-13.4,-54.447,0,0.495,0.23051,0.015962
1505.4,-8303.6,25.34,-6.0284,-1.1559,2.262,0.0031167,724.27,22.566,-87.748,-33.566,-52.056,0,0.495,0.22234,0.011971
2719.9,-9266.9,25.477,-6.3864,-0.79912,2.1635,0.0030169,715.85,23.246,-69.758,-35.312,-43.274,0,0.495,0.22234,0.0079815
3490.5,-5476.9,26.408,-4.7494,-1.272,1.5324,0.0023451,651.96,20.926,-57.545,-9.4975,-50.969,0,0.495,0.23847,0.015962
7195.1,-7685.5,26.491,-5.353,-0.35949,1.53,0.0024226,630.53,22.465,-16.246,-1.427,-33.348,0,0.495,0.23847,0.0039929
6307.6,-6369.3,26.886,-4.7928,-0.3275,1.2909,0.0021906,588.17,21.282,-7.4662,5.9245,-30.331,0,0.495,0.24642,0.003993
5576.7,-5841.2,26.919,-4.7178,-0.63232,1.25,0.0020937,595.8,21.02,-19.988,1.4806,-34.524,0,0.495,0.24642,0.0079815
5133.8,-5243.6,27.208,-4.291,0.1522,1.1018,0.0020365,539.75,20.122,1.2544,9.9865,27.788,0,0.495,0.25435,0
6574.7,-6648.6,26.861,-4.8115,0.17131,1.3188,0.0022477,585.61,21.386,-2.3426,7.4278,28.247,0,0.495,0.24641,0
4995.8,-5069.5,27.243,-4.2859,-0.29202,1.0728,0.0019757,541.71,20.046,-0.7706,10.92,-28.839,0,0.495,0.25435,0.003993
4731.6,-4716.9,27.304,-4.2474,-0.5665,1.0254,0.0018656,548.29,19.844,-8.2534,9.5274,-31.278,0,0.495,0.25436,0.0079815
8020.5,-8086.6,26.483,-5.3905,0.18864,1.5521,0.00247,627.38,22.601,-7.2636,3.262,30.167,0,0.495,0.23847,0
4252.5,-5212.1,26.921,-4.5698,-0.9138,1.2403,0.0020436,605.43,20.585,-33.121,-5.1494,-40.558,0,0.495,0.24642,0.011972
3710.5,-3833.9,27.357,-4.0034,-1.0534,1.0041,0.0017696,565.67,19.019,-26.487,0.70799,-39.376,0,0.495,0.25436,0.015962
4165.4,-4268.2,27.34,-4.1512,-0.82254,1.0049,0.0017959,557.97,19.491,-18.732,2.8377,-35.653,0,0.495,0.25436,0.011972
3811.9,-4638.2,26.912,-4.3649,-1.1661,1.2467,0.0020342,611.29,20.018,-41.304,-4.6257,-45.01,0,0.495,0.24642,0.015962
7373.5,-8994.8,26.053,-5.9767,-0.38897,1.8009,0.0026837,670,23.278,-27.061,-10.795,-34.502,0,0.495,0.2305,0.0039929
6669.2,-10165,25.59,-6.6329,-0.41418,2.1018,0.0029772,705.03,23.723,-38.958,-21.391,-35.595,0,0.495,0.22234,0.0039921
9274,-9512.4,26.068,-6.038,0.20414,1.8095,0.0027128,666.1,23.449,-13.455,-2.3231,30.304,0,0.495,0.2305,0
8055.2,-8521.5,23.943,-6.0256,-2.0027,4.0555,0.0051199,790.06,19.399,-127.95,6.6248,-72.9,0,0.495,0.20646,0.019952
8849.8,-7584.3,24.072,-5.4808,-2.3124,4.229,0.0053781,783.92,18.144,-120.92,36.921,-76.807,0,0.495,0.20646,0.023943
8069.9,-8051.8,24.626,-5.5999,-1.9004,3.1015,0.0040984,754.68,20.37,-107.21,8.4148,-65.074,0,0.495,0.21439,0.019952
8282.6,-7302,24.755,-5.1231,-2.1919,3.1644,0.004234,744.85,19.223,-98.899,35.442,-67.021,0,0.495,0.21439,0.023943
4109.1,-8684.1,24.622,-6.0931,-1.5778,2.9711,0.0039012,759.8,21.403,-111.4,-20.854,-61.326,0,0.495,0.21438,0.015962
7075.7,-6985.5,25.26,-5.185,-1.7761,2.3963,0.0033261,718.65,20.794,-90.049,7.9438,-60.038,0,0.495,0.22235,0.019952
3567.3,-9351.2,23.951,-6.5872,-1.6596,3.7967,0.004777,793.02,20.537,-131.52,-26.41,-67.706,0,0.495,0.20646,0.015962
7143.8,-6381.4,25.38,-4.7687,-2.0415,2.3847,0.0033692,705.6,19.765,-81.531,31.387,-60.74,0,0.495,0.22237,0.023943
7990.6,-6759.7,24.317,-4.9607,-2.5862,4.2915,0.0055211,774.42,16.883,-112.42,62.367,-78.964,0,0.495,0.20646,0.027936
7836.8,-6153.6,23.534,-5.2378,-2.6703,5.7423,0.0070069,816.99,15.005,-139.33,64.619,-87.525,0,0.495,0.19864,0.027934
8828,-7112.7,23.291,-5.8355,-2.3883,5.5896,0.0067814,822.04,16.357,-147.39,36.012,-84.077,0,0.495,0.19864,0.023943
6857.3,-5258.5,23.882,-4.6737,-2.9139,5.7219,0.0070525,808.41,13.619,-129.44,87.105,-89.311,0,0.495,0.19864,0.031926
7116.6,-5935.2,24.655,-4.4713,-2.8217,4.2238,0.0055301,760.36,15.557,-102.99,80.882,-79.956,0,0.495,0.20644,0.031932
6963.9,-8256.7,23.174,-6.4586,-2.0687,5.2876,0.0063953,824.82,17.731,-153.39,2.7929,-78.777,0,0.495,0.19864,0.019952
2188.5,-9348.4,23.205,-7.098,-1.7136,4.8707,0.0058857,825.73,19.001,-155.73,-33.531,-72.255,0,0.495,0.19864,0.015962
7585.4,-6626.6,24.992,-4.6709,-2.4492,3.1434,0.0042853,730.4,18.044,-89.878,58.686,-67.174,0,0.495,0.2144,0.027935
6072,-5314.5,25.879,-4.0165,-2.4819,2.1721,0.0032628,662.36,17.565,-62.87,67.17,-57.778,0,0.495,0.22257,0.031925
6644.6,-5889.9,25.587,-4.3815,-2.2793,2.3149,0.003353,687.65,18.719,-72.299,52.31,-59.799,0,0.495,0.22253,0.027934
6864.9,-5908.8,25.311,-4.2485,-2.6716,3.0291,0.0042392,710.58,16.803,-80.724,75.225,-66.595,0,0.495,0.21442,0.031932
4889.6,-4933.4,26.419,-4.4539,-1.5172,1.5282,0.0023555,647.35,20.121,-58.036,4.0454,-53.273,0,0.495,0.23848,0.019953
6004.1,-5949,25.856,-4.8067,-1.6471,1.8974,0.0027687,683.64,20.603,-74.102,6.0789,-56.66,0,0.495,0.23051,0.019952
4940,-4432.8,26.498,-4.1578,-1.7358,1.4876,0.0023405,634.13,19.255,-53.676,19.946,-52.911,0,0.495,0.23848,0.023943
6093.7,-5412,25.956,-4.4497,-1.8878,1.8564,0.0027661,669.32,19.645,-67.337,26.04,-56.528,0,0.495,0.23051,0.023943
4139.2,-3704.3,26.994,-3.8883,-1.5885,1.2083,0.002013,598.76,18.612,-41.094,15.401,-48.095,0,0.495,0.24642,0.023943
3810.1,-3339.7,27.111,-3.6534,-1.7618,1.1449,0.0019705,579.5,17.822,-36.209,26.958,-46.398,0,0.495,0.24642,0.027934
4537.9,-4008.8,26.644,-3.8755,-1.9269,1.4088,0.0022923,613.01,18.364,-46.999,34.705,-50.313,0,0.495,0.23848,0.027934
2768.7,-2440.1,27.672,-3.2609,-1.7349,0.85391,0.0016409,518.67,16.349,-21.62,27.946,-39.77,0,0.495,0.25436,0.031924
3073.1,-2740.8,27.541,-3.442,-1.5976,0.92561,0.0016988,543.2,17.106,-25.921,21.194,-42.045,0,0.495,0.25436,0.027934
3424.3,-2974.7,27.272,-3.4338,-1.9121,1.0538,0.0019019,552.45,16.973,-30.31,35.814,-43.437,0,0.495,0.24642,0.031924
3328.4,-3051.4,27.445,-3.6325,-1.4395,0.97438,0.0017365,559.44,17.806,-29.03,12.82,-42.989,0,0.495,0.25436,0.023943
4085,-3577.5,26.845,-3.6137,-2.0919,1.2959,0.0022098,584.72,17.415,-39.586,45.5,-46.68,0,0.495,0.23848,0.031924
4207.6,-4138.7,26.929,-4.1303,-1.3905,1.2412,0.0020314,609.46,19.358,-43.44,3.8508,-47.756,0,0.495,0.24642,0.019953
3535.5,-3419.6,27.385,-3.8239,-1.2588,0.99897,0.001757,566.84,18.456,-29.684,5.2027,-42.171,0,0.495,0.25436,0.019953
5626.6,-4962.1,26.141,-4.1126,-2.0983,1.7657,0.002717,647.87,18.654,-58.582,43.783,-54.318,0,0.495,0.23053,0.027934
5109.7,-4465.7,26.389,-3.8024,-2.281,1.6305,0.0026209,619.84,17.602,-49.697,56.544,-50.983,0,0.495,0.23054,0.031924
928.03,-1051.8,28.804,-2.5536,-0.63368,0.20775,0.0007787,263.46,12.591,5.3777,12.36,-11.71,0,0.495,0.29428,0.019953
867.15,-990.99,28.867,-2.5236,-0.74878,0.2015,0.00074983,265.24,12.304,5.0082,13.564,-11.288,0,0.495,0.29428,0.023943
719.48,-786.3,28.937,-2.3607,-0.54804,0.12759,0.00062839,199.52,11.443,5.4945,11.088,-8.1782,0,0.495,0.30222,0.019953
685.87,-750.62,28.994,-2.3415,-0.65087,0.12296,0.00060203,200.56,11.198,5.6709,12.542,-7.3867,0,0.495,0.30222,0.023944
1296.1,-1449.3,28.571,-2.8044,-0.59921,0.31874,0.00097166,325.19,14.077,4.7614,12.202,-16.554,0,0.495,0.28634,0.015962
1229.3,-1364.4,28.631,-2.7688,-0.73741,0.31368,0.00093912,331,13.795,3.6093,12.96,-16.624,0,0.495,0.28634,0.019953
975.47,-1097.1,28.748,-2.5757,-0.5115,0.21208,0.00080935,258.86,12.83,5.455,10.999,-12.229,0,0.495,0.29428,0.015962
743.83,-810.43,28.889,-2.3751,-0.44068,0.13078,0.0006543,196.46,11.647,4.8783,9.3044,-9.006,0,0.495,0.30222,0.015962
1145.8,-1264.4,28.698,-2.7215,-0.86496,0.30576,0.00090992,332.88,13.457,2.5817,13.952,-16.714,0,0.495,0.28634,0.023943
556.53,-585.92,29.09,-2.1757,-0.57117,0.068821,0.00046788,143.54,10.112,5.4648,10.816,-4.5651,0,0.495,0.31016,0.023944
539.13,-562.37,29.144,-2.1591,-0.65925,0.064409,0.00044353,141.59,9.8686,5.456,11.791,-3.7469,0,0.495,0.31016,0.027934
651.52,-710.67,29.056,-2.3167,-0.74838,0.11608,0.00057366,198.53,10.917,5.4606,13.456,-6.719,0,0.495,0.30222,0.027934
522.73,-538.85,29.203,-2.1374,-0.74301,0.058747,0.00041708,137.19,9.5928,5.2117,12.153,-2.8801,0,0.495,0.31016,0.031925
619.04,-669.74,29.123,-2.2863,-0.83969,0.10672,0.0005425,192.82,10.6,5.0819,13.614,-6.0403,0,0.495,0.30222,0.031925
574.2,-608.35,29.041,-2.1882,-0.47961,0.07189,0.00048957,143.38,10.325,4.9713,9.2812,-5.4201,0,0.495,0.31016,0.019953
584.52,-622.32,29.001,-2.1982,-0.38506,0.073857,0.00050876,141.74,10.501,4.0239,7.3798,-6.2448,0,0.495,0.31016,0.015962
802.92,-922.59,28.937,-2.4861,-0.85587,0.19156,0.00071916,262.74,11.976,4.4878,14.361,-11.012,0,0.495,0.29428,0.027934
953.28,-1053.4,28.848,-2.6032,-1.0858,0.27111,0.00084106,319.04,12.646,1.4336,15.053,-16.607,0,0.495,0.28634,0.031925
742.57,-853.84,29.009,-2.4425,-0.95418,0.17722,0.00068454,255.18,11.608,3.9791,14.367,-10.649,0,0.495,0.29428,0.031925
1050.4,-1156.9,28.771,-2.6653,-0.98114,0.29195,0.0008783,329.16,13.074,1.8411,14.854,-16.809,0,0.495,0.28634,0.027934
1811.5,-2041.8,28.29,-3.1009,-0.53549,0.46037,0.0011929,383.56,15.605,4.5687,13.586,-20.974,0,0.495,0.27836,0.011972
1786.7,-2101.1,28.223,-3.1144,-0.35942,0.48302,0.0012729,377.2,15.804,6.9097,15.797,-21.346,0,0.495,0.27836,0.0079824
2542.5,-2668.7,28.021,-3.4152,-0.62844,0.61819,0.0013778,446.65,16.95,0.33401,12.581,-25.677,0,0.495,0.27027,0.011972
2540.9,-2816.6,27.953,-3.4444,-0.42535,0.64386,0.0014616,438.64,17.191,5.0639,16.554,-24.776,0,0.495,0.27027,0.0079818
1312.5,-1500.1,28.514,-2.8262,-0.45332,0.32665,0.0010178,318.24,14.303,5.8604,12.622,-17.158,0,0.495,0.28634,0.011972
1788.3,-1936.4,28.349,-3.0637,-0.70227,0.45143,0.0011443,391.93,15.332,1.6864,11.824,-21.303,0,0.495,0.27836,0.015962
1288.7,-1514.1,28.456,-2.8329,-0.30237,0.34435,0.0010884,313.73,14.468,6.5746,13.462,-18.324,0,0.495,0.28634,0.0079827
2457.1,-2480.2,28.075,-3.3523,-0.81686,0.6099,0.0013318,455.71,16.623,-4.5312,9.6753,-27.129,0,0.495,0.27027,0.015962
3603,-3739.7,27.648,-3.8224,-0.49536,0.82452,0.0016573,495.92,18.532,0.13677,14.619,-27.63,0,0.495,0.2623,0.0079816
3739.5,-3931.1,27.571,-3.8355,-0.25312,0.87158,0.0017707,490.69,18.718,3.5644,13.528,-26.784,0,0.495,0.2623,0.0039932
2643.1,-2902.9,27.874,-3.4426,-0.2157,0.6862,0.0015704,435.09,17.343,5.6483,13.834,-25.383,0,0.495,0.27027,0.0039939
3882.1,-4010.7,27.532,-3.8322,0.13138,0.89868,0.0018305,489.43,18.782,3.3991,11.001,26.629,0,0.495,0.2623,0
2765.9,-2930.3,27.836,-3.4352,0.11139,0.70971,0.001626,434.65,17.392,4.2319,10.62,25.882,0,0.495,0.27027,0
3433.4,-3460,27.706,-3.7659,-0.72565,0.79915,0.0015767,505.07,18.237,-7.4283,8.9528,-30.305,0,0.495,0.2623,0.011972
3175.6,-3154.8,27.746,-3.6659,-0.93547,0.79351,0.0015382,513.91,17.841,-14.025,5.7441,-33.052,0,0.495,0.2623,0.015962
1874.4,-2124.1,28.152,-3.107,-0.18114,0.51803,0.0013712,375.5,15.929,5.9279,12.404,-22.751,0,0.495,0.27836,0.0039959
1959.2,-2125,28.118,-3.0991,0.093246,0.53716,0.0014204,375.93,15.969,4.1033,9.2438,23.585,0,0.495,0.27835,0
1333.9,-1510.8,28.397,-2.8255,-0.15176,0.37099,0.0011724,313.74,14.571,5.1055,10.209,-20.049,0,0.495,0.28633,0.0039969
1573.4,-1634.1,28.475,-2.9332,-0.99677,0.43626,0.0010854,399.13,14.597,-2.1547,13.309,-23.048,0,0.495,0.27836,0.023943
1691.1,-1790.2,28.409,-3.006,-0.85697,0.44621,0.0011131,398.15,14.995,-0.6736,12.103,-22.316,0,0.495,0.27836,0.019953
2107.8,-2026.1,28.19,-3.1569,-1.1406,0.59193,0.0012795,460.23,15.773,-9.2124,12.405,-30.056,0,0.495,0.27027,0.023943
2285.5,-2250.7,28.128,-3.2629,-0.98853,0.60492,0.0013048,461.26,16.225,-7.8147,10.121,-28.976,0,0.495,0.27027,0.019953
1919.7,-1817.4,28.267,-3.0435,-1.274,0.5657,0.0012471,451.26,15.248,-9.0289,15.537,-30.293,0,0.495,0.27027,0.027934
2530.1,-2266.4,27.929,-3.24,-1.434,0.73477,0.0014605,501.12,16.217,-16.796,17.385,-36.539,0,0.495,0.2623,0.027934
2736.5,-2526.4,27.846,-3.3899,-1.2895,0.77094,0.0014949,513.72,16.826,-18.275,11.932,-36.746,0,0.495,0.2623,0.023943
2278.4,-2022.5,28.036,-3.0938,-1.5604,0.68007,0.0014109,480.04,15.554,-14.089,21.936,-35.072,0,0.495,0.2623,0.031924
1720,-1625.5,28.358,-2.9292,-1.3914,0.5252,0.0012034,434.07,14.668,-7.7808,18.089,-29.535,0,0.495,0.27027,0.031925
2938,-2826.7,27.787,-3.5355,-1.1239,0.78871,0.0015176,517.7,17.366,-17.623,7.5139,-35.612,0,0.495,0.2623,0.019953
1436.4,-1474.2,28.55,-2.8515,-1.1216,0.41727,0.0010535,393.23,14.147,-2.7253,14.897,-23.432,0,0.495,0.27836,0.027934
1286.2,-1325.6,28.632,-2.7656,-1.2323,0.38792,0.0010137,379.83,13.65,-2.5681,15.914,-23.157,0,0.495,0.27836,0.031925
-15293,13595,9.1158,-4.7103,3.8018,23.649,0.032228,734.01,-28.564,-282.06,-79.914,-21.398,0,0.495,0.039466,0.043897
-17557,15411,9.3672,-5.2266,2.4703,23.855,0.032898,725.2,-34.35,-274.77,-89.604,-37.733,0,0.495,0.047381,0.043897
-14964,13756,9.4615,-5.161,3.6232,23.422,0.031303,748.45,-24.796,-283.49,-79.553,-24.408,0,0.495,0.039466,0.039905
-17493,15890,9.7352,-5.7103,2.3793,23.548,0.031866,739.12,-31.098,-277.69,-89.109,-38.734,0,0.495,0.047381,0.039905
-3611.7,9791.7,8.6776,-3.6782,5.4749,23.908,0.031804,752.37,-25.722,-279.76,-67.048,-2.3735,0,0.495,0.03155,0.04789
-14597,13245,8.7695,-4.3053,3.9612,23.927,0.033123,722.56,-32.217,-281.13,-79.303,-19.049,0,0.495,0.039466,0.047892
-4930.3,9694.9,8.9887,-4.0393,5.24,23.757,0.031108,764.24,-21.437,-279.99,-67.586,-6.0522,0,0.495,0.03155,0.043896
-6169.1,9340.3,9.2985,-4.4402,4.9782,23.648,0.030397,778.49,-16.989,-280.48,-67.126,-10.377,0,0.495,0.031551,0.039905
-17445,14818,8.9992,-4.7943,2.5488,24.218,0.033874,714.99,-37.505,-272.89,-89.024,-37.406,0,0.495,0.04738,0.047892
-16975,15991,10.1,-6.2524,2.2721,23.299,0.030794,756.79,-27.789,-281.12,-88.036,-38.511,0,0.495,0.047381,0.035915
-17827,16286,10.52,-6.6479,1.2417,23.652,0.031102,760.62,-32.456,-272.62,-90.511,-56.01,0,0.495,0.055307,0.035914
-17967,15898,10.149,-6.0807,1.2577,23.964,0.032233,743.56,-35.265,-266.37,-92.028,-58.53,0,0.495,0.055307,0.039905
-17010,14967,11.07,-6.8792,0.33793,24.121,0.031226,772.63,-35.648,-260.9,-89.388,-70.501,0,0.495,0.063308,0.035915
-16991,14450,10.713,-6.2976,0.27214,24.499,0.032367,757.02,-38.081,-251.42,-91.411,-75.771,0,0.495,0.063308,0.039905
-14036,13479,9.8047,-5.6629,3.4209,23.245,0.030361,765.84,-20.937,-285,-78.944,-26.407,0,0.495,0.039466,0.035915
-6528.9,8479.7,9.6053,-4.8859,4.6847,23.578,0.029672,795.04,-12.396,-280.84,-66.749,-13.895,0,0.495,0.031551,0.035915
-17786,15235,9.7738,-5.5786,1.2629,24.337,0.033293,731.05,-38.031,-261.41,-92.699,-59.667,0,0.495,0.055307,0.043897
-16589,13119,9.9886,-5.3351,0.11758,25.448,0.034328,741.34,-42.828,-239.45,-92.218,-83.945,0,0.495,0.06331,0.047897
-16767,13751,10.351,-5.7866,0.19821,24.945,0.033409,746.7,-40.478,-244.14,-92.401,-79.483,0,0.495,0.063308,0.043897
-17550,14561,9.3987,-5.1328,1.2604,24.769,0.034262,722.94,-40.724,-258.24,-92.268,-61.516,0,0.495,0.055307,0.047894
5765.1,5239.4,8.4243,-2.6505,7.2994,23.902,0.029327,819.18,-22.906,-268.29,-52.552,9.6816,0,0.495,0.023632,0.05189
7281.6,172.06,8.5005,-1.8641,8.9058,22.771,0.022361,1057.5,-15.291,-251.17,-41.147,24.148,0,0.495,0.015711,0.051889
6173.1,5510.4,8.1537,-2.4035,7.5431,23.948,0.029664,811.78,-27.428,-269.63,-51.953,14.211,0,0.495,0.023618,0.055904
7316.8,1083.6,8.2738,-1.6816,9.2103,22.605,0.022356,1051.9,-20.445,-254.76,-41.062,29.852,0,0.495,0.015698,0.055901
5309.7,4740.9,8.694,-2.9239,7.0278,23.895,0.028973,828.52,-18.168,-266.97,-52.305,4.5742,0,0.495,0.023632,0.047889
-1359.7,9708.9,8.3691,-3.3507,5.6834,24.103,0.032477,742.83,-29.955,-279.84,-66.642,1.7906,0,0.495,0.03155,0.051892
7365.3,-1088.7,8.7254,-2.0655,8.5658,22.972,0.022362,1064.8,-9.8762,-247,-40.247,18.092,0,0.495,0.015712,0.047889
1868.4,9501.2,8.0614,-3.0533,5.8669,24.337,0.03312,735.52,-33.919,-280.36,-65.55,5.3334,0,0.495,0.031534,0.055908
7306,1788,8.0495,-1.5162,9.4776,22.474,0.022352,1047.7,-25.383,-258.12,-41.349,35.782,0,0.495,0.015695,0.059904
23745,-28873,8.4955,-0.86155,11.214,17.411,0.0092978,2726.2,-18.486,588.2,-25.081,1408.3,0,0.495,0.0077702,0.059903
26127,-33201,8.6704,-0.96419,10.886,17.629,0.0093909,2740.9,-12.925,567.41,-24.609,1391.4,0,0.495,0.0077739,0.055899
21752,-25202,8.32,-0.76876,11.503,17.215,0.0092102,2712.8,-23.679,606.79,-25.079,1425.1,0,0.495,0.0077643,0.0639
36380,-52098,8.7222,-0.48599,12.408,13.343,0.0012988,4194,-20.037,1469.5,2.8711,2788.3,0,0.495,0,0.063893
40161,-58741,8.8728,-0.55088,12.091,13.532,0.0013335,4219.1,-14.542,1428.3,2.2705,2760.6,0,0.495,0,0.059898
7291.5,2288.9,7.8257,-1.3662,9.7113,22.373,0.022346,1044.9,-29.962,-261.15,-41.207,41.301,0,0.495,0.015692,0.063898
44622,-66413,9.0228,-0.62262,11.731,13.735,0.001371,4245.5,-8.6501,1382.2,2.0362,2733,0,0.495,0,0.055897
6417.8,5720.5,7.8872,-2.1803,7.7563,24.024,0.029983,806.04,-31.784,-271.21,-51.563,18.989,0,0.495,0.023615,0.059907
4526.9,9150.8,7.4603,-2.5358,6.166,24.876,0.034,726.22,-41.254,-282.79,-63.341,12.447,0,0.495,0.031528,0.063907
3380.6,9305.2,7.7586,-2.7834,6.0272,24.598,0.033563,730.08,-37.689,-281.39,-64.597,9.1855,0,0.495,0.031531,0.059914
6579.7,5857.2,7.6231,-1.9765,7.9416,24.126,0.030282,801.78,-35.832,-272.84,-50.813,23.236,0,0.495,0.023613,0.063898
28675,-37769,8.847,-1.0772,10.514,17.871,0.0094906,2757.4,-7.0287,544.36,-24.754,1375.2,0,0.495,0.007787,0.051888
54055,-83166,9.3237,-0.78885,10.864,14.178,0.001453,4307.3,4.2636,1274.7,0.9592,2681.8,0,0.495,0,0.047889
49344,-74281,9.1747,-0.70188,11.323,13.951,0.0014112,4274.6,-2.3867,1331,1.1295,2706.5,0,0.495,0,0.051888
31300,-43066,9.021,-1.2013,10.096,18.136,0.0095925,2776.7,-0.79271,519.2,-23.917,1359.8,0,0.495,0.0077872,0.047889
-17212,14220,8.6356,-4.4053,2.6178,24.628,0.034779,708.15,-40.646,-272.27,-88.091,-36.28,0,0.495,0.047378,0.0519
-12532,12821,8.4271,-3.9395,4.1013,24.253,0.033978,713.94,-35.868,-280.88,-78.536,-16.038,0,0.495,0.039463,0.051897
-16979,13671,8.2779,-4.0503,2.6717,25.072,0.035603,704.2,-43.871,-272.95,-86.552,-35.739,0,0.495,0.047362,0.055923
-9381.3,12368,8.0876,-3.6048,4.2223,24.616,0.034781,707.88,-39.299,-281.38,-77.169,-13.63,0,0.495,0.039448,0.055917
-17124,13455,8.6636,-4.3735,1.2342,25.743,0.035874,717.59,-46.27,-257.88,-89.758,-63.99,0,0.495,0.055289,0.05593
-17086,13151,8.3056,-4.0407,1.2038,26.245,0.036512,718.8,-48.859,-260.37,-87.895,-65.096,0,0.495,0.055269,0.059953
-16821,13218,7.9257,-3.7256,2.7086,25.532,0.036342,702.51,-46.821,-274.96,-84.758,-34.754,0,0.495,0.047345,0.05994
-16927,12266,8.5999,-3.9142,-0.2576,27.601,0.03664,753.43,-51.916,-244.94,-85.46,-100.05,0,0.495,0.063257,0.063962
-16613,12143,8.9302,-4.2312,-0.15556,27.088,0.036255,747.22,-49.708,-240.54,-87.561,-95.713,0,0.495,0.063262,0.059963
-17225,13098,7.959,-3.7293,1.1665,26.729,0.037047,721.52,-51.328,-264.34,-85.907,-66.697,0,0.495,0.055267,0.063952
-16467,12254,9.2759,-4.5683,-0.059735,26.543,0.035749,742.52,-47.446,-237.94,-89.434,-91.849,0,0.495,0.063295,0.055934
-16768,12981,7.5845,-3.4247,2.7345,25.986,0.036996,702.37,-49.608,-278.01,-82.747,-34.297,0,0.495,0.047357,0.063927
-17277,13925,9.0282,-4.7341,1.2526,25.244,0.035124,718.7,-43.436,-257.09,-91.305,-62.45,0,0.495,0.055305,0.051904
-16443,12570,9.628,-4.9323,0.031252,25.99,0.035109,740.29,-45.158,-237.47,-91.135,-87.563,0,0.495,0.063301,0.051912
-7880.9,11961,7.7534,-3.3001,4.3254,25.002,0.035363,703.93,-42.584,-282.76,-75.745,-10.85,0,0.495,0.039432,0.05993
-6760.2,11684,7.4286,-3.0195,4.4116,25.395,0.035916,701.56,-45.7,-284.83,-74.03,-8.7187,0,0.495,0.039443,0.063917
-3001.5,559.68,15.424,-5.0814,-2.6931,24.131,0.028683,841.54,-29.783,-154.38,-8.4364,-167.54,0,0.495,0.10296,0.043897
3621,-544.04,16.758,-4.7821,-2.8629,22.367,0.02623,853.05,-26.161,-143.7,18.689,-176.53,0,0.495,0.11089,0.043897
-1930.9,878.56,15.443,-5.6252,-2.4146,23.496,0.027726,847.75,-28.414,-175.52,-2.4996,-152.68,0,0.495,0.10296,0.039905
3976.2,-328.98,16.658,-5.329,-2.5873,21.878,0.025391,862.06,-24.831,-167.79,28.234,-159.1,0,0.495,0.11089,0.039905
-8501.1,2257.9,14.042,-4.8999,-2.6904,26.051,0.031444,828.63,-34.746,-154.7,-34.942,-168,0,0.495,0.095039,0.047896
-3880.5,387.75,15.388,-4.6149,-2.9741,24.886,0.029582,841.4,-31.138,-137.46,-11.243,-181.61,0,0.495,0.10296,0.047896
-7957.9,2506.2,14.17,-5.3657,-2.4192,25.275,0.03055,827.54,-33.304,-168.71,-33.858,-155.3,0,0.495,0.095041,0.043897
-7459.2,2903.1,14.29,-5.9041,-2.1511,24.591,0.029553,832.36,-31.9,-186.78,-30.069,-142.48,0,0.495,0.095039,0.039905
3351,-629.08,16.825,-4.3176,-3.1389,23.02,0.027079,850.26,-27.472,-124,12.343,-192.4,0,0.495,0.11089,0.047897
3716.3,-108.92,16.517,-5.9771,-2.3127,21.584,0.02463,876.84,-23.524,-195.51,38.168,-137.86,0,0.495,0.11088,0.035914
3931.1,-694.46,17.606,-5.6976,-2.4372,19.826,0.022188,894.08,-20.035,-193.73,77.345,-135.97,0,0.495,0.1188,0.035914
4348.1,-809.2,17.901,-5.0407,-2.7028,19.821,0.022638,876.07,-21.288,-163.77,65.484,-160.47,0,0.495,0.11881,0.039905
3390,-737.76,18.654,-5.4341,-2.538,17.908,0.019645,912.05,-16.391,-194.35,120.31,-127.56,0,0.495,0.12673,0.035914
3749.6,-743.42,19.128,-4.7688,-2.79,17.488,0.01965,890.53,-17.585,-163.01,108.68,-154.64,0,0.495,0.12673,0.039905
-579.16,1189.1,15.434,-6.2635,-2.1396,23.021,0.026776,860.14,-27.051,-200.44,4.9594,-134.47,0,0.495,0.10296,0.035914
-6028.7,3286,14.392,-6.5317,-1.8875,24.035,0.028507,843.44,-30.434,-208.58,-24.484,-126.91,0,0.495,0.095034,0.035914
4772.7,-893.01,18.141,-4.4915,-2.9656,20.04,0.023239,862.66,-22.576,-137.08,51.519,-181.25,0,0.495,0.11881,0.043897
4433.3,-558.06,19.869,-3.7622,-3.2727,17.366,0.020271,856.71,-20.064,-109.78,71.64,-201.96,0,0.495,0.12673,0.047898
4161.1,-687.46,19.538,-4.2174,-3.0346,17.286,0.019857,870.92,-18.828,-134.23,90.411,-179.31,0,0.495,0.12674,0.043897
5013.7,-876.06,18.326,-4.0311,-3.2256,20.48,0.023943,855.46,-23.848,-114.86,39.903,-199.83,0,0.495,0.11881,0.047898
-12902,7542.9,11.423,-4.915,-1.8569,27.229,0.034268,794.66,-42.538,-191.27,-70.786,-140,0,0.495,0.079177,0.051909
-13169,7434.2,11.163,-4.5453,-2.0704,27.924,0.034784,802.88,-44.29,-189.17,-68.269,-149.1,0,0.495,0.079167,0.055937
-10738,4606,12.595,-4.7382,-2.5084,27.339,0.033444,817.57,-39.487,-167.1,-51.887,-162.13,0,0.495,0.087102,0.051913
-11053,4550,12.405,-4.3679,-2.7631,28.107,0.033976,827.36,-41.022,-162.77,-48.419,-172.84,0,0.495,0.087092,0.055945
-10523,4866.8,12.8,-5.1484,-2.2563,26.563,0.032735,811.58,-37.903,-174.77,-53.924,-152.08,0,0.495,0.087116,0.047895
-8807.9,2044.8,13.916,-4.4891,-2.9669,26.873,0.032194,834.82,-36.2,-144.33,-33.142,-179.11,0,0.495,0.095025,0.051915
-12782,7871.4,11.697,-5.3234,-1.6465,26.528,0.033579,790.11,-40.744,-196.49,-72.486,-131.66,0,0.495,0.079192,0.047894
-8792.1,2022.3,13.807,-4.1203,-3.2448,27.686,0.032771,844.91,-37.598,-137.39,-29.348,-190.56,0,0.495,0.095017,0.055947
-13540,7487.1,10.91,-4.2026,-2.2866,28.6,0.035138,814.05,-46.07,-189.65,-65.592,-158.06,0,0.495,0.079115,0.059979
-15250,10112,9.7951,-4.282,-1.3289,27.938,0.035759,781.39,-48.179,-216.61,-78.099,-129.24,0,0.495,0.071196,0.059971
-14977,10117,10.106,-4.6228,-1.1681,27.334,0.035358,773.14,-46.186,-214.64,-80.191,-122.63,0,0.495,0.071241,0.055933
-15642,10323,9.5034,-3.9611,-1.4952,28.499,0.036021,791.34,-50.127,-220.47,-75.566,-136.43,0,0.495,0.071189,0.06397
-13983,7716.9,10.68,-3.8798,-2.507,29.224,0.035338,827.13,-47.81,-191.92,-62.356,-167.71,0,0.495,0.07911,0.063976
-14839,10317,10.42,-4.9907,-1.0106,26.716,0.034808,767.6,-44.223,-215.12,-82.306,-115.71,0,0.495,0.071247,0.05191
-14867,10741,10.747,-5.3966,-0.8566,26.099,0.034095,765.55,-42.208,-218.43,-83.812,-109.54,0,0.495,0.071258,0.047895
-11413,4612.1,12.225,-4.0253,-3.0192,28.85,0.034337,840.31,-42.589,-161.02,-44.58,-183.39,0,0.495,0.087038,0.059987
-6566.2,2231.4,13.652,-3.4618,-3.7998,29.179,0.033396,873.83,-40.361,-130.01,-19.209,-213.3,0,0.495,0.094979,0.063964
-8834,2067.8,13.712,-3.7803,-3.5229,28.469,0.033173,858.29,-39.009,-133,-24.421,-201.62,0,0.495,0.09497,0.059981
-11805,4812.7,12.075,-3.7033,-3.2772,29.533,0.034533,855.34,-44.111,-160.87,-40.31,-194.67,0,0.495,0.087042,0.063969
3536.3,-705.98,16.875,-3.9153,-3.4157,23.769,0.027863,853.13,-28.79,-108.24,10.41,-204.89,0,0.495,0.11087,0.051921
-4084.8,238.34,15.347,-4.2067,-3.2581,25.705,0.030367,846.56,-32.502,-124.29,-10.499,-193.35,0,0.495,0.10295,0.051915
4161.1,-642.56,16.933,-3.5601,-3.6895,24.527,0.028511,860.22,-30.003,-96.28,11.536,-216.16,0,0.495,0.11089,0.055952
-3438.2,252.02,15.322,-3.843,-3.5413,26.518,0.03099,855.73,-33.785,-114.71,-7.0798,-204.77,0,0.495,0.10295,0.055934
5257,-742.95,18.614,-3.2949,-3.736,21.715,0.025292,858.29,-26.312,-83.152,30.929,-225.34,0,0.495,0.11881,0.055964
5306.3,-684.91,18.752,-2.9835,-3.9827,22.343,0.025786,866.09,-27.486,-72.521,33.977,-234.19,0,0.495,0.11883,0.060032
5100.9,-599.62,16.999,-3.2354,-3.9595,25.258,0.028998,870.95,-31.22,-87.172,16.464,-225.79,0,0.495,0.11089,0.059989
4431.5,3.6773,20.777,-2.4937,-4.1549,18.998,0.02212,857.62,-24.703,-53.614,52.448,-247.45,0,0.495,0.12677,0.064081
4570.2,-148.09,20.562,-2.7586,-3.9473,18.604,0.021815,851.78,-23.647,-63.314,48.089,-240.66,0,0.495,0.12676,0.060049
5294.8,-541.61,18.916,-2.7001,-4.221,22.871,0.0261,875.79,-28.569,-63.625,40.796,-241.94,0,0.495,0.11885,0.06404
4611.2,-250.66,20.359,-3.053,-3.7299,18.128,0.021355,848.11,-22.48,-74.894,48.9,-231.61,0,0.495,0.12675,0.055968
5348.7,-444.35,17.103,-2.9372,-4.2223,25.884,0.029293,883.51,-32.319,-79.857,23.901,-235.2,0,0.495,0.11091,0.063969
5208.2,-860.89,18.474,-3.6379,-3.4836,21.075,0.02466,854.49,-25.136,-96.873,33.197,-213.78,0,0.495,0.1188,0.051923
4646.4,-435.61,20.132,-3.3805,-3.5053,17.686,0.02081,849.45,-21.333,-89.959,57.16,-218.75,0,0.495,0.12672,0.051925
-2485.6,286.24,15.312,-3.5093,-3.8229,27.298,0.03144,868.29,-35.068,-107.79,-1.3651,-215.28,0,0.495,0.10294,0.059952
100.26,432.56,15.338,-3.1982,-4.1006,27.993,0.031703,882.98,-36.29,-102.39,5.3571,-226.13,0,0.495,0.10295,0.063963
2711.2,-2110.9,23.652,-3.2839,-3.3793,8.3426,0.0093971,885.89,-1.33,-133.65,234.48,-34.002,0,0.495,0.16651,0.043899
3054.8,-2349,23.883,-3.2422,-3.4198,7.7939,0.0089753,866.59,1.7313,-128.3,208.29,-39.718,0,0.495,0.17449,0.043905
2939.9,-2062.1,22.704,-3.8455,-3.2051,9.8206,0.010732,913.93,-0.30792,-160.04,219.74,-42.591,0,0.495,0.16651,0.039905
3358.9,-2344.9,23.043,-3.7844,-3.2579,8.9609,0.010043,890.98,2.8205,-152.11,191.3,-51.524,0,0.495,0.17448,0.039906
1635.7,-1382.3,24.398,-2.9249,-3.4894,7.0149,0.0083275,839.17,-5.3284,-109.22,234.55,-58.967,0,0.495,0.15857,0.047901
2320.2,-2042.3,24.636,-2.8204,-3.5274,6.6465,0.0079012,837.94,-2.3073,-107.51,233.25,-28.937,0,0.495,0.16652,0.04791
2088,-1523.7,23.393,-3.3876,-3.3276,8.8721,0.0099106,893.18,-4.4173,-136.83,245.82,-52.119,0,0.495,0.15857,0.043898
2408.7,-1563.3,22.388,-3.9561,-3.1411,10.595,0.011419,926.74,-3.4654,-165.16,237.52,-51.136,0,0.495,0.15857,0.039905
2613.7,-2247.6,24.771,-2.7878,-3.5554,6.3996,0.0077269,825.49,0.68711,-104.48,213,-29.889,0,0.495,0.17451,0.047939
4003.5,-2565.2,22.294,-4.4126,-3.0673,9.8134,0.010855,903.01,4.0061,-174.31,164.66,-61.192,0,0.495,0.17448,0.035914
4422.8,-2920.2,22.872,-4.3338,-3.1162,8.5021,0.0097227,873.05,7.0787,-159.95,139.14,-75.102,0,0.495,0.18259,0.035915
3673.8,-2577.8,23.515,-3.7467,-3.2962,7.8676,0.0091331,859.78,5.8364,-141.12,162.25,-66.848,0,0.495,0.18259,0.039906
5178.4,-3652.3,23.564,-4.2506,-3.14,7.0499,0.0083936,837.81,9.8992,-141.45,118.8,-84.337,0,0.495,0.19057,0.035915
4332.4,-3145.7,24.122,-3.7144,-3.3125,6.5654,0.0079682,821.49,8.5991,-125.94,137.32,-78.571,0,0.495,0.19057,0.039906
3478,-2208.9,21.845,-4.5042,-3.0036,10.943,0.011795,926.96,0.80765,-184.98,191.95,-50.34,0,0.495,0.16651,0.035914
3015.6,-1742.3,21.454,-4.6314,-2.9292,11.971,0.012683,943.24,-2.4356,-192.31,212.68,-51.778,0,0.495,0.15857,0.035914
3271.6,-2492.5,24.239,-3.2331,-3.4458,6.9701,0.0083168,836.01,4.6635,-120.57,178.45,-55.584,0,0.495,0.18259,0.043905
3143,-2622.8,25.407,-2.8312,-3.5625,4.9982,0.0065684,757.2,6.1127,-90.929,155.81,-58.812,0,0.495,0.19056,0.047906
3767.9,-2891.4,24.747,-3.24,-3.4521,5.865,0.0073455,795.43,7.3428,-108.76,150.37,-69.331,0,0.495,0.19057,0.0439
2764.8,-2342.1,25.02,-2.7976,-3.5658,5.8486,0.007314,796.95,3.5367,-99.456,184.75,-44.356,0,0.495,0.18254,0.047907
2183.2,233.26,23.36,-2.9243,-3.5428,9.936,0.012224,810.03,-13.655,-85.705,126.46,-186.23,0,0.495,0.14261,0.051928
2111.6,563.83,23.824,-2.6267,-3.707,9.6156,0.012195,783.49,-14.785,-68.374,97.025,-207.03,0,0.495,0.14262,0.055999
1874,-435.93,24.61,-2.7237,-3.5839,6.8799,0.0087604,781.6,-10.172,-85.471,171.41,-132.53,0,0.495,0.15057,0.051934
1823.4,-57.141,25.247,-2.4366,-3.7219,5.9953,0.0081685,726.8,-11.228,-66.925,131.69,-154.2,0,0.495,0.15057,0.056003
1889.6,-789.16,23.815,-3.0846,-3.4276,8.2285,0.0097664,840.37,-9.1033,-109.54,207.64,-110.69,0,0.495,0.15057,0.047901
1342.4,-1131.7,25.328,-2.5591,-3.6283,5.2986,0.0068761,766.39,-6.2675,-84.724,205.86,-69.419,0,0.495,0.15857,0.051934
2091.8,-121.69,22.766,-3.2866,-3.3654,10.653,0.012575,846.05,-12.521,-108.51,159.96,-161.29,0,0.495,0.1426,0.047899
1100,-808.95,26.116,-2.2726,-3.745,3.9581,0.0057422,684.15,-7.2113,-65.222,165.79,-84.489,0,0.495,0.15857,0.056004
2018.6,819.66,24.189,-2.3736,-3.8586,9.5546,0.01234,767.36,-15.906,-55.505,77.731,-220.32,0,0.495,0.14263,0.060071
3595.5,387.7,22.405,-2.562,-3.8959,14.205,0.017218,822.18,-20.036,-58.128,61.664,-239.39,0,0.495,0.1347,0.060058
3694.7,224.69,22.127,-2.8345,-3.7117,13.957,0.016862,825.51,-18.912,-70.533,69.741,-229.09,0,0.495,0.13468,0.055993
3406.9,542.21,22.663,-2.3175,-4.0689,14.438,0.017479,822.7,-21.1,-48.275,61.183,-245.92,0,0.495,0.1347,0.0641
1764.5,1007.7,24.494,-2.1498,-3.998,9.5859,0.012499,758.65,-16.962,-45.706,68.417,-227.9,0,0.495,0.14262,0.06411
3792.3,-26.877,21.802,-3.1474,-3.5171,13.816,0.016515,835.25,-17.732,-86.736,87.27,-212.81,0,0.495,0.13467,0.051926
3633.8,-278.06,21.393,-3.5173,-3.313,13.93,0.016317,853.29,-16.515,-108.04,111.48,-191.52,0,0.495,0.13466,0.047899
1704.5,320.4,25.731,-2.1997,-3.8442,5.5298,0.0079362,684.84,-12.331,-53.441,98.92,-170.27,0,0.495,0.15058,0.060072
568.22,-57.438,27.187,-1.8531,-3.9237,2.5773,0.0046166,543.91,-9.2395,-40.478,91.062,-110.2,0,0.495,0.15858,0.064132
826.76,-387.67,26.731,-2.0434,-3.8432,3.0783,0.0050076,606.56,-8.2508,-50.861,124.92,-98.768,0,0.495,0.15858,0.060086
1448.3,580.73,26.099,-1.9951,-3.952,5.3153,0.0078988,656.81,-13.377,-43.578,77.102,-180.37,0,0.495,0.15058,0.064107
2384.8,-2174.5,25.659,-2.4198,-3.6655,4.9054,0.0063895,763.45,-0.31737,-82.233,203.59,-20.606,0,0.495,0.17455,0.052004
2061,-1932.3,25.588,-2.4498,-3.6516,4.9352,0.0063889,767.37,-3.2872,-83.669,216.08,-26.615,0,0.495,0.16654,0.051965
1988.8,-1974.8,26.482,-2.1284,-3.7508,3.4906,0.0050804,680.8,-1.2716,-62.951,180.82,-14.876,0,0.495,0.17457,0.05605
1711.4,-1696.5,26.444,-2.1607,-3.7521,3.4259,0.0050153,676.58,-4.2325,-63.807,184.54,-30.603,0,0.495,0.16657,0.056034
2142.7,-2052,26.543,-2.1496,-3.7302,3.4104,0.0050757,666.65,1.4908,-61.001,162.71,-22.641,0,0.495,0.18248,0.05592
1933.2,-1873.8,27.202,-1.9144,-3.7792,2.3287,0.0039832,576.94,0.42012,-45.773,141.51,-14.786,0,0.495,0.18253,0.060066
1707.2,-1717.4,27.201,-1.9005,-3.8112,2.2857,0.0038829,580.28,-2.2341,-47.412,150.6,-12.295,0,0.495,0.17457,0.060076
1749.1,-1713.3,27.82,-1.7932,-3.7364,1.3041,0.0028455,448.93,1.7376,-29.944,100.24,-18.263,0,0.495,0.19046,0.064092
2100.1,-1996.4,27.309,-1.9739,-3.7299,2.0985,0.0037728,548.25,2.7931,-42.153,123.26,-25.985,0,0.495,0.19048,0.060051
1634.1,-1616,27.771,-1.7315,-3.8045,1.4207,0.0029557,471.08,-0.61819,-33.071,114.06,-10.541,0,0.495,0.18253,0.06417
2343.9,-2198.1,26.723,-2.2045,-3.6983,3.0218,0.0047269,633.26,3.8901,-56.667,140.27,-35.795,0,0.495,0.19048,0.055951
1390.8,-1413.2,27.782,-1.7175,-3.8542,1.3798,0.0028691,471.55,-3.2189,-35.306,116.64,-13.889,0,0.495,0.17458,0.064161
2535.5,-2257.8,25.805,-2.4392,-3.6612,4.619,0.006206,740.54,2.4622,-79.197,179.58,-32.22,0,0.495,0.18249,0.05191
2798.7,-2455.5,26.074,-2.4868,-3.6468,4.0282,0.0056824,704.12,4.9333,-73.236,153.08,-46.427,0,0.495,0.19055,0.051934
1425.4,-1345.4,27.151,-1.9345,-3.8313,2.2761,0.003907,576.05,-5.2403,-48.639,145.88,-37.536,0,0.495,0.16658,0.060083
1132.7,-992.59,27.692,-1.7507,-3.892,1.5131,0.0031135,479.68,-6.2343,-37.469,107.45,-46.081,0,0.495,0.16658,0.064141
275.73,-306.32,29.964,-0.50717,2.1881,0.0056685,4.9187e-05,4.6365,-5.22,0.37181,7.2889,3.869,0,0.495,0.23823,-0.15231
287.37,-321.98,29.942,-0.44106,2.3065,0.0056901,4.8085e-05,4.9985,-5.8936,0.78528,7.5138,5.2798,0,0.495,0.23029,-0.1523
289.45,-320.29,29.919,-0.56304,2.2252,0.005698,4.932e-05,5.2506,-4.8588,-0.045088,6.9401,3.9022,0,0.495,0.23823,-0.14832
301.49,-336.42,29.896,-0.49744,2.3459,0.0057234,4.8603e-05,5.669,-5.5506,0.17413,6.999,5.3786,0,0.495,0.23029,-0.14831
308.03,-343.47,29.853,-0.55646,2.3843,0.005765,5.1288e-05,6.4809,-5.1837,0.014629,5.9881,5.4362,0,0.495,0.23029,-0.14431
296.35,-327.5,29.876,-0.62098,2.2615,0.005735,5.1379e-05,5.9946,-4.4759,-0.098536,6.1528,3.9488,0,0.495,0.23823,-0.14432
233.26,-257.35,29.974,-0.57138,2.0857,0.0056539,5.3537e-05,4.3376,-4.6642,-2.3425,7.0605,2.2826,0,0.495,0.24616,-0.15232
214.36,-238.52,30.018,-0.52045,2.0505,0.0056331,5.5284e-05,3.8787,-5.0185,-1.5951,6.8988,2.1011,0,0.495,0.24616,-0.15631
254.94,-285.85,30.008,-0.45507,2.1503,0.0056448,5.0385e-05,4.1236,-5.5606,1.178,7.1584,3.7632,0,0.495,0.23823,-0.1563
193.64,-216.98,30.059,-0.47526,2.0142,0.0056159,5.7894e-05,3.4872,-5.3525,-0.54789,6.296,2.0102,0,0.495,0.24616,-0.1603
158.38,-177.92,30.016,-0.5818,1.9843,0.0056132,6.3095e-05,3.4173,-4.5236,-4.2233,6.3684,0.89028,0,0.495,0.2541,-0.15632
231.66,-261.7,30.05,-0.40811,2.1119,0.0056255,5.235e-05,3.687,-5.8805,2.2796,6.5872,3.7318,0,0.495,0.23823,-0.16029
175.44,-196.18,29.975,-0.63163,2.0146,0.0056309,6.0154e-05,3.8091,-4.1649,-4.8297,6.458,1.3403,0,0.495,0.2541,-0.15233
265.85,-300.72,29.988,-0.38918,2.2663,0.0056635,4.9049e-05,4.4464,-6.2148,1.7047,7.4696,5.0637,0,0.495,0.23029,-0.15629
241.37,-275.45,30.031,-0.34263,2.2253,0.0056419,5.0855e-05,3.9779,-6.5157,2.7271,6.9663,4.8937,0,0.495,0.23029,-0.16028
246.76,-271.29,29.929,-0.62632,2.1201,0.00568,5.3159e-05,4.8877,-4.2907,-2.6503,6.7567,2.4427,0,0.495,0.24616,-0.14832
193.99,-218.32,29.895,-0.7416,2.0733,0.005681,5.9356e-05,4.8655,-3.3914,-4.6868,5.2202,2.4252,0,0.495,0.2541,-0.14434
187.6,-210.03,29.934,-0.68559,2.0442,0.005653,5.8854e-05,4.2806,-3.7878,-4.979,6.0489,1.8153,0,0.495,0.2541,-0.14833
254.61,-279.77,29.886,-0.68346,2.1538,0.0057128,5.4619e-05,5.5602,-3.897,-2.5782,6.0264,2.6896,0,0.495,0.24616,-0.14433
292.67,-325.14,29.737,-0.53472,2.6822,0.0060392,8.4972e-05,10.777,-6.2208,-3.3094,3.3904,4.6509,0,0.495,0.21442,-0.13631
285.84,-317.96,29.771,-0.47419,2.6375,0.0059565,7.1645e-05,9.4945,-6.5949,-3.8019,4.6801,4.6205,0,0.495,0.21442,-0.1403
316.65,-348.56,29.731,-0.45501,2.7694,0.006168,9.8234e-05,12.527,-7.3344,-3.8535,3.5065,4.0635,0,0.495,0.20648,-0.1363
307.01,-338.06,29.764,-0.39352,2.7197,0.0060703,8.2221e-05,11.117,-7.6701,-4.4267,4.7644,4.0481,0,0.495,0.20648,-0.14029
299.63,-334.66,29.786,-0.54663,2.5391,0.0058725,6.2175e-05,8.266,-5.6324,-1.5751,4.5254,5.3755,0,0.495,0.22236,-0.14031
303.91,-339.83,29.752,-0.60696,2.58,0.0059437,7.2778e-05,9.4471,-5.2318,-1.1268,3.2808,5.3489,0,0.495,0.22236,-0.13632
389.1,-415.6,29.732,-0.36631,2.8664,0.0063342,0.00011055,14.619,-8.5815,-1.1851,3.433,2.8053,0,0.495,0.19854,-0.13628
405.73,-432.64,29.703,-0.42811,2.9215,0.0064707,0.00013202,16.304,-8.2572,-1.0687,2.9054,2.9037,0,0.495,0.19854,-0.13228
328.39,-360.66,29.701,-0.51674,2.8195,0.0062813,0.00011796,14.065,-6.9652,-3.3073,2.7951,4.1398,0,0.495,0.20648,-0.1323
302.67,-335.13,29.706,-0.59581,2.7268,0.0061365,0.00010207,12.199,-5.8154,-2.9112,2.5623,4.691,0,0.495,0.21442,-0.13232
310.65,-346.42,29.72,-0.66737,2.6209,0.0060286,8.7325e-05,10.772,-4.8021,-0.72126,2.4214,5.2919,0,0.495,0.22236,-0.13233
375.16,-400.24,29.764,-0.30574,2.8121,0.0062161,9.2589e-05,13.06,-8.8732,-1.4711,4.5946,2.7709,0,0.495,0.19855,-0.14028
314.18,-349.49,29.777,-0.67655,2.46,0.0058788,6.5558e-05,8.531,-4.3725,0.51872,3.6883,5.2741,0,0.495,0.23029,-0.13633
300.98,-331.39,29.798,-0.73835,2.3326,0.0058369,6.4134e-05,7.9006,-3.6378,0.51689,4.2176,3.8835,0,0.495,0.23823,-0.13634
311.05,-346.46,29.813,-0.61639,2.4223,0.0058162,5.6715e-05,7.4339,-4.7909,0.17891,4.7906,5.385,0,0.495,0.23029,-0.14032
299.43,-330.31,29.835,-0.67967,2.2974,0.0057809,5.6049e-05,6.8785,-4.0689,0.1266,5.162,3.9308,0,0.495,0.23823,-0.14033
303.74,-332.96,29.763,-0.79669,2.3669,0.0059045,7.6145e-05,9.0612,-3.1821,0.9442,3.5695,3.8098,0,0.495,0.23823,-0.13235
259.2,-285.3,29.773,-0.85596,2.2503,0.0058647,7.7626e-05,8.3935,-2.5795,-0.86989,3.5485,3.5622,0,0.495,0.24616,-0.13236
258.37,-284.49,29.808,-0.79916,2.219,0.0058039,6.6131e-05,7.3147,-3.0419,-1.543,4.1888,3.2398,0,0.495,0.24616,-0.13635
195.13,-225.33,29.795,-0.90899,2.1559,0.0058139,7.7809e-05,7.4474,-2.0742,-2.3602,2.5892,4.5851,0,0.495,0.2541,-0.13237
195.47,-223.81,29.826,-0.85412,2.1293,0.0057603,6.7995e-05,6.4477,-2.5358,-3.2425,3.2518,3.8257,0,0.495,0.2541,-0.13636
319.16,-353.63,29.744,-0.73664,2.4972,0.005954,7.8289e-05,9.7712,-3.9272,0.93724,2.917,5.1081,0,0.495,0.23029,-0.13234
258.14,-283.62,29.846,-0.74147,2.1868,0.0057537,5.8648e-05,6.3702,-3.4809,-2.1777,5.0987,2.9481,0,0.495,0.24616,-0.14034
196.47,-222.49,29.859,-0.79812,2.1018,0.0057164,6.2098e-05,5.5867,-2.9742,-4.0703,4.2144,3.1007,0,0.495,0.2541,-0.14035
166.03,-191.54,29.985,-0.7146,1.8829,0.0055848,6.1191e-05,2.9183,-3.3826,-2.7277,4.0549,2.6178,0,0.495,0.2701,-0.15239
171.73,-197.53,29.954,-0.768,1.9055,0.0056011,6.0544e-05,3.2777,-3.0052,-3.158,3.3883,2.8114,0,0.495,0.2701,-0.14839
198.75,-228.43,30.008,-0.75459,1.7896,0.0055772,5.6208e-05,2.8515,-3.1104,1.4091,3.8084,3.8843,0,0.495,0.27834,-0.15247
204.54,-234.03,29.978,-0.80601,1.811,0.0055921,5.5845e-05,3.196,-2.7353,1.002,3.175,3.8739,0,0.495,0.27834,-0.14847
225.21,-259.78,30.011,-0.84124,1.6798,0.005586,5.2354e-05,3.1429,-2.5242,4.4002,3.2621,4.7405,0,0.495,0.28633,-0.14848
200.51,-228.99,29.95,-0.85828,1.8312,0.0056107,5.6865e-05,3.5962,-2.3452,1.1786,2.2407,3.8552,0,0.495,0.27833,-0.14447
222.91,-256.28,30.042,-0.79149,1.6592,0.0055729,5.246e-05,2.8312,-2.8995,4.5157,3.7562,4.7792,0,0.495,0.28633,-0.15247
170.35,-196.65,29.925,-0.82279,1.9271,0.0056218,6.1225e-05,3.7128,-2.6101,-3.0127,2.364,3.0731,0,0.495,0.2701,-0.1444
153.88,-178.97,30.018,-0.66484,1.8594,0.0055718,6.3227e-05,2.6151,-3.744,-1.7502,4.2628,2.4248,0,0.495,0.2701,-0.15638
140.71,-159.44,30.012,-0.62555,1.9306,0.0055879,6.6268e-05,2.8855,-4.0847,-4.1884,5.1947,1.1586,0,0.495,0.26205,-0.15633
154.34,-174.35,29.976,-0.6759,1.9556,0.0056026,6.3351e-05,3.2177,-3.7247,-4.9346,5.1256,1.5972,0,0.495,0.26205,-0.15234
182,-211.21,30.04,-0.70672,1.7673,0.0055651,5.8113e-05,2.5537,-3.4707,2.4085,4.0326,3.8356,0,0.495,0.27834,-0.15646
205.32,-237.02,30.073,-0.74405,1.6385,0.0055618,5.4144e-05,2.5495,-3.2565,5.2891,3.8909,4.7637,0,0.495,0.28633,-0.15646
163.17,-184.87,29.94,-0.73011,1.98,0.0056211,6.1973e-05,3.6164,-3.3476,-5.196,4.5568,2.074,0,0.495,0.26205,-0.14834
166.08,-189.7,29.907,-0.78608,2.0039,0.0056447,6.2108e-05,4.1127,-2.9513,-4.9444,3.5944,2.6796,0,0.495,0.26205,-0.14435
128.36,-152.92,30.118,-0.85955,1.4211,0.005559,6.8278e-05,2.4057,-2.6665,-3.2662,4.6524,2.591,0,0.495,0.30221,-0.15249
197.91,-230.55,30.082,-0.82749,1.5228,0.005567,5.5707e-05,2.6821,-2.7588,2.8115,3.8789,4.7543,0,0.495,0.29427,-0.15248
124.85,-149.03,30.088,-0.90803,1.4402,0.0055682,6.9965e-05,2.6073,-2.3288,-2.4995,4.1781,2.5871,0,0.495,0.30221,-0.1485
194.9,-228.66,30.052,-0.87627,1.5425,0.0055781,5.6201e-05,2.9407,-2.3989,3.1159,3.4856,4.7094,0,0.495,0.29427,-0.14849
58.939,-65.043,30.127,-0.89212,1.3798,0.0055463,8.9509e-05,2.0327,-2.6524,-9.8622,4.408,-1.2701,0,0.495,0.31015,-0.1525
54.647,-58.948,30.157,-0.84267,1.3621,0.0055404,8.9876e-05,1.8993,-2.972,-10.424,4.7379,-1.4593,0,0.495,0.31015,-0.15649
122.81,-147.52,30.148,-0.81012,1.4016,0.0055512,6.9127e-05,2.2193,-2.9949,-3.1351,4.8119,2.72,0,0.495,0.30221,-0.15648
46.883,-49.9,30.188,-0.79517,1.3441,0.0055353,9.5874e-05,1.771,-3.2818,-9.8735,4.5247,-1.4965,0,0.495,0.31015,-0.16048
39.38,-33.804,30.131,-0.8682,1.3742,0.0055269,0.00010012,1.5964,-2.9489,-11.365,3.4845,-2.5688,0,0.495,0.31809,-0.1565
43.328,-41.286,30.105,-0.91665,1.3853,0.0055313,9.9815e-05,1.694,-2.6377,-10.276,2.9554,-2.0145,0,0.495,0.31809,-0.15251
108.09,-132.21,30.178,-0.76364,1.3823,0.0055443,7.3085e-05,2.0397,-3.3119,-2.0284,4.539,2.9742,0,0.495,0.30221,-0.16047
58.809,-67.382,30.098,-0.93935,1.3967,0.0055535,9.3467e-05,2.1796,-2.3237,-8.3724,3.7,-0.90225,0,0.495,0.31015,-0.14851
43.744,-46.017,30.082,-0.9618,1.395,0.0055368,0.0001046,1.8004,-2.3209,-8.2079,2.0366,-1.2999,0,0.495,0.31809,-0.14852
186.54,-217.94,30.112,-0.77922,1.5032,0.0055575,5.6894e-05,2.4417,-3.103,3.3128,3.9618,4.8284,0,0.495,0.29427,-0.15647
161.78,-190.94,30.141,-0.73503,1.4839,0.0055491,6.0055e-05,2.2135,-3.433,4.6113,3.6678,4.9889,0,0.495,0.29427,-0.16046
159.34,-186.62,29.878,-0.93018,1.9668,0.0056816,6.6473e-05,4.9421,-1.758,-1.6135,0.35523,3.5611,0,0.495,0.27009,-0.13638
184.45,-209.51,29.903,-0.95941,1.867,0.005663,6.2005e-05,4.6735,-1.5087,2.4934,0.58882,3.5274,0,0.495,0.27827,-0.13628
165.5,-191.67,29.9,-0.87719,1.9476,0.0056483,6.3088e-05,4.2587,-2.1955,-2.4243,1.2656,3.342,0,0.495,0.2701,-0.1404
192.56,-218.83,29.925,-0.90967,1.85,0.0056339,5.8884e-05,4.0774,-1.9378,1.753,1.3018,3.7623,0,0.495,0.27832,-0.14042
162.09,-189.79,29.852,-0.89696,2.0497,0.0057128,6.7919e-05,5.5114,-2.0995,-3.4301,1.5181,4.0507,0,0.495,0.26205,-0.13636
160.26,-190.01,29.829,-0.95039,2.0711,0.0057596,7.5393e-05,6.4301,-1.6412,-2.5231,0.92859,4.7545,0,0.495,0.26204,-0.13237
155.5,-183.87,29.858,-0.9814,1.9846,0.0057228,7.2503e-05,5.7721,-1.2934,-0.79058,-0.088644,3.738,0,0.495,0.27008,-0.13236
180.61,-204.36,29.883,-1.0073,1.8822,0.0056988,6.6923e-05,5.4058,-1.0548,3.2023,0.3664,3.2065,0,0.495,0.27823,-0.13215
165.42,-190.7,29.878,-0.84206,2.0272,0.0056749,6.3851e-05,4.7397,-2.5358,-4.2984,2.4976,3.3515,0,0.495,0.26205,-0.14036
119.38,-152.94,30.507,0.73249,0.15213,0.0062843,7.6161e-05,10.232,-10.016,-9.0369,-0.45395,-0.012146,0,0.495,0.0631,0.30434
106.91,-135.24,30.511,0.69098,0.14185,0.0062451,8.3e-05,9.8987,-10.058,-6.3949,-0.23239,-0.11788,0,0.495,0.063091,0.30798
147.36,-197.5,30.498,0.59263,0.47977,0.006556,7.2664e-05,13.899,-9.3155,-4.8512,-0.96909,0.42337,0,0.495,0.047206,0.30433
118.75,-149.68,30.479,0.43898,0.57132,0.0064867,7.7425e-05,19.273,-8.8976,2.5689,-1.524,-3.7989,0,0.495,0.031223,0.30432
122.45,-144.01,30.48,0.42773,0.51594,0.0064483,7.7682e-05,18.904,-9.0817,3.8738,-0.78567,-5.2719,0,0.495,0.031215,0.30798
44.135,-59.937,30.527,0.84772,-0.15181,0.0059648,0.0001194,6.2183,-10.61,-8.5359,-0.93708,-0.61859,0,0.495,0.078962,0.30436
31.323,-45.876,30.549,0.80943,-0.22875,0.0059122,0.00014483,5.5117,-10.885,-2.8438,-0.65908,-0.47621,0,0.495,0.094822,0.30438
39.021,-56.42,30.549,0.7867,-0.21606,0.0059067,0.000131,5.4206,-10.915,-2.4036,-0.45064,-0.34359,0,0.495,0.094824,0.30798
24.071,-38.244,30.569,0.79141,-0.30523,0.0058964,0.00013394,5.259,-11.127,-5.3996,-0.42334,0.093484,0,0.495,0.11069,0.30442
43.503,-54.152,30.561,0.7422,-0.49636,0.0057601,0.00010536,3.7058,-11.316,-7.2396,-0.6215,0.50856,0,0.495,0.12662,0.30453
42.515,-55.974,30.56,0.7171,-0.47476,0.0057492,0.00010923,3.5667,-11.329,-5.0888,-0.46956,0.34851,0,0.495,0.12663,0.30798
26.506,-45.296,30.562,0.61437,-0.74884,0.0055813,0.00012905,1.6746,-11.469,-1.2532,-0.26129,-0.52274,0,0.495,0.15862,0.30429
44.664,-55.715,30.554,0.68136,-0.7252,0.0056067,0.00010975,1.9788,-11.506,-5.2431,-0.5594,0.18819,0,0.495,0.1426,0.30447
27.818,-46.619,30.562,0.60377,-0.70974,0.0055774,0.000128,1.6266,-11.445,-1.1672,-0.28983,-0.35272,0,0.495,0.15862,0.30798
23.225,-32.557,30.577,0.55992,-0.75121,0.0055674,0.00014038,1.5192,-11.271,-2.6156,-0.48952,-0.39237,0,0.495,0.17464,0.30465
29.146,-35.468,30.562,0.45616,-0.80597,0.0055309,0.00012952,1.1241,-10.99,-3.5877,-0.96339,0.39619,0,0.495,0.19056,0.30466
27.812,-37.449,30.559,0.44948,-0.78131,0.005528,0.00013169,1.0882,-11.034,-2.5239,-0.76258,0.25836,0,0.495,0.19055,0.30798
18.569,-32.516,30.544,0.30022,-0.90634,0.0054898,0.00015037,0.6705,-10.657,0.41355,-0.43561,-0.50361,0,0.495,0.22237,0.30466
19.096,-33.309,30.543,0.30012,-0.87009,0.0054888,0.00014976,0.65828,-10.672,0.25686,-0.45652,-0.32205,0,0.495,0.22237,0.30798
24.43,-34.817,30.544,0.34906,-0.92161,0.0054938,0.00013736,0.71881,-10.846,-1.6449,-0.7417,0.31501,0,0.495,0.20648,0.30469
17.317,-26.97,30.554,0.2579,-0.8703,0.0054878,0.00015547,0.648,-10.263,0.17973,-0.94225,-0.43247,0,0.495,0.23825,0.30467
13.749,-21.618,30.536,0.16697,-0.84143,0.0054806,0.00016224,0.56902,-9.9175,0.12781,-1.2387,0.49254,0,0.495,0.25413,0.30468
14.163,-23.454,30.533,0.16856,-0.82169,0.0054798,0.00016385,0.5585,-9.9967,0.17047,-0.96978,0.33061,0,0.495,0.25413,0.30798
7.5922,-14.831,30.514,0.072763,-0.86767,0.0054735,0.00020084,0.48844,-9.6902,1.0026,-0.743,0.38961,0,0.495,0.27002,0.30468
9.6923,-17.539,30.514,0.048885,-0.84519,0.005473,0.00020662,0.48083,-9.532,0.8249,-0.45169,-0.41346,0,0.495,0.286,0.30475
10.198,-18.794,30.514,0.053387,-0.8178,0.0054726,0.00020042,0.47534,-9.5763,0.5972,-0.45007,-0.24726,0,0.495,0.28598,0.30798
7.2955,-11.506,30.504,-0.037309,-0.75199,0.0054703,0.0002157,0.44648,-8.9383,1.0233,-1.1196,0.52498,0,0.495,0.31799,0.30471
11.131,-16.134,30.522,0.026889,-0.80599,0.0054728,0.0001959,0.47902,-9.1915,0.71607,-0.87815,-0.24156,0,0.495,0.30195,0.30473
7.7615,-13.367,30.503,-0.031001,-0.73814,0.0054699,0.00021336,0.44152,-9.0279,0.67543,-0.87444,0.37472,0,0.495,0.31799,0.30798
3.2647,-5.7751,30.485,-0.10669,-0.73838,0.0054677,0.0003063,0.41243,-8.7645,1.246,-0.79781,0.30141,0,0.495,0.33391,0.30472
4.9865,-8.7517,30.488,-0.11576,-0.71897,0.0054677,0.00030564,0.40979,-8.6747,0.76605,-0.63336,-0.33593,0,0.495,0.3498,0.30473
5.5199,-10.306,30.488,-0.10922,-0.70002,0.0054674,0.0002821,0.4071,-8.7298,0.56048,-0.54301,-0.19433,0,0.495,0.3498,0.30798
4.7825,-6.2199,30.495,-0.12375,-0.68544,0.0054676,0.00027996,0.40896,-8.4479,1.7062,-0.98749,-0.094669,0,0.495,0.36571,0.30474
2.9364,-3.2292,30.481,-0.15275,-0.61846,0.0054658,0.00033313,0.38706,-8.3039,2.5575,-0.95126,0.37049,0,0.495,0.3816,0.30476
3.4116,-5.4768,30.48,-0.14719,-0.60958,0.0054656,0.00031177,0.3844,-8.379,1.8698,-0.75088,0.25421,0,0.495,0.3816,0.30798
1.6017,-0.68263,30.47,-0.18552,-0.57409,0.005464,0.0005095,0.3642,-8.1888,2.1838,-0.67303,0.099695,0,0.495,0.39747,0.30477
1.6172,-3.1334,30.473,-0.19101,-0.55702,0.005464,0.00052079,0.36262,-8.1353,1.1229,-0.65652,-0.27979,0,0.495,0.41334,0.30478
2.0448,-4.4318,30.473,-0.1873,-0.54585,0.0054639,0.0004538,0.36081,-8.185,0.99975,-0.54577,-0.16834,0,0.495,0.41334,0.30798
1.1829,-0.3613,30.48,-0.19309,-0.53536,0.005464,0.00050796,0.36196,-8.0099,2.3307,-0.84423,0.049608,0,0.495,0.42921,0.30479
1.1804,-0.063258,30.474,-0.19837,-0.51263,0.0054634,0.00050133,0.3554,-7.9783,2.6328,-0.69804,0.20091,0,0.495,0.4357,0.3048
106.95,-131.54,30.452,0.22435,-1.4539,0.005535,7.3945e-05,1.4744,-10.104,1.5804,2.0594,-0.71482,0,0.495,0.22241,0.23272
101.39,-125.08,30.469,0.36163,-1.571,0.0055571,7.5511e-05,1.7711,-10.776,0.11095,2.3742,-0.041025,0,0.495,0.20649,0.23269
75.519,-99.382,30.48,0.25983,-1.3664,0.0055282,8.4954e-05,1.3393,-10.244,3.1909,2.1732,-0.99319,0,0.495,0.2224,0.24072
81.125,-104.67,30.497,0.38102,-1.4774,0.005547,8.2243e-05,1.5966,-10.828,0.99526,1.8541,0.32782,0,0.495,0.20649,0.24075
125.74,-155.09,30.457,0.48577,-1.6624,0.0056339,6.92e-05,3.0088,-11.526,-4.7685,2.536,-0.64539,0,0.495,0.1905,0.22408
116.04,-146.93,30.485,0.51474,-1.5605,0.0056225,6.9918e-05,2.7521,-11.515,-5.4241,3.4555,-0.54245,0,0.495,0.19054,0.23249
117.04,-139.64,30.445,0.33229,-1.6598,0.0055656,7.2526e-05,1.9475,-10.713,-0.069156,2.0905,-0.35513,0,0.495,0.20653,0.22469
121.24,-146.3,30.43,0.18189,-1.539,0.0055401,7.0572e-05,1.5871,-9.9441,1.8298,1.4847,-0.84588,0,0.495,0.22241,0.22468
111.45,-143.04,30.522,0.53468,-1.4484,0.0056083,7.0904e-05,2.4918,-11.469,-5.3446,3.3181,-0.049015,0,0.495,0.19055,0.24067
65.642,-83.419,30.409,-0.18796,-1.1817,0.0054916,9.0468e-05,0.83535,-7.9078,1.7263,1.7535,-3.034,0,0.495,0.286,0.23285
62.986,-76.976,30.38,-0.12248,-1.3326,0.0054935,9.2874e-05,0.85298,-8.3088,-0.068646,2.166,0.086618,0,0.495,0.27011,0.23282
50.469,-68.448,30.444,-0.13252,-1.1328,0.0054891,9.8449e-05,0.78699,-8.1992,2.7942,2.8521,-3.4083,0,0.495,0.286,0.24083
53.412,-66.563,30.414,-0.070934,-1.2772,0.0054908,9.7081e-05,0.80767,-8.5685,-0.61786,2.4283,0.20829,0,0.495,0.27012,0.24081
59.648,-68.394,30.402,-0.068352,-1.4255,0.0055086,9.8322e-05,1.1011,-8.5135,-4.25,1.8205,1.5526,0,0.495,0.25419,0.22476
57.056,-69.668,30.431,-0.025772,-1.3648,0.0055056,9.5948e-05,1.0415,-8.775,-5.0377,2.8057,1.6646,0,0.495,0.25419,0.23276
65.347,-76.968,30.356,-0.16382,-1.3852,0.0054964,9.387e-05,0.90919,-8.0093,1,0.90825,-0.39633,0,0.495,0.27011,0.22482
62.977,-79.009,30.392,-0.2359,-1.2263,0.0054939,9.2513e-05,0.87946,-7.5884,2.8942,0.28024,-3.2803,0,0.495,0.28602,0.22486
52.984,-66.485,30.469,0.028816,-1.2948,0.0055026,9.4261e-05,0.98187,-9.0003,-6.8519,3.3127,1.8173,0,0.495,0.25419,0.24075
49.124,-61.999,30.398,-0.38228,-0.91538,0.0054789,0.00010598,0.6276,-6.9809,0.98967,1.3503,-3.0339,0,0.495,0.34982,0.23289
40.669,-46.879,30.355,-0.35724,-1.0504,0.0054792,0.00011781,0.62253,-7.1054,-1.0868,2.0581,0.51827,0,0.495,0.3339,0.23288
41.495,-55.046,30.434,-0.31967,-0.88731,0.0054778,0.0001093,0.6103,-7.2601,2.2113,3.0845,-3.1715,0,0.495,0.34984,0.24087
35.813,-40.783,30.392,-0.29568,-1.0239,0.005478,0.00011458,0.60849,-7.3807,-2.3385,2.6137,0.70816,0,0.495,0.3339,0.24086
18.83,-21.425,30.393,-0.34206,-1.1069,0.0054861,0.00016472,0.73145,-6.9604,-3.5686,1.09,3.0142,0,0.495,0.31799,0.22488
21.19,-24.608,30.417,-0.31255,-1.0757,0.0054842,0.00014465,0.70442,-7.2835,-5.2255,2.7568,3.1376,0,0.495,0.31798,0.23286
38.16,-41.269,30.337,-0.39349,-1.0794,0.0054811,0.00012591,0.65535,-6.7905,0.65596,-0.11085,-0.059854,0,0.495,0.3339,0.22489
37.591,-45.778,30.39,-0.42526,-0.93776,0.0054805,0.00011792,0.65163,-6.6791,3.2362,-0.78787,-3.5114,0,0.495,0.34982,0.2249
21.575,-22.044,30.459,-0.24783,-1.0379,0.0054826,0.00011943,0.6802,-7.5694,-9.2329,3.6213,3.3819,0,0.495,0.31798,0.24085
36.583,-45.271,30.411,-0.42868,-0.67739,0.0054709,0.0001234,0.49321,-6.8626,1.3865,0.62479,-2.9792,0,0.495,0.41335,0.23294
28.313,-32.366,30.362,-0.44391,-0.79674,0.005471,0.00015722,0.48809,-6.8553,-1.3366,1.5031,0.25279,0,0.495,0.39748,0.23293
26.664,-32.566,30.437,-0.37279,-0.67031,0.0054705,0.00013766,0.49161,-7.0601,3.4473,2.508,-2.9084,0,0.495,0.41335,0.24092
19.848,-21.778,30.393,-0.38458,-0.79256,0.0054704,0.00014577,0.48253,-7.0581,-2.9459,2.2325,0.45834,0,0.495,0.39748,0.24091
4.6506,-5.4782,30.403,-0.44309,-0.82122,0.0054756,0.00032046,0.55376,-6.5821,-1.4743,-0.60063,3.0296,0,0.495,0.3816,0.22493
6.533,-7.0406,30.411,-0.43505,-0.80873,0.0054745,0.00025333,0.54193,-6.8445,-3.7481,1.6789,3.0209,0,0.495,0.3816,0.23292
20.348,-19.068,30.353,-0.47191,-0.80834,0.0054724,0.00017761,0.51223,-6.6151,1.9698,-1.192,-0.1199,0,0.495,0.39748,0.22495
24.758,-24.753,30.412,-0.46451,-0.67256,0.0054719,0.00014159,0.50844,-6.6378,5.1209,-1.2282,-3.3398,0,0.495,0.41336,0.22496
2.8664,-0.7285,30.447,-0.37746,-0.79087,0.0054737,0.0001517,0.53477,-7.0794,-9.7501,3.2309,3.2224,0,0.495,0.3816,0.2409
642.35,-700.18,30.313,0.91037,1.0401,0.010308,5.9471e-05,30.289,-6.7519,1.6652,5.8171,-0.98888,0,0.495,0.031262,0.26432
881.93,-589.49,30.215,0.56996,1.3108,0.012561,5.2127e-05,53.501,-5.9021,46.466,6.7412,-8.7367,0,0.495,0.015378,0.26431
389.81,-434.19,30.365,0.79047,0.93616,0.0078693,5.8809e-05,24.823,-7.2882,-0.42808,3.3659,-1.0461,0,0.495,0.031253,0.27233
697.99,-500.88,30.276,0.49033,1.1206,0.0084726,4.2888e-05,45.043,-6.6154,38.817,3.1999,-10.933,0,0.495,0.015368,0.27231
1383,-834.09,30.096,0.68792,1.543,0.027308,8.894e-05,75.423,-5.1717,54.562,15.241,-5.1006,0,0.495,0.015388,0.25631
1614.7,-461.61,30.018,0.55712,1.6255,0.028459,6.8356e-05,98.05,-5.3246,114.44,16.714,-5.4375,0,0.495,0,0.2563
1034.5,-404.28,30.145,0.45665,1.3465,0.012857,3.7512e-05,69.534,-6.1156,95.258,7.0508,-13.595,0,0.495,0,0.2643
1037.2,-1119.8,30.218,1.1037,1.1707,0.019264,8.3727e-05,43.9,-6.2527,0.91867,10.747,-2.2087,0,0.495,0.031272,0.25632
896.73,-489.08,30.21,0.39756,1.1181,0.008527,2.8514e-05,58.78,-6.8476,78.553,3.5138,-17.947,0,0.495,0,0.27231
204.36,-234.68,30.5,1.225,-0.41854,0.0061552,6.7145e-05,8.7706,-11.37,3.6413,3.4067,0.082591,0,0.495,0.094855,0.26442
400.11,-432.74,30.466,1.2588,-0.18475,0.0063111,5.1369e-05,10.369,-10.514,-4.9064,2.3959,-1.9781,0,0.495,0.078988,0.26438
84.089,-97.677,30.53,1.1677,-0.37485,0.0061277,9.466e-05,8.2364,-11.178,-3.717,3.524,-0.59873,0,0.495,0.09485,0.27241
166.76,-173.49,30.488,1.1934,-0.17491,0.0062514,7.0637e-05,9.558,-10.45,-13.673,2.1879,-2.3666,0,0.495,0.078983,0.27237
937.73,-994.15,30.336,1.4266,0.31076,0.0083182,4.334e-05,25.481,-9.4282,-0.0011058,4.6801,-2.3796,0,0.495,0.063134,0.25635
610.98,-633.86,30.379,1.1857,0.30301,0.0070589,4.3877e-05,16.451,-9.4041,-8.4409,3.1304,-1.6073,0,0.495,0.063129,0.26435
676.18,-733.95,30.436,1.4786,-0.2017,0.0069062,4.3146e-05,17.258,-10.668,3.0788,3.3595,-2.4782,0,0.495,0.078993,0.25638
377.31,-421.98,30.478,1.419,-0.47823,0.0064711,5.0172e-05,13.235,-11.633,9.4965,2.8217,-0.36742,0,0.495,0.094859,0.25642
293.63,-296.66,30.406,1.0949,0.28499,0.0067707,5.3496e-05,13.938,-9.4871,-18.245,2.6953,-1.6546,0,0.495,0.063123,0.27235
48.554,-71.668,30.526,0.77063,-1.0822,0.0056573,0.00010107,2.7368,-12.082,1.3091,2.4352,-1.1009,0,0.495,0.15862,0.26431
84.618,-109.24,30.526,0.87788,-1.0374,0.0057074,8.4131e-05,3.3836,-12.157,-4.2823,2.1621,0.17952,0,0.495,0.14264,0.26432
43.196,-62.864,30.556,0.7739,-1.014,0.0056518,0.0001076,2.6354,-11.896,-0.30474,2.9812,-1.102,0,0.495,0.15862,0.27232
51.137,-69.016,30.556,0.88006,-0.969,0.0057011,9.2298e-05,3.2522,-11.972,-7.9736,2.6827,0.27857,0,0.495,0.14256,0.27265
315.57,-367.04,30.516,1.0987,-0.89383,0.0060075,5.0089e-05,7.7407,-12.386,0.68633,0.46745,-0.57196,0,0.495,0.12666,0.25656
167.59,-195.56,30.525,0.99216,-0.79873,0.0059258,6.596e-05,6.1427,-12.103,-7.5359,3.0576,0.08118,0,0.495,0.12666,0.26456
165.28,-204.42,30.522,0.95123,-1.1197,0.0057674,6.5003e-05,4.4417,-12.39,2.6615,-0.63587,-0.28039,0,0.495,0.14266,0.25631
84.214,-114.9,30.521,0.817,-1.161,0.0056905,8.1674e-05,3.3586,-12.265,5.5062,-0.23674,-1.1575,0,0.495,0.15862,0.25626
78.058,-92.51,30.56,0.98547,-0.72596,0.0059182,7.7704e-05,5.875,-11.869,-13.07,3.5586,0.27447,0,0.495,0.12664,0.27255
32.812,-48.367,30.506,0.2814,-1.172,0.00551,0.00012004,0.96503,-10.487,0.9834,1.6617,-1.6656,0,0.495,0.22241,0.26468
59.928,-78.119,30.516,0.37146,-1.2272,0.0055191,9.602e-05,1.0972,-10.885,-2.1197,2.0923,1.0601,0,0.495,0.20649,0.26473
33.493,-48.401,30.531,0.30885,-1.1186,0.0055083,0.0001204,0.93821,-10.528,0.84154,1.8859,-1.3182,0,0.495,0.22241,0.27267
50.259,-67.596,30.545,0.39775,-1.157,0.005517,9.9991e-05,1.0584,-10.878,-3.6889,2.0929,1.2112,0,0.495,0.20649,0.27272
106.3,-132.53,30.543,0.52936,-1.2498,0.0055879,7.4554e-05,2.039,-11.344,-2.8601,0.25087,0.44599,0,0.495,0.19055,0.25669
84.123,-106.12,30.555,0.51828,-1.1566,0.0055814,8.0955e-05,1.8711,-11.266,-4.7995,2.333,0.62089,0,0.495,0.19055,0.26468
71.975,-93.603,30.504,0.37152,-1.3069,0.0055266,8.8956e-05,1.2406,-10.887,1.5442,-0.27448,0.71968,0,0.495,0.20648,0.25674
31.869,-49.381,30.497,0.26597,-1.2294,0.0055148,0.00011623,1.0641,-10.427,3.868,-0.19678,-1.8349,0,0.495,0.22241,0.2567
68.775,-88.738,30.584,0.5318,-1.0719,0.0055779,8.647e-05,1.8054,-11.187,-5.7107,2.2566,0.68879,0,0.495,0.19055,0.27268
24.952,-35.843,30.472,-0.043016,-1.0205,0.0054805,0.00014208,0.60464,-8.8553,-0.039685,0.2858,-1.7023,0,0.495,0.28602,0.26478
46.757,-57.202,30.474,0.017542,-1.093,0.0054814,0.00011197,0.62846,-9.1633,-0.67774,2.1458,1.4556,0,0.495,0.27012,0.26476
19.372,-28.774,30.489,-0.01489,-0.98659,0.0054799,0.0001588,0.59195,-9.014,1.0572,0.81897,-1.1517,0,0.495,0.28602,0.27276
36.793,-45.202,30.499,0.04221,-1.0427,0.0054808,0.00012478,0.61162,-9.3005,-1.0712,1.4045,1.5897,0,0.495,0.27012,0.27275
52.069,-62.191,30.516,0.11638,-1.165,0.0054967,0.00011033,0.83868,-9.3519,-2.4068,1.0531,1.8869,0,0.495,0.2542,0.25676
46.67,-56.47,30.534,0.12887,-1.1003,0.0054944,0.00011333,0.78307,-9.485,-1.1409,1.6644,1.5658,0,0.495,0.2542,0.26475
56.394,-69.897,30.451,-0.0085185,-1.155,0.0054842,9.9003e-05,0.68784,-9.005,0.39999,1.0723,0.8735,0,0.495,0.27012,0.25678
29.189,-39.594,30.471,-0.086023,-1.0542,0.005483,0.00012951,0.65806,-8.6623,1.8006,-1.2013,-2.9416,0,0.495,0.28601,0.2568
42.692,-52.145,30.555,0.14322,-1.0401,0.0054934,0.00011539,0.76613,-9.595,-1.5762,0.97459,1.4223,0,0.495,0.2542,0.27273
20.312,-28.025,30.452,-0.2227,-0.82042,0.005472,0.000163,0.48814,-7.9249,-0.62138,-0.54263,-1.7534,0,0.495,0.34984,0.26481
31.776,-38.607,30.439,-0.17673,-0.88836,0.0054721,0.00013809,0.49685,-8.0677,0.47041,1.6532,0.97493,0,0.495,0.3339,0.26481
9.7562,-15.585,30.464,-0.19915,-0.79918,0.0054717,0.00021599,0.47667,-8.098,1.4138,0.55652,-1.1131,0,0.495,0.34984,0.2728
18.355,-23.241,30.462,-0.16602,-0.85462,0.0054717,0.0001719,0.48269,-8.2408,1.2859,1.3527,1.0649,0,0.495,0.33391,0.27279
29.365,-30.079,30.49,-0.11121,-0.96306,0.0054781,0.00016772,0.58608,-8.0357,-3.2805,-1.1815,3.0066,0,0.495,0.31798,0.25681
22.052,-25.575,30.492,-0.095612,-0.92199,0.0054761,0.00018239,0.54272,-8.2323,1.2935,0.12122,1.8499,0,0.495,0.31798,0.2648
44.49,-52.48,30.421,-0.20934,-0.93872,0.0054741,0.00011027,0.54084,-7.8802,-0.44306,0.17862,0.76815,0,0.495,0.3339,0.25682
27.745,-34.482,30.459,-0.27398,-0.84211,0.0054739,0.00013466,0.53036,-7.7222,1.0897,-1.9573,-3.0403,0,0.495,0.34984,0.25683
17.576,-21.833,30.506,-0.099958,-0.88392,0.0054757,0.00017729,0.53397,-8.4,1.6407,0.47971,1.3938,0,0.495,0.31799,0.27278
20.867,-25.912,30.451,-0.34776,-0.6249,0.0054666,0.00017004,0.41106,-7.5401,-0.042074,-0.46285,-1.5897,0,0.495,0.41335,0.26487
25.4,-30.984,30.429,-0.29197,-0.68621,0.0054667,0.0001544,0.41732,-7.6037,1.3135,1.5904,0.36782,0,0.495,0.39747,0.26486
10.969,-16.297,30.461,-0.31588,-0.60333,0.0054664,0.00021768,0.40515,-7.679,-0.010132,0.41179,-0.89036,0,0.495,0.41335,0.27285
12.166,-16.861,30.451,-0.28495,-0.65587,0.0054665,0.00019965,0.40768,-7.7496,1.6918,1.3062,0.46072,0,0.495,0.39747,0.27284
16.324,-17.325,30.47,-0.23133,-0.75169,0.0054707,0.00019193,0.47833,-7.4725,-3.1137,-1.5422,3.0675,0,0.495,0.3816,0.25686
11.911,-13.968,30.466,-0.22375,-0.72342,0.0054692,0.00024793,0.44484,-7.6449,2.5739,-0.26892,1.6314,0,0.495,0.3816,0.26484
30.287,-35.641,30.414,-0.31346,-0.73471,0.005468,0.00012745,0.44563,-7.4641,0.49429,0.14919,0.36735,0,0.495,0.39748,0.25688
17.09,-14.782,30.457,-0.3793,-0.64768,0.0054681,0.00017386,0.44223,-7.3922,4.5851,-1.5871,-2.9395,0,0.495,0.41335,0.25689
8.6396,-10.856,30.478,-0.2359,-0.69601,0.0054689,0.00024594,0.43886,-7.7998,2.7061,0.47803,1.0657,0,0.495,0.3816,0.27283
8.5151,-10.11,30.383,-0.66274,-0.53595,0.0054753,0.00021418,0.56007,-5.3131,-4.2292,1.0961,3.0193,0,0.495,0.44184,0.16822
7.0927,-7.4781,30.373,-0.69251,-0.52465,0.0054759,0.00026619,0.55831,-5.0795,-1.4044,-0.039841,2.6169,0,0.495,0.44184,0.16021
25.284,-31.443,30.414,-0.68792,-0.54866,0.0054795,0.00015445,0.65108,-5.1559,-1.5509,1.2096,0.33833,0,0.495,0.42963,0.1683
16.923,-19.924,30.397,-0.72506,-0.54158,0.0054799,0.00019959,0.63807,-4.8953,1.8585,0.70401,0.033338,0,0.495,0.42965,0.16024
4.5494,-6.2318,30.405,-0.61062,-0.54212,0.0054747,0.00023234,0.5493,-5.5409,-4.6322,1.105,2.8627,0,0.495,0.44184,0.17628
21.006,-25.62,30.434,-0.62888,-0.55227,0.0054787,0.00017487,0.63339,-5.4096,-1.0864,0.58697,0.010588,0,0.495,0.4296,0.17648
11.912,-15.547,30.43,-0.59772,-0.56117,0.0054758,0.00024341,0.57176,-5.8817,2.4118,-1.6525,0.13508,0,0.495,0.4295,0.19283
1.7363,-2.2292,30.407,-0.5667,-0.55069,0.0054724,0.00033151,0.50083,-5.9665,-1.4414,-1.3547,2.4285,0,0.495,0.44184,0.19241
9.4971,-11.67,30.44,-0.60085,-0.55583,0.005477,0.0002362,0.5879,-5.6546,2.503,-1.195,-0.19753,0,0.495,0.42955,0.18471
0.27087,-0.25363,30.415,-0.57697,-0.54446,0.0054735,0.00031847,0.51893,-5.7587,-2.2056,-0.72974,2.5462,0,0.495,0.44184,0.18436
-5731.6,-7499.6,25.627,2.9345,1.5527,3.6057,0.0022099,1030.5,-6.005,15.816,435.97,-189.45,0,0.495,0.031323,0.2163
32853,-9391.6,21.915,2.108,2.4663,3.8126,0.0015384,1116.7,-2.285,105.79,653.08,153.03,0,0.495,0.015441,0.21628
45317,-3413.5,25.06,1.229,2.8773,1.5146,0.00073171,692.18,-1.871,198.65,500.15,256.21,0,0.495,0,0.22429
21561,-5341.9,26.164,1.6367,2.5153,1.6963,0.0010928,690.75,-2.4628,108.59,405.26,70.667,0,0.495,0.015431,0.2243
70431,-9210.9,19.882,1.5631,2.918,3.1704,0.00098783,1010.3,-1.3141,196.72,747.84,531.96,0,0.495,0,0.21627
-1363.2,-5724.1,28.128,2.3577,1.7015,1.4136,0.0013768,552.84,-5.2748,15.115,231.26,-92.458,0,0.495,0.031315,0.22431
-4584.5,-4545,28.216,3.187,0.73074,1.9175,0.0021304,638.73,-10.503,15.91,227.11,-113.87,0,0.495,0.047297,0.21632
1305.1,-2598.8,29.966,2.5377,0.16548,0.1961,0.000538,145.88,-11.531,8.5254,40.516,-21.106,0,0.495,0.063174,0.22433
-553.75,-3151.4,29.519,3.0153,-0.011443,0.68743,0.0014638,313.97,-13.074,11.91,96.277,-51.942,0,0.495,0.063199,0.2163
207.39,-3644.9,29.378,2.6537,0.90728,0.63275,0.0010417,310.14,-9.0978,11.838,105.11,-50.056,0,0.495,0.047281,0.22432
1454.5,-2133.5,30.057,2.7192,-0.65837,0.18087,0.00068026,133.43,-14.477,5.8271,34.715,-20.175,0,0.495,0.079081,0.21628
1334.9,-1415.6,30.271,2.3441,-1.1225,0.042017,0.00024485,58.129,-15.175,4.9766,12.802,-8.0082,0,0.495,0.094941,0.21631
1416,-1680.9,30.227,2.3574,-0.4775,0.04801,0.00021357,67.005,-13.105,4.6522,16.619,-8.4545,0,0.495,0.079062,0.2243
992.79,-1074.9,30.337,2.0859,-0.91611,0.014902,0.00010416,36.153,-14.082,5.0026,7.9139,-3.5601,0,0.495,0.094925,0.22433
956.52,-1044,30.368,1.9354,-1.4082,0.012681,9.8637e-05,30.229,-15.266,2.8297,6.6538,-3.7868,0,0.495,0.1108,0.21635
467.94,-532.38,30.439,1.4458,-1.4304,0.0066433,5.6351e-05,14.97,-14.255,-3.8782,4.0093,-1.9052,0,0.495,0.12667,0.22439
627.48,-705.92,30.414,1.537,-1.6251,0.0073732,6.2552e-05,18.355,-14.949,-0.50654,5.0171,-2.4679,0,0.495,0.12667,0.21636
694.06,-764.46,30.4,1.7712,-1.1931,0.0081179,6.7422e-05,22.459,-14.38,0.67497,4.8695,-2.3002,0,0.495,0.1108,0.22437
376.19,-440.5,30.443,1.2281,-1.7724,0.0062844,5.3071e-05,11.725,-14.375,0.081497,4.1959,-1.8728,0,0.495,0.14258,0.21621
289.21,-351.01,30.448,0.95693,-1.7967,0.00594,5.0321e-05,7.7883,-13.603,2.606,2.5884,-1.4792,0,0.495,0.15858,0.21602
302.43,-351.99,30.465,1.1809,-1.6074,0.0061123,5.3281e-05,9.6974,-13.855,-1.9439,3.4072,-1.1413,0,0.495,0.14259,0.22425
240.55,-288.34,30.461,0.93298,-1.6385,0.0058783,5.4285e-05,6.6497,-13.269,1.1849,2.384,-0.8413,0,0.495,0.15858,0.22406
242.31,-292.28,30.447,0.68371,-1.7684,0.0057559,5.2136e-05,5.147,-12.61,0.16063,2.14,-1.0439,0,0.495,0.17459,0.21605
150.31,-188.55,30.434,0.45972,-1.7774,0.0056498,6.5012e-05,3.4105,-11.58,-2.6423,2.1858,-0.63652,0,0.495,0.1905,0.21603
193.9,-230.72,30.462,0.68765,-1.6265,0.0057242,5.8317e-05,4.4271,-12.427,-2.2137,2.1761,-0.9772,0,0.495,0.17459,0.22412
127.14,-156.31,30.421,0.30284,-1.7567,0.0055778,6.9299e-05,2.2229,-10.647,0.74637,1.7272,-0.63972,0,0.495,0.20654,0.21663
129.73,-159.95,30.41,0.14215,-1.6339,0.0055466,6.7462e-05,1.7499,-9.7819,2.8834,0.96929,-1.0453,0,0.495,0.22243,0.2167
90.911,-114.26,30.412,-0.0065645,-1.5193,0.0055274,7.9458e-05,1.4522,-8.9629,-0.76206,0.85385,-0.20393,0,0.495,0.23831,0.21673
62.412,-75.199,30.378,-0.12029,-1.4904,0.0055134,9.6337e-05,1.2108,-8.252,-3.6366,0.58261,1.3055,0,0.495,0.25419,0.21675
84.033,-103.25,30.434,0.040134,-1.4383,0.005522,8.5354e-05,1.3262,-9.1792,-2.2235,1.5544,-0.19495,0,0.495,0.23829,0.22471
63.668,-78.049,30.34,-0.2064,-1.4403,0.0055012,9.4988e-05,1.011,-7.6983,1.4799,-0.63821,-0.80458,0,0.495,0.27012,0.21682
64.673,-83.437,30.379,-0.28126,-1.2741,0.0054978,9.0221e-05,0.96243,-7.2558,3.6292,-0.51464,-3.2615,0,0.495,0.28605,0.21685
34.654,-45.997,30.426,-0.34933,-1.1441,0.005495,0.00013009,0.90036,-6.9003,-1.7405,0.26025,-0.27317,0,0.495,0.30208,0.21686
20.26,-22.186,30.376,-0.38394,-1.1389,0.0054895,0.00015574,0.79615,-6.6425,-4.7077,-0.17556,2.6707,0,0.495,0.31803,0.21687
32.477,-44.544,30.443,-0.30282,-1.1075,0.0054915,0.00014131,0.83482,-7.2214,-1.744,0.74718,-0.4447,0,0.495,0.30198,0.22487
38.082,-42.323,30.333,-0.43191,-1.1095,0.0054845,0.00012575,0.72671,-6.4695,0.43887,-1.8138,-0.50984,0,0.495,0.33392,0.21689
37.744,-47.565,30.389,-0.46021,-0.95774,0.0054834,0.0001156,0.71433,-6.3803,3.873,-1.3271,-3.4708,0,0.495,0.34983,0.21691
12.841,-19.736,30.444,-0.4701,-0.83325,0.0054817,0.00022542,0.66331,-6.3455,-0.43619,-0.36326,-0.36933,0,0.495,0.36573,0.21692
5.2269,-4.5963,30.403,-0.46519,-0.8376,0.0054777,0.00027739,0.58738,-6.3401,-3.5469,-1.2251,2.6823,0,0.495,0.3816,0.21694
12.566,-20.05,30.449,-0.44384,-0.82138,0.0054794,0.00027241,0.62432,-6.6055,0.53014,-0.64675,-0.36748,0,0.495,0.36572,0.22492
25.176,-31.202,30.428,-0.57102,-0.56219,0.0054752,0.00018223,0.58105,-6.1,-2.4769,-0.012226,0.4329,0,0.495,0.42945,0.20088
22.27,-26.845,30.444,-0.49827,-0.55496,0.0054737,0.00014911,0.54713,-6.3178,-5.2481,1.1879,0.12774,0,0.495,0.4294,0.20891
5.7694,-7.4587,30.406,-0.54577,-0.55976,0.0054717,0.00025257,0.50258,-6.1708,-4.4082,0.29887,2.3314,0,0.495,0.44184,0.20046
4.4011,-2.7773,30.424,-0.49123,-0.56438,0.0054709,0.00022029,0.49039,-6.3538,-7.185,1.0389,2.1345,0,0.495,0.44184,0.20858
17.662,-17.658,30.415,-0.47325,-0.66367,0.0054737,0.00014363,0.54281,-6.4436,6.6132,-0.90754,-2.8665,0,0.495,0.41337,0.21697
11.252,-7.0248,30.362,-0.48711,-0.82335,0.0054747,0.00018913,0.55697,-6.3722,3.435,-2.4409,-0.18312,0,0.495,0.39748,0.21696
11.059,-12.56,30.461,-0.43634,-0.54942,0.0054721,0.00021174,0.50076,-6.5198,-1.5933,0.65848,-0.22164,0,0.495,0.42933,0.21695
10.389,-12.132,30.467,-0.41973,-0.55637,0.0054712,0.00024164,0.48845,-6.6882,2.8349,-0.58982,-0.37194,0,0.495,0.42928,0.22496
5.336,-4.8912,30.437,-0.39856,-0.54167,0.0054689,0.0002774,0.45278,-6.7142,-1.1878,-0.45341,2.1263,0,0.495,0.44184,0.22487
3.5657,-0.57322,30.435,-0.43225,-0.55694,0.00547,0.00025045,0.46877,-6.5429,-5.8866,0.056759,2.1515,0,0.495,0.44184,0.21676
1883.5,-3820,29.336,1.8788,1.6516,0.48014,0.00077377,266.95,-5.1629,6.1352,104.28,-37.941,0,0.495,0.031302,0.23232
2246.5,-2358.1,29.845,1.5392,1.5052,0.15223,0.00038326,128.58,-5.3903,-2.0209,42.537,-14.217,0,0.495,0.031291,0.24032
1939.4,-2523.7,29.881,2.2236,0.94212,0.18477,0.0004523,143.29,-8.3555,2.7896,43.251,-18.961,0,0.495,0.047271,0.23233
1676.2,-1688.7,30.082,1.9029,0.90532,0.055715,0.00019167,74.775,-8.0564,-1.7514,17.721,-6.9232,0,0.495,0.047264,0.24033
1619.2,-1737,30.142,2.1806,0.24943,0.055315,0.00019941,73.561,-10.563,-3.042,16.33,-8.3592,0,0.495,0.063156,0.23235
1189.4,-1224.4,30.224,1.9221,0.2972,0.021441,9.9544e-05,47.393,-9.9784,-6.4032,8.7159,-4.4646,0,0.495,0.063146,0.24035
5592.4,-2024.8,29.455,1.0037,2.1031,0.22563,0.00041147,216.53,-3.7003,76.598,84.629,9.5872,0,0.495,0.015409,0.24031
1506.3,-1578.6,30.081,1.3068,1.3327,0.048623,0.00016945,69.19,-5.7833,-3.5274,19.216,-5.4218,0,0.495,0.031281,0.24832
2548.7,-1275.1,29.889,0.82796,1.8173,0.074614,0.00019277,121.77,-4.4432,63.51,34.264,0.28847,0,0.495,0.015399,0.24831
3396.7,-788.59,29.783,0.68188,1.9579,0.077816,0.00014979,157.29,-4.5015,134.7,41.296,8.5894,0,0.495,0,0.2483
8644.8,-1287.9,29.249,0.82168,2.3157,0.2276,0.00031029,265.65,-3.6164,156.35,107.63,37.79,0,0.495,0,0.2403
1221.7,-1278.6,30.189,1.6436,0.84123,0.019829,8.5627e-05,47.404,-7.9926,0.30806,9.733,-2.451,0,0.495,0.047258,0.24833
1039.7,-1081.7,30.288,1.683,0.30787,0.011061,5.6981e-05,34.966,-9.6028,-2.886,6.3152,-3.3244,0,0.495,0.06314,0.24835
957.53,-1026.9,30.267,1.3823,0.78516,0.010922,5.328e-05,33.314,-8.0807,5.2737,7.182,-0.1906,0,0.495,0.047251,0.25633
639.89,-697.63,30.375,1.9015,-0.77669,0.0090944,7.3955e-05,26.739,-13.219,0.055744,6.2694,-1.9972,0,0.495,0.09489,0.23239
479.37,-531.82,30.421,1.7486,-0.6501,0.0076977,6.4576e-05,21.878,-12.557,-0.85827,6.1197,-1.7633,0,0.495,0.094871,0.24042
467.74,-521,30.424,1.6638,-1.0397,0.0071091,6.0729e-05,18.484,-13.654,-2.6679,5.1431,-1.8643,0,0.495,0.11078,0.23246
381.81,-437.47,30.466,1.558,-0.8915,0.0067108,5.6878e-05,15.738,-13.072,-1.964,5.1336,-1.6376,0,0.495,0.11078,0.2405
362.73,-410.52,30.463,1.3914,-1.2817,0.0064302,5.5373e-05,12.926,-13.653,-5.5591,4.6512,-1.8367,0,0.495,0.12667,0.23249
329.66,-383.5,30.502,1.3188,-1.1332,0.0062569,5.3152e-05,11.122,-13.158,-3.812,4.3588,-1.5512,0,0.495,0.12667,0.24055
788.88,-839.82,30.351,1.8979,-0.28488,0.010353,6.9055e-05,30.82,-11.5,-5.3643,6.3678,-3.5935,0,0.495,0.079006,0.24038
413.65,-461.56,30.46,1.6081,-0.55554,0.0068406,5.4554e-05,17.833,-12.018,3.5105,4.1408,-1.2185,0,0.495,0.094864,0.24842
728.04,-776.15,30.402,1.7059,-0.23351,0.0077389,5.0288e-05,24.344,-10.987,-1.0265,5.1008,-3.1553,0,0.495,0.078998,0.24838
368.42,-421.44,30.492,1.4506,-0.77434,0.0064079,5.1018e-05,13.338,-12.581,2.4216,2.4159,-1.1917,0,0.495,0.11078,0.24851
340.21,-387.86,30.523,1.2318,-1.0118,0.0061086,4.9907e-05,9.4547,-12.712,-0.1794,1.2747,-1.2093,0,0.495,0.12667,0.24857
341.25,-398.02,30.494,1.2888,-0.65957,0.0062493,4.9244e-05,10.876,-12.226,6.5811,1.6548,-0.40993,0,0.495,0.11077,0.25651
203.96,-245.68,30.482,0.92966,-1.5057,0.0058367,5.7395e-05,5.8256,-12.981,-0.049639,3.6484,-0.59593,0,0.495,0.15859,0.23221
161.87,-205.92,30.516,0.9174,-1.3705,0.0057845,6.2427e-05,4.9765,-12.711,1.6273,3.5832,-0.70542,0,0.495,0.15861,0.24018
166.54,-203.19,30.483,0.70567,-1.5072,0.0057029,6.0897e-05,3.9516,-12.246,-3.9142,3.6064,-0.97487,0,0.495,0.17457,0.23198
142.63,-181.78,30.522,0.71967,-1.3787,0.0056796,6.4291e-05,3.5157,-12.097,-3.3388,3.9437,-0.98213,0,0.495,0.17455,0.23988
210.64,-256.92,30.522,1.1155,-1.3344,0.0059341,5.7677e-05,7.0217,-13.005,-0.70126,3.3489,-0.71657,0,0.495,0.14266,0.24024
122.62,-156.42,30.534,0.88324,-1.2596,0.005735,6.9305e-05,4.1499,-12.46,4.8671,0.61198,-1.0065,0,0.495,0.15861,0.24829
197.73,-236.02,30.537,1.0522,-1.2229,0.0058473,5.9401e-05,5.7532,-12.648,2.6528,0.1697,-0.6219,0,0.495,0.14266,0.24828
115.93,-146.12,30.548,0.71711,-1.2713,0.0056599,7.1306e-05,3.1048,-11.949,-0.93234,1.256,-1.1973,0,0.495,0.17456,0.2479
111.77,-136.44,30.545,0.54506,-1.3495,0.0055959,7.29e-05,2.2399,-11.39,-3.8702,0.86141,0.27062,0,0.495,0.19055,0.24869
89.774,-119.76,30.543,0.68706,-1.172,0.0056486,8.0649e-05,2.7983,-11.852,0.23169,0.27835,-1.4117,0,0.495,0.17456,0.25591
81.548,-103.03,30.457,0.086147,-1.366,0.0055185,8.464e-05,1.2529,-9.3992,-3.4035,2.4847,-0.27428,0,0.495,0.23829,0.23273
65.295,-87.711,30.494,0.13943,-1.2837,0.0055149,8.8494e-05,1.1664,-9.595,-3.6522,3.3568,-0.58063,0,0.495,0.23829,0.24072
43.694,-62.013,30.5,0.27078,-1.2952,0.0055214,0.00010257,1.199,-10.333,5.2313,0.3493,-1.5646,0,0.495,0.22241,0.24871
74.56,-94.411,30.51,0.38596,-1.3954,0.0055369,8.6021e-05,1.4213,-10.849,2.2883,-0.23458,0.50408,0,0.495,0.20648,0.24875
38.638,-53.021,30.527,0.18049,-1.2171,0.0055115,0.00011237,1.0659,-9.7253,-1.6909,1.8078,-1.0525,0,0.495,0.23829,0.24871
52.782,-61.448,30.502,0.086757,-1.2316,0.0054996,0.00010294,0.91208,-9.1743,-5.7255,1.8437,1.996,0,0.495,0.2542,0.24877
27.241,-40.021,30.535,0.1983,-1.163,0.005509,0.00013002,0.98052,-9.8603,-0.27777,0.47527,-1.4958,0,0.495,0.23829,0.2567
39.51,-52.359,30.461,-0.26136,-1.0717,0.0054895,0.00012351,0.80544,-7.5459,-3.3285,2.3936,-0.58355,0,0.495,0.30194,0.23286
33.299,-44.327,30.504,-0.19641,-1.0245,0.0054874,0.00010853,0.763,-7.8464,-4.8796,4.0547,-0.84432,0,0.495,0.30193,0.24085
31.116,-42.891,30.475,-0.10585,-1.0917,0.0054863,0.00011846,0.72732,-8.4368,4.4919,0.51366,-3.9066,0,0.495,0.28601,0.24882
53.019,-64.197,30.44,-0.031467,-1.2242,0.0054879,9.869e-05,0.75705,-8.7897,0.47122,1.0581,0.25137,0,0.495,0.27012,0.24879
17.042,-18.961,30.545,-0.13585,-0.98842,0.0054851,0.00014671,0.7015,-8.0708,-3.6084,0.57832,-1.0288,0,0.495,0.30193,0.24883
25.355,-22.635,30.494,-0.16476,-1.0032,0.0054807,0.00013492,0.64183,-7.8026,-8.7463,0.78908,3.7482,0,0.495,0.31798,0.24883
13.09,-13.506,30.529,-0.094339,-0.97231,0.0054823,0.00019035,0.63411,-8.2918,-1.773,-3.0262,-1.0727,0,0.495,0.30193,0.25681
24.553,-32.754,30.452,-0.41999,-0.80832,0.0054782,0.00020573,0.61529,-6.8879,-2.106,1.3452,-0.30952,0,0.495,0.36572,0.2329
20.588,-28.055,30.489,-0.35675,-0.77724,0.0054772,0.00012438,0.60059,-7.1578,-4.901,3.9828,-0.36838,0,0.495,0.36573,0.24088
26.117,-33.452,30.467,-0.29394,-0.86341,0.0054763,0.00012955,0.57969,-7.4949,4.6221,0.46692,-3.7674,0,0.495,0.34984,0.24885
37.391,-41.484,30.418,-0.24439,-0.99452,0.0054765,0.00011248,0.58674,-7.635,-1.0186,0.5091,0.65215,0,0.495,0.3339,0.24884
7.9731,-9.0491,30.532,-0.29345,-0.75626,0.0054759,0.00014966,0.56804,-7.351,-3.9287,0.79353,-0.37653,0,0.495,0.36573,0.24886
5.99,-3.1444,30.477,-0.28713,-0.7754,0.0054726,0.00014708,0.51695,-7.2752,-10.008,0.60266,3.8213,0,0.495,0.3816,0.24888
9.2768,-9.2642,30.514,-0.24992,-0.76198,0.0054736,0.00020605,0.51624,-7.5477,-1.9282,-3.5899,-0.47767,0,0.495,0.36573,0.25685
15.243,-20.193,30.463,-0.41406,-0.57003,0.0054705,0.00020301,0.48456,-6.8843,1.7297,0.44869,-0.52634,0,0.495,0.42925,0.23295
14.577,-17.744,30.488,-0.37798,-0.55753,0.0054704,0.00017523,0.49019,-7.0728,0.19614,3.0323,-0.46743,0,0.495,0.42924,0.24093
6.7929,-7.6453,30.439,-0.39741,-0.54542,0.005468,0.00029605,0.44026,-6.8845,0.93955,0.81745,1.6209,0,0.495,0.44184,0.23288
8.5895,-9.1403,30.461,-0.38395,-0.53958,0.0054679,0.00025613,0.44211,-7.0576,-1.7668,2.435,1.7585,0,0.495,0.44184,0.24088
9.9249,-5.0291,30.464,-0.36562,-0.66345,0.0054699,0.00017349,0.47934,-7.2267,7.9826,0.41712,-3.5346,0,0.495,0.41335,0.24891
16.656,-17.18,30.413,-0.3363,-0.78331,0.0054696,0.00014101,0.47228,-7.266,-0.93318,0.21301,0.43131,0,0.495,0.39748,0.24889
5.9999,-0.65944,30.523,-0.34906,-0.54264,0.00547,0.00020668,0.48198,-7.1965,3.0606,0.68193,-0.50214,0,0.495,0.42923,0.24891
5.1791,0.45827,30.507,-0.35405,-0.55348,0.005468,0.00023748,0.43609,-7.3291,4.0915,-3.3255,-0.55642,0,0.495,0.42922,0.2569
4.9909,-4.0636,30.481,-0.32064,-0.52084,0.005466,0.00026593,0.40448,-7.3235,0.65302,-1.9209,1.5902,0,0.495,0.44184,0.25689
7.1866,-6.21,30.488,-0.34321,-0.52367,0.0054676,0.00022238,0.43697,-7.1895,-2.3191,0.69401,2.2418,0,0.495,0.44184,0.24888
618.8,-655.37,30.332,1.1265,0.74138,0.0080196,4.9333e-05,22.204,-8.2521,0.86483,4.9043,1.0821,0,0.495,0.047245,0.26433
319.47,-356.18,30.372,0.99754,0.69978,0.0072592,5.7827e-05,17.829,-8.5064,-7.0946,3.8504,1.0481,0,0.495,0.047238,0.27233
301.08,-336.79,30.413,0.70573,0.83398,0.0071435,5.9733e-05,22.648,-7.7436,2.8498,3.5695,-1.4281,0,0.495,0.031244,0.28033
477.69,-382.34,30.326,0.43955,0.94625,0.0072668,4.2903e-05,41.988,-7.2433,34.904,3.5111,-12.841,0,0.495,0.015359,0.28032
243.67,-191.05,30.329,0.31388,0.73883,0.0068074,3.0337e-05,53.813,-7.9899,58.612,4.5202,-25.12,0,0.495,0,0.28831
246.78,-223.81,30.383,0.36838,0.80122,0.0068222,4.7092e-05,40.584,-7.7767,33.329,3.4632,-14.518,0,0.495,0.015349,0.28832
597.63,-395.01,30.266,0.36657,0.91136,0.0072674,2.7951e-05,55.191,-7.4868,66.808,4.0272,-21.468,0,0.495,0,0.28031
244.91,-273.96,30.462,0.59312,0.74256,0.0068283,6.1958e-05,21.518,-8.145,7.8526,2.6675,-1.4343,0,0.495,0.031235,0.28833
293.77,-321.84,30.419,0.91233,0.64363,0.0070263,5.8337e-05,16.199,-8.7259,-5.4831,4.6406,0.8581,0,0.495,0.047232,0.28033
370.13,-410.53,30.478,0.91967,0.21304,0.0065066,4.8361e-05,12.128,-9.6682,-8.5098,2.2497,-0.37492,0,0.495,0.063113,0.28835
316.1,-330.91,30.444,1.0369,0.24888,0.0066653,5.2317e-05,13.035,-9.578,-14.785,3.2002,-1.4702,0,0.495,0.063118,0.28035
314.03,-348.07,30.469,0.79082,0.5852,0.0068348,5.5445e-05,15.537,-8.9123,-0.70779,3.7242,1.0733,0,0.495,0.047225,0.28833
184.16,-217.45,30.51,1.1359,-0.56732,0.0061135,6.7493e-05,8.4281,-11.93,-0.30476,3.9193,0.15224,0,0.495,0.11077,0.2645
82.086,-98.666,30.549,1.1024,-0.50069,0.0060987,8.8423e-05,7.987,-11.698,-6.8284,4.4662,-0.10918,0,0.495,0.11076,0.2725
100.26,-118.97,30.556,1.1202,-0.33284,0.0061158,8.6738e-05,8.123,-11.042,3.917,1.7798,-0.8747,0,0.495,0.094843,0.28041
206.69,-228.6,30.516,1.145,-0.17371,0.0062219,6.6433e-05,9.3126,-10.42,-6.6873,1.4283,-2.3228,0,0.495,0.078977,0.28037
250.13,-288.84,30.526,1.0072,-0.16957,0.0061047,5.6938e-05,8.0762,-10.42,1.358,-0.20297,-1.4296,0,0.495,0.078972,0.28837
117.22,-139.89,30.558,0.97453,-0.29614,0.0060218,7.0953e-05,6.9942,-10.945,11.605,-0.16082,-0.68581,0,0.495,0.094832,0.28839
117.76,-143.02,30.576,1.0683,-0.43273,0.0060869,7.9355e-05,7.8856,-11.514,0.45148,2.0063,-0.17196,0,0.495,0.11075,0.28048
185.97,-219.91,30.574,0.8612,-0.58691,0.0058315,6.0573e-05,4.8558,-11.531,-1.2339,-0.85148,0.7331,0,0.495,0.12662,0.28852
145.08,-171.12,30.58,0.96673,-0.64967,0.0059045,6.7469e-05,5.7561,-11.68,-6.7549,0.88693,0.46731,0,0.495,0.12663,0.28054
142.94,-174.8,30.576,0.93557,-0.38065,0.0059949,6.7503e-05,6.7558,-11.364,7.2597,0.014767,0.030969,0,0.495,0.11071,0.28845
65.361,-89.929,30.553,0.66641,-1.0849,0.0056396,9.2123e-05,2.5496,-11.727,-1.4924,2.5079,-1.4771,0,0.495,0.17456,0.26392
57.744,-79.077,30.584,0.67237,-1.0059,0.0056343,9.7366e-05,2.4597,-11.622,-1.6569,2.8029,-1.4168,0,0.495,0.17462,0.27246
45.976,-67.848,30.572,0.75807,-0.94017,0.0056398,0.00010039,2.4929,-11.765,4.9594,0.54633,-1.2212,0,0.495,0.15861,0.28032
96.268,-121.85,30.571,0.86272,-0.89392,0.005688,7.9186e-05,3.1106,-11.808,-2.4207,0.097257,0.2708,0,0.495,0.14253,0.28063
117.59,-147.53,30.561,0.77398,-0.82587,0.005644,7.3618e-05,2.5477,-11.688,1.5058,-1.2017,0.35309,0,0.495,0.14253,0.28863
40.483,-61.016,30.564,0.67867,-0.87392,0.0056056,0.00010219,2.0438,-11.667,8.0998,-0.61266,-1.0964,0,0.495,0.15861,0.28831
56.057,-76.073,30.598,0.66329,-0.9264,0.0056233,9.6853e-05,2.3179,-11.527,3.1102,0.2722,-1.4118,0,0.495,0.17464,0.28066
68.915,-88.266,30.582,0.48827,-0.91462,0.0055491,9.0286e-05,1.4097,-11.094,-0.027495,-1.6212,0.63539,0,0.495,0.19056,0.28868
76.68,-94.044,30.595,0.53288,-0.98876,0.0055703,8.6105e-05,1.7035,-11.128,-2.2469,-0.34059,0.66006,0,0.495,0.19056,0.28069
43.729,-64.318,30.587,0.59694,-0.85765,0.0055926,0.00010287,1.8992,-11.459,5.9329,-1.0449,-1.1469,0,0.495,0.17465,0.28867
30.103,-43.561,30.546,0.21706,-1.1109,0.005507,0.00012699,0.92454,-9.9674,-0.15442,1.2026,-1.725,0,0.495,0.23829,0.26468
32.601,-46.22,30.564,0.23654,-1.0564,0.0055056,0.0001234,0.90648,-10.048,0.41721,1.0846,-1.5447,0,0.495,0.23829,0.27267
25.138,-39.643,30.544,0.31867,-1.0597,0.0055047,0.00013105,0.88662,-10.581,3.1015,0.097846,-1.2331,0,0.495,0.22241,0.28066
51.461,-67.637,30.557,0.40721,-1.0839,0.0055128,0.00010341,0.9974,-10.883,-1.2407,-0.16229,1.0929,0,0.495,0.20649,0.28071
46.171,-62.245,30.549,0.38208,-1.0168,0.0055023,0.00010977,0.8494,-10.888,0.19204,-1.0053,0.87771,0,0.495,0.20649,0.28869
18.185,-30.857,30.54,0.302,-1.0051,0.0054961,0.00014709,0.76406,-10.626,3.8766,-0.51214,-1.0634,0,0.495,0.22241,0.28865
25.7,-37.832,30.573,0.24956,-0.99921,0.0055024,0.00013417,0.86125,-10.129,2.2578,-0.62103,-1.3844,0,0.495,0.23829,0.28065
29.479,-39,30.552,0.16389,-0.92052,0.0054854,0.00013294,0.64729,-9.7908,0.1454,-1.4493,1.0371,0,0.495,0.25421,0.28871
38.815,-47.402,30.561,0.16058,-0.97853,0.0054912,0.00012068,0.73367,-9.7015,-0.96713,-0.78228,1.3416,0,0.495,0.25421,0.28072
17.918,-29.102,30.563,0.24099,-0.94704,0.0054943,0.00015023,0.74408,-10.2,3.2613,-1.3648,-1.1678,0,0.495,0.23829,0.28865
11.866,-17.661,30.512,-0.061848,-0.95229,0.0054801,0.00019623,0.58911,-8.5029,0.46624,-1.546,-1.1631,0,0.495,0.30194,0.2648
12.199,-18.83,30.519,-0.052489,-0.92091,0.0054796,0.00018847,0.58298,-8.6706,1.8213,-0.13526,-1.0667,0,0.495,0.30194,0.27278
16.915,-26.715,30.499,0.0010833,-0.94747,0.0054787,0.00016379,0.57322,-9.1726,0.88168,-0.0057712,-0.91546,0,0.495,0.28603,0.28075
32.534,-41.101,30.51,0.061348,-0.98816,0.0054795,0.0001322,0.59027,-9.4394,-1.1561,-0.054091,1.5309,0,0.495,0.27012,0.28073
25.311,-33.688,30.51,0.076175,-0.93473,0.0054761,0.00014745,0.53738,-9.5539,-0.97223,-0.28599,1.1723,0,0.495,0.27012,0.28873
15.329,-24.095,30.502,0.021402,-0.90793,0.0054755,0.00017179,0.52448,-9.3128,0.03567,0.041008,-0.81431,0,0.495,0.28603,0.28874
14.315,-21.614,30.523,-0.039584,-0.88762,0.0054785,0.00017897,0.56838,-8.8305,0.91295,-0.61895,-0.93122,0,0.495,0.30194,0.28076
19.153,-25.677,30.512,-0.063178,-0.80514,0.0054723,0.00016514,0.48454,-8.7009,-0.68865,-0.68101,0.95493,0,0.495,0.31802,0.28874
20.173,-25.397,30.513,-0.088787,-0.84487,0.0054748,0.00016656,0.52186,-8.5608,-0.13933,-0.40754,1.2047,0,0.495,0.318,0.28076
15.532,-23.397,30.521,-0.015807,-0.85284,0.0054753,0.00017319,0.52208,-8.9774,0.13727,-0.66886,-0.80681,0,0.495,0.30195,0.28875
7.0173,-10.133,30.488,-0.21728,-0.75893,0.0054718,0.00025773,0.47685,-7.7521,0.73508,-2.4113,-0.70434,0,0.495,0.36573,0.26483
5.3587,-8.4004,30.489,-0.21296,-0.74,0.0054715,0.00027124,0.47122,-7.9157,2.2747,-0.32541,-0.6988,0,0.495,0.36573,0.27281
9.2315,-15.772,30.474,-0.18778,-0.77612,0.005471,0.00021408,0.46646,-8.2671,0.20156,0.24725,-0.85466,0,0.495,0.34984,0.28078
17.64,-23.346,30.474,-0.15489,-0.81804,0.005471,0.00017499,0.47113,-8.4121,-0.42142,0.31542,1.0233,0,0.495,0.33392,0.28077
15.698,-21.233,30.48,-0.12498,-0.78182,0.0054692,0.00018379,0.44228,-8.5535,-1.6902,0.14314,0.7915,0,0.495,0.33395,0.28875
10.824,-16.908,30.48,-0.15426,-0.75262,0.0054692,0.00020094,0.43865,-8.4164,-1.6455,0.25122,-0.7439,0,0.495,0.34984,0.28876
9.5714,-14.412,30.494,-0.20181,-0.72217,0.0054709,0.00022637,0.46465,-8.0677,0.42514,-0.24824,-0.57632,0,0.495,0.36573,0.28079
16.728,-21.902,30.487,-0.18248,-0.64252,0.005467,0.00017884,0.41394,-8.0745,-1.3634,-0.46818,0.82788,0,0.495,0.3816,0.28879
15.414,-19.625,30.485,-0.2247,-0.66915,0.0054685,0.00019511,0.43479,-7.9432,-0.35498,-0.12542,0.95176,0,0.495,0.3816,0.28081
12.722,-18.243,30.496,-0.16603,-0.70303,0.0054691,0.00019447,0.43806,-8.2128,-0.83076,-0.40272,-0.44626,0,0.495,0.36572,0.28878
8.0727,-9.5411,30.479,-0.34646,-0.56135,0.0054664,0.00025171,0.40114,-7.4845,1.4499,-2.5247,-0.35205,0,0.495,0.42922,0.26488
7.7587,-10.913,30.477,-0.32233,-0.55404,0.0054663,0.00027274,0.40031,-7.6044,-0.33819,-0.48247,-0.042147,0,0.495,0.42922,0.27286
3.5515,-4.0358,30.467,-0.31653,-0.5249,0.0054647,0.00038852,0.37756,-7.4652,2.0452,-1.5978,0.73735,0,0.495,0.44184,0.26488
4.4824,-5.9422,30.464,-0.31064,-0.52118,0.0054647,0.00038941,0.3771,-7.5739,0.90537,-0.51036,0.7356,0,0.495,0.44184,0.27287
10.186,-14.799,30.468,-0.29642,-0.58823,0.0054661,0.00021506,0.40114,-7.8061,-2.1735,0.13365,-0.60444,0,0.495,0.41335,0.28083
14.961,-19.994,30.461,-0.27242,-0.6271,0.0054661,0.00018721,0.40339,-7.8886,-1.397,0.31955,0.53938,0,0.495,0.39747,0.28082
15.236,-20.135,30.466,-0.222,-0.59992,0.005465,0.00017683,0.38799,-8.0068,-3.5752,0.078057,0.41714,0,0.495,0.39747,0.2888
10.809,-15.095,30.472,-0.24209,-0.57372,0.005465,0.00018677,0.38612,-7.924,-4.7697,-0.010013,-0.56936,0,0.495,0.41334,0.28882
11.625,-14.575,30.48,-0.29559,-0.54931,0.0054661,0.00021818,0.39999,-7.7127,-2.6828,-0.12193,0.18121,0,0.495,0.42922,0.28085
13.48,-16.813,30.483,-0.23816,-0.54313,0.0054649,0.00018383,0.38577,-7.8241,-4.0479,-0.30599,0.16748,0,0.495,0.42922,0.28883
15.086,-18.565,30.469,-0.23489,-0.505,0.0054636,0.00018425,0.36983,-7.7791,-2.9088,-0.1066,0.88935,0,0.495,0.44184,0.28883
11.638,-14.349,30.466,-0.28929,-0.51479,0.0054645,0.00023153,0.37956,-7.6774,-2.0204,-0.18821,0.94116,0,0.495,0.44184,0.28085
178.78,-207.21,30.427,0.29449,0.6705,0.0065443,5.3994e-05,39.527,-8.3662,25.151,0.90084,-15.649,0,0.495,0.01534,0.29632
214.04,-254.63,30.385,0.26298,0.57705,0.0065317,3.2375e-05,52.987,-8.5961,44.478,2.8285,-28.059,0,0.495,0,0.29631
150.18,-184.94,30.489,0.47214,0.66181,0.0065773,7.2771e-05,20.291,-8.5377,4.964,-0.6887,-1.2733,0,0.495,0.031227,0.29633
180.81,-232.38,30.438,0.30352,0.59183,0.0064606,5.8269e-05,35.294,-8.7989,17.56,-0.42994,-15.679,0,0.495,0.015332,0.30432
229.65,-299.49,30.418,0.30777,0.50119,0.006447,4.2974e-05,41.199,-9.0077,27.194,1.2001,-23.38,0,0.495,0,0.30431
133.21,-155.23,30.528,0.86667,-0.15935,0.0059759,9.2943e-05,6.4836,-10.499,-3.6298,-0.91153,-0.68237,0,0.495,0.078967,0.29636
245.54,-287.88,30.502,0.79276,0.17432,0.0063391,5.7882e-05,10.873,-9.8639,-10.04,0.37618,0.41189,0,0.495,0.063107,0.29634
55.721,-71.131,30.555,0.82831,-0.25995,0.0059096,0.00012245,5.565,-10.899,4.7865,-0.68931,-0.55169,0,0.495,0.094825,0.29639
71.861,-93.377,30.555,0.69559,-0.76278,0.0056087,9.3693e-05,2.0372,-11.581,-2.7841,-0.70499,0.4003,0,0.495,0.14254,0.29665
98.238,-122.68,30.567,0.76233,-0.53341,0.0057659,8.3067e-05,3.8847,-11.406,-6.2139,-0.74317,0.93492,0,0.495,0.12662,0.29652
26.753,-45.801,30.562,0.6126,-0.81302,0.0055795,0.00012348,1.6687,-11.577,3.125,-0.097339,-0.83508,0,0.495,0.15862,0.2963
30.323,-43.4,30.546,0.3588,-0.95486,0.0054944,0.00012805,0.73051,-10.856,-1.2507,-0.64221,0.58446,0,0.495,0.20649,0.29669
40.114,-51.981,30.57,0.45322,-0.84551,0.0055326,0.00011485,1.1586,-11.003,-3.114,-1.2085,0.67479,0,0.495,0.19056,0.29667
16.064,-28.403,30.542,0.29198,-0.95613,0.0054898,0.00015775,0.67144,-10.658,1.9495,-0.057577,-0.8643,0,0.495,0.2224,0.29667
12.503,-19.354,30.515,0.083207,-0.88767,0.0054736,0.00018704,0.49299,-9.6282,0.10543,-0.30803,0.68665,0,0.495,0.2701,0.29676
17.183,-25.113,30.545,0.16421,-0.86621,0.005481,0.00015506,0.5775,-9.8227,0.18402,-1.3014,0.77618,0,0.495,0.2542,0.29675
11.053,-17.294,30.511,0.041582,-0.87478,0.0054731,0.0002053,0.48405,-9.437,0.41017,0.14824,-0.73661,0,0.495,0.28602,0.29674
6.9923,-9.7473,30.487,-0.10169,-0.74967,0.0054678,0.00027046,0.41529,-8.6675,-0.061491,-0.25337,0.466,0,0.495,0.33393,0.29673
11.302,-15.518,30.512,-0.042455,-0.76603,0.0054704,0.0002006,0.45122,-8.7939,0.64725,-0.93156,0.74169,0,0.495,0.31802,0.29672
6.849,-9.6895,30.488,-0.12193,-0.73406,0.0054677,0.00028698,0.41225,-8.5566,-0.46235,-0.064689,-0.64065,0,0.495,0.34982,0.29675
5.887,-6.7643,30.471,-0.18079,-0.57786,0.005464,0.00039111,0.36842,-8.1077,-0.37818,-0.24322,0.18744,0,0.495,0.39747,0.29679
7.6616,-8.7573,30.487,-0.15112,-0.62076,0.0054658,0.00028714,0.39109,-8.1755,1.6315,-0.79173,0.60827,0,0.495,0.3816,0.29677
4.2707,-5.8075,30.476,-0.19174,-0.56235,0.005464,0.00042951,0.36677,-8.0348,-1.9241,-0.33238,-0.52735,0,0.495,0.41334,0.2968
226.92,-275.84,30.5,0.65719,0.51874,0.0066234,6.2047e-05,14.531,-9.1568,-2.4141,0.54887,1.0718,0,0.495,0.047218,0.29633
65.634,-91.926,30.573,0.80594,-0.33476,0.0058999,0.00010566,5.4199,-11.234,0.46114,-0.29385,0.19375,0,0.495,0.1107,0.29643
25.632,-41.231,30.58,0.54649,-0.79214,0.0055686,0.00012823,1.5481,-11.355,1.0457,-0.55427,-0.65309,0,0.495,0.17465,0.29666
15.836,-26.154,30.557,0.23975,-0.89844,0.0054881,0.00015809,0.6541,-10.235,1.5867,-0.92314,-0.78933,0,0.495,0.23828,0.29667
13.314,-18.785,30.523,0.0096301,-0.82083,0.0054729,0.00018764,0.48303,-9.0945,0.54249,-0.59905,-0.5553,0,0.495,0.30195,0.29673
8.2586,-10.504,30.498,-0.13322,-0.68844,0.0054676,0.00024726,0.41209,-8.3407,0.80476,-0.70187,-0.27133,0,0.495,0.36572,0.29676
7.0377,-6.7916,30.473,-0.19546,-0.49891,0.0054629,0.00037912,0.35557,-7.8694,0.9857,-0.38441,0.56268,0,0.495,0.44044,0.29682
6.0628,-6.4189,30.483,-0.19153,-0.53673,0.005464,0.00037991,0.36669,-7.9257,-0.31877,-0.66834,0.062124,0,0.495,0.42922,0.29681
19.866,-38.912,30.01,-1.0029,-0.035772,0.0055299,0.000124,1.5544,-0.8883,0.13677,0.53994,-6.2234,0,0.495,0.42986,0.0079837
19.454,-38.294,30.015,-0.99633,-0.068993,0.0055287,0.00012425,1.5354,-0.93235,-0.3798,0.36223,-6.2508,0,0.495,0.42986,0.015963
17.726,-30.117,30.101,-0.94813,-0.032766,0.0055119,0.00015009,1.1971,-1.5456,0.071187,0.63553,-3.6685,0,0.495,0.44184,0.0079837
18.578,-30.484,30.107,-0.94195,-0.065534,0.0055111,0.00014585,1.1863,-1.5801,-1.0011,0.39252,-3.7713,0,0.495,0.44184,0.015963
20.756,-36.869,30.019,-0.98501,-0.10379,0.0055259,0.00012403,1.4769,-1.0067,1.1754,0.91492,-6.0927,0,0.495,0.42986,0.023944
22.319,-36.055,30.035,-0.99882,-0.1389,0.0055217,0.00012554,1.3995,-1.1097,2.9417,1.6834,-5.5827,0,0.495,0.42986,0.031926
18.821,-29.273,30.11,-0.92889,-0.099813,0.0055095,0.00014914,1.1522,-1.6485,0.12577,0.45382,-3.6847,0,0.495,0.44184,0.023944
20.31,-29.005,30.119,-0.94063,-0.13206,0.0055067,0.00015136,1.102,-1.7411,2.0184,1.1531,-3.3042,0,0.495,0.44184,0.031926
22.465,-37.175,30.053,-1.0089,-0.17456,0.0055187,0.00012767,1.3517,-1.2351,0.88972,1.379,-5.2627,0,0.495,0.42986,0.039915
21.517,-37.125,30.066,-0.98557,-0.20433,0.0055162,0.00012829,1.3048,-1.388,-0.37511,1.1566,-5.249,0,0.495,0.42986,0.047939
20.557,-29.268,30.134,-0.95452,-0.16581,0.0055044,0.00015042,1.0688,-1.8475,0.081043,1.3233,-3.0757,0,0.495,0.44184,0.039915
19.294,-28.292,30.148,-0.93257,-0.19581,0.0055027,0.00015042,1.039,-1.978,-2.096,1.0257,-3.1311,0,0.495,0.44184,0.047939
22.216,-34.303,30.082,-0.97085,-0.23815,0.0055121,0.00012891,1.2201,-1.5657,2.0364,1.7863,-4.9073,0,0.495,0.42986,0.056012
21.773,-31.944,30.107,-0.98222,-0.27379,0.0055078,0.00013433,1.1405,-1.764,3.0754,2.0636,-4.2698,0,0.495,0.42986,0.064036
20.048,-27.404,30.16,-0.91188,-0.22923,0.0055002,0.00015386,0.98754,-2.137,-0.05804,1.0376,-2.8719,0,0.495,0.44184,0.056013
19.795,-26.244,30.174,-0.92258,-0.26245,0.0054971,0.00016128,0.93078,-2.3131,1.765,1.3558,-2.3044,0,0.495,0.44184,0.064037
21.133,-33.223,30.129,-0.97973,-0.30515,0.0055049,0.00013844,1.0948,-1.9771,0.72787,1.5636,-3.9509,0,0.495,0.42985,0.072037
20.215,-32.078,30.146,-0.95142,-0.33105,0.0055021,0.00014059,1.0393,-2.2081,0.15056,1.3776,-3.8755,0,0.495,0.4298,0.080097
17.816,-24.819,30.192,-0.9278,-0.29325,0.0054947,0.00016626,0.89258,-2.497,-0.41972,1.4226,-2.0069,0,0.495,0.44184,0.072038
16.117,-23.132,30.209,-0.90138,-0.3193,0.0054928,0.00016806,0.85748,-2.6993,-2.0461,1.1708,-2.0114,0,0.495,0.44184,0.080099
19.834,-27.829,30.165,-0.93688,-0.36006,0.0054983,0.00014496,0.95854,-2.4528,2.2649,1.7602,-3.4637,0,0.495,0.4297,0.088251
20.912,-27.781,30.189,-0.94044,-0.39138,0.0054951,0.00014833,0.90379,-2.7079,2.3886,1.9345,-2.7435,0,0.495,0.42964,0.096312
16.676,-21.964,30.224,-0.88036,-0.34852,0.0054903,0.00017445,0.80676,-2.9194,-0.35023,0.93382,-1.7443,0,0.495,0.44184,0.088258
17.092,-21.665,30.237,-0.88238,-0.37857,0.0054877,0.00018296,0.76356,-3.1467,0.61624,1.0097,-1.1511,0,0.495,0.44184,0.096318
23.23,-31.849,30.213,-0.92577,-0.41857,0.005493,0.00014701,0.87634,-2.9713,-0.13608,1.8268,-2.262,0,0.495,0.42964,0.10431
24.332,-32.204,30.236,-0.88875,-0.44131,0.0054908,0.00014833,0.83699,-3.243,-0.82187,1.8648,-1.9833,0,0.495,0.42964,0.1123
16.247,-21.134,30.254,-0.8751,-0.40626,0.0054858,0.0001849,0.73594,-3.3764,-1.4504,1.1954,-0.72786,0,0.495,0.44184,0.10431
14.824,-19.053,30.271,-0.84272,-0.42871,0.0054844,0.00018954,0.70876,-3.6147,-2.7488,1.03,-0.46377,0,0.495,0.44184,0.1123
23.745,-30.084,30.26,-0.86033,-0.46539,0.0054882,0.00015705,0.78439,-3.519,0.44535,2.0509,-1.554,0,0.495,0.42964,0.12028
26.497,-32.097,30.286,-0.83929,-0.48963,0.0054864,0.00015766,0.75794,-3.7971,0.19913,2.5294,-0.71608,0,0.495,0.42965,0.12827
13.212,-16.314,30.285,-0.81387,-0.45166,0.0054826,0.00021248,0.67252,-3.8591,-1.7774,0.31082,0.024775,0,0.495,0.44184,0.12028
13.164,-14.998,30.291,-0.79689,-0.4728,0.005481,0.00023028,0.64736,-4.106,-1.4381,0.39371,1.1191,0,0.495,0.44184,0.12827
29.328,-35.302,30.319,-0.80176,-0.50761,0.0054853,0.00014614,0.74801,-4.0752,-1.1642,3.3259,-0.17111,0,0.495,0.42966,0.13626
23.416,-28.455,30.358,-0.7556,-0.51851,0.0054837,0.00015947,0.71181,-4.3545,-0.044289,3.0118,-0.44404,0,0.495,0.42966,0.14425
13.364,-15.409,30.307,-0.77054,-0.48965,0.0054799,0.00020566,0.63566,-4.3498,-2.8196,2.2969,2.0853,0,0.495,0.44184,0.13625
10.286,-12.555,30.343,-0.72985,-0.50058,0.0054789,0.00020237,0.61424,-4.5975,-2.9635,2.9357,2.1365,0,0.495,0.44184,0.14424
14.385,-16.719,30.385,-0.73228,-0.52908,0.0054814,0.00020406,0.65711,-4.6283,2.6641,1.3689,-0.53888,0,0.495,0.42966,0.15224
6.1603,-7.1181,30.369,-0.70204,-0.51111,0.0054773,0.00026102,0.57803,-4.8403,-1.1712,0.91999,2.1194,0,0.495,0.44184,0.15222
3558.7,-3085.5,27.294,-3.0329,-2.6654,1.0517,0.0020942,499.01,14.355,-26.077,64.79,-36.301,0,0.495,0.23053,0.043902
2839.4,-2474.9,27.601,-2.9594,-2.4432,0.83503,0.0017895,464.3,14.425,-20.208,53.633,-32.373,0,0.495,0.23848,0.0439
4055.4,-3523.5,26.984,-3.2642,-2.564,1.2617,0.0023025,545.04,15.455,-33.016,66.117,-41.562,0,0.495,0.23054,0.039907
3233.1,-2819.4,27.34,-3.1567,-2.3489,0.99915,0.0019529,509.48,15.441,-25.789,54.527,-37.373,0,0.495,0.23848,0.039906
3537.1,-3121.9,27.298,-2.8615,-2.9842,1.1632,0.0023252,494.38,12.829,-28.966,73.654,-38.207,0,0.495,0.22251,0.047949
3004.6,-2651.6,27.595,-2.8242,-2.7428,0.84285,0.0018659,448.34,13.24,-20.424,60.462,-30.912,0,0.495,0.23053,0.047913
4189.3,-3628.5,26.941,-3.107,-2.9048,1.451,0.0026283,546.66,14.04,-36.279,78.084,-43.918,0,0.495,0.22254,0.043928
4791.2,-4152.1,26.576,-3.38,-2.7951,1.7257,0.0028919,592.02,15.246,-44.324,78.909,-49.464,0,0.495,0.22257,0.039918
2419.2,-2149.1,27.854,-2.7795,-2.5171,0.6736,0.0016111,415.6,13.391,-15.646,49.917,-27.767,0,0.495,0.23848,0.047909
3676.3,-3201.6,27.082,-3.3742,-2.2323,1.1563,0.0020951,549.95,16.444,-32.317,52.217,-42.071,0,0.495,0.23848,0.035915
3065.8,-2653.3,27.466,-3.2321,-2.0406,0.94105,0.0018085,518.58,16.098,-24.421,41.616,-39.389,0,0.495,0.24642,0.035915
2688.1,-2336.8,27.677,-3.0483,-2.1487,0.81434,0.0016932,479,15.188,-19.12,43.836,-35.127,0,0.495,0.24642,0.039906
2481,-2177.2,27.827,-3.0927,-1.8532,0.76386,0.0015632,486.83,15.563,-17.088,32.63,-36.383,0,0.495,0.25436,0.035915
2170.9,-1923,27.998,-2.9383,-1.9539,0.66164,0.0014674,448.95,14.742,-12.938,34.584,-32.613,0,0.495,0.25436,0.039906
4604.2,-4002.5,26.676,-3.5201,-2.4366,1.4591,0.002481,585.51,16.544,-40.882,63.759,-46.302,0,0.495,0.23054,0.035915
5460.7,-4742.1,26.217,-3.6827,-2.6546,1.9711,0.0031063,630.53,16.425,-53.043,75.352,-54.021,0,0.495,0.22258,0.035919
2353.9,-2054.3,27.893,-2.8807,-2.2378,0.68198,0.0015602,434.98,14.261,-14.673,43.367,-30.598,0,0.495,0.24642,0.0439
1611.8,-1493.5,28.344,-2.6642,-2.109,0.44751,0.001232,360.95,13.04,-6.9563,32.33,-24.687,0,0.495,0.25436,0.047909
1893.7,-1699.2,28.173,-2.7962,-2.0387,0.55408,0.0013561,406.48,13.901,-9.5053,34.433,-28.532,0,0.495,0.25436,0.0439
1999.5,-1791.3,28.103,-2.7267,-2.3095,0.55156,0.0014135,387.86,13.315,-11.188,40.488,-26.417,0,0.495,0.24642,0.047909
3466.6,-3081.8,26.939,-2.5958,-3.4579,2.1547,0.0037068,572.58,9.1513,-45.551,99.013,-54.253,0,0.495,0.20636,0.052016
2802.3,-2602.7,27.375,-2.3513,-3.4925,1.6065,0.0031146,506.1,7.9166,-34.648,88.985,-44.2,0,0.495,0.20638,0.056045
3413.2,-3018.7,27.335,-2.6287,-3.2623,1.3688,0.0027032,497.38,10.53,-31.755,80.093,-43.734,0,0.495,0.2143,0.052001
2781.9,-2548.8,27.69,-2.4126,-3.2959,1.0026,0.0022632,433.46,9.2566,-23.065,69.437,-36.68,0,0.495,0.2143,0.056014
3997.5,-3487.7,26.941,-2.8802,-3.2075,1.7655,0.0031302,555.9,11.806,-41.501,87.73,-50.833,0,0.495,0.21432,0.047991
2974.5,-2658.5,27.636,-2.6434,-3.0332,0.88468,0.0020012,436.18,11.593,-22.199,65.89,-31.854,0,0.495,0.22238,0.05196
4036.2,-3520.6,26.47,-2.8833,-3.3981,2.7146,0.0042611,629.56,10.42,-57.449,104.73,-63.78,0,0.495,0.20637,0.048008
2430.2,-2244.4,27.935,-2.4523,-3.0635,0.64002,0.0016775,375.54,10.368,-16.308,56.092,-26.476,0,0.495,0.22226,0.055965
2334.8,-2210.3,27.768,-2.1467,-3.5084,1.1092,0.0025074,431.35,6.6932,-25.062,78.248,-33.976,0,0.495,0.20648,0.060099
2225.1,-2107.4,27.52,-2.0588,-3.6436,1.6299,0.0032254,495.94,4.9316,-35.039,100.65,-33.312,0,0.495,0.19845,0.06005
2577.8,-2401.6,27.026,-2.2789,-3.6283,2.3508,0.004016,577.51,6.0925,-47.551,114.93,-44.806,0,0.495,0.19851,0.056007
1809.6,-1774.3,27.945,-1.8815,-3.6384,1.0229,0.0024584,405.67,3.8313,-24.582,81.854,-24.098,0,0.495,0.19845,0.064092
1856.2,-1829.4,28.115,-1.9792,-3.493,0.6857,0.0019018,349.2,5.5895,-17.17,63.525,-25.263,0,0.495,0.20642,0.064083
3147.8,-2764.4,26.488,-2.5484,-3.5872,3.1205,0.004783,645.8,7.2471,-61.214,125.36,-56.394,0,0.495,0.19854,0.051954
3592.8,-3050.3,25.918,-2.8682,-3.5206,3.8875,0.0054997,701.34,8.4633,-75.995,129.34,-67.829,0,0.495,0.1986,0.047938
2303.2,-2147.1,28.008,-2.2273,-3.3092,0.67904,0.0018127,364.4,8.0614,-16.092,59.611,-28.773,0,0.495,0.21433,0.060033
1643.5,-1596.5,28.414,-2.1323,-3.0874,0.27937,0.0010688,256.33,8.0868,-7.951,37.619,-16.715,0,0.495,0.22229,0.064064
2036.1,-1912.3,28.195,-2.2828,-3.082,0.43578,0.0013603,314.43,9.2014,-11.607,47,-21.153,0,0.495,0.22226,0.060013
1810.8,-1766.5,28.279,-2.0679,-3.304,0.42086,0.0013834,294.96,6.9621,-11.042,48.496,-21.698,0,0.495,0.21434,0.06407
2070.9,-1867.6,28.091,-2.614,-2.573,0.52271,0.0014232,364.61,12.346,-12.05,44.804,-23.45,0,0.495,0.23848,0.051957
2533,-2264.8,27.874,-2.6358,-2.7999,0.6484,0.0016286,394.67,12.108,-15.962,54.298,-25.557,0,0.495,0.23052,0.051961
1736.7,-1621.7,28.305,-2.4607,-2.6134,0.38846,0.0012308,312.81,11.301,-9.4983,38.782,-19.696,0,0.495,0.23848,0.056047
2088.8,-1934.1,28.125,-2.4648,-2.8386,0.47635,0.0013889,339.35,10.987,-12.419,46.913,-21.133,0,0.495,0.2305,0.056041
1435.9,-1372.3,28.48,-2.448,-2.4082,0.3199,0.0010935,289.83,11.389,-7.1259,31.505,-19.04,0,0.495,0.24642,0.056051
1216.9,-1206,28.639,-2.3199,-2.4384,0.22768,0.00092896,242.27,10.427,-6.0303,26.372,-16.082,0,0.495,0.24642,0.060134
1462,-1410.6,28.492,-2.3187,-2.641,0.27608,0.001041,262.39,10.268,-7.6093,32.415,-16.266,0,0.495,0.23846,0.06013
866.97,-904.06,28.901,-2.1962,-2.2742,0.12317,0.00067171,180.68,9.5347,-3.8947,17.159,-13.063,0,0.495,0.25436,0.064151
1007,-1028.7,28.787,-2.3056,-2.2479,0.18219,0.00081163,221.72,10.398,-4.0718,21.317,-15.213,0,0.495,0.25436,0.060128
1028.7,-1048.1,28.773,-2.1997,-2.4581,0.15517,0.00077081,198.56,9.4942,-5.0784,21.042,-13.771,0,0.495,0.24639,0.064141
1173.1,-1164,28.655,-2.4202,-2.2124,0.25755,0.00095586,266.76,11.28,-4.4735,25.378,-17.936,0,0.495,0.25436,0.05605
1220.6,-1215,28.651,-2.1878,-2.656,0.18819,0.00086165,215.68,9.2685,-5.7335,25.711,-13.714,0,0.495,0.23842,0.064139
1708.7,-1566.2,28.3,-2.5833,-2.3658,0.42925,0.0012568,339,12.354,-8.7095,36.421,-22.456,0,0.495,0.24642,0.051958
1378.8,-1318.4,28.506,-2.5396,-2.1665,0.34722,0.0010976,313.84,12.164,-5.3316,29.24,-21.066,0,0.495,0.25436,0.051959
1745.3,-1657.8,28.348,-2.3085,-2.8568,0.33134,0.001153,283.9,9.8821,-9.3967,38.965,-17.143,0,0.495,0.23039,0.06007
1440,-1410.4,28.534,-2.1677,-2.866,0.22125,0.00093763,232.8,8.8176,-6.5589,30.795,-14.294,0,0.495,0.23037,0.064072
495.54,-551.27,29.316,-2.1668,-1.3272,0.068529,0.00043994,152.55,9.3151,0.32371,5.6312,-8.5302,0,0.495,0.29428,0.051958
462.4,-510.91,29.355,-2.1002,-1.3819,0.049918,0.00038416,127.09,8.7912,-0.71024,3.844,-7.8576,0,0.495,0.29427,0.056058
437.04,-466.74,29.408,-2.0703,-1.2053,0.040762,0.00034393,115.69,8.5831,1.2467,5.3022,-5.0195,0,0.495,0.30222,0.051956
405.09,-435.78,29.443,-2.0137,-1.2613,0.03006,0.00030418,96.561,8.1153,0.11794,3.354,-5.0369,0,0.495,0.30222,0.056045
632.07,-709.53,29.138,-2.33,-1.4031,0.14062,0.00062315,222.39,10.622,0.29214,9.6205,-13.18,0,0.495,0.28634,0.047908
584.57,-650.95,29.195,-2.2563,-1.4627,0.10755,0.00055513,190.56,10.046,-0.37982,7.7406,-11.795,0,0.495,0.28633,0.051958
535.05,-600.39,29.27,-2.2292,-1.2663,0.090075,0.00049562,178.28,9.8252,1.3578,7.7832,-9.0651,0,0.495,0.29428,0.047908
473.14,-503.25,29.365,-2.122,-1.1437,0.053435,0.00038629,135.07,9.0368,2.3463,7.5663,-4.9484,0,0.495,0.30222,0.047909
548.84,-602.79,29.246,-2.1797,-1.5162,0.078458,0.00048427,159.01,9.4523,-1.059,6.0939,-10.295,0,0.495,0.28632,0.056058
360.5,-379.9,29.508,-1.9215,-1.1518,0.017836,0.00025192,69.64,7.4001,1.3637,3.8638,-2.2271,0,0.495,0.31017,0.056042
333.1,-354.47,29.537,-1.8707,-1.2024,0.013728,0.00023761,57.293,6.9665,0.66261,2.4049,-2.6743,0,0.495,0.31018,0.060093
373.49,-404.61,29.472,-1.9536,-1.3112,0.021719,0.00027024,78.809,7.6287,-0.68651,2.021,-5.0456,0,0.495,0.30223,0.060104
305.84,-328.14,29.56,-1.8187,-1.248,0.010863,0.0002335,46.573,6.5284,0.53502,1.3609,-3.075,0,0.495,0.31017,0.064085
342.57,-371.69,29.496,-1.8928,-1.356,0.015799,0.00024575,63.477,7.1378,-0.85372,1.1236,-4.9896,0,0.495,0.30221,0.064105
388.36,-403.36,29.472,-1.9685,-1.0955,0.023235,0.00027401,82.948,7.8204,2.33,5.8122,-1.8394,0,0.495,0.31016,0.051955
418.08,-430.55,29.429,-2.0106,-1.0343,0.029759,0.00030086,96.448,8.2228,3.2703,7.88,-1.5138,0,0.495,0.31016,0.047908
430.46,-474.14,29.389,-2.0307,-1.4305,0.035052,0.00033136,103.46,8.2494,-1.3743,2.6387,-7.1768,0,0.495,0.29426,0.060138
477.04,-516.99,29.331,-2.0239,-1.6061,0.036912,0.00034779,103.94,8.2468,-1.4422,3.7917,-7.5208,0,0.495,0.28629,0.064144
397.57,-435.53,29.418,-1.9611,-1.4738,0.024196,0.00028591,82.986,7.7039,-1.4525,1.7908,-6.4883,0,0.495,0.29425,0.064148
513.45,-560.16,29.291,-2.1015,-1.5639,0.054722,0.00041359,129.63,8.8507,-1.4483,4.8482,-8.8432,0,0.495,0.2863,0.060139
982.18,-1061.1,28.807,-2.5931,-1.4156,0.30331,0.00090585,331.94,12.56,-1.3653,15.821,-20.874,0,0.495,0.27836,0.039906
1319.5,-1293.9,28.568,-2.7116,-1.5832,0.41034,0.0010797,377.65,13.4,-4.2806,20.355,-25.593,0,0.495,0.27027,0.039906
864.04,-956.27,28.893,-2.5084,-1.4906,0.25382,0.00083875,299.7,11.965,-0.87521,14.725,-19.034,0,0.495,0.27836,0.0439
1146,-1159.6,28.677,-2.6098,-1.6609,0.34387,0.001001,341.04,12.725,-2.8036,19.883,-22.837,0,0.495,0.27027,0.0439
686.03,-777.76,29.074,-2.4009,-1.3368,0.17588,0.00068682,252.75,11.174,0.78364,11.675,-14.429,0,0.495,0.28634,0.0439
777.09,-866.54,28.974,-2.4241,-1.557,0.20406,0.00076419,264.1,11.345,-0.656,13.071,-16.902,0,0.495,0.27836,0.047909
760.96,-859.48,29.002,-2.47,-1.2629,0.21106,0.00074504,279.95,11.699,1.0752,13.374,-15.426,0,0.495,0.28634,0.039906
989.53,-1041.4,28.783,-2.5117,-1.7285,0.27716,0.00091285,301.08,12.027,-1.7865,18.468,-19.913,0,0.495,0.27027,0.047909
1765.2,-1602.7,28.296,-2.8264,-1.7643,0.5291,0.0012652,416.12,14.126,-7.9816,26.596,-29.445,0,0.495,0.2623,0.039906
2034.1,-1806,28.16,-2.9555,-1.6699,0.60991,0.0013455,451.3,14.857,-10.958,25.225,-32.533,0,0.495,0.2623,0.035915
1521.6,-1451.7,28.46,-2.818,-1.4939,0.47224,0.0011475,409.17,14.052,-6.0424,19.876,-27.877,0,0.495,0.27027,0.035915
1130,-1185.3,28.719,-2.6789,-1.33,0.34912,0.00096443,359.11,13.118,-2.0073,16.339,-22.291,0,0.495,0.27836,0.035915
852.91,-951.32,28.926,-2.5376,-1.1797,0.24361,0.0007967,302.44,12.185,1.2408,14.63,-16.17,0,0.495,0.28634,0.035915
1527.4,-1425.9,28.435,-2.7059,-1.8453,0.44318,0.0011716,376.06,13.372,-5.5138,26.476,-25.946,0,0.495,0.2623,0.0439
1292,-1266.6,28.572,-2.5923,-1.9144,0.35746,0.0010667,332.79,12.596,-3.7552,24.92,-22.489,0,0.495,0.2623,0.04791
664.31,-729.83,29.118,-2.2536,-1.6688,0.11513,0.00059683,190.02,10.047,-1.0081,9.6656,-12.374,0,0.495,0.27835,0.05605
711.69,-792.27,29.049,-2.3394,-1.6161,0.15701,0.00068309,226.92,10.703,-0.7356,11.378,-14.639,0,0.495,0.27836,0.051958
802.38,-860.02,28.976,-2.3205,-1.8391,0.15743,0.00071288,218.18,10.582,-1.2585,14.538,-14.205,0,0.495,0.27027,0.056031
882.53,-944.13,28.883,-2.4156,-1.7876,0.21396,0.00081624,259.51,11.31,-1.3055,16.684,-16.963,0,0.495,0.27027,0.051955
732.88,-786.13,29.06,-2.2263,-1.8835,0.11023,0.00060643,179.16,9.8521,-1.3874,12.312,-11.804,0,0.495,0.27027,0.060086
860.8,-909.35,28.929,-2.2737,-2.0628,0.1434,0.00070472,200.86,10.195,-2.3288,16.661,-13.701,0,0.495,0.2623,0.060088
976.84,-1014.2,28.822,-2.3772,-2.0222,0.20402,0.00082986,243.24,11,-2.3868,19.752,-16.227,0,0.495,0.26231,0.05603
763.84,-812.09,29.023,-2.1733,-2.0958,0.096209,0.00058258,162.6,9.3984,-2.4242,13.516,-11.663,0,0.495,0.2623,0.064135
668.63,-714.72,29.134,-2.1338,-1.9216,0.07371,0.00050241,144.29,9.125,-1.4762,10.014,-9.8378,0,0.495,0.27025,0.064123
1114.6,-1132.5,28.702,-2.4833,-1.973,0.27647,0.000952,287.93,11.804,-2.7698,22.655,-19.166,0,0.495,0.26231,0.051956
618.88,-674.67,29.181,-2.1676,-1.7154,0.080415,0.00050855,155.41,9.3871,-1.235,8.1028,-10.298,0,0.495,0.27831,0.06011
573.39,-620.13,29.236,-2.0828,-1.7564,0.053851,0.00042333,124.82,8.7278,-1.2504,6.5393,-8.5239,0,0.495,0.27826,0.064098
-4997.4,11816,6.5017,-2.2644,4.5822,26.502,0.037255,699.79,-54.127,-294.38,-68.392,-3.0462,0,0.495,0.039431,0.075887
-17274,13446,6.6153,-2.5988,2.7529,27.203,0.038538,705.87,-57.242,-291.75,-76.265,-33.184,0,0.495,0.047346,0.075896
-5587.8,11617,6.8012,-2.5064,4.5405,26.155,0.036836,699.86,-51.485,-290.74,-70.35,-4.7505,0,0.495,0.039436,0.071896
-16994,13106,6.928,-2.8664,2.7579,26.832,0.038084,704.52,-54.827,-286.57,-78.522,-33.459,0,0.495,0.047351,0.071906
6076.9,9498.3,6.3351,-1.6799,6.5256,25.96,0.035285,720.47,-53.433,-291.63,-57.279,23.244,0,0.495,0.03151,0.07987
-5081.4,12098,6.2125,-2.028,4.6077,26.819,0.037592,699.86,-56.589,-298.22,-66.077,-1.6348,0,0.495,0.039427,0.079875
6270.7,9302,6.6047,-1.8807,6.4651,25.709,0.035063,720.93,-50.708,-289.07,-59.15,21.061,0,0.495,0.031516,0.075879
5687.8,9146.2,6.8825,-2.0885,6.3847,25.44,0.034734,721.9,-47.768,-286.67,-60.592,18.472,0,0.495,0.031522,0.071887
-17532,13903,6.3138,-2.334,2.7356,27.532,0.038947,706.93,-59.503,-297.26,-73.677,-33.036,0,0.495,0.047344,0.079882
-16847,12951,7.2513,-3.1402,2.7511,26.424,0.037574,703.21,-52.274,-281.93,-80.838,-33.717,0,0.495,0.047354,0.067915
-17515,13270,7.6233,-3.4323,1.1227,27.183,0.037492,725.1,-53.697,-269.51,-84,-68.196,0,0.495,0.055266,0.067942
-17951,13636,7.2986,-3.1434,1.0719,27.597,0.037865,728.92,-55.984,-275.62,-81.786,-69.98,0,0.495,0.055267,0.071927
-17414,12615,8.2826,-3.61,-0.36594,28.074,0.036923,760.54,-54.048,-250.83,-83.482,-104.47,0,0.495,0.063263,0.067942
-18041,13153,7.9783,-3.3119,-0.47932,28.496,0.037123,767.87,-56.119,-257.83,-81.31,-109.21,0,0.495,0.063281,0.071906
-5749.2,11575,7.1106,-2.7567,4.4833,25.783,0.036397,700.34,-48.669,-287.5,-72.432,-6.5096,0,0.495,0.03944,0.067906
5557.4,9104.4,7.168,-2.3057,6.2849,25.16,0.034382,723.58,-44.615,-284.55,-62.217,15.724,0,0.495,0.031525,0.067897
-18520,14200,6.9849,-2.8577,1.0127,27.962,0.038182,732.51,-58.167,-282.39,-79.6,-71.796,0,0.495,0.055265,0.075912
-19656,14735,7.401,-2.7122,-0.72155,29.167,0.037348,781.43,-60.018,-273.72,-76.545,-119.08,0,0.495,0.063279,0.079882
-18812,13889,7.6844,-3.0141,-0.59808,28.861,0.037259,774.97,-58.115,-265.56,-79.091,-114.08,0,0.495,0.063287,0.075885
-19188,14896,6.6836,-2.5711,0.94542,28.275,0.038457,735.45,-60.217,-289.55,-77.149,-73.741,0,0.495,0.055273,0.079893
5958,6873.7,6.3723,-1.1338,8.5064,24.755,0.031253,796.08,-52.267,-283.03,-46.369,40.759,0,0.495,0.023585,0.083859
6324.8,3979.2,6.7454,-0.76553,10.448,22.154,0.022231,1046,-48.374,-275.6,-40.462,66.372,0,0.495,0.015663,0.083856
5627.6,7152.7,6.1411,-0.98359,8.5507,24.866,0.031342,797.09,-54.735,-285.46,-44.944,43.29,0,0.495,0.023577,0.087851
5954.9,4269.2,6.5412,-0.6621,10.518,22.134,0.022173,1048.6,-51.132,-278.53,-39.811,70.556,0,0.495,0.015655,0.087849
6241.1,6608.6,6.6107,-1.2874,8.4395,24.634,0.031146,795.66,-49.524,-280.76,-47.284,37.873,0,0.495,0.023591,0.079869
5799.9,9769.4,6.0747,-1.4839,6.5663,26.189,0.035484,720.39,-55.913,-294.31,-55.697,25.257,0,0.495,0.031504,0.083862
6653.2,3666.8,6.9543,-0.87234,10.353,22.176,0.022274,1044,-45.308,-272.71,-40.58,61.85,0,0.495,0.01567,0.079864
5473.9,10089,5.8238,-1.2905,6.5868,26.394,0.035683,720.58,-58.152,-297.18,-53.627,26.975,0,0.495,0.031497,0.087855
5513.5,4578.1,6.3429,-0.56084,10.563,22.114,0.022098,1052,-53.565,-281.55,-39.515,74.51,0,0.495,0.015646,0.091842
8218.3,-7599.2,7.1432,-0.29287,12.621,16.29,0.0086931,2648.3,-50.253,673.74,-26.126,1529.8,0,0.495,0.00772,0.091841
11830,-9428.3,7.3025,-0.35003,12.547,16.394,0.0087661,2654.1,-47.504,669.36,-25.883,1515,0,0.495,0.0077287,0.087847
3054.9,-5966.7,6.9867,-0.23677,12.67,16.188,0.0086175,2643.3,-52.659,676.42,-25.766,1544.5,0,0.495,0.007711,0.095841
1413.8,-16327,7.5797,-0.12668,13.739,12.196,0.0011075,4035.3,-50.646,1637,4.2719,2984.7,0,0.495,0,0.095842
11266,-19357,7.7143,-0.16248,13.674,12.318,0.0011266,4050.5,-48.101,1628.1,3.8248,2959.8,0,0.495,0,0.09184
4971.9,4876.3,6.1501,-0.46029,10.583,22.09,0.022004,1056,-55.685,-284.66,-38.679,78.132,0,0.495,0.015638,0.095839
18075,-22754,7.8507,-0.19969,13.582,12.444,0.0011467,4066.5,-45.199,1615.9,3.9691,2935,0,0.495,0,0.087846
5218.6,7484.1,5.9182,-0.83522,8.5723,24.963,0.031407,798.62,-56.902,-288.04,-43.802,45.537,0,0.495,0.023569,0.091844
4617.3,10949,5.3555,-0.90392,6.5655,26.723,0.036109,721.55,-61.816,-303.47,-49.256,29.446,0,0.495,0.031482,0.095842
5068.8,10494,5.5839,-1.0979,6.5866,26.572,0.035896,720.97,-60.119,-300.25,-51.743,28.386,0,0.495,0.03149,0.091848
4713.5,7842.5,5.7037,-0.68688,8.5703,25.043,0.031449,800.65,-58.78,-290.78,-42.125,47.414,0,0.495,0.023561,0.09584
14070,-11376,7.4661,-0.4092,12.445,16.504,0.0088374,2660.8,-44.402,663.43,-26.099,1500.3,0,0.495,0.007737,0.083854
24580,-30600,8.1332,-0.2806,13.315,12.71,0.0011908,4101.9,-38.292,1581.6,3.6996,2885.3,0,0.495,0,0.079861
22184,-26391,7.9909,-0.23885,13.463,12.574,0.001168,4083.7,-41.928,1600.6,3.5756,2910.4,0,0.495,0,0.083853
15436,-13634,7.6324,-0.47124,12.316,16.621,0.0089082,2668.4,-40.953,655.63,-25.757,1485.1,0,0.495,0.0077444,0.079862
-17882,14481,6.0243,-2.0689,2.7056,27.816,0.039319,707.46,-61.581,-302.9,-71.178,-32.942,0,0.495,0.047338,0.083872
-5276.8,12485,5.9342,-1.7943,4.6167,27.101,0.037907,699.89,-58.846,-302.19,-63.978,-0.34162,0,0.495,0.039421,0.083866
-18163,15117,5.7477,-1.8016,2.6618,28.053,0.039661,707.33,-63.472,-308.56,-68.177,-32.942,0,0.495,0.047332,0.087865
-5422,12932,5.6675,-1.5614,4.6085,27.346,0.038208,699.75,-60.896,-306.29,-61.397,0.724,0,0.495,0.039415,0.087859
-20672,16595,6.1148,-1.9842,0.78354,28.734,0.03893,738.45,-63.872,-304.08,-71.544,-77.745,0,0.495,0.055257,0.087884
-21397,17522,5.8545,-1.6821,0.6858,28.882,0.039134,738.43,-65.394,-310.96,-68.052,-80.057,0,0.495,0.055251,0.091876
-18474,15819,5.4863,-1.5307,2.6027,28.243,0.039976,706.54,-65.131,-314.09,-65.094,-33.261,0,0.495,0.047326,0.091857
-23143,18912,6.419,-1.4273,-1.2739,29.776,0.037354,798.32,-66.098,-304.61,-61.888,-141.21,0,0.495,0.063229,0.095919
-22387,17872,6.6345,-1.7621,-1.1258,29.71,0.037408,795.19,-64.882,-297.69,-66.744,-135.33,0,0.495,0.063231,0.09192
-22036,18410,5.6133,-1.3726,0.57676,28.979,0.039312,737.61,-66.692,-317.38,-63.729,-82.531,0,0.495,0.055249,0.095865
-21502,16767,6.8718,-2.0869,-0.98386,29.59,0.037421,791.5,-63.455,-290.08,-70.656,-129.65,0,0.495,0.063236,0.087922
-18802,16498,5.241,-1.255,2.5279,28.389,0.040261,705.17,-66.551,-319.33,-61.321,-33.795,0,0.495,0.047319,0.09585
-19937,15729,6.3922,-2.2803,0.86959,28.532,0.038704,737.47,-62.128,-296.88,-74.656,-75.762,0,0.495,0.055264,0.083889
-20602,15742,7.1285,-2.4034,-0.84951,29.41,0.0374,786.96,-61.81,-282.01,-73.867,-124.37,0,0.495,0.06325,0.08391
-5646.6,13460,5.414,-1.3274,4.582,27.555,0.038516,699.4,-62.697,-310.45,-58.913,1.4847,0,0.495,0.039408,0.091852
-5950.6,13999,5.1746,-1.0906,4.5371,27.726,0.03881,698.88,-64.244,-314.57,-55.791,1.9483,0,0.495,0.039401,0.095846
4744.1,1227.6,15.605,-2.327,-4.8919,29.539,0.03156,935.96,-39.597,-92.501,29.745,-260,0,0.495,0.10297,0.07592
5136.2,175.24,17.6,-2.1134,-4.9549,27.13,0.029175,929.61,-35.315,-64.066,49.723,-262.92,0,0.495,0.11092,0.07599
4502.9,886.52,15.482,-2.6111,-4.6371,29.119,0.031747,917.25,-38.57,-95.095,21.24,-248.33,0,0.495,0.10298,0.071955
5374.3,-68.704,17.399,-2.3793,-4.722,26.832,0.029369,913.39,-34.399,-68.731,40.884,-253.75,0,0.495,0.11093,0.072004
-1065.7,3787.4,13.695,-2.2483,-4.8689,31.302,0.032935,950.57,-45.281,-128.24,8.2848,-265.72,0,0.495,0.094987,0.080037
4548.6,1583.8,15.76,-2.042,-5.1365,29.87,0.031256,955.64,-40.598,-90.232,37.882,-272.14,0,0.495,0.10296,0.079962
-1939.6,3300.1,13.643,-2.5536,-4.61,30.877,0.03322,929.63,-44.11,-128.16,1.8598,-251.52,0,0.495,0.095022,0.075932
-2383.9,2830.3,13.618,-2.8546,-4.3448,30.384,0.033402,909.78,-42.906,-128.03,-5.4769,-237.97,0,0.495,0.095034,0.071894
4888.8,427.81,17.836,-1.851,-5.1742,27.31,0.028846,946.37,-36.173,-59.909,58.382,-272.26,0,0.495,0.11092,0.079991
5451.7,-275.69,17.233,-2.6524,-4.477,26.418,0.029415,897.95,-33.389,-74.027,32.115,-244.43,0,0.495,0.11092,0.067997
5215.9,-404.79,19.108,-2.4342,-4.4484,23.284,0.026233,886.97,-29.574,-56.373,48.834,-248.79,0,0.495,0.11885,0.068053
5131,-226.38,19.334,-2.1809,-4.6642,23.56,0.026187,898.97,-30.53,-49.917,57.656,-255.48,0,0.495,0.11885,0.07205
4278.3,114.37,21.01,-2.2473,-4.3509,19.275,0.022252,864.82,-25.674,-45.549,59.184,-252.26,0,0.495,0.12675,0.068119
4083.9,262.6,21.275,-2.0146,-4.5342,19.399,0.022194,872.4,-26.568,-38.513,67.164,-256.27,0,0.495,0.12675,0.072134
3424.6,630.06,15.393,-2.9,-4.3726,28.603,0.031799,899.5,-37.452,-98.36,12.822,-237.02,0,0.495,0.10297,0.067975
-3459.8,2490.9,13.622,-3.1555,-4.0744,29.817,0.033465,891.12,-41.646,-128.46,-13.008,-225.25,0,0.495,0.095019,0.067914
4954.9,-55.044,19.596,-1.9366,-4.8664,23.694,0.025974,911.35,-31.38,-44.075,66.878,-261.86,0,0.495,0.11885,0.076039
3640,489.03,21.912,-1.5779,-4.8547,19.162,0.021558,886.54,-28.036,-26.097,84.177,-262.5,0,0.495,0.12679,0.080101
3858.3,370.3,21.576,-1.7922,-4.7024,19.36,0.021957,879.77,-27.34,-32.159,75.963,-259.49,0,0.495,0.12676,0.076124
4807.4,122.4,19.894,-1.6986,-5.0535,23.687,0.025611,923.8,-32.168,-38.616,75.526,-268.25,0,0.495,0.11886,0.080029
-17551,11247,9.8113,-2.3089,-3.6283,31.464,0.03474,906.11,-55.606,-217.92,-44.474,-225.84,0,0.495,0.079117,0.083976
-17969,12239,9.6937,-1.9742,-3.8484,31.729,0.034397,922.95,-56.935,-223.53,-40.236,-239.51,0,0.495,0.079122,0.08804
-11187,7648.8,11.683,-2.1396,-4.5489,32.014,0.03374,949.14,-50.927,-173.48,-13.967,-261.61,0,0.495,0.087048,0.084098
-10268,8426.6,11.681,-1.8122,-4.786,32.32,0.03333,970.03,-52.036,-176.2,-8.1741,-277.22,0,0.495,0.087069,0.088137
-12398,6831.2,11.715,-2.4604,-4.3033,31.644,0.034082,928.73,-49.701,-170.33,-19.177,-246.49,0,0.495,0.08705,0.080057
426.01,4407.9,13.781,-1.94,-5.1166,31.646,0.032558,972.18,-46.326,-128.16,14.399,-280.6,0,0.495,0.09498,0.084117
-16663,10245,9.9524,-2.6341,-3.406,31.138,0.035021,889.47,-54.201,-211.86,-48.379,-212.69,0,0.495,0.079133,0.079934
1246.5,4963.1,13.898,-1.6284,-5.3497,31.914,0.032088,994.29,-47.26,-127.86,20.988,-295.98,0,0.495,0.094998,0.088157
-18582,13319,9.601,-1.63,-4.0634,31.933,0.033994,939.99,-58.05,-228.41,-34.713,-253.74,0,0.495,0.079134,0.092098
-21237,16362,7.8652,-1.7414,-2.7453,30.803,0.03549,868.94,-61.563,-269.93,-54.264,-197.87,0,0.495,0.071177,0.091966
-20377,15187,8.0504,-2.0807,-2.5612,30.661,0.035742,858.65,-60.331,-262.93,-58.715,-187.86,0,0.495,0.071174,0.08795
-21879,17408,7.7055,-1.3912,-2.9284,30.889,0.035182,879.24,-62.631,-276.13,-48.543,-208.03,0,0.495,0.071188,0.095994
-16224,14226,9.538,-1.2781,-4.269,32.079,0.033503,957.33,-59.021,-232.35,-28.097,-268.09,0,0.495,0.079145,0.096123
-19495,14111,8.2572,-2.4104,-2.3786,30.458,0.035942,848.06,-58.86,-255.4,-62.058,-178.37,0,0.495,0.071185,0.083928
-18533,13043,8.4817,-2.7305,-2.1981,30.192,0.036091,837.04,-57.294,-247.58,-65.138,-169.11,0,0.495,0.07121,0.0799
-10510,9279.5,11.707,-1.4777,-5.011,32.562,0.03286,991.32,-52.991,-178.08,-1.1739,-293.23,0,0.495,0.087079,0.092165
944.45,6075,14.223,-0.99481,-5.7607,32.218,0.030948,1039.4,-48.742,-125.39,36.945,-327,0,0.495,0.095005,0.096187
934.12,5592.5,14.044,-1.3129,-5.5653,32.107,0.031569,1016.8,-48.062,-126.95,28.761,-311.59,0,0.495,0.095003,0.09218
-7617.3,9949.5,11.764,-1.1383,-5.2201,32.74,0.032304,1012.9,-53.809,-178.99,6.6341,-309.24,0,0.495,0.087081,0.09617
4478,710.93,18.11,-1.5895,-5.3781,27.368,0.028394,963.41,-36.923,-56,67.349,-281.74,0,0.495,0.11091,0.084016
4110.9,2016.5,15.948,-1.7535,-5.3681,30.109,0.030846,976.08,-41.516,-87.898,45.916,-284.84,0,0.495,0.10292,0.084072
4086.4,952.75,18.419,-1.3284,-5.5638,27.306,0.027833,980.48,-37.595,-52.08,75.83,-291.24,0,0.495,0.1109,0.088048
3711.3,2386.6,16.174,-1.4646,-5.5819,30.246,0.030325,996.78,-42.332,-85.389,53.677,-297.83,0,0.495,0.10292,0.088129
4327.5,445.89,20.595,-1.2338,-5.3758,23.253,0.024494,947.8,-33.475,-28.684,92.591,-279.94,0,0.495,0.11887,0.088023
4040.4,605.76,20.993,-1.0055,-5.5074,22.829,0.023766,958.67,-33.974,-23.997,100.33,-285.2,0,0.495,0.11886,0.092028
3621.4,1233.6,18.759,-1.0683,-5.7285,27.122,0.027176,997.26,-38.147,-48.01,83.624,-300.64,0,0.495,0.11087,0.092084
1053.4,743.97,23.545,-0.77399,-5.2846,16.929,0.018685,901.1,-29.898,-5.3995,111.43,-267.83,0,0.495,0.12685,0.096049
2633.1,725.55,23.101,-0.96861,-5.2066,17.687,0.019561,900.15,-29.578,-10.097,106.12,-267.76,0,0.495,0.12685,0.092058
3671.9,724.21,21.418,-0.7801,-5.6168,22.27,0.022944,968.3,-34.378,-19.364,106.78,-290.05,0,0.495,0.11886,0.096019
3020.1,670.95,22.679,-1.1673,-5.108,18.316,0.020341,897.09,-29.159,-15.084,99.349,-266.84,0,0.495,0.12684,0.088063
3086.9,1444.3,19.13,-0.80999,-5.8701,26.813,0.026434,1013.4,-38.598,-43.737,90.736,-309.75,0,0.495,0.11088,0.096085
4556.7,297.67,20.228,-1.4646,-5.2237,23.539,0.025113,936.06,-32.858,-33.519,84.255,-274.27,0,0.495,0.11887,0.084023
3364.9,592.82,22.281,-1.3702,-4.9902,18.81,0.021012,892.39,-28.63,-20.421,92.151,-265,0,0.495,0.12682,0.084073
3177.5,2821.7,16.43,-1.1751,-5.7754,30.284,0.029742,1017.6,-43.024,-82.493,61.635,-310.89,0,0.495,0.10291,0.09216
2600.7,3164.3,16.72,-0.88604,-5.9463,30.218,0.029044,1038.2,-43.602,-79.219,69.393,-323.65,0,0.495,0.10293,0.096167
497.48,-344.01,28.576,-1.3441,-3.9857,0.68329,0.0021748,295.54,-9.1128,-16.067,38.678,-54.363,0,0.495,0.16658,0.076141
680.38,-648.78,28.739,-1.3371,-3.887,0.27428,0.0012082,219.96,-6.1141,-13.512,36.779,-19.722,0,0.495,0.17458,0.076158
634.87,-446,28.367,-1.4634,-3.9672,0.82045,0.0023269,338.74,-8.2043,-21.832,52.753,-55.259,0,0.495,0.16658,0.072148
855.45,-820.85,28.525,-1.4457,-3.889,0.4447,0.0015403,282.12,-5.1765,-19.048,55.551,-19.163,0,0.495,0.17458,0.072168
8.0119,245.5,28.231,-1.2722,-4.1178,1.8051,0.0040947,412.27,-12.904,-14.253,43.857,-106.86,0,0.495,0.15858,0.080154
403.45,-319.65,28.741,-1.2348,-3.9937,0.59135,0.0020811,263.32,-9.9419,-11.381,30.373,-51.009,0,0.495,0.16658,0.080132
67.493,295.53,28.023,-1.3993,-4.0874,1.971,0.0042326,437.86,-12.101,-19.516,47.639,-113.29,0,0.495,0.15858,0.07616
147.45,296,27.794,-1.5366,-4.045,2.1266,0.0043337,465.13,-11.209,-25.436,54.501,-116.91,0,0.495,0.15858,0.072158
581.24,-561.46,28.892,-1.2392,-3.8763,0.19364,0.0010331,178.24,-6.9875,-9.2488,25.214,-18.984,0,0.495,0.17458,0.080149
1110.2,-1087.6,28.219,-1.5701,-3.8791,0.78252,0.0020831,367.52,-4.2242,-26.031,83.057,-16.728,0,0.495,0.17458,0.068177
1353.3,-1317.5,28.212,-1.5871,-3.8117,0.77501,0.0020762,362.76,-1.655,-23.386,83.154,-8.2201,0,0.495,0.18254,0.068196
1067,-1029.3,28.526,-1.4676,-3.8057,0.38428,0.001388,267.39,-2.6468,-16.351,56.111,-7.6232,0,0.495,0.18254,0.072197
1461.3,-1421.7,28.222,-1.6467,-3.7303,0.72381,0.0020205,347.35,0.65156,-20.67,74.711,-12.102,0,0.495,0.1905,0.068196
1162.2,-1130.4,28.519,-1.5289,-3.7085,0.35157,0.0013294,254.1,-0.35785,-13.786,51.369,-8.7556,0,0.495,0.19052,0.072209
872.61,-659.9,28.087,-1.5968,-3.9365,1.064,0.0026103,398.98,-7.2553,-28.834,75.596,-52.353,0,0.495,0.16658,0.068153
343.94,184.56,27.527,-1.6863,-3.9903,2.3038,0.0044349,498.41,-10.257,-32.363,68.065,-116.14,0,0.495,0.15858,0.068148
853.63,-825.54,28.744,-1.3656,-3.7881,0.18112,0.00090036,193.85,-3.6149,-11.269,36.417,-7.1268,0,0.495,0.18254,0.076185
785.99,-770.79,28.875,-1.3381,-3.6454,0.063735,0.00047161,129.33,-2.291,-6.0443,22.189,-5.6601,0,0.495,0.19052,0.080223
934.95,-916.89,28.726,-1.4278,-3.6798,0.15405,0.00081143,180.77,-1.3558,-9.1709,33.67,-6.6975,0,0.495,0.19053,0.076238
715.49,-697.41,28.898,-1.2742,-3.7633,0.089786,0.00060417,143.73,-4.5218,-7.6423,23.811,-6.8037,0,0.495,0.18253,0.080172
909.64,1011,26.03,-1.2475,-4.5008,8.3584,0.011388,720.08,-20.837,-12.437,82.757,-216.58,0,0.495,0.14267,0.084148
649.96,925.28,26.383,-1.093,-4.5568,7.7716,0.01079,704.62,-21.343,-7.4384,85.557,-208.83,0,0.495,0.14268,0.088129
695.16,507.92,27.492,-1.1917,-4.3027,4.1641,0.0070517,565.67,-17.485,-11.517,63.305,-162.85,0,0.495,0.1506,0.084167
523.44,377.47,27.765,-1.0579,-4.3328,3.7591,0.0066331,540.67,-18.037,-6.8806,63.124,-152.23,0,0.495,0.15061,0.088152
789.05,633.69,27.219,-1.3328,-4.2585,4.5199,0.007401,587.15,-16.84,-16.796,62.316,-171.92,0,0.495,0.1506,0.080175
23.928,136.14,28.428,-1.153,-4.1364,1.6215,0.0039114,386.06,-13.628,-9.6835,41.594,-98.372,0,0.495,0.15858,0.084146
1018.5,1086.6,25.691,-1.4089,-4.4289,8.8471,0.011883,732.08,-20.249,-17.971,78.439,-222.81,0,0.495,0.14267,0.080161
62.565,18.125,28.614,-1.0398,-4.1435,1.425,0.0036887,358.44,-14.267,-5.8879,39.417,-88.846,0,0.495,0.15858,0.088137
342.47,785.83,26.742,-0.9427,-4.5971,7.1142,0.010118,685.58,-21.789,-2.9141,87.4,-199.66,0,0.495,0.14269,0.092129
1937.5,742.04,25.059,-0.95468,-4.8854,12.202,0.014829,814.1,-26.011,-4.3217,102.73,-241.83,0,0.495,0.13479,0.092087
2343.6,789.9,24.645,-1.1274,-4.8178,12.935,0.01561,821.24,-25.585,-9.1787,97.992,-245.84,0,0.495,0.13477,0.088101
-11.7,667.19,25.486,-0.78662,-4.9347,11.369,0.013966,803.68,-26.34,0.18699,105.83,-236.48,0,0.495,0.13479,0.096075
-741.16,629.97,27.104,-0.79855,-4.621,6.4028,0.0093885,662.26,-22.127,1.1518,87.521,-188.95,0,0.495,0.1427,0.09611
2619.5,791.95,24.248,-1.3052,-4.7328,13.553,0.01629,825.68,-25.061,-14.463,92.617,-248.52,0,0.495,0.13475,0.084119
2771.9,778.67,23.874,-1.4895,-4.6306,14.038,0.016848,827.8,-24.457,-20.189,85.964,-250.23,0,0.495,0.13472,0.080138
352.85,204.13,28.035,-0.92961,-4.3492,3.3252,0.0061661,512.17,-18.512,-2.87,62.092,-140.38,0,0.495,0.15061,0.092137
224.54,-256.05,28.955,-0.82479,-4.1273,1.0279,0.0031674,299.01,-15.344,-0.50638,34.704,-68.578,0,0.495,0.15858,0.09612
144.01,-125.37,28.79,-0.93083,-4.1401,1.2243,0.0034371,329.33,-14.843,-2.8359,37.238,-78.741,0,0.495,0.15858,0.092128
-163.46,36.728,28.297,-0.80579,-4.3526,2.8808,0.0056694,480.22,-18.903,0.45786,59.829,-127.64,0,0.495,0.15062,0.096123
546.02,-536.43,29.011,-1.1482,-3.8586,0.15303,0.00095041,150.45,-7.807,-6.1351,18.872,-17.152,0,0.495,0.17458,0.08414
392.83,-351.24,28.882,-1.1325,-3.9921,0.51487,0.0019983,236.83,-10.703,-7.6825,25.667,-46.024,0,0.495,0.16658,0.084124
548.4,-543.58,29.11,-1.061,-3.8352,0.12706,0.00090318,130.3,-8.5573,-4.0299,15.567,-14.934,0,0.495,0.17458,0.088132
398.41,-400.72,29.006,-1.0347,-3.982,0.4429,0.0019041,212.91,-11.388,-4.8698,22.68,-40.423,0,0.495,0.16659,0.088116
598.51,-605.95,29.104,-1.1082,-3.7009,0.04053,0.00041641,93.655,-6.1663,-3.6923,13.156,-5.5424,0,0.495,0.18253,0.088142
588.83,-602.12,29.185,-1.0277,-3.6657,0.033291,0.00039872,80.173,-6.8952,-2.9233,11.748,-4.8702,0,0.495,0.18252,0.092132
569.17,-568.49,29.199,-0.97544,-3.8071,0.10595,0.00085929,113.86,-9.2463,-2.6903,14.008,-12.676,0,0.495,0.17458,0.092124
612.66,-620.42,29.157,-1.0951,-3.5316,0.015928,0.00023961,65.947,-4.7693,-2.7563,11.092,-4.3569,0,0.495,0.19047,0.092144
590.37,-605.79,29.262,-0.94674,-3.6284,0.02781,0.00038529,69.335,-7.5627,-2.5752,11.27,-4.2758,0,0.495,0.18252,0.096124
635.69,-641.07,29.076,-1.1745,-3.5705,0.019726,0.00024822,78.609,-4.002,-3.1562,12.331,-4.622,0,0.495,0.19048,0.088166
595.41,-594.68,29.281,-0.88997,-3.7752,0.087101,0.00080856,99.44,-9.8696,-1.8654,13.193,-10.63,0,0.495,0.17458,0.096116
633.01,-632.58,29.012,-1.1895,-3.7337,0.054292,0.00046519,112.82,-5.3776,-5.1772,16.676,-6.2171,0,0.495,0.18253,0.084156
685.78,-687.03,28.986,-1.2547,-3.6087,0.030305,0.00030316,97.601,-3.1785,-4.1658,15.562,-4.998,0,0.495,0.1905,0.084196
445.34,-465.77,29.12,-0.93966,-3.9646,0.37357,0.0017933,190.2,-12.007,-2.8019,20.714,-34.715,0,0.495,0.16659,0.092108
492.06,-524.86,29.225,-0.84596,-3.9409,0.30807,0.0016679,168.33,-12.557,-1.3491,19.087,-29.282,0,0.495,0.16659,0.0961
879.61,-907.89,28.921,-1.8168,-2.8551,0.055091,0.00046064,117.81,5.826,-2.3827,14.456,-8.2043,0,0.495,0.23024,0.07604
787.44,-817.11,28.984,-1.8516,-2.6623,0.049623,0.00044243,110.38,6.4055,-2.4223,11.821,-8.5272,0,0.495,0.23821,0.076087
996.32,-1034.4,28.814,-1.9248,-2.8649,0.089323,0.00058947,149.27,6.7844,-3.015,18.579,-9.7761,0,0.495,0.23025,0.072046
879.87,-914.54,28.892,-1.9573,-2.665,0.079157,0.00055939,139.37,7.3102,-2.8878,15.099,-9.9507,0,0.495,0.23821,0.072045
827.13,-848.38,28.969,-1.6651,-3.026,0.034337,0.00034839,97.153,4.0079,-2.7337,13.563,-7.6316,0,0.495,0.22227,0.080049
792.95,-815.79,29.014,-1.7137,-2.8408,0.033861,0.00036158,92.276,4.8899,-1.8602,11.998,-7.1443,0,0.495,0.23025,0.080053
941.5,-971.44,28.866,-1.7695,-3.0464,0.057588,0.00045496,124.37,4.9679,-3.4191,17.054,-8.49,0,0.495,0.22227,0.076055
1091.5,-1124.7,28.745,-1.8803,-3.0646,0.098993,0.0006087,159.45,5.976,-4.0902,22.48,-10.189,0,0.495,0.22227,0.072057
714.67,-747.2,29.065,-1.7491,-2.6572,0.030789,0.00035001,86.521,5.5023,-2.0478,10.198,-7.479,0,0.495,0.23832,0.080268
1022.5,-1053.4,28.782,-2.0682,-2.6638,0.12394,0.00070025,174.56,8.2664,-3.9825,20.008,-11.615,0,0.495,0.23835,0.068093
874.74,-917.09,28.885,-2.0878,-2.4715,0.10199,0.00062641,160.3,8.5617,-4.3555,16.394,-11.885,0,0.495,0.24633,0.068102
771.96,-811.8,28.98,-1.9806,-2.4766,0.06489,0.00049954,127.66,7.6588,-3.9241,12.314,-10.552,0,0.495,0.24619,0.072066
753.88,-802.06,28.996,-2.092,-2.2941,0.080077,0.00054308,144.97,8.6774,-3.9125,13.548,-11.387,0,0.495,0.25435,0.068141
670.48,-718.34,29.078,-1.9907,-2.3084,0.050568,0.00043169,115,7.8384,-3.9194,10.527,-10.322,0,0.495,0.25434,0.07214
1187.8,-1208.4,28.686,-2.0408,-2.8706,0.14294,0.0007497,187.92,7.78,-4.3251,24.234,-11.773,0,0.495,0.23037,0.068083
1325.1,-1336.7,28.596,-1.9996,-3.0805,0.17011,0.00081629,204.05,7.0008,-5.433,29.513,-12.887,0,0.495,0.22232,0.068077
692.63,-733.72,29.06,-1.8768,-2.4829,0.040734,0.00039576,101.03,6.7847,-3.5796,9.7655,-9.645,0,0.495,0.24631,0.076246
533.88,-581.99,29.214,-1.798,-2.3198,0.020068,0.00027946,70.816,6.1931,-3.8628,7.1744,-9.0137,0,0.495,0.25434,0.080131
593.82,-644.64,29.149,-1.8924,-2.3161,0.031528,0.00034241,90.429,7.0065,-3.859,8.4739,-9.5964,0,0.495,0.25434,0.076145
620.37,-664.3,29.132,-1.7764,-2.4787,0.025317,0.00031554,78.885,5.9134,-3.147,8.2832,-8.9125,0,0.495,0.24631,0.080317
732.44,-754.23,28.994,-1.4253,-3.3255,0.021427,0.00025026,84.548,0.4578,-2.9388,13.237,-7.8521,0,0.495,0.20637,0.084157
662.59,-680.49,29.081,-1.3385,-3.2879,0.014732,0.00021709,67.706,-0.40995,-2.8479,11.357,-7.5096,0,0.495,0.20636,0.088148
727.27,-751.82,29.023,-1.5055,-3.1697,0.021159,0.00026138,80.213,1.9068,-2.8963,12.316,-7.8182,0,0.495,0.21431,0.084051
655.55,-675.61,29.107,-1.4154,-3.1387,0.014803,0.0002305,64.035,1.0331,-2.8049,10.863,-7.4784,0,0.495,0.21432,0.088049
835.76,-858.84,28.928,-1.6007,-3.1996,0.034584,0.00033231,102.19,2.8276,-3.2615,15.109,-8.4586,0,0.495,0.21431,0.080059
727.57,-752.21,29.059,-1.5674,-3.0044,0.021649,0.0002812,76.248,3.0916,-2.1416,11.376,-7.0562,0,0.495,0.22227,0.084053
837.7,-860.73,28.894,-1.5158,-3.3634,0.039194,0.00034752,109.33,1.3736,-3.3904,17.126,-8.6717,0,0.495,0.20638,0.080168
660.34,-679.25,29.141,-1.4749,-2.9793,0.014807,0.00024476,60.215,2.2147,-2.0062,10.164,-6.6287,0,0.495,0.22229,0.088086
611.93,-630.22,29.161,-1.2538,-3.251,0.011698,0.00021192,55.283,-1.2305,-3.0035,10.54,-7.2953,0,0.495,0.20635,0.092142
626.05,-632.62,29.148,-1.1744,-3.3922,0.012366,0.00020855,59.344,-2.89,-2.5496,10.757,-6.0806,0,0.495,0.19844,0.092161
664.12,-669.06,29.067,-1.2549,-3.4328,0.015413,0.00021373,71.854,-2.0964,-2.6024,11.822,-6.2975,0,0.495,0.19849,0.088196
723.42,-730.45,28.978,-1.3369,-3.4734,0.023794,0.0002594,89.92,-1.2469,-3.0973,14.429,-6.6767,0,0.495,0.19851,0.084213
825.2,-826.99,28.872,-1.4221,-3.514,0.049982,0.0004022,118.9,-0.3438,-4.2868,19.849,-7.5345,0,0.495,0.19853,0.080231
601.16,-621.19,29.186,-1.3282,-3.1074,0.011449,0.00022194,51.635,0.20005,-2.9438,10.225,-7.1675,0,0.495,0.21432,0.092053
609.81,-628.89,29.217,-1.3844,-2.9573,0.011104,0.00023149,47.975,1.3551,-1.9315,9.6454,-6.2323,0,0.495,0.22239,0.092234
654.45,-684.95,29.141,-1.6515,-2.6466,0.019376,0.00028464,67.25,4.6239,-1.4624,8.9855,-6.6041,0,0.495,0.23832,0.084319
718.86,-741.02,29.098,-1.6155,-2.825,0.021273,0.00029226,71.973,3.9811,-1.2865,10.39,-6.3976,0,0.495,0.23026,0.084078
598.7,-625.79,29.211,-1.5601,-2.6308,0.01311,0.00024837,52.451,3.7933,-0.71432,8.0325,-5.9671,0,0.495,0.23824,0.08825
659.56,-677.15,29.175,-1.5211,-2.8108,0.014297,0.00025195,56.379,3.1041,-0.75005,9.4002,-5.9151,0,0.495,0.23036,0.088267
513.15,-550.97,29.258,-1.592,-2.4675,0.01163,0.00023915,48.436,4.2866,-2.0737,6.5001,-7.5973,0,0.495,0.24623,0.08835
472.47,-507.48,29.316,-1.5073,-2.4583,0.0091565,0.0002371,38.698,3.5244,-1.5596,6.2801,-7.0643,0,0.495,0.24621,0.092385
553.38,-580.53,29.276,-1.4733,-2.6171,0.0098709,0.00023764,41.551,2.9921,-0.072816,7.656,-5.3107,0,0.495,0.23827,0.092356
362.05,-406.74,29.433,-1.4569,-2.3104,0.0075774,0.00026176,29.125,3.2,-2.396,5.7304,-8.1793,0,0.495,0.25413,0.096357
401.33,-444.51,29.381,-1.5355,-2.3168,0.0084794,0.00024017,35.456,3.9097,-2.9671,5.7693,-8.2118,0,0.495,0.25419,0.092297
437.45,-469.72,29.373,-1.4273,-2.4469,0.00794,0.00025207,31.649,2.7786,-1.0332,6.2388,-6.6882,0,0.495,0.2462,0.096403
443.83,-486.33,29.328,-1.6191,-2.3202,0.010244,0.00023239,44.053,4.6396,-3.4215,5.8974,-8.3728,0,0.495,0.25425,0.088215
520.64,-542.51,29.339,-1.3913,-2.6009,0.0083084,0.00024693,33.773,2.2172,0.32052,7.4432,-4.7633,0,0.495,0.23827,0.096384
564.54,-604.8,29.198,-1.6814,-2.4748,0.016417,0.00026378,61.574,5.084,-2.5972,7.1955,-8.1742,0,0.495,0.24629,0.084363
488.24,-532.59,29.272,-1.7068,-2.3218,0.013669,0.0002439,55.636,5.4038,-3.7294,6.3725,-8.5752,0,0.495,0.25433,0.084159
606.21,-628.26,29.248,-1.4323,-2.7899,0.010544,0.00023705,44.462,2.269,-0.19348,8.8347,-5.4019,0,0.495,0.23038,0.092349
568.56,-587.03,29.317,-1.3482,-2.768,0.008689,0.00024281,35.907,1.4873,0.1944,8.2808,-4.9522,0,0.495,0.23033,0.096335
247.64,-276.62,29.548,-1.6462,-1.6163,0.0073918,0.00026377,28.355,4.9793,0.23358,1.0771,-4.7974,0,0.495,0.29427,0.084022
231.54,-260.56,29.573,-1.5898,-1.6308,0.0069416,0.00029677,23.685,4.4448,0.37788,1.3116,-4.7005,0,0.495,0.29428,0.088008
196.44,-225.82,29.608,-1.62,-1.5095,0.0068792,0.00030802,22.709,4.6448,0.66451,1.1245,-4.9071,0,0.495,0.30222,0.084017
177.74,-208.02,29.631,-1.572,-1.5266,0.006584,0.00034774,19.109,4.1505,0.56469,1.3655,-5.0025,0,0.495,0.30222,0.088
343.13,-370.99,29.463,-1.7332,-1.7241,0.0093624,0.00022509,41.705,5.846,0.040762,1.733,-4.4799,0,0.495,0.28631,0.080062
319.66,-345.84,29.493,-1.6674,-1.7422,0.0080328,0.00023828,33.958,5.2623,0.59388,1.7065,-4.0302,0,0.495,0.28631,0.084032
270.51,-299.77,29.523,-1.7041,-1.5974,0.0081749,0.00023996,34.379,5.5181,-0.081457,1.0185,-4.9182,0,0.495,0.29427,0.080048
220.16,-248.8,29.585,-1.6696,-1.488,0.0073311,0.00027318,27.254,5.1418,0.52113,0.97032,-4.8418,0,0.495,0.30222,0.080032
304.09,-328.39,29.522,-1.6036,-1.7562,0.0073348,0.00026375,28.059,4.686,1.0387,1.9625,-3.5975,0,0.495,0.28631,0.08802
159.64,-186.77,29.689,-1.5453,-1.4317,0.0062834,0.00034714,14.964,3.815,2.2324,1.4689,-4.5347,0,0.495,0.31016,0.088001
144.06,-172.5,29.713,-1.5053,-1.4491,0.0061303,0.00029754,12.726,3.3589,1.9068,1.8322,-4.7003,0,0.495,0.31016,0.091996
163.35,-194.61,29.656,-1.5247,-1.5394,0.0063681,0.00035773,16.2,3.6604,0.27783,1.8558,-5.0596,0,0.495,0.30222,0.09199
176.86,-202.72,29.666,-1.5859,-1.4109,0.0064814,0.00035392,17.681,4.2706,2.3822,1.247,-4.3217,0,0.495,0.31016,0.084017
197.66,-222.73,29.644,-1.6278,-1.3864,0.0067527,0.00032736,21.029,4.7261,2.2279,1.0615,-4.1222,0,0.495,0.31016,0.080029
221.45,-250.42,29.6,-1.5344,-1.6409,0.0066374,0.00033691,19.946,3.9189,0.44222,1.8438,-4.5583,0,0.495,0.29428,0.091996
293.82,-316.86,29.553,-1.5415,-1.7664,0.0069104,0.00029783,23.418,4.1223,1.4607,2.5579,-3.1199,0,0.495,0.28631,0.092005
489.19,-524.48,29.33,-1.9183,-1.822,0.022646,0.0002852,78.058,7.4113,-0.90989,4.1881,-5.9332,0,0.495,0.27825,0.072099
552.38,-589.63,29.257,-1.9564,-1.9809,0.03004,0.00032734,90.175,7.6887,-1.4476,6.4544,-6.9956,0,0.495,0.27025,0.072098
451.48,-483.27,29.371,-1.8391,-1.8476,0.015169,0.00024385,61.529,6.7593,-0.57313,3.4618,-5.001,0,0.495,0.27827,0.076131
503.48,-537.82,29.308,-1.8716,-2.0033,0.019315,0.00026901,70.817,6.9828,-1.3677,5.3683,-5.9834,0,0.495,0.27026,0.076074
373.5,-403.38,29.433,-1.802,-1.7017,0.011922,0.00022833,51.955,6.4386,-0.53817,2.0578,-4.9501,0,0.495,0.2863,0.076111
417.42,-445.3,29.409,-1.7631,-1.8691,0.011032,0.00022513,48.854,6.1168,-0.11073,2.9913,-4.2405,0,0.495,0.27827,0.080106
406.66,-438.53,29.401,-1.8739,-1.6746,0.016618,0.00025077,65.394,7.0374,-0.97971,2.4695,-5.5857,0,0.495,0.28629,0.072123
461.34,-491.92,29.356,-1.7899,-2.0216,0.013245,0.00023549,55.848,6.2868,-1.2533,4.7054,-5.1679,0,0.495,0.27026,0.08004
603.68,-651.65,29.174,-1.9822,-2.1434,0.03895,0.00037413,102.24,7.8333,-2.6604,8.5934,-8.924,0,0.495,0.2623,0.072134
676.11,-727.31,29.104,-2.0763,-2.1224,0.061996,0.0004701,129.59,8.61,-2.5562,10.803,-10.062,0,0.495,0.2623,0.068147
606.15,-649.31,29.199,-2.0439,-1.9539,0.047496,0.00040718,114.57,8.4032,-1.4831,8.0521,-8.2282,0,0.495,0.27025,0.068123
528.65,-570.2,29.285,-1.9998,-1.7917,0.035031,0.0003469,99.047,8.0691,-1.1194,5.2463,-7.0624,0,0.495,0.27824,0.068081
440.49,-476.43,29.367,-1.9481,-1.6428,0.024567,0.00029191,82.595,7.6418,-1.2487,3.055,-6.409,0,0.495,0.28629,0.06813
539.16,-585.74,29.236,-1.8916,-2.1595,0.024527,0.00030063,80.283,7.0681,-2.7998,7.087,-8.0259,0,0.495,0.2623,0.07611
488.83,-531.29,29.292,-1.804,-2.1713,0.016147,0.00025319,63.094,6.316,-2.9847,6.1442,-7.3498,0,0.495,0.26231,0.080072
368.04,-388.33,29.483,-1.6201,-1.9004,0.0077833,0.00024494,31.988,4.8655,0.85158,3.1824,-2.8019,0,0.495,0.27826,0.088066
389.8,-413.86,29.446,-1.6902,-1.8866,0.0088768,0.000227,39.239,5.4863,0.3959,2.9231,-3.5005,0,0.495,0.27827,0.08408
396.62,-421.09,29.447,-1.6343,-2.0463,0.0083553,0.00023502,35.724,4.9306,-0.99389,4.6808,-3.8224,0,0.495,0.27026,0.088024
426.04,-453.78,29.402,-1.7108,-2.0359,0.01001,0.00022553,44.385,5.6029,-1.1284,4.538,-4.427,0,0.495,0.27026,0.084025
371.23,-393.68,29.494,-1.5606,-2.0534,0.007503,0.00025856,29.217,4.2696,-0.80934,5.0454,-3.3335,0,0.495,0.27026,0.092029
375.79,-413.29,29.448,-1.5555,-2.1863,0.007923,0.00024757,32.191,4.1495,-2.8434,5.6804,-6.449,0,0.495,0.26226,0.092158
410.43,-448.68,29.397,-1.6356,-2.1842,0.0091535,0.00023107,39.714,4.8539,-3.0689,5.6034,-6.5788,0,0.495,0.26229,0.088084
340.16,-378.62,29.499,-1.479,-2.1848,0.007256,0.0002755,26.522,3.4664,-2.4482,5.6931,-6.4963,0,0.495,0.26215,0.096249
347.55,-367.51,29.541,-1.4895,-2.0576,0.0070041,0.00029147,24.206,3.6254,-0.53309,5.3236,-3.06,0,0.495,0.27024,0.096061
446.15,-487.61,29.346,-1.7186,-2.1795,0.01156,0.00023122,49.813,5.5755,-3.097,5.744,-6.8496,0,0.495,0.2623,0.084058
351.1,-368.94,29.521,-1.5526,-1.9106,0.0071867,0.00027397,26.432,4.2582,1.2707,3.7583,-2.1084,0,0.495,0.27826,0.092044
338.01,-351.74,29.562,-1.4876,-1.9176,0.0068036,0.00031085,22.055,3.6628,1.7365,4.368,-1.5486,0,0.495,0.27824,0.09601
418.05,-464.76,30.119,0.40076,2.7207,0.0061329,5.7977e-05,11.332,-13.364,0.064803,8.2414,2.6216,0,0.495,0.1746,-0.16798
399.82,-450.36,30.156,0.44407,2.6444,0.0060665,5.4072e-05,10.465,-13.316,0.99803,7.4619,2.5151,0,0.495,0.1746,-0.17198
460.13,-518.31,30.121,0.53505,2.8074,0.006409,7.0785e-05,14.289,-14.548,-1.9573,8.5313,3.8499,0,0.495,0.16664,-0.16797
434.62,-496.23,30.158,0.58075,2.7232,0.0062968,6.4559e-05,13.2,-14.426,-1.3102,8.0111,3.7621,0,0.495,0.16664,-0.17197
413.22,-476.16,30.191,0.61915,2.6379,0.0062079,5.9508e-05,12.201,-14.297,-0.74253,7.5043,3.6285,0,0.495,0.16664,-0.17596
386.46,-438.89,30.19,0.48097,2.5663,0.0060096,5.0953e-05,9.6637,-13.258,1.8055,6.8197,2.4137,0,0.495,0.1746,-0.17597
438.3,-481.56,30.079,0.35074,2.7953,0.006213,6.3149e-05,12.303,-13.403,-0.69002,8.8553,2.5161,0,0.495,0.1746,-0.16399
416.69,-446.66,30.065,0.2346,2.689,0.0060239,5.3786e-05,10.028,-12.229,0.45099,8.959,1.5079,0,0.495,0.18256,-0.16403
402.43,-435.76,30.107,0.28082,2.6188,0.0059696,5.0557e-05,9.2407,-12.257,1.3525,8.1745,1.6281,0,0.495,0.18256,-0.16803
390.06,-427.28,30.144,0.32024,2.5459,0.0059232,4.8227e-05,8.538,-12.275,2.2751,7.3502,1.603,0,0.495,0.18256,-0.17202
380.96,-419.62,30.178,0.35329,2.4707,0.0058825,4.6537e-05,7.8866,-12.282,2.9244,6.7681,1.6353,0,0.495,0.18256,-0.17601
487.91,-543.38,30.083,0.48223,2.8903,0.0065605,7.8784e-05,15.519,-14.664,-2.3444,8.7979,3.671,0,0.495,0.16664,-0.16398
666.95,-756.88,30.242,1.2072,2.5787,0.0073681,8.5992e-05,20.773,-16.904,0.48644,7.3741,1.9665,0,0.495,0.14258,-0.18416
732.98,-816.78,30.217,1.1851,2.6947,0.0081253,9.8852e-05,22.857,-17.273,0.18429,7.4448,1.6399,0,0.495,0.14258,-0.18016
584.23,-667.72,30.243,1.0105,2.5354,0.0066426,6.8657e-05,16.693,-15.955,-1.089,7.8187,3.035,0,0.495,0.15063,-0.18397
614.69,-693.74,30.213,0.98436,2.6429,0.0068546,7.704e-05,18.094,-16.236,-1.0958,7.73,2.9757,0,0.495,0.15063,-0.17998
479.2,-553.43,30.217,0.80435,2.6001,0.0063981,6.4778e-05,14.366,-15.196,-1.5451,7.5696,3.4584,0,0.495,0.1586,-0.17995
457.92,-536.25,30.247,0.83063,2.504,0.0062985,5.9e-05,13.253,-14.993,-2.0584,7.6576,3.2629,0,0.495,0.1586,-0.18394
598.87,-670.98,30.268,1.2237,2.4651,0.0069984,7.8433e-05,19.03,-16.546,0.21468,7.524,2.2857,0,0.495,0.14258,-0.18815
737.36,-819.86,30.27,1.4187,2.4885,0.0083117,9.864e-05,24.136,-17.332,0.20417,6.6044,1.3317,0,0.495,0.13463,-0.18817
825.19,-931.84,30.249,1.4139,2.6147,0.0099556,0.00011536,27.046,-17.791,1.2848,6.7778,1.1476,0,0.495,0.13463,-0.18418
1121.6,-1215.7,30.275,1.6504,2.4812,0.013802,0.0001363,33.272,-18.119,0.83631,5.8665,1.3033,0,0.495,0.1267,-0.18816
1235.8,-1358.7,30.257,1.6574,2.6324,0.022574,0.00019451,40.473,-18.68,2.8563,7.1515,2.0652,0,0.495,0.1267,-0.18417
918.4,-1025,30.228,1.4018,2.7451,0.013745,0.0001482,31.305,-18.266,1.6758,7.2507,1.1529,0,0.495,0.13463,-0.18019
1354.7,-1484.4,30.233,1.6561,2.7884,0.042446,0.00031986,52.349,-19.251,4.2164,9.1761,3.6997,0,0.495,0.1267,-0.18017
548.27,-615.8,30.273,1.0332,2.428,0.0065042,6.2738e-05,15.372,-15.686,-1.8371,8.1813,3.0467,0,0.495,0.15063,-0.18797
434.06,-498.56,30.279,0.85544,2.4079,0.0062192,5.5168e-05,12.18,-14.799,-3.5726,8.0307,3.0438,0,0.495,0.1586,-0.18794
373.53,-434.51,30.252,0.54205,2.4067,0.0059164,4.5945e-05,8.1865,-13.127,2.0722,6.8868,2.057,0,0.495,0.1746,-0.18395
375.64,-444.52,30.254,0.68021,2.4667,0.0060695,5.1574e-05,10.319,-14.031,-1.0686,7.4687,3.0763,0,0.495,0.16664,-0.18394
377.86,-432.85,30.221,0.51282,2.4871,0.0059598,4.8303e-05,8.9034,-13.195,2.2038,6.6057,2.2105,0,0.495,0.1746,-0.17996
393.75,-458.37,30.223,0.65148,2.5523,0.0061335,5.5261e-05,11.245,-14.165,-0.5835,7.2821,3.3385,0,0.495,0.16664,-0.17995
363.14,-409.12,30.243,0.40725,2.3161,0.0058146,4.4411e-05,6.6812,-12.267,2.1772,7.1335,1.6044,0,0.495,0.18256,-0.18399
348.05,-390.74,30.277,0.43383,2.2371,0.0057885,4.4556e-05,6.1578,-12.242,0.75356,7.7793,1.5939,0,0.495,0.18256,-0.18799
372.58,-425.71,30.285,0.57105,2.3244,0.0058805,4.4763e-05,7.5445,-13.062,1.5964,7.4617,1.9393,0,0.495,0.1746,-0.18794
325.38,-375.63,30.313,0.46217,2.1616,0.0057683,4.4536e-05,5.7242,-12.234,-0.93377,8.1631,1.5136,0,0.495,0.18256,-0.19198
220.26,-260.08,30.27,0.30264,2.1987,0.0057178,5.4771e-05,4.8442,-11.415,-5.2528,8.2414,1.3125,0,0.495,0.19059,-0.18814
246.26,-285.14,30.233,0.27174,2.263,0.0057389,5.343e-05,5.2913,-11.393,-2.3779,7.8111,1.2807,0,0.495,0.19059,-0.18415
374.72,-435.96,30.32,0.60077,2.2466,0.0058529,4.3322e-05,7.0196,-13.051,1.0472,7.8294,1.8178,0,0.495,0.1746,-0.19194
372.51,-413.07,30.211,0.38137,2.3939,0.0058463,4.532e-05,7.2658,-12.279,2.9721,6.7031,1.6062,0,0.495,0.18256,-0.18
268.42,-302.73,30.198,0.24465,2.3277,0.0057647,5.2461e-05,5.8132,-11.357,-0.06248,7.3742,1.2485,0,0.495,0.19059,-0.18015
361.75,-421.99,30.286,0.70857,2.381,0.0060151,4.9246e-05,9.4453,-13.904,-2.1814,7.9409,2.842,0,0.495,0.16664,-0.18793
354.85,-420.97,30.321,0.73931,2.3011,0.0059711,4.6973e-05,8.6849,-13.829,-3.4613,8.2853,2.6609,0,0.495,0.16664,-0.19193
192.84,-221.65,30.123,-0.33173,2.032,0.0055951,5.6392e-05,2.9944,-6.4641,4.4642,5.059,3.427,0,0.495,0.23823,-0.16827
183.65,-211.85,30.154,-0.30032,1.9906,0.0055828,5.7478e-05,2.7217,-6.7291,5.0512,4.6272,3.1495,0,0.495,0.23823,-0.17227
198.54,-231.22,30.108,-0.26649,2.141,0.0056078,5.5009e-05,3.2166,-7.061,4.5413,5.6273,4.3284,0,0.495,0.23029,-0.16826
186.42,-218.68,30.141,-0.23531,2.0978,0.0055939,5.6436e-05,2.9074,-7.3066,4.8719,5.2751,3.9363,0,0.495,0.23029,-0.17226
182.46,-214.13,30.174,-0.20593,2.0542,0.0055817,5.7002e-05,2.6405,-7.5351,4.6092,5.3452,3.5102,0,0.495,0.23029,-0.17625
182.83,-210.16,30.184,-0.27085,1.9484,0.005572,5.7561e-05,2.4889,-6.9764,5.1936,4.6701,2.8285,0,0.495,0.23823,-0.17626
209.35,-239.41,30.089,-0.36717,2.0725,0.0056092,5.4536e-05,3.3138,-6.1819,3.4733,5.8074,3.5796,0,0.495,0.23823,-0.16428
173.73,-197.88,30.097,-0.43654,1.9764,0.0056014,6.0693e-05,3.1539,-5.6634,0.47558,5.4726,1.8154,0,0.495,0.24616,-0.16429
159.51,-182.94,30.13,-0.40347,1.9371,0.0055887,6.3055e-05,2.8701,-5.9588,1.1845,4.669,1.6592,0,0.495,0.24617,-0.16828
150.6,-173.92,30.16,-0.37453,1.8964,0.0055775,6.4552e-05,2.6259,-6.2367,1.4018,4.1922,1.4093,0,0.495,0.24617,-0.17227
146.91,-170.01,30.188,-0.34756,1.8545,0.0055675,6.4939e-05,2.412,-6.4972,0.97486,4.2436,1.134,0,0.495,0.24617,-0.17627
217.42,-251.46,30.071,-0.30182,2.1836,0.0056237,5.3009e-05,3.5716,-6.7982,3.742,6.2758,4.6056,0,0.495,0.23029,-0.16427
186.78,-220.89,30.226,0.11458,2.169,0.0056382,5.6638e-05,3.4946,-9.8227,0.5813,7.6844,2.5378,0,0.495,0.20649,-0.1842
187.73,-220.52,30.189,0.083901,2.2202,0.005655,5.7024e-05,3.8507,-9.7052,0.50268,7.2753,2.7761,0,0.495,0.20649,-0.18021
201.51,-237.01,30.228,0.025174,2.1012,0.0056056,5.4588e-05,2.9897,-9.1626,-0.28483,7.3128,2.451,0,0.495,0.21442,-0.18421
203.24,-237.86,30.191,-0.0074177,2.1543,0.0056188,5.4813e-05,3.2795,-9.0196,0.14116,6.841,2.6866,0,0.495,0.21442,-0.18022
191.27,-225.23,30.196,-0.095569,2.0904,0.0055905,5.5958e-05,2.7693,-8.359,1.1851,6.3485,3.0346,0,0.495,0.22236,-0.18023
192.51,-227.64,30.232,-0.063021,2.0405,0.0055805,5.5504e-05,2.5439,-8.5291,0.026108,6.8757,2.7386,0,0.495,0.22236,-0.18422
187.67,-224.26,30.265,0.14629,2.1173,0.0056247,5.6041e-05,3.1995,-9.9276,0.50359,7.8294,2.3145,0,0.495,0.20649,-0.1882
151.52,-188.39,30.265,0.2236,2.1843,0.005661,6.0404e-05,3.7525,-10.642,-3.4544,8.1553,2.1144,0,0.495,0.19855,-0.18818
160.28,-194.83,30.227,0.19009,2.2347,0.0056789,6.0096e-05,4.1253,-10.573,-2.1971,7.9863,2.1697,0,0.495,0.19855,-0.18419
172.13,-204.46,30.189,0.15909,2.2851,0.0057007,5.9432e-05,4.5745,-10.493,-0.89626,7.6076,2.2521,0,0.495,0.19855,-0.1802
197.87,-234.09,30.266,0.059436,2.0481,0.0055951,5.4726e-05,2.7481,-9.29,-0.76645,7.4724,2.2448,0,0.495,0.21442,-0.18821
192.25,-229.77,30.27,-0.027813,1.9901,0.0055726,5.5132e-05,2.3604,-8.6857,-0.98338,7.0081,2.5197,0,0.495,0.22236,-0.18822
192.75,-219.66,30.246,-0.21074,1.8621,0.005555,5.6075e-05,2.1183,-7.4239,4.6092,5.9849,2.1759,0,0.495,0.23823,-0.18424
189.63,-222.21,30.241,-0.14401,1.9661,0.0055624,5.5969e-05,2.2176,-7.9467,3.023,6.3968,2.7146,0,0.495,0.23029,-0.18423
188.04,-214.77,30.214,-0.24142,1.9056,0.0055628,5.6829e-05,2.2897,-7.2074,4.9751,5.2139,2.4988,0,0.495,0.23823,-0.18025
185.22,-216.72,30.206,-0.17599,2.0104,0.0055712,5.6692e-05,2.4117,-7.7476,3.8756,5.8213,3.0865,0,0.495,0.23029,-0.18024
138.83,-163.29,30.248,-0.28883,1.7689,0.0055508,6.4129e-05,2.0523,-6.9668,-1.8239,5.8098,0.5795,0,0.495,0.24617,-0.18425
126.28,-153.01,30.282,-0.25355,1.7265,0.0055444,6.479e-05,1.9037,-7.1767,-3.4322,6.4294,0.38914,0,0.495,0.24617,-0.18825
189.33,-218.18,30.281,-0.17899,1.8183,0.0055487,5.615e-05,1.9718,-7.6264,4.3571,6.3792,1.9844,0,0.495,0.23823,-0.18824
111.55,-137.87,30.317,-0.2152,1.6846,0.0055395,6.6466e-05,1.7785,-7.3763,-4.6301,6.2322,0.19769,0,0.495,0.24617,-0.19227
58.846,-78.943,30.265,-0.31626,1.7274,0.0055335,8.2364e-05,1.6524,-6.7689,-9.7588,5.7903,-1.2855,0,0.495,0.2541,-0.18826
70.946,-89.234,30.232,-0.35463,1.7594,0.0055396,8.3704e-05,1.7866,-6.5431,-7.5874,5.3807,-1.1118,0,0.495,0.2541,-0.18426
176.47,-208.62,30.316,-0.1475,1.7733,0.005544,5.7654e-05,1.8498,-7.8216,4.0248,5.9678,1.8808,0,0.495,0.23823,-0.19226
144.7,-168.03,30.217,-0.31984,1.8118,0.0055586,6.457e-05,2.2218,-6.7405,-0.17278,4.8695,0.86557,0,0.495,0.24617,-0.18026
81.01,-97.852,30.202,-0.38763,1.7915,0.005547,8.4645e-05,1.944,-6.3016,-5.2138,4.5488,-0.91014,0,0.495,0.2541,-0.18027
190.73,-225.67,30.277,-0.11034,1.9206,0.0055554,5.551e-05,2.0567,-8.1328,2.4548,6.5243,2.4662,0,0.495,0.23029,-0.18823
188.04,-225.24,30.312,-0.076799,1.8726,0.00555,5.5613e-05,1.9277,-8.3155,2.3536,5.8482,2.3197,0,0.495,0.2303,-0.19225
69.18,-90.315,30.228,-0.69191,1.3452,0.005532,8.8661e-05,1.7119,-3.9151,1.7447,2.9161,3.3665,0,0.495,0.30221,-0.16846
57.241,-76.732,30.247,-0.66725,1.3273,0.0055264,9.5558e-05,1.5786,-4.2014,3.1436,2.0023,3.368,0,0.495,0.30221,-0.17245
101.17,-122.99,30.19,-0.66875,1.4476,0.0055344,7.0772e-05,1.8106,-4.0562,8.0903,2.2396,5.0981,0,0.495,0.29427,-0.16845
82.985,-102.21,30.209,-0.64618,1.4302,0.005528,7.5296e-05,1.6509,-4.3499,9.0664,1.5876,4.9172,0,0.495,0.29427,-0.17244
81.238,-100.22,30.226,-0.62629,1.4128,0.0055223,7.6295e-05,1.523,-4.63,8.8849,1.4471,4.5426,0,0.495,0.29427,-0.17643
56.367,-75.286,30.262,-0.64596,1.3091,0.0055213,9.6465e-05,1.4703,-4.4743,3.4775,1.5316,3.2157,0,0.495,0.30221,-0.17644
87.85,-111.34,30.205,-0.72366,1.3635,0.0055379,8.0066e-05,1.8681,-3.6198,-0.2101,3.8535,3.1534,0,0.495,0.30221,-0.16446
37.187,-40.593,30.216,-0.754,1.326,0.0055306,0.00010695,1.6477,-3.5823,-8.4477,3.8095,-1.5781,0,0.495,0.31015,-0.16447
29.704,-33.124,30.239,-0.72139,1.3076,0.0055261,0.00012,1.5349,-3.8708,-6.7462,2.7758,-1.5733,0,0.495,0.31015,-0.16846
25.174,-28.573,30.258,-0.69672,1.2888,0.0055217,0.00012953,1.4369,-4.1507,-5.5341,1.7219,-1.7095,0,0.495,0.31015,-0.17246
23.896,-26.606,30.272,-0.67627,1.269,0.0055175,0.00013088,1.3534,-4.4175,-5.4777,1.1018,-1.8753,0,0.495,0.31015,-0.17645
130.11,-156.4,30.167,-0.69784,1.4654,0.0055414,6.5025e-05,2.0005,-3.7515,6.3941,3.0284,5.0428,0,0.495,0.29427,-0.16446
145.98,-167.77,30.219,-0.43033,1.6575,0.0055213,6.4452e-05,1.5047,-5.8917,1.5555,5.3162,1.7519,0,0.495,0.27016,-0.18461
131.08,-156.08,30.187,-0.46464,1.6895,0.005526,6.6889e-05,1.603,-5.6042,2.0545,4.4638,1.9416,0,0.495,0.27018,-0.18054
147.09,-175.06,30.229,-0.49412,1.5772,0.0055175,6.331e-05,1.462,-5.5873,1.2736,4.6812,2.2568,0,0.495,0.27834,-0.18445
129.75,-156.04,30.2,-0.52789,1.609,0.0055216,6.6608e-05,1.5446,-5.3239,3.518,3.8443,2.7034,0,0.495,0.27835,-0.18044
116.12,-137.67,30.219,-0.5717,1.5116,0.005519,6.8752e-05,1.4803,-5.0886,6.3824,2.9543,3.1631,0,0.495,0.28633,-0.18042
137.36,-162.89,30.244,-0.5399,1.4871,0.0055148,6.4786e-05,1.3981,-5.3454,3.617,4.0432,2.5902,0,0.495,0.28633,-0.18441
146.9,-169.35,30.252,-0.39275,1.6271,0.0055175,6.4107e-05,1.4136,-6.1576,1.6442,5.5412,1.6591,0,0.495,0.27014,-0.18864
92.392,-105.71,30.248,-0.35384,1.7229,0.0055219,7.9894e-05,1.4317,-6.4414,-2.4663,5.3439,-0.043875,0,0.495,0.26205,-0.18832
97.868,-110.12,30.215,-0.38898,1.7472,0.0055269,8.1255e-05,1.5428,-6.1862,-2.3025,5.2043,-0.0039713,0,0.495,0.26205,-0.18431
93.936,-108.89,30.184,-0.42223,1.7726,0.005533,8.3014e-05,1.6706,-5.9067,-1.6399,4.4434,0.057393,0,0.495,0.26206,-0.18031
158.73,-186.63,30.26,-0.45254,1.545,0.0055141,6.1208e-05,1.3868,-5.8462,-0.60821,5.0483,2.0587,0,0.495,0.27833,-0.18846
154.47,-182.02,30.274,-0.49968,1.4611,0.0055113,6.1626e-05,1.3251,-5.6017,1.1637,4.8953,2.3543,0,0.495,0.28632,-0.18841
81.709,-102.3,30.294,-0.5935,1.2718,0.0055124,8.3493e-05,1.3086,-5.0066,1.2914,3.0656,2.4862,0,0.495,0.30221,-0.18442
115.87,-140.93,30.265,-0.57542,1.3764,0.0055128,6.886e-05,1.3388,-5.1617,5.6104,3.3575,3.4169,0,0.495,0.29427,-0.18441
66.677,-86.511,30.276,-0.62276,1.2904,0.0055166,9.0808e-05,1.3831,-4.7424,2.6848,1.8936,2.9325,0,0.495,0.30221,-0.18043
95.231,-116.7,30.243,-0.60396,1.395,0.0055172,7.3329e-05,1.4221,-4.9002,7.5432,2.0873,4.0316,0,0.495,0.29427,-0.18042
26.616,-21.218,30.301,-0.62498,1.227,0.0055095,0.00011505,1.2154,-4.9493,-9.2698,2.5913,-2.3505,0,0.495,0.31015,-0.18443
20.604,-15.025,30.323,-0.58542,1.2075,0.0055062,0.00010411,1.1551,-5.1985,-11.647,4.1763,-2.4889,0,0.495,0.31015,-0.18843
91.212,-111.47,30.317,-0.55771,1.2544,0.0055087,7.8633e-05,1.2377,-5.2661,0.18358,4.4371,2.1718,0,0.495,0.30221,-0.18842
15.042,-10.172,30.351,-0.53788,1.186,0.0055035,9.8431e-05,1.096,-5.4282,-12.66,5.1366,-2.621,0,0.495,0.31016,-0.19248
-8.3913,33.812,30.279,-0.61771,1.268,0.0054992,0.00013292,0.99917,-5.1371,-16.02,3.3929,-4.6972,0,0.495,0.31809,-0.18844
0.18892,20.099,30.259,-0.65614,1.2825,0.005502,0.00015495,1.0491,-4.8928,-13.018,2.0216,-4.5552,0,0.495,0.31809,-0.18444
91.953,-108.15,30.345,-0.519,1.2375,0.0055056,7.8601e-05,1.1639,-5.5259,-0.093254,4.9781,1.9346,0,0.495,0.30221,-0.19247
26.257,-25.709,30.285,-0.6543,1.2481,0.0055134,0.00012447,1.2808,-4.6827,-6.8499,1.3747,-2.0619,0,0.495,0.31015,-0.18044
7.0035,6.3524,30.243,-0.6838,1.2972,0.0055053,0.00017282,1.106,-4.6356,-10.057,0.85948,-4.3317,0,0.495,0.31809,-0.18045
130.25,-158.44,30.292,-0.54035,1.3571,0.0055091,6.5808e-05,1.263,-5.4249,3.9564,4.6469,3.0094,0,0.495,0.29427,-0.18842
131.92,-156.66,30.323,-0.50233,1.3354,0.005506,6.6626e-05,1.1876,-5.6941,3.1991,5.0881,2.8154,0,0.495,0.29425,-0.19246
24.997,-33.469,30.363,-0.70789,0.84777,0.0054978,0.00014726,0.99065,-4.2395,-1.2297,2.2472,2.8191,0,0.495,0.36572,-0.1725
53.627,-65.184,30.316,-0.71815,0.92216,0.0055002,9.4136e-05,1.074,-4.1856,6.5316,1.0634,4.8798,0,0.495,0.35778,-0.1725
37.856,-46.177,30.346,-0.73863,0.85097,0.0054998,0.00011696,1.0532,-4.0312,-4.6045,3.4663,2.4398,0,0.495,0.36572,-0.16851
82.782,-100.4,30.301,-0.74427,0.92184,0.0055031,8.1625e-05,1.1645,-3.9583,3.2431,2.1542,4.647,0,0.495,0.35778,-0.1685
28.487,-32.548,30.326,-0.70475,0.92404,0.0054973,0.00010837,0.99096,-4.403,9.4373,-0.25202,5.1377,0,0.495,0.35778,-0.17649
14.073,-19.099,30.374,-0.69039,0.84599,0.0054957,0.00020042,0.92957,-4.4405,2.3311,0.66724,3.1855,0,0.495,0.36572,-0.17649
46.736,-54.104,30.325,-0.7796,0.85569,0.0055013,0.00010438,1.0998,-3.8192,-6.6069,4.2751,1.8807,0,0.495,0.36572,-0.16452
-25.67,27.36,30.324,-0.78488,0.8588,0.0054952,0.00014255,0.92971,-3.9913,-14.191,4.7574,-3.9129,0,0.495,0.37366,-0.16452
-21.698,25.645,30.348,-0.7425,0.85234,0.0054944,0.0001578,0.90645,-4.1905,-13.057,3.9203,-3.6996,0,0.495,0.37366,-0.16851
-21.098,21.771,30.297,-0.82836,0.8643,0.0054958,0.0001472,0.93724,-3.7874,-13.158,4.8728,-3.9952,0,0.495,0.37366,-0.16053
47.043,-54.179,30.301,-0.82409,0.86086,0.0055024,0.00010602,1.1188,-3.6033,-6.5109,4.5759,1.4252,0,0.495,0.36572,-0.16053
103.56,-125.82,30.282,-0.78183,0.92388,0.0055055,7.4322e-05,1.2404,-3.7205,0.83805,2.8993,4.2564,0,0.495,0.35778,-0.16451
107.56,-130.84,30.26,-0.82529,0.92752,0.0055074,7.3351e-05,1.2838,-3.4869,0.27148,3.2622,3.9666,0,0.495,0.35778,-0.16052
-11.757,17.848,30.368,-0.70933,0.84574,0.0054934,0.00018889,0.87474,-4.3863,-10.243,2.5026,-3.6094,0,0.495,0.37366,-0.17251
-2.6142,8.0353,30.38,-0.68945,0.83884,0.0054922,0.00023207,0.84538,-4.5753,-6.907,0.67646,-3.4447,0,0.495,0.37366,-0.1765
76.612,-94.202,30.258,-0.67874,1.2204,0.0054959,8.5103e-05,1.0061,-4.7692,3.8184,1.5089,2.8592,0,0.495,0.33397,-0.18445
53.23,-66.864,30.245,-0.70233,1.2316,0.0054976,9.5623e-05,1.0231,-4.5344,5.9335,0.41293,3.2556,0,0.495,0.33397,-0.18046
69.201,-82.228,30.283,-0.6983,1.1293,0.0054949,8.8942e-05,0.98404,-4.766,6.0396,0.80588,2.0558,0,0.495,0.34191,-0.18446
41.263,-49.585,30.273,-0.71486,1.1373,0.0054966,9.9665e-05,0.99647,-4.5431,9.2176,-0.21679,2.7207,0,0.495,0.34191,-0.18047
28.023,-29.538,30.294,-0.71044,1.0332,0.0054956,0.00010518,0.96233,-4.5818,11.364,-0.90362,3.1776,0,0.495,0.34985,-0.18047
50.626,-56.588,30.298,-0.7008,1.0319,0.0054937,9.6725e-05,0.93953,-4.7943,8.5662,-0.30355,2.494,0,0.495,0.34985,-0.18446
98.975,-120.95,30.276,-0.64537,1.2076,0.0054943,7.6176e-05,0.98927,-4.9959,1.8735,2.7537,2.6877,0,0.495,0.33397,-0.18845
53.547,-50.792,30.252,-0.63193,1.2931,0.0054945,0.00011187,0.94218,-5.0433,-5.3676,2.7567,-0.26297,0,0.495,0.32603,-0.18845
43.26,-44.288,30.233,-0.66638,1.3028,0.0054966,0.00013042,0.97819,-4.8068,-3.666,1.7782,-0.15122,0,0.495,0.32603,-0.18444
34.12,-36.667,30.219,-0.69267,1.312,0.0054991,0.00014881,1.0156,-4.5638,-1.6881,0.76259,0.067225,0,0.495,0.32603,-0.18045
102.54,-122.03,30.298,-0.66805,1.1188,0.0054937,7.6317e-05,0.98153,-4.9828,2.1827,2.4091,1.5747,0,0.495,0.34191,-0.18846
87.574,-101.95,30.308,-0.67763,1.028,0.0054923,8.1897e-05,0.93567,-5.0043,4.2092,1.3885,1.7909,0,0.495,0.34985,-0.18847
13.507,-16.717,30.376,-0.67972,0.84431,0.0054918,0.00021717,0.86029,-4.8276,4.5215,-1.4368,2.9513,0,0.495,0.36572,-0.18448
30.293,-35.08,30.33,-0.6952,0.92848,0.0054928,0.00010858,0.90449,-4.818,9.3076,-1.3794,4.5401,0,0.495,0.35778,-0.18447
8.4077,-10.696,30.378,-0.68365,0.84546,0.0054936,0.00024272,0.88425,-4.6384,4.628,-0.8929,3.2099,0,0.495,0.36572,-0.18048
17.182,-19.072,30.33,-0.70005,0.92687,0.0054948,0.00011554,0.93241,-4.6148,10.633,-1.3485,5.0424,0,0.495,0.35778,-0.18048
0.48479,4.7448,30.383,-0.67827,0.82473,0.0054893,0.00024513,0.80137,-4.9421,-4.9001,-1.657,-3.5242,0,0.495,0.37366,-0.18448
-3.0589,13.842,30.382,-0.66669,0.81812,0.0054875,0.00019816,0.77913,-5.1264,-8.0808,-0.2147,-3.4488,0,0.495,0.37366,-0.18849
29.658,-38.434,30.376,-0.66746,0.84346,0.0054902,0.0001507,0.85145,-5.0215,2.1022,-0.28438,2.6636,0,0.495,0.36572,-0.18848
-15.473,25.629,30.392,-0.63649,0.8086,0.0054859,0.00015909,0.75649,-5.3032,-12.09,2.4724,-3.4599,0,0.495,0.37366,-0.19254
-11.662,31.328,30.331,-0.67517,0.88993,0.0054826,0.00026054,0.68199,-5.233,-11.267,-0.28857,-5.421,0,0.495,0.38159,-0.1885
-3.1031,10.689,30.33,-0.68624,0.8926,0.0054843,0.00027685,0.71155,-5.0551,-7.2234,-1.7072,-5.6395,0,0.495,0.38159,-0.18449
50.255,-62.343,30.384,-0.64012,0.83983,0.0054886,0.00010783,0.83976,-5.2099,-0.76767,1.7065,2.356,0,0.495,0.36572,-0.19253
0.99737,2.5337,30.385,-0.68161,0.83222,0.0054909,0.00026332,0.82232,-4.7628,-4.6198,-1.0845,-3.4773,0,0.495,0.37366,-0.18049
-1.3453,5.7046,30.331,-0.68925,0.89656,0.0054858,0.00026391,0.73545,-4.8784,-5.9999,-1.5077,-5.7662,0,0.495,0.38159,-0.18049
59.945,-73.855,30.334,-0.6799,0.92909,0.0054913,9.2611e-05,0.89743,-5.0214,5.9883,0.02215,3.8992,0,0.495,0.35778,-0.18847
89.016,-107.59,30.346,-0.64957,0.92366,0.0054899,8.0851e-05,0.88745,-5.2161,2.6799,1.9423,3.1855,0,0.495,0.35779,-0.19252
8.9019,-8.9049,30.304,-0.67667,0.9116,0.0054804,0.00025848,0.64973,-5.1234,1.5829,-1.0201,-0.37384,0,0.495,0.38953,-0.18449
12.13,-9.7857,30.307,-0.66783,0.91717,0.0054792,0.00022574,0.6301,-5.2935,-1.1733,-0.19616,-0.21755,0,0.495,0.38953,-0.18851
11.238,-13.113,30.302,-0.68057,0.90667,0.0054818,0.00024691,0.67608,-4.9531,2.1163,-0.95291,-0.58472,0,0.495,0.38953,-0.1805
-32695,-759.71,21.443,4.5513,1.1372,15.58,0.0078855,1857.6,-19.864,29.451,658.25,448.41,0,0.495,0.055118,-0.19611
-18039,788.61,17.59,4.6814,0.87731,18.404,0.0074814,2113,-19.802,4.3251,785.85,510.31,0,0.495,0.047202,-0.19613
3329.4,674.54,18.807,4.7264,1.5892,19.127,0.0091573,1928.8,-22.486,-6.7852,644.41,508.72,0,0.495,0.055104,-0.19208
24214,1776.3,14.6,4.7812,1.2235,20.254,0.008356,2034.5,-22.633,-49.838,682.64,531.65,0,0.495,0.047184,-0.19209
16955,-674.06,13.426,4.5714,0.44304,18.426,0.0064688,2215.2,-17.503,-45.701,854.84,502.39,0,0.495,0.039259,-0.19612
36332,-3062.6,10.515,4.5783,0.6087,18.384,0.0078517,1949.7,-20.447,-110.29,605.38,456.91,0,0.495,0.039253,-0.19208
1171.2,-1413.5,30.293,1.8924,2.1371,0.015484,0.00013078,36.066,-17.684,-2.2424,5.9418,3.1795,0,0.495,0.11877,-0.19618
1456.6,-1698.9,30.257,2.174,2.0947,0.038787,0.00026341,56.143,-18.166,2.4184,6.8711,6.0601,0,0.495,0.11084,-0.19616
1378.7,-1544,30.277,1.9175,2.3057,0.021476,0.00017512,42.333,-18.301,1.8207,6.0713,3.8266,0,0.495,0.11877,-0.19215
1727.5,-1935,30.23,2.2233,2.2734,0.070082,0.00043662,74.167,-18.783,6.68,10.868,9.5324,0,0.495,0.11085,-0.19214
1653.1,-2202.2,30.179,2.4737,2.0197,0.12026,0.00063869,100.65,-18.433,4.2151,15.538,14.839,0,0.495,0.10291,-0.19615
1221.1,-2553.8,30.109,2.5568,2.2241,0.25629,0.0011801,150.61,-19.219,10.351,27.402,25.123,0,0.495,0.10292,-0.19212
288.96,-355.28,30.351,0.49404,2.0821,0.0057532,4.6196e-05,5.368,-12.213,-1.8392,7.3191,1.3851,0,0.495,0.18256,-0.19598
366.06,-450.33,30.357,0.63193,2.1614,0.0058333,4.2159e-05,6.5993,-13.003,1.2795,7.0734,1.6933,0,0.495,0.1746,-0.19593
356.09,-434.53,30.358,0.77246,2.2155,0.0059368,4.4854e-05,8.0528,-13.715,-3.3022,7.5777,2.5211,0,0.495,0.16664,-0.19592
99.807,-123.89,30.35,-0.17522,1.646,0.0055358,7.2643e-05,1.677,-7.6028,-4.4631,4.7071,-0.0015346,0,0.495,0.24619,-0.19637
150.75,-182.24,30.348,-0.1158,1.7305,0.0055404,6.2317e-05,1.7494,-8.0518,3.6965,4.3475,1.8286,0,0.495,0.23825,-0.19636
172.14,-205.68,30.344,-0.045662,1.8218,0.0055458,5.9081e-05,1.8231,-8.5315,3.2006,4.1146,2.1616,0,0.495,0.23031,-0.19634
13.292,-10.27,30.379,-0.4881,1.1735,0.0055014,0.00010756,1.0381,-5.67,-10.852,4.3478,-2.6196,0,0.495,0.31016,-0.19658
77.38,-86.651,30.373,-0.48058,1.227,0.0055031,8.8948e-05,1.0895,-5.7813,0.42435,3.7364,1.8119,0,0.495,0.30221,-0.19658
113.37,-127.27,30.354,-0.46624,1.3145,0.0055035,7.5229e-05,1.1146,-5.9618,3.6403,3.9186,2.7679,0,0.495,0.2942,-0.19658
-19.829,22.695,30.412,-0.59009,0.80662,0.0054846,0.00014112,0.73042,-5.4779,-12.574,3.897,-3.0923,0,0.495,0.37367,-0.19666
61.149,-68,30.399,-0.60208,0.84038,0.0054871,9.9106e-05,0.80797,-5.3828,-1.7452,2.4127,2.4612,0,0.495,0.36573,-0.19664
98.506,-108.48,30.365,-0.61064,0.91887,0.0054884,8.0421e-05,0.85563,-5.4128,1.7398,2.6761,2.8211,0,0.495,0.35779,-0.19663
3646.5,-8255.7,12.219,-11.144,-0.72941,19.988,0.022784,864.13,-7.49,-167.37,-43.951,32.054,0,0.495,0.047382,-0.007981
1974.2,-2344.6,12.003,-10.514,-1.0563,20.861,0.02399,864.58,-9.2488,-221.25,-58.102,33.65,0,0.495,0.047381,-0.011971
4799.5,-16579,11.806,-10.076,-1.018,20.764,0.021147,873.15,2.194,-156.7,-39.562,32.623,0,0.495,0.039466,-0.007981
3198.3,-9878.7,11.604,-9.521,-1.4879,21.425,0.0225,870.79,0.23552,-209.41,-52.789,33.211,0,0.495,0.039466,-0.011971
1527.1,-2937.2,11.358,-8.8687,-1.9156,22.016,0.024178,861.91,-2.4143,-245.22,-61.065,32.456,0,0.495,0.039466,-0.015962
-2007.1,3446.2,11.742,-9.7797,-1.3452,21.636,0.025238,857.43,-11.616,-255.45,-66.972,34.162,0,0.495,0.047381,-0.015962
4966,-12801,12.368,-11.582,-0.37318,19.251,0.021972,859.33,-6.5091,-91.631,-24.561,33.989,0,0.495,0.047382,-0.0039908
2337.5,-7364.1,12.839,-12.452,-0.25281,18.546,0.021576,859.54,-13.788,-98.821,-26.522,37.822,0,0.495,0.055308,-0.0039908
1727.8,-3336,12.679,-11.956,-0.48677,19.491,0.022483,866.89,-14.73,-178.75,-46.897,36.169,0,0.495,0.055307,-0.007981
-1129.1,1865,12.451,-11.252,-0.68998,20.601,0.02369,869.61,-16.363,-232.99,-60.778,38.803,0,0.495,0.055307,-0.011971
-5693.8,6762.5,12.181,-10.44,-0.85693,21.576,0.024986,863.68,-18.497,-264.87,-68.885,40.634,0,0.495,0.055307,-0.015962
9997,-21632,11.942,-10.461,-0.51837,20.211,0.020343,871.26,3.2959,-85.444,-22.041,34.838,0,0.495,0.039467,-0.0039908
8185.1,-14508,10.244,-5.2084,-4.5396,24.288,0.022288,923.89,13.384,-234.86,-48.077,23.517,0,0.495,0.023633,-0.023943
20364,-26701,9.994,-3.6682,-5.4644,24.585,0.019609,1142.2,26.025,-191.19,-34.501,16.886,0,0.495,0.015712,-0.023943
10646,-22222,10.478,-5.6739,-3.9208,24.245,0.020241,942.58,18.172,-219.17,-46.65,27.451,0,0.495,0.023633,-0.019952
24792,-34885,10.18,-3.9857,-4.7168,24.777,0.018439,1155.9,31.448,-176.77,-33.627,22.55,0,0.495,0.015712,-0.019952
5411.1,-7195.4,10.753,-7.0848,-3.0909,23.157,0.023479,872.17,5.6358,-250.69,-58.609,25.146,0,0.495,0.031551,-0.019952
1486.2,-935.91,10.483,-6.4923,-3.5639,23.354,0.025603,853.31,1.4649,-266.58,-61.37,23.145,0,0.495,0.031551,-0.023943
16648,-19763,9.7979,-3.3631,-6.1388,24.337,0.020495,1127.1,20.145,-203.77,-36.423,10.854,0,0.495,0.015712,-0.027933
-18857,-77993,9.8419,-1.9754,-7.1306,19.658,0.010086,2888.1,33.557,351.77,-21.666,-1289.4,0,0.495,0.0077877,-0.027933
-12828,-86878,9.9866,-2.1522,-6.3293,19.944,0.010147,2908.1,40.264,307.22,-20.006,-1276.3,0,0.495,0.0077877,-0.023943
-61626,-1.3223e+05,10.022,-1.3296,-7.6231,15.329,0.0016889,4478.4,40.819,886.27,-3.7207,-2569.2,0,0.495,0,-0.027933
-55945,-1.4311e+05,10.144,-1.4501,-6.7527,15.526,0.0017361,4507.1,47.935,783.6,-3.9429,-2548.9,0,0.495,0,-0.023943
5841.4,-8060.3,10,-4.7571,-5.0903,24.258,0.024495,904.54,8.2043,-246.41,-49.752,19.164,0,0.495,0.023633,-0.027933
-2451,3731.2,10.199,-5.9181,-3.9837,23.464,0.027436,833.28,-3.0514,-275.89,-64.038,20.453,0,0.495,0.031551,-0.027933
-19060,-96741,10.122,-2.3315,-5.4521,20.188,0.0098604,2924.3,46.422,258.8,-19.873,-1264.1,0,0.495,0.0077877,-0.019952
-76258,-1.5449e+05,10.257,-1.5666,-5.8034,15.688,0.0017791,4530.4,54.473,671.61,-5.6788,-2529.7,0,0.495,0,-0.019952
-10695,11873,11.135,-8.2467,-1.8133,22.612,0.027485,822.93,-17.59,-283.18,-78.417,37.166,0,0.495,0.047381,-0.023943
-5754.4,7631.1,10.783,-7.4893,-2.6333,22.759,0.027384,827.96,-9.238,-279.27,-71.293,31.659,0,0.495,0.039466,-0.023943
-6648.2,8275,11.449,-9.0081,-1.5959,22.218,0.026366,842.88,-14.461,-274.56,-73.815,35.623,0,0.495,0.047381,-0.019952
-1580.3,3053.2,11.081,-8.1772,-2.2965,22.462,0.025923,847.03,-5.6374,-267.25,-67.376,32.211,0,0.495,0.039466,-0.019952
-13675,13698,11.566,-8.7712,-1.0916,22.789,0.027509,828.66,-23.71,-285.67,-79.583,47.682,0,0.495,0.055307,-0.023943
-15923,15458,11.233,-7.9965,-1.1648,23.121,0.028725,805.12,-26.695,-284.16,-84.095,50.62,0,0.495,0.055307,-0.027933
-13601,14218,10.804,-7.5241,-1.9953,22.879,0.028595,800.33,-21.039,-285.43,-82.653,37.789,0,0.495,0.047381,-0.027933
-17262,16250,10.883,-7.2863,-1.2119,23.384,0.029925,781.63,-29.587,-279.09,-87.593,54.147,0,0.495,0.055307,-0.031924
-15834,14783,11.753,-8.2854,-0.43453,23.481,0.028775,816.27,-30.7,-280.75,-81.881,59.511,0,0.495,0.063309,-0.027933
-14171,13572,12.07,-9.1052,-0.45733,23.093,0.027503,839.89,-28.234,-286.97,-77.305,53.981,0,0.495,0.063309,-0.023943
-15909,15540,10.458,-6.8571,-2.1453,23.088,0.029699,777.61,-24.419,-284.14,-85.571,38.879,0,0.495,0.047381,-0.031924
-10208,10785,11.884,-9.5963,-0.98889,22.301,0.026266,849.25,-20.999,-280.62,-75.027,43.857,0,0.495,0.055307,-0.019952
-11431,11370,12.372,-9.9865,-0.45749,22.524,0.026182,860.51,-25.858,-286.64,-73.377,47.593,0,0.495,0.063309,-0.019952
-9532.6,10720,10.469,-6.8308,-2.93,22.953,0.028454,806.87,-13.09,-284.68,-74.92,30.189,0,0.495,0.039466,-0.027933
-12479,12588,10.141,-6.2196,-3.1911,23.099,0.02941,785.64,-17.012,-285.89,-77.043,28.959,0,0.495,0.039466,-0.031924
415.65,-3326,16.354,-13.111,0.45092,15.894,0.016868,941.71,-15.202,-249.16,-68.356,40.95,0,0.495,0.11088,-0.007981
-526.56,-1886.7,16.087,-12.024,0.70033,17.955,0.018836,953.1,-16.19,-293.3,-52.546,45.054,0,0.495,0.11088,-0.011971
-0.28772,-2288.4,15.786,-13.253,0.38486,16.786,0.017951,934.68,-18.382,-243.36,-62.076,40.733,0,0.495,0.10295,-0.007981
-1466.4,-639.85,15.535,-12.193,0.60556,18.819,0.019919,944.74,-19.374,-289.36,-52.081,45.599,0,0.495,0.10295,-0.011971
-1594.3,518.41,15.365,-11.051,0.84163,20.405,0.021638,943.18,-20.552,-301.94,-29.861,52.751,0,0.495,0.10295,-0.015962
398.73,-842.3,15.932,-10.859,0.96055,19.535,0.020494,953.26,-17.35,-304.13,-22.148,51.394,0,0.495,0.11088,-0.015962
1038.4,-4473.6,16.637,-13.95,0.21761,13.862,0.015052,920.35,-14.461,-150.33,-51.194,43.294,0,0.495,0.11088,-0.0039909
951.55,-5235.1,17.259,-13.78,0.24719,12.826,0.013889,922.69,-11.033,-154.03,-58.571,45.075,0,0.495,0.1188,-0.0039909
470.39,-4141.4,16.939,-12.92,0.50805,14.891,0.015734,945.73,-11.823,-252.91,-76.455,42.259,0,0.495,0.1188,-0.007981
-114.83,-2785.7,16.647,-11.818,0.78116,16.947,0.017683,958.15,-12.843,-295.25,-55.321,45.366,0,0.495,0.1188,-0.011971
1413.9,-1752.8,16.496,-10.642,1.0604,18.501,0.019271,960.07,-14.025,-304.88,-16.933,50.322,0,0.495,0.1188,-0.015962
991.69,-3596.5,16.037,-14.062,0.18377,14.824,0.016187,915.34,-17.666,-145.29,-44.914,42.616,0,0.495,0.10296,-0.0039909
-11205,9354.3,13.239,-9.2986,0.52751,23.435,0.026991,868.58,-30.136,-283.61,-56.197,70.172,0,0.495,0.079185,-0.023943
-9741.4,8332.4,13.46,-10.272,0.37971,22.767,0.025637,888.34,-28.395,-292.73,-56.363,58.874,0,0.495,0.079185,-0.019952
-8642.7,6411.6,13.898,-9.216,0.87647,23.262,0.026313,884.39,-28.475,-280.91,-37.966,76.134,0,0.495,0.087109,-0.023943
-7574,5739.6,14.054,-10.226,0.68038,22.582,0.025003,903.45,-26.949,-293.63,-41.791,62.77,0,0.495,0.087109,-0.019952
-4303.3,3285.1,14.669,-10.098,0.91161,22.143,0.024113,918.61,-24.721,-294.59,-25.946,63.751,0,0.495,0.095032,-0.019952
-3994.2,3751.8,14.59,-9.0552,1.1424,22.805,0.02533,900.66,-26.107,-279.14,-17.402,78.664,0,0.495,0.095032,-0.023943
-11999,9758.9,13.015,-8.4064,0.69066,23.9,0.028246,846.43,-31.921,-268.2,-58.991,80.966,0,0.495,0.079185,-0.027933
-14438,12684,12.342,-8.4151,0.18695,23.792,0.028647,830.8,-32.096,-275.13,-72.409,71.778,0,0.495,0.07125,-0.027933
-13311,11966,12.623,-9.2741,0.085017,23.358,0.027366,853.8,-30.028,-286.17,-68.546,63.694,0,0.495,0.07125,-0.023943
-11336,10457,12.894,-10.205,0.0016646,22.728,0.02601,874.06,-28.015,-290.82,-66.33,54.891,0,0.495,0.07125,-0.019952
-9251.2,6621.6,13.748,-8.2937,1.0849,23.729,0.027506,863,-30.034,-261.94,-38.813,89.388,0,0.495,0.087108,-0.027933
-3985,3861.7,14.532,-8.1051,1.3826,23.235,0.026414,880.04,-27.516,-257.32,-15.578,94.079,0,0.495,0.095031,-0.027933
3269.9,177.27,15.997,-8.6173,1.4971,21.106,0.02265,932.13,-19.738,-278.67,31.014,77.453,0,0.495,0.11088,-0.023943
800.51,1640.6,15.295,-8.8492,1.3436,22.072,0.024084,916.8,-23.051,-278.49,6.7063,79.575,0,0.495,0.10295,-0.023943
2741.4,-162.74,15.908,-9.7066,1.2275,20.555,0.021744,945.52,-18.507,-296.82,8.2046,61.897,0,0.495,0.11088,-0.019952
-371.01,1292.3,15.291,-9.9185,1.089,21.456,0.023005,932.94,-21.764,-295.76,-8.2415,63.913,0,0.495,0.10295,-0.019952
3788.7,-688.57,16.676,-8.3798,1.6212,19.968,0.021121,945.62,-16.395,-279.08,54.716,73.333,0,0.495,0.1188,-0.023943
3569.4,-538.08,16.949,-7.3712,1.8969,20.073,0.021557,931.44,-17.575,-254.05,74.855,90.57,0,0.495,0.1188,-0.027933
3299.4,261.89,16.156,-7.6224,1.7679,21.341,0.023341,914.72,-20.958,-253.71,42.996,95.294,0,0.495,0.11088,-0.027933
3675.4,-586.36,17.276,-6.4739,2.1687,19.964,0.021862,913.58,-18.794,-224.76,81.823,113.07,0,0.495,0.1188,-0.031924
3475.3,-871.67,17.691,-7.1287,2.0094,18.712,0.019778,946.29,-14.045,-254.61,104.29,82.781,0,0.495,0.12672,-0.027933
3948.9,-1143.8,17.319,-8.1433,1.7315,18.724,0.019587,955.97,-12.904,-278.8,74.201,67.728,0,0.495,0.12672,-0.023943
3501,115.87,16.343,-6.74,2.0396,21.444,0.023963,895.35,-22.225,-225.06,44.48,117.1,0,0.495,0.11088,-0.031924
3821.1,-1095.1,16.511,-9.4805,1.3419,19.486,0.020399,955.33,-15.178,-297.2,22.639,59.199,0,0.495,0.1188,-0.019952
4293.8,-1695.6,17.094,-9.2457,1.4449,18.293,0.019028,961.34,-11.686,-296.17,32.427,56.09,0,0.495,0.12672,-0.019952
1145.6,1700.4,15.342,-7.8745,1.6038,22.423,0.024999,897.36,-24.351,-254.63,12.75,96.569,0,0.495,0.10295,-0.027933
628.85,1505.7,15.397,-7.0111,1.8692,22.69,0.025871,877.47,-25.686,-227.64,11.247,116.46,0,0.495,0.10295,-0.031924
-327.35,-10310,21.578,-10.21,0.865,6.7028,0.0075528,885.96,13.679,-191.74,-113.34,54.664,0,0.495,0.17448,-0.0079812
-1022.2,-8372.9,21.15,-9.3785,1.2682,7.9192,0.0088257,896.29,12.434,-221.75,-92.154,63.449,0,0.495,0.17448,-0.011971
-438.96,-9269.6,20.866,-10.755,0.82298,7.8385,0.0086609,903.64,10.311,-210.19,-118.18,53.503,0,0.495,0.16651,-0.0079812
-1136.3,-7331.5,20.42,-9.8482,1.2111,9.2613,0.01012,914.27,9.0336,-242.32,-94.419,60.425,0,0.495,0.16651,-0.011971
275.42,-5646.2,20.141,-8.8827,1.5763,10.421,0.011347,917.62,7.5655,-251.46,-48.301,64.756,0,0.495,0.16651,-0.015962
-198,-6647.9,20.876,-8.4902,1.6445,8.9482,0.0099394,899.37,10.982,-230.7,-50.114,69.76,0,0.495,0.17448,-0.015962
1575.8,-11990,22.029,-10.872,0.44054,5.5226,0.0063792,863.94,14.664,-119.13,-84.285,48.366,0,0.495,0.17448,-0.0039922
2341.7,-12811,22.707,-10.202,0.45793,4.7098,0.0055675,844.22,17.616,-105.79,-76.827,47.556,0,0.495,0.1826,-0.0039911
-84.137,-11216,22.297,-9.6102,0.8959,5.6358,0.0065054,864.69,16.695,-171.11,-104.1,55.262,0,0.495,0.1826,-0.0079809
-717.53,-9363,21.905,-8.8603,1.3103,6.6231,0.0075597,874.87,15.5,-198.65,-85.299,65.334,0,0.495,0.1826,-0.011971
128.91,-7677.6,21.654,-8.0565,1.6958,7.4915,0.0085225,877.88,14.086,-206.93,-47.078,73.034,0,0.495,0.1826,-0.015962
1041.2,-10959,21.341,-11.48,0.41728,6.4187,0.0072758,880.37,11.33,-130.94,-88.617,49.194,0,0.495,0.16651,-0.0039923
4340.8,-1750.8,18.484,-7.6797,1.9415,16.077,0.016723,961.09,-5.9419,-272.74,90.752,57.565,0,0.495,0.14258,-0.023943
5024.1,-2570.6,18.221,-8.753,1.6416,15.662,0.01633,958.77,-4.6327,-287.25,34.051,53.251,0,0.495,0.14258,-0.019952
4788.4,-2224.4,19.032,-7.4491,2.0444,14.697,0.015396,954.14,-2.451,-265.43,85.225,57.194,0,0.495,0.15056,-0.023943
5237.9,-3113.3,18.794,-8.4911,1.7389,14.252,0.014996,949.95,-1.0724,-278.19,26.119,56.063,0,0.495,0.15056,-0.019952
5026,-3820.4,19.411,-8.2102,1.8318,12.77,0.013629,936.35,2.6033,-265.4,15.088,60.811,0,0.495,0.15857,-0.019952
5383.6,-2834.6,19.605,-7.2128,2.1424,13.249,0.014075,940.76,1.1741,-254.47,72.514,60.533,0,0.495,0.15857,-0.023943
3530.3,-1318.1,18.962,-6.6809,2.2246,15.99,0.016628,961.5,-7.1099,-252.01,140.06,63.314,0,0.495,0.14258,-0.027933
3521.5,-1102.6,18.366,-6.8996,2.1156,17.339,0.018116,957.13,-10.673,-254.31,127.62,72.832,0,0.495,0.13465,-0.027933
4141.1,-1449.7,17.92,-7.911,1.8357,17.42,0.018114,961.57,-9.5091,-276.96,87.054,61.936,0,0.495,0.13465,-0.023943
4661.2,-2126.9,17.661,-9.0042,1.5427,17.013,0.017669,962.64,-8.2384,-293.05,36.502,53.903,0,0.495,0.13465,-0.019952
3931.9,-1791.6,19.5,-6.4732,2.3296,14.663,0.015303,957.85,-3.6843,-246.77,139.46,57.762,0,0.495,0.15056,-0.027933
4427.7,-2350.1,20.024,-6.2724,2.4294,13.3,0.014058,945.55,-0.10402,-237.95,126.8,57.855,0,0.495,0.15857,-0.027933
6691.3,-4149.1,20.904,-6.7259,2.3092,10.243,0.011325,903.54,8.0303,-221.95,44.904,76.035,0,0.495,0.17448,-0.023943
5915.6,-3388.8,20.217,-6.9735,2.2307,11.771,0.012734,923.66,4.6484,-240.2,57.664,67.041,0,0.495,0.16651,-0.023943
4206.2,-5342.5,20.792,-7.5969,1.9926,9.7332,0.01079,901.15,9.5328,-229.42,-2.1058,74.088,0,0.495,0.17448,-0.019952
4403.5,-4463.4,20.07,-7.9143,1.9171,11.265,0.012234,920.07,6.1291,-249.3,4.7423,67.051,0,0.495,0.16651,-0.019952
7374.3,-5023,21.675,-6.4557,2.3701,8.6606,0.0098282,880.01,11.173,-199.68,37.419,83.052,0,0.495,0.18259,-0.023943
6295.5,-4119.2,21.933,-5.6987,2.6543,8.8916,0.010083,880.61,9.7651,-189.6,75.521,83.56,0,0.495,0.18259,-0.027933
5668.6,-3422.7,21.201,-5.8952,2.5938,10.446,0.011517,906.08,6.6282,-209.83,89.507,74.119,0,0.495,0.17448,-0.027933
5244.1,-3335,22.338,-4.9877,2.9027,8.8439,0.010046,879.03,8.3669,-176.27,109.46,81.403,0,0.495,0.18259,-0.031924
7096,-5114.3,22.727,-5.4814,2.6852,7.3053,0.0085618,851.57,12.638,-165.95,67.078,87.427,0,0.495,0.19057,-0.027934
8127.3,-6076.3,22.485,-6.1589,2.4011,7.0902,0.008294,853.31,14.046,-174.57,34.582,84.742,0,0.495,0.19057,-0.023943
4683.3,-2794.1,21.671,-5.1198,2.8464,10.309,0.011356,906.83,5.2515,-193.77,129.72,69.629,0,0.495,0.17448,-0.031924
4695.1,-6313.4,21.576,-7.2472,2.0506,8.1838,0.0092978,879.04,12.664,-205.98,-3.7204,79.052,0,0.495,0.1826,-0.019952
5644.1,-7325,22.381,-6.8659,2.0798,6.6827,0.0078129,853.89,15.508,-180.31,-1.8253,79.536,0,0.495,0.19058,-0.019952
4923.7,-2826.8,20.573,-6.0807,2.5166,11.909,0.012826,927.79,3.2993,-225.87,108.23,63.577,0,0.495,0.16651,-0.027933
4021.2,-2315.8,21.124,-5.253,2.7743,11.641,0.012507,930.06,1.9799,-207.21,153.56,58.441,0,0.495,0.16651,-0.031924
5410.7,-6980.1,26.484,-5.2298,0.69272,1.5055,0.0023513,639.05,22.123,-34.475,-9.1643,39.021,0,0.495,0.23847,-0.0079815
3320.1,-6165.2,26.444,-5.0193,0.99891,1.5145,0.0023313,648.21,21.605,-49.732,-14.341,46.247,0,0.495,0.23847,-0.011971
4340.6,-8156.7,25.996,-5.7945,0.74918,1.8082,0.0026559,679.51,22.867,-51.607,-21.759,41.428,0,0.495,0.23051,-0.0079815
2238.8,-7232.5,25.909,-5.5121,1.0807,1.85,0.0026823,688.15,22.26,-68.542,-23.964,49.552,0,0.495,0.23051,-0.011971
3565.3,-6496.2,25.846,-5.1698,1.3783,1.8905,0.0027332,690.07,21.489,-75.429,-13.4,54.447,0,0.495,0.23051,-0.015962
3490.5,-5476.9,26.408,-4.7494,1.272,1.5324,0.0023451,651.96,20.926,-57.545,-9.4975,50.969,0,0.495,0.23847,-0.015962
7195.1,-7685.5,26.491,-5.353,0.35949,1.53,0.0024226,630.53,22.465,-16.246,-1.427,33.348,0,0.495,0.23847,-0.0039929
6307.6,-6369.3,26.886,-4.7928,0.3275,1.2909,0.0021906,588.17,21.282,-7.4662,5.9245,30.331,0,0.495,0.24642,-0.003993
5576.7,-5841.2,26.919,-4.7178,0.63232,1.25,0.0020937,595.8,21.02,-19.988,1.4806,34.524,0,0.495,0.24642,-0.0079815
4995.8,-5069.5,27.243,-4.2859,0.29202,1.0728,0.0019757,541.71,20.046,-0.7706,10.92,28.839,0,0.495,0.25435,-0.003993
4731.6,-4716.9,27.304,-4.2474,0.5665,1.0254,0.0018656,548.29,19.844,-8.2534,9.5274,31.278,0,0.495,0.25436,-0.0079815
4252.5,-5212.1,26.921,-4.5698,0.9138,1.2403,0.0020436,605.43,20.585,-33.121,-5.1494,40.558,0,0.495,0.24642,-0.011972
3710.5,-3833.9,27.357,-4.0034,1.0534,1.0041,0.0017696,565.67,19.019,-26.487,0.70799,39.376,0,0.495,0.25436,-0.015962
3811.9,-4638.2,26.912,-4.3649,1.1661,1.2467,0.0020342,611.29,20.018,-41.304,-4.6257,45.01,0,0.495,0.24642,-0.015962
4165.4,-4268.2,27.34,-4.1512,0.82254,1.0049,0.0017959,557.97,19.491,-18.732,2.8377,35.653,0,0.495,0.25436,-0.011972
7373.5,-8994.8,26.053,-5.9767,0.38897,1.8009,0.0026837,670,23.278,-27.061,-10.795,34.502,0,0.495,0.2305,-0.0039929
8849.8,-7584.3,24.072,-5.4808,2.3124,4.229,0.0053781,783.92,18.144,-120.92,36.921,76.807,0,0.495,0.20646,-0.023943
8055.2,-8521.5,23.943,-6.0256,2.0027,4.0555,0.0051199,790.06,19.399,-127.95,6.6248,72.9,0,0.495,0.20646,-0.019952
8282.6,-7302,24.755,-5.1231,2.1919,3.1644,0.004234,744.85,19.223,-98.899,35.442,67.021,0,0.495,0.21439,-0.023943
8069.9,-8051.8,24.626,-5.5999,1.9004,3.1015,0.0040984,754.68,20.37,-107.21,8.4148,65.074,0,0.495,0.21439,-0.019952
7075.7,-6985.5,25.26,-5.185,1.7761,2.3963,0.0033261,718.65,20.794,-90.049,7.9438,60.038,0,0.495,0.22235,-0.019952
7143.8,-6381.4,25.38,-4.7687,2.0415,2.3847,0.0033692,705.6,19.765,-81.531,31.387,60.74,0,0.495,0.22237,-0.023943
7990.6,-6759.7,24.317,-4.9607,2.5862,4.2915,0.0055211,774.42,16.883,-112.42,62.367,78.964,0,0.495,0.20646,-0.027936
7836.8,-6153.6,23.534,-5.2378,2.6703,5.7423,0.0070069,816.99,15.005,-139.33,64.619,87.525,0,0.495,0.19864,-0.027934
8828,-7112.7,23.291,-5.8355,2.3883,5.5896,0.0067814,822.04,16.357,-147.39,36.012,84.077,0,0.495,0.19864,-0.023943
6963.9,-8256.7,23.174,-6.4586,2.0687,5.2876,0.0063953,824.82,17.731,-153.39,2.7929,78.777,0,0.495,0.19864,-0.019952
7585.4,-6626.6,24.992,-4.6709,2.4492,3.1434,0.0042853,730.4,18.044,-89.878,58.686,67.174,0,0.495,0.2144,-0.027935
6644.6,-5889.9,25.587,-4.3815,2.2793,2.3149,0.003353,687.65,18.719,-72.299,52.31,59.799,0,0.495,0.22253,-0.027934
4940,-4432.8,26.498,-4.1578,1.7358,1.4876,0.0023405,634.13,19.255,-53.676,19.946,52.911,0,0.495,0.23848,-0.023943
6093.7,-5412,25.956,-4.4497,1.8878,1.8564,0.0027661,669.32,19.645,-67.337,26.04,56.528,0,0.495,0.23051,-0.023943
4889.6,-4933.4,26.419,-4.4539,1.5172,1.5282,0.0023555,647.35,20.121,-58.036,4.0454,53.273,0,0.495,0.23848,-0.019953
6004.1,-5949,25.856,-4.8067,1.6471,1.8974,0.0027687,683.64,20.603,-74.102,6.0789,56.66,0,0.495,0.23051,-0.019952
4139.2,-3704.3,26.994,-3.8883,1.5885,1.2083,0.002013,598.76,18.612,-41.094,15.401,48.095,0,0.495,0.24642,-0.023943
3810.1,-3339.7,27.111,-3.6534,1.7618,1.1449,0.0019705,579.5,17.822,-36.209,26.958,46.398,0,0.495,0.24642,-0.027934
4537.9,-4008.8,26.644,-3.8755,1.9269,1.4088,0.0022923,613.01,18.364,-46.999,34.705,50.313,0,0.495,0.23848,-0.027934
2768.7,-2440.1,27.672,-3.2609,1.7349,0.85391,0.0016409,518.67,16.349,-21.62,27.946,39.77,0,0.495,0.25436,-0.031924
3424.3,-2974.7,27.272,-3.4338,1.9121,1.0538,0.0019019,552.45,16.973,-30.31,35.814,43.437,0,0.495,0.24642,-0.031924
3073.1,-2740.8,27.541,-3.442,1.5976,0.92561,0.0016988,543.2,17.106,-25.921,21.194,42.045,0,0.495,0.25436,-0.027934
3328.4,-3051.4,27.445,-3.6325,1.4395,0.97438,0.0017365,559.44,17.806,-29.03,12.82,42.989,0,0.495,0.25436,-0.023943
4085,-3577.5,26.845,-3.6137,2.0919,1.2959,0.0022098,584.72,17.415,-39.586,45.5,46.68,0,0.495,0.23848,-0.031924
4207.6,-4138.7,26.929,-4.1303,1.3905,1.2412,0.0020314,609.46,19.358,-43.44,3.8508,47.756,0,0.495,0.24642,-0.019953
3535.5,-3419.6,27.385,-3.8239,1.2588,0.99897,0.001757,566.84,18.456,-29.684,5.2027,42.171,0,0.495,0.25436,-0.019953
5626.6,-4962.1,26.141,-4.1126,2.0983,1.7657,0.002717,647.87,18.654,-58.582,43.783,54.318,0,0.495,0.23053,-0.027934
5109.7,-4465.7,26.389,-3.8024,2.281,1.6305,0.0026209,619.84,17.602,-49.697,56.544,50.983,0,0.495,0.23054,-0.031924
867.15,-990.99,28.867,-2.5236,0.74878,0.2015,0.00074983,265.24,12.304,5.0082,13.564,11.288,0,0.495,0.29428,-0.023943
928.03,-1051.8,28.804,-2.5536,0.63368,0.20775,0.0007787,263.46,12.591,5.3777,12.36,11.71,0,0.495,0.29428,-0.019953
685.87,-750.62,28.994,-2.3415,0.65087,0.12296,0.00060203,200.56,11.198,5.6709,12.542,7.3867,0,0.495,0.30222,-0.023944
719.48,-786.3,28.937,-2.3607,0.54804,0.12759,0.00062839,199.52,11.443,5.4945,11.088,8.1782,0,0.495,0.30222,-0.019953
1229.3,-1364.4,28.631,-2.7688,0.73741,0.31368,0.00093912,331,13.795,3.6093,12.96,16.624,0,0.495,0.28634,-0.019953
1145.8,-1264.4,28.698,-2.7215,0.86496,0.30576,0.00090992,332.88,13.457,2.5817,13.952,16.714,0,0.495,0.28634,-0.023943
556.53,-585.92,29.09,-2.1757,0.57117,0.068821,0.00046788,143.54,10.112,5.4648,10.816,4.5651,0,0.495,0.31016,-0.023944
539.13,-562.37,29.144,-2.1591,0.65925,0.064409,0.00044353,141.59,9.8686,5.456,11.791,3.7469,0,0.495,0.31016,-0.027934
651.52,-710.67,29.056,-2.3167,0.74838,0.11608,0.00057366,198.53,10.917,5.4606,13.456,6.719,0,0.495,0.30222,-0.027934
574.2,-608.35,29.041,-2.1882,0.47961,0.07189,0.00048957,143.38,10.325,4.9713,9.2812,5.4201,0,0.495,0.31016,-0.019953
802.92,-922.59,28.937,-2.4861,0.85587,0.19156,0.00071916,262.74,11.976,4.4878,14.361,11.012,0,0.495,0.29428,-0.027934
1050.4,-1156.9,28.771,-2.6653,0.98114,0.29195,0.0008783,329.16,13.074,1.8411,14.854,16.809,0,0.495,0.28634,-0.027934
2542.5,-2668.7,28.021,-3.4152,0.62844,0.61819,0.0013778,446.65,16.95,0.33401,12.581,25.677,0,0.495,0.27027,-0.011972
2540.9,-2816.6,27.953,-3.4444,0.42535,0.64386,0.0014616,438.64,17.191,5.0639,16.554,24.776,0,0.495,0.27027,-0.0079818
1811.5,-2041.8,28.29,-3.1009,0.53549,0.46037,0.0011929,383.56,15.605,4.5687,13.586,20.974,0,0.495,0.27836,-0.011972
1786.7,-2101.1,28.223,-3.1144,0.35942,0.48302,0.0012729,377.2,15.804,6.9097,15.797,21.346,0,0.495,0.27836,-0.0079824
1788.3,-1936.4,28.349,-3.0637,0.70227,0.45143,0.0011443,391.93,15.332,1.6864,11.824,21.303,0,0.495,0.27836,-0.015962
2457.1,-2480.2,28.075,-3.3523,0.81686,0.6099,0.0013318,455.71,16.623,-4.5312,9.6753,27.129,0,0.495,0.27027,-0.015962
3603,-3739.7,27.648,-3.8224,0.49536,0.82452,0.0016573,495.92,18.532,0.13677,14.619,27.63,0,0.495,0.2623,-0.0079816
3739.5,-3931.1,27.571,-3.8355,0.25312,0.87158,0.0017707,490.69,18.718,3.5644,13.528,26.784,0,0.495,0.2623,-0.0039932
2643.1,-2902.9,27.874,-3.4426,0.2157,0.6862,0.0015704,435.09,17.343,5.6483,13.834,25.383,0,0.495,0.27027,-0.0039939
3433.4,-3460,27.706,-3.7659,0.72565,0.79915,0.0015767,505.07,18.237,-7.4283,8.9528,30.305,0,0.495,0.2623,-0.011972
3175.6,-3154.8,27.746,-3.6659,0.93547,0.79351,0.0015382,513.91,17.841,-14.025,5.7441,33.052,0,0.495,0.2623,-0.015962
1874.4,-2124.1,28.152,-3.107,0.18114,0.51803,0.0013712,375.5,15.929,5.9279,12.404,22.751,0,0.495,0.27836,-0.0039959
2107.8,-2026.1,28.19,-3.1569,1.1406,0.59193,0.0012795,460.23,15.773,-9.2124,12.405,30.056,0,0.495,0.27027,-0.023943
2285.5,-2250.7,28.128,-3.2629,0.98853,0.60492,0.0013048,461.26,16.225,-7.8147,10.121,28.976,0,0.495,0.27027,-0.019953
1573.4,-1634.1,28.475,-2.9332,0.99677,0.43626,0.0010854,399.13,14.597,-2.1547,13.309,23.048,0,0.495,0.27836,-0.023943
1691.1,-1790.2,28.409,-3.006,0.85697,0.44621,0.0011131,398.15,14.995,-0.6736,12.103,22.316,0,0.495,0.27836,-0.019953
1919.7,-1817.4,28.267,-3.0435,1.274,0.5657,0.0012471,451.26,15.248,-9.0289,15.537,30.293,0,0.495,0.27027,-0.027934
2530.1,-2266.4,27.929,-3.24,1.434,0.73477,0.0014605,501.12,16.217,-16.796,17.385,36.539,0,0.495,0.2623,-0.027934
2736.5,-2526.4,27.846,-3.3899,1.2895,0.77094,0.0014949,513.72,16.826,-18.275,11.932,36.746,0,0.495,0.2623,-0.023943
2278.4,-2022.5,28.036,-3.0938,1.5604,0.68007,0.0014109,480.04,15.554,-14.089,21.936,35.072,0,0.495,0.2623,-0.031924
1720,-1625.5,28.358,-2.9292,1.3914,0.5252,0.0012034,434.07,14.668,-7.7808,18.089,29.535,0,0.495,0.27027,-0.031925
2938,-2826.7,27.787,-3.5355,1.1239,0.78871,0.0015176,517.7,17.366,-17.623,7.5139,35.612,0,0.495,0.2623,-0.019953
1436.4,-1474.2,28.55,-2.8515,1.1216,0.41727,0.0010535,393.23,14.147,-2.7253,14.897,23.432,0,0.495,0.27836,-0.027934
1286.2,-1325.6,28.632,-2.7656,1.2323,0.38792,0.0010137,379.83,13.65,-2.5681,15.914,23.157,0,0.495,0.27836,-0.031925
-17557,15411,9.3672,-5.2266,-2.4703,23.855,0.032898,725.2,-34.35,-274.77,-89.604,37.733,0,0.495,0.047381,-0.043897
-15293,13595,9.1158,-4.7103,-3.8018,23.649,0.032228,734.01,-28.564,-282.06,-79.914,21.398,0,0.495,0.039466,-0.043897
-17493,15890,9.7352,-5.7103,-2.3793,23.548,0.031866,739.12,-31.098,-277.69,-89.109,38.734,0,0.495,0.047381,-0.039905
-14964,13756,9.4615,-5.161,-3.6232,23.422,0.031303,748.45,-24.796,-283.49,-79.553,24.408,0,0.495,0.039466,-0.039905
-14597,13245,8.7695,-4.3053,-3.9612,23.927,0.033123,722.56,-32.217,-281.13,-79.303,19.049,0,0.495,0.039466,-0.047892
-17445,14818,8.9992,-4.7943,-2.5488,24.218,0.033874,714.99,-37.505,-272.89,-89.024,37.406,0,0.495,0.04738,-0.047892
-16975,15991,10.1,-6.2524,-2.2721,23.299,0.030794,756.79,-27.789,-281.12,-88.036,38.511,0,0.495,0.047381,-0.035915
-17827,16286,10.52,-6.6479,-1.2417,23.652,0.031102,760.62,-32.456,-272.62,-90.511,56.01,0,0.495,0.055307,-0.035914
-17967,15898,10.149,-6.0807,-1.2577,23.964,0.032233,743.56,-35.265,-266.37,-92.028,58.53,0,0.495,0.055307,-0.039905
-14036,13479,9.8047,-5.6629,-3.4209,23.245,0.030361,765.84,-20.937,-285,-78.944,26.407,0,0.495,0.039466,-0.035915
-17786,15235,9.7738,-5.5786,-1.2629,24.337,0.033293,731.05,-38.031,-261.41,-92.699,59.667,0,0.495,0.055307,-0.043897
-17550,14561,9.3987,-5.1328,-1.2604,24.769,0.034262,722.94,-40.724,-258.24,-92.268,61.516,0,0.495,0.055307,-0.047894
6173.1,5510.4,8.1537,-2.4035,-7.5431,23.948,0.029664,811.78,-27.428,-269.63,-51.953,-14.211,0,0.495,0.023618,-0.055904
7316.8,1083.6,8.2738,-1.6816,-9.2103,22.605,0.022356,1051.9,-20.445,-254.76,-41.062,-29.852,0,0.495,0.015698,-0.055901
5765.1,5239.4,8.4243,-2.6505,-7.2994,23.902,0.029327,819.18,-22.906,-268.29,-52.552,-9.6816,0,0.495,0.023632,-0.05189
7281.6,172.06,8.5005,-1.8641,-8.9058,22.771,0.022361,1057.5,-15.291,-251.17,-41.147,-24.148,0,0.495,0.015711,-0.051889
-1359.7,9708.9,8.3691,-3.3507,-5.6834,24.103,0.032477,742.83,-29.955,-279.84,-66.642,-1.7906,0,0.495,0.03155,-0.051892
1868.4,9501.2,8.0614,-3.0533,-5.8669,24.337,0.03312,735.52,-33.919,-280.36,-65.55,-5.3334,0,0.495,0.031534,-0.055908
7306,1788,8.0495,-1.5162,-9.4776,22.474,0.022352,1047.7,-25.383,-258.12,-41.349,-35.782,0,0.495,0.015695,-0.059904
23745,-28873,8.4955,-0.86155,-11.214,17.411,0.0092978,2726.2,-18.486,588.2,-25.081,-1408.3,0,0.495,0.0077702,-0.059903
26127,-33201,8.6704,-0.96419,-10.886,17.629,0.0093909,2740.9,-12.925,567.41,-24.609,-1391.4,0,0.495,0.0077739,-0.055899
40161,-58741,8.8728,-0.55088,-12.091,13.532,0.0013335,4219.1,-14.542,1428.3,2.2705,-2760.6,0,0.495,0,-0.059898
44622,-66413,9.0228,-0.62262,-11.731,13.735,0.001371,4245.5,-8.6501,1382.2,2.0362,-2733,0,0.495,0,-0.055897
6417.8,5720.5,7.8872,-2.1803,-7.7563,24.024,0.029983,806.04,-31.784,-271.21,-51.563,-18.989,0,0.495,0.023615,-0.059907
3380.6,9305.2,7.7586,-2.7834,-6.0272,24.598,0.033563,730.08,-37.689,-281.39,-64.597,-9.1855,0,0.495,0.031531,-0.059914
28675,-37769,8.847,-1.0772,-10.514,17.871,0.0094906,2757.4,-7.0287,544.36,-24.754,-1375.2,0,0.495,0.007787,-0.051888
49344,-74281,9.1747,-0.70188,-11.323,13.951,0.0014112,4274.6,-2.3867,1331,1.1295,-2706.5,0,0.495,0,-0.051888
-16979,13671,8.2779,-4.0503,-2.6717,25.072,0.035603,704.2,-43.871,-272.95,-86.552,35.739,0,0.495,0.047362,-0.055923
-9381.3,12368,8.0876,-3.6048,-4.2223,24.616,0.034781,707.88,-39.299,-281.38,-77.169,13.63,0,0.495,0.039448,-0.055917
-17212,14220,8.6356,-4.4053,-2.6178,24.628,0.034779,708.15,-40.646,-272.27,-88.091,36.28,0,0.495,0.047378,-0.0519
-12532,12821,8.4271,-3.9395,-4.1013,24.253,0.033978,713.94,-35.868,-280.88,-78.536,16.038,0,0.495,0.039463,-0.051897
-17124,13455,8.6636,-4.3735,-1.2342,25.743,0.035874,717.59,-46.27,-257.88,-89.758,63.99,0,0.495,0.055289,-0.05593
-17086,13151,8.3056,-4.0407,-1.2038,26.245,0.036512,718.8,-48.859,-260.37,-87.895,65.096,0,0.495,0.055269,-0.059953
-16821,13218,7.9257,-3.7256,-2.7086,25.532,0.036342,702.51,-46.821,-274.96,-84.758,34.754,0,0.495,0.047345,-0.05994
-17225,13098,7.959,-3.7293,-1.1665,26.729,0.037047,721.52,-51.328,-264.34,-85.907,66.697,0,0.495,0.055267,-0.063952
-16613,12143,8.9302,-4.2312,0.15556,27.088,0.036255,747.22,-49.708,-240.54,-87.561,95.713,0,0.495,0.063262,-0.059963
-16467,12254,9.2759,-4.5683,0.059735,26.543,0.035749,742.52,-47.446,-237.94,-89.434,91.849,0,0.495,0.063295,-0.055934
-16768,12981,7.5845,-3.4247,-2.7345,25.986,0.036996,702.37,-49.608,-278.01,-82.747,34.297,0,0.495,0.047357,-0.063927
-17277,13925,9.0282,-4.7341,-1.2526,25.244,0.035124,718.7,-43.436,-257.09,-91.305,62.45,0,0.495,0.055305,-0.051904
-16443,12570,9.628,-4.9323,-0.031252,25.99,0.035109,740.29,-45.158,-237.47,-91.135,87.563,0,0.495,0.063301,-0.051912
-7880.9,11961,7.7534,-3.3001,-4.3254,25.002,0.035363,703.93,-42.584,-282.76,-75.745,10.85,0,0.495,0.039432,-0.05993
-6760.2,11684,7.4286,-3.0195,-4.4116,25.395,0.035916,701.56,-45.7,-284.83,-74.03,8.7187,0,0.495,0.039443,-0.063917
3621,-544.04,16.758,-4.7821,2.8629,22.367,0.02623,853.05,-26.161,-143.7,18.689,176.53,0,0.495,0.11089,-0.043897
-3001.5,559.68,15.424,-5.0814,2.6931,24.131,0.028683,841.54,-29.783,-154.38,-8.4364,167.54,0,0.495,0.10296,-0.043897
3976.2,-328.98,16.658,-5.329,2.5873,21.878,0.025391,862.06,-24.831,-167.79,28.234,159.1,0,0.495,0.11089,-0.039905
-1930.9,878.56,15.443,-5.6252,2.4146,23.496,0.027726,847.75,-28.414,-175.52,-2.4996,152.68,0,0.495,0.10296,-0.039905
-3880.5,387.75,15.388,-4.6149,2.9741,24.886,0.029582,841.4,-31.138,-137.46,-11.243,181.61,0,0.495,0.10296,-0.047896
3351,-629.08,16.825,-4.3176,3.1389,23.02,0.027079,850.26,-27.472,-124,12.343,192.4,0,0.495,0.11089,-0.047897
3716.3,-108.92,16.517,-5.9771,2.3127,21.584,0.02463,876.84,-23.524,-195.51,38.168,137.86,0,0.495,0.11088,-0.035914
3931.1,-694.46,17.606,-5.6976,2.4372,19.826,0.022188,894.08,-20.035,-193.73,77.345,135.97,0,0.495,0.1188,-0.035914
4348.1,-809.2,17.901,-5.0407,2.7028,19.821,0.022638,876.07,-21.288,-163.77,65.484,160.47,0,0.495,0.11881,-0.039905
-579.16,1189.1,15.434,-6.2635,2.1396,23.021,0.026776,860.14,-27.051,-200.44,4.9594,134.47,0,0.495,0.10296,-0.035914
4772.7,-893.01,18.141,-4.4915,2.9656,20.04,0.023239,862.66,-22.576,-137.08,51.519,181.25,0,0.495,0.11881,-0.043897
5013.7,-876.06,18.326,-4.0311,3.2256,20.48,0.023943,855.46,-23.848,-114.86,39.903,199.83,0,0.495,0.11881,-0.047898
-13169,7434.2,11.163,-4.5453,2.0704,27.924,0.034784,802.88,-44.29,-189.17,-68.269,149.1,0,0.495,0.079167,-0.055937
-12902,7542.9,11.423,-4.915,1.8569,27.229,0.034268,794.66,-42.538,-191.27,-70.786,140,0,0.495,0.079177,-0.051909
-11053,4550,12.405,-4.3679,2.7631,28.107,0.033976,827.36,-41.022,-162.77,-48.419,172.84,0,0.495,0.087092,-0.055945
-10738,4606,12.595,-4.7382,2.5084,27.339,0.033444,817.57,-39.487,-167.1,-51.887,162.13,0,0.495,0.087102,-0.051913
-8807.9,2044.8,13.916,-4.4891,2.9669,26.873,0.032194,834.82,-36.2,-144.33,-33.142,179.11,0,0.495,0.095025,-0.051915
-8792.1,2022.3,13.807,-4.1203,3.2448,27.686,0.032771,844.91,-37.598,-137.39,-29.348,190.56,0,0.495,0.095017,-0.055947
-13540,7487.1,10.91,-4.2026,2.2866,28.6,0.035138,814.05,-46.07,-189.65,-65.592,158.06,0,0.495,0.079115,-0.059979
-15250,10112,9.7951,-4.282,1.3289,27.938,0.035759,781.39,-48.179,-216.61,-78.099,129.24,0,0.495,0.071196,-0.059971
-14977,10117,10.106,-4.6228,1.1681,27.334,0.035358,773.14,-46.186,-214.64,-80.191,122.63,0,0.495,0.071241,-0.055933
-14839,10317,10.42,-4.9907,1.0106,26.716,0.034808,767.6,-44.223,-215.12,-82.306,115.71,0,0.495,0.071247,-0.05191
-11413,4612.1,12.225,-4.0253,3.0192,28.85,0.034337,840.31,-42.589,-161.02,-44.58,183.39,0,0.495,0.087038,-0.059987
-8834,2067.8,13.712,-3.7803,3.5229,28.469,0.033173,858.29,-39.009,-133,-24.421,201.62,0,0.495,0.09497,-0.059981
4161.1,-642.56,16.933,-3.5601,3.6895,24.527,0.028511,860.22,-30.003,-96.28,11.536,216.16,0,0.495,0.11089,-0.055952
-3438.2,252.02,15.322,-3.843,3.5413,26.518,0.03099,855.73,-33.785,-114.71,-7.0798,204.77,0,0.495,0.10295,-0.055934
3536.3,-705.98,16.875,-3.9153,3.4157,23.769,0.027863,853.13,-28.79,-108.24,10.41,204.89,0,0.495,0.11087,-0.051921
-4084.8,238.34,15.347,-4.2067,3.2581,25.705,0.030367,846.56,-32.502,-124.29,-10.499,193.35,0,0.495,0.10295,-0.051915
5257,-742.95,18.614,-3.2949,3.736,21.715,0.025292,858.29,-26.312,-83.152,30.929,225.34,0,0.495,0.11881,-0.055964
5306.3,-684.91,18.752,-2.9835,3.9827,22.343,0.025786,866.09,-27.486,-72.521,33.977,234.19,0,0.495,0.11883,-0.060032
5100.9,-599.62,16.999,-3.2354,3.9595,25.258,0.028998,870.95,-31.22,-87.172,16.464,225.79,0,0.495,0.11089,-0.059989
4570.2,-148.09,20.562,-2.7586,3.9473,18.604,0.021815,851.78,-23.647,-63.314,48.089,240.66,0,0.495,0.12676,-0.060049
4611.2,-250.66,20.359,-3.053,3.7299,18.128,0.021355,848.11,-22.48,-74.894,48.9,231.61,0,0.495,0.12675,-0.055968
5208.2,-860.89,18.474,-3.6379,3.4836,21.075,0.02466,854.49,-25.136,-96.873,33.197,213.78,0,0.495,0.1188,-0.051923
4646.4,-435.61,20.132,-3.3805,3.5053,17.686,0.02081,849.45,-21.333,-89.959,57.16,218.75,0,0.495,0.12672,-0.051925
-2485.6,286.24,15.312,-3.5093,3.8229,27.298,0.03144,868.29,-35.068,-107.79,-1.3651,215.28,0,0.495,0.10294,-0.059952
3054.8,-2349,23.883,-3.2422,3.4198,7.7939,0.0089753,866.59,1.7313,-128.3,208.29,39.718,0,0.495,0.17449,-0.043905
2711.2,-2110.9,23.652,-3.2839,3.3793,8.3426,0.0093971,885.89,-1.33,-133.65,234.48,34.002,0,0.495,0.16651,-0.043899
3358.9,-2344.9,23.043,-3.7844,3.2579,8.9609,0.010043,890.98,2.8205,-152.11,191.3,51.524,0,0.495,0.17448,-0.039906
2939.9,-2062.1,22.704,-3.8455,3.2051,9.8206,0.010732,913.93,-0.30792,-160.04,219.74,42.591,0,0.495,0.16651,-0.039905
2320.2,-2042.3,24.636,-2.8204,3.5274,6.6465,0.0079012,837.94,-2.3073,-107.51,233.25,28.937,0,0.495,0.16652,-0.04791
2613.7,-2247.6,24.771,-2.7878,3.5554,6.3996,0.0077269,825.49,0.68711,-104.48,213,29.889,0,0.495,0.17451,-0.047939
4003.5,-2565.2,22.294,-4.4126,3.0673,9.8134,0.010855,903.01,4.0061,-174.31,164.66,61.192,0,0.495,0.17448,-0.035914
4422.8,-2920.2,22.872,-4.3338,3.1162,8.5021,0.0097227,873.05,7.0787,-159.95,139.14,75.102,0,0.495,0.18259,-0.035915
3673.8,-2577.8,23.515,-3.7467,3.2962,7.8676,0.0091331,859.78,5.8364,-141.12,162.25,66.848,0,0.495,0.18259,-0.039906
3478,-2208.9,21.845,-4.5042,3.0036,10.943,0.011795,926.96,0.80765,-184.98,191.95,50.34,0,0.495,0.16651,-0.035914
3271.6,-2492.5,24.239,-3.2331,3.4458,6.9701,0.0083168,836.01,4.6635,-120.57,178.45,55.584,0,0.495,0.18259,-0.043905
2764.8,-2342.1,25.02,-2.7976,3.5658,5.8486,0.007314,796.95,3.5367,-99.456,184.75,44.356,0,0.495,0.18254,-0.047907
2111.6,563.83,23.824,-2.6267,3.707,9.6156,0.012195,783.49,-14.785,-68.374,97.025,207.03,0,0.495,0.14262,-0.055999
2183.2,233.26,23.36,-2.9243,3.5428,9.936,0.012224,810.03,-13.655,-85.705,126.46,186.23,0,0.495,0.14261,-0.051928
1823.4,-57.141,25.247,-2.4366,3.7219,5.9953,0.0081685,726.8,-11.228,-66.925,131.69,154.2,0,0.495,0.15057,-0.056003
1874,-435.93,24.61,-2.7237,3.5839,6.8799,0.0087604,781.6,-10.172,-85.471,171.41,132.53,0,0.495,0.15057,-0.051934
1342.4,-1131.7,25.328,-2.5591,3.6283,5.2986,0.0068761,766.39,-6.2675,-84.724,205.86,69.419,0,0.495,0.15857,-0.051934
1100,-808.95,26.116,-2.2726,3.745,3.9581,0.0057422,684.15,-7.2113,-65.222,165.79,84.489,0,0.495,0.15857,-0.056004
2018.6,819.66,24.189,-2.3736,3.8586,9.5546,0.01234,767.36,-15.906,-55.505,77.731,220.32,0,0.495,0.14263,-0.060071
3595.5,387.7,22.405,-2.562,3.8959,14.205,0.017218,822.18,-20.036,-58.128,61.664,239.39,0,0.495,0.1347,-0.060058
3694.7,224.69,22.127,-2.8345,3.7117,13.957,0.016862,825.51,-18.912,-70.533,69.741,229.09,0,0.495,0.13468,-0.055993
3792.3,-26.877,21.802,-3.1474,3.5171,13.816,0.016515,835.25,-17.732,-86.736,87.27,212.81,0,0.495,0.13467,-0.051926
1704.5,320.4,25.731,-2.1997,3.8442,5.5298,0.0079362,684.84,-12.331,-53.441,98.92,170.27,0,0.495,0.15058,-0.060072
826.76,-387.67,26.731,-2.0434,3.8432,3.0783,0.0050076,606.56,-8.2508,-50.861,124.92,98.768,0,0.495,0.15858,-0.060086
1988.8,-1974.8,26.482,-2.1284,3.7508,3.4906,0.0050804,680.8,-1.2716,-62.951,180.82,14.876,0,0.495,0.17457,-0.05605
1711.4,-1696.5,26.444,-2.1607,3.7521,3.4259,0.0050153,676.58,-4.2325,-63.807,184.54,30.603,0,0.495,0.16657,-0.056034
2384.8,-2174.5,25.659,-2.4198,3.6655,4.9054,0.0063895,763.45,-0.31737,-82.233,203.59,20.606,0,0.495,0.17455,-0.052004
2061,-1932.3,25.588,-2.4498,3.6516,4.9352,0.0063889,767.37,-3.2872,-83.669,216.08,26.615,0,0.495,0.16654,-0.051965
2142.7,-2052,26.543,-2.1496,3.7302,3.4104,0.0050757,666.65,1.4908,-61.001,162.71,22.641,0,0.495,0.18248,-0.05592
1933.2,-1873.8,27.202,-1.9144,3.7792,2.3287,0.0039832,576.94,0.42012,-45.773,141.51,14.786,0,0.495,0.18253,-0.060066
1707.2,-1717.4,27.201,-1.9005,3.8112,2.2857,0.0038829,580.28,-2.2341,-47.412,150.6,12.295,0,0.495,0.17457,-0.060076
2100.1,-1996.4,27.309,-1.9739,3.7299,2.0985,0.0037728,548.25,2.7931,-42.153,123.26,25.985,0,0.495,0.19048,-0.060051
2343.9,-2198.1,26.723,-2.2045,3.6983,3.0218,0.0047269,633.26,3.8901,-56.667,140.27,35.795,0,0.495,0.19048,-0.055951
2535.5,-2257.8,25.805,-2.4392,3.6612,4.619,0.006206,740.54,2.4622,-79.197,179.58,32.22,0,0.495,0.18249,-0.05191
2798.7,-2455.5,26.074,-2.4868,3.6468,4.0282,0.0056824,704.12,4.9333,-73.236,153.08,46.427,0,0.495,0.19055,-0.051934
1425.4,-1345.4,27.151,-1.9345,3.8313,2.2761,0.003907,576.05,-5.2403,-48.639,145.88,37.536,0,0.495,0.16658,-0.060083
2839.4,-2474.9,27.601,-2.9594,2.4432,0.83503,0.0017895,464.3,14.425,-20.208,53.633,32.373,0,0.495,0.23848,-0.0439
3558.7,-3085.5,27.294,-3.0329,2.6654,1.0517,0.0020942,499.01,14.355,-26.077,64.79,36.301,0,0.495,0.23053,-0.043902
3233.1,-2819.4,27.34,-3.1567,2.3489,0.99915,0.0019529,509.48,15.441,-25.789,54.527,37.373,0,0.495,0.23848,-0.039906
4055.4,-3523.5,26.984,-3.2642,2.564,1.2617,0.0023025,545.04,15.455,-33.016,66.117,41.562,0,0.495,0.23054,-0.039907
3004.6,-2651.6,27.595,-2.8242,2.7428,0.84285,0.0018659,448.34,13.24,-20.424,60.462,30.912,0,0.495,0.23053,-0.047913
2419.2,-2149.1,27.854,-2.7795,2.5171,0.6736,0.0016111,415.6,13.391,-15.646,49.917,27.767,0,0.495,0.23848,-0.047909
3676.3,-3201.6,27.082,-3.3742,2.2323,1.1563,0.0020951,549.95,16.444,-32.317,52.217,42.071,0,0.495,0.23848,-0.035915
3065.8,-2653.3,27.466,-3.2321,2.0406,0.94105,0.0018085,518.58,16.098,-24.421,41.616,39.389,0,0.495,0.24642,-0.035915
2688.1,-2336.8,27.677,-3.0483,2.1487,0.81434,0.0016932,479,15.188,-19.12,43.836,35.127,0,0.495,0.24642,-0.039906
2481,-2177.2,27.827,-3.0927,1.8532,0.76386,0.0015632,486.83,15.563,-17.088,32.63,36.383,0,0.495,0.25436,-0.035915
2170.9,-1923,27.998,-2.9383,1.9539,0.66164,0.0014674,448.95,14.742,-12.938,34.584,32.613,0,0.495,0.25436,-0.039906
4604.2,-4002.5,26.676,-3.5201,2.4366,1.4591,0.002481,585.51,16.544,-40.882,63.759,46.302,0,0.495,0.23054,-0.035915
2353.9,-2054.3,27.893,-2.8807,2.2378,0.68198,0.0015602,434.98,14.261,-14.673,43.367,30.598,0,0.495,0.24642,-0.0439
1611.8,-1493.5,28.344,-2.6642,2.109,0.44751,0.001232,360.95,13.04,-6.9563,32.33,24.687,0,0.495,0.25436,-0.047909
1999.5,-1791.3,28.103,-2.7267,2.3095,0.55156,0.0014135,387.86,13.315,-11.188,40.488,26.417,0,0.495,0.24642,-0.047909
1893.7,-1699.2,28.173,-2.7962,2.0387,0.55408,0.0013561,406.48,13.901,-9.5053,34.433,28.532,0,0.495,0.25436,-0.0439
2802.3,-2602.7,27.375,-2.3513,3.4925,1.6065,0.0031146,506.1,7.9166,-34.648,88.985,44.2,0,0.495,0.20638,-0.056045
3466.6,-3081.8,26.939,-2.5958,3.4579,2.1547,0.0037068,572.58,9.1513,-45.551,99.013,54.253,0,0.495,0.20636,-0.052016
2781.9,-2548.8,27.69,-2.4126,3.2959,1.0026,0.0022632,433.46,9.2566,-23.065,69.437,36.68,0,0.495,0.2143,-0.056014
3413.2,-3018.7,27.335,-2.6287,3.2623,1.3688,0.0027032,497.38,10.53,-31.755,80.093,43.734,0,0.495,0.2143,-0.052001
2974.5,-2658.5,27.636,-2.6434,3.0332,0.88468,0.0020012,436.18,11.593,-22.199,65.89,31.854,0,0.495,0.22238,-0.05196
2430.2,-2244.4,27.935,-2.4523,3.0635,0.64002,0.0016775,375.54,10.368,-16.308,56.092,26.476,0,0.495,0.22226,-0.055965
2334.8,-2210.3,27.768,-2.1467,3.5084,1.1092,0.0025074,431.35,6.6932,-25.062,78.248,33.976,0,0.495,0.20648,-0.060099
2225.1,-2107.4,27.52,-2.0588,3.6436,1.6299,0.0032254,495.94,4.9316,-35.039,100.65,33.312,0,0.495,0.19845,-0.06005
2577.8,-2401.6,27.026,-2.2789,3.6283,2.3508,0.004016,577.51,6.0925,-47.551,114.93,44.806,0,0.495,0.19851,-0.056007
3147.8,-2764.4,26.488,-2.5484,3.5872,3.1205,0.004783,645.8,7.2471,-61.214,125.36,56.394,0,0.495,0.19854,-0.051954
2303.2,-2147.1,28.008,-2.2273,3.3092,0.67904,0.0018127,364.4,8.0614,-16.092,59.611,28.773,0,0.495,0.21433,-0.060033
2036.1,-1912.3,28.195,-2.2828,3.082,0.43578,0.0013603,314.43,9.2014,-11.607,47,21.153,0,0.495,0.22226,-0.060013
1736.7,-1621.7,28.305,-2.4607,2.6134,0.38846,0.0012308,312.81,11.301,-9.4983,38.782,19.696,0,0.495,0.23848,-0.056047
2088.8,-1934.1,28.125,-2.4648,2.8386,0.47635,0.0013889,339.35,10.987,-12.419,46.913,21.133,0,0.495,0.2305,-0.056041
2070.9,-1867.6,28.091,-2.614,2.573,0.52271,0.0014232,364.61,12.346,-12.05,44.804,23.45,0,0.495,0.23848,-0.051957
2533,-2264.8,27.874,-2.6358,2.7999,0.6484,0.0016286,394.67,12.108,-15.962,54.298,25.557,0,0.495,0.23052,-0.051961
1435.9,-1372.3,28.48,-2.448,2.4082,0.3199,0.0010935,289.83,11.389,-7.1259,31.505,19.04,0,0.495,0.24642,-0.056051
1216.9,-1206,28.639,-2.3199,2.4384,0.22768,0.00092896,242.27,10.427,-6.0303,26.372,16.082,0,0.495,0.24642,-0.060134
1462,-1410.6,28.492,-2.3187,2.641,0.27608,0.001041,262.39,10.268,-7.6093,32.415,16.266,0,0.495,0.23846,-0.06013
1007,-1028.7,28.787,-2.3056,2.2479,0.18219,0.00081163,221.72,10.398,-4.0718,21.317,15.213,0,0.495,0.25436,-0.060128
1173.1,-1164,28.655,-2.4202,2.2124,0.25755,0.00095586,266.76,11.28,-4.4735,25.378,17.936,0,0.495,0.25436,-0.05605
1708.7,-1566.2,28.3,-2.5833,2.3658,0.42925,0.0012568,339,12.354,-8.7095,36.421,22.456,0,0.495,0.24642,-0.051958
1378.8,-1318.4,28.506,-2.5396,2.1665,0.34722,0.0010976,313.84,12.164,-5.3316,29.24,21.066,0,0.495,0.25436,-0.051959
1745.3,-1657.8,28.348,-2.3085,2.8568,0.33134,0.001153,283.9,9.8821,-9.3967,38.965,17.143,0,0.495,0.23039,-0.06007
462.4,-510.91,29.355,-2.1002,1.3819,0.049918,0.00038416,127.09,8.7912,-0.71024,3.844,7.8576,0,0.495,0.29427,-0.056058
495.54,-551.27,29.316,-2.1668,1.3272,0.068529,0.00043994,152.55,9.3151,0.32371,5.6312,8.5302,0,0.495,0.29428,-0.051958
405.09,-435.78,29.443,-2.0137,1.2613,0.03006,0.00030418,96.561,8.1153,0.11794,3.354,5.0369,0,0.495,0.30222,-0.056045
437.04,-466.74,29.408,-2.0703,1.2053,0.040762,0.00034393,115.69,8.5831,1.2467,5.3022,5.0195,0,0.495,0.30222,-0.051956
584.57,-650.95,29.195,-2.2563,1.4627,0.10755,0.00055513,190.56,10.046,-0.37982,7.7406,11.795,0,0.495,0.28633,-0.051958
548.84,-602.79,29.246,-2.1797,1.5162,0.078458,0.00048427,159.01,9.4523,-1.059,6.0939,10.295,0,0.495,0.28632,-0.056058
360.5,-379.9,29.508,-1.9215,1.1518,0.017836,0.00025192,69.64,7.4001,1.3637,3.8638,2.2271,0,0.495,0.31017,-0.056042
333.1,-354.47,29.537,-1.8707,1.2024,0.013728,0.00023761,57.293,6.9665,0.66261,2.4049,2.6743,0,0.495,0.31018,-0.060093
373.49,-404.61,29.472,-1.9536,1.3112,0.021719,0.00027024,78.809,7.6287,-0.68651,2.021,5.0456,0,0.495,0.30223,-0.060104
302.12,-307.45,29.58,-1.7856,1.0982,0.0094966,0.00023969,40.007,6.2978,2.4256,3.4245,0.39198,0,0.495,0.31813,-0.060102
322.26,-324.66,29.549,-1.8277,1.0488,0.011277,0.00023517,47.991,6.6862,2.958,4.8641,-0.15423,0,0.495,0.31811,-0.056041
388.36,-403.36,29.472,-1.9685,1.0955,0.023235,0.00027401,82.948,7.8204,2.33,5.8122,1.8394,0,0.495,0.31016,-0.051955
342.62,-340.82,29.511,-1.8659,0.99412,0.013615,0.00023874,56.575,7.061,3.6623,6.6005,-0.5471,0,0.495,0.3181,-0.051948
430.46,-474.14,29.389,-2.0307,1.4305,0.035052,0.00033136,103.46,8.2494,-1.3743,2.6387,7.1768,0,0.495,0.29426,-0.060138
513.45,-560.16,29.291,-2.1015,1.5639,0.054722,0.00041359,129.63,8.8507,-1.4483,4.8482,8.8432,0,0.495,0.2863,-0.060139
1319.5,-1293.9,28.568,-2.7116,1.5832,0.41034,0.0010797,377.65,13.4,-4.2806,20.355,25.593,0,0.495,0.27027,-0.039906
982.18,-1061.1,28.807,-2.5931,1.4156,0.30331,0.00090585,331.94,12.56,-1.3653,15.821,20.874,0,0.495,0.27836,-0.039906
1146,-1159.6,28.677,-2.6098,1.6609,0.34387,0.001001,341.04,12.725,-2.8036,19.883,22.837,0,0.495,0.27027,-0.0439
864.04,-956.27,28.893,-2.5084,1.4906,0.25382,0.00083875,299.7,11.965,-0.87521,14.725,19.034,0,0.495,0.27836,-0.0439
777.09,-866.54,28.974,-2.4241,1.557,0.20406,0.00076419,264.1,11.345,-0.656,13.071,16.902,0,0.495,0.27836,-0.047909
989.53,-1041.4,28.783,-2.5117,1.7285,0.27716,0.00091285,301.08,12.027,-1.7865,18.468,19.913,0,0.495,0.27027,-0.047909
1765.2,-1602.7,28.296,-2.8264,1.7643,0.5291,0.0012652,416.12,14.126,-7.9816,26.596,29.445,0,0.495,0.2623,-0.039906
2034.1,-1806,28.16,-2.9555,1.6699,0.60991,0.0013455,451.3,14.857,-10.958,25.225,32.533,0,0.495,0.2623,-0.035915
1521.6,-1451.7,28.46,-2.818,1.4939,0.47224,0.0011475,409.17,14.052,-6.0424,19.876,27.877,0,0.495,0.27027,-0.035915
1130,-1185.3,28.719,-2.6789,1.33,0.34912,0.00096443,359.11,13.118,-2.0073,16.339,22.291,0,0.495,0.27836,-0.035915
1527.4,-1425.9,28.435,-2.7059,1.8453,0.44318,0.0011716,376.06,13.372,-5.5138,26.476,25.946,0,0.495,0.2623,-0.0439
1292,-1266.6,28.572,-2.5923,1.9144,0.35746,0.0010667,332.79,12.596,-3.7552,24.92,22.489,0,0.495,0.2623,-0.04791
802.38,-860.02,28.976,-2.3205,1.8391,0.15743,0.00071288,218.18,10.582,-1.2585,14.538,14.205,0,0.495,0.27027,-0.056031
882.53,-944.13,28.883,-2.4156,1.7876,0.21396,0.00081624,259.51,11.31,-1.3055,16.684,16.963,0,0.495,0.27027,-0.051955
664.31,-729.83,29.118,-2.2536,1.6688,0.11513,0.00059683,190.02,10.047,-1.0081,9.6656,12.374,0,0.495,0.27835,-0.05605
711.69,-792.27,29.049,-2.3394,1.6161,0.15701,0.00068309,226.92,10.703,-0.7356,11.378,14.639,0,0.495,0.27836,-0.051958
732.88,-786.13,29.06,-2.2263,1.8835,0.11023,0.00060643,179.16,9.8521,-1.3874,12.312,11.804,0,0.495,0.27027,-0.060086
860.8,-909.35,28.929,-2.2737,2.0628,0.1434,0.00070472,200.86,10.195,-2.3288,16.661,13.701,0,0.495,0.2623,-0.060088
976.84,-1014.2,28.822,-2.3772,2.0222,0.20402,0.00082986,243.24,11,-2.3868,19.752,16.227,0,0.495,0.26231,-0.05603
1114.6,-1132.5,28.702,-2.4833,1.973,0.27647,0.000952,287.93,11.804,-2.7698,22.655,19.166,0,0.495,0.26231,-0.051956
618.88,-674.67,29.181,-2.1676,1.7154,0.080415,0.00050855,155.41,9.3871,-1.235,8.1028,10.298,0,0.495,0.27831,-0.06011
-4997.4,11816,6.5017,-2.2644,-4.5822,26.502,0.037255,699.79,-54.127,-294.38,-68.392,3.0462,0,0.495,0.039431,-0.075887
-5587.8,11617,6.8012,-2.5064,-4.5405,26.155,0.036836,699.86,-51.485,-290.74,-70.35,4.7505,0,0.495,0.039436,-0.071896
-16847,12951,7.2513,-3.1402,-2.7511,26.424,0.037574,703.21,-52.274,-281.93,-80.838,33.717,0,0.495,0.047354,-0.067915
-17515,13270,7.6233,-3.4323,-1.1227,27.183,0.037492,725.1,-53.697,-269.51,-84,68.196,0,0.495,0.055266,-0.067942
-5749.2,11575,7.1106,-2.7567,-4.4833,25.783,0.036397,700.34,-48.669,-287.5,-72.432,6.5096,0,0.495,0.03944,-0.067906
286.51,-306.51,29.207,-1.7841,-0.13464,0.010895,0.00025535,42.524,7.5685,2.2715,3.4862,-4.0128,0,0.495,0.33397,0.0079845
289.64,-308.68,29.219,-1.7797,-0.20199,0.010833,0.00025443,42.47,7.4977,1.821,2.5973,-3.8195,0,0.495,0.33398,0.011972
225.68,-247.43,29.278,-1.6712,-0.11895,0.0078394,0.00027435,29.007,6.6266,2.0942,3.1822,-4.0718,0,0.495,0.34191,0.0079847
228.86,-249.88,29.288,-1.6668,-0.17872,0.0078122,0.00027536,28.82,6.5641,1.5681,2.0061,-3.9788,0,0.495,0.34191,0.011972
362.59,-385.76,29.132,-1.9109,-0.15186,0.019729,0.00029932,64.166,8.5722,2.4064,3.9282,-4.3701,0,0.495,0.32604,0.0079845
363.64,-387.21,29.112,-1.9054,-0.076788,0.020753,0.00030787,65.472,8.6195,2.6721,3.9487,-4.6373,0,0.495,0.32604,0.0040008
286.11,-305.75,29.188,-1.7781,-0.068018,0.011225,0.00025701,43.442,7.6096,2.6696,3.7982,-4.2023,0,0.495,0.33397,0.004001
457.48,-486.25,29.024,-2.0482,-0.08634,0.043025,0.00042538,97.816,9.6878,2.6241,4.2592,-6.2348,0,0.495,0.3181,0.0040001
455.49,-483.47,29.048,-2.053,-0.17083,0.040285,0.00040611,96.086,9.6324,2.5771,4.6973,-5.7864,0,0.495,0.3181,0.0079842
366.83,-387.22,29.147,-1.9064,-0.22758,0.019398,0.00029413,64.305,8.4924,2.07,3.3651,-4.0326,0,0.495,0.32604,0.011972
460.47,-484.8,29.067,-2.0481,-0.25601,0.038989,0.00039214,96.464,9.5409,2.4159,4.4823,-5.2329,0,0.495,0.3181,0.011972
224.19,-245.41,29.259,-1.6652,-0.060065,0.0079483,0.0002721,29.633,6.6623,2.5739,3.6546,-4.2324,0,0.495,0.34191,0.0040014
43.542,-65.208,29.694,-1.2265,-0.025081,0.0056703,0.00012346,4.3897,2.0589,1.1809,1.9134,-4.8347,0,0.495,0.38954,0.0040043
48.958,-69.459,29.707,-1.2274,-0.051759,0.005667,0.00011928,4.3498,2.0438,0.16241,2.5504,-4.5909,0,0.495,0.38954,0.007986
45.26,-66.152,29.716,-1.2238,-0.079419,0.0056619,0.00012051,4.249,2.0102,-1.123,0.8035,-4.6776,0,0.495,0.38954,0.011973
208.09,-204.29,29.499,-1.6205,-0.62158,0.0067729,0.00034025,20.464,5.3159,6.09,6.465,-0.43515,0,0.495,0.34192,0.043901
213.13,-212.91,29.466,-1.6337,-0.57168,0.0069543,0.00032051,22.274,5.5373,5.3725,5.9898,-1.0547,0,0.495,0.34192,0.039908
258.35,-253,29.47,-1.713,-0.69967,0.0079388,0.00026513,30.651,6.0944,5.9057,7.7138,0.83913,0,0.495,0.33398,0.043901
267.3,-263.3,29.43,-1.7296,-0.64382,0.008427,0.00025585,33.574,6.3416,5.3717,7.4801,0.15567,0,0.495,0.33398,0.039908
330.78,-326.9,29.399,-1.8371,-0.72141,0.012621,0.00023978,52.315,7.1907,5.1534,9.0002,0.83891,0,0.495,0.32604,0.039907
339.44,-336.89,29.353,-1.8562,-0.65725,0.014093,0.00024678,56.458,7.4487,4.9252,8.849,0.0038101,0,0.495,0.32604,0.035916
270.01,-270.01,29.392,-1.7454,-0.58616,0.0089575,0.00025118,36.179,6.5715,4.9951,7.1554,-0.65585,0,0.495,0.33398,0.035916
412.65,-412.93,29.314,-1.9789,-0.73492,0.026672,0.00029676,87.416,8.3554,4.9173,10.644,-0.47086,0,0.495,0.3181,0.035916
398.96,-397.38,29.367,-1.9553,-0.80511,0.023128,0.00027805,81.062,8.0647,4.8834,10.392,0.26312,0,0.495,0.3181,0.039907
212.26,-217.4,29.435,-1.6467,-0.5205,0.0071402,0.00030618,23.902,5.7426,4.9884,5.6835,-1.7082,0,0.495,0.34191,0.035916
316.74,-313.53,29.445,-1.8162,-0.78314,0.011259,0.00023675,47.568,6.9128,5.3779,8.8151,1.434,0,0.495,0.32604,0.043901
380.29,-378.58,29.419,-1.9291,-0.87197,0.019658,0.00026151,73.546,7.7515,4.7157,9.6163,0.66777,0,0.495,0.3181,0.043901
52.203,-68.421,29.787,-1.2325,-0.24061,0.0056177,0.0001047,3.4367,1.5885,2.0669,3.4657,-3.5167,0,0.495,0.38954,0.035916
56.794,-75.221,29.802,-1.2191,-0.26555,0.0056123,0.00010205,3.3535,1.4819,-0.12694,2.646,-3.3549,0,0.495,0.38954,0.039908
58.264,-75.29,29.816,-1.2056,-0.29295,0.0056056,0.00010132,3.2254,1.3647,0.60675,2.3194,-3.1808,0,0.495,0.38954,0.043901
141.73,-137.68,29.746,-1.4607,-0.9223,0.0058338,0.00016463,7.9758,3.0917,6.8851,3.0293,0.38627,0,0.495,0.34192,0.076042
153.01,-148.89,29.722,-1.4836,-0.89469,0.0058976,0.00019954,9.0528,3.398,6.4918,3.2273,0.49375,0,0.495,0.34192,0.072055
172.17,-168.58,29.729,-1.51,-1.0284,0.0059966,0.00024782,10.72,3.6334,6.7415,2.7526,0.47822,0,0.495,0.33398,0.076036
183.92,-179.87,29.705,-1.5381,-0.9992,0.0061035,0.00030809,12.315,3.9694,6.334,2.9192,0.75315,0,0.495,0.33398,0.072056
209.53,-213.7,29.684,-1.5951,-1.1096,0.0064165,0.00036155,16.717,4.539,5.2775,2.1862,-0.18438,0,0.495,0.32605,0.072074
227.79,-230.46,29.661,-1.6298,-1.0751,0.0066588,0.00034784,19.631,4.9026,4.6827,2.5717,0.28109,0,0.495,0.32606,0.068118
197.81,-192.52,29.68,-1.5671,-0.96701,0.0062369,0.00034459,14.189,4.2993,5.8463,3.3243,1.0499,0,0.495,0.33399,0.068076
255.24,-267.41,29.629,-1.6981,-1.1834,0.0074401,0.00027829,27.3,5.505,2.7772,1.6355,-1.48,0,0.495,0.31812,0.068108
231.34,-245.44,29.651,-1.6564,-1.2197,0.0069246,0.00031196,22.691,5.1036,3.365,1.3631,-1.9503,0,0.495,0.3181,0.072071
164.18,-160.39,29.696,-1.5078,-0.86449,0.0059756,0.00024538,10.29,3.6983,5.9859,3.5869,0.57349,0,0.495,0.34192,0.068067
194.87,-199.47,29.707,-1.5618,-1.1407,0.0062363,0.00034322,14.315,4.1694,5.8079,2.1051,-0.58832,0,0.495,0.32604,0.076043
209.82,-224.72,29.672,-1.6168,-1.2523,0.0065928,0.00034918,19.027,4.6946,4.0015,1.3694,-2.3225,0,0.495,0.3181,0.076043
67.475,-79.18,29.938,-1.1821,-0.45906,0.0055596,9.5724e-05,2.3237,0.48908,2.5836,3.1229,-1.5383,0,0.495,0.38956,0.068066
73.862,-87.003,29.955,-1.1616,-0.482,0.0055552,9.2143e-05,2.2444,0.31924,1.9353,2.6087,-1.5217,0,0.495,0.38955,0.072053
73.15,-82.725,29.972,-1.1434,-0.50686,0.00555,9.3349e-05,2.1291,0.143,3.5026,2.4841,-1.4462,0,0.495,0.38954,0.076042
124.74,-117.44,29.93,-1.2578,-1.0724,0.0056086,7.7073e-05,3.5286,0.4972,7.4492,3.2216,1.3442,0,0.495,0.3419,0.10862
119.77,-113.78,29.905,-1.2812,-1.0579,0.0056229,7.9724e-05,3.8289,0.81789,7.7654,2.5734,0.98054,0,0.495,0.3419,0.1046
147.84,-143.73,29.93,-1.2858,-1.1877,0.0056362,7.2984e-05,4.2013,0.82376,7.6199,3.7895,0.74294,0,0.495,0.33396,0.10861
142.48,-136.6,29.902,-1.3127,-1.1733,0.0056561,7.8098e-05,4.6106,1.1667,8.4441,3.2223,0.52819,0,0.495,0.33396,0.1046
144.18,-151.82,29.884,-1.3434,-1.2948,0.0056925,8.4032e-05,5.3832,1.4718,6.7962,3.1798,-1.6891,0,0.495,0.32602,0.10459
148.07,-153.73,29.856,-1.3731,-1.2782,0.005729,9.5986e-05,6.1111,1.8562,7.4248,2.79,-1.7483,0,0.495,0.32603,0.10046
143.79,-138.67,29.875,-1.3387,-1.1562,0.0056813,8.4772e-05,5.1394,1.5199,8.4665,2.7912,0.27182,0,0.495,0.33397,0.10047
122.17,-119.06,29.883,-1.3054,-1.0414,0.0056406,8.2036e-05,4.2211,1.1481,7.266,2.2168,0.67358,0,0.495,0.34191,0.10047
144.31,-155.87,29.913,-1.3119,-1.3077,0.0056644,7.6181e-05,4.8109,1.0992,5.5778,3.531,-1.7006,0,0.495,0.32602,0.1086
66.672,-75.67,30.067,-1.1066,-0.65157,0.0055227,9.1945e-05,1.555,-1.0152,6.1383,0.82633,-2.8607,0,0.495,0.38966,0.10031
70.492,-79.861,30.078,-1.0897,-0.67166,0.0055194,8.8749e-05,1.4879,-1.2185,6.1759,0.67965,-3.4143,0,0.495,0.38965,0.10438
67.635,-72.828,30.088,-1.0765,-0.6942,0.0055157,8.9593e-05,1.4047,-1.4242,7.4634,0.49742,-3.7687,0,0.495,0.3896,0.10848
98.025,-99.01,30.119,-0.98701,-1.1381,0.0055337,7.8509e-05,1.8198,-1.935,8.7859,0.80116,-0.30204,0,0.495,0.34191,0.14055
111.72,-112.97,30.104,-1.0105,-1.1298,0.0055418,7.5584e-05,2.0166,-1.6442,7.8101,1.0599,0.30626,0,0.495,0.34191,0.13656
92.638,-102.65,30.102,-1.0097,-1.2532,0.0055375,7.8655e-05,1.8972,-1.7751,7.4047,-0.65261,-2.4624,0,0.495,0.33397,0.14055
101.97,-111.36,30.092,-1.0347,-1.2454,0.0055465,7.6425e-05,2.1093,-1.465,7.2897,-0.4321,-2.0294,0,0.495,0.33397,0.13656
73.487,-86.754,30.056,-1.0561,-1.3516,0.0055503,9.0648e-05,2.1366,-1.3621,3.4922,-0.94962,-3.0713,0,0.495,0.32603,0.13655
86.92,-102.43,30.047,-1.0847,-1.3461,0.0055619,8.4189e-05,2.4161,-1.0274,3.4409,-0.57795,-3.1192,0,0.495,0.32603,0.13256
120.35,-131.33,30.08,-1.063,-1.237,0.0055573,7.2164e-05,2.3809,-1.1493,6.2971,0.23842,-1.4618,0,0.495,0.33397,0.13256
133.1,-136.29,30.087,-1.0396,-1.1215,0.0055512,7.0996e-05,2.2604,-1.3481,6.0598,1.6408,0.90293,0,0.495,0.34191,0.13257
68.155,-80.895,30.065,-1.0288,-1.3561,0.0055408,9.395e-05,1.9217,-1.6894,2.624,-0.83234,-2.8522,0,0.495,0.32603,0.14054
86.22,-100.24,30.141,-0.97018,-0.813,0.0055006,8.3844e-05,1.12,-2.6147,-0.54788,1.2312,-2.5075,0,0.495,0.38953,0.1326
78.298,-90.021,30.154,-0.93271,-0.82265,0.005498,8.9194e-05,1.0532,-2.8169,0.0053305,1.4431,-2.4183,0,0.495,0.38953,0.13659
61.626,-69.785,30.168,-0.90345,-0.83399,0.0054952,0.00010133,0.97453,-3.0458,1.9284,1.4417,-2.2085,0,0.495,0.38953,0.14059
560.31,-128.27,4.2351,2.5562,3.9594,17.92,0.015012,1207.7,-32.929,-287.01,4.6457,3.7965,0,0.495,0.023418,0.17206
-27.568,1258,4.1487,2.3822,4.3887,19.092,0.016677,1159,-36.489,-293.91,-0.75507,11.512,0,0.495,0.023422,0.16806
6342.4,-4862.5,4.4965,1.8159,5.9505,15.676,0.010475,1562.2,-31.243,-296.94,-9.3346,66.626,0,0.495,0.015491,0.17205
5211.5,-3219.3,4.454,1.685,6.4237,16.589,0.011473,1514.7,-34.903,-302.73,-12.331,71.566,0,0.495,0.015495,0.16805
-30702,-1675.7,5.3391,0.91995,8.6392,12.397,0.0046605,2734.2,-33.871,412.92,-14.141,1685.2,0,0.495,0.0075664,0.16805
-30181,141.42,5.3486,0.84775,9.1238,12.84,0.0049769,2729.4,-37.506,442.94,-15.888,1685.9,0,0.495,0.0075699,0.16405
4054.2,-1734.9,4.4322,1.5528,6.8738,17.414,0.012464,1468.3,-38.486,-307.5,-15.208,75.778,0,0.495,0.015498,0.16406
-69158,4933.8,6.0253,0.48672,10.312,10.063,0.00089778,3733.5,-37.106,1199.5,5.8648,3263.8,0,0.495,0,0.16405
-71818,2919.4,6.0011,0.52599,9.8093,9.8619,0.00088436,3697.8,-33.504,1135.2,6.3718,3266.7,0,0.495,0,0.16805
-469.86,2576,4.0895,2.2044,4.8025,20.147,0.018328,1113.4,-39.973,-299.8,-5.0179,17.696,0,0.495,0.023425,0.16406
-31475,-3629.2,5.3453,0.99412,8.1225,11.911,0.0043407,2737.2,-30.136,381.27,-12.744,1683.2,0,0.495,0.0075625,0.17205
-74947,870.05,5.9886,0.56893,9.2698,9.6433,0.00086971,3658.4,-29.764,1066.5,6.3245,3267.7,0,0.495,0,0.17204
14792,3284.3,19.473,4.0438,-4.4173,22.942,0.015001,1490.3,-35.258,-36.32,345.07,-476.83,0,0.495,0.079142,0.16811
9674.5,1479.9,20.877,4.1101,-4.084,20.659,0.013729,1485.9,-32.392,-18.233,364.85,-458.42,0,0.495,0.079141,0.1721
-6231.1,560.76,22.958,3.6673,-4.3926,17.772,0.013163,1339.2,-32.33,-0.07461,313.15,-409.41,0,0.495,0.087071,0.16812
-11567,-892.18,24.184,3.7024,-4.019,15.003,0.011503,1287.7,-29.91,11.776,315.34,-378.27,0,0.495,0.08707,0.17212
16415,6749,15.586,4.2837,-4.1567,25.699,0.015256,1541.4,-37.954,-85.757,352.72,-506.87,0,0.495,0.071183,0.1681
14645,8120,14.24,4.1391,-4.3499,26.697,0.016048,1485.9,-40.86,-110.27,314.9,-498.53,0,0.495,0.071184,0.1641
14510,4797.7,18.144,3.9386,-4.7064,24.819,0.016092,1477,-38.092,-55.245,321.42,-486.95,0,0.495,0.079143,0.16411
19125,5160.9,17.065,4.3892,-3.9076,24.341,0.014418,1586,-34.999,-61.466,389.08,-506.35,0,0.495,0.07118,0.17209
288.17,1841,21.749,3.5957,-4.7355,20.294,0.014763,1367.7,-34.779,-13.507,303.73,-432.25,0,0.495,0.087072,0.16413
951.95,-1051.8,30.135,1.0684,-3.0587,0.019274,0.00020582,34.948,-18.438,0.26375,8.2042,-1.6567,0,0.495,0.14258,0.16818
871.69,-965.49,30.163,1.1156,-2.9343,0.012901,0.00014973,29.372,-18.035,-0.25656,7.9646,-1.3508,0,0.495,0.14258,0.17218
723.46,-804.17,30.121,0.86278,-2.9673,0.0090456,0.00011973,23.892,-17.117,-1.9339,7.9942,-2.6323,0,0.495,0.15063,0.168
679.3,-759.33,30.152,0.91125,-2.859,0.0078486,0.00010064,21.514,-16.818,-1.8589,8.0058,-2.7657,0,0.495,0.15063,0.172
1219.4,-1381.7,30.145,1.308,-3.1686,0.070995,0.00056057,63.683,-19.796,3.9703,10.8,-5.4714,0,0.495,0.13463,0.16821
1310.8,-1493.3,30.106,1.2588,-3.3196,0.12705,0.00096641,85.526,-20.353,5.3274,13.135,-9.3795,0,0.495,0.13463,0.16421
1034.2,-1139.1,30.107,1.014,-3.1851,0.031448,0.00030804,43.193,-18.854,1.253,8.5142,-2.351,0,0.495,0.14258,0.16419
1120.7,-1262,30.177,1.3484,-3.0215,0.038952,0.00033143,48.252,-19.263,2.8714,9.1655,-2.9569,0,0.495,0.13463,0.1722
773.06,-855.97,30.09,0.80708,-3.0758,0.01131,0.00014915,27.089,-17.418,-1.5472,7.7559,-2.3999,0,0.495,0.15063,0.16401
209.23,-242.15,30.077,-0.015522,-2.3747,0.0057214,5.5116e-05,5.181,-9.2871,-1.3447,7.727,-3.4471,0,0.495,0.20649,0.16823
198.53,-232.52,30.116,0.020464,-2.3235,0.0056969,5.6051e-05,4.7022,-9.4403,-0.42791,7.2026,-3.1914,0,0.495,0.20649,0.17223
210.91,-245.93,30.082,-0.10445,-2.3113,0.0056718,5.4375e-05,4.3745,-8.499,-0.40625,6.9559,-3.5687,0,0.495,0.21442,0.16824
205.01,-240.6,30.12,-0.070469,-2.2599,0.0056522,5.4931e-05,3.9784,-8.6898,0.26686,6.5337,-3.2354,0,0.495,0.21442,0.17224
233.74,-261.96,30.076,0.063813,-2.4431,0.0057833,5.4531e-05,6.1965,-10.19,0.04865,8.2855,-2.5971,0,0.495,0.19855,0.16822
260.56,-287.34,30.032,0.024186,-2.4967,0.005817,5.3493e-05,6.818,-10.063,-0.54485,9.0176,-2.7175,0,0.495,0.19855,0.16423
223.02,-256.09,30.035,-0.056361,-2.4255,0.0057483,5.4057e-05,5.6961,-9.1203,-2.4401,8.4362,-3.6486,0,0.495,0.20649,0.16424
208.71,-239.22,30.115,0.098387,-2.3897,0.0057531,5.62e-05,5.6188,-10.303,0.2875,7.6742,-2.4315,0,0.495,0.19855,0.17221
221.14,-256.65,30.042,-0.14308,-2.3615,0.0056935,5.3322e-05,4.8041,-8.2919,-1.4708,7.6402,-3.8235,0,0.495,0.21442,0.16425
111.78,-134.89,30.108,-0.55075,-1.7818,0.0055446,7.2199e-05,1.9806,-4.7325,2.1546,3.2241,-2.2571,0,0.495,0.27015,0.16839
109.31,-132.95,30.134,-0.52255,-1.7529,0.0055376,7.2509e-05,1.8346,-5.0375,2.7304,3.1656,-2.1728,0,0.495,0.2702,0.17244
115.73,-139.46,30.126,-0.60185,-1.695,0.0055389,6.8807e-05,1.9041,-4.4616,6.2025,2.9967,-3.6974,0,0.495,0.27834,0.16843
108.73,-132.12,30.151,-0.57817,-1.6681,0.0055324,7.0472e-05,1.7582,-4.7624,6.3235,2.8281,-3.4567,0,0.495,0.27835,0.17243
96.677,-112.02,30.106,-0.50899,-1.853,0.0055562,8.0687e-05,2.1564,-5.059,-1.102,3.6272,-0.42932,0,0.495,0.26205,0.1683
108.67,-125.17,30.078,-0.5419,-1.8795,0.0055655,7.575e-05,2.3645,-4.752,-2.0047,4.1957,-0.59791,0,0.495,0.26205,0.16431
122.07,-145.97,30.081,-0.58275,-1.8091,0.0055524,6.9758e-05,2.1549,-4.4176,1.022,3.6114,-2.2726,0,0.495,0.27011,0.16436
124.75,-141.77,30.046,-0.58066,-1.9053,0.0055758,7.0575e-05,2.6043,-4.4264,-3.132,4.809,-0.88178,0,0.495,0.26205,0.16032
137.97,-162.05,30.051,-0.62058,-1.8349,0.0055613,6.6351e-05,2.3633,-4.0885,-0.40022,4.0441,-2.3701,0,0.495,0.2701,0.16037
89.784,-105.12,30.132,-0.48008,-1.8263,0.0055477,8.4011e-05,1.9742,-5.3524,-0.70755,3.3933,-0.25554,0,0.495,0.26206,0.1723
133.85,-159.55,30.1,-0.6299,-1.7203,0.0055464,6.5317e-05,2.0835,-4.147,5.2399,3.4345,-3.7799,0,0.495,0.27834,0.16444
158.47,-185.86,30.071,-0.6647,-1.7442,0.005555,6.1332e-05,2.2992,-3.8161,3.8145,3.8503,-3.8663,0,0.495,0.27834,0.16045
55.373,-63.552,30.256,-0.7357,-1.1434,0.0055019,9.0527e-05,1.1124,-4.0524,9.646,0.42792,-3.0778,0,0.495,0.34191,0.17248
88.815,-102.71,30.243,-0.75584,-1.1454,0.0055053,7.8272e-05,1.2129,-3.7988,7.5393,1.301,-2.9613,0,0.495,0.34191,0.16849
51.588,-66.717,30.224,-0.73579,-1.2456,0.0055027,9.4245e-05,1.1205,-4.0086,6.6887,0.32528,-3.5282,0,0.495,0.33397,0.17248
73.377,-92.765,30.21,-0.75829,-1.2513,0.005506,8.4354e-05,1.2091,-3.7417,5.1338,0.9021,-3.4976,0,0.495,0.33397,0.16849
44.876,-52.777,30.183,-0.75654,-1.3347,0.0055081,0.00012267,1.2055,-3.767,-1.5854,1.1719,-0.46193,0,0.495,0.32603,0.16848
61.947,-70.662,30.166,-0.78882,-1.3412,0.0055116,0.00010324,1.2987,-3.4935,-3.1703,1.8493,-0.57028,0,0.495,0.32603,0.16449
101.41,-124.27,30.194,-0.78998,-1.2559,0.0055096,7.5141e-05,1.3125,-3.4797,3.2158,1.4929,-3.285,0,0.495,0.33397,0.16449
122.57,-141.85,30.225,-0.78726,-1.1474,0.0055089,6.9383e-05,1.3208,-3.546,5.272,2.0524,-2.5941,0,0.495,0.34191,0.1645
33.523,-39.895,30.196,-0.73244,-1.3273,0.0055049,0.00014282,1.1254,-4.0385,-0.44885,0.55161,-0.30666,0,0.495,0.32603,0.17247
51.833,-59.872,30.26,-0.77866,-0.89761,0.0054866,0.00010632,0.81148,-4.2364,-3.7744,2.4043,0.15662,0,0.495,0.38953,0.16453
46.528,-54.46,30.276,-0.74007,-0.89938,0.0054858,0.00011679,0.78915,-4.4225,-3.3913,1.9106,0.4545,0,0.495,0.38953,0.16852
31.575,-38.954,30.289,-0.7098,-0.90164,0.0054847,0.00015058,0.7523,-4.602,-1.3397,0.91548,0.69134,0,0.495,0.38953,0.17252
33879,-16413,5.927,2.6095,2.7629,9.9983,0.0047587,1972.5,-10.005,-213.02,351.08,-73.273,0,0.495,0.015463,0.19609
1.6496e+05,-37535,5.9871,1.5646,4.302,8.39,0.0025224,2696.1,-7.9403,153.4,171.17,1597.3,0,0.495,0.007534,0.19609
3.0513e+05,-51076,6.3957,1.0145,5.0785,7.8969,0.00074717,3323.5,-6.9103,515.8,161.2,3196.4,0,0.495,0,0.19609
43914,-11855,7.1117,3.494,1.3328,12.496,0.0057469,1911.1,-12.478,-177.28,547.76,-236.16,0,0.495,0.023391,0.1961
-6094.8,-6220.2,28.694,3.5623,-1.6178,3.0121,0.0039906,699.8,-18.808,35.307,182.54,-150.31,0,0.495,0.079127,0.19611
-13254,-5062.6,27.122,3.9514,-1.4985,6.3416,0.0055408,1090.7,-19.525,42.98,329.11,-249.22,0,0.495,0.071167,0.1961
-1139.7,-4107.9,29.573,3.1803,-1.7472,1.1888,0.0026841,395.31,-18.887,21.812,90.099,-77.388,0,0.495,0.087057,0.19612
454.77,-610.04,30.328,1.255,-2.2538,0.0067726,6.3814e-05,16.293,-15.919,-1.5326,8.1245,-2.9646,0,0.495,0.14258,0.19614
598.13,-752.53,30.318,1.4249,-2.2545,0.007483,7.5248e-05,20.322,-16.496,-4.1242,7.6049,-2.3047,0,0.495,0.13463,0.19617
445.51,-552.81,30.341,1.0841,-2.2252,0.0063471,5.2632e-05,13.048,-15.219,-4.4109,8.5931,-3.0674,0,0.495,0.15063,0.19595
169.17,-210.68,30.339,0.2121,-2.0122,0.0056072,5.8733e-05,2.8024,-10.165,1.0964,5.773,-1.7635,0,0.495,0.2065,0.1963
141.61,-190.44,30.341,0.29199,-2.079,0.005636,6.0774e-05,3.2399,-10.81,-3.286,6.132,-1.789,0,0.495,0.19854,0.19622
179.52,-222.05,30.338,0.13373,-1.9415,0.0055814,5.6843e-05,2.4177,-9.5606,-0.63863,5.4749,-1.7916,0,0.495,0.21444,0.19632
103.48,-119.76,30.309,-0.32089,-1.574,0.0055119,7.7401e-05,1.2539,-6.6636,3.6474,2.7005,-1.5591,0,0.495,0.27013,0.1967
67.464,-73.993,30.304,-0.29075,-1.6694,0.0055147,8.9166e-05,1.2614,-6.9355,-0.81126,2.4593,0.22967,0,0.495,0.26209,0.19645
139.1,-163.7,30.316,-0.35648,-1.4871,0.0055093,6.5767e-05,1.2467,-6.3516,-0.4539,2.5998,-2.2432,0,0.495,0.27825,0.1966
95.077,-112.62,30.319,-0.5641,-1.1819,0.0054913,7.9857e-05,0.90633,-5.437,1.7139,1.9541,-2.8418,0,0.495,0.33398,0.19661
41.959,-39.681,30.294,-0.55416,-1.2666,0.005491,0.0001098,0.85637,-5.5114,-5.2129,1.6218,0.71791,0,0.495,0.32604,0.1966
111.67,-129.34,30.341,-0.57493,-1.0947,0.0054911,7.3531e-05,0.9259,-5.4115,0.17972,2.5981,-1.5721,0,0.495,0.34191,0.19662
16.243,-8.7759,30.328,-0.61161,-0.91854,0.0054774,0.00014716,0.60494,-5.6351,-7.3832,1.3065,1.2699,0,0.495,0.38954,0.19674
49403,-61611,10.633,-4.8792,2.0336,24.909,0.01515,1185.5,42.964,-100.13,-21.537,-36.182,0,0.495,0.015712,0.007981
39534,-53575,10.506,-4.6115,2.9926,24.935,0.015944,1177.9,40.145,-132.91,-27.422,-32.738,0,0.495,0.015712,0.011971
30333,-47821,11.044,-6.9515,1.692,23.629,0.016074,980.99,28.44,-124.23,-28.114,-37.077,0,0.495,0.023633,0.007981
20951,-39902,10.886,-6.5756,2.4889,23.896,0.017085,972.4,25.911,-166.03,-37.099,-34.838,0,0.495,0.023633,0.011971
4097.8,-1.2652e+05,10.453,-2.8479,2.3494,20.636,0.0084002,2958.7,59.396,94.177,-13.89,1234.1,0,0.495,0.0077878,0.007981
60387,-1.3456e+05,10.512,-2.9796,1.2189,20.707,0.0081482,2966.5,60.958,43.358,-9.3851,1228,0,0.495,0.0077879,0.0039907
60296,-67966,10.717,-5.0789,1.0389,24.865,0.014599,1190.4,44.4,-57.322,-13.417,-39.714,0,0.495,0.015713,0.0039907
50478,-1.964e+05,10.573,-2.0153,1.309,16.117,0.0018978,4591.7,69.82,137.89,-4.7205,2473.7,0,0.495,0,0.0039907
-56160,-1.8686e+05,10.528,-1.913,2.4939,16.034,0.0018794,4580.1,68.207,274.71,-6.2812,2482.7,0,0.495,0,0.007981
-15916,-1.1873e+05,10.359,-2.6863,3.4554,20.533,0.0087471,2949,56.227,150.39,-16.846,1242.4,0,0.495,0.0077878,0.011971
-87953,-1.7931e+05,10.451,-1.7986,3.6692,15.935,0.0018507,4566,64.87,414.91,-6.7129,2495.9,0,0.495,0,0.011971
41610,-53970,11.148,-7.2208,0.86321,23.398,0.015412,985.49,29.836,-68.684,-16.228,-40.176,0,0.495,0.023633,0.0039907
-1008.8,794.52,14.168,-13.223,-0.068185,18.587,0.020641,900.29,-23.961,-216.74,-53.538,-37.905,0,0.495,0.079185,0.007981
-4588.9,3982.6,13.928,-12.308,-0.14506,20.316,0.02241,906.59,-25.231,-268.88,-59.958,-43.332,0,0.495,0.079185,0.011971
-1022.3,32.725,14.693,-13.33,-0.20163,18.142,0.01986,913.25,-23.049,-227.03,-55.192,-39.526,0,0.495,0.087109,0.007981
-3831.2,2549.8,14.452,-12.358,-0.33785,20.01,0.021737,920.59,-24.169,-277.07,-56.66,-45.155,0,0.495,0.087109,0.011971
-357.29,797.3,13.657,-12.979,0.091529,18.911,0.021308,887.37,-22.992,-204.86,-51.593,-37.972,0,0.495,0.07125,0.007981
2120.5,-2375.8,13.837,-13.591,0.05812,17.546,0.020023,876.21,-22.065,-115.93,-30.872,-39.024,0,0.495,0.071251,0.0039907
1486.9,-1870.3,14.36,-13.891,-0.022094,17.032,0.019192,887.33,-23.087,-124.38,-33.425,-38.814,0,0.495,0.079186,0.0039908
-4652,4706.7,13.417,-12.13,0.091488,20.464,0.022922,892.78,-24.399,-258.6,-61.646,-42.651,0,0.495,0.07125,0.011971
1121.2,-2073.9,14.901,-14.051,-0.090757,16.421,0.018276,898.29,-22.341,-132.22,-36.28,-40.588,0,0.495,0.087109,0.0039908
-151.65,-6407.7,18.803,-12.07,-0.66817,11.468,0.012202,938.79,-0.8131,-247.22,-106.43,-46.833,0,0.495,0.14258,0.007981
-664.19,-4804.7,18.405,-11.003,-1.0015,13.336,0.01401,951.37,-2.0068,-284.48,-77.544,-49.33,0,0.495,0.14258,0.011971
-358.35,-7279.1,19.469,-11.689,-0.723,10.255,0.011009,930.27,2.9123,-238.42,-114.22,-50.033,0,0.495,0.15056,0.0079811
-948.82,-5538.2,19.041,-10.662,-1.0754,12.005,0.012734,942.16,1.6742,-274.06,-86.018,-53.451,0,0.495,0.15056,0.011971
167.88,-5615.4,18.16,-12.402,-0.61439,12.657,0.013391,944.28,-4.6004,-252.34,-96.625,-45.234,0,0.495,0.13465,0.007981
734.05,-6881.6,18.565,-13.269,-0.30357,10.638,0.011556,919.36,-3.6949,-155.98,-74.855,-47.617,0,0.495,0.13465,0.003991
715.57,-7819.8,19.245,-12.922,-0.33268,9.5331,0.010417,913.69,0.14887,-153.58,-82.037,-48.083,0,0.495,0.14259,0.0039911
-255.91,-4138.4,17.8,-11.309,-0.92824,14.615,0.015261,957.28,-5.7297,-291.24,-68.66,-47.32,0,0.495,0.13465,0.011971
628.28,-8834.8,19.938,-12.511,-0.3628,8.4481,0.0093137,905.4,3.9068,-148.55,-87.316,-49.73,0,0.495,0.15056,0.0039918
1098.6,-11491,24.333,-7.6503,-0.88476,3.1439,0.0040131,781.83,22.463,-106.84,-63.582,-50.448,0,0.495,0.20646,0.0079814
673.48,-10349,24.094,-7.1439,-1.2871,3.4801,0.0043895,791.17,21.607,-126.87,-53.64,-60.626,0,0.495,0.20646,0.011971
1637.2,-10511,24.922,-7.0116,-0.84574,2.599,0.0034589,749.94,23.122,-88.063,-49.204,-45.887,0,0.495,0.21439,0.0079814
1100.3,-9508,24.735,-6.5787,-1.2269,2.7925,0.0036728,758.69,22.362,-106.87,-43.212,-55.321,0,0.495,0.21438,0.011971
577.58,-12019,23.678,-8.3174,-0.91066,3.844,0.0047162,813.24,21.202,-127.77,-78.335,-53.576,0,0.495,0.19864,0.0079813
4619.4,-13271,23.976,-8.7662,-0.46825,3.3836,0.0042408,796.41,21.94,-77.524,-56.225,-44.462,0,0.495,0.19864,0.0039926
5444.1,-12533,24.568,-8.0292,-0.45592,2.8649,0.0037288,767.17,23.093,-63.769,-44.259,-41.561,0,0.495,0.20646,0.0039921
140.37,-10620,23.385,-7.7327,-1.3273,4.3742,0.0053027,823.13,20.211,-149.98,-64.879,-64.232,0,0.495,0.19864,0.011971
6069,-11454,25.096,-7.3243,-0.43707,2.4498,0.0033179,737.34,23.668,-51.214,-32.585,-37.539,0,0.495,0.21439,0.0039921
995.85,-1120.3,28.7,-2.5897,-0.38504,0.21801,0.00084897,253.7,13.022,5.3221,10.372,-13.224,0,0.495,0.29428,0.011972
755.22,-821.81,28.85,-2.3853,-0.33109,0.13449,0.00068457,193.05,11.812,4.1218,8.0737,-10.07,0,0.495,0.30222,0.011972
978.86,-1117.9,28.653,-2.5947,-0.25615,0.23018,0.00090622,250.88,13.161,5.2505,10.471,-14.571,0,0.495,0.29428,0.0079828
742.62,-817.59,28.815,-2.3903,-0.22029,0.14168,0.00072657,191.5,11.932,3.896,7.9074,-11.238,0,0.495,0.30222,0.0079828
745.39,-815.32,28.78,-2.386,-0.11073,0.15305,0.00077669,193.43,12.007,3.1238,6.1178,-12.403,0,0.495,0.30222,0.0039973
580.8,-630.16,28.917,-2.2074,-0.0973,0.085284,0.00058909,140.99,10.811,2.701,4.8965,-8.7415,0,0.495,0.31016,0.0039979
580.21,-627.73,28.945,-2.2115,-0.19291,0.079202,0.00055553,138.97,10.747,2.9977,5.9207,-7.9812,0,0.495,0.31016,0.0079831
589.18,-629.75,28.97,-2.2065,-0.2894,0.075711,0.00052866,139.75,10.644,3.0614,5.9671,-7.1299,0,0.495,0.31016,0.011972
990.78,-1111.8,28.608,-2.589,-0.12851,0.24863,0.00097365,252.15,13.247,3.9886,7.8994,-16.121,0,0.495,0.29428,0.0039971
4392.1,3900.3,8.9636,-3.2249,6.7247,23.926,0.028604,839.89,-13.189,-265.39,-52.442,-0.15604,0,0.495,0.023633,0.043896
3161.1,2559.3,9.2298,-3.5581,6.3851,23.992,0.028184,853.3,-7.9878,-263.41,-51.559,-5.444,0,0.495,0.023633,0.039905
7591.4,-2873.8,8.9489,-2.2874,8.1858,23.208,0.022355,1074,-4.1769,-241.82,-39.995,12.43,0,0.495,0.015712,0.043896
8687.4,-5434,9.1683,-2.5304,7.7592,23.475,0.022304,1084.9,1.7668,-235.21,-38.7,6.4077,0,0.495,0.015712,0.039905
37425,-55148,9.3635,-1.4847,9.1021,18.721,0.0097989,2819.9,12.538,461.65,-23.013,1330.7,0,0.495,0.0077876,0.039905
-15033,-62023,9.5293,-1.6414,8.514,19.034,0.0099003,2842.8,19.514,428.76,-23.052,1316.7,0,0.495,0.0077876,0.035915
10905,-9018.2,9.3838,-2.7932,7.2808,23.763,0.022091,1097.6,7.8763,-226.53,-38.25,0.86465,0,0.495,0.015712,0.035915
-44552,-1.1139e+05,9.7589,-1.0959,9.1302,14.879,0.0015909,4412.2,25.879,1066,-1.8687,2612.3,0,0.495,0,0.035915
63477,-1.0181e+05,9.6173,-0.98646,9.7736,14.643,0.0015428,4377.2,18.456,1143.1,-0.46686,2635,0,0.495,0,0.039905
2995.3,393.85,9.4922,-3.9261,6.0045,24.084,0.027597,868.68,-2.6174,-260.32,-51.197,-10.077,0,0.495,0.023633,0.035915
34059,-48671,9.1945,-1.3375,9.6276,18.419,0.0096951,2797.8,5.7346,491.75,-24.01,1345.2,0,0.495,0.0077876,0.043896
58530,-92060,9.473,-0.88396,10.35,14.408,0.0014969,4342,11.207,1212.5,-0.23632,2658.1,0,0.495,0,0.043896
-10273,5188.5,13.01,-5.6109,-2.0105,25.824,0.031867,810.54,-36.335,-185.92,-53.857,-140.91,0,0.495,0.087118,0.043897
-10091,5631.9,13.217,-6.1421,-1.769,25.159,0.030868,815.26,-34.807,-200.93,-51.563,-130.08,0,0.495,0.087116,0.039905
-12671,8285.2,11.975,-5.7822,-1.4429,25.86,0.032725,790.34,-38.959,-205.06,-72.557,-122.39,0,0.495,0.079193,0.043897
-12635,8804.7,12.252,-6.3064,-1.2458,25.256,0.031728,796.18,-37.186,-217.21,-70.867,-113.73,0,0.495,0.079192,0.039905
-15083,11890,11.406,-6.3692,-0.56867,24.991,0.032212,775.97,-38.169,-234.52,-82.838,-96.295,0,0.495,0.071257,0.039905
-15121,12419,11.731,-6.9623,-0.4331,24.542,0.031087,789.63,-36.219,-247.08,-80.407,-88.332,0,0.495,0.071252,0.035914
-12540,9277.2,12.521,-6.9122,-1.0533,24.738,0.030624,808.04,-35.497,-232.68,-67.629,-103.13,0,0.495,0.079187,0.035914
-9863.2,6056.2,13.411,-6.7592,-1.5325,24.598,0.029783,826.17,-33.219,-219.52,-47.512,-116.97,0,0.495,0.087111,0.035914
-14932,11262,11.077,-5.8518,-0.7092,25.516,0.033224,768.07,-40.188,-224.87,-84.019,-102.55,0,0.495,0.071259,0.043897
2016.9,-991.04,22.9,-3.5416,-3.2517,9.8953,0.011079,891.72,-8.0887,-137.75,230.41,-90.208,0,0.495,0.15056,0.043898
2257.1,-1103.2,21.936,-4.1089,-3.0546,11.603,0.012486,928.45,-7.0563,-167.53,233.49,-76.107,0,0.495,0.15056,0.039905
1966.2,-374.46,22.043,-3.7386,-3.1729,11.763,0.013284,885.11,-11.451,-136.28,188.45,-133.46,0,0.495,0.1426,0.043897
2076,-583.29,21.231,-4.2996,-2.9634,13.097,0.014244,919.27,-10.386,-166.76,202.82,-109.26,0,0.495,0.14259,0.039905
3114.5,-666.72,20.272,-4.5229,-2.8722,15.141,0.016728,905.44,-14.143,-164.55,156.94,-137.5,0,0.495,0.13466,0.039905
2964.8,-752,19.607,-5.1955,-2.6337,16.035,0.017254,929.58,-12.995,-196.2,163.78,-110.78,0,0.495,0.13465,0.035914
2343.2,-745.87,20.397,-4.9791,-2.7359,14.394,0.015254,943.49,-9.3355,-197.57,199.28,-88.146,0,0.495,0.14259,0.035914
2707.1,-1248.5,21.002,-4.7906,-2.8353,13.076,0.013764,949.48,-5.9951,-196.67,217.41,-65.674,0,0.495,0.15056,0.035914
3379.3,-503.5,20.881,-3.9684,-3.0984,14.384,0.016382,878.22,-15.332,-134.42,137.37,-164.51,0,0.495,0.13466,0.043897
4716.4,-4014.1,26.526,-3.1688,-3.1234,2.1567,0.0035159,606.54,13.07,-51.629,92.102,-56.162,0,0.495,0.21433,0.043962
5373.6,-4567,26.097,-3.4958,-3.012,2.5222,0.0038454,650.06,14.338,-61.968,92.302,-61.259,0,0.495,0.21449,0.039944
4792,-4044.3,25.989,-3.2165,-3.3071,3.2353,0.0047425,675.89,11.688,-69.83,106.35,-70.852,0,0.495,0.20638,0.043989
5463.2,-4563,25.516,-3.5945,-3.1799,3.6759,0.0051248,712.05,12.948,-81.901,102.87,-76.38,0,0.495,0.2064,0.039945
5015.6,-3912.2,24.807,-3.6706,-3.289,5.1298,0.0065963,773.73,10.966,-104.77,117.87,-84.276,0,0.495,0.19863,0.039921
5924.4,-4551.7,24.312,-4.1497,-3.1199,5.5182,0.0069144,794.7,12.283,-117.77,104.82,-87.989,0,0.495,0.19864,0.035921
6280.7,-5223,25.067,-4.0137,-3.017,4.0097,0.0053913,739.52,14.237,-92.823,94.38,-78.644,0,0.495,0.2064,0.035923
6131.5,-5228.4,25.685,-3.8573,-2.861,2.8206,0.0040915,684.45,15.585,-71.456,86.366,-64.452,0,0.495,0.21451,0.035926
4309.8,-3463.2,25.35,-3.2421,-3.4224,4.5738,0.0061149,743.3,9.7001,-90.718,126.82,-76.751,0,0.495,0.19862,0.04393
575.36,-653.93,29.214,-2.2875,-1.1993,0.11336,0.00054927,202.77,10.311,2.2425,10.144,-9.561,0,0.495,0.29428,0.0439
508.11,-540.73,29.314,-2.1691,-1.0766,0.067377,0.00042889,153.52,9.4663,3.3096,9.9115,-5.0037,0,0.495,0.30222,0.043901
626.69,-717.78,29.151,-2.3424,-1.1255,0.13682,0.0005994,224.56,10.773,2.9473,12.167,-9.9442,0,0.495,0.29428,0.039907
547.13,-583.98,29.255,-2.212,-1.0038,0.081612,0.00046988,169.91,9.8724,4.0761,11.812,-5.1541,0,0.495,0.30222,0.039907
582.9,-626.29,29.19,-2.2511,-0.92489,0.095041,0.00050795,183.22,10.251,4.6397,13.124,-5.5353,0,0.495,0.30222,0.035916
501.58,-513.8,29.263,-2.1112,-0.82266,0.052055,0.00038904,130.22,9.2886,4.9423,12.031,-2.1762,0,0.495,0.31016,0.035916
477.23,-487.13,29.323,-2.0814,-0.89785,0.044671,0.00035982,120.79,8.9576,4.6031,11.239,-1.6503,0,0.495,0.31016,0.039907
447.24,-457.59,29.379,-2.048,-0.96847,0.037063,0.00033004,109.32,8.6013,4.0563,9.8358,-1.4647,0,0.495,0.31016,0.043901
680.91,-783.45,29.082,-2.3942,-1.044,0.15864,0.00064471,242.34,11.205,3.4967,13.694,-10.33,0,0.495,0.29428,0.035916
6448.9,6384.3,6.8559,-1.4465,8.3501,24.506,0.031004,795.9,-46.494,-278.56,-48.549,34.791,0,0.495,0.023593,0.07588
6591,6169.8,7.107,-1.6129,8.2373,24.374,0.030801,796.89,-43.21,-276.5,-49.28,31.221,0,0.495,0.023603,0.071884
6909.1,3361.7,7.168,-0.98411,10.233,22.204,0.022304,1042.9,-41.928,-269.81,-41.075,57.148,0,0.495,0.015676,0.075873
7094.3,3039.6,7.3846,-1.1023,10.087,22.243,0.022326,1042.5,-38.261,-266.94,-41.03,52.042,0,0.495,0.015682,0.071881
18246,-18817,7.9727,-0.60775,11.972,16.888,0.0090532,2688.1,-33.021,635.3,-25.451,1455.5,0,0.495,0.0077571,0.071879
19803,-21733,8.1461,-0.6845,11.754,17.043,0.0091286,2700.4,-28.532,622.64,-25.603,1441.2,0,0.495,0.0077592,0.067893
7213.6,2709.7,7.6043,-1.2289,9.9139,22.298,0.022338,1043.2,-34.281,-264.06,-41.411,46.882,0,0.495,0.015684,0.067893
32675,-45720,8.5732,-0.42742,12.686,13.17,0.0012679,4169.7,-25.174,1505,2.8172,2814.5,0,0.495,0,0.067885
29696,-40279,8.4243,-0.37417,12.928,13.008,0.0012407,4144.7,-29.92,1533.9,3.3763,2837.3,0,0.495,0,0.071876
6625.6,6010.3,7.3631,-1.7887,8.1017,24.245,0.030556,798.79,-39.665,-274.6,-50.29,27.496,0,0.495,0.023608,0.067891
16753,-16013,7.8018,-0.53712,12.159,16.748,0.00898,2677.2,-37.159,646.04,-25.841,1469.8,0,0.495,0.0077514,0.07587
26933,-35038,8.2783,-0.3255,13.137,12.854,0.0012153,4121.5,-34.293,1558.9,3.3503,2860.2,0,0.495,0,0.075868
-12927,6195.8,11.771,-2.7745,-4.0518,31.211,0.034345,908.97,-48.38,-167.27,-23.943,-232.31,0,0.495,0.087058,0.076004
-12586,5585.1,11.852,-3.0849,-3.7954,30.712,0.034517,889.94,-46.981,-164.44,-29.12,-218.88,0,0.495,0.087087,0.071923
-15907,9438.2,10.11,-2.9498,-3.1819,30.751,0.035232,873.09,-52.68,-205.88,-51.845,-200.43,0,0.495,0.079124,0.075945
-15131,8677.3,10.284,-3.2598,-2.9567,30.302,0.035365,857.06,-51.095,-200.42,-54.879,-188.76,0,0.495,0.07912,0.071947
-16860,11350,8.9667,-3.3475,-1.8413,29.467,0.036214,813.97,-53.835,-232.45,-70.49,-152.02,0,0.495,0.071196,0.071939
-16195,10748,9.228,-3.6521,-1.6668,29.011,0.036165,802.39,-51.998,-225.89,-73.002,-143.94,0,0.495,0.071191,0.067957
-14524,8124.5,10.473,-3.568,-2.7313,29.793,0.035406,841.63,-49.466,-195.67,-58.542,-177.82,0,0.495,0.079118,0.067956
-12211,5148.8,11.952,-3.3923,-3.5367,30.154,0.034585,872.01,-45.562,-162.16,-34.963,-206.37,0,0.495,0.087076,0.067919
-17690,12161,8.7178,-3.0418,-2.0187,29.861,0.036185,825.62,-55.607,-239.8,-68.066,-160.44,0,0.495,0.071203,0.075918
937.04,699.76,26.949,-1.4824,-4.2009,4.8095,0.0076624,605.45,-16.103,-22.57,61.464,-178.72,0,0.495,0.1506,0.076172
1052.5,756.38,26.68,-1.6417,-4.1303,5.0271,0.0078255,621.63,-15.28,-28.55,61.736,-183.14,0,0.495,0.1506,0.072149
1217.3,1113.2,25.37,-1.5783,-4.3418,9.2175,0.012253,741.02,-19.565,-23.991,73.567,-227.25,0,0.495,0.14266,0.07617
1338.2,1153.6,25.067,-1.7577,-4.2408,9.4575,0.012481,747.57,-18.786,-30.04,68.711,-230,0,0.495,0.14266,0.072147
3086.8,713.4,23.217,-1.8836,-4.3786,14.543,0.017507,826.49,-22.941,-32.6,70.901,-250.79,0,0.495,0.13471,0.072131
3251.8,623.79,22.926,-2.0919,-4.2309,14.571,0.017587,824.79,-22.091,-39.794,64.804,-249.28,0,0.495,0.13468,0.06815
1582.7,1092.5,24.777,-1.9452,-4.1263,9.5785,0.012563,753.2,-17.956,-37.185,66.376,-230.54,0,0.495,0.14263,0.068143
1258.3,714.06,26.402,-1.8103,-4.0473,5.1834,0.0078936,637.75,-14.392,-35.486,65.923,-184.12,0,0.495,0.15058,0.068134
2944.2,739.06,23.528,-1.6807,-4.5123,14.375,0.017261,828.06,-23.761,-26.363,78.731,-251.04,0,0.495,0.1347,0.076171
975.18,-1009.5,28.817,-1.7022,-3.2295,0.063906,0.00046795,132.83,3.7899,-3.8169,19.949,-9.6856,0,0.495,0.21432,0.076068
1170.4,-1200,28.679,-1.8112,-3.2581,0.12475,0.00068871,175.09,4.8055,-4.9103,27.621,-12.172,0,0.495,0.21433,0.072077
984.74,-1021.7,28.772,-1.612,-3.4015,0.085031,0.00055306,146.84,2.3398,-4.559,24.114,-10.299,0,0.495,0.20641,0.076187
1206.9,-1236.6,28.61,-1.7167,-3.4385,0.18761,0.00089076,200.75,3.3699,-6.9184,35.048,-13.43,0,0.495,0.20647,0.072219
1205.4,-1203.6,28.548,-1.6158,-3.5896,0.27798,0.0011508,230.66,1.6453,-10.547,43.936,-11.954,0,0.495,0.19855,0.072241
1513.8,-1489.8,28.287,-1.7353,-3.6207,0.57261,0.0017558,314.42,2.7091,-16.551,62.1,-16.616,0,0.495,0.19853,0.068215
1517.2,-1522.2,28.392,-1.8364,-3.4716,0.38336,0.0013568,270.82,4.4505,-11.252,48.493,-18.245,0,0.495,0.20648,0.068203
1451.8,-1460.4,28.502,-1.9311,-3.284,0.23927,0.0010022,230.38,5.8555,-7.3321,37.27,-16.018,0,0.495,0.21434,0.068079
976.2,-985.48,28.735,-1.5135,-3.5534,0.12101,0.00069566,164.9,0.61575,-6.6889,29.342,-9.0713,0,0.495,0.19854,0.076243
299.36,-329.54,29.497,-1.7645,-1.5739,0.0096441,0.00022851,42.336,6.0612,-0.53675,1.1422,-5.0801,0,0.495,0.29426,0.076095
248.75,-276.96,29.562,-1.7215,-1.462,0.0081201,0.00024771,33.177,5.6419,0.1387,0.91286,-4.7923,0,0.495,0.30221,0.076051
330.79,-362.24,29.471,-1.8279,-1.5454,0.012329,0.00023221,52.801,6.6072,-0.94154,1.2154,-5.3992,0,0.495,0.29426,0.072121
278.95,-306.97,29.539,-1.7764,-1.4313,0.0095398,0.00023399,40.987,6.143,-0.29061,0.77981,-4.8297,0,0.495,0.30221,0.072068
309.52,-338.04,29.518,-1.8336,-1.396,0.01194,0.00023335,50.98,6.6428,-0.62311,0.78748,-4.8903,0,0.495,0.30221,0.068087
276.67,-299.91,29.581,-1.7679,-1.2891,0.0090089,0.0002408,37.779,6.0839,0.82217,0.89356,-3.4094,0,0.495,0.31016,0.068068
248.84,-273.13,29.601,-1.7187,-1.3258,0.007857,0.00025957,30.753,5.6362,1.2562,0.81831,-3.6916,0,0.495,0.31016,0.072052
222.34,-247.07,29.622,-1.6718,-1.3582,0.0071643,0.00028894,25.263,5.1821,1.7829,0.95583,-3.8982,0,0.495,0.31016,0.076041
362.93,-397.32,29.445,-1.8935,-1.512,0.016908,0.00025188,66.206,7.1559,-1.2251,1.3967,-5.8557,0,0.495,0.29425,0.068136
2329.5,8736.2,5.1182,-0.22484,8.4203,25.172,0.031236,810.76,-62.434,-299.43,-37.085,50.777,0,0.495,0.023515,0.10801
3108.9,8521.5,5.3026,-0.38134,8.4972,25.148,0.031388,806.66,-61.561,-296.56,-38.975,50.061,0,0.495,0.023529,0.10391
2421.5,5621.2,5.6135,-0.15116,10.494,21.957,0.021532,1075.2,-59.97,-294.35,-36.168,87.12,0,0.495,0.015591,0.10803
3279.9,5406.7,5.7839,-0.25574,10.551,22.011,0.021718,1067.8,-58.894,-291.11,-37.275,84.537,0,0.495,0.015606,0.10394
2734.8,12353,4.578,-0.08571,6.243,27.033,0.036272,728.27,-65.572,-315.48,-38.584,29.261,0,0.495,0.031434,0.11204
3170.7,12084,4.7502,-0.29571,6.3626,27.002,0.036329,725.57,-65.219,-312.73,-41.641,30.05,0,0.495,0.031444,0.10797
1495.6,8931.1,4.9471,-0.066932,8.316,25.171,0.031045,815.89,-62.929,-302.3,-35.019,51.102,0,0.495,0.023508,0.11206
3648.6,11804,4.9384,-0.50262,6.4582,26.938,0.036352,723.7,-64.469,-309.83,-44.443,30.339,0,0.495,0.031454,0.10389
1533.7,5770.7,5.4535,-0.045295,10.409,21.886,0.021293,1084.9,-60.65,-297.58,-35.087,89.361,0,0.495,0.015583,0.11206
-3319.2,-3163.5,6.6876,-0.12453,12.69,15.969,0.0084296,2637.9,-56.38,677.3,-25.474,1574,0,0.495,0.0076713,0.10399
-141.08,-4436.1,6.8357,-0.18081,12.693,16.079,0.0085277,2639.7,-54.691,677.67,-26.014,1559.3,0,0.495,0.0077024,0.099875
4417.3,5167.8,5.9641,-0.35892,10.58,22.055,0.021876,1061.4,-57.449,-287.88,-38.403,81.52,0,0.495,0.015629,0.099857
-4498.6,-13483,7.4504,-0.091696,13.777,12.066,0.0010882,4021,-52.814,1643.2,4.1914,3010,0,0.495,0,0.09988
-10301,-11109,7.3228,-0.057513,13.788,11.94,0.0010699,4009.2,-54.62,1646.1,4.4995,3035.5,0,0.495,0,0.10399
4179.4,8231,5.4991,-0.53616,8.5458,25.105,0.031449,803.29,-60.321,-293.65,-40.873,48.895,0,0.495,0.023553,0.099849
4112.9,11437,5.1408,-0.70609,6.5245,26.844,0.036287,722.4,-63.232,-306.73,-47.137,30.058,0,0.495,0.031475,0.099847
-5546.5,-2073.4,6.5474,-0.067244,12.657,15.862,0.0083249,2636.2,-57.654,674.72,-25.12,1587.6,0,0.495,0.0076655,0.10804
-7709,-1142.4,6.4132,-0.009369,12.594,15.748,0.0081952,2635.5,-58.522,670.14,-24.84,1600.4,0,0.495,0.0076564,0.11206
-18035,-7258.2,7.0828,0.011924,13.715,11.711,0.0010388,3982.1,-56.924,1638.7,4.6537,3082,0,0.495,0,0.11206
-14190,-9073.7,7.2011,-0.022718,13.767,11.824,0.0010537,3996.3,-55.97,1644.5,4.5872,3059.3,0,0.495,0,0.10804
-1177.1,11437,12.171,-0.096432,-5.7374,32.85,0.030162,1080.4,-55.172,-174.75,38.831,-357.34,0,0.495,0.087085,0.10818
-1159.1,11042,11.991,-0.44659,-5.5852,32.889,0.030926,1057.4,-54.913,-177.38,26.606,-341.53,0,0.495,0.087088,0.10417
-9883.5,16205,9.5752,-0.18029,-4.8224,32.203,0.031611,1013.8,-60.668,-235.83,1.5589,-313.28,0,0.495,0.079165,0.10816
-10226,15703,9.5198,-0.55148,-4.6509,32.213,0.032299,993.98,-60.354,-236.23,-10.088,-297.98,0,0.495,0.079164,0.10415
-642.05,7201.6,15.331,0.28759,-6.3055,31.719,0.027823,1129.8,-49.857,-111.1,79.888,-383,0,0.495,0.095014,0.1122
-145.6,7123.1,14.989,-0.031444,-6.2084,32.003,0.028765,1107.5,-49.838,-115.95,67.81,-370.25,0,0.495,0.095013,0.10819
-1445.3,11592,12.4,0.2529,-5.8661,32.726,0.029161,1103.9,-55.243,-170.83,51.563,-372.75,0,0.495,0.087087,0.11217
368.96,6861.8,14.693,-0.35288,-6.0841,32.174,0.029548,1084.8,-49.644,-119.95,56.361,-356.63,0,0.495,0.095013,0.10419
-7546.5,16379,9.68,0.19234,-4.9774,32.14,0.030804,1034.9,-60.771,-233.62,14.206,-328.39,0,0.495,0.079164,0.11216
-22537,19180,7.4825,-0.65848,-3.2902,30.92,0.034365,901.64,-64.108,-284.98,-32.441,-229.81,0,0.495,0.071221,0.1041
-22404,18429,7.5756,-1.0296,-3.1108,30.926,0.03481,889.96,-63.488,-281.24,-41.394,-218.79,0,0.495,0.071203,0.10005
-12025,15102,9.5092,-0.91799,-4.4655,32.172,0.032986,975.23,-59.792,-235,-19.922,-282.92,0,0.495,0.079154,0.10014
-23810,19950,6.229,-1.0814,-1.428,29.791,0.037247,801.31,-67.061,-310.66,-56.146,-147.71,0,0.495,0.063232,0.099931
-24156,20797,6.0688,-0.72452,-1.5869,29.764,0.037063,804.89,-67.755,-315.65,-49.062,-154.56,0,0.495,0.063243,0.10396
-2932.4,10610,11.856,-0.79413,-5.412,32.851,0.031725,1034.9,-54.443,-178.74,15.891,-325.43,0,0.495,0.087083,0.10017
809.17,6563.4,14.439,-0.67431,-5.9342,32.244,0.030308,1062.1,-49.261,-123.08,46.295,-342.12,0,0.495,0.095007,0.10019
-20453,19774,7.4335,-0.28032,-3.4648,30.877,0.033831,914.88,-64.445,-287.06,-21.403,-241.51,0,0.495,0.071232,0.10812
-19807,21842,5.8644,0.013013,-1.9165,29.607,0.036324,817.72,-68.236,-320.95,-30.15,-171.04,0,0.495,0.063274,0.11208
-15123,19996,7.434,0.10124,-3.6324,30.802,0.033201,930.25,-64.549,-287.08,-9.3827,-253.59,0,0.495,0.071236,0.11214
-22573,21498,5.9447,-0.35821,-1.7504,29.7,0.036766,810.02,-68.132,-319.23,-40.278,-162.44,0,0.495,0.063261,0.10803
-379.84,-493.51,28.992,-0.45097,-4.2907,1.6488,0.0041684,367.76,-19.657,6.115,47.721,-87.296,0,0.495,0.15064,0.10809
-552.23,-320.56,28.779,-0.5665,-4.3227,2.0291,0.0046566,407.46,-19.483,4.8957,52.48,-100.73,0,0.495,0.15063,0.10411
-1645.9,-27.917,28.141,-0.39011,-4.5951,4.1929,0.0070879,565.2,-22.638,9.5728,78.884,-149.23,0,0.495,0.14272,0.10807
-1912.4,214.67,27.81,-0.52299,-4.6197,4.9177,0.007852,602.04,-22.543,7.3896,83.2,-163.51,0,0.495,0.14272,0.10408
526.41,-684.87,29.486,-0.41418,-3.9994,0.40546,0.0020787,177.24,-16.689,3.0096,22.861,-33.055,0,0.495,0.1586,0.11208
435.55,-608.91,29.374,-0.51583,-4.0415,0.52939,0.0023392,206.34,-16.45,2.7997,26.069,-40.681,0,0.495,0.1586,0.10809
-150.1,-625.96,29.183,-0.33724,-4.2483,1.3112,0.0037065,327.02,-19.756,6.7404,42.307,-74.369,0,0.495,0.15064,0.11208
356.81,-503.03,29.248,-0.61794,-4.0772,0.67585,0.002611,236.84,-16.145,2.2061,29.047,-49.273,0,0.495,0.15859,0.1041
-1315,-249.99,28.451,-0.26014,-4.5555,3.5071,0.0063505,524.18,-22.654,11.149,73.135,-134.36,0,0.495,0.14272,0.11206
-3596.1,387.77,26.357,-0.46268,-4.9752,9.4847,0.012079,770.77,-26.701,7.9299,107.57,-221.41,0,0.495,0.13479,0.10405
-2438,541.64,25.921,-0.62262,-4.9647,10.456,0.013042,789.43,-26.57,4.2529,107.65,-229.68,0,0.495,0.13479,0.10006
-1735.8,423.95,27.462,-0.65892,-4.6284,5.6621,0.0086257,634.43,-22.377,4.5863,86.285,-176.81,0,0.495,0.14271,0.10009
-859.78,732.69,24.006,-0.58293,-5.3411,16.055,0.017732,899.47,-30.114,-0.99528,116.07,-266.93,0,0.495,0.12684,0.10003
-2314.3,682.1,24.479,-0.3944,-5.3753,15.08,0.016717,894.84,-30.244,3.2505,119.41,-265.04,0,0.495,0.12682,0.10403
-522.77,-156.39,28.546,-0.68541,-4.3433,2.4431,0.0051604,445.11,-19.223,3.033,56.687,-114.25,0,0.495,0.15062,0.1001
310.93,-392.43,29.108,-0.72077,-4.106,0.84323,0.0028893,267.97,-15.781,1.1369,32.026,-58.642,0,0.495,0.15859,0.10011
-3439.3,184.94,26.788,-0.3065,-4.9656,8.4785,0.011096,747.14,-26.734,11.124,106.05,-211.42,0,0.495,0.13478,0.10805
-3954.5,443.38,25.453,-0.030179,-5.3733,12.851,0.014542,873.01,-30.136,10.896,122.67,-256.14,0,0.495,0.12677,0.11208
-3030.8,-34.479,27.209,-0.15355,-4.9361,7.4621,0.010115,718.1,-26.665,13.808,102.8,-199.82,0,0.495,0.13477,0.11205
-3463.4,593.04,24.963,-0.21048,-5.3863,14.006,0.015648,886.22,-30.249,7.2297,121.74,-261.62,0,0.495,0.1268,0.10804
11755,-3484,28.441,1.2627,2.3675,0.64953,0.00072345,393.34,-3.0102,93.755,200.8,28.583,0,0.495,0.01542,0.2323
21697,-2248.5,27.948,0.99637,2.6552,0.62045,0.00051688,440.33,-2.7127,179.23,255.6,105.55,0,0.495,0,0.23229
1047.4,-1098.2,30.3,2.0984,-0.37551,0.016646,9.8158e-05,40.552,-12.161,-3.6728,8.1115,-4.4204,0,0.495,0.079026,0.23235
247.38,-288.79,30.488,1.1572,-1.4716,0.0060263,5.5053e-05,8.3214,-13.383,-2.7908,3.8927,-0.89467,0,0.495,0.14263,0.23222
-7252.9,15444,4.556,-0.35034,4.2785,28.019,0.039329,697.84,-67.273,-325.29,-45.522,0.48095,0,0.495,0.039369,0.10794
-17738,18399,4.6231,-0.38768,2.2067,28.572,0.040793,700.45,-69.088,-332.19,-47.633,-38.419,0,0.495,0.04729,0.10794
-6769.3,14992,4.7448,-0.60329,4.389,27.959,0.03923,697.87,-66.634,-322.09,-49.327,1.5503,0,0.495,0.039374,0.10389
-18400,17787,4.8085,-0.68495,2.3306,28.553,0.040693,701.71,-68.539,-328.47,-52.782,-36.246,0,0.495,0.047312,0.10387
-7742.6,15808,4.3881,-0.091557,4.1474,28.038,0.039347,698.68,-67.537,-328.14,-41.16,-1.1609,0,0.495,0.039362,0.11199
-16736,18841,4.4673,-0.084288,2.0664,28.549,0.040763,700.43,-69.305,-335.16,-41.55,-41.222,0,0.495,0.047288,0.11197
-19084,17168,5.0146,-0.97339,2.4372,28.492,0.040505,703.46,-67.69,-324.16,-57.356,-34.832,0,0.495,0.047313,0.099848
-22614,19297,5.3935,-1.0544,0.45576,29.029,0.039452,736.34,-67.73,-323.15,-58.875,-85.575,0,0.495,0.055244,0.099862
-21914,20048,5.1981,-0.72637,0.32354,29.036,0.039527,735.18,-68.476,-328.13,-53.123,-88.976,0,0.495,0.055245,0.10388
-6269.1,14525,4.952,-0.84963,4.4744,27.861,0.03907,698.3,-65.525,-318.51,-52.838,1.9425,0,0.495,0.039395,0.099849
-21179,20699,5.0295,-0.38881,0.1793,29.003,0.039498,735.01,-68.92,-332.06,-46.298,-93.302,0,0.495,0.055227,0.10796
-19906,21087,4.8987,-0.046179,0.024722,28.934,0.039312,736.87,-69.05,-334.69,-38.135,-98.209,0,0.495,0.055231,0.11199
823.59,9112.1,4.7891,0.093844,8.188,25.141,0.030751,822.63,-62.974,-305.16,-33.477,50.932,0,0.495,0.023498,0.11608
839.15,5878.8,5.3032,0.062276,10.299,21.794,0.020987,1097.6,-60.858,-300.74,-34.569,91.094,0,0.495,0.015573,0.11607
366.53,9156.5,4.6448,0.25737,8.0373,25.078,0.030345,831.45,-62.761,-307.79,-31.341,50.402,0,0.495,0.023489,0.12008
356.69,5902.1,5.1626,0.17223,10.166,21.68,0.020611,1113.2,-60.799,-303.83,-33.386,92.351,0,0.495,0.015563,0.12007
2308.9,12582,4.4238,0.12819,6.1017,27.024,0.036144,732.28,-65.562,-317.91,-35.873,27.78,0,0.495,0.031422,0.11608
1934.9,12610,4.2875,0.34508,5.9379,26.975,0.035859,738.02,-65.246,-319.79,-32.667,25.848,0,0.495,0.031412,0.12009
-182.42,5822,5.0335,0.2846,10.006,21.54,0.020166,1131.7,-60.431,-306.83,-32.561,93.081,0,0.495,0.015553,0.12408
-14381,2237,6.0435,0.16953,12.253,15.37,0.007664,2647.4,-58.846,646.66,-24.814,1634.6,0,0.495,0.0076257,0.12407
-12168,1150,6.1601,0.10933,12.392,15.504,0.0078601,2641.6,-59.044,656.11,-24.787,1624,0,0.495,0.0076359,0.12007
-16497,2833.4,5.9341,0.23007,12.082,15.225,0.007452,2654.4,-58.328,635.03,-24.227,1644.4,0,0.495,0.0076155,0.12807
-34446,1373.9,6.6443,0.15143,13.249,11.295,0.00099011,3931.7,-57.149,1581.2,4.1364,3163.8,0,0.495,0,0.12807
-30362,-120.25,6.7456,0.11819,13.409,11.397,0.001001,3944.2,-57.515,1601.4,3.9195,3145,0,0.495,0,0.12407
-350.48,5647,4.9151,0.39968,9.8164,21.37,0.019654,1153,-59.753,-309.65,-31.218,93.412,0,0.495,0.015543,0.12808
-26188,-2509.6,6.853,0.083455,13.535,11.499,0.0010126,3956.4,-57.592,1617,4.2421,3124.9,0,0.495,0,0.12006
-184.16,9054.5,4.5154,0.42307,7.8616,24.978,0.02978,842.56,-62.235,-310.08,-29.553,49.367,0,0.495,0.023479,0.12408
1396,12172,4.0692,0.78252,5.5391,26.732,0.034805,755.61,-63.585,-321.73,-26.585,20.438,0,0.495,0.031393,0.1281
1623.3,12446,4.1696,0.56352,5.7504,26.88,0.035376,745.73,-64.58,-321.02,-29.832,23.351,0,0.495,0.031402,0.12409
-387.72,8850.1,4.4005,0.59061,7.6591,24.836,0.029128,856.12,-61.414,-312.06,-27.328,47.968,0,0.495,0.023469,0.12809
-9939.7,-71.413,6.2841,0.049642,12.505,15.629,0.0080382,2637.6,-58.929,663.89,-25.141,1612.5,0,0.495,0.0076462,0.11606
-22095,-5078.1,6.9665,0.047824,13.636,11.602,0.0010251,3969,-57.38,1629.4,4.1405,3103.8,0,0.495,0,0.11606
-15542,19090,4.3416,0.22412,1.9109,28.484,0.040553,702.46,-69.148,-337.08,-35.465,-45.059,0,0.495,0.047276,0.11601
-8136.4,16053,4.2433,0.17221,3.9971,28.013,0.039275,700.97,-67.446,-330.24,-36.949,-3.6983,0,0.495,0.039347,0.11606
-15573,19058,4.2465,0.53567,1.7407,28.373,0.040135,707.04,-68.708,-337.62,-29.208,-49.716,0,0.495,0.04726,0.12007
-8394,16072,4.1223,0.43943,3.8279,27.941,0.039015,705.14,-67.059,-331.34,-32.31,-6.8526,0,0.495,0.039334,0.12009
-18211,21091,4.7504,0.64672,-0.30717,28.685,0.038332,749.64,-68.303,-335.78,-21.564,-110.65,0,0.495,0.055209,0.12004
-17122,20729,4.7327,0.9928,-0.48762,28.495,0.037516,761.13,-67.441,-334.12,-13.779,-118.36,0,0.495,0.055192,0.1241
-15409,18837,4.1816,0.84727,1.5554,28.208,0.039502,714.25,-67.93,-336.99,-23.533,-55.17,0,0.495,0.047247,0.12411
-8125.1,20579,5.9944,1.4856,-2.5809,28.93,0.032882,884.1,-65.448,-310.2,11.976,-214.36,0,0.495,0.063226,0.12812
-11601,21222,5.892,1.1233,-2.4118,29.15,0.033998,861.26,-66.628,-315.35,0.67402,-201.41,0,0.495,0.063234,0.1241
-13639,20173,4.7518,1.3348,-0.67789,28.251,0.036482,776.36,-66.262,-331.16,-5.6724,-127.37,0,0.495,0.055181,0.12813
-15230,21663,5.8376,0.75577,-2.2451,29.335,0.034945,842.92,-67.493,-318.89,-9.674,-190.25,0,0.495,0.063249,0.12009
-15006,18445,4.1453,1.1569,1.3558,27.984,0.038649,724.28,-66.845,-335.48,-17.714,-61.415,0,0.495,0.047238,0.12812
-18447,21250,4.8057,0.29956,-0.13751,28.829,0.038929,741.62,-68.818,-335.99,-29.781,-104.01,0,0.495,0.055224,0.116
-18393,21922,5.8291,0.38514,-2.0813,29.486,0.035718,828.57,-68.004,-320.78,-19.769,-180.28,0,0.495,0.06327,0.11609
-8464.6,15907,4.025,0.70787,3.6389,27.816,0.038565,711.41,-66.326,-331.53,-28.148,-10.65,0,0.495,0.039324,0.12411
-8327,15604,3.9499,0.97646,3.4303,27.633,0.037957,719.98,-65.265,-331.01,-23.721,-14.929,0,0.495,0.039315,0.12811
1174.3,4010.4,17.786,-0.021054,-6.3075,29.351,0.026676,1097.1,-44.509,-66.795,95.901,-357.52,0,0.495,0.10293,0.10821
1946.3,1961,20.416,-0.047216,-6.1419,25.127,0.023766,1055.4,-39.149,-30.087,112.66,-332.37,0,0.495,0.11085,0.1082
1694.8,3783.7,17.397,-0.30775,-6.2145,29.759,0.027527,1078.2,-44.36,-71.306,86.527,-347.22,0,0.495,0.10293,0.1042
2337.6,1834.4,19.961,-0.29926,-6.0784,25.816,0.024721,1042.8,-39.096,-34.62,105.58,-325.88,0,0.495,0.11087,0.10415
688.3,4093.5,18.212,0.26163,-6.371,28.813,0.025784,1114.9,-44.492,-61.854,106.12,-366.68,0,0.495,0.10294,0.11221
1485,1981.2,20.898,0.19986,-6.1764,24.304,0.022751,1065.9,-39.056,-25.423,120.24,-337.6,0,0.495,0.11086,0.11222
2733,1682.4,19.531,-0.55327,-5.9873,26.379,0.025613,1028.7,-38.914,-39.199,98.534,-318.27,0,0.495,0.11088,0.1001
3283.5,850.45,21.867,-0.55717,-5.7029,21.581,0.02204,976.35,-34.668,-14.76,113.33,-294.32,0,0.495,0.11886,0.10002
2495.2,923.58,22.338,-0.33666,-5.7647,20.766,0.021062,982.46,-34.84,-10.233,118.83,-297.78,0,0.495,0.11883,0.10407
2134.7,3534.4,17.042,-0.59635,-6.0934,30.045,0.028321,1058.5,-44.043,-75.474,78.096,-335.85,0,0.495,0.10293,0.10018
921.69,969.55,22.829,-0.11961,-5.8007,19.824,0.020018,985.99,-34.889,-5.8323,123.63,-300.04,0,0.495,0.1188,0.10815
-294.68,933.74,23.336,0.093102,-5.8097,18.762,0.018919,986.35,-34.807,-1.4469,128.13,-300.63,0,0.495,0.11879,0.11219
-5693.8,16406,9.8389,0.56381,-5.1152,32.027,0.029847,1057.5,-60.577,-229.73,28.452,-343.51,0,0.495,0.079163,0.11616
-4287.2,16178,10.056,0.93152,-5.2356,31.869,0.028706,1082.5,-60.101,-224.18,43.92,-359.23,0,0.495,0.079161,0.12016
-1722.7,11662,12.682,0.60044,-5.971,32.521,0.027992,1128.2,-55.024,-165.69,66.451,-387.71,0,0.495,0.087087,0.11617
-1707.9,11514,13.025,0.94341,-6.051,32.243,0.02681,1153.7,-54.55,-159.02,82.659,-402.35,0,0.495,0.087085,0.12017
-1098,7225.3,15.721,0.60295,-6.374,31.324,0.026775,1152,-49.615,-105.39,93.616,-394.85,0,0.495,0.095013,0.11619
-1259,7081.4,16.164,0.9123,-6.4123,30.818,0.025793,1173.9,-49.141,-98.585,107.85,-405.64,0,0.495,0.095012,0.12019
-2686.5,15820,10.34,1.2936,-5.3373,31.669,0.027461,1110.2,-59.27,-216.78,61.722,-375.49,0,0.495,0.079158,0.12416
-2341.5,19191,7.7418,1.2321,-4.0796,30.395,0.030479,993.3,-63.02,-275.41,29.495,-293.93,0,0.495,0.071223,0.12413
-6882.4,19676,7.5856,0.85953,-3.9392,30.559,0.031561,968.8,-63.866,-281.1,15.417,-279.4,0,0.495,0.071227,0.12013
-1643.4,18461,7.9601,1.5977,-4.2111,30.202,0.029114,1022.2,-61.88,-267.83,45.552,-310.32,0,0.495,0.07122,0.12814
-2132.1,15209,10.698,1.6469,-5.4184,31.425,0.026043,1141.1,-58.163,-207.32,81.368,-392.53,0,0.495,0.079156,0.12816
-11524,19991,7.4848,0.48224,-3.7905,30.696,0.032473,948.04,-64.35,-284.99,2.9255,-266.08,0,0.495,0.071234,0.11614
-1298.2,11254,13.435,1.2791,-6.1036,31.89,0.025641,1180.5,-53.761,-150.81,100.83,-416.18,0,0.495,0.087084,0.12417
354.89,6440.9,17.222,1.5025,-6.3916,29.442,0.023737,1215.7,-47.415,-82.063,139.48,-422.4,0,0.495,0.095008,0.12819
-687.13,6838.3,16.663,1.213,-6.4185,30.195,0.024752,1195.3,-48.385,-90.774,123.47,-414.84,0,0.495,0.09501,0.12419
-466.31,10803,13.916,1.6045,-6.1267,31.455,0.024569,1208.3,-52.735,-141.04,119.92,-429.16,0,0.495,0.087082,0.12817
1173.6,1940.1,21.412,0.4408,-6.1796,23.341,0.021675,1073.9,-38.773,-20.451,129.46,-341.21,0,0.495,0.11086,0.11622
199.2,4113.4,18.68,0.53958,-6.4038,28.14,0.024809,1131.3,-44.252,-56.383,117.86,-374.5,0,0.495,0.10294,0.11621
374.6,1780.7,21.957,0.67412,-6.1507,22.234,0.020539,1078.7,-38.32,-15.152,138.14,-343.21,0,0.495,0.11086,0.12022
-76.378,3996.6,19.19,0.81093,-6.4047,27.331,0.023817,1146.1,-43.818,-50.24,129.49,-380.99,0,0.495,0.10294,0.12021
-1705.7,643.36,24.408,0.49775,-5.7381,16.278,0.01657,974.17,-34.169,7.1047,138.18,-295.08,0,0.495,0.11878,0.12023
-2592.5,367.78,24.965,0.68765,-5.6575,14.879,0.015335,960.08,-33.636,11.162,142.19,-288.82,0,0.495,0.11878,0.12424
-224.42,1537.5,22.533,0.8984,-6.0895,20.984,0.019346,1079.8,-37.68,-9.6098,146.97,-343.03,0,0.495,0.11086,0.12422
-2507.2,-667.37,27.392,0.62862,-5.0675,7.7724,0.0099849,757,-28.47,21.042,117.61,-208.81,0,0.495,0.12671,0.12825
-2897.4,-352.72,26.922,0.47617,-5.1806,9.0625,0.011119,796.78,-29.041,19.169,121.51,-224.23,0,0.495,0.12671,0.12425
-3488.5,45.798,25.531,0.86723,-5.5484,13.395,0.014072,939.35,-32.971,15.017,144.28,-279.83,0,0.495,0.11878,0.12824
-3332.8,-23.852,26.437,0.31427,-5.2706,10.358,0.012266,829.05,-29.508,16.863,123.06,-237.32,0,0.495,0.12673,0.12022
-772.69,1204.3,23.139,1.1115,-5.9959,19.59,0.018099,1076.2,-36.884,-3.8869,154.87,-340.48,0,0.495,0.11086,0.12822
-810.28,833.97,23.863,0.29935,-5.7892,17.578,0.017768,982.67,-34.56,2.9099,133.59,-298.89,0,0.495,0.11878,0.11622
-3726.3,233.72,25.945,0.14484,-5.3352,11.628,0.013411,854.22,-29.879,14.163,123.41,-247.98,0,0.495,0.12675,0.11615
186.42,3799.4,19.744,1.0734,-6.3725,26.375,0.022724,1158.9,-43.15,-43.461,142.04,-385.66,0,0.495,0.10293,0.12421
857.4,3478.6,20.345,1.3244,-6.3067,25.264,0.021569,1168.8,-42.3,-36.162,154.34,-388.43,0,0.495,0.10293,0.12821
640.84,-669.64,29.496,-0.56662,-3.839,0.15024,0.0012472,109.45,-13.838,0.67135,15.165,-16.191,0,0.495,0.16662,0.10808
649.08,-648.06,29.504,-0.6316,-3.6595,0.043128,0.00062126,64.509,-11.379,-0.61083,11.864,-6.2045,0,0.495,0.17459,0.10809
597.56,-629.46,29.412,-0.65955,-3.8776,0.19528,0.0013906,127.66,-13.472,0.23397,16.437,-19.927,0,0.495,0.16661,0.10409
637.88,-636.7,29.433,-0.71787,-3.7012,0.055528,0.00068714,74.847,-10.933,-0.96647,12.353,-7.416,0,0.495,0.17458,0.1041
666.89,-694.1,29.572,-0.47396,-3.796,0.11318,0.0011053,93.031,-14.146,1.0197,13.684,-13.094,0,0.495,0.16662,0.11208
649.88,-651.93,29.57,-0.54576,-3.6151,0.03303,0.00055617,55.461,-11.773,-0.27813,10.996,-5.2049,0,0.495,0.17459,0.11209
619.04,-619.19,29.359,-0.80413,-3.7397,0.070229,0.00075048,86.48,-10.432,-1.3503,12.773,-8.8778,0,0.495,0.17458,0.10011
596.98,-610.74,29.336,-0.86495,-3.5894,0.023098,0.00037003,60.066,-8.1736,-2.4415,11.15,-3.7787,0,0.495,0.18252,0.10012
601.93,-613.38,29.407,-0.78234,-3.5485,0.019051,0.00035332,52.075,-8.7288,-2.3499,10.956,-3.3438,0,0.495,0.18252,0.10411
549.04,-584.08,29.322,-0.75286,-3.9116,0.24814,0.0015322,147.38,-13.044,-0.39243,17.757,-24.307,0,0.495,0.1666,0.10009
601.4,-610.62,29.476,-0.69941,-3.5053,0.015694,0.00033696,45.257,-9.2311,-2.1863,10.586,-2.9423,0,0.495,0.18253,0.1081
596.46,-604.76,29.54,-0.61687,-3.4609,0.013023,0.0003231,39.476,-9.6892,-1.8563,9.733,-2.5575,0,0.495,0.18253,0.11211
-957.19,-494.79,28.734,-0.1327,-4.5021,2.8772,0.0056549,479.55,-22.619,12.085,66.762,-119.13,0,0.495,0.14271,0.11606
-622.1,-705.13,28.988,-0.0077318,-4.4358,2.314,0.0050115,432.06,-22.508,12.354,59.542,-103.61,0,0.495,0.1427,0.12007
93.28,-757.08,29.351,-0.22548,-4.1964,1.0209,0.0032775,286.26,-19.798,6.9008,36.802,-62.174,0,0.495,0.15064,0.11607
307.54,-844.31,29.494,-0.11547,-4.1359,0.77882,0.0028853,246.58,-19.78,6.772,31.174,-51.008,0,0.495,0.15064,0.12007
622.97,-752.21,29.584,-0.31343,-3.9509,0.30384,0.0018322,150.18,-16.87,3.0113,19.743,-26.408,0,0.495,0.1586,0.11607
691.46,-792.59,29.667,-0.21418,-3.8961,0.22287,0.0016011,125.67,-16.987,2.972,16.55,-20.797,0,0.495,0.1586,0.12006
-282.78,-922.13,29.211,0.11382,-4.357,1.8201,0.004419,382.65,-22.348,12.13,52.339,-87.901,0,0.495,0.1427,0.12407
-1545.6,-848.83,28.36,0.28365,-4.7316,4.5523,0.0073173,594.99,-25.944,17.83,87.679,-153.93,0,0.495,0.13467,0.12423
-2036.2,-554.7,27.998,0.14306,-4.819,5.4823,0.0082168,642.23,-26.273,17.172,93.918,-171.12,0,0.495,0.13469,0.1202
-1121,-1075.3,28.691,0.41721,-4.6276,3.6892,0.0064602,542.29,-25.525,18.04,80.012,-135.73,0,0.495,0.13466,0.12824
-1.1417,-1072.1,29.405,0.23102,-4.2669,1.3942,0.0038693,332.3,-22.125,11.599,45.039,-72.713,0,0.495,0.14269,0.12808
-2545.2,-295.66,27.614,-0.0035318,-4.8874,6.4581,0.0091514,683.27,-26.518,15.895,99.033,-186.47,0,0.495,0.13475,0.1161
511.23,-927.87,29.615,-0.008682,-4.067,0.58159,0.0025272,208.91,-19.71,6.4911,26.004,-40.888,0,0.495,0.15065,0.12405
764.35,-839.43,29.794,-0.023866,-3.7674,0.11309,0.0011701,85.617,-17.077,3.0082,10.843,-12.197,0,0.495,0.1586,0.12805
746.27,-826.76,29.737,-0.1174,-3.8349,0.16014,0.0013856,104.08,-17.056,2.9647,13.604,-16.07,0,0.495,0.1586,0.12405
665.37,-973.25,29.714,0.094636,-3.9902,0.42386,0.0021992,174.03,-19.592,6.1037,21.178,-31.939,0,0.495,0.15065,0.12805
650.35,-651.49,29.631,-0.46095,-3.5671,0.025116,0.00049559,47.735,-12.12,0.079349,9.906,-4.3314,0,0.495,0.17459,0.11609
680.39,-708.99,29.64,-0.38273,-3.7484,0.08359,0.00096765,78.535,-14.402,1.4921,12.107,-10.528,0,0.495,0.16662,0.11607
632.74,-642.34,29.685,-0.37806,-3.5157,0.019156,0.0004416,41.257,-12.412,0.52873,8.4693,-3.6164,0,0.495,0.17459,0.12008
679.1,-711.23,29.7,-0.29419,-3.6963,0.060715,0.00083753,66.038,-14.608,2.0593,10.278,-8.4559,0,0.495,0.16663,0.12006
575.73,-583.43,29.651,-0.45701,-3.363,0.0096454,0.00030055,30.842,-10.446,-0.86419,7.2209,-1.7788,0,0.495,0.18253,0.12009
561.53,-568.13,29.696,-0.38147,-3.3098,0.0086366,0.00026598,27.591,-10.758,-0.051081,5.7517,-1.3572,0,0.495,0.18253,0.12408
614.25,-626.2,29.732,-0.2982,-3.4609,0.014871,0.0003826,35.903,-12.657,1.1142,6.9278,-2.9483,0,0.495,0.17459,0.12407
497.05,-508.37,29.695,-0.40137,-3.1116,0.0069796,0.00018116,20.975,-9.3812,0.81397,3.7979,-1.3353,0,0.495,0.19051,0.12816
517.22,-524.52,29.659,-0.46834,-3.1671,0.007257,0.0002161,23.181,-9.0446,0.11818,4.9284,-1.7043,0,0.495,0.19049,0.12414
541.14,-552.62,29.734,-0.30909,-3.2543,0.0079203,0.00022146,24.83,-11.049,0.80462,4.4437,-1.0132,0,0.495,0.18254,0.1281
534.69,-542.7,29.616,-0.53923,-3.2205,0.0076095,0.00025126,25.679,-8.6693,-0.82441,6.3303,-2.1626,0,0.495,0.19048,0.12013
588.48,-608.85,29.771,-0.22226,-3.4036,0.011905,0.00031221,31.52,-12.865,1.7248,5.4388,-2.3895,0,0.495,0.17459,0.12806
594.11,-597.04,29.599,-0.53626,-3.413,0.011045,0.00031404,34.713,-10.086,-1.4664,8.6168,-2.1519,0,0.495,0.18253,0.11609
557.01,-561.9,29.566,-0.61455,-3.2713,0.0080619,0.00027169,28.589,-8.2507,-1.6725,7.7601,-2.5549,0,0.495,0.19047,0.11611
675.39,-710.57,29.752,-0.20923,-3.6393,0.043596,0.00071502,55.55,-14.767,2.5587,8.461,-6.7022,0,0.495,0.16663,0.12406
665.89,-707.11,29.795,-0.1279,-3.5776,0.031087,0.00057619,46.904,-14.885,2.8076,6.6967,-5.2775,0,0.495,0.16663,0.12805
457.83,-478.95,29.501,-1.1186,-2.6955,0.0068746,0.00027575,21.65,-0.63055,1.2681,6.4753,-4.2879,0,0.495,0.23032,0.10837
426.34,-444.67,29.513,-1.1688,-2.5415,0.0067402,0.00027765,20.425,0.1308,1.267,6.4373,-3.6809,0,0.495,0.23823,0.10838
492.79,-511.87,29.443,-1.1913,-2.7216,0.007221,0.00028799,25.188,0.041173,0.96913,7.1938,-4.4462,0,0.495,0.23033,0.10437
454.93,-474.12,29.458,-1.2393,-2.5633,0.0070467,0.00029564,23.776,0.79133,1.036,6.9044,-3.9599,0,0.495,0.23824,0.10438
424.71,-447.77,29.553,-1.0493,-2.6669,0.0066243,0.00022338,18.821,-1.2605,1.4783,5.5425,-4.2916,0,0.495,0.2303,0.11236
397.99,-417.39,29.565,-1.101,-2.5175,0.0065147,0.00021992,17.721,-0.49762,1.3853,5.7736,-3.542,0,0.495,0.23823,0.11237
486.86,-507.5,29.4,-1.3132,-2.5834,0.00751,0.00026868,28.087,1.483,0.66267,7.2548,-4.2701,0,0.495,0.23826,0.10039
406.59,-436.61,29.428,-1.3519,-2.434,0.0072908,0.00027764,26.406,2.0644,-0.574,6.2065,-6.2324,0,0.495,0.24619,0.10041
378.01,-406.26,29.481,-1.2807,-2.4186,0.0068957,0.00030534,22.373,1.3868,-0.20992,6.0229,-5.8496,0,0.495,0.24617,0.10439
330.35,-374.51,29.484,-1.3831,-2.3021,0.0070634,0.0002921,24.342,2.513,-1.8669,5.658,-8.0392,0,0.495,0.25411,0.10039
301.59,-344.8,29.533,-1.3138,-2.2912,0.0067313,0.00031021,20.623,1.8528,-1.46,5.4644,-7.897,0,0.495,0.2541,0.1044
530.34,-548.6,29.382,-1.2677,-2.7458,0.007754,0.00026166,29.771,0.7456,0.56247,7.7816,-4.6136,0,0.495,0.23033,0.10036
352.62,-379.68,29.532,-1.213,-2.4013,0.0066246,0.00028443,19.202,0.73777,0.01663,5.733,-5.4697,0,0.495,0.24616,0.10839
251.54,-293.52,29.625,-1.1861,-2.263,0.0063117,0.00021706,15.219,0.611,-0.86462,4.5764,-7.4432,0,0.495,0.25409,0.1124
275.36,-318.29,29.581,-1.2483,-2.2782,0.0064937,0.00027746,17.656,1.2176,-1.1419,5.1495,-7.6827,0,0.495,0.2541,0.1084
329.23,-355.69,29.58,-1.1482,-2.3815,0.0064206,0.00022355,16.621,0.11794,0.1457,5.2449,-5.1528,0,0.495,0.24616,0.11239
416.54,-441.8,29.554,-0.7799,-3.0118,0.0069703,0.00024493,22.003,-5.1481,-3.216,5.8889,-5.3715,0,0.495,0.20647,0.11628
388.38,-416.63,29.599,-0.71,-2.9657,0.006748,0.00020325,19.64,-5.6558,-2.9453,4.5167,-5.0017,0,0.495,0.20648,0.1203
384.89,-415.02,29.566,-0.85563,-2.8982,0.0067383,0.00021911,19.662,-3.8777,-2.6768,4.9209,-5.4972,0,0.495,0.21444,0.11633
358.4,-389.65,29.608,-0.78734,-2.8568,0.0065435,0.00018011,17.437,-4.4111,-2.5325,3.6643,-5.2292,0,0.495,0.21442,0.12032
386.74,-417.15,29.582,-0.92011,-2.7761,0.0065606,0.00019473,17.813,-2.7742,-0.41203,4.2521,-5.2527,0,0.495,0.22236,0.11634
359.91,-391.89,29.623,-0.8539,-2.7394,0.0063883,0.00015856,15.712,-3.3295,-0.29616,3.1283,-5.2184,0,0.495,0.22236,0.12034
364.2,-394.2,29.638,-0.6432,-2.9181,0.0065659,0.00016975,17.585,-6.1257,-2.8593,3.4162,-4.6184,0,0.495,0.20648,0.12431
450.18,-473.64,29.638,-0.55854,-3.03,0.0068137,0.0001868,20.103,-7.5038,-1.6162,4.0152,-3.4035,0,0.495,0.19852,0.12426
474.54,-494.36,29.597,-0.62869,-3.0826,0.0070352,0.00022275,22.308,-7.0746,-2.0664,5.2898,-3.8036,0,0.495,0.19849,0.12023
425.83,-451.32,29.672,-0.49191,-2.9762,0.0066287,0.00015737,18.122,-7.8972,-1.2234,3.1124,-3.1205,0,0.495,0.19853,0.12827
344.04,-374.88,29.67,-0.57915,-2.8693,0.0064124,0.00014179,15.74,-6.5613,-2.9429,2.7536,-4.3389,0,0.495,0.20648,0.1283
498.2,-513.49,29.549,-0.7018,-3.1335,0.0073077,0.0002612,24.862,-6.612,-2.4129,6.7253,-4.1943,0,0.495,0.19845,0.11619
335.46,-366.91,29.644,-0.72149,-2.8144,0.0063838,0.00014893,15.492,-4.9109,-2.5405,2.7445,-4.9693,0,0.495,0.21442,0.12432
321.25,-356.46,29.69,-0.7282,-2.6615,0.0061285,0.00010611,12.235,-4.3425,-0.4119,2.0702,-5.2444,0,0.495,0.22235,0.12833
337.29,-371.26,29.658,-0.7901,-2.7011,0.0062468,0.00012956,13.869,-3.8517,-0.289,2.3473,-5.2048,0,0.495,0.22236,0.12433
316.78,-348.61,29.676,-0.65788,-2.7711,0.00625,0.00012326,13.759,-5.3785,-2.633,2.3171,-4.801,0,0.495,0.21442,0.12832
369.65,-391.29,29.612,-1.0359,-2.4912,0.0063387,0.00017484,15.456,-1.0898,1.5126,4.9874,-3.4846,0,0.495,0.23823,0.11637
393.66,-419.13,29.6,-0.98274,-2.6364,0.0064313,0.00017879,16.475,-1.8528,1.643,4.5325,-4.3631,0,0.495,0.23029,0.11636
343.4,-367.39,29.655,-0.97369,-2.4626,0.0061973,0.00014061,13.518,-1.6547,1.6213,4.1577,-3.5308,0,0.495,0.23823,0.12037
365.51,-393.78,29.641,-0.91893,-2.6037,0.0062765,0.00014443,14.462,-2.4154,1.7536,3.535,-4.5229,0,0.495,0.23029,0.12035
287.11,-313.63,29.666,-1.0262,-2.3353,0.0061305,0.00014184,12.6,-1.0407,0.2262,3.9355,-4.5123,0,0.495,0.24616,0.12038
271.76,-298.57,29.704,-0.96865,-2.3088,0.006025,0.00011471,11.006,-1.5809,0.05946,3.456,-4.1926,0,0.495,0.24616,0.12437
323.22,-349.55,29.693,-0.9137,-2.4322,0.0060814,0.00011372,11.84,-2.1926,1.563,3.5651,-3.6002,0,0.495,0.23823,0.12436
196.77,-228.93,29.766,-0.96292,-2.1811,0.0058787,9.2399e-05,8.5923,-1.5875,-1.5797,2.3318,-5.3098,0,0.495,0.2541,0.12837
203.41,-237.71,29.736,-1.0166,-2.2046,0.0059569,0.00011216,9.9043,-1.0768,-1.0025,2.544,-5.9815,0,0.495,0.2541,0.12438
262.85,-289.26,29.739,-0.91222,-2.2803,0.0059375,9.3681e-05,9.616,-2.0928,-0.30881,3.2796,-3.8796,0,0.495,0.24616,0.12836
215.12,-251.96,29.703,-1.071,-2.226,0.0060517,0.00013814,11.414,-0.53951,-0.69805,3.0849,-6.5746,0,0.495,0.2541,0.12039
310.65,-338.63,29.728,-0.85497,-2.4003,0.0059851,9.2514e-05,10.366,-2.7014,1.3231,3.3239,-3.7068,0,0.495,0.23823,0.12835
306.89,-333.86,29.625,-1.0859,-2.3596,0.0062599,0.00017688,14.452,-0.4752,0.22401,4.6219,-4.8143,0,0.495,0.24616,0.11638
230.93,-271.59,29.666,-1.1272,-2.2455,0.0061677,0.00017188,13.166,0.025302,-0.68092,3.8506,-7.0517,0,0.495,0.25409,0.11639
343.19,-374.25,29.678,-0.85728,-2.5694,0.0061493,0.00011711,12.705,-2.9494,1.6618,2.8432,-4.6979,0,0.495,0.23029,0.12435
328.43,-361.6,29.711,-0.79676,-2.5339,0.0060432,9.5307e-05,11.153,-3.4536,1.3597,2.598,-4.9085,0,0.495,0.23029,0.12834
203.88,-229.21,29.814,-1.2143,-1.64,0.0058228,0.00010108,7.9327,0.9244,2.9468,4.8506,-3.5774,0,0.495,0.29413,0.11613
192.28,-216,29.852,-1.1668,-1.6332,0.0057657,8.4491e-05,6.8417,0.45528,3.9202,4.3128,-3.6641,0,0.495,0.29418,0.12027
136.61,-166.08,29.859,-1.2276,-1.5388,0.005764,9.7036e-05,6.7222,0.82315,-1.4961,4.9043,-4.1572,0,0.495,0.30217,0.11646
126.42,-153.34,29.895,-1.1812,-1.5306,0.0057204,8.6517e-05,5.8374,0.38273,-0.74189,4.5212,-3.9661,0,0.495,0.30219,0.12051
250.08,-263.39,29.785,-1.2058,-1.7782,0.0058812,0.00011022,8.9916,0.95882,5.3162,4.5949,-1.7786,0,0.495,0.28614,0.11597
230.99,-246.24,29.822,-1.158,-1.7734,0.0058125,9.0119e-05,7.7428,0.47285,6.0464,3.7082,-2.1148,0,0.495,0.28616,0.12
88.439,-112.36,29.93,-1.1981,-1.4694,0.005671,8.7808e-05,4.7471,0.27612,-3.4819,3.4097,-3.1736,0,0.495,0.31015,0.12056
76.318,-97.95,29.958,-1.1569,-1.4628,0.0056446,8.9642e-05,4.1428,-0.12681,-3.1937,2.8746,-2.6555,0,0.495,0.31015,0.12455
114.72,-139.99,29.927,-1.1387,-1.522,0.0056843,8.1295e-05,5.0662,-0.044639,0.11368,4.0106,-3.7423,0,0.495,0.3022,0.12453
99.981,-126.48,29.899,-1.2425,-1.4751,0.0057017,9.0557e-05,5.4214,0.68785,-3.5462,3.8696,-3.5742,0,0.495,0.31014,0.11656
176.82,-200.62,29.887,-1.1227,-1.6256,0.0057195,7.4382e-05,5.9082,-0.00048737,4.8367,3.6377,-3.8289,0,0.495,0.29423,0.1244
212.98,-230.97,29.855,-1.1127,-1.7663,0.0057572,7.6448e-05,6.6776,-0.0052205,6.5271,2.7808,-2.566,0,0.495,0.28619,0.12408
309.79,-319.68,29.649,-1.3645,-1.9255,0.0063242,0.00027134,15.776,2.5006,2.4689,5.2302,-0.86919,0,0.495,0.27819,0.10403
292.47,-313.49,29.636,-1.3572,-2.0573,0.0064337,0.00029725,17.168,2.3932,0.030338,5.2758,-2.9455,0,0.495,0.2701,0.10423
292.09,-302.31,29.693,-1.3061,-1.9261,0.0061645,0.00020525,13.474,1.9464,2.6633,5.2469,-0.81402,0,0.495,0.27817,0.10805
265.56,-289.27,29.681,-1.296,-2.053,0.0062525,0.00023252,14.64,1.8144,0.1323,4.8786,-3.0405,0,0.495,0.27003,0.1083
269.91,-281.23,29.736,-1.2503,-1.9242,0.0060389,0.00015883,11.535,1.4109,2.9409,4.7449,-0.99617,0,0.495,0.27817,0.11205
238.99,-264.34,29.723,-1.2378,-2.0463,0.0061108,0.00018115,12.529,1.2542,0.22098,4.0677,-3.258,0,0.495,0.27002,0.11233
276.18,-315.25,29.597,-1.3396,-2.1748,0.0065673,0.00030959,18.764,2.1743,-1.5773,5.2948,-6.6454,0,0.495,0.26206,0.10438
306.89,-345.65,29.549,-1.407,-2.1809,0.0068467,0.00031103,22.17,2.8088,-1.991,5.5818,-6.5362,0,0.495,0.26208,0.10032
320.84,-340.35,29.589,-1.4216,-2.0593,0.0066726,0.00032112,20.284,2.9978,-0.20671,5.437,-2.9169,0,0.495,0.2702,0.10014
324.47,-335.75,29.605,-1.4249,-1.9225,0.0065301,0.00032064,18.573,3.0746,2.1829,4.9112,-1.1115,0,0.495,0.27822,0.1
248.36,-288.91,29.643,-1.276,-2.1661,0.0063603,0.00025676,16.017,1.5659,-1.2532,4.8427,-6.6716,0,0.495,0.26205,0.1084
222.9,-263.29,29.685,-1.216,-2.1548,0.0061998,0.00020042,13.738,0.98131,-0.96473,4.0561,-6.6876,0,0.495,0.26204,0.1124
216.94,-233.16,29.809,-1.1479,-1.9143,0.00586,0.00010334,8.5014,0.39135,3.7149,2.5768,-1.7842,0,0.495,0.27817,0.12002
243.08,-256.53,29.775,-1.1975,-1.9203,0.0059393,0.00012632,9.8928,0.89205,3.3399,3.7905,-1.3116,0,0.495,0.27817,0.11603
186.14,-213.35,29.791,-1.1307,-2.0272,0.0059077,0.00011749,9.207,0.19176,0.4339,1.678,-3.6887,0,0.495,0.27002,0.12031
210.01,-237.54,29.76,-1.1827,-2.0376,0.0059982,0.00014436,10.736,0.71106,0.35937,2.9335,-3.4693,0,0.495,0.27001,0.11632
168.34,-196.18,29.817,-1.0806,-2.0152,0.0058339,9.7207e-05,7.8927,-0.31892,0.28759,0.65328,-3.8024,0,0.495,0.27005,0.12431
167.93,-201.51,29.782,-1.0542,-2.1097,0.0058859,0.00010507,8.7372,-0.65678,-1.0831,1.2407,-5.9148,0,0.495,0.26204,0.12438
180.18,-216.24,29.755,-1.106,-2.1263,0.0059698,0.0001287,10.161,-0.1325,-0.73246,2.0217,-6.318,0,0.495,0.26204,0.12039
161.27,-192.94,29.806,-1.0026,-2.0912,0.0058166,8.7573e-05,7.5003,-1.1589,-1.7157,0.82386,-5.38,0,0.495,0.26204,0.12837
157.94,-186.39,29.839,-1.0312,-2.001,0.005773,8.2469e-05,6.7524,-0.81252,-0.12744,-0.0026845,-3.8177,0,0.495,0.27007,0.12834
198.25,-238.14,29.722,-1.1595,-2.1414,0.0060724,0.00015929,11.809,0.41399,-0.73385,3.0569,-6.5602,0,0.495,0.26203,0.1164
196.69,-215.97,29.837,-1.1005,-1.9058,0.0057956,8.6632e-05,7.3107,-0.10331,3.864,1.4725,-2.2735,0,0.495,0.27818,0.12402
185.09,-206.74,29.861,-1.054,-1.8952,0.0057426,7.4735e-05,6.2827,-0.58602,3.6919,0.6583,-2.7684,0,0.495,0.27819,0.12806
-2630,11607,3.9935,2.5699,1.8661,24.773,0.029754,833.16,-52.471,-313.37,4.7102,-55.833,0,0.495,0.039283,0.1521
-2829.3,13807,4.5871,2.9422,-0.07138,24.995,0.028938,865.92,-54.004,-306.5,27.486,-126.4,0,0.495,0.047206,0.15211
-2878.6,12533,3.923,2.3105,2.1618,25.506,0.031694,805.22,-55.263,-318.5,-1.3158,-46.351,0,0.495,0.039285,0.1481
-3193.5,14827,4.4211,2.6573,0.18618,25.703,0.031054,829.21,-56.778,-314.25,16.823,-110.44,0,0.495,0.047208,0.14811
-3355.4,13374,3.8793,2.0477,2.4454,26.126,0.033444,781.54,-57.817,-322.69,-6.3602,-38.287,0,0.495,0.039287,0.14411
-3720.5,15742,4.2976,2.3662,0.43836,26.329,0.032992,799.11,-59.342,-320.63,8.1344,-97.283,0,0.495,0.047211,0.14412
1382.6,14284,5.8078,3.2473,-1.8827,25.633,0.026216,980.32,-53.25,-284.94,70.709,-224.68,0,0.495,0.055135,0.15212
2890.9,12882,6.2154,3.5324,-2.0705,25.084,0.023827,1042.8,-50.299,-270.64,95.618,-253.11,0,0.495,0.055131,0.15611
-2449.7,12719,4.8056,3.2195,-0.32905,24.217,0.026675,910.95,-50.981,-297.13,41.218,-145.71,0,0.495,0.047204,0.1561
-2396.4,10603,4.0957,2.8249,1.5624,23.923,0.027641,866.26,-49.43,-307.17,11.936,-67.116,0,0.495,0.039281,0.15609
497.77,15548,5.4882,2.9497,-1.6841,26.176,0.028356,928.32,-55.983,-296.69,51.569,-200.64,0,0.495,0.055144,0.14813
-240.27,16666,5.2383,2.6423,-1.4809,26.692,0.030306,885.13,-58.526,-306.44,36.021,-180.69,0,0.495,0.055153,0.14413
-249.81,4556.6,4.6295,0.76568,9.0793,20.615,0.017739,1233.4,-55.469,-315.71,-27.169,91.466,0,0.495,0.015516,0.14009
-832.21,7986.5,4.1461,1.1146,6.9038,24.065,0.026705,912.66,-56.87,-315.35,-21.044,41.153,0,0.495,0.023442,0.14009
-430.3,5060,4.7122,0.64025,9.3524,20.913,0.018439,1203.9,-57.229,-314.21,-28.567,92.599,0,0.495,0.015524,0.13608
-745.22,8406.4,4.2151,0.93584,7.179,24.387,0.02765,890.97,-58.695,-314.91,-23.086,43.808,0,0.495,0.02345,0.13609
972.95,11137,3.8801,1.4536,4.7938,25.878,0.032432,799.99,-58.676,-320.91,-17.656,9.065,0,0.495,0.031367,0.1401
1071.9,11645,3.9235,1.2272,5.0616,26.24,0.033516,782.49,-60.57,-321.91,-20.518,13.284,0,0.495,0.031375,0.1361
-20447,3313.1,5.7365,0.35737,11.644,14.886,0.006983,2671.4,-56.018,605.45,-23.133,1661.7,0,0.495,0.0075958,0.13608
-18545,3068.3,5.832,0.29264,11.878,15.065,0.0072243,2662.6,-57.355,621.2,-24.018,1653.5,0,0.495,0.0076055,0.13208
-498.64,5406.5,4.8081,0.51814,9.5979,21.163,0.019078,1177.1,-58.662,-312.15,-30.21,93.236,0,0.495,0.015533,0.13208
-38578,2223.9,6.5478,0.1857,13.054,11.19,0.00097971,3918.5,-56.261,1556.3,3.8968,3181.7,0,0.495,0,0.13207
-42597,3217.7,6.4554,0.22124,12.828,11.082,0.00096972,3904,-54.998,1527.1,4.2472,3198.4,0,0.495,0,0.13608
-642.28,8655.2,4.3005,0.76087,7.4306,24.641,0.02845,872.21,-60.206,-313.74,-25.442,46.068,0,0.495,0.023459,0.13209
1200.3,11950,3.9867,1.0031,5.3089,26.522,0.034273,767.79,-62.172,-322.09,-23.703,17.043,0,0.495,0.031384,0.1321
-22239,3357.7,5.6503,0.42407,11.38,14.686,0.006729,2680.3,-54.338,587.71,-22.574,1668.6,0,0.495,0.0075876,0.14008
-46632,3963.1,6.37,0.25773,12.57,10.968,0.00096013,3887.3,-53.4,1493.6,4.1989,3213.1,0,0.495,0,0.14008
-4929.3,14131,3.8615,1.782,2.7152,26.639,0.03499,761.55,-60.1,-325.98,-11.13,-31.255,0,0.495,0.039291,0.14011
-5431,16591,4.2119,2.0699,0.68318,26.867,0.034731,774.33,-61.641,-325.86,0.64382,-86.121,0,0.495,0.047215,0.14012
-6833.9,14763,3.8672,1.5143,2.9694,27.054,0.036293,744.81,-62.086,-328.38,-15.365,-25.147,0,0.495,0.039298,0.13611
-8556.4,17326,4.1592,1.7689,0.91882,27.32,0.03626,753.96,-63.678,-330.04,-5.9101,-76.696,0,0.495,0.047221,0.13612
-12614,17960,4.1378,1.4643,1.1433,27.69,0.037569,737.39,-65.407,-333.2,-12.074,-68.51,0,0.495,0.04723,0.13212
-9162.6,19523,4.8082,1.6711,-0.8733,27.948,0.035231,795.7,-64.679,-326.98,2.8018,-137.64,0,0.495,0.055173,0.13214
-5642.2,18694,4.9049,2.002,-1.0721,27.586,0.033771,819.81,-62.879,-321.5,12.347,-149.74,0,0.495,0.055166,0.13614
-5599.9,19809,6.1479,1.8405,-2.7464,28.675,0.031608,911.9,-63.862,-303.39,24.604,-229.18,0,0.495,0.06322,0.13213
-4966,18886,6.3585,2.1854,-2.9062,28.387,0.030084,945.27,-62.07,-295.01,39.093,-246.59,0,0.495,0.063215,0.13613
-7907.5,15256,3.8971,1.2456,3.2066,27.382,0.037256,731.04,-63.778,-329.98,-19.699,-19.761,0,0.495,0.039307,0.13211
-2373.6,17742,5.047,2.3262,-1.2757,27.165,0.03212,849.34,-60.833,-314.63,23.195,-163.83,0,0.495,0.055159,0.14014
-2893.8,17929,6.6345,2.52,-3.061,28.072,0.028462,984.84,-60.03,-284.89,56.23,-266.53,0,0.495,0.063208,0.14013
-6201.3,-325.66,24.805,2.4641,-5.2026,15.025,0.0134,1107.3,-33.722,11.411,211.85,-340.07,0,0.495,0.10293,0.15218
-5266.2,-2102.1,27.09,2.0578,-4.8117,9.0026,0.0099057,884.71,-29.436,24.721,165.57,-250.85,0,0.495,0.11085,0.15219
-3736.8,426.31,23.986,2.3284,-5.4671,17.133,0.01489,1140.1,-35.449,4.0765,208.01,-357.98,0,0.495,0.10293,0.14818
-5724.7,-1556.1,26.438,1.9469,-5.0725,10.884,0.01129,944.22,-30.874,21.776,171.47,-275.75,0,0.495,0.11085,0.1482
-3733.8,1235.7,23.186,2.1684,-5.7017,19.103,0.016339,1161.2,-37.099,-3.8652,200.37,-371.54,0,0.495,0.10293,0.14419
-5939.7,-879.97,25.768,1.8158,-5.3121,12.776,0.012691,990.76,-32.266,17.747,173.16,-296.76,0,0.495,0.11085,0.14421
-1811.4,-2320.7,28.667,1.6726,-4.4079,4.4239,0.0067244,625.71,-26.999,24.845,110.23,-159.64,0,0.495,0.11878,0.15221
-1355.7,-2575.4,29.056,1.7564,-4.1701,3.2785,0.0056954,542.05,-25.893,23.113,95.946,-132.03,0,0.495,0.11878,0.1562
-4592.3,-2699.2,27.708,2.1488,-4.5351,7.1926,0.0085615,811.6,-28.013,26.329,155.73,-221.96,0,0.495,0.11085,0.15618
-7866.8,-1195.6,25.628,2.575,-4.9118,12.823,0.011887,1060.6,-31.954,17.769,211.79,-316.7,0,0.495,0.10293,0.15617
-2276.7,-2065.4,28.224,1.5744,-4.6397,5.7344,0.0078363,702.27,-28.134,25.521,122.59,-186.21,0,0.495,0.11878,0.14821
-2664,-1634.5,27.735,1.4612,-4.8602,7.1739,0.0090164,769.61,-29.23,25.123,132.11,-211.09,0,0.495,0.11878,0.14422
3406.4,8651.2,15.82,2.4883,-5.9977,29.498,0.021651,1294,-48.168,-103.97,182.96,-458.28,0,0.495,0.087076,0.14017
1946.9,9508.8,15.107,2.2119,-6.0754,30.28,0.022607,1265.8,-49.918,-117.44,161.09,-450.62,0,0.495,0.087078,0.13617
1294,12556,12.279,2.6225,-5.5069,30.373,0.021991,1251.8,-53.171,-167.57,152.13,-443.48,0,0.495,0.079149,0.14015
-228.16,13566,11.661,2.3142,-5.5061,30.787,0.023266,1212.2,-55.094,-182.61,126.5,-427.02,0,0.495,0.079151,0.13615
4344.1,4522.8,19.268,2.2775,-6.1011,26.237,0.020561,1264.7,-43.138,-51.568,191.04,-431.69,0,0.495,0.095002,0.14018
2884.3,5295.1,18.523,2.0373,-6.2337,27.484,0.021679,1251.3,-44.776,-62.327,173.56,-431.13,0,0.495,0.095004,0.13618
-29.125,16603,8.6143,2.2969,-4.4342,29.747,0.026054,1094.4,-58.676,-246.85,84.794,-348.78,0,0.495,0.071213,0.13614
-934.16,17596,8.2484,1.9537,-4.3301,29.986,0.027632,1055.8,-60.399,-258.28,64.021,-328.47,0,0.495,0.071216,0.13214
-1364.5,14468,11.136,1.9881,-5.4755,31.133,0.024593,1175.2,-56.739,-195.89,103.2,-409.72,0,0.495,0.079153,0.13215
671.68,10224,14.473,1.9164,-6.1178,30.925,0.023536,1237,-51.423,-129.86,140.4,-440.62,0,0.495,0.08708,0.13217
1674.1,5918.3,17.841,1.7782,-6.3303,28.545,0.022704,1234.7,-46.188,-72.53,156.62,-427.77,0,0.495,0.095006,0.13219
1246.6,15578,9.0674,2.6259,-4.5195,29.482,0.024475,1138.2,-56.659,-233.37,108.84,-370.62,0,0.495,0.071211,0.14014
-1620.3,1903.2,22.415,1.9861,-5.9038,20.91,0.017737,1172.9,-38.628,-12.073,190.79,-380.64,0,0.495,0.10293,0.1402
-3942.1,-309.14,25.093,1.6655,-5.5268,14.627,0.014087,1025.7,-33.593,12.92,171.96,-313.31,0,0.495,0.11085,0.14021
1554.2,2541.6,21.682,1.7831,-6.0724,22.539,0.019077,1177,-40.025,-20.323,179.14,-386.37,0,0.495,0.10293,0.1362
-654.21,287.58,24.424,1.4968,-5.7135,16.396,0.015461,1050.5,-34.819,7.5616,167.84,-326.04,0,0.495,0.11086,0.13622
-425.07,767.25,23.771,1.3117,-5.8704,18.057,0.016802,1066.9,-35.921,1.8951,162.31,-334.84,0,0.495,0.11086,0.13222
-3541.1,-364.25,26.1,1.0356,-5.4119,11.851,0.012793,910.91,-32.182,18.496,144.92,-267.48,0,0.495,0.11878,0.13223
-3376.1,-765.41,26.663,1.1912,-5.2498,10.274,0.011513,873.69,-31.279,21.456,143.03,-252,0,0.495,0.11878,0.13623
-2116.5,-1041.5,27.841,0.77161,-4.9336,6.5195,0.0088813,709.48,-27.828,22.304,112.07,-190.92,0,0.495,0.12671,0.13225
-1788.1,-1352.5,28.261,0.90453,-4.7813,5.3316,0.0078208,654.17,-27.112,22.878,104.39,-171.12,0,0.495,0.12671,0.13625
1602.5,3048.1,20.991,1.5619,-6.2066,23.988,0.020354,1175.2,-41.242,-28.404,167.19,-388.67,0,0.495,0.10293,0.1322
-3056.8,-1244.6,27.211,1.3335,-5.0649,8.7016,0.010248,826.78,-30.296,23.722,139.11,-233.04,0,0.495,0.11878,0.14023
-1420,-1699.7,28.646,1.0271,-4.6137,4.2383,0.0068178,591.69,-26.362,22.684,95.224,-149.56,0,0.495,0.12671,0.14024
569.97,-620.17,29.971,0.29635,-3.1324,0.00766,0.00012433,20.69,-14.933,-0.71656,6.8688,-2.7536,0,0.495,0.16664,0.15201
498.81,-533.69,29.955,0.1731,-3.0093,0.0066279,9.3575e-05,16.255,-13.43,-0.2444,7.5818,-1.7701,0,0.495,0.1746,0.15202
590.52,-640.98,29.94,0.23028,-3.2114,0.0085549,0.00015207,23.151,-14.989,0.45637,5.757,-2.5132,0,0.495,0.16664,0.14801
512.1,-544.92,29.919,0.11026,-3.0784,0.0068838,0.00011172,18.028,-13.4,0.64161,6.352,-1.5005,0,0.495,0.1746,0.14802
608.12,-660.07,29.912,0.16347,-3.2894,0.010038,0.00019037,26.137,-15.024,1.6,4.8059,-2.5092,0,0.495,0.16664,0.14402
523.17,-557.61,29.887,0.04717,-3.1466,0.0072557,0.00013488,20.053,-13.351,1.5226,5.13,-1.3622,0,0.495,0.1746,0.14403
464.78,-483.83,29.93,0.065764,-2.8856,0.0062726,7.5086e-05,13.266,-12.04,0.013479,8.1792,-0.88674,0,0.495,0.18255,0.15206
450.84,-471.19,29.974,0.12537,-2.8218,0.0061706,6.5325e-05,12.008,-12.12,-0.31101,9.0708,-1.1259,0,0.495,0.18255,0.15605
481.52,-517.42,29.995,0.2352,-2.9392,0.0064465,8.0066e-05,14.724,-13.439,-0.86553,8.5424,-2.0587,0,0.495,0.1746,0.15601
544.69,-594.99,30.006,0.36118,-3.0527,0.0071169,0.00010422,18.649,-14.858,-1.6712,7.9008,-3.0692,0,0.495,0.16664,0.156
475.8,-492.3,29.89,0.0052371,-2.9484,0.0064015,8.8587e-05,14.726,-11.938,0.64547,6.8712,-0.64359,0,0.495,0.18255,0.14807
484.21,-501.84,29.854,-0.055318,-3.0106,0.0065649,0.00010599,16.382,-11.817,1.3319,5.4449,-0.47566,0,0.495,0.18255,0.14408
909.47,-1051.9,29.907,0.37733,-3.7191,0.14143,0.0012749,92.419,-19.048,4.7581,10.385,-12.496,0,0.495,0.15063,0.14006
874.75,-1035.3,29.857,0.28845,-3.8157,0.2092,0.0015919,115.44,-19.257,5.2415,13.221,-17.763,0,0.495,0.15063,0.13606
712.65,-1363.8,29.809,0.55332,-3.9441,0.52727,0.0024872,191.76,-21.229,8.5937,24.741,-33.976,0,0.495,0.14259,0.14023
488.06,-1294.6,29.702,0.45199,-4.059,0.75083,0.0029056,235.19,-21.564,9.7326,30.944,-45.429,0,0.495,0.14261,0.1362
758.4,-834.81,29.907,0.22628,-3.5304,0.036077,0.00052417,47.442,-16.942,3.0871,5.7746,-4.6969,0,0.495,0.1586,0.14003
766.02,-840.3,29.877,0.14823,-3.6145,0.053704,0.00073818,57.629,-17.017,3.3532,6.8246,-6.5748,0,0.495,0.1586,0.13604
-396.59,-1472.9,29.248,0.66331,-4.3789,2.2326,0.0049102,424.96,-24.513,16.801,62.161,-98.06,0,0.495,0.13464,0.13625
-747.44,-1318.6,28.988,0.54386,-4.5094,2.9118,0.0056553,485.14,-25.053,17.716,71.579,-116.85,0,0.495,0.13465,0.13224
272.6,-1218.9,29.569,0.34377,-4.1671,1.0378,0.0033638,282.54,-21.867,10.795,37.968,-58.381,0,0.495,0.14267,0.13211
805.63,-1017.6,29.794,0.19385,-3.9062,0.30128,0.0018983,142.67,-19.443,5.691,16.965,-24.173,0,0.495,0.15064,0.13205
773.44,-845.63,29.84,0.065008,-3.6937,0.07863,0.00095538,70.232,-17.064,3.2278,8.6129,-9.0121,0,0.495,0.1586,0.13204
-51.616,-1631.9,29.469,0.77477,-4.2387,1.6595,0.0042289,363.76,-23.947,15.422,52.627,-79.75,0,0.495,0.13464,0.14026
623.31,-674.98,29.886,0.095402,-3.3659,0.012467,0.00024451,29.796,-15.033,2.3826,4.362,-2.75,0,0.495,0.16664,0.14003
535.1,-567.69,29.859,-0.016502,-3.214,0.0078087,0.00016443,22.345,-13.275,2.1534,4.2858,-1.3586,0,0.495,0.1746,0.14004
640.36,-690.88,29.86,0.024588,-3.4398,0.016336,0.00032094,34.32,-15.015,2.7478,4.565,-3.3075,0,0.495,0.16664,0.13604
548.97,-580.06,29.832,-0.081796,-3.2793,0.0086479,0.00020146,24.955,-13.172,2.3319,4.0823,-1.5532,0,0.495,0.1746,0.13605
565.99,-594.67,29.803,-0.15018,-3.3428,0.0099261,0.00024869,27.944,-13.04,2.1493,4.5087,-1.8769,0,0.495,0.1746,0.13206
521.92,-538.15,29.766,-0.24134,-3.1954,0.0074127,0.00018417,22.405,-11.291,1.5024,3.6988,-0.69037,0,0.495,0.18255,0.1321
505.34,-523.6,29.794,-0.17718,-3.1345,0.0070483,0.00015348,20.221,-11.497,1.9088,3.637,-0.49907,0,0.495,0.18256,0.1361
481.14,-496.19,29.726,-0.33752,-3.0538,0.0067545,0.00015118,18.947,-9.672,1.1517,3.2996,-1.0278,0,0.495,0.19055,0.13218
465.63,-482.11,29.755,-0.27494,-2.9954,0.0065691,0.00012621,17.072,-9.9443,1.2338,3.5676,-0.87402,0,0.495,0.19058,0.13623
654.88,-703.63,29.83,-0.049917,-3.5108,0.022265,0.00043135,39.915,-14.969,2.8494,5.4212,-4.1061,0,0.495,0.16664,0.13204
493.08,-510.88,29.823,-0.11583,-3.0728,0.0067737,0.0001276,18.214,-11.671,1.8732,4.268,-0.40797,0,0.495,0.18256,0.14009
450.75,-466.24,29.786,-0.2145,-2.9373,0.0064144,0.00010561,15.338,-10.183,1.1397,4.5357,-0.81058,0,0.495,0.19059,0.14023
287.37,-321.98,29.942,-0.44106,-2.3065,0.0056901,4.8085e-05,4.9985,-5.8936,0.78528,7.5138,-5.2798,0,0.495,0.23029,0.1523
275.73,-306.32,29.964,-0.50717,-2.1881,0.0056685,4.9187e-05,4.6365,-5.22,0.37181,7.2889,-3.869,0,0.495,0.23823,0.15231
301.49,-336.42,29.896,-0.49744,-2.3459,0.0057234,4.8603e-05,5.669,-5.5506,0.17413,6.999,-5.3786,0,0.495,0.23029,0.14831
289.45,-320.29,29.919,-0.56304,-2.2252,0.005698,4.932e-05,5.2506,-4.8588,-0.045088,6.9401,-3.9022,0,0.495,0.23823,0.14832
308.03,-343.47,29.853,-0.55646,-2.3843,0.005765,5.1288e-05,6.4809,-5.1837,0.014629,5.9881,-5.4362,0,0.495,0.23029,0.14431
296.35,-327.5,29.876,-0.62098,-2.2615,0.005735,5.1379e-05,5.9946,-4.4759,-0.098536,6.1528,-3.9488,0,0.495,0.23823,0.14432
233.26,-257.35,29.974,-0.57138,-2.0857,0.0056539,5.3537e-05,4.3376,-4.6642,-2.3425,7.0605,-2.2826,0,0.495,0.24616,0.15232
214.36,-238.52,30.018,-0.52045,-2.0505,0.0056331,5.5284e-05,3.8787,-5.0185,-1.5951,6.8988,-2.1011,0,0.495,0.24616,0.15631
254.94,-285.85,30.008,-0.45507,-2.1503,0.0056448,5.0385e-05,4.1236,-5.5606,1.178,7.1584,-3.7632,0,0.495,0.23823,0.1563
158.38,-177.92,30.016,-0.5818,-1.9843,0.0056132,6.3095e-05,3.4173,-4.5236,-4.2233,6.3684,-0.89028,0,0.495,0.2541,0.15632
175.44,-196.18,29.975,-0.63163,-2.0146,0.0056309,6.0154e-05,3.8091,-4.1649,-4.8297,6.458,-1.3403,0,0.495,0.2541,0.15233
265.85,-300.72,29.988,-0.38918,-2.2663,0.0056635,4.9049e-05,4.4464,-6.2148,1.7047,7.4696,-5.0637,0,0.495,0.23029,0.15629
246.76,-271.29,29.929,-0.62632,-2.1201,0.00568,5.3159e-05,4.8877,-4.2907,-2.6503,6.7567,-2.4427,0,0.495,0.24616,0.14832
193.99,-218.32,29.895,-0.7416,-2.0733,0.005681,5.9356e-05,4.8655,-3.3914,-4.6868,5.2202,-2.4252,0,0.495,0.2541,0.14434
254.61,-279.77,29.886,-0.68346,-2.1538,0.0057128,5.4619e-05,5.5602,-3.897,-2.5782,6.0264,-2.6896,0,0.495,0.24616,0.14433
187.6,-210.03,29.934,-0.68559,-2.0442,0.005653,5.8854e-05,4.2806,-3.7878,-4.979,6.0489,-1.8153,0,0.495,0.2541,0.14833
285.84,-317.96,29.771,-0.47419,-2.6375,0.0059565,7.1645e-05,9.4945,-6.5949,-3.8019,4.6801,-4.6205,0,0.495,0.21442,0.1403
292.67,-325.14,29.737,-0.53472,-2.6822,0.0060392,8.4972e-05,10.777,-6.2208,-3.3094,3.3904,-4.6509,0,0.495,0.21442,0.13631
307.01,-338.06,29.764,-0.39352,-2.7197,0.0060703,8.2221e-05,11.117,-7.6701,-4.4267,4.7644,-4.0481,0,0.495,0.20648,0.14029
316.65,-348.56,29.731,-0.45501,-2.7694,0.006168,9.8234e-05,12.527,-7.3344,-3.8535,3.5065,-4.0635,0,0.495,0.20648,0.1363
299.63,-334.66,29.786,-0.54663,-2.5391,0.0058725,6.2175e-05,8.266,-5.6324,-1.5751,4.5254,-5.3755,0,0.495,0.22236,0.14031
303.91,-339.83,29.752,-0.60696,-2.58,0.0059437,7.2778e-05,9.4471,-5.2318,-1.1268,3.2808,-5.3489,0,0.495,0.22236,0.13632
389.1,-415.6,29.732,-0.36631,-2.8664,0.0063342,0.00011055,14.619,-8.5815,-1.1851,3.433,-2.8053,0,0.495,0.19854,0.13628
405.73,-432.64,29.703,-0.42811,-2.9215,0.0064707,0.00013202,16.304,-8.2572,-1.0687,2.9054,-2.9037,0,0.495,0.19854,0.13228
328.39,-360.66,29.701,-0.51674,-2.8195,0.0062813,0.00011796,14.065,-6.9652,-3.3073,2.7951,-4.1398,0,0.495,0.20648,0.1323
302.67,-335.13,29.706,-0.59581,-2.7268,0.0061365,0.00010207,12.199,-5.8154,-2.9112,2.5623,-4.691,0,0.495,0.21442,0.13232
310.65,-346.42,29.72,-0.66737,-2.6209,0.0060286,8.7325e-05,10.772,-4.8021,-0.72126,2.4214,-5.2919,0,0.495,0.22236,0.13233
375.16,-400.24,29.764,-0.30574,-2.8121,0.0062161,9.2589e-05,13.06,-8.8732,-1.4711,4.5946,-2.7709,0,0.495,0.19855,0.14028
311.05,-346.46,29.813,-0.61639,-2.4223,0.0058162,5.6715e-05,7.4339,-4.7909,0.17891,4.7906,-5.385,0,0.495,0.23029,0.14032
299.43,-330.31,29.835,-0.67967,-2.2974,0.0057809,5.6049e-05,6.8785,-4.0689,0.1266,5.162,-3.9308,0,0.495,0.23823,0.14033
314.18,-349.49,29.777,-0.67655,-2.46,0.0058788,6.5558e-05,8.531,-4.3725,0.51872,3.6883,-5.2741,0,0.495,0.23029,0.13633
300.98,-331.39,29.798,-0.73835,-2.3326,0.0058369,6.4134e-05,7.9006,-3.6378,0.51689,4.2176,-3.8835,0,0.495,0.23823,0.13634
303.74,-332.96,29.763,-0.79669,-2.3669,0.0059045,7.6145e-05,9.0612,-3.1821,0.9442,3.5695,-3.8098,0,0.495,0.23823,0.13235
259.2,-285.3,29.773,-0.85596,-2.2503,0.0058647,7.7626e-05,8.3935,-2.5795,-0.86989,3.5485,-3.5622,0,0.495,0.24616,0.13236
258.37,-284.49,29.808,-0.79916,-2.219,0.0058039,6.6131e-05,7.3147,-3.0419,-1.543,4.1888,-3.2398,0,0.495,0.24616,0.13635
195.13,-225.33,29.795,-0.90899,-2.1559,0.0058139,7.7809e-05,7.4474,-2.0742,-2.3602,2.5892,-4.5851,0,0.495,0.2541,0.13237
195.47,-223.81,29.826,-0.85412,-2.1293,0.0057603,6.7995e-05,6.4477,-2.5358,-3.2425,3.2518,-3.8257,0,0.495,0.2541,0.13636
319.16,-353.63,29.744,-0.73664,-2.4972,0.005954,7.8289e-05,9.7712,-3.9272,0.93724,2.917,-5.1081,0,0.495,0.23029,0.13234
258.14,-283.62,29.846,-0.74147,-2.1868,0.0057537,5.8648e-05,6.3702,-3.4809,-2.1777,5.0987,-2.9481,0,0.495,0.24616,0.14034
196.47,-222.49,29.859,-0.79812,-2.1018,0.0057164,6.2098e-05,5.5867,-2.9742,-4.0703,4.2144,-3.1007,0,0.495,0.2541,0.14035
166.03,-191.54,29.985,-0.7146,-1.8829,0.0055848,6.1191e-05,2.9183,-3.3826,-2.7277,4.0549,-2.6178,0,0.495,0.2701,0.15239
198.75,-228.43,30.008,-0.75459,-1.7896,0.0055772,5.6208e-05,2.8515,-3.1104,1.4091,3.8084,-3.8843,0,0.495,0.27834,0.15247
171.73,-197.53,29.954,-0.768,-1.9055,0.0056011,6.0544e-05,3.2777,-3.0052,-3.158,3.3883,-2.8114,0,0.495,0.2701,0.14839
204.54,-234.03,29.978,-0.80601,-1.811,0.0055921,5.5845e-05,3.196,-2.7353,1.002,3.175,-3.8739,0,0.495,0.27834,0.14847
200.51,-228.99,29.95,-0.85828,-1.8312,0.0056107,5.6865e-05,3.5962,-2.3452,1.1786,2.2407,-3.8552,0,0.495,0.27833,0.14447
225.21,-259.78,30.011,-0.84124,-1.6798,0.005586,5.2354e-05,3.1429,-2.5242,4.4002,3.2621,-4.7405,0,0.495,0.28633,0.14848
222.91,-256.28,30.042,-0.79149,-1.6592,0.0055729,5.246e-05,2.8312,-2.8995,4.5157,3.7562,-4.7792,0,0.495,0.28633,0.15247
170.35,-196.65,29.925,-0.82279,-1.9271,0.0056218,6.1225e-05,3.7128,-2.6101,-3.0127,2.364,-3.0731,0,0.495,0.2701,0.1444
153.88,-178.97,30.018,-0.66484,-1.8594,0.0055718,6.3227e-05,2.6151,-3.744,-1.7502,4.2628,-2.4248,0,0.495,0.2701,0.15638
140.71,-159.44,30.012,-0.62555,-1.9306,0.0055879,6.6268e-05,2.8855,-4.0847,-4.1884,5.1947,-1.1586,0,0.495,0.26205,0.15633
154.34,-174.35,29.976,-0.6759,-1.9556,0.0056026,6.3351e-05,3.2177,-3.7247,-4.9346,5.1256,-1.5972,0,0.495,0.26205,0.15234
182,-211.21,30.04,-0.70672,-1.7673,0.0055651,5.8113e-05,2.5537,-3.4707,2.4085,4.0326,-3.8356,0,0.495,0.27834,0.15646
205.32,-237.02,30.073,-0.74405,-1.6385,0.0055618,5.4144e-05,2.5495,-3.2565,5.2891,3.8909,-4.7637,0,0.495,0.28633,0.15646
163.17,-184.87,29.94,-0.73011,-1.98,0.0056211,6.1973e-05,3.6164,-3.3476,-5.196,4.5568,-2.074,0,0.495,0.26205,0.14834
166.08,-189.7,29.907,-0.78608,-2.0039,0.0056447,6.2108e-05,4.1127,-2.9513,-4.9444,3.5944,-2.6796,0,0.495,0.26205,0.14435
124.85,-149.03,30.088,-0.90803,-1.4402,0.0055682,6.9965e-05,2.6073,-2.3288,-2.4995,4.1781,-2.5871,0,0.495,0.30221,0.1485
194.9,-228.66,30.052,-0.87627,-1.5425,0.0055781,5.6201e-05,2.9407,-2.3989,3.1159,3.4856,-4.7094,0,0.495,0.29427,0.14849
128.36,-152.92,30.118,-0.85955,-1.4211,0.005559,6.8278e-05,2.4057,-2.6665,-3.2662,4.6524,-2.591,0,0.495,0.30221,0.15249
197.91,-230.55,30.082,-0.82749,-1.5228,0.005567,5.5707e-05,2.6821,-2.7588,2.8115,3.8789,-4.7543,0,0.495,0.29427,0.15248
58.939,-65.043,30.127,-0.89212,-1.3798,0.0055463,8.9509e-05,2.0327,-2.6524,-9.8622,4.408,1.2701,0,0.495,0.31015,0.1525
54.647,-58.948,30.157,-0.84267,-1.3621,0.0055404,8.9876e-05,1.8993,-2.972,-10.424,4.7379,1.4593,0,0.495,0.31015,0.15649
122.81,-147.52,30.148,-0.81012,-1.4016,0.0055512,6.9127e-05,2.2193,-2.9949,-3.1351,4.8119,-2.72,0,0.495,0.30221,0.15648
58.809,-67.382,30.098,-0.93935,-1.3967,0.0055535,9.3467e-05,2.1796,-2.3237,-8.3724,3.7,0.90225,0,0.495,0.31015,0.14851
186.54,-217.94,30.112,-0.77922,-1.5032,0.0055575,5.6894e-05,2.4417,-3.103,3.3128,3.9618,-4.8284,0,0.495,0.29427,0.15647
184.45,-209.51,29.903,-0.95941,-1.867,0.005663,6.2005e-05,4.6735,-1.5087,2.4934,0.58882,-3.5274,0,0.495,0.27827,0.13628
159.34,-186.62,29.878,-0.93018,-1.9668,0.0056816,6.6473e-05,4.9421,-1.758,-1.6135,0.35523,-3.5611,0,0.495,0.27009,0.13638
192.56,-218.83,29.925,-0.90967,-1.85,0.0056339,5.8884e-05,4.0774,-1.9378,1.753,1.3018,-3.7623,0,0.495,0.27832,0.14042
165.5,-191.67,29.9,-0.87719,-1.9476,0.0056483,6.3088e-05,4.2587,-2.1955,-2.4243,1.2656,-3.342,0,0.495,0.2701,0.1404
162.09,-189.79,29.852,-0.89696,-2.0497,0.0057128,6.7919e-05,5.5114,-2.0995,-3.4301,1.5181,-4.0507,0,0.495,0.26205,0.13636
160.26,-190.01,29.829,-0.95039,-2.0711,0.0057596,7.5393e-05,6.4301,-1.6412,-2.5231,0.92859,-4.7545,0,0.495,0.26204,0.13237
155.5,-183.87,29.858,-0.9814,-1.9846,0.0057228,7.2503e-05,5.7721,-1.2934,-0.79058,-0.088644,-3.738,0,0.495,0.27008,0.13236
180.61,-204.36,29.883,-1.0073,-1.8822,0.0056988,6.6923e-05,5.4058,-1.0548,3.2023,0.3664,-3.2065,0,0.495,0.27823,0.13215
165.42,-190.7,29.878,-0.84206,-2.0272,0.0056749,6.3851e-05,4.7397,-2.5358,-4.2984,2.4976,-3.3515,0,0.495,0.26205,0.14036
108.19,-127.76,29.65,-1.3917,0.43431,0.0058167,0.00016924,7.439,3.1791,4.995,4.2061,4.0458,0,0.495,0.36574,-0.043901
128.56,-144.21,29.592,-1.4624,0.48929,0.0059857,0.00027242,10.185,3.8497,5.3501,4.7502,3.402,0,0.495,0.35781,-0.043901
106.92,-129.66,29.628,-1.4005,0.3964,0.0058534,0.00019426,8.038,3.3377,4.0862,3.719,4.3192,0,0.495,0.36574,-0.039908
129.03,-148.36,29.568,-1.4715,0.4484,0.0060452,0.00031672,11.048,4.0276,4.532,4.1559,3.7287,0,0.495,0.35781,-0.039908
123.51,-135.97,29.62,-1.4556,0.52923,0.0059256,0.00023141,9.2666,3.6579,6.2158,5.4197,3.122,0,0.495,0.35781,-0.047901
104.88,-121.17,29.675,-1.3861,0.47173,0.0057792,0.00014666,6.792,3.0081,6.1062,4.9897,3.759,0,0.495,0.36574,-0.047901
101.42,-124.73,29.608,-1.4103,0.35957,0.0058869,0.00021964,8.5497,3.4842,4.3908,3.9897,4.4714,0,0.495,0.36574,-0.035916
82.352,-105.29,29.67,-1.3446,0.31379,0.0057555,0.00014313,6.2541,2.8224,4.1797,3.8553,4.4658,0,0.495,0.37368,-0.035916
90.737,-113.62,29.689,-1.334,0.34664,0.0057364,0.00012981,5.9446,2.6916,3.4705,3.3462,4.3326,0,0.495,0.37367,-0.039908
125.74,-146.84,29.545,-1.4814,0.40767,0.0061004,0.00035284,11.804,4.1921,4.5473,4.188,3.9694,0,0.495,0.35781,-0.035916
94.485,-113.97,29.708,-1.3241,0.38156,0.0057149,0.00011711,5.5612,2.5491,4.4849,3.6302,4.0677,0,0.495,0.37368,-0.043901
93.905,-109.59,29.73,-1.3182,0.41631,0.0056922,0.00010596,5.1322,2.395,5.9035,4.4527,3.7131,0,0.495,0.37368,-0.047901
183.33,-175.95,29.607,-1.5774,0.75766,0.0063042,0.00036103,14.883,4.557,6.5487,5.7494,-0.51687,0,0.495,0.34191,-0.056031
227,-219.61,29.589,-1.6532,0.85055,0.006858,0.00032742,21.568,5.2496,5.9585,5.9137,-1.6213,0,0.495,0.33398,-0.056032
190.86,-182.58,29.572,-1.5937,0.71511,0.0064461,0.00037456,16.688,4.8247,6.8456,6.3999,-0.3346,0,0.495,0.34192,-0.051944
236.24,-228.57,29.551,-1.6759,0.80359,0.0071584,0.00030042,24.518,5.5476,6.2657,6.8777,-1.5526,0,0.495,0.33398,-0.051945
147.49,-148.72,29.605,-1.5196,0.63598,0.0060822,0.00032472,11.681,4.1184,6.778,6.0491,1.497,0,0.495,0.34986,-0.051939
140.77,-142.8,29.638,-1.5087,0.675,0.005999,0.00027605,10.476,3.8779,6.4118,5.5863,1.3219,0,0.495,0.34985,-0.056029
220,-212.17,29.623,-1.6266,0.89308,0.006608,0.00035762,18.826,4.9395,5.5578,4.9334,-1.4954,0,0.495,0.33398,-0.060076
263.07,-260.72,29.607,-1.7026,0.99491,0.0074891,0.00028067,27.345,5.6155,4.1862,4.3883,-1.2032,0,0.495,0.32607,-0.060107
275.79,-272.5,29.573,-1.7369,0.94848,0.0081721,0.00025966,32.125,5.9635,4.5994,5.6244,-1.5904,0,0.495,0.32605,-0.056042
178.56,-172.45,29.64,-1.5571,0.79641,0.0061784,0.00034508,13.203,4.278,5.984,4.9749,-0.56163,0,0.495,0.34192,-0.06007
136.15,-140.48,29.669,-1.4938,0.71073,0.0059263,0.0002289,9.3832,3.628,5.6079,4.8709,1.22,0,0.495,0.34986,-0.060069
288.59,-284.25,29.534,-1.7671,0.89716,0.0090346,0.00024605,37.255,6.2982,5.076,6.9737,-1.7721,0,0.495,0.32604,-0.051946
94.981,-108.34,29.733,-1.3819,0.54507,0.0057118,0.00011384,5.5468,2.6348,6.5688,5.2549,3.4459,0,0.495,0.36574,-0.056031
109.52,-120.74,29.682,-1.4447,0.60511,0.0058175,0.00016744,7.5027,3.2392,6.2473,5.3085,2.8203,0,0.495,0.3578,-0.056028
100.36,-113.94,29.703,-1.3836,0.50925,0.0057434,0.00012765,6.1422,2.8272,6.7805,5.4656,3.5393,0,0.495,0.36574,-0.051938
116.47,-127.17,29.651,-1.4504,0.56831,0.0058684,0.00019594,8.3501,3.4541,6.6174,5.6776,2.9354,0,0.495,0.35781,-0.051938
89.507,-100.05,29.785,-1.3171,0.48749,0.0056493,9.0691e-05,4.2772,2.0589,7.1951,5.2212,3.2433,0,0.495,0.37367,-0.056031
87.941,-100.48,29.812,-1.3155,0.52144,0.0056327,8.7551e-05,3.9436,1.8767,6.1884,4.5845,3.2368,0,0.495,0.37368,-0.060072
91.465,-106.95,29.761,-1.3768,0.57875,0.005686,0.00010454,5.0538,2.4335,5.3392,4.5071,3.4552,0,0.495,0.36574,-0.060069
87.94,-103.97,29.836,-1.3077,0.55288,0.0056196,8.5674e-05,3.6846,1.6882,4.5209,3.6594,3.2531,0,0.495,0.37368,-0.064071
81.727,-88.546,29.857,-1.2526,0.46208,0.0055974,8.5411e-05,3.1607,1.3387,6.7258,4.6751,2.5751,0,0.495,0.3816,-0.060067
80.783,-87.517,29.83,-1.2522,0.42921,0.0056088,8.6279e-05,3.3893,1.5026,7.1571,5.0933,2.7253,0,0.495,0.3816,-0.056029
90.283,-107.97,29.785,-1.3654,0.6096,0.0056653,9.7834e-05,4.6491,2.2248,3.8661,3.596,3.4301,0,0.495,0.36573,-0.064066
92.766,-104.46,29.756,-1.3163,0.45241,0.0056697,9.6571e-05,4.6903,2.2325,6.9843,5.1828,3.385,0,0.495,0.37368,-0.051938
80.812,-90.77,29.803,-1.2508,0.39617,0.0056224,8.8645e-05,3.6693,1.6596,6.3634,4.7272,2.9941,0,0.495,0.38161,-0.051937
104.98,-118.2,29.711,-1.4349,0.63904,0.0057749,0.00014526,6.7701,3.0158,5.1719,4.5473,2.7701,0,0.495,0.3578,-0.060067
103.08,-117.32,29.736,-1.4196,0.66993,0.0057395,0.00012772,6.1379,2.7847,4.1818,3.7009,2.6437,0,0.495,0.35779,-0.064072
66.841,-71.076,29.871,-1.1905,0.37724,0.005579,9.5711e-05,2.6896,0.95921,5.3861,4.6079,1.9543,0,0.495,0.38954,-0.056022
67.063,-69.922,29.895,-1.192,0.40666,0.0055708,9.6236e-05,2.5252,0.80816,5.577,4.4379,1.6884,0,0.495,0.38954,-0.060062
65.684,-73.906,29.847,-1.1896,0.34804,0.0055882,9.6637e-05,2.879,1.1021,4.1156,3.8932,2.2423,0,0.495,0.38954,-0.051935
82.33,-96.05,29.847,-1.3176,0.69554,0.0056151,8.8438e-05,3.5643,1.5509,3.9264,3.2517,3.265,0,0.495,0.36573,-0.076036
87.768,-97.591,29.802,-1.3676,0.75353,0.0056593,9.8515e-05,4.5204,2.0438,4.7091,3.2898,2.385,0,0.495,0.35779,-0.076035
87.621,-103.84,29.826,-1.3318,0.66702,0.0056308,8.9206e-05,3.9226,1.783,3.3236,3.0444,3.3659,0,0.495,0.36573,-0.072045
95.44,-106.72,29.78,-1.3832,0.72661,0.0056827,0.00010442,5.0229,2.2984,4.295,3.1838,2.4371,0,0.495,0.35779,-0.072047
79.058,-88.651,29.825,-1.3539,0.77864,0.0056396,9.6235e-05,4.0833,1.7831,4.7627,3.2297,2.4118,0,0.495,0.35779,-0.080026
74.714,-86.524,29.869,-1.3068,0.72302,0.0056011,9.0214e-05,3.2368,1.3123,4.2608,3.2956,3.2335,0,0.495,0.36573,-0.080026
89.445,-107.53,29.806,-1.3489,0.63852,0.0056474,9.2668e-05,4.2849,2.0076,3.1178,3.0621,3.4355,0,0.495,0.36573,-0.068056
90.025,-107.96,29.856,-1.2928,0.58225,0.0056084,8.3558e-05,3.4591,1.4919,3.3405,2.9757,3.3618,0,0.495,0.37368,-0.068063
91.975,-108.47,29.875,-1.2753,0.61137,0.0055975,8.1932e-05,3.2225,1.2876,3.464,2.8203,3.342,0,0.495,0.37367,-0.072049
100.16,-113.55,29.758,-1.4011,0.69873,0.0057093,0.00011428,5.5648,2.5452,3.9425,3.2296,2.5314,0,0.495,0.35779,-0.068063
89.277,-102.26,29.894,-1.2609,0.64141,0.0055865,8.2395e-05,2.9647,1.076,4.4383,3.0098,3.2289,0,0.495,0.37367,-0.076038
83.383,-92.503,29.915,-1.2513,0.67124,0.0055759,8.4566e-05,2.7113,0.85751,5.417,3.1119,3.1531,0,0.495,0.37367,-0.080028
128.29,-129.51,29.816,-1.3904,0.9884,0.0057121,0.00010414,5.7332,2.1469,6.2733,2.4169,-0.25438,0,0.495,0.34192,-0.088006
154.67,-154.58,29.801,-1.4263,1.0986,0.0057936,0.00013089,7.3471,2.5999,7.1258,2.5294,-0.074961,0,0.495,0.33398,-0.088004
127.41,-126.55,29.793,-1.4155,0.96894,0.0057436,0.00011933,6.3382,2.4654,6.7817,2.589,-0.2188,0,0.495,0.34192,-0.084014
155.93,-155.04,29.777,-1.4548,1.0777,0.0058461,0.00015962,8.2749,2.9474,7.1357,2.5438,-0.11059,0,0.495,0.33398,-0.084012
95.832,-100.77,29.814,-1.378,0.87464,0.0056729,0.00010093,4.8462,1.9835,5.5788,2.8796,0.96773,0,0.495,0.34985,-0.084015
95.738,-103.56,29.836,-1.3565,0.89376,0.0056534,9.429e-05,4.4469,1.6906,4.6339,2.5789,0.95396,0,0.495,0.34986,-0.088009
154.18,-153.44,29.825,-1.3965,1.1181,0.00575,0.00010948,6.5312,2.2473,7.3032,2.5724,-0.077825,0,0.495,0.33398,-0.092018
163.75,-170.43,29.803,-1.4342,1.2382,0.0058335,0.00014005,8.0749,2.6489,7.0523,2.3932,1.5576,0,0.495,0.32604,-0.092016
169.71,-176.93,29.778,-1.4659,1.2168,0.0059038,0.0001768,9.2904,3.0351,6.7314,2.2966,1.4035,0,0.495,0.32604,-0.088003
130.33,-131.97,29.838,-1.3622,1.0064,0.0056854,9.2846e-05,5.1967,1.8226,6.0062,2.3003,-0.32367,0,0.495,0.34192,-0.092022
97.551,-106.54,29.857,-1.3305,0.91107,0.0056367,8.9304e-05,4.0952,1.3898,3.909,2.3234,0.92856,0,0.495,0.34986,-0.092043
175.36,-182.06,29.754,-1.4976,1.1938,0.00599,0.00022697,10.69,3.4159,6.4925,2.2042,1.2095,0,0.495,0.32604,-0.084011
58.795,-72.739,29.911,-1.2859,0.77235,0.0055795,9.815e-05,2.7372,0.81867,2.2927,2.3304,3.0879,0,0.495,0.36573,-0.088033
68.942,-82.695,29.869,-1.3232,0.82176,0.0056104,9.5664e-05,3.447,1.2475,2.7399,2.5331,2.4056,0,0.495,0.35779,-0.08803
66.273,-78.343,29.891,-1.2976,0.74903,0.0055893,9.3845e-05,2.9602,1.0687,3.7596,2.982,3.2007,0,0.495,0.36573,-0.084019
71.863,-83.162,29.848,-1.3403,0.80158,0.0056235,9.6002e-05,3.7282,1.5181,4.0898,2.9635,2.456,0,0.495,0.35779,-0.084018
66.157,-74.36,29.954,-1.2399,0.72798,0.0055585,9.4008e-05,2.2959,0.40345,4.7332,1.8827,2.9878,0,0.495,0.37367,-0.08803
56.597,-68.05,29.969,-1.2289,0.75239,0.0055518,0.00010033,2.1393,0.16248,3.0309,0.90575,2.9033,0,0.495,0.37368,-0.092137
51.851,-67.231,29.929,-1.2679,0.79265,0.0055711,0.00010305,2.5496,0.55731,0.61599,1.7129,2.9159,0,0.495,0.36573,-0.092162
49.108,-61.759,29.98,-1.2125,0.77321,0.0055457,0.00010686,1.997,-0.085557,1.6255,0.30266,2.6607,0,0.495,0.3737,-0.096402
70.934,-72.857,30.007,-1.1785,0.6922,0.0055393,9.1239e-05,1.8993,-0.22147,7.2649,0.70183,2.5516,0,0.495,0.38164,-0.092094
77.06,-73.849,29.993,-1.1835,0.66518,0.0055447,8.8415e-05,2.0182,-0.0030338,8.3829,1.7863,2.3363,0,0.495,0.38161,-0.088025
45.84,-60.301,29.944,-1.2452,0.80982,0.0055634,0.00010916,2.3723,0.29019,-0.2531,1.4503,2.5722,0,0.495,0.36573,-0.096466
75.298,-82.397,29.936,-1.2455,0.70068,0.0055665,8.853e-05,2.4852,0.63343,5.6745,2.7586,3.0698,0,0.495,0.37367,-0.08402
83.19,-81.034,29.975,-1.1848,0.63635,0.0055511,8.5276e-05,2.169,0.20636,8.2933,2.5794,2.2618,0,0.495,0.3816,-0.084021
67.868,-82.666,29.889,-1.3001,0.83955,0.0055992,9.5612e-05,3.2057,0.96671,1.5053,2.1643,2.3301,0,0.495,0.35779,-0.092147
65.124,-79.085,29.908,-1.2734,0.85541,0.0055887,9.7401e-05,2.9708,0.67873,1.2271,1.9813,2.1676,0,0.495,0.35779,-0.096429
66.356,-59.135,30.025,-1.1256,0.58288,0.0055334,9.6931e-05,1.7528,-0.4148,8.7738,2.6285,1.3565,0,0.495,0.38955,-0.088035
63.366,-60.543,30.042,-1.1239,0.60788,0.0055292,9.7183e-05,1.6688,-0.61156,8.4124,1.8487,1.7644,0,0.495,0.38958,-0.092106
69.861,-65.383,30.006,-1.1252,0.55693,0.0055384,9.5598e-05,1.8632,-0.22581,7.7804,2.8703,1.1575,0,0.495,0.38954,-0.084024
31.979,-39.429,29.997,-1.1897,0.84839,0.0055431,0.00013214,1.887,-0.48532,1.014,3.2366,1.4421,0,0.495,0.36571,-0.10864
51.185,-61.365,29.967,-1.2099,0.89381,0.0055617,0.00010676,2.3456,-0.16303,3.4434,3.0889,2.0559,0,0.495,0.35777,-0.10863
35.187,-44.885,29.977,-1.204,0.83717,0.0055492,0.00012543,2.0277,-0.23054,0.61793,2.441,1.8117,0,0.495,0.36571,-0.10464
53.996,-64.778,29.946,-1.2271,0.88247,0.0055695,0.00010517,2.5195,0.11324,2.9007,2.5289,2.0381,0,0.495,0.35777,-0.10463
53.635,-66.062,29.991,-1.1927,0.90315,0.0055555,0.00010339,2.2291,-0.43536,2.9198,3.6676,2.0535,0,0.495,0.35777,-0.11262
30.983,-38.147,30.02,-1.1767,0.85764,0.0055383,0.00013356,1.7903,-0.73845,0.31769,3.9509,1.0574,0,0.495,0.36571,-0.11263
40.289,-52.694,29.96,-1.2226,0.82438,0.0055561,0.00011674,2.1958,0.027274,-0.090957,1.7652,2.1749,0,0.495,0.36572,-0.10061
43.683,-55.209,29.99,-1.1938,0.79115,0.0055398,0.00011398,1.8558,-0.33213,1.1296,0.41362,2.3393,0,0.495,0.37368,-0.10056
39.095,-47.269,30.002,-1.1776,0.80777,0.0055341,0.000123,1.7141,-0.57499,1.439,1.009,1.8952,0,0.495,0.37366,-0.10461
59.719,-72.208,29.926,-1.2481,0.86966,0.0055787,0.00010108,2.7363,0.39304,1.9012,2.1331,2.039,0,0.495,0.35777,-0.1006
35.342,-39.913,30.017,-1.1659,0.82349,0.0055288,0.00013279,1.5866,-0.81609,1.6396,1.7496,1.2834,0,0.495,0.37365,-0.10863
32.469,-34.91,30.034,-1.1567,0.83767,0.0055245,0.00014035,1.4904,-1.0559,0.78916,2.3629,0.5228,0,0.495,0.37365,-0.11263
163.77,-165.32,30.015,-1.1607,1.101,0.0055799,6.5916e-05,2.9799,-0.43524,3.5854,4.109,-1.9342,0,0.495,0.3419,-0.12059
167.06,-176.24,30.019,-1.1789,1.2152,0.0055947,6.4336e-05,3.3322,-0.17334,4.1779,3.4712,-0.32536,0,0.495,0.33396,-0.12059
151.58,-149.14,29.986,-1.1993,1.0938,0.0055882,6.9133e-05,3.1424,-0.12741,4.8075,4.2379,-1.8923,0,0.495,0.3419,-0.1166
164.68,-169.37,29.99,-1.219,1.2081,0.005607,6.5827e-05,3.6054,0.15591,5.009,4.0561,-0.67919,0,0.495,0.33396,-0.11659
109.9,-117.19,29.987,-1.1825,0.99103,0.0055687,7.767e-05,2.6397,-0.42634,3.6825,3.9996,0.34514,0,0.495,0.34984,-0.11661
128.34,-138.66,30.015,-1.1469,0.99688,0.0055634,7.1983e-05,2.5571,-0.71393,2.0697,4.0836,0.2296,0,0.495,0.34984,-0.1206
160.01,-171.98,30.044,-1.1371,1.2218,0.0055823,6.4864e-05,3.0293,-0.50183,4.1392,2.4839,0.22354,0,0.495,0.33396,-0.12458
123.95,-144.3,30.018,-1.1555,1.335,0.0055907,7.1849e-05,3.1464,-0.33625,2.3577,1.2491,2.7366,0,0.495,0.32603,-0.12457
137.32,-157.79,29.996,-1.1963,1.3299,0.0056066,6.9135e-05,3.5416,0.017467,2.387,2.284,2.3938,0,0.495,0.32603,-0.12058
166.36,-170.46,30.043,-1.1181,1.1073,0.0055711,6.4921e-05,2.7788,-0.7421,3.2951,3.4904,-1.7261,0,0.495,0.3419,-0.12459
140.57,-151.73,30.041,-1.1047,1.0012,0.0055576,6.8865e-05,2.443,-1.0001,1.3361,3.7009,0.31316,0,0.495,0.34984,-0.12459
144.08,-163.14,29.971,-1.2374,1.3244,0.0056234,6.8965e-05,3.9347,0.37352,3.0213,3.104,2.0587,0,0.495,0.32602,-0.11659
38.305,-46.19,30.072,-1.1327,0.86795,0.0055328,0.00011598,1.7265,-1.2379,-4.6239,4.9583,0.26066,0,0.495,0.36571,-0.12061
79.41,-97.204,30.044,-1.1391,0.91339,0.0055478,8.6266e-05,2.1342,-0.97234,-0.86345,4.3067,2.0701,0,0.495,0.35778,-0.12061
33.259,-41.073,30.045,-1.1593,0.86433,0.005535,0.00012767,1.742,-0.98917,-1.7334,4.5708,0.68927,0,0.495,0.36571,-0.11662
63.673,-79.172,30.017,-1.1704,0.90973,0.0055511,9.5531e-05,2.1674,-0.70508,1.2657,4.167,2.0908,0,0.495,0.35778,-0.11661
27.844,-27.937,30.074,-1.1232,0.85879,0.0055193,0.00013633,1.4073,-1.5308,-4.9898,3.434,-1.3853,0,0.495,0.37365,-0.12062
22.939,-21.729,30.097,-1.0905,0.86422,0.0055176,0.00012618,1.3905,-1.7657,-8.5194,3.9462,-2.1945,0,0.495,0.37365,-0.12461
42.932,-49.655,30.101,-1.0949,0.86871,0.0055307,0.0001053,1.7079,-1.4849,-7.2076,5.0279,0.15346,0,0.495,0.36572,-0.1246
16.212,-13.453,30.122,-1.0481,0.86652,0.0055155,0.0001231,1.3508,-1.9995,-10.651,4.0309,-2.8034,0,0.495,0.37365,-0.1286
52.064,-58.884,30.09,-1.0716,0.85456,0.0055088,0.00010854,1.2408,-2.015,-2.8311,1.237,-0.12895,0,0.495,0.38159,-0.12461
52.339,-56.931,30.077,-1.0974,0.84044,0.0055106,0.00011323,1.2661,-1.7963,0.85368,0.65206,0.76202,0,0.495,0.38159,-0.12062
43.782,-48.929,30.128,-1.0496,0.86763,0.0055278,0.00010308,1.6481,-1.731,-8.138,4.5643,0.28444,0,0.495,0.36572,-0.1286
30.177,-32.003,30.053,-1.1442,0.84976,0.0055214,0.00014222,1.4329,-1.2941,-1.5395,2.9082,-0.33851,0,0.495,0.37365,-0.11662
54.024,-55.594,30.065,-1.1119,0.82235,0.0055131,0.00011294,1.307,-1.5755,3.9403,0.37387,1.7003,0,0.495,0.38159,-0.11663
93.001,-110.92,30.071,-1.0986,0.91487,0.0055443,7.9955e-05,2.0833,-1.2385,-2.3604,4.0072,2.2883,0,0.495,0.35778,-0.1246
95.722,-113.03,30.096,-1.0536,0.9156,0.0055396,7.9084e-05,1.9784,-1.5027,-2.2141,3.3062,2.6179,0,0.495,0.35778,-0.12859
69.582,-76.248,30.113,-1.0527,0.76489,0.0055064,8.8907e-05,1.2135,-2.0302,6.5668,-0.18436,3.6173,0,0.495,0.38953,-0.12062
77.104,-89.355,30.12,-1.0349,0.78479,0.0055044,8.6158e-05,1.1865,-2.2291,3.7662,0.079353,3.3627,0,0.495,0.38953,-0.12462
68.289,-69.716,30.105,-1.0617,0.74141,0.0055089,8.9535e-05,1.2571,-1.8289,8.148,-0.04215,3.8604,0,0.495,0.38954,-0.11661
22.635,-30.168,30.193,-0.9432,0.86672,0.0055144,0.00014917,1.3,-2.4638,-2.0626,3.4906,1.091,0,0.495,0.36572,-0.14057
57.068,-69.871,30.155,-0.95441,0.92405,0.0055218,9.7127e-05,1.5163,-2.283,4.5833,2.6512,3.377,0,0.495,0.35778,-0.14057
29.824,-36.174,30.173,-0.9693,0.86596,0.005519,0.00013097,1.4146,-2.2224,-4.4435,3.4184,0.95707,0,0.495,0.36572,-0.13658
69.558,-84.405,30.136,-0.97857,0.92013,0.0055276,9.1052e-05,1.6604,-2.0269,2.3334,2.4259,3.2394,0,0.495,0.35778,-0.13657
51.004,-62.934,30.176,-0.93623,0.92812,0.0055169,9.9769e-05,1.4043,-2.5337,5.8179,2.8437,3.57,0,0.495,0.35778,-0.14456
18.682,-26.683,30.214,-0.92475,0.86785,0.0055103,0.0001622,1.2086,-2.7007,-0.48388,3.6175,1.1799,0,0.495,0.36572,-0.14456
38.082,-43.546,30.152,-1.0053,0.86629,0.0055237,0.00011267,1.5405,-1.9781,-6.8971,3.8276,0.59302,0,0.495,0.36572,-0.13259
9.1167,-6.8085,30.146,-1.004,0.86691,0.0055125,0.00013463,1.2751,-2.2338,-10.549,3.6936,-3.0518,0,0.495,0.37366,-0.13259
3.5643,-3.6433,30.168,-0.9664,0.86726,0.005509,0.00016003,1.1798,-2.4658,-8.86,3.3546,-3.0389,0,0.495,0.37366,-0.13659
85.136,-101.94,30.117,-1.0117,0.91715,0.0055338,8.3707e-05,1.8247,-1.7667,-0.31072,2.616,2.9329,0,0.495,0.35778,-0.13258
0.47661,-2.8866,30.188,-0.93875,0.86823,0.0055055,0.00018832,1.0899,-2.6967,-6.8356,3.2653,-3.1512,0,0.495,0.37366,-0.14058
0.21535,-2.834,30.209,-0.91995,0.86923,0.0055023,0.00020877,1.0191,-2.9241,-5.4744,3.2445,-3.2628,0,0.495,0.37366,-0.14457
126.98,-142.35,30.165,-0.90902,1.1523,0.0055182,6.9394e-05,1.5273,-2.7641,5.5443,1.7982,1.7181,0,0.495,0.34191,-0.15253
121.87,-143.96,30.138,-0.91712,1.2643,0.0055203,7.002e-05,1.5673,-2.6569,2.8826,1.0659,2.9338,0,0.495,0.33397,-0.15252
107.56,-116.32,30.148,-0.9405,1.1503,0.0055219,7.4684e-05,1.5836,-2.4945,7.389,1.1907,1.4322,0,0.495,0.34191,-0.14854
106.7,-124.39,30.124,-0.95408,1.2634,0.0055246,7.4158e-05,1.6412,-2.3709,4.7474,0.23688,2.9175,0,0.495,0.33397,-0.14853
90.246,-97.283,30.162,-0.92852,1.0343,0.0055179,7.948e-05,1.4779,-2.6389,7.9661,2.369,2.1277,0,0.495,0.34985,-0.14854
109.93,-123.94,30.181,-0.90213,1.0362,0.0055148,7.3299e-05,1.4386,-2.8923,6.1298,2.6415,2.3008,0,0.495,0.34985,-0.15253
130.15,-154.22,30.156,-0.87432,1.2628,0.0055166,6.7945e-05,1.4976,-2.9368,1.7308,1.7036,3.0195,0,0.495,0.33397,-0.15651
86.651,-97.832,30.125,-0.87549,1.3524,0.0055187,8.4452e-05,1.4852,-2.9147,-4.5387,2.2147,1.1151,0,0.495,0.32603,-0.1565
85.847,-98.552,30.105,-0.92178,1.3567,0.0055226,8.4752e-05,1.5676,-2.618,-3.4296,1.5873,1.507,0,0.495,0.32603,-0.15251
143.19,-162.91,30.185,-0.87004,1.1518,0.0055152,6.5512e-05,1.4797,-3.0284,4.086,2.3575,2.0162,0,0.495,0.34191,-0.15652
132.4,-151.36,30.202,-0.86676,1.0354,0.0055126,6.7595e-05,1.4164,-3.1413,4.2319,2.9922,2.4911,0,0.495,0.34985,-0.15652
78.914,-91.996,30.088,-0.96369,1.359,0.0055272,8.8641e-05,1.6543,-2.3168,-1.3889,0.64707,2.0134,0,0.495,0.32603,-0.14852
26.21,-35.023,30.255,-0.89144,0.86776,0.0055047,0.00014727,1.1189,-3.1613,-1.868,3.8064,1.056,0,0.495,0.36572,-0.15254
69.671,-88.81,30.217,-0.89765,0.9322,0.0055104,8.863e-05,1.3016,-3.0194,3.9374,2.9404,3.6821,0,0.495,0.35778,-0.15254
19.178,-27.596,30.234,-0.90972,0.86848,0.005507,0.00016374,1.1469,-2.9335,-0.31107,3.622,1.1498,0,0.495,0.36572,-0.14855
54.06,-68.512,30.196,-0.91938,0.9312,0.005513,9.7088e-05,1.3322,-2.7794,5.6143,2.8638,3.6978,0,0.495,0.35778,-0.14855
-4.2568,3.8809,30.249,-0.88994,0.86966,0.0054977,0.00019861,0.9429,-3.3658,-7.3708,3.6077,-3.7347,0,0.495,0.37366,-0.15255
-11.627,12.158,30.272,-0.8649,0.86793,0.0054965,0.00017003,0.93608,-3.5789,-10.417,4.3406,-3.8561,0,0.495,0.37366,-0.15654
38.142,-45.922,30.277,-0.86336,0.86516,0.0055033,0.00012247,1.1171,-3.3844,-4.4801,4.3014,1.1853,0,0.495,0.36572,-0.15654
-1.3646,-1.3065,30.232,-0.8594,0.90806,0.0054906,0.00016018,0.83332,-3.744,-7.9495,3.0041,-3.8674,0,0.495,0.38159,-0.15655
6.717,-8.8951,30.213,-0.8814,0.90319,0.0054916,0.000175,0.842,-3.5412,-4.8108,2.3972,-3.4317,0,0.495,0.38159,-0.15255
-0.28533,-1.1058,30.229,-0.90592,0.86991,0.0054997,0.00021377,0.96979,-3.1475,-5.5382,3.2633,-3.478,0,0.495,0.37366,-0.14856
12.183,-14.517,30.195,-0.89551,0.89671,0.0054933,0.0001778,0.86813,-3.3315,-2.8569,2.0958,-3.0036,0,0.495,0.38159,-0.14856
92.594,-114.53,30.238,-0.86612,0.93075,0.0055087,7.8901e-05,1.2958,-3.2551,1.6552,3.197,3.8023,0,0.495,0.35778,-0.15653
38.709,-42.541,30.211,-0.85889,0.8742,0.0054887,0.00012444,0.82281,-3.6746,2.8648,1.7752,1.369,0,0.495,0.38953,-0.15256
42.384,-48.576,30.226,-0.84103,0.88521,0.0054877,0.00011787,0.81425,-3.8656,0.49575,2.0344,0.98846,0,0.495,0.38953,-0.15655
41.118,-44.281,30.197,-0.87085,0.86103,0.0054902,0.00012235,0.85076,-3.4747,3.8551,1.6603,1.7056,0,0.495,0.38953,-0.14857
3928.2,8604.5,5.9555,3.9867,1.0599,21.821,0.019451,1120.8,-41.364,-254.37,118.51,236.48,0,0.495,0.047195,-0.16809
6818.1,7004.5,6.6021,4.209,1.2631,21.2,0.016972,1225.1,-38.04,-232.88,166.15,281.13,0,0.495,0.047192,-0.17208
2465.6,6640.4,4.6817,3.5512,-0.62331,20.811,0.020587,1013.4,-39.618,-279.17,52.429,121.22,0,0.495,0.039272,-0.16808
4132.9,5036.6,5.0248,3.773,-0.31506,19.728,0.018213,1086.8,-36.207,-265.2,78.722,150.65,0,0.495,0.039269,-0.17207
6775.3,3331.3,5.4943,3.983,-0.022985,18.763,0.015966,1180.3,-32.837,-247.91,118.09,189.81,0,0.495,0.039265,-0.17607
10488,5465.6,7.4641,4.4077,1.4249,20.791,0.01465,1352.5,-34.779,-207.13,230.69,334.5,0,0.495,0.047189,-0.17608
2308.3,10116,5.4659,3.7442,0.82862,22.579,0.021916,1035.7,-44.635,-271.86,84.523,199.51,0,0.495,0.047198,-0.16409
8209.5,9648.9,7.3983,4.0497,2.3845,24.105,0.019012,1205.6,-44.071,-232.9,168.97,325.54,0,0.495,0.055126,-0.1641
11738,8071,8.237,4.2752,2.4899,23.743,0.016832,1307.5,-40.888,-208.78,220.12,369.32,0,0.495,0.055123,-0.1681
16843,6502.5,9.2909,4.4709,2.5433,23.476,0.01479,1422.6,-37.624,-180.66,283.37,415.32,0,0.495,0.055118,-0.17209
21145,5233.5,10.606,4.6293,2.533,23.26,0.013021,1548.6,-34.475,-149,355.86,461.08,0,0.495,0.055114,-0.17609
1555.9,8133.8,4.4273,3.3173,-0.93876,21.913,0.023005,954.2,-42.981,-290.57,34.465,98.621,0,0.495,0.039275,-0.16408
5122,-4569.8,4.7552,3.0593,-2.6045,13.984,0.010218,1380.5,-22.243,-257.65,51.395,44.081,0,0.495,0.023406,-0.18405
9652.9,-9687.5,4.771,2.2066,-4.4055,12.468,0.0075485,1704,-20.11,-272.57,10.672,-41.4,0,0.495,0.015478,-0.18404
3331.4,-3005.3,4.5181,2.8944,-3.0635,15.308,0.011749,1315.8,-25.745,-269.35,26.412,21.33,0,0.495,0.02341,-0.18005
8561.4,-8127.9,4.6487,2.0756,-4.9391,13.599,0.0085007,1657.2,-23.778,-282.01,0.52837,-52.749,0,0.495,0.015483,-0.18004
5350.6,228.98,4.9187,3.5843,-1.3279,16.404,0.013534,1216,-27.973,-254.52,77.728,110.8,0,0.495,0.031336,-0.18006
8441.7,-1249.2,5.4117,3.7654,-0.96607,15.374,0.011659,1323.3,-24.668,-236.45,131.8,155.63,0,0.495,0.031332,-0.18405
10154,-11413,4.9518,2.3405,-3.856,11.341,0.0066459,1753.1,-16.581,-261.17,32.03,-22.972,0,0.495,0.015474,-0.18804
-36630,-14678,5.5349,1.3284,-5.7236,9.5644,0.0030652,2718.7,-14.895,236.35,0.98746,-1658,0,0.495,0.0075448,-0.18804
-34052,-10575,5.4567,1.2343,-6.3753,10.203,0.003379,2728.8,-18.626,275.75,-5.3953,-1668.5,0,0.495,0.0075496,-0.18404
-85711,-14319,6.0584,0.79588,-6.6974,8.5769,0.00079495,3458.7,-14.336,741.71,6.9814,-3252,0,0.495,0,-0.18803
-83959,-7775.5,6.0212,0.72504,-7.4119,8.8741,0.00081646,3515.7,-18.174,831.78,6.4668,-3259.8,0,0.495,0,-0.18403
9873,-6592.4,5.1262,3.22,-2.147,12.845,0.0088161,1467.4,-18.863,-242.46,102.08,80.349,0,0.495,0.023401,-0.18805
14543,-3197.6,6.1773,3.9346,-0.63797,14.826,0.0098871,1482.6,-21.469,-211.27,229.37,218.93,0,0.495,0.031327,-0.18805
-33230,-7806.7,5.4025,1.1497,-6.9911,10.813,0.0036983,2735.1,-22.452,312.88,-8.6966,-1675.4,0,0.495,0.0075541,-0.18004
-81307,-3849.6,5.9978,0.66673,-8.0748,9.1503,0.00083596,3567.7,-22.048,915.3,6.4457,-3264.6,0,0.495,0,-0.18004
22714,2727.8,10.137,4.7038,1.5368,20.676,0.010661,1681,-28.423,-139.23,425.18,454.11,0,0.495,0.047181,-0.18407
17963,-637.59,7.1055,4.3485,0.44963,17.7,0.011459,1467.2,-26.291,-196.92,272.9,305.34,0,0.495,0.039257,-0.18406
16742,3980.1,8.6122,4.576,1.5233,20.634,0.012504,1505,-31.508,-176.13,317.59,393.79,0,0.495,0.047185,-0.18008
11627,1324.1,6.1524,4.1765,0.23824,18.036,0.01367,1302.9,-29.471,-225.61,179.9,240.68,0,0.495,0.039261,-0.18007
30457,3125.1,14.124,4.8028,2.255,22.446,0.010741,1800.6,-28.133,-79.331,516.61,526.5,0,0.495,0.055106,-0.18408
33027,1609.1,16.333,4.803,1.9649,21.301,0.0099764,1894.2,-25.135,-43.179,590.6,531.55,0,0.495,0.055103,-0.18808
31896,1461.4,12.11,4.7785,1.4399,20.718,0.0092997,1868,-25.364,-97.102,551.41,504.69,0,0.495,0.047179,-0.18807
8287,-593.26,20.419,4.6505,2.2755,18.657,0.010194,1752.6,-24.901,-3.5455,540.47,482.55,0,0.495,0.063061,-0.18809
19510,2165.1,18.331,4.7082,2.6757,21.294,0.011368,1758.6,-27.932,-30.103,512.51,512.7,0,0.495,0.063065,-0.18409
27151,4154,12.21,4.7424,2.443,22.99,0.011679,1678.8,-31.261,-114.91,436.47,500.07,0,0.495,0.05511,-0.18009
25745,4144.5,16.376,4.703,3.0036,23.129,0.012275,1718.9,-31.102,-58.349,470.42,523.51,0,0.495,0.063068,-0.1801
28279,-2790.2,8.4896,4.4885,0.57948,17.869,0.009557,1683.3,-23.184,-159.74,410.75,380.47,0,0.495,0.039253,-0.18806
-2229.2,-3383.4,29.202,2.3094,3.6735,2.8003,0.0050041,523.5,-24.024,22.406,102.99,124.11,0,0.495,0.11085,-0.16816
-1187.1,-3348.4,29.543,2.3304,3.3985,1.826,0.0040326,418.05,-22.899,18.99,81.558,92.898,0,0.495,0.11085,-0.17216
-5439.8,-3084.1,27.918,2.7551,3.9376,6.3606,0.007468,817.82,-26.698,27.301,176.77,217.19,0,0.495,0.10293,-0.16815
-4131.1,-3487.1,28.546,2.7681,3.605,4.5481,0.0061375,703.07,-25.113,26.439,153.2,176.92,0,0.495,0.10292,-0.17214
-3174.4,-3509.5,29.07,2.7608,3.283,3.0417,0.0049265,577.63,-23.605,23.85,125.55,136.96,0,0.495,0.10292,-0.17614
-204.86,-3092.6,29.801,2.3369,3.1382,1.1105,0.0031575,318.16,-21.86,15.507,61.139,65.871,0,0.495,0.11085,-0.17615
-3011.7,-3369.8,28.777,2.2732,3.9591,4.0382,0.0060901,627.87,-25.282,25.065,123.53,157.07,0,0.495,0.11085,-0.16417
-302.9,-2639.3,29.651,1.8831,3.6955,1.5631,0.0039178,367.52,-23.762,17.424,64.474,79.839,0,0.495,0.11878,-0.16419
314.33,-2496.3,29.856,1.9265,3.4669,0.99468,0.0031555,285.66,-22.773,14.289,49.64,57.891,0,0.495,0.11878,-0.16818
930.48,-2376.5,30.007,1.9564,3.2475,0.59426,0.00237,213.23,-21.876,11.509,36.592,39.618,0,0.495,0.11878,-0.17217
1395.1,-2189.4,30.114,1.9726,3.038,0.33105,0.0016343,153.31,-21.031,9.3615,26.053,25.846,0,0.495,0.11878,-0.17617
-6284.6,-2640.3,27.207,2.7199,4.2722,8.4049,0.008891,916.72,-28.413,26.056,194.69,254.67,0,0.495,0.10293,-0.16416
-18858,-3786.5,25.271,4.0427,2.867,11.57,0.0087601,1292.1,-24.346,25.286,362.28,344.74,0,0.495,0.079137,-0.18409
-9262.6,-2205.9,23.819,4.1119,3.2997,14.877,0.010523,1395.5,-26.881,13.38,377.86,393.39,0,0.495,0.079138,-0.18009
-9650,-4009.3,27.582,3.5849,2.8039,6.418,0.0064893,946.87,-23.324,31.129,250.26,236.22,0,0.495,0.087067,-0.1841
-11866,-3316.3,26.545,3.6599,3.2119,9.1513,0.0081153,1094.8,-25.367,27.856,285.47,290.69,0,0.495,0.087068,-0.1801
-6226.6,-4701.4,28.395,3.1819,3.0827,4.6137,0.0057737,757.04,-23.036,28.178,182.13,185.3,0,0.495,0.094995,-0.18012
-4372.8,-4663.1,29.014,3.1154,2.7306,2.9021,0.0044781,603.41,-21.523,25.751,144.15,137.55,0,0.495,0.094994,-0.18411
-14747,-5324.5,26.621,3.9276,2.4261,8.2759,0.0070069,1140,-22.09,33.509,326.34,284.62,0,0.495,0.079136,-0.18808
-22586,-2133.2,23.926,4.3312,2.4,13.665,0.0090512,1486.5,-23.929,22.227,448.06,391.42,0,0.495,0.071172,-0.18807
-13633,-61.322,22.146,4.4265,2.8416,17.161,0.010806,1575.7,-26.507,4.8255,455.87,441.07,0,0.495,0.071174,-0.18408
4920.1,1757.8,20.374,4.4647,3.2462,20.138,0.012277,1613.1,-29.248,-15.418,444.48,475.01,0,0.495,0.071175,-0.18008
-6569,-4531.4,28.454,3.4786,2.4133,4.0892,0.0049972,769.5,-21.557,31.228,202.37,178.23,0,0.495,0.087066,-0.18809
-2419,-4428.9,29.48,3.0281,2.4094,1.6508,0.0033577,448.92,-20.317,22.186,104.13,93.943,0,0.495,0.094993,-0.18811
1434.8,-2543.4,30.109,2.3066,2.6694,0.32177,0.0014808,159.58,-20.136,10.468,28.697,27.438,0,0.495,0.11085,-0.18414
-608.02,-3211.9,29.782,2.6921,2.6985,1.0656,0.0028751,330.15,-21.063,16.735,68.853,67.469,0,0.495,0.10292,-0.18413
726.9,-2855.3,29.986,2.3291,2.8951,0.6242,0.0022883,230.42,-20.962,12.573,43.08,43.705,0,0.495,0.11085,-0.18015
-1860.6,-3493.1,29.482,2.7353,2.9791,1.8826,0.0038524,450.01,-22.266,20.314,96.293,99.388,0,0.495,0.10292,-0.18013
1668.6,-1877.5,30.231,1.9643,2.6494,0.082886,0.0005243,75.039,-19.553,6.1747,11.974,9.566,0,0.495,0.11878,-0.18415
1536.5,-1688.4,30.26,1.9434,2.4687,0.039739,0.00028292,54.335,-18.88,4.4439,7.9464,5.7137,0,0.495,0.11878,-0.18815
1870.3,-2231.9,30.186,2.2695,2.4601,0.15224,0.00084599,107.69,-19.414,8.8271,17.798,16.192,0,0.495,0.11085,-0.18814
1742.2,-2038.1,30.185,1.9747,2.8384,0.1711,0.0010053,107.35,-20.268,7.6963,17.83,15.875,0,0.495,0.11878,-0.18016
495.83,-2896.7,29.985,2.6316,2.4449,0.54643,0.0019709,227.94,-20.075,13.61,45.08,42.325,0,0.495,0.10292,-0.18812
