trial_index,arm_name,trial_status,generation_method,TOTAL_RMSE,a1,betaStar
0,0_0,COMPLETED,CenterOfSearchSpace,15.791674656513035,0.31,0.09
1,1_0,COMPLETED,Sobol,15.339050001925802,0.3557484596967697,0.05323854446411133
2,2_0,COMPLETED,Sobol,17.34828495898726,0.21799845797009768,0.1321492327563465
3,3_0,COMPLETED,Sobol,15.84297856696912,0.27842218574136496,0.08367189494892954
4,4_0,COMPLETED,Sobol,15.949146330705222,0.4506862955819816,0.09511309613473715
5,5_0,COMPLETED,BoTorch,15.415383630666142,0.3826652270946436,0.045
