"Lambda2","Q","U:0","U:1","U:2","k","nut","omega","p","vorticity:0","vorticity:1","vorticity:2","yPlus","Points:0","Points:1","Points:2"
1769.8,-5198.7,29,2.1801,1.8316,0.5154,0.00069548,299.92,-2.634,8.4774,132.13,-53.152,0,0.495,0.031332,0.23238
16725,-4723.5,27.743,1.5144,2.6648,0.72303,0.00064355,432.42,0.27638,108.56,259.02,41.95,0,0.495,0.015447,0.23236
2902.5,-3213.8,29.658,1.7741,1.706,0.17096,0.0003595,146,-2.8568,-1.6251,54.909,-20.354,0,0.495,0.031325,0.24038
8255.9,-2607.8,29.108,1.1863,2.4119,0.26344,0.00038675,241.67,-0.57983,90.73,115.37,17.589,0,0.495,0.015439,0.24036
28085,-7859.7,24.883,1.9624,2.7577,1.7906,0.00095694,742.4,0.85352,119.03,481.48,93.427,0,0.495,0.015453,0.22435
60435,-6051.3,23.379,1.4959,3.1841,1.68,0.00067483,729.88,1.742,218.36,590.87,340.59,0,0.495,0,0.22434
31910,-2970.7,27.03,1.2006,3.0047,0.72359,0.00047992,475.54,0.76659,206.03,332.99,152.61,0,0.495,0,0.23235
-3029.6,-7619.2,27.497,2.7425,1.8194,1.4521,0.0012476,606.51,-2.9305,17.743,278.41,-122.21,0,0.495,0.031337,0.22438
13342,-1377.1,28.813,0.96461,2.6674,0.2768,0.00030393,292.49,-0.36759,182.88,150.41,61.772,0,0.495,0,0.24035
762.44,-818.61,30.364,2.0554,-0.82149,0.0096678,8.9956e-05,28.743,-12.925,-0.97957,6.2665,-2.0699,0,0.495,0.094931,0.23252
1249.9,-1291.4,30.277,2.2936,-0.38845,0.018335,0.00011912,43.847,-11.631,-4.127,8.837,-4.823,0,0.495,0.079075,0.23249
578.32,-627.07,30.403,1.9025,-0.68434,0.0080368,7.4842e-05,23.622,-12.112,-1.8222,5.7537,-1.7719,0,0.495,0.094928,0.24052
928.97,-972.34,30.321,2.086,-0.28956,0.011011,8.181e-05,33.091,-10.781,-6.0607,6.0083,-3.7224,0,0.495,0.079071,0.24049
1173.9,-3177.9,29.874,2.8227,0.13926,0.2124,0.00060488,159.38,-10.929,11.568,49.179,-26.481,0,0.495,0.063216,0.22446
1862.9,-2121.9,30.09,2.4222,0.26695,0.060756,0.00022172,80.544,-9.67,-1.6576,19.588,-10.371,0,0.495,0.063215,0.23246
1547.6,-1979.2,30.193,2.5704,-0.52495,0.054276,0.00026456,72.984,-12.811,5.4171,19.436,-9.9505,0,0.495,0.079078,0.22446
1159.2,-1242.5,30.326,2.246,-0.98648,0.016622,0.00013073,38.765,-13.975,4.9391,8.6919,-3.943,0,0.495,0.094935,0.22448
1446.7,-1468.5,30.176,2.1414,0.32611,0.02329,0.00011149,51.205,-8.867,-6.5417,8.9925,-5.0607,0,0.495,0.063211,0.24046
223.9,-268.95,30.496,0.99602,-1.5561,0.0059543,5.7672e-05,6.9281,-13.079,1.3053,3.4211,-0.63294,0,0.495,0.15859,0.23226
277.85,-322.39,30.499,1.2409,-1.5343,0.0061846,5.7436e-05,9.699,-13.432,-2.4126,3.5568,-1.033,0,0.495,0.14263,0.23224
179.99,-224.73,30.521,0.9818,-1.4173,0.0058868,6.1479e-05,5.9382,-12.736,2.2812,2.9474,-0.69086,0,0.495,0.1586,0.24019
241.2,-288.7,30.524,1.1998,-1.3902,0.0060692,5.7254e-05,8.2512,-13,-0.39971,2.8315,-0.81918,0,0.495,0.1426,0.24041
519.32,-580.64,30.443,1.5466,-1.505,0.0069215,6.8221e-05,16.46,-14.346,-3.8733,4.5218,-2.0309,0,0.495,0.12667,0.22446
401.36,-451.18,30.467,1.4923,-1.3425,0.0066521,6.4546e-05,14.472,-13.635,-5.7983,4.3539,-1.9347,0,0.495,0.12666,0.23253
332.94,-380.82,30.475,1.2655,-1.6821,0.0062941,5.899e-05,11.037,-13.986,-1.6323,4.1636,-1.2592,0,0.495,0.14259,0.22431
262.95,-311.81,30.473,1.0033,-1.6996,0.00601,5.5767e-05,7.7847,-13.437,2.4756,3.316,-0.87059,0,0.495,0.15858,0.22409
368.7,-421.26,30.496,1.4217,-1.1892,0.0064453,5.8669e-05,12.542,-13.034,-3.9056,3.887,-1.5885,0,0.495,0.12665,0.24055
107.5,-133.24,30.471,0.26474,-1.505,0.0055714,7.3567e-05,1.8127,-10.281,3.2795,1.7595,-0.78934,0,0.495,0.22231,0.23277
109.68,-136.41,30.487,0.41181,-1.6319,0.0056017,7.2401e-05,2.2177,-10.946,0.050302,1.9639,-0.089123,0,0.495,0.20644,0.2327
78.791,-103.69,30.491,0.29119,-1.416,0.0055611,8.2809e-05,1.6268,-10.389,4.2649,1.3816,-0.97729,0,0.495,0.22229,0.24083
93.763,-120.38,30.506,0.42765,-1.5318,0.005587,7.6899e-05,1.9815,-10.966,0.92337,1.0801,0.26925,0,0.495,0.20642,0.24079
129.07,-160.48,30.471,0.54209,-1.7094,0.0057042,6.7755e-05,3.7233,-11.718,-6.4322,3.2103,-0.6765,0,0.495,0.1905,0.22407
118.4,-150.99,30.502,0.57488,-1.6019,0.005687,6.895e-05,3.402,-11.666,-6.4107,3.1033,-0.57734,0,0.495,0.19053,0.23251
124.07,-149.37,30.461,0.38238,-1.7269,0.0056139,7.0023e-05,2.4349,-10.922,-0.59858,2.6538,-0.3725,0,0.495,0.2065,0.22465
128.72,-156.24,30.447,0.22605,-1.5932,0.0055791,6.8471e-05,1.966,-10.154,2.9835,2.1276,-0.8572,0,0.495,0.22234,0.22462
117.23,-148.88,30.529,0.59281,-1.4883,0.0056661,6.9909e-05,3.0498,-11.576,-5.5963,2.4913,-0.13706,0,0.495,0.19054,0.24066
73.186,-90.116,30.432,-0.16581,-1.2298,0.0055106,8.6568e-05,0.98249,-8.047,4.3272,1.1601,-1.5845,0,0.495,0.28614,0.23287
67.713,-83.153,30.424,-0.081926,-1.4088,0.0055138,8.8865e-05,1.0219,-8.4644,0.89404,1.4307,0.27382,0,0.495,0.27019,0.23288
53.799,-70.705,30.454,-0.12137,-1.1767,0.0055069,9.7267e-05,0.9108,-8.3278,4.7638,1.2588,-1.8726,0,0.495,0.28611,0.24089
57.878,-72.839,30.446,-0.042144,-1.3437,0.00551,9.3261e-05,0.95955,-8.7079,0.76696,0.82641,0.46006,0,0.495,0.27016,0.24089
49.925,-63.937,30.432,-0.020456,-1.4835,0.0055352,9.7322e-05,1.3277,-8.716,-6.8253,2.5109,0.77446,0,0.495,0.25415,0.22476
48.856,-64.121,30.462,0.027124,-1.4198,0.0055306,9.9276e-05,1.2438,-8.9566,-6.0424,2.2183,0.84423,0,0.495,0.25416,0.23288
75.784,-90.396,30.398,-0.12312,-1.4683,0.0055177,8.6256e-05,1.0906,-8.1832,0.53536,1.7627,-0.093319,0,0.495,0.2702,0.22483
82.997,-100.66,30.411,-0.21002,-1.2795,0.0055141,8.2521e-05,1.0519,-7.7409,4.6823,1.0379,-1.8175,0,0.495,0.28615,0.22485
47.634,-62.763,30.489,0.072289,-1.3476,0.005526,9.9933e-05,1.1588,-9.1602,-6.5046,1.9307,1.0876,0,0.495,0.25415,0.24091
52.791,-64.973,30.416,-0.37437,-0.95221,0.0054923,0.00010103,0.70553,-7.0632,4.3313,0.75551,-2.2604,0,0.495,0.34985,0.23289
41.175,-48.959,30.385,-0.33797,-1.1276,0.005493,0.00011516,0.70929,-7.2011,-0.019955,1.2835,0.24804,0,0.495,0.33396,0.23288
42.831,-54.873,30.438,-0.32414,-0.92384,0.0054905,0.00010895,0.67424,-7.3381,4.7401,1.3559,-2.354,0,0.495,0.34985,0.24087
36.23,-42.852,30.409,-0.28668,-1.0913,0.0054913,0.00011362,0.68833,-7.4726,-0.90194,1.0064,0.43568,0,0.495,0.33396,0.24086
13.371,-13.746,30.404,-0.31932,-1.1609,0.0055025,0.00017159,0.83599,-7.0872,-6.8738,1.2642,2.0027,0,0.495,0.31808,0.22487
13.872,-14.578,30.427,-0.28093,-1.1291,0.0054999,0.00016268,0.79977,-7.3929,-7.2463,1.856,2.0571,0,0.495,0.31807,0.23286
42.824,-48.67,30.365,-0.3759,-1.1598,0.0054952,0.00011528,0.74638,-6.8957,0.51938,0.61151,-0.13611,0,0.495,0.33396,0.22489
48.486,-59.043,30.404,-0.41263,-0.97527,0.0054945,0.00010301,0.7452,-6.771,5.7202,-0.082802,-2.6484,0,0.495,0.34985,0.2249
16.127,-12.715,30.456,-0.22036,-1.0884,0.0054975,0.00013812,0.76167,-7.6675,-9.72,2.0639,2.26,0,0.495,0.31807,0.24084
35.368,-42.694,30.427,-0.42465,-0.69419,0.0054813,0.00012357,0.53931,-6.9165,4.3375,0.055831,-2.1142,0,0.495,0.41335,0.23295
26.489,-29.73,30.392,-0.43174,-0.852,0.0054814,0.00016055,0.52992,-6.9201,0.13891,0.86912,0.19538,0,0.495,0.39748,0.23294
28.144,-33.32,30.441,-0.38304,-0.68924,0.0054805,0.00013595,0.52653,-7.107,5.094,0.92255,-2.0883,0,0.495,0.41335,0.24093
21.205,-22.449,30.411,-0.38456,-0.8382,0.0054807,0.00015216,0.52316,-7.1212,-1.4245,0.7904,0.41067,0,0.495,0.39748,0.24092
2.4291,-0.85574,30.416,-0.42912,-0.85925,0.0054874,0.00034195,0.60176,-6.6643,-5.0437,0.0255,2.187,0,0.495,0.38161,0.22494
3.3808,-0.030956,30.427,-0.40874,-0.84605,0.005486,0.0002957,0.58757,-6.9125,-5.86,1.1231,2.149,0,0.495,0.38161,0.23292
18.669,-19.516,30.38,-0.4587,-0.8658,0.0054829,0.00016505,0.55439,-6.6871,2.0229,-0.38813,-0.15657,0,0.495,0.39749,0.22496
26.39,-30.684,30.425,-0.455,-0.69309,0.0054826,0.00012928,0.55716,-6.7025,6.1987,-0.86298,-2.4331,0,0.495,0.41336,0.22497
3.157,5.5952,30.45,-0.35471,-0.82556,0.0054848,0.00018756,0.57189,-7.1411,-9.7146,1.7169,2.288,0,0.495,0.38161,0.2409
878.34,-958.37,30.247,1.041,1.1985,0.011168,5.482e-05,32.812,-4.5495,0.36495,6.7099,-0.97726,0,0.495,0.031304,0.26438
1158.6,-790.52,30.14,0.65422,1.5347,0.014174,4.9909e-05,57.003,-3.3966,53.641,8.4147,-5.9952,0,0.495,0.015415,0.26436
534.68,-594.98,30.302,0.89819,1.0798,0.0081917,5.241e-05,26.29,-5.2293,-1.2622,2.0324,-0.85655,0,0.495,0.031296,0.27238
831.39,-634.21,30.209,0.55822,1.3162,0.0089948,3.9199e-05,46.607,-4.3013,45.389,2.1296,-8.4149,0,0.495,0.015407,0.27236
1922.5,-1103.3,29.981,0.78855,1.7997,0.032416,8.9158e-05,82.74,-2.4583,63.125,20.853,-1.1965,0,0.495,0.015423,0.25636
2300.1,-558.37,29.903,0.62847,1.9099,0.03477,7.1462e-05,107.06,-2.5488,133.24,23.844,2.6163,0,0.495,0,0.25635
1335.3,-519.68,30.074,0.51551,1.5911,0.01479,3.7138e-05,73.536,-3.569,111.18,8.7837,-8.3785,0,0.495,0,0.26435
1406,-1513.8,30.125,1.2577,1.3467,0.021814,8.1142e-05,48.29,-3.9134,-0.75736,13.54,-2.7053,0,0.495,0.031311,0.25638
988.52,-569.48,30.147,0.44372,1.328,0.0091251,2.6685e-05,60.24,-4.5018,92.603,2.2329,-13.353,0,0.495,0,0.27235
251.79,-288.05,30.493,1.3411,-0.41646,0.0062945,6.2316e-05,10.006,-10.683,3.5551,2.6155,0.35482,0,0.495,0.094918,0.26451
479.81,-517.7,30.453,1.3848,-0.15638,0.0064749,4.7961e-05,11.911,-9.5434,-4.4826,1.8952,-1.9594,0,0.495,0.07906,0.26448
104.65,-125.27,30.505,1.2758,-0.36758,0.0062537,8.6889e-05,9.2933,-10.45,-4.1997,1.3682,-0.34128,0,0.495,0.094915,0.27251
196.38,-217.07,30.459,1.3086,-0.14019,0.0063989,6.5166e-05,10.837,-9.4507,-13.999,-0.074504,-2.1521,0,0.495,0.079057,0.27248
1135.1,-1189.7,30.296,1.5921,0.35793,0.0086469,4.4911e-05,27.488,-8.1285,1.2798,6.0289,-2.6675,0,0.495,0.063204,0.25646
727.99,-760.12,30.351,1.3264,0.35663,0.0072505,4.1722e-05,17.98,-8.0844,-7.7445,3.2114,-1.7696,0,0.495,0.0632,0.26446
828.34,-874.61,30.415,1.6267,-0.18049,0.007135,4.4633e-05,19.066,-9.7336,4.4822,4.7014,-2.6854,0,0.495,0.079064,0.25649
472.66,-511.95,30.467,1.5495,-0.48304,0.0066574,5.0713e-05,14.734,-10.986,9.8629,3.7527,-0.31681,0,0.495,0.094921,0.25652
351.78,-368.38,30.37,1.219,0.34427,0.0069169,5.0555e-05,15.015,-8.1725,-17.954,0.83289,-1.5581,0,0.495,0.063196,0.27246
57.754,-84.089,30.536,0.82465,-1.1099,0.0057189,9.5175e-05,3.2725,-11.981,1.8782,1.6234,-0.9595,0,0.495,0.15861,0.26434
102.68,-133.76,30.533,0.94436,-1.0673,0.0057812,7.7959e-05,4.0437,-11.977,-3.7076,1.2643,0.21938,0,0.495,0.14264,0.26434
52.984,-74.318,30.551,0.82664,-1.0353,0.0057115,0.00010191,3.1483,-11.767,-0.40716,1.2643,-0.97136,0,0.495,0.15861,0.27234
64.68,-88.072,30.549,0.94589,-0.98868,0.0057726,8.617e-05,3.8787,-11.75,-7.9928,0.95701,0.31083,0,0.495,0.14257,0.27267
362.22,-410.83,30.516,1.1917,-0.9332,0.0061395,4.9929e-05,8.8285,-12.11,0.99453,1.1021,-0.67523,0,0.495,0.12665,0.25658
196.34,-231.27,30.527,1.0808,-0.82764,0.0060357,6.2658e-05,7.0446,-11.79,-7.4141,2.2068,0.043609,0,0.495,0.12665,0.26458
192.59,-232.33,30.53,1.0254,-1.159,0.005858,6.1457e-05,5.2806,-12.244,3.9177,-0.052971,-0.33543,0,0.495,0.14265,0.2563
94.134,-126.24,30.531,0.8786,-1.1949,0.0057628,7.7959e-05,4.0143,-12.192,6.5604,0.381,-1.0336,0,0.495,0.15861,0.25628
96.728,-118.6,30.546,1.0712,-0.7449,0.0060248,7.3805e-05,6.7304,-11.508,-12.836,1.7374,0.17933,0,0.495,0.12664,0.27257
34.733,-52.191,30.524,0.31844,-1.2106,0.0055348,0.00011773,1.1609,-10.581,1.2463,1.0472,-1.7617,0,0.495,0.22229,0.26481
63.505,-83.954,30.528,0.41789,-1.2658,0.0055469,9.3074e-05,1.3301,-10.953,-2.1229,1.3056,0.86574,0,0.495,0.20642,0.26478
36.163,-51.986,30.536,0.3417,-1.1528,0.0055324,0.00011874,1.1282,-10.599,1.1478,0.18009,-1.44,0,0.495,0.22229,0.2728
55.873,-74.392,30.543,0.44156,-1.1912,0.0055441,9.6465e-05,1.2826,-10.924,-3.5745,0.48511,1.0301,0,0.495,0.20642,0.27277
111.9,-139.2,30.552,0.58007,-1.2832,0.0056348,7.349e-05,2.4615,-11.388,-2.6549,0.825,0.43303,0,0.495,0.19053,0.25672
85.902,-109.09,30.565,0.56547,-1.1889,0.0056246,8.0879e-05,2.2429,-11.294,-4.825,1.64,0.64635,0,0.495,0.19053,0.26474
78.944,-102.65,30.516,0.41893,-1.3486,0.0055577,8.517e-05,1.5135,-10.973,1.2707,0.1849,0.58825,0,0.495,0.20642,0.25679
38.421,-57.463,30.512,0.30298,-1.2706,0.0055417,0.00011049,1.2821,-10.536,3.61,0.62415,-1.7824,0,0.495,0.22229,0.25682
71.468,-91.903,30.581,0.57799,-1.1031,0.0056197,8.6121e-05,2.1635,-11.199,-5.8711,0.69695,0.69779,0,0.495,0.19054,0.27274
27.836,-40.819,30.49,-0.024128,-1.059,0.0054956,0.00013685,0.7032,-8.968,0.59835,0.23963,-1.8704,0,0.495,0.28612,0.26483
52.762,-65.082,30.487,0.044895,-1.1432,0.0054971,0.00010609,0.73792,-9.2742,-0.26582,1.3732,1.246,0,0.495,0.27017,0.26484
20.046,-29.915,30.498,0.0015314,-1.0224,0.0054947,0.00015807,0.68606,-9.1207,1.7242,-0.41354,-1.3294,0,0.495,0.28616,0.2728
40.432,-50.258,30.503,0.065617,-1.0879,0.0054961,0.0001198,0.71515,-9.4027,-0.3895,0.26282,1.374,0,0.495,0.2702,0.2728
54.008,-65.647,30.527,0.1517,-1.2135,0.0055175,0.00010828,0.9945,-9.479,-3.1022,1.2567,1.7522,0,0.495,0.25415,0.25689
50.293,-60.602,30.546,0.16559,-1.1463,0.0055142,0.00011113,0.93203,-9.5953,-1.27,1.1093,1.665,0,0.495,0.25416,0.26486
64.708,-80.312,30.467,0.018061,-1.2099,0.0055009,9.2769e-05,0.81145,-9.126,0.36071,0.67906,0.94108,0,0.495,0.27015,0.25689
35.831,-50.5,30.48,-0.06832,-1.0948,0.0054988,0.00012036,0.76289,-8.7808,2.0201,0.08549,-2.3272,0,0.495,0.2861,0.25688
44.677,-54.205,30.556,0.17438,-1.0832,0.0055128,0.00011479,0.91012,-9.692,-1.0924,-0.24806,1.4237,0,0.495,0.2542,0.27283
24.936,-34.389,30.468,-0.22078,-0.85762,0.0054837,0.00015286,0.55029,-8.0043,0.13819,-0.24301,-1.9862,0,0.495,0.34983,0.26483
38.724,-47.269,30.45,-0.16678,-0.93856,0.0054839,0.00012597,0.56283,-8.1553,0.44947,1.2823,0.84006,0,0.495,0.33395,0.26481
11.632,-17.897,30.472,-0.19758,-0.83354,0.0054832,0.00020602,0.53619,-8.1765,1.852,-0.61609,-1.3326,0,0.495,0.34983,0.27281
22.392,-28.903,30.466,-0.15542,-0.8986,0.0054834,0.00015601,0.54548,-8.3266,1.3031,0.27998,0.93874,0,0.495,0.33395,0.27279
32.021,-33.774,30.491,-0.092613,-1.0075,0.0054919,0.00016948,0.66456,-8.1269,-4.1704,0.46622,2.6391,0,0.495,0.31807,0.25681
26.536,-30.215,30.504,-0.074805,-0.96405,0.0054894,0.00017744,0.62143,-8.3172,0.60691,0.34613,2.0502,0,0.495,0.31807,0.26479
52.895,-63.949,30.43,-0.20166,-0.9935,0.0054863,0.00010105,0.61366,-7.9693,-0.62462,0.54435,0.69177,0,0.495,0.33395,0.25683
35.494,-46.297,30.462,-0.27272,-0.8797,0.0054858,0.00012306,0.59228,-7.8013,1.7195,-0.3263,-2.6751,0,0.495,0.34983,0.25684
19.664,-24.175,30.511,-0.079744,-0.92236,0.0054888,0.00017399,0.61066,-8.4829,1.3661,-0.54636,1.5671,0,0.495,0.31807,0.27277
20.218,-26.265,30.463,-0.32134,-0.65765,0.0054762,0.00017416,0.45069,-7.5994,0.86799,-0.23024,-1.7409,0,0.495,0.41335,0.26488
24.361,-30.102,30.44,-0.27063,-0.72836,0.0054764,0.00016064,0.45744,-7.6678,1.0805,1.1203,0.40685,0,0.495,0.39748,0.26487
7.9651,-12.375,30.466,-0.30128,-0.63805,0.005476,0.00024667,0.44129,-7.737,1.9171,-0.53694,-1.1011,0,0.495,0.41335,0.27286
10.003,-14.54,30.454,-0.26893,-0.6984,0.005476,0.00021005,0.44503,-7.8111,2.5102,0.34948,0.44153,0,0.495,0.39748,0.27285
15.311,-16.745,30.474,-0.22088,-0.78142,0.0054815,0.00020853,0.52127,-7.5366,-4.1223,-0.20578,2.6679,0,0.495,0.3816,0.25687
11.803,-13.088,30.48,-0.20702,-0.75752,0.0054798,0.00028179,0.49134,-7.7086,1.8003,-0.17573,1.874,0,0.495,0.3816,0.26485
33.115,-40.35,30.424,-0.30184,-0.77363,0.0054779,0.00012329,0.48879,-7.5227,-1.0448,0.27023,0.48089,0,0.495,0.39748,0.25688
23.601,-28.305,30.458,-0.36027,-0.67556,0.0054777,0.00014804,0.47966,-7.4492,3.4223,-0.31729,-2.4333,0,0.495,0.41335,0.2569
6.2773,-7.7998,30.483,-0.22136,-0.73298,0.0054795,0.00029405,0.48368,-7.8607,2.75,-0.55919,1.2761,0,0.495,0.3816,0.27284
16211,-9300,19.662,3.9555,1.0352,7.6913,0.0033125,1697,-6.957,-15.391,748.43,-343.96,0,0.495,0.031312,0.20832
64921,-26619,13.769,2.8065,2.4752,6.6624,0.0019603,1585.5,-1.1939,56.899,743.56,341.78,0,0.495,0.015433,0.2083
773.88,-9675.7,24.553,3.3904,1.5803,3.5896,0.0021025,1095.9,-4.2151,13.453,493.42,-232.68,0,0.495,0.031332,0.21636
45171,-14617,20.01,2.4648,2.6472,3.817,0.0013841,1163.9,0.67351,104.77,693.58,188.62,0,0.495,0.01545,0.21634
78912,-17081,17.518,1.8332,3.2027,3.3265,0.00093662,1037.2,2.026,202.58,766.09,654.77,0,0.495,0,0.21633
80093,-40891,11.039,1.987,3.3899,5.3681,0.0012285,1329.6,0.51477,159.85,655.16,1051.6,0,0.495,0,0.20829
-15029,-5845.7,24.919,4.1715,0.17354,5.6713,0.0038127,1257.1,-13.036,21.341,513.37,-254.54,0,0.495,0.047273,0.20835
-6836,-5918.6,27.733,3.6094,0.68168,2.0094,0.0021839,686.85,-9.8894,19.898,267.35,-139.72,0,0.495,0.047308,0.2164
-1616.1,-3888,29.34,3.3415,-0.086254,0.7392,0.0015796,338.75,-12.919,15.771,115.52,-63.573,0,0.495,0.063207,0.21643
-585.7,-4726.2,29.121,3.0083,0.92672,0.67103,0.0010531,340.17,-7.8726,15.714,127.74,-64.583,0,0.495,0.047321,0.22442
-7713.2,-4735.4,28.095,3.7961,-0.4857,2.5918,0.0031072,700.11,-15.656,21.617,245.19,-138.69,0,0.495,0.063178,0.20839
-3562.2,-3790.8,28.801,2.7532,-3.8087,3.5397,0.0054013,620.13,-26.636,26.033,130.33,-165.9,0,0.495,0.10291,0.17217
-524.71,-3394.4,29.695,2.3143,-3.5627,1.3685,0.0035981,350.86,-24.176,17.452,66.314,-82.407,0,0.495,0.11084,0.17218
-4690.1,-3434.3,28.276,2.7121,-4.1396,4.8931,0.0064289,727.81,-28.307,27.927,150.62,-204.01,0,0.495,0.10291,0.16818
-1536.2,-3443.6,29.427,2.2687,-3.8294,2.0535,0.0043533,440.09,-25.359,20.941,83.123,-109.64,0,0.495,0.11084,0.16819
-8176.1,-4616.2,27.87,3.2522,-3.7109,5.5263,0.0064292,823.87,-26.467,29.455,191.62,-230.36,0,0.495,0.094986,0.17615
-2694.5,-3771.6,29.238,2.7731,-3.4862,2.4139,0.0044495,507.28,-25.043,22.885,107.31,-128.92,0,0.495,0.10291,0.17616
-9794.3,-4054.8,27.1,3.2384,-4.0984,7.4176,0.0076453,939.53,-28.51,28.3,213.02,-274.97,0,0.495,0.094987,0.17216
-11565,-3031.5,26.258,3.1945,-4.4814,9.4439,0.0089023,1035.7,-30.662,24.79,226.65,-315.75,0,0.495,0.094988,0.16816
306.27,-3152.3,29.899,2.3439,-3.3071,0.85798,0.0028716,268.75,-23.064,14.071,50.478,-59.118,0,0.495,0.11084,0.17618
-2278.2,-3460.4,29.094,2.2069,-4.1037,2.9199,0.0051759,531.81,-26.647,24.086,99.697,-138.92,0,0.495,0.11084,0.1642
323.69,-2624.5,29.823,1.835,-3.8098,1.0753,0.003364,293.9,-24.916,15.516,49.143,-65.812,0,0.495,0.11877,0.16421
820.43,-2497.8,29.975,1.8983,-3.593,0.70118,0.0027292,229.36,-23.905,12.598,38.383,-48.008,0,0.495,0.11877,0.1682
1016.3,-2072.7,30.008,1.4367,-3.753,0.50657,0.0024198,185.44,-23.561,11.072,28.203,-34.444,0,0.495,0.1267,0.16023
-307.05,-2622,29.628,1.7581,-4.03,1.5695,0.0039946,364.72,-25.956,18.574,60.844,-86.722,0,0.495,0.11877,0.16021
1394.9,-2005.9,30.091,1.5097,-3.5784,0.32521,0.001875,143.34,-22.839,9.0432,22.169,-23.6,0,0.495,0.1267,0.16422
1577.5,-1883.4,30.153,1.571,-3.4053,0.19868,0.0013546,108.7,-22.126,7.3349,17.338,-15.437,0,0.495,0.1267,0.16822
-3087.7,-3199.5,28.696,2.1285,-4.3801,3.9594,0.006063,621.41,-27.98,26.456,114.74,-169.42,0,0.495,0.11084,0.1602
-5453.7,-3046,27.678,2.6487,-4.4715,6.4296,0.0075179,825.24,-30.082,28.153,166.85,-240.46,0,0.495,0.10292,0.16418
-3013.7,-801.78,24.469,3.0153,-5.1968,13.542,0.011442,1168.3,-35.171,11.618,232.93,-379.59,0,0.495,0.09499,0.16017
-10843,-2042.1,25.372,3.1205,-4.8504,11.512,0.010175,1111.5,-32.908,19.113,233.22,-350.53,0,0.495,0.094989,0.16417
-6289.4,-2339.8,27.023,2.5617,-4.796,8.0915,0.0086509,909.38,-31.875,26.652,178.09,-274.32,0,0.495,0.10292,0.16019
1370.6,-2386.9,30.087,1.9474,-3.3813,0.43277,0.0020695,173.52,-22.962,10.125,29.01,-33.261,0,0.495,0.11877,0.1722
1483.8,-1628,30.234,1.6572,-3.0682,0.064077,0.0005173,61.58,-20.761,4.5504,10.808,-5.495,0,0.495,0.1267,0.1762
1603.8,-1767.1,30.199,1.6201,-3.2349,0.11511,0.00087344,81.571,-21.438,5.8385,13.59,-9.3709,0,0.495,0.1267,0.17221
1709.2,-2218.9,30.168,1.9819,-3.1761,0.25148,0.0014634,127.91,-22.064,8.1961,21.38,-22.187,0,0.495,0.11877,0.17619
-9982.9,-2440.1,23.864,4.2423,-3.6893,13.126,0.0095073,1361.2,-29.39,14.789,359.49,-413.02,0,0.495,0.079127,0.18012
-20309,-4120.8,25.239,4.2025,-3.226,10.37,0.0080606,1257.8,-26.558,26.513,346.46,-364.09,0,0.495,0.079126,0.18412
-12063,-3738.5,26.689,3.7473,-3.5251,7.8812,0.0073437,1040.1,-27.379,29.586,265.33,-298.06,0,0.495,0.087058,0.18013
-9897.1,-4464.8,27.645,3.7002,-3.0951,5.6458,0.0060231,897.25,-25.122,32.124,233.98,-243.81,0,0.495,0.087057,0.18413
-14554,-2458.1,25.632,3.7573,-3.9558,10.27,0.0087059,1154.1,-29.782,23.933,284.64,-346.97,0,0.495,0.087058,0.17614
-5975.9,-5057.6,28.54,3.2385,-3.3309,3.8644,0.0052819,692.62,-24.635,28.313,163.59,-183.26,0,0.495,0.094985,0.18014
4881.4,-384.03,22.464,4.2339,-4.1269,15.696,0.010915,1425.7,-32.387,0.11105,357.28,-451.01,0,0.495,0.079128,0.17613
-4247.8,-4981.2,29.09,3.1988,-2.9687,2.5041,0.0042239,552.87,-22.968,25.388,130.91,-137.62,0,0.495,0.094984,0.18414
-16123,-5736.9,26.527,4.115,-2.7539,7.6067,0.0066153,1110.5,-24.012,34.882,315.46,-303.74,0,0.495,0.079125,0.18811
-25028,-2038.8,23.638,4.5699,-2.7907,12.662,0.0084903,1468.8,-26.3,21.658,437.47,-421.45,0,0.495,0.071158,0.1881
-15232,138.07,21.919,4.6362,-3.2656,15.574,0.0099502,1552.7,-29.316,2.3126,439.2,-468.49,0,0.495,0.07116,0.18411
-11021,-2793.3,21.984,4.8331,-2.222,14.396,0.0085478,1666.9,-24.533,18.758,536.28,-466.44,0,0.495,0.063055,0.19216
-21911,-3821.7,25.312,4.435,-2.2959,9.4501,0.0069661,1320.2,-23.537,37.808,408.59,-358.11,0,0.495,0.071158,0.19212
8283.6,-211.55,19.87,4.9408,-2.6977,17.296,0.0099733,1727.8,-27.772,-11.125,519.83,-510.93,0,0.495,0.063038,0.18813
-12071,-6544.1,27.658,3.9765,-2.2963,5.0659,0.005231,919.57,-21.788,39.688,263.75,-236.26,0,0.495,0.079121,0.19212
19339,2542.6,17.883,4.9648,-3.1133,19.38,0.01116,1723.8,-31.278,-41.998,481.54,-533.72,0,0.495,0.063038,0.18413
4647.1,2056.8,20.226,4.6438,-3.6995,18.038,0.011318,1587.9,-32.464,-19.398,423.65,-498.99,0,0.495,0.071161,0.18011
20655,6846.9,14.419,4.8215,-3.7228,21.688,0.012934,1614.7,-38.368,-104.22,382.75,-530.72,0,0.495,0.063045,0.17614
25656,4719.1,16.058,4.9216,-3.4556,20.788,0.012116,1680.7,-34.788,-73.087,434.44,-538.37,0,0.495,0.06304,0.18013
19009,4067.7,18.615,4.5967,-4.0817,20.014,0.012592,1587.4,-35.717,-42.974,395.8,-516.79,0,0.495,0.071163,0.17612
-6892.3,-4979.1,28.457,3.619,-2.6818,3.7165,0.0047894,731.33,-23.152,31.754,191.73,-186.54,0,0.495,0.087055,0.18812
-554.29,-4203.3,29.798,3.0511,-2.3343,0.80533,0.0023997,293.6,-20.362,16.85,63.977,-62.255,0,0.495,0.09498,0.19214
-2324.9,-4743.5,29.509,3.1355,-2.6335,1.4857,0.0032782,415.6,-21.563,21.438,96.393,-95.952,0,0.495,0.094983,0.18814
-4590.3,-4904.1,29.088,3.5054,-2.3033,2.2146,0.0036931,555.35,-21.409,29.052,142.36,-132.2,0,0.495,0.087052,0.19213
1101.8,-2927.7,30.047,2.3573,-3.0649,0.50219,0.0021255,197.94,-22.069,11.251,36.452,-39.982,0,0.495,0.11084,0.18017
-1416.8,-3708.2,29.584,2.7729,-3.1799,1.5383,0.003582,396.15,-23.617,19.127,83.311,-94.523,0,0.495,0.10291,0.18016
1763.6,-2634.8,30.147,2.3549,-2.8371,0.27282,0.0014257,141.1,-21.139,9.1669,25.085,-25.837,0,0.495,0.11084,0.18416
-216.9,-3404.4,29.839,2.7534,-2.8947,0.90617,0.002751,294.04,-22.297,15.409,60.788,-65.419,0,0.495,0.10291,0.18415
1736,-1932.5,30.26,2.0083,-2.7878,0.071322,0.00051645,68.08,-20.434,5.1889,10.843,-8.8689,0,0.495,0.11877,0.18418
1610.1,-1770.5,30.283,2.0035,-2.6046,0.037204,0.00030485,51.725,-19.685,3.5638,7.6461,-5.5863,0,0.495,0.11877,0.18817
2081.6,-2357.3,30.211,2.3373,-2.623,0.13808,0.00085245,99.178,-20.296,7.3849,16.191,-15.825,0,0.495,0.11084,0.18816
1063.6,-1168.8,30.312,1.7033,-2.4549,0.010856,0.00013288,29.357,-18.27,-3.7689,5.8506,-1.2192,0,0.495,0.12669,0.1922
1169.5,-1271.9,30.298,1.7015,-2.5981,0.013684,0.00015976,32.883,-18.851,-0.22477,6.1031,-1.1825,0,0.495,0.12669,0.18819
1464.6,-1606.6,30.298,1.9919,-2.4332,0.021909,0.00020596,41.972,-18.993,0.99923,6.0614,-3.9342,0,0.495,0.11876,0.19218
1268.8,-1389.7,30.281,1.6963,-2.7501,0.020642,0.00021297,38.632,-19.467,1.9206,7.1483,-1.767,0,0.495,0.12669,0.18419
1878.9,-2059.4,30.248,2.3091,-2.4265,0.069302,0.00047859,71.694,-19.522,4.988,10.203,-9.7581,0,0.495,0.11084,0.19217
1853.3,-2082,30.223,2.0016,-2.9782,0.13716,0.00092258,92.957,-21.231,6.6101,15.315,-14.059,0,0.495,0.11877,0.18018
1372.8,-1502.5,30.261,1.6822,-2.9066,0.035413,0.00031846,47.718,-20.107,3.3421,8.6622,-2.9688,0,0.495,0.1267,0.1802
802.23,-3101,30.014,2.7153,-2.6322,0.48988,0.0019485,207.85,-21.147,11.996,40.935,-42.23,0,0.495,0.10291,0.18815
1507.1,-2726.3,30.123,2.6618,-2.3973,0.24667,0.0012433,142.57,-20.126,8.3077,25.628,-26.071,0,0.495,0.10291,0.19216
424.29,-481.83,30.181,0.61273,-2.7905,0.0065582,8.978e-05,14.492,-15.157,-2.1715,8.1526,-3.8088,0,0.495,0.16653,0.17198
407.73,-453.57,30.18,0.47852,-2.709,0.0062997,7.4472e-05,12.061,-13.999,0.48452,7.671,-2.4885,0,0.495,0.17458,0.17198
442.87,-496.86,30.146,0.5639,-2.872,0.0066856,9.9735e-05,15.558,-15.312,-2.5914,8.4762,-3.8608,0,0.495,0.16653,0.16799
417.04,-458.38,30.143,0.43265,-2.7841,0.0063861,8.2348e-05,12.925,-14.076,-0.43739,8.2782,-2.5456,0,0.495,0.17458,0.16799
499.34,-566.38,30.209,0.80378,-2.7645,0.0067989,9.6151e-05,16.55,-16.14,-2.9481,8.0285,-3.7103,0,0.495,0.15858,0.17597
408.93,-468.13,30.215,0.65541,-2.7076,0.0064522,8.1411e-05,13.518,-14.994,-1.7322,7.7091,-3.6953,0,0.495,0.16653,0.17597
518.33,-583.81,30.177,0.75909,-2.8578,0.0069802,0.00010716,17.746,-16.385,-3.3086,8.2731,-3.6832,0,0.495,0.15858,0.17198
541.05,-603.89,30.143,0.70745,-2.9497,0.0072309,0.00012061,19.098,-16.625,-3.5094,8.3267,-3.5998,0,0.495,0.15858,0.16799
403.37,-451.76,30.213,0.51872,-2.6318,0.0062248,6.7703e-05,11.267,-13.912,1.4512,7.0237,-2.4129,0,0.495,0.17458,0.17598
427.6,-464.8,30.104,0.38144,-2.8569,0.0064888,9.2177e-05,13.907,-14.14,-1.0388,8.6515,-2.4183,0,0.495,0.17458,0.164
413.11,-440.75,30.087,0.26639,-2.7542,0.0062744,7.8856e-05,11.914,-12.933,0.07544,8.7793,-1.2511,0,0.495,0.18256,0.16404
409.94,-442.44,30.128,0.31272,-2.6834,0.0061982,7.0939e-05,11.11,-12.935,0.86373,8.2418,-1.4022,0,0.495,0.18256,0.16804
365.92,-381.69,30.019,0.10354,-2.7186,0.0062053,8.1503e-05,11.176,-11.674,0.61555,9.2902,-1.1226,0,0.495,0.19059,0.1602
418.42,-441.15,30.044,0.21529,-2.8217,0.0063663,8.9223e-05,12.862,-12.915,-0.29929,8.8414,-1.104,0,0.495,0.18256,0.16005
348.78,-368.81,30.064,0.14745,-2.6568,0.0061315,7.3967e-05,10.323,-11.752,0.97082,9.1355,-1.1375,0,0.495,0.19059,0.16419
331.47,-356.52,30.107,0.18555,-2.5926,0.0060691,6.8579e-05,9.5761,-11.812,1.2868,8.5847,-1.1607,0,0.495,0.19059,0.16819
439.05,-472.01,30.064,0.32619,-2.9276,0.0066149,0.00010508,15.055,-14.191,-1.1111,8.523,-2.2585,0,0.495,0.17458,0.16001
461.51,-512.44,30.109,0.50943,-2.9519,0.006846,0.00011229,16.767,-15.457,-2.6851,8.5194,-3.686,0,0.495,0.16653,0.164
588.66,-648.28,30.078,0.58811,-3.1292,0.0081786,0.00016103,22.586,-17.077,-2.5737,7.4764,-3.0117,0,0.495,0.15858,0.16
564.92,-625.7,30.11,0.64988,-3.0401,0.0076009,0.00013789,20.681,-16.857,-3.3078,8.0917,-3.302,0,0.495,0.15858,0.16399
479.52,-527.45,30.072,0.451,-3.0302,0.007059,0.0001288,18.18,-15.588,-2.2451,8.0946,-3.4652,0,0.495,0.16653,0.16
407.72,-444.9,30.166,0.35311,-2.6092,0.0061332,6.4584e-05,10.397,-12.923,1.819,7.5584,-1.4177,0,0.495,0.18256,0.17203
297.81,-332.02,30.183,0.2463,-2.4587,0.0059648,6.1535e-05,8.2064,-11.894,0.31497,7.4886,-1.056,0,0.495,0.19059,0.17617
314.33,-344.83,30.147,0.21803,-2.5263,0.0060144,6.4576e-05,8.8834,-11.859,1.1662,7.9654,-1.0794,0,0.495,0.19059,0.17218
407.06,-447.04,30.2,0.38735,-2.5319,0.0060758,5.9239e-05,9.7294,-12.899,2.6102,6.9251,-1.4623,0,0.495,0.18256,0.17602
737,-814.97,30.24,1.2167,-2.7836,0.008242,0.00012321,23.079,-18.044,-0.32985,7.7608,-1.56,0,0.495,0.14258,0.18018
675.5,-755.39,30.265,1.2471,-2.6698,0.0076237,0.00010929,21.24,-17.622,0.045103,7.6507,-1.8737,0,0.495,0.14257,0.18417
620.25,-689.41,30.235,1.0207,-2.7196,0.0071238,0.00010059,18.82,-16.962,-1.6542,7.9831,-3.0111,0,0.495,0.15062,0.17999
591.98,-661.31,30.264,1.0537,-2.6143,0.0069165,9.0183e-05,17.509,-16.632,-1.5046,7.9391,-3.03,0,0.495,0.15062,0.18399
647.41,-716.04,30.206,0.98093,-2.8248,0.0074334,0.00011309,20.257,-17.297,-2.096,8.063,-2.9939,0,0.495,0.15062,0.176
481.47,-550.22,30.24,0.8416,-2.6702,0.0066585,8.67e-05,15.442,-15.894,-2.7955,7.7887,-3.5151,0,0.495,0.15858,0.17996
800.96,-878.58,30.214,1.1778,-2.8994,0.0094048,0.00014268,25.362,-18.478,-0.75635,7.8775,-1.3591,0,0.495,0.14258,0.17619
462.73,-531.87,30.27,0.87429,-2.5755,0.0065436,7.8426e-05,14.376,-15.648,-3.2782,7.6701,-3.2988,0,0.495,0.15858,0.18395
613.45,-688.61,30.29,1.2713,-2.5584,0.0072912,9.9479e-05,19.681,-17.212,-0.080788,7.5989,-2.0937,0,0.495,0.14257,0.18817
755.48,-837.55,30.293,1.4682,-2.5936,0.0085729,0.00012235,24.455,-18.035,-0.74017,6.842,-1.2332,0,0.495,0.13462,0.18819
836.67,-931.31,30.273,1.4535,-2.7182,0.0099104,0.00014003,26.92,-18.553,0.45307,7.0501,-1.0473,0,0.495,0.13462,0.1842
685.65,-766.24,30.314,1.4797,-2.4767,0.0080141,0.00011038,22.614,-17.555,-2.7482,7.0512,-1.6099,0,0.495,0.13462,0.1922
553.38,-624.89,30.316,1.2925,-2.4524,0.0071225,9.2255e-05,18.362,-16.836,-0.79121,7.7544,-2.3234,0,0.495,0.14257,0.19216
924.57,-1023.4,30.252,1.4312,-2.8469,0.012769,0.00017022,30.355,-19.087,0.94951,7.3951,-0.93494,0,0.495,0.13462,0.18021
1020,-1126.9,30.23,1.3991,-2.9798,0.018573,0.00022252,35.374,-19.637,1.3542,7.8731,-1.2766,0,0.495,0.13463,0.17621
557.02,-621.88,30.293,1.0827,-2.5099,0.0067688,8.1821e-05,16.279,-16.308,-2.0017,8.0017,-2.9458,0,0.495,0.15062,0.18798
414,-482.53,30.329,0.93841,-2.3901,0.0063735,6.5865e-05,12.427,-15.169,-6.5063,7.854,-2.8373,0,0.495,0.15858,0.19194
440.25,-506.22,30.299,0.90535,-2.4816,0.0064485,7.1551e-05,13.352,-15.403,-4.6148,7.7125,-3.0311,0,0.495,0.15858,0.18795
513.49,-577.57,30.322,1.1109,-2.4092,0.0066626,7.5139e-05,15.153,-16.002,-3.1622,8.2148,-2.8678,0,0.495,0.15062,0.19197
404.3,-455.23,30.245,0.55407,-2.5524,0.0061585,6.1547e-05,10.51,-13.818,2.1724,6.6211,-2.2056,0,0.495,0.17458,0.17997
395.59,-456.35,30.246,0.69271,-2.6238,0.0063605,7.3999e-05,12.59,-14.827,-1.5722,7.3932,-3.4059,0,0.495,0.16653,0.17997
410.29,-463.59,30.274,0.58655,-2.4712,0.0061001,5.6029e-05,9.7848,-13.716,2.4649,6.5395,-2.0062,0,0.495,0.17458,0.18396
384.83,-446.03,30.276,0.72663,-2.5397,0.0062801,6.7341e-05,11.69,-14.656,-1.9213,7.2847,-3.1089,0,0.495,0.16653,0.18396
398.78,-444.1,30.263,0.44317,-2.3707,0.0059784,5.1049e-05,8.4279,-12.823,2.2021,6.7235,-1.3873,0,0.495,0.18256,0.184
382.23,-425.56,30.295,0.47034,-2.2888,0.0059397,4.8986e-05,7.8192,-12.769,0.72525,7.06,-1.3594,0,0.495,0.18256,0.188
418.94,-470.77,30.304,0.61817,-2.3883,0.0060509,5.1601e-05,9.1165,-13.609,2.4146,6.7145,-1.8266,0,0.495,0.17458,0.18795
184.45,-230.46,30.32,0.37339,-2.1964,0.0058194,5.8452e-05,5.822,-11.929,-10.522,7.6104,-1.2169,0,0.495,0.19059,0.19214
217.81,-256.39,30.286,0.33446,-2.2584,0.0058454,5.8487e-05,6.2906,-11.931,-7.537,7.6708,-1.1365,0,0.495,0.19059,0.18815
351.31,-399.47,30.327,0.50011,-2.2094,0.0059091,4.7819e-05,7.2891,-12.717,-1.2857,7.2867,-1.3067,0,0.495,0.18256,0.19199
250.58,-290.59,30.252,0.30131,-2.3238,0.0058791,5.8397e-05,6.8746,-11.93,-4.255,7.4783,-1.0607,0,0.495,0.19059,0.18416
425.77,-484.8,30.335,0.65014,-2.3053,0.0060124,4.8016e-05,8.5488,-13.506,2.1603,6.8576,-1.6595,0,0.495,0.17458,0.19194
404.92,-447.64,30.232,0.41651,-2.452,0.0060242,5.4676e-05,9.0741,-12.866,2.8451,6.6341,-1.4201,0,0.495,0.18256,0.18001
276.96,-314.67,30.218,0.27294,-2.3908,0.0059195,5.9484e-05,7.5302,-11.918,-1.4968,7.348,-1.033,0,0.495,0.19059,0.18016
378.93,-436.98,30.306,0.75999,-2.456,0.0062107,6.1655e-05,10.841,-14.483,-2.7405,7.3726,-2.8138,0,0.495,0.16653,0.18795
379.48,-444.51,30.337,0.79497,-2.3737,0.006154,5.6614e-05,10.101,-14.318,-3.5257,7.4454,-2.5983,0,0.495,0.16653,0.19194
194.27,-229.16,30.156,-0.21429,-2.1746,0.0056813,5.6248e-05,4.1037,-7.7802,4.5574,5.7474,-4.0065,0,0.495,0.2303,0.17227
206.48,-235.28,30.169,-0.28346,-2.0678,0.0056656,5.5377e-05,3.9301,-7.177,5.7871,4.9904,-3.2154,0,0.495,0.23823,0.17227
203.52,-238.56,30.121,-0.24484,-2.2202,0.005706,5.5772e-05,4.5541,-7.5426,4.2461,6.2056,-4.3878,0,0.495,0.2303,0.16827
212.27,-241.92,30.136,-0.31388,-2.1129,0.0056872,5.5295e-05,4.3271,-6.9173,4.9976,5.5253,-3.5062,0,0.495,0.23823,0.16828
193.24,-229.85,30.176,-0.099953,-2.209,0.005692,5.668e-05,4.216,-8.661,1.7438,6.0292,-3.545,0,0.495,0.22236,0.17625
193.06,-227.61,30.19,-0.18495,-2.1286,0.0056597,5.6247e-05,3.7061,-8.0004,4.2701,5.5377,-3.5942,0,0.495,0.2303,0.17626
197.46,-234.35,30.141,-0.12961,-2.2594,0.0057171,5.6708e-05,4.6642,-8.4711,2.1113,6.2506,-3.877,0,0.495,0.22236,0.17226
207.16,-243.88,30.103,-0.16113,-2.3092,0.0057457,5.6703e-05,5.1592,-8.2636,1.7746,6.7063,-4.2059,0,0.495,0.22236,0.16827
208.85,-236.62,30.2,-0.25476,-2.0218,0.0056466,5.4874e-05,3.5799,-7.4179,6.1272,4.7612,-2.8658,0,0.495,0.23823,0.17627
225.23,-256.47,30.099,-0.34817,-2.1569,0.0057118,5.4989e-05,4.7794,-6.6397,3.787,6.2427,-3.6742,0,0.495,0.23823,0.16429
196.21,-224.83,30.105,-0.42804,-2.0574,0.0057015,5.954e-05,4.6543,-6.078,0.66072,5.9153,-2.1387,0,0.495,0.24617,0.1643
184.97,-212.54,30.141,-0.39669,-2.012,0.0056797,6.0039e-05,4.2535,-6.3719,1.3196,5.1621,-2.0122,0,0.495,0.24617,0.16829
140.75,-165.81,30.064,-0.53982,-2.046,0.0056958,6.9283e-05,4.4683,-5.2331,-3.4162,6.3165,-1.1573,0,0.495,0.2541,0.16032
212,-240.5,30.066,-0.46496,-2.1012,0.0057265,5.9408e-05,5.1139,-5.7635,-0.3829,6.5844,-2.296,0,0.495,0.24617,0.16031
121.51,-146.19,30.102,-0.50521,-2.0105,0.0056737,7.3441e-05,4.0384,-5.5566,-2.9396,5.7026,-0.84311,0,0.495,0.2541,0.16431
106.61,-130.09,30.136,-0.47612,-1.9746,0.0056539,7.8342e-05,3.6567,-5.8609,-3.0136,4.9982,-0.60348,0,0.495,0.2541,0.1683
243.77,-275.38,30.059,-0.38796,-2.1998,0.0057402,5.5162e-05,5.2994,-6.3414,2.3669,6.8846,-3.828,0,0.495,0.23823,0.1603
219.18,-255.23,30.082,-0.27905,-2.265,0.0057341,5.5339e-05,5.0606,-7.2878,3.4403,6.8177,-4.6632,0,0.495,0.2303,0.16428
236.7,-273.13,30.019,-0.23778,-2.4054,0.0058149,5.8728e-05,6.3086,-7.7921,0.018012,7.7926,-4.716,0,0.495,0.22236,0.16028
220.49,-257.76,30.063,-0.1969,-2.3579,0.0057779,5.7171e-05,5.7033,-8.0384,0.99183,7.3003,-4.4444,0,0.495,0.22236,0.16427
240.07,-275.91,30.04,-0.3184,-2.309,0.0057664,5.5631e-05,5.6333,-7.0123,2.3703,7.3497,-4.9394,0,0.495,0.2303,0.16029
177.55,-204.84,30.173,-0.36914,-1.965,0.0056601,6.0394e-05,3.8934,-6.6479,1.4271,4.6007,-1.7931,0,0.495,0.24617,0.17228
83.697,-105.25,30.195,-0.42468,-1.9026,0.0056192,8.6515e-05,2.9948,-6.4188,-5.7419,4.2384,-0.053238,0,0.495,0.25411,0.17628
94.709,-117.74,30.167,-0.45034,-1.9386,0.0056358,8.2953e-05,3.3108,-6.1487,-3.8936,4.4492,-0.32294,0,0.495,0.25411,0.17229
172.46,-199,30.203,-0.34317,-1.9167,0.0056423,6.0568e-05,3.5601,-6.904,0.85797,4.393,-1.5275,0,0.495,0.24617,0.17627
198.43,-228.48,30.206,0.11235,-2.296,0.0057636,5.8274e-05,5.1072,-10.254,1.156,7.0901,-2.5972,0,0.495,0.20649,0.18022
199.06,-229.9,30.242,0.14278,-2.2443,0.0057356,5.723e-05,4.6279,-10.354,1.1751,7.2026,-2.2584,0,0.495,0.20649,0.18421
211.44,-245.7,30.206,0.017015,-2.2225,0.0057121,5.5247e-05,4.4512,-9.5144,0.64834,6.5843,-2.595,0,0.495,0.21443,0.18023
209.76,-244.23,30.241,0.050018,-2.1689,0.0056893,5.4891e-05,4.0357,-9.6432,-0.07624,6.7834,-2.2827,0,0.495,0.21443,0.18422
211.62,-246.18,30.171,-0.01391,-2.2764,0.0057392,5.5984e-05,4.9279,-9.3705,0.98392,6.5804,-2.8982,0,0.495,0.21443,0.17624
193.61,-230.11,30.211,-0.069317,-2.1583,0.0056705,5.6361e-05,3.8208,-8.8347,0.73873,6.1052,-3.2282,0,0.495,0.22236,0.18024
200.52,-230.86,30.17,0.081963,-2.3476,0.0057967,5.94e-05,5.6636,-10.143,0.77111,7.1591,-2.8695,0,0.495,0.20649,0.17623
196.25,-233.68,30.245,-0.035418,-2.1078,0.0056529,5.5702e-05,3.4837,-8.9931,-0.58286,6.344,-2.937,0,0.495,0.22236,0.18423
200.88,-231.73,30.278,0.17474,-2.1926,0.005713,5.6599e-05,4.2343,-10.44,0.91961,7.1738,-1.9517,0,0.495,0.20649,0.18821
146.57,-180.62,30.281,0.25317,-2.2615,0.0057648,6.2449e-05,4.9227,-11.165,-4.8836,7.576,-1.8879,0,0.495,0.19855,0.18819
154.95,-189.05,30.245,0.21802,-2.3119,0.0057939,6.2888e-05,5.4139,-11.116,-3.4582,7.6257,-1.9476,0,0.495,0.19855,0.1842
143.06,-183.74,30.317,0.28992,-2.2117,0.0057421,6.145e-05,4.5476,-11.216,-5.5002,7.1277,-1.8078,0,0.495,0.19855,0.19219
198.95,-231.7,30.313,0.20862,-2.1414,0.0056958,5.6499e-05,3.9276,-10.523,0.55668,6.6931,-1.6359,0,0.495,0.20649,0.19221
167.61,-199.41,30.208,0.1859,-2.3621,0.0058292,6.3778e-05,6.0053,-11.055,-1.9001,7.5537,-2.0597,0,0.495,0.19855,0.18021
184.4,-214.28,30.172,0.15558,-2.4132,0.0058694,6.4761e-05,6.6597,-10.983,-0.74289,7.6451,-2.1691,0,0.495,0.19855,0.17622
206.55,-238.67,30.276,0.086257,-2.116,0.0056709,5.5226e-05,3.6846,-9.7559,-0.89609,6.8368,-2.0515,0,0.495,0.21443,0.18822
203.29,-244.3,30.314,0.043027,-2.0068,0.0056283,5.4352e-05,2.9895,-9.2768,-1.7633,5.9125,-2.5952,0,0.495,0.22236,0.19223
200.74,-235.49,30.28,0.0025117,-2.0567,0.0056389,5.5306e-05,3.2063,-9.1356,-1.6231,6.4135,-2.7387,0,0.495,0.22236,0.18822
199.69,-234.15,30.31,0.1257,-2.0658,0.0056567,5.5721e-05,3.4017,-9.8636,-1.561,6.3819,-1.8398,0,0.495,0.21443,0.19222
217.15,-244.2,30.23,-0.2259,-1.9749,0.0056303,5.386e-05,3.2738,-7.6416,6.1032,4.9059,-2.5071,0,0.495,0.23823,0.18026
199.14,-233.64,30.223,-0.15433,-2.0822,0.0056414,5.5557e-05,3.3638,-8.2045,3.523,5.6318,-3.1996,0,0.495,0.2303,0.18025
225.17,-253.04,30.261,-0.19574,-1.9272,0.0056167,5.2867e-05,3.0095,-7.849,5.8588,5.2573,-2.1163,0,0.495,0.23823,0.18425
209.03,-245.19,30.257,-0.12092,-2.0352,0.0056264,5.4295e-05,3.0783,-8.394,2.6801,5.8471,-2.8286,0,0.495,0.2303,0.18424
150.12,-176.5,30.261,-0.28536,-1.8195,0.0056123,6.1671e-05,2.9591,-7.3631,-2.4102,5.1465,-0.92726,0,0.495,0.24617,0.18426
128.88,-153.53,30.292,-0.24962,-1.7723,0.0056007,6.4329e-05,2.701,-7.5647,-4.5299,5.5203,-0.69023,0,0.495,0.24617,0.18825
228.02,-254.38,30.293,-0.1642,-1.8783,0.0056059,5.2785e-05,2.7845,-8.0399,5.4452,5.4451,-1.813,0,0.495,0.23823,0.18824
20.908,-34.634,30.31,-0.27124,-1.7669,0.0055722,8.6662e-05,2.0615,-7.3453,-15.611,4.4659,0.70361,0,0.495,0.25411,0.19227
31.515,-43.372,30.281,-0.31764,-1.7991,0.0055805,8.8915e-05,2.2331,-7.1285,-14.307,4.9322,0.51705,0,0.495,0.25411,0.18826
112.94,-133.35,30.323,-0.20906,-1.7296,0.0055915,6.6596e-05,2.4848,-7.7586,-6.4006,5.347,-0.43242,0,0.495,0.24617,0.19225
51.477,-68.144,30.252,-0.36004,-1.8333,0.0055912,8.8558e-05,2.4512,-6.9095,-11.627,4.7967,0.37089,0,0.495,0.25411,0.18427
221.5,-252.36,30.324,-0.13149,-1.8306,0.0055974,5.3383e-05,2.5928,-8.226,4.6201,5.0918,-1.5568,0,0.495,0.23823,0.19225
164.97,-190.9,30.232,-0.31611,-1.8678,0.0056263,6.0872e-05,3.2483,-7.1425,-0.47313,4.6258,-1.2527,0,0.495,0.24617,0.18027
69.843,-88.972,30.223,-0.39554,-1.8674,0.0056043,8.8524e-05,2.7074,-6.6723,-8.4822,4.4228,0.16043,0,0.495,0.25411,0.18028
219.45,-253.77,30.29,-0.084952,-1.9862,0.0056145,5.3316e-05,2.8468,-8.5682,2.1847,5.8541,-2.5435,0,0.495,0.2303,0.18823
223.02,-263.69,30.323,-0.048491,-1.9366,0.0056053,5.2393e-05,2.6607,-8.7426,2.3288,5.2377,-2.3364,0,0.495,0.2303,0.19224
103.09,-126.7,30.233,-0.65658,-1.5057,0.0055692,6.9097e-05,2.2088,-4.5968,9.2725,2.2742,-4.9885,0,0.495,0.29428,0.17245
81.139,-101.66,30.265,-0.67907,-1.3897,0.0055681,8.3097e-05,2.1546,-4.4562,3.4706,2.7271,-2.9554,0,0.495,0.30222,0.17246
120.26,-146.88,30.21,-0.68255,-1.5237,0.0055798,6.5706e-05,2.4537,-4.2995,8.2717,2.9679,-5.1702,0,0.495,0.29428,0.16846
92.19,-114.95,30.243,-0.70725,-1.4104,0.0055772,7.8777e-05,2.3548,-4.1654,1.7883,3.5944,-2.982,0,0.495,0.30222,0.16846
115.64,-141.75,30.216,-0.60202,-1.6136,0.0055626,6.7034e-05,2.0816,-5.0768,7.6024,2.524,-4.5538,0,0.495,0.28634,0.17643
102.74,-126.02,30.252,-0.63291,-1.4877,0.0055601,6.9564e-05,2.0203,-4.8805,9.1593,1.8457,-4.646,0,0.495,0.29428,0.17644
113.32,-138.71,30.193,-0.6272,-1.6359,0.0055719,6.6626e-05,2.2752,-4.7935,8.8873,2.7003,-4.9759,0,0.495,0.28634,0.17244
127.61,-154.97,30.168,-0.65262,-1.6577,0.005583,6.3588e-05,2.5261,-4.4941,8.9646,3.1667,-5.2633,0,0.495,0.28634,0.16845
81.09,-100.14,30.283,-0.65458,-1.3687,0.00556,8.361e-05,1.993,-4.734,4.1896,2.0761,-2.8076,0,0.495,0.30222,0.17645
110.19,-135.59,30.217,-0.74263,-1.4315,0.0055872,7.2956e-05,2.5896,-3.864,-0.37212,4.3576,-2.8293,0,0.495,0.30222,0.16447
48.709,-50.456,30.226,-0.78241,-1.391,0.0055745,9.9461e-05,2.2371,-3.8113,-9.3711,4.1042,1.0055,0,0.495,0.31016,0.16448
41.853,-43.702,30.252,-0.74721,-1.3687,0.0055672,0.00010827,2.0726,-4.1044,-7.7654,3.3005,1.0508,0,0.495,0.31016,0.16847
33.957,-24.531,30.177,-0.85788,-1.436,0.005561,0.00010491,1.9655,-3.4554,-12.19,3.413,2.2441,0,0.495,0.3181,0.16049
56.465,-59.294,30.197,-0.82634,-1.4128,0.0055824,9.0856e-05,2.4184,-3.5063,-10.766,4.5676,0.87241,0,0.495,0.31016,0.16049
24.721,-14.195,30.202,-0.81453,-1.4228,0.0055547,0.00012041,1.8156,-3.7498,-11.254,3.0083,2.6589,0,0.495,0.3181,0.16449
16.723,-7.2283,30.225,-0.78021,-1.4094,0.0055487,0.0001413,1.6791,-4.034,-10.153,2.2856,2.9369,0,0.495,0.3181,0.16848
129.93,-156.28,30.188,-0.78627,-1.4531,0.0055979,6.7947e-05,2.8466,-3.5503,-2.3578,4.8173,-2.7246,0,0.495,0.30222,0.16048
149.21,-180.73,30.184,-0.71471,-1.5424,0.0055918,6.1102e-05,2.7485,-3.9904,6.5487,3.6352,-5.1484,0,0.495,0.29428,0.16446
190.19,-225.96,30.11,-0.71942,-1.7019,0.0056105,5.5298e-05,3.1864,-3.8511,6.7373,4.0585,-5.4964,0,0.495,0.28634,0.16046
155.58,-187.42,30.14,-0.68253,-1.6795,0.0055959,5.9308e-05,2.833,-4.1805,8.0868,3.6958,-5.3778,0,0.495,0.28634,0.16445
182.06,-216.77,30.155,-0.7548,-1.5623,0.0056052,5.7042e-05,3.0774,-3.6678,4.7105,4.0701,-5.1434,0,0.495,0.29428,0.16047
37.119,-39.329,30.274,-0.71995,-1.3457,0.0055602,0.00011362,1.9297,-4.3877,-6.6953,2.3766,1.2249,0,0.495,0.31016,0.17246
7.5832,5.1617,30.259,-0.73243,-1.382,0.0055373,0.00017426,1.4567,-4.5746,-10.548,0.94082,3.5246,0,0.495,0.3181,0.17646
10.822,-2.2442,30.244,-0.75417,-1.3958,0.005543,0.00016171,1.5606,-4.3096,-9.6981,1.4891,3.2742,0,0.495,0.3181,0.17247
36.435,-35.286,30.291,-0.69691,-1.3217,0.0055534,0.00011424,1.8049,-4.6586,-6.7934,1.6707,1.411,0,0.495,0.31016,0.17645
146.51,-166.97,30.207,-0.46744,-1.7797,0.0055658,6.5389e-05,2.0969,-5.9025,3.0904,4.0534,-1.0188,0,0.495,0.27021,0.18049
156.53,-177.42,30.236,-0.43216,-1.7484,0.0055582,6.3391e-05,1.9454,-6.1618,2.5811,4.4911,-0.79425,0,0.495,0.2702,0.18452
145.57,-171.85,30.212,-0.52944,-1.688,0.0055592,6.4193e-05,2.0308,-5.59,3.1564,3.5743,-2.6021,0,0.495,0.27836,0.18043
159.48,-186.66,30.238,-0.49129,-1.6572,0.0055524,6.1894e-05,1.8984,-5.8463,0.93615,4.0439,-2.2045,0,0.495,0.27835,0.18443
131.44,-157.42,30.187,-0.56029,-1.7189,0.0055675,6.6278e-05,2.1868,-5.3202,5.1028,3.2289,-2.9333,0,0.495,0.27836,0.17643
133.03,-160.68,30.238,-0.57224,-1.59,0.0055548,6.4778e-05,1.9366,-5.3453,5.282,2.7899,-4.0895,0,0.495,0.28634,0.18042
134.28,-154.71,30.18,-0.49874,-1.8111,0.005575,6.7851e-05,2.2722,-5.6314,3.5199,3.6754,-1.1878,0,0.495,0.27022,0.17646
155.93,-186.63,30.262,-0.53444,-1.5653,0.0055485,6.1297e-05,1.8251,-5.6014,2.6287,3.3046,-3.5809,0,0.495,0.28634,0.18442
157.18,-177.29,30.265,-0.39365,-1.7179,0.0055519,6.3324e-05,1.8111,-6.4098,2.3629,4.5361,-0.68055,0,0.495,0.27019,0.18854
88.263,-93.181,30.269,-0.35519,-1.8233,0.0055591,8.4139e-05,1.8346,-6.7266,-4.3453,4.2886,0.070881,0,0.495,0.26206,0.1883
90.755,-99.098,30.24,-0.39267,-1.8488,0.0055671,8.5898e-05,1.9864,-6.4878,-3.8896,4.4221,0.009984,0,0.495,0.26206,0.1843
79.041,-88.643,30.296,-0.3185,-1.7971,0.0055526,8.2135e-05,1.709,-6.9631,-4.0847,3.5078,0.11727,0,0.495,0.26207,0.19231
146.33,-164.75,30.292,-0.35412,-1.69,0.0055467,6.5493e-05,1.6888,-6.6529,2.379,3.9067,-0.63703,0,0.495,0.2702,0.19256
88.69,-99.969,30.212,-0.42745,-1.8734,0.005577,8.7931e-05,2.1701,-6.2353,-2.8905,4.1663,-0.10549,0,0.495,0.26207,0.1803
86.692,-100.59,30.185,-0.45846,-1.8983,0.0055889,8.8002e-05,2.3907,-5.9703,-1.8493,3.9558,-0.22289,0,0.495,0.26207,0.1763
168.8,-193.75,30.266,-0.44568,-1.627,0.0055467,6.0685e-05,1.7798,-6.0887,-0.78034,4.2251,-1.9999,0,0.495,0.27835,0.18843
182.32,-216.6,30.314,-0.43798,-1.5105,0.0055391,5.7368e-05,1.6349,-6.0893,0.45409,3.4804,-3.2189,0,0.495,0.28632,0.19246
177.14,-206.01,30.288,-0.48847,-1.538,0.0055434,5.8669e-05,1.7295,-5.8442,0.70789,3.682,-3.3045,0,0.495,0.28633,0.18842
166.62,-192,30.293,-0.39484,-1.5999,0.005542,6.1076e-05,1.6675,-6.3268,-1.4685,3.7947,-1.9154,0,0.495,0.27834,0.19246
92.064,-110.72,30.299,-0.62911,-1.3472,0.0055526,8.0266e-05,1.8637,-4.9997,3.8652,1.989,-2.5571,0,0.495,0.30222,0.18044
119.16,-144.11,30.271,-0.60674,-1.4688,0.0055525,6.6964e-05,1.8815,-5.1517,7.9761,1.9432,-4.1901,0,0.495,0.29428,0.18043
107.03,-126.99,30.316,-0.59891,-1.3255,0.0055462,7.5587e-05,1.7543,-5.2553,2.9056,2.4864,-2.1624,0,0.495,0.30222,0.18443
143.08,-171.88,30.291,-0.57456,-1.4486,0.0055462,6.3043e-05,1.777,-5.4136,6.2732,2.4641,-3.6289,0,0.495,0.29428,0.18442
42.515,-16.195,30.321,-0.64099,-1.2717,0.0055407,0.00010768,1.5842,-5.167,-10.761,2.1852,1.8474,0,0.495,0.31016,0.18444
38.736,1.0632,30.34,-0.59998,-1.2466,0.0055354,0.00010429,1.4841,-5.403,-13.158,3.1392,1.943,0,0.495,0.31016,0.18844
117.35,-135.7,30.335,-0.56312,-1.3032,0.0055406,7.2992e-05,1.6503,-5.4993,1.9962,3.1783,-1.9065,0,0.495,0.30222,0.18843
-7.302,84.857,30.324,-0.58656,-1.3186,0.0055194,0.00013688,1.1443,-5.5492,-21.335,2.5651,4.1131,0,0.495,0.3181,0.19249
-3.0528,71.06,30.304,-0.63631,-1.3362,0.0055226,0.00014865,1.2031,-5.3137,-19.541,2.2507,3.9263,0,0.495,0.3181,0.18845
32.712,12.256,30.361,-0.55159,-1.2245,0.005531,0.00010298,1.3909,-5.6341,-14.235,3.7084,2.021,0,0.495,0.31016,0.19248
3.3369,44.024,30.287,-0.67785,-1.3528,0.0055268,0.0001624,1.2765,-5.0768,-16.268,1.5193,3.8601,0,0.495,0.3181,0.18444
113.62,-133.88,30.357,-0.52425,-1.2833,0.0055357,7.3518e-05,1.5412,-5.7432,1.4601,3.3346,-1.7444,0,0.495,0.30222,0.19247
39.455,-28.494,30.306,-0.67242,-1.2967,0.0055468,0.00011182,1.691,-4.9182,-8.2876,1.5734,1.5936,0,0.495,0.31016,0.18044
5.7126,20.061,30.272,-0.70892,-1.3675,0.0055318,0.00017401,1.3622,-4.8298,-12.9,0.95942,3.6903,0,0.495,0.3181,0.18045
163.35,-192.22,30.313,-0.53608,-1.4253,0.0055411,6.0406e-05,1.6869,-5.6654,4.886,3.0366,-3.2358,0,0.495,0.29428,0.18842
166.54,-199.18,30.337,-0.4947,-1.4004,0.0055367,5.9775e-05,1.5946,-5.9213,4.3609,3.0608,-3,0,0.495,0.29427,0.19247
70.791,-85.346,30.332,-0.74429,-0.97185,0.005525,8.5189e-05,1.3555,-4.3225,6.5505,1.3301,-4.4352,0,0.495,0.35779,0.1725
33.628,-45.077,30.373,-0.73621,-0.88765,0.0055214,0.00013056,1.2368,-4.3975,-1.2404,2.268,-2.7049,0,0.495,0.36573,0.17251
100.41,-120.27,30.316,-0.77434,-0.97212,0.0055296,7.5583e-05,1.4854,-4.1006,3.3569,2.0819,-4.3189,0,0.495,0.35779,0.16851
47.382,-59.101,30.357,-0.7702,-0.89215,0.0055244,0.00010835,1.3204,-4.1887,-4.5101,3.1233,-2.4777,0,0.495,0.36573,0.16852
54.952,-59.734,30.306,-0.73809,-1.0885,0.0055212,8.9453e-05,1.2601,-4.4883,10.612,0.22737,-3.7061,0,0.495,0.34985,0.17649
45.529,-52.775,30.343,-0.7263,-0.97317,0.0055203,9.5878e-05,1.237,-4.538,9.4045,0.31387,-4.5934,0,0.495,0.35779,0.17649
79.109,-88.658,30.295,-0.75443,-1.0872,0.0055262,8.0731e-05,1.386,-4.2636,9.1912,1.1128,-3.6206,0,0.495,0.34985,0.1725
113.18,-129.73,30.279,-0.78069,-1.0867,0.0055318,7.1337e-05,1.5393,-4.0306,6.7384,1.8781,-3.5273,0,0.495,0.34985,0.1685
21.318,-29.155,30.385,-0.71499,-0.88406,0.0055181,0.00016416,1.1541,-4.5999,2.2914,1.0714,-2.9151,0,0.495,0.36573,0.1765
56.442,-67.41,30.337,-0.81405,-0.89745,0.0055267,9.863e-05,1.3817,-3.9761,-6.4059,3.6912,-2.0531,0,0.495,0.36573,0.16452
-12.35,21.468,30.343,-0.82034,-0.89517,0.0055164,0.00015043,1.1111,-4.1241,-13.936,3.9337,2.5795,0,0.495,0.37366,0.16453
-10.692,21.837,30.364,-0.77725,-0.88894,0.0055153,0.00016814,1.0817,-4.3249,-13.014,3.2505,2.3887,0,0.495,0.37366,0.16852
3.9612,2.0445,30.289,-0.86134,-0.9422,0.0055086,0.00014812,0.97734,-4.0412,-10.692,3.0085,3.6452,0,0.495,0.3816,0.16054
-9.504,14.896,30.32,-0.86489,-0.90002,0.0055172,0.00015235,1.1208,-3.9187,-12.804,4.0957,2.6871,0,0.495,0.37366,0.16054
-1.1604,11.494,30.31,-0.82047,-0.94441,0.0055078,0.00014868,0.96428,-4.2328,-12.191,2.9003,3.9364,0,0.495,0.3816,0.16453
-2.9899,16.157,30.329,-0.78049,-0.9452,0.0055067,0.00016781,0.93601,-4.4217,-11.663,2.1701,4.1327,0,0.495,0.3816,0.16853
56.115,-66.553,30.316,-0.86107,-0.90271,0.0055282,0.00010063,1.4038,-3.7591,-6.223,3.95,-1.703,0,0.495,0.36572,0.16053
122.37,-145.21,30.298,-0.81533,-0.97415,0.0055336,6.9943e-05,1.5944,-3.8749,1.0348,2.5737,-4.0424,0,0.495,0.35779,0.16452
157.7,-181.34,30.241,-0.86259,-1.0899,0.0055413,6.2428e-05,1.7936,-3.5492,3.5857,2.658,-3.1081,0,0.495,0.34985,0.16052
144.14,-166.18,30.261,-0.81798,-1.0877,0.005537,6.4792e-05,1.6868,-3.7925,4.5019,2.3956,-3.277,0,0.495,0.34985,0.16451
125.47,-149.04,30.278,-0.86175,-0.97724,0.0055364,6.9534e-05,1.655,-3.6449,0.53247,2.8534,-3.8417,0,0.495,0.35779,0.16053
-5.2129,16.044,30.382,-0.74313,-0.88175,0.0055138,0.00019132,1.044,-4.5223,-10.589,2.1529,2.375,0,0.495,0.37366,0.17251
1.5728,9.3605,30.354,-0.73096,-0.9444,0.005504,0.00020681,0.87723,-4.7932,-7.865,-0.40863,4.5488,0,0.495,0.3816,0.17651
-1.8144,15.464,30.344,-0.7495,-0.94521,0.0055055,0.00019615,0.90298,-4.6093,-9.7968,0.9771,4.4089,0,0.495,0.3816,0.17252
0.22828,7.4678,30.394,-0.72168,-0.87361,0.0055121,0.00020718,1.0111,-4.7138,-7.791,0.72199,2.3484,0,0.495,0.37366,0.1765
72.364,-86.285,30.265,-0.71596,-1.2944,0.0055206,8.5839e-05,1.2702,-4.69,6.7345,0.66741,-2.2476,0,0.495,0.33397,0.18047
94.008,-111.38,30.278,-0.68971,-1.2834,0.0055178,7.8446e-05,1.2379,-4.9187,5.0434,1.3128,-1.8736,0,0.495,0.33397,0.18446
62.22,-73.819,30.288,-0.73075,-1.1932,0.0055191,8.9105e-05,1.2355,-4.6774,8.0321,0.12187,-2.796,0,0.495,0.34191,0.18047
87.385,-104.33,30.297,-0.70746,-1.1853,0.0055165,8.1027e-05,1.2139,-4.8939,4.9263,0.6608,-2.2701,0,0.495,0.34191,0.18446
56.54,-65.545,30.278,-0.74659,-1.1988,0.0055227,8.994e-05,1.297,-4.4522,9.465,0.24536,-3.043,0,0.495,0.34191,0.17648
51.563,-57.742,30.315,-0.7257,-1.0891,0.0055173,9.1533e-05,1.1823,-4.7051,10.009,-0.3494,-3.5254,0,0.495,0.34985,0.18048
63.699,-76.107,30.253,-0.73648,-1.3036,0.0055242,8.9003e-05,1.3273,-4.4535,7.4531,0.48996,-2.4551,0,0.495,0.33397,0.17647
73.526,-86.081,30.322,-0.70808,-1.0874,0.0055146,8.4297e-05,1.1546,-4.9145,7.2143,-0.16619,-3.0393,0,0.495,0.34985,0.18447
115.5,-134.97,30.294,-0.65499,-1.2713,0.0055154,7.2258e-05,1.2067,-5.1407,3.3519,2.0294,-1.6883,0,0.495,0.33398,0.18846
60.51,-46.704,30.281,-0.64644,-1.3773,0.0055148,0.00012218,1.1143,-5.196,-5.2284,1.8265,0.75487,0,0.495,0.32604,0.18845
51.198,-45.131,30.264,-0.68175,-1.3861,0.0055179,0.0001367,1.1653,-4.963,-3.5603,1.4124,0.68784,0,0.495,0.32604,0.18445
61.732,-44.296,30.298,-0.60655,-1.3671,0.0055119,0.00011162,1.0584,-5.431,-6.2358,1.5914,0.86007,0,0.495,0.32604,0.1925
123.3,-143.93,30.311,-0.61388,-1.2604,0.0055129,7.0224e-05,1.1552,-5.3621,2.3977,2.1049,-1.628,0,0.495,0.33398,0.19251
41.865,-40.816,30.25,-0.70999,-1.3931,0.0055216,0.00015052,1.221,-4.7235,-1.8027,0.91641,0.50867,0,0.495,0.32604,0.18046
38.253,-40.543,30.237,-0.73296,-1.3992,0.0055259,0.00015231,1.2932,-4.4773,-0.76404,0.76607,0.37897,0,0.495,0.32604,0.17647
120.06,-139.47,30.311,-0.67122,-1.1751,0.0055147,7.1859e-05,1.2062,-5.1013,1.5354,1.6121,-1.915,0,0.495,0.34191,0.18847
144.46,-167.28,30.346,-0.63177,-1.0711,0.0055114,6.5458e-05,1.1489,-5.3179,0.96676,1.6936,-2.2406,0,0.495,0.34985,0.19252
113.78,-131.12,30.331,-0.67721,-1.0809,0.0055129,7.3046e-05,1.1558,-5.1158,3.4417,0.79604,-2.5988,0,0.495,0.34985,0.18847
138.81,-159.52,30.327,-0.62294,-1.1653,0.0055128,6.7184e-05,1.1803,-5.3064,-0.33204,2.1226,-1.7133,0,0.495,0.34192,0.19251
14.564,-19.342,30.391,-0.70443,-0.8807,0.0055149,0.00018985,1.0908,-4.7977,4.7104,-0.22121,-2.8208,0,0.495,0.36572,0.18049
34.267,-39.255,30.351,-0.71654,-0.97466,0.0055164,0.00010109,1.155,-4.7481,10.669,-0.6446,-4.462,0,0.495,0.35779,0.18048
19.166,-24.496,30.393,-0.69718,-0.8773,0.0055121,0.00017627,1.054,-4.9908,4.8787,-0.86699,-2.4729,0,0.495,0.36572,0.18448
46.606,-55.675,30.355,-0.70664,-0.97486,0.0055136,9.5604e-05,1.1187,-4.9534,9.5798,-0.90554,-4.0133,0,0.495,0.35779,0.18448
2.1255,8.0092,30.399,-0.70456,-0.85498,0.0055077,0.00020301,0.95445,-5.0851,-6.8027,-1.3284,2.7248,0,0.495,0.37366,0.18449
1.4069,25.184,30.399,-0.68957,-0.8446,0.005505,0.00018338,0.91576,-5.2631,-10.059,-0.39605,2.7489,0,0.495,0.37366,0.18849
37.937,-45.132,30.394,-0.68297,-0.87189,0.0055096,0.00013681,1.0358,-5.1778,2.7877,-0.23252,-2.1054,0,0.495,0.36573,0.18848
-23.607,84.342,30.366,-0.67236,-0.93549,0.0054955,0.00024043,0.73943,-5.5055,-18.41,0.91359,4.6195,0,0.495,0.38162,0.19254
-8.5176,44.254,30.359,-0.70326,-0.9401,0.0054976,0.00023704,0.7798,-5.3316,-13.566,-0.75504,4.5592,0,0.495,0.3816,0.18849
-5.1413,44.384,30.406,-0.65787,-0.83519,0.0055024,0.00016828,0.87464,-5.4366,-13.701,1.5124,2.7951,0,0.495,0.37367,0.19254
-0.54294,14.364,30.357,-0.71725,-0.94232,0.0055001,0.00021225,0.82411,-5.1552,-9.2006,-1.7976,4.7259,0,0.495,0.3816,0.18449
57.472,-69.923,30.4,-0.65546,-0.86716,0.0055073,0.000107,1.0153,-5.3662,-0.026498,1.0147,-1.7278,0,0.495,0.36573,0.19253
2.0505,2.8263,30.399,-0.71129,-0.86448,0.0055101,0.00021502,0.98427,-4.902,-6.0872,-0.71323,2.5305,0,0.495,0.37366,0.18049
3.2029,5.2453,30.357,-0.72259,-0.94329,0.0055023,0.00020663,0.85544,-4.9756,-7.2829,-1.5645,4.7183,0,0.495,0.3816,0.1805
81.493,-96.26,30.36,-0.68721,-0.97061,0.0055116,8.3256e-05,1.1152,-5.1533,6.6375,-0.1043,-3.4875,0,0.495,0.35779,0.18848
114.2,-136.6,30.37,-0.65379,-0.96272,0.00551,7.3158e-05,1.1114,-5.3564,3.5441,1.0092,-2.925,0,0.495,0.35779,0.19252
34.292,-35.64,30.357,-0.6575,-0.86933,0.0054945,0.00011514,0.77257,-5.2666,8.2347,-0.32804,-2.031,0,0.495,0.39747,0.1845
13.362,-11.543,30.335,-0.69247,-0.96282,0.0054951,0.00019249,0.75521,-5.1885,2.6633,-1.2493,0.58789,0,0.495,0.38953,0.18449
36.085,-35.58,30.355,-0.65468,-0.89796,0.005493,0.00011379,0.74724,-5.3971,8.5855,-0.17975,-2.1653,0,0.495,0.39748,0.18851
13.928,-7.2681,30.338,-0.68501,-0.97208,0.0054931,0.0002019,0.72354,-5.3589,0.33113,-0.60228,0.48418,0,0.495,0.38954,0.1885
16.948,-3.6687,30.344,-0.66773,-0.97928,0.0054916,0.00019215,0.70024,-5.5311,-3.408,0.16721,0.80654,0,0.495,0.38956,0.19255
49.215,-56.811,30.364,-0.6367,-0.88857,0.0054919,0.00010415,0.7389,-5.5724,6.2198,0.13547,-1.643,0,0.495,0.39749,0.19256
35.489,-39.366,30.349,-0.66749,-0.87769,0.0054965,0.00011358,0.80872,-5.0819,7.7805,-0.11722,-2.0134,0,0.495,0.39747,0.18051
19,-19.436,30.334,-0.69667,-0.95284,0.0054972,0.00018376,0.79363,-5.0157,2.9643,-1.1291,0.73556,0,0.495,0.38953,0.1805
29.368,-32.477,30.331,-0.7069,-0.94493,0.0054994,0.00016375,0.83971,-4.8413,1.4516,-0.32765,0.86338,0,0.495,0.38954,0.17651
52.776,-60.198,30.348,-0.68299,-0.85392,0.0054984,0.00010331,0.85614,-4.9502,5.1473,0.58164,-1.6689,0,0.495,0.39747,0.17653
-34053,-2073.3,22.79,4.7084,-1.0818,11.617,0.00667,1673.9,-19.343,40.489,624.57,-403.14,0,0.495,0.05514,0.20023
-25675,-367.49,20.565,4.9281,-1.5198,15.078,0.0080542,1843.7,-22.078,21.66,658.6,-483.95,0,0.495,0.05511,0.19618
-4877.4,-2206.7,19.856,4.7963,-0.72294,13.383,0.0064695,1904.9,-18.037,20.258,763.21,-450.34,0,0.495,0.047207,0.20022
19070,933.44,16.438,5.0625,-1.2336,17.246,0.0079376,2045.5,-21.792,-16.101,754.54,-538.07,0,0.495,0.047184,0.19617
12800,880.99,17.954,5.0808,-1.98,17.926,0.0093811,1888.7,-25.181,-19.889,620.57,-532.64,0,0.495,0.055081,0.19213
-27833,-6082.9,24.114,4.6277,-1.6995,10.705,0.006968,1501.1,-21.507,42.071,489.73,-392.55,0,0.495,0.063097,0.19624
-20516,-6988.9,25.92,4.3278,-1.168,6.9684,0.0053415,1223.6,-18.665,43.5,401.82,-288.63,0,0.495,0.063133,0.20031
34356,2240.9,13.623,5.1314,-1.5314,18.313,0.008717,1939,-25.095,-77.877,624.61,-538.57,0,0.495,0.047157,0.19213
34199,-1793.9,15.18,4.8607,-0.41967,15.177,0.0057931,2149.9,-16.744,-31.959,920.65,-495.88,0,0.495,0.039265,0.2002
46548,-1126.7,12.116,4.9503,-0.65271,16.364,0.006638,2074.1,-19.553,-85.033,779.66,-503.4,0,0.495,0.039252,0.19617
21008,-2794.3,6.7305,4.3668,0.53053,12.798,0.0077369,1590.8,-20.517,-225.07,320.12,-271.17,0,0.495,0.031292,0.19211
40744,-5511.8,8.5076,4.524,0.25938,13.405,0.0059234,1895.5,-16.981,-157.72,635.05,-367.38,0,0.495,0.031293,0.19616
35721,-1269.6,9.574,4.9003,-0.70547,15.871,0.0078396,1804.5,-22.765,-154.25,516.79,-441.96,0,0.495,0.03923,0.19212
40723,-7343.4,12.241,4.4504,0.34116,12.591,0.0045562,2059.7,-12.804,-83.964,865.26,-409.79,0,0.495,0.031295,0.20019
1164.7,-1248.4,30.324,1.9783,-2.1335,0.016553,0.00016195,35.142,-17.71,-5.263,7.023,-3.4497,0,0.495,0.11875,0.2003
1285.7,-1411,30.311,1.9808,-2.2658,0.016825,0.00016777,36.927,-18.31,-2.8281,5.7269,-3.3429,0,0.495,0.11876,0.19623
1419.2,-1540.4,30.283,2.2596,-2.0595,0.041934,0.00030955,53.472,-17.942,-2.9472,7.0595,-6.4712,0,0.495,0.11082,0.20029
1611.5,-1784.6,30.27,2.2785,-2.2417,0.042233,0.00032235,56.99,-18.798,0.75856,6.3361,-6.5078,0,0.495,0.11083,0.19622
954.35,-1048.9,30.328,1.7099,-2.312,0.010312,0.00012154,27.375,-17.673,-8.4269,5.95,-1.6302,0,0.495,0.12669,0.19624
884.98,-942.66,30.347,1.7247,-2.1737,0.011463,0.00012361,26.829,-17.012,-8.3,6.8129,-2.4757,0,0.495,0.12668,0.20031
1684.9,-1957.4,30.215,2.5595,-2.0214,0.090889,0.00056517,83.089,-18.413,-1.9088,11.841,-12.5,0,0.495,0.10289,0.20027
1858.9,-2326.8,30.186,2.6011,-2.1822,0.12714,0.00074804,100.42,-19.208,2.3401,14.785,-16.183,0,0.495,0.1029,0.1962
1704.6,-3575,29.973,2.9516,-2.0681,0.41851,0.0016724,200.34,-19.382,8.2308,34.409,-38.045,0,0.495,0.094971,0.19618
2565.4,-2804.5,30.043,2.87,-1.8319,0.2824,0.0013467,155.93,-18.335,1.2994,22.697,-28.065,0,0.495,0.094955,0.20025
284.88,-328.67,30.382,0.55808,-2.0627,0.0058706,5.1696e-05,6.5622,-12.556,-2.509,5.7061,-1.4401,0,0.495,0.18256,0.2
309.57,-362.63,30.359,0.53291,-2.1285,0.0058854,4.9343e-05,6.8451,-12.64,-2.4554,6.4807,-1.2848,0,0.495,0.18256,0.19599
376.08,-425.19,30.391,0.71014,-2.1292,0.005966,4.8495e-05,7.7404,-13.229,2.0682,5.2506,-1.6533,0,0.495,0.17457,0.19994
417.19,-478.46,30.365,0.68233,-2.2181,0.0059841,4.6528e-05,8.0845,-13.385,2.5649,6.1469,-1.498,0,0.495,0.17458,0.19594
163.57,-206.91,30.354,0.41576,-2.1316,0.0057999,5.9173e-05,5.4586,-11.898,-11.335,6.4399,-1.2844,0,0.495,0.19059,0.19614
174.89,-205.7,30.381,0.4506,-2.0684,0.0057866,6.0439e-05,5.219,-11.866,-7.2934,4.9267,-1.4346,0,0.495,0.19059,0.20016
384,-433.06,30.391,0.85412,-2.2157,0.0060816,5.1641e-05,9.1022,-13.955,-0.45966,5.934,-2.4811,0,0.495,0.16654,0.19993
383.59,-446.54,30.368,0.83037,-2.2877,0.0061095,5.3039e-05,9.4913,-14.133,-2.6918,6.6782,-2.4165,0,0.495,0.16654,0.19593
393.41,-449.91,30.36,0.97537,-2.2989,0.0063211,6.2522e-05,11.666,-14.924,-7.294,7.2282,-2.7054,0,0.495,0.15858,0.19593
383.34,-427.59,30.387,1.0104,-2.208,0.0062965,6.1106e-05,11.155,-14.632,-4.3223,6.2996,-2.6756,0,0.495,0.15858,0.19993
98.624,-124.5,30.371,-0.13153,-1.6503,0.0055794,7.667e-05,2.1845,-8.0611,-6.0848,3.0978,-0.31398,0,0.495,0.2462,0.20039
102.91,-128.94,30.352,-0.16563,-1.687,0.0055841,7.1283e-05,2.3034,-7.9313,-6.7084,4.1683,-0.23398,0,0.495,0.24618,0.19629
152.73,-184.02,30.374,-0.062005,-1.7308,0.0055847,6.3378e-05,2.267,-8.5711,2.4053,2.4553,-1.3526,0,0.495,0.23826,0.20039
194.21,-232.53,30.353,-0.096437,-1.781,0.0055903,5.6087e-05,2.416,-8.3957,3.8029,3.8192,-1.4122,0,0.495,0.23824,0.19628
26.92,-46.861,30.336,-0.22616,-1.7266,0.0055655,8.506e-05,1.9229,-7.5322,-14.528,3.1492,0.99646,0,0.495,0.25412,0.19631
49.293,-65.74,30.355,-0.1924,-1.6838,0.0055605,8.9561e-05,1.8186,-7.736,-9.5913,1.7942,0.67128,0,0.495,0.25414,0.20042
175.34,-215.86,30.371,0.0063377,-1.8306,0.0055923,5.8163e-05,2.3746,-9.0244,5.1618,2.5578,-2.1996,0,0.495,0.23032,0.20037
204.11,-251.72,30.352,-0.01444,-1.8796,0.0055975,5.4058e-05,2.4941,-8.8971,3.6039,3.7493,-2.141,0,0.495,0.2303,0.19627
197.99,-245.29,30.345,0.082145,-1.9498,0.0056201,5.4631e-05,2.8115,-9.3884,0.13444,4.5334,-2.4576,0,0.495,0.22237,0.19626
180.23,-216.83,30.369,0.11147,-1.8908,0.0056139,5.8314e-05,2.6713,-9.5144,2.7289,3.0441,-2.2672,0,0.495,0.22239,0.20036
23.85,-6.8854,30.399,-0.46929,-1.186,0.0055251,0.00012105,1.2348,-6.0211,-10.365,1.9898,1.62,0,0.495,0.31017,0.20066
28.507,4.2929,30.384,-0.5023,-1.2041,0.0055275,0.00010672,1.3005,-5.8529,-12.63,3.0351,1.9968,0,0.495,0.31016,0.19659
66.604,-80.412,30.391,-0.45005,-1.2448,0.0055274,9.7919e-05,1.3182,-6.2171,0.69836,1.0632,-1.4306,0,0.495,0.30222,0.20065
92.839,-113.91,30.378,-0.48497,-1.2628,0.0055312,8.0333e-05,1.4222,-5.9729,1.5187,2.2887,-1.7045,0,0.495,0.30222,0.19658
-0.1931,65.279,30.345,-0.53585,-1.2965,0.005517,0.00012759,1.0955,-5.7759,-20.017,1.9397,4.4325,0,0.495,0.3181,0.1966
10.498,21.393,30.36,-0.49762,-1.2677,0.0055152,0.00013768,1.0563,-5.9974,-13.977,0.71217,3.2549,0,0.495,0.31811,0.20067
110.01,-142.61,30.374,-0.43015,-1.339,0.0055297,7.0851e-05,1.4096,-6.3638,6.1304,1.056,-2.9409,0,0.495,0.29424,0.20065
140.88,-178.69,30.36,-0.45518,-1.3688,0.0055326,6.379e-05,1.4904,-6.1646,5.1631,2.0757,-2.8429,0,0.495,0.29425,0.19658
161.48,-202.65,30.338,-0.39012,-1.4749,0.0055351,5.8914e-05,1.5311,-6.3109,2.9605,2.3429,-3.2687,0,0.495,0.28628,0.19657
128.73,-158.73,30.355,-0.35533,-1.4381,0.0055317,6.6684e-05,1.4341,-6.5573,5.151,1.0515,-3.1268,0,0.495,0.28625,0.20065
-1.0628,24.947,30.434,-0.58132,-0.81866,0.0054994,0.00017227,0.80199,-5.7254,-11.699,2.1136,1.9312,0,0.495,0.37368,0.20073
-6.6134,41.182,30.421,-0.61291,-0.82728,0.0055005,0.00015346,0.83411,-5.6007,-13.902,2.4988,2.5128,0,0.495,0.37368,0.19665
49.643,-56.507,30.422,-0.57939,-0.85727,0.005503,0.00013264,0.9105,-5.7365,-1.8793,0.88082,-1.4543,0,0.495,0.36574,0.20072
62.665,-75.362,30.412,-0.61725,-0.86004,0.0055051,0.00010243,0.96949,-5.5423,-1.3724,1.3285,-1.7602,0,0.495,0.36573,0.19665
-23.566,87.188,30.38,-0.62703,-0.92678,0.0054942,0.00019515,0.71671,-5.6768,-19.646,1.7976,4.7449,0,0.495,0.38165,0.19667
-6.2805,44.209,30.395,-0.58707,-0.90792,0.0054936,0.0001873,0.70467,-5.8401,-14.735,1.0539,3.4973,0,0.495,0.38166,0.20075
94.392,-118.04,30.396,-0.5791,-0.93358,0.0055064,7.8167e-05,1.0263,-5.7243,3.3604,0.86683,-2.7903,0,0.495,0.3578,0.20071
114.74,-141.14,30.385,-0.61142,-0.94833,0.0055081,7.19e-05,1.0747,-5.555,2.7377,1.2836,-2.6976,0,0.495,0.3578,0.19664
133.53,-159.87,30.363,-0.58117,-1.0558,0.0055094,6.6593e-05,1.1046,-5.5118,2.5863,1.5467,-2.2807,0,0.495,0.34986,0.19663
100.64,-120.68,30.376,-0.54381,-1.0393,0.0055072,7.637e-05,1.0385,-5.7228,4.7007,0.54741,-2.5857,0,0.495,0.34986,0.20071
57.957,-66.96,30.404,-0.56405,-0.71337,0.005489,0.00010489,0.69695,-6.0235,3.8682,0.32671,-1.0777,0,0.495,0.41338,0.20089
48.238,-57,30.419,-0.50716,-0.70028,0.005487,0.00010515,0.65417,-6.2712,4.5507,0.22033,-1.6741,0,0.495,0.41337,0.20896
22.105,-28.471,30.426,-0.58497,-0.57832,0.0054858,0.00020065,0.61022,-6.1731,-0.28284,0.63993,0.27663,0,0.495,0.42931,0.20098
24.815,-31.115,30.447,-0.52327,-0.56911,0.0054844,0.00014693,0.58717,-6.3808,-3.8628,1.4392,0.0010764,0,0.495,0.42926,0.20899
4.3012,-2.9178,30.434,-0.50375,-0.57702,0.005481,0.00023038,0.52422,-6.4304,-7.2385,1.1902,1.4416,0,0.495,0.44184,0.20897
4.5627,-6.1904,30.413,-0.5592,-0.5712,0.0054818,0.00027998,0.53388,-6.2576,-4.0294,0.73999,1.4994,0,0.495,0.44184,0.20089
48.238,-57,30.419,-0.50716,0.70028,0.005487,0.00010515,0.65417,-6.2712,4.5507,0.22033,1.6741,0,0.495,0.41337,-0.20896
57.957,-66.96,30.404,-0.56405,0.71337,0.005489,0.00010489,0.69695,-6.0235,3.8682,0.32671,1.0777,0,0.495,0.41338,-0.20089
24.815,-31.115,30.447,-0.52327,0.56911,0.0054844,0.00014693,0.58717,-6.3808,-3.8628,1.4392,-0.0010764,0,0.495,0.42926,-0.20899
22.105,-28.471,30.426,-0.58497,0.57832,0.0054858,0.00020065,0.61022,-6.1731,-0.28284,0.63993,-0.27663,0,0.495,0.42931,-0.20098
4.5627,-6.1904,30.413,-0.5592,0.5712,0.0054818,0.00027998,0.53388,-6.2576,-4.0294,0.73999,-1.4994,0,0.495,0.44184,-0.20089
4.3012,-2.9178,30.434,-0.50375,0.57702,0.005481,0.00023038,0.52422,-6.4304,-7.2385,1.1902,-1.4416,0,0.495,0.44184,-0.20897
20.888,-39.994,30.001,-1.0406,0.036537,0.0055717,0.0001236,2.0108,-0.99928,0.21197,0.75656,6.0813,0,0.495,0.42986,-0.0079837
20.158,-39.136,30.008,-1.0354,0.07102,0.0055697,0.00012421,1.9824,-1.0437,-0.42739,0.45912,6.0899,0,0.495,0.42986,-0.015963
32.149,-49.772,29.864,-1.1167,0.044592,0.0056408,0.00012976,3.2281,0.11136,0.10648,1.0248,4.723,0,0.495,0.41389,-0.0079841
31.458,-49.055,29.872,-1.1102,0.08844,0.0056351,0.00012888,3.1427,0.056084,-0.073542,0.71383,4.5944,0,0.495,0.41389,-0.015963
19.227,-33.018,30.09,-0.97897,-0.030778,0.0055433,0.00014365,1.5084,-1.6625,0.25837,0.71816,-4.2479,0,0.495,0.44184,0
19.378,-33.17,30.096,-0.98374,0.034013,0.0055434,0.00014177,1.5147,-1.6707,0.1836,0.79568,4.1795,0,0.495,0.44184,-0.0079837
22.267,-41.206,29.994,-1.0377,-0.025206,0.0055715,0.00012156,2.0021,-0.98561,-0.091494,0.84352,-6.2042,0,0.495,0.42985,0
20.225,-33.597,30.104,-0.97895,0.068591,0.0055421,0.00013804,1.4975,-1.7049,-0.96301,0.43527,4.2602,0,0.495,0.44184,-0.015963
32.494,-50.294,29.854,-1.1158,-0.01777,0.0056422,0.00012933,3.2414,0.12791,-0.0051948,1.1983,-4.863,0,0.495,0.41387,0
21.654,-37.945,30.012,-1.0236,0.10637,0.005565,0.00012402,1.8952,-1.1175,0.92441,0.83017,5.9316,0,0.495,0.42986,-0.023945
33.525,-47.815,29.88,-1.1,0.13158,0.0056254,0.00012496,2.9772,-0.034234,1.6747,1.4663,4.4214,0,0.495,0.41387,-0.023945
23.736,-37.439,30.026,-1.0364,0.14268,0.0055582,0.00012534,1.7823,-1.2194,2.7361,1.6181,5.3873,0,0.495,0.42985,-0.031932
21.78,-31.758,30.114,-0.9764,0.13811,0.0055348,0.00014438,1.3714,-1.8651,1.8906,0.99612,3.7086,0,0.495,0.44184,-0.031933
20.235,-32.195,30.106,-0.96566,0.10435,0.0055394,0.00014152,1.4462,-1.7731,-0.037222,0.29922,4.1428,0,0.495,0.44184,-0.023945
33.999,-45.554,29.903,-1.114,0.17707,0.0056121,0.00012335,2.7558,-0.15775,3.1667,2.4598,3.9834,0,0.495,0.41383,-0.031928
23.396,-37.909,30.045,-1.0473,0.17926,0.005553,0.000128,1.71,-1.3433,0.77741,1.3887,5.0331,0,0.495,0.42983,-0.039948
22.045,-37.376,30.057,-1.0249,0.21029,0.0055487,0.00012924,1.6369,-1.4938,-0.57422,1.0884,4.9899,0,0.495,0.42982,-0.048002
33.395,-46.55,29.928,-1.1193,0.21916,0.0056012,0.00012322,2.5893,-0.30929,1.257,1.9313,3.6183,0,0.495,0.41377,-0.039917
34.621,-47.984,29.945,-1.0959,0.2591,0.0055915,0.0001216,2.4305,-0.49254,0.87604,1.6115,3.3298,0,0.495,0.41374,-0.047918
22.076,-31.837,30.128,-0.99099,0.17314,0.005531,0.0001438,1.3193,-1.9702,0.060995,1.2604,3.4537,0,0.495,0.44184,-0.039953
20.867,-30.795,30.141,-0.97002,0.20502,0.0055282,0.00014335,1.2731,-2.0989,-2.1768,0.90974,3.5039,0,0.495,0.44184,-0.048022
23.497,-35.004,30.072,-1.0102,0.24487,0.0055418,0.00012955,1.5091,-1.67,1.7747,1.6992,4.625,0,0.495,0.42982,-0.056021
34.846,-43.011,29.968,-1.0857,0.30107,0.0055779,0.00012215,2.1819,-0.70802,3.3678,2.5147,2.8956,0,0.495,0.41374,-0.055929
23.454,-32.916,30.096,-1.0219,0.28142,0.0055349,0.00013439,1.3929,-1.8676,2.804,2.1138,4.0021,0,0.495,0.42983,-0.064019
22.665,-29.461,30.166,-0.96039,0.27514,0.0055191,0.00015071,1.1168,-2.4306,1.5541,1.4255,2.684,0,0.495,0.44184,-0.064035
22.169,-30.279,30.151,-0.94947,0.24011,0.005524,0.00014519,1.1972,-2.256,-0.23469,0.94524,3.2318,0,0.495,0.44184,-0.056044
32.863,-39.456,30.001,-1.0935,0.34313,0.0055656,0.00012599,1.9673,-0.94756,3.6975,2.8699,2.4181,0,0.495,0.41379,-0.063956
22.319,-33.58,30.119,-1.0198,0.3135,0.0055303,0.00013864,1.3271,-2.0795,0.20536,1.6759,3.6811,0,0.495,0.42984,-0.072011
20.945,-32.059,30.137,-0.98904,0.33954,0.005526,0.00014139,1.2491,-2.3082,-0.75076,1.3739,3.6082,0,0.495,0.42985,-0.079998
33.966,-43.972,30.031,-1.0816,0.37804,0.0055575,0.00012543,1.8444,-1.2039,1.4969,2.1879,2.0748,0,0.495,0.41382,-0.071969
35.375,-43.993,30.055,-1.0481,0.41001,0.0055496,0.00012551,1.7058,-1.4784,1.7391,1.9898,1.7614,0,0.495,0.41385,-0.079973
20.772,-27.432,30.185,-0.9662,0.30777,0.0055154,0.00015524,1.0629,-2.6123,-0.84316,1.55,2.4116,0,0.495,0.44184,-0.072021
18.722,-24.957,30.203,-0.93809,0.33546,0.0055125,0.00015737,1.0136,-2.8107,-2.7979,1.2089,2.4465,0,0.495,0.44184,-0.080004
20.203,-28.202,30.156,-0.96996,0.36782,0.0055202,0.00014707,1.1368,-2.5512,1.224,1.6939,3.2404,0,0.495,0.42986,-0.087986
32.732,-35.601,30.083,-1.0315,0.44286,0.0055403,0.00013226,1.5239,-1.77,4.0903,2.5676,1.3753,0,0.495,0.41388,-0.087979
20.751,-27.546,30.179,-0.96988,0.39771,0.0055155,0.00015182,1.0647,-2.8042,1.2503,1.994,2.5866,0,0.495,0.42986,-0.095971
18.191,-22.984,30.231,-0.91499,0.39627,0.0055051,0.00017292,0.88552,-3.2523,-0.2844,1.1654,1.6689,0,0.495,0.44184,-0.095972
18.571,-23.914,30.217,-0.91423,0.3658,0.0055087,0.00016356,0.94352,-3.0269,-1.1675,0.95342,2.2163,0,0.495,0.44184,-0.087988
33.425,-35.874,30.116,-1.0277,0.47491,0.0055334,0.00013211,1.411,-2.0711,4.006,2.7488,1.0197,0,0.495,0.4139,-0.095976
22.743,-30.176,30.204,-0.95062,0.42274,0.0055128,0.0001504,1.0364,-3.0638,-1.539,1.9194,2.1758,0,0.495,0.42987,-0.10395
23.053,-29.162,30.227,-0.90635,0.44321,0.0055099,0.00015376,0.98454,-3.3306,-1.8743,1.7065,1.9931,0,0.495,0.42987,-0.11194
41.011,-47.49,30.148,-1.0037,0.50214,0.0055291,0.00012135,1.3621,-2.3791,2.1918,2.2806,0.88366,0,0.495,0.4139,-0.10396
45.563,-51.265,30.174,-0.96476,0.53141,0.0055242,0.00011586,1.2789,-2.6951,2.8743,1.8478,0.95515,0,0.495,0.4139,-0.11195
16.041,-19.785,30.249,-0.90552,0.42339,0.0055025,0.0001791,0.85174,-3.48,-2.8567,1.3778,1.2903,0,0.495,0.44184,-0.10395
13.092,-15.411,30.267,-0.86612,0.4443,0.0055004,0.00018876,0.81472,-3.7154,-4.3604,1.0255,1.0914,0,0.495,0.44184,-0.11194
21.284,-25.396,30.248,-0.87769,0.46686,0.0055059,0.00016595,0.9046,-3.6023,0.53781,1.6135,1.6361,0,0.495,0.42987,-0.11992
42.662,-45.727,30.199,-0.94261,0.56563,0.0055182,0.0001192,1.1619,-3.0178,4.7816,1.8193,1.0805,0,0.495,0.4139,-0.11996
24.916,-28.799,30.269,-0.86586,0.49263,0.0055033,0.00016364,0.87199,-3.8754,0.44098,2.0103,0.87646,0,0.495,0.42987,-0.12792
13.171,-14.509,30.286,-0.82006,0.48913,0.0054955,0.00022494,0.73078,-4.204,-2.1585,0.4792,-0.10951,0,0.495,0.44184,-0.12791
11.849,-13.524,30.279,-0.83332,0.46661,0.0054977,0.00021258,0.76181,-3.9586,-2.7526,0.29099,0.70504,0,0.495,0.44184,-0.11992
47.541,-53.528,30.226,-0.92535,0.59779,0.0055141,0.00011332,1.1046,-3.3414,3.6501,2.1191,1.1069,0,0.495,0.41387,-0.12803
31.056,-36.023,30.297,-0.83016,0.5144,0.0055021,0.00014701,0.87361,-4.1486,-2.125,2.7757,0.38891,0,0.495,0.42985,-0.13594
28.826,-33.354,30.331,-0.77463,0.52933,0.0055,0.00015267,0.83251,-4.4232,-1.8188,2.612,0.55868,0,0.495,0.42983,-0.144
57.981,-68.57,30.256,-0.87952,0.6226,0.0055115,0.00010227,1.0821,-3.6665,1.3542,2.3564,1.2724,0,0.495,0.4138,-0.13619
54.31,-63.617,30.287,-0.82228,0.64496,0.0055076,0.00010492,1.004,-3.9923,2.4201,2.0985,1.6482,0,0.495,0.41371,-0.1444
13.312,-14.849,30.302,-0.79379,0.5097,0.0054941,0.00020432,0.72171,-4.4447,-4.2053,2.0359,-0.79589,0,0.495,0.44184,-0.1359
10.371,-12.075,30.333,-0.74475,0.5229,0.0054927,0.00020388,0.69542,-4.6881,-4.816,2.4428,-0.86867,0,0.495,0.44184,-0.14391
21.242,-24.288,30.357,-0.73903,0.54543,0.0054964,0.000192,0.75573,-4.6953,1.0293,1.503,0.55028,0,0.495,0.42977,-0.15212
42.023,-47.854,30.313,-0.78831,0.66945,0.0055027,0.00011632,0.9002,-4.3146,4.7953,1.6219,1.7186,0,0.495,0.41364,-0.15256
22.441,-25.761,30.373,-0.7236,0.56201,0.0054939,0.00020025,0.72192,-4.9612,1.118,1.1717,0.056971,0,0.495,0.42966,-0.16036
8.4244,-9.3133,30.364,-0.69397,0.54992,0.0054882,0.00030715,0.61436,-5.1703,-1.5501,0.51787,-1.4089,0,0.495,0.44184,-0.16004
7.8052,-8.8684,30.356,-0.70658,0.53637,0.0054903,0.00027528,0.64499,-4.931,-2.4828,0.99535,-0.94739,0,0.495,0.44184,-0.15195
44.807,-51.937,30.336,-0.76346,0.68964,0.0054997,0.00011402,0.85866,-4.6254,4.0792,1.4703,1.3985,0,0.495,0.41356,-0.16074
29.199,-34.342,30.393,-0.68527,0.5715,0.005493,0.00016477,0.72827,-5.2189,-1.3635,1.6239,-0.18414,0,0.495,0.42957,-0.16856
23.634,-27.777,30.416,-0.62854,0.57513,0.0054915,0.00018106,0.69946,-5.4708,-0.60852,1.0312,0.10272,0,0.495,0.42951,-0.17676
55.297,-66.136,30.359,-0.71467,0.69988,0.0054982,0.00010373,0.85217,-4.9294,2.1398,1.3817,1.2542,0,0.495,0.41346,-0.16879
47.653,-56.621,30.38,-0.65712,0.70618,0.0054958,0.00011186,0.80273,-5.2266,3.3902,0.64641,1.494,0,0.495,0.41341,-0.17677
9.3608,-11.079,30.379,-0.66797,0.55908,0.0054871,0.00025029,0.61189,-5.3993,-3.6973,1.5558,-1.7521,0,0.495,0.44184,-0.16812
6.0296,-7.4266,30.404,-0.61926,0.56181,0.0054861,0.00025438,0.59591,-5.625,-4.2276,1.4425,-1.6079,0,0.495,0.44184,-0.17629
8.8262,-11.037,30.426,-0.60048,0.57742,0.0054889,0.00027457,0.63531,-5.7156,3.1691,-0.60645,0.28758,0,0.495,0.42944,-0.18488
31.443,-36.62,30.39,-0.62534,0.71494,0.0054925,0.00013035,0.72999,-5.5142,6.117,-0.34045,1.627,0,0.495,0.41339,-0.18473
7.4465,-10.442,30.422,-0.6003,0.58114,0.0054868,0.00029813,0.60433,-5.9492,3.9605,-0.97548,-0.049888,0,0.495,0.42937,-0.19295
1.1494,-0.80186,30.41,-0.57587,0.56517,0.0054827,0.00044068,0.53291,-6.0544,-0.86058,-1.0046,-1.4954,0,0.495,0.44184,-0.19277
1.25,-0.48374,30.416,-0.58483,0.56118,0.0054844,0.00041034,0.55618,-5.8428,-1.9162,-0.45072,-1.398,0,0.495,0.44184,-0.18454
37.089,-43.735,30.394,-0.6048,0.71943,0.0054903,0.00012626,0.7011,-5.7817,6.0057,-0.36305,1.3048,0,0.495,0.41338,-0.19278
54032,-65456,10.839,-5.0895,-2.1195,20.858,0.012281,1191.9,47.413,-115.87,-24.216,23.887,0,0.495,0.015712,-0.007981
32993,-48362,11.164,-7.2055,-1.7399,19.956,0.013433,1000.3,32.156,-140.09,-32.131,25.563,0,0.495,0.023633,-0.007981
43734,-56003,10.699,-4.7797,-3.1112,20.919,0.013005,1181.9,44.238,-151.45,-30.169,20.228,0,0.495,0.015712,-0.011971
23653,-39180,10.991,-6.779,-2.5513,20.23,0.014405,989.62,29.342,-184.27,-40.978,23.137,0,0.495,0.023633,-0.011971
7848.2,-11887,11.034,-7.8028,-2.5778,19.661,0.018613,904.35,11.578,-243.5,-56.294,17.442,0,0.495,0.031551,-0.015962
17687,-29177,10.786,-6.2947,-3.3036,20.425,0.015725,973.84,25.537,-215.84,-45.2,19.562,0,0.495,0.023633,-0.015962
11248,-20609,11.272,-8.4098,-2.0001,19.31,0.016852,918.39,14.801,-209.49,-51.082,19.319,0,0.495,0.031551,-0.011971
15937,-29004,11.475,-8.94,-1.369,18.852,0.015591,926.14,17.214,-159.11,-40.086,20.241,0,0.495,0.031551,-0.007981
36037,-45282,10.534,-4.4345,-4.0342,20.908,0.014006,1168.7,39.887,-178.03,-32.815,15.283,0,0.495,0.015712,-0.015962
1742.8,-1.3524e+05,10.724,-2.962,-2.4862,17.192,0.0067577,2750,64.38,91.929,-15.393,-1222.7,0,0.495,0.0077878,-0.007981
60185,-1.4506e+05,10.791,-3.1253,-1.2973,17.239,0.0065299,2758.8,66.151,40.529,-10.299,-1216,0,0.495,0.0077879,-0.0039907
65470,-73185,10.934,-5.3278,-1.0868,20.778,0.011768,1198.4,49.063,-67.605,-15.152,27.728,0,0.495,0.015713,-0.0039907
-71188,-2.1432e+05,10.889,-2.1757,0.79561,13.389,0.0015919,4185,75.602,75.768,-14.207,2435.6,0,0.495,0,0
4350.1,-1.4882e+05,10.818,-3.1976,0.70895,17.26,0.006426,2762.7,66.55,18.427,-17.513,1215,0,0.495,0.0077895,0
43317,-2.1039e+05,10.868,-2.1143,-1.407,13.353,0.0015858,4179.7,75.228,142.87,-5.1127,-2438,0,0.495,0,-0.0039907
-66500,-1.9873e+05,10.816,-1.9853,-2.6615,13.277,0.0015693,4168,73.394,286.02,-6.9929,-2448,0,0.495,0,-0.007981
67902,-76534,10.97,-5.4239,0.56571,20.742,0.011556,1200.9,49.501,-39.861,-18.519,-26.959,0,0.495,0.015714,0
-16569,-1.259e+05,10.618,-2.7696,-3.6483,17.119,0.0070653,2739,60.809,150.64,-18.443,-1231.8,0,0.495,0.0077878,-0.011971
-10932,-1.1317e+05,10.496,-2.5651,-4.731,17.001,0.0075001,2725.7,55.888,208.6,-19.281,-1242.8,0,0.495,0.0077877,-0.015962
-71791,-1.7511e+05,10.627,-1.7082,-5.0659,13.082,0.0015128,4137.3,64.378,573.71,-5.9712,-2480.2,0,0.495,0,-0.015962
-93506,-1.8956e+05,10.728,-1.8473,-3.9058,13.188,0.0015433,4154,69.605,434.08,-7.398,-2462.8,0,0.495,0,-0.011971
44786,-55701,11.282,-7.5189,-0.89009,19.697,0.012791,1005.9,33.705,-78.692,-18.904,29.034,0,0.495,0.023633,-0.0039907
29708,-38261,11.669,-9.463,0.3591,18.255,0.014554,928.58,19.038,-47.506,-19.022,-21.313,0,0.495,0.031553,0
24116,-35664,11.616,-9.3207,-0.70045,18.431,0.014818,928.46,18.586,-88.349,-23.213,23.313,0,0.495,0.031551,-0.0039907
48165,-58668,11.328,-7.6393,0.45871,19.587,0.01255,1007.6,34.175,-43.148,-18.393,-27.614,0,0.495,0.023635,0
-983.14,1124.6,13.944,-13.318,0.028257,17.359,0.018544,935.88,-22.696,-242.7,-82.408,32.105,0,0.495,0.079184,-0.007981
-1020.1,359.98,14.43,-13.428,0.14273,17.106,0.017984,950.91,-22.399,-255.84,-92.394,34.74,0,0.495,0.087109,-0.007981
-4451.9,4237,13.593,-12.292,0.098117,19.181,0.020442,938.46,-23.814,-290.58,-81.326,33.957,0,0.495,0.079184,-0.011971
-3613.3,2703.8,14.047,-12.335,0.26684,19.137,0.020051,954.57,-23.393,-300.67,-85.411,35.929,0,0.495,0.087109,-0.011971
-3372.1,2318.6,14.195,-11.093,0.58196,20.435,0.021294,959.93,-23.039,-316.6,-59.497,38.748,0,0.495,0.095032,-0.015962
-5346.8,4342.4,13.745,-11.177,0.41894,20.554,0.021758,944.92,-24.549,-310.67,-60.997,39.325,0,0.495,0.087109,-0.015962
-2429.9,1106.2,14.507,-12.301,0.3942,18.896,0.01951,968.73,-21.988,-309.76,-92.304,36.327,0,0.495,0.095032,-0.011971
-548.78,-677.67,14.933,-13.452,0.23037,16.68,0.017297,964,-21.064,-267.62,-104.99,36.019,0,0.495,0.095032,-0.007981
-7162.8,6518.3,13.295,-11.192,0.20006,20.47,0.022059,928.24,-25.144,-304.63,-65.143,37.806,0,0.495,0.079184,-0.015962
-675.71,1338.6,13.475,-13.089,-0.11717,17.475,0.018991,920.04,-21.487,-228.15,-73.517,31.4,0,0.495,0.071234,-0.007981
1748.1,-2135.2,13.746,-13.799,-0.07511,15.909,0.017502,908.8,-20.622,-132.92,-47.361,35.262,0,0.495,0.071234,-0.0039908
1378.6,-1719.9,14.254,-14.099,-0.0028637,15.521,0.016833,921.8,-21.904,-143.8,-55.101,36.475,0,0.495,0.079184,-0.0039908
2312.8,-5679.3,13.355,-13.585,0.086552,15.662,0.017582,890.92,-17.076,-66.232,-24.635,-28.369,0,0.495,0.063237,0
2750.3,-3858.2,13.855,-14.07,0.04321,15.228,0.016891,901.7,-20.223,-72.813,-27.881,-32.041,0,0.495,0.07123,0
1844.1,-3803.3,13.261,-13.344,-0.16245,16.216,0.01809,896.34,-17.487,-122.08,-41.09,31.477,0,0.495,0.063231,-0.0039909
160.95,283.72,13.025,-12.705,-0.29329,17.511,0.019348,904.96,-18.434,-212.77,-66.204,27.935,0,0.495,0.06323,-0.007981
2895.5,-3273.1,14.384,-14.401,0.0075219,14.707,0.016115,912.76,-21.511,-79.655,-32.419,-33.149,0,0.495,0.079185,0
-4985.5,5254.9,13.153,-12.139,-0.1187,19.068,0.020692,921.6,-22.772,-278.62,-77.415,33.377,0,0.495,0.071234,-0.011971
-8042.9,8979.4,12.429,-10.879,-0.43473,19.848,0.022179,895.09,-21.73,-288.25,-71.204,32.402,0,0.495,0.06323,-0.015962
-4147.1,5022.7,12.727,-11.837,-0.38343,18.857,0.020828,905.48,-19.9,-264.89,-74.181,29.711,0,0.495,0.06323,-0.011971
-8603.5,8298.5,12.853,-11.106,-0.084046,20.216,0.022191,911.2,-24.333,-297.34,-68.34,36.835,0,0.495,0.071234,-0.015962
1146.1,-1833.8,14.789,-14.276,0.054433,15.006,0.016062,933.8,-21.658,-154.26,-64.031,39.826,0,0.495,0.087109,-0.0039908
2586.5,-3619.8,15.529,-14.72,-0.042828,13.263,0.014261,930.16,-19.935,-92.938,-44.629,-38.329,0,0.495,0.095034,0
953.6,-2383.9,15.347,-14.359,0.098766,14.339,0.015183,943.71,-20.342,-163.87,-74.746,41.728,0,0.495,0.095032,-0.0039908
2896.7,-3205.9,14.942,-14.608,-0.020818,14.058,0.01524,922.61,-21.265,-86.494,-37.838,-36.455,0,0.495,0.087111,0
-1669.3,-4137.9,18.55,-12.635,0.57193,10.79,0.011113,969.29,-4.4175,-279.72,-194.26,56.301,0,0.495,0.14258,-0.007981
-1941.6,-4845.1,19.283,-12.352,0.64129,9.4622,0.0098778,955.91,-0.94368,-265.53,-195.76,60.822,0,0.495,0.15056,-0.0079811
-2751.6,-2407.1,17.771,-11.447,0.8477,13.395,0.013683,978.68,-5.7442,-315.65,-177.21,59.704,0,0.495,0.14258,-0.011971
-3262.8,-2708.2,18.489,-11.226,0.93646,11.965,0.012368,966.88,-2.3515,-302.28,-185.19,67.862,0,0.495,0.15056,-0.011971
-4643.9,-1472,18.603,-9.8393,1.3267,12.388,0.013019,951.12,-0.37007,-298.03,-152.8,80.143,0,0.495,0.15857,-0.015962
-4009.7,-1121.4,17.822,-10.033,1.214,13.929,0.014438,964.45,-3.8468,-313.76,-144.12,69.496,0,0.495,0.15056,-0.015962
-3605.7,-3408.6,19.283,-10.957,1.0331,10.46,0.010987,951.17,1.2612,-283.6,-184.77,74.224,0,0.495,0.15857,-0.011971
-2000.4,-5955.8,20.056,-12,0.71436,8.1261,0.0086387,938.34,2.7744,-245.97,-188.3,62.799,0,0.495,0.15857,-0.0079812
-3245.2,-1125.6,17.148,-10.199,1.1136,15.358,0.015754,974.74,-7.1276,-324.26,-128.47,58.411,0,0.495,0.14258,-0.015962
-1263.2,-3610.5,17.856,-12.868,0.51098,12.071,0.012318,978.61,-7.7361,-288.48,-185.6,52.698,0,0.495,0.13465,-0.007981
-3.563,-5174.2,18.59,-13.883,0.25187,9.1776,0.0096838,944.27,-6.7265,-184.55,-134.71,54.084,0,0.495,0.13465,-0.003991
-146,-5978.8,19.308,-13.614,0.28723,8.0076,0.0085394,933.74,-3.3184,-178.78,-139.07,54.039,0,0.495,0.14259,-0.0039911
2110,-6011.4,18.199,-14.514,-0.10595,8.9511,0.0096433,928,-9.3918,-109.27,-76.793,-47.016,0,0.495,0.12673,0
1919.1,-6751.2,18.923,-14.307,-0.12375,7.7878,0.0084683,919.28,-6.1569,-108.67,-82.149,-47.695,0,0.495,0.13465,0
290.24,-4605.8,17.888,-14.086,0.22,10.353,0.010851,951.39,-9.9306,-186.27,-125.65,52.164,0,0.495,0.12673,-0.0039909
-864.7,-3262,17.202,-13.057,0.45593,13.269,0.013475,983.67,-10.862,-292.05,-171.52,48.256,0,0.495,0.12672,-0.007981
1924.2,-7726.1,19.65,-14.024,-0.14364,6.6842,0.007357,908.11,-2.7192,-105.35,-84.287,-46.175,0,0.495,0.14259,0
-2160,-2176.3,17.118,-11.639,0.77028,14.722,0.014915,986.9,-8.9351,-324,-163.72,53.127,0,0.495,0.13465,-0.011971
-1468.1,-1140.4,16.033,-10.51,0.94909,17.807,0.018064,985.85,-13.104,-332.09,-91.961,44.052,0,0.495,0.12672,-0.015962
-1681.3,-2037,16.525,-11.808,0.70076,15.915,0.016055,991.26,-11.956,-327.75,-147.12,47.119,0,0.495,0.12672,-0.011971
-2225.8,-1118.7,16.558,-10.356,1.0264,16.661,0.016964,982.09,-10.192,-330.14,-110.06,50.133,0,0.495,0.13465,-0.015962
-291.24,-7002.8,20.035,-13.274,0.32722,6.8838,0.007445,920.32,0.19921,-168.8,-137.67,54.644,0,0.495,0.15056,-0.0039918
2448,-10376,21.078,-13.194,-0.18945,4.799,0.0054425,881.25,4.5782,-90.49,-76.462,-41.682,0,0.495,0.15856,0
56.534,-8378.5,20.767,-12.844,0.36848,5.8375,0.0064261,904.22,3.9689,-154.81,-129.61,52.565,0,0.495,0.15857,-0.0039922
1811.8,-8893.8,20.37,-13.659,-0.16621,5.6799,0.0063404,895.3,0.80634,-99.242,-82.613,-45.218,0,0.495,0.15056,0
6769.1,-14928,24.553,-8.2379,1.0206,2.2207,0.0028252,784.08,23.109,-82.001,-28.666,46.937,0,0.495,0.20646,-0.0079814
11781,-13939,25.124,-7.4609,0.9768,1.7587,0.0023356,751.33,24.287,-60.929,-6.4557,39.531,0,0.495,0.21439,-0.0079814
2582.4,-13217,24.425,-7.8348,1.4853,2.6581,0.0033518,790.34,22.102,-105.24,-37.56,63.492,0,0.495,0.20646,-0.011971
7884.3,-12781,25.09,-7.1329,1.4236,1.9526,0.0025815,753.84,23.438,-80.36,-14.002,52.316,0,0.495,0.21439,-0.011971
10265,-10376,25.702,-6.1216,1.7081,1.5749,0.0022063,711.04,23.053,-67.149,4.5329,52.182,0,0.495,0.22234,-0.015962
6875.7,-11704,25.058,-6.7395,1.8375,2.2549,0.0029824,752.68,22.346,-89.553,-10.733,64.252,0,0.495,0.21438,-0.015962
10735,-11150,25.672,-6.4463,1.3248,1.4676,0.0020441,715.93,23.959,-59.713,1.9756,44.47,0,0.495,0.22234,-0.011971
12119,-12061,25.64,-6.7061,0.91022,1.4286,0.0019912,716.09,24.655,-42.716,9.6295,35.235,0,0.495,0.22234,-0.0079814
1386.5,-11573,24.299,-7.3622,1.9126,3.2401,0.0040645,793.86,20.829,-117.8,-34.483,79.419,0,0.495,0.20646,-0.015962
1824.5,-14729,23.89,-9.0314,1.0307,2.8568,0.0034895,816.23,20.979,-107.78,-56.417,53.743,0,0.495,0.19864,-0.0079813
9516.4,-16644,24.064,-9.3875,0.53474,2.3783,0.0029485,805.26,21.829,-61.686,-31.078,38.49,0,0.495,0.19864,-0.0039926
12676,-16345,24.622,-8.5164,0.52862,1.9983,0.0025664,777.62,23.794,-45.521,-12.182,34.459,0,0.495,0.20646,-0.0039921
13346,-17156,23.585,-10.397,-0.27408,2.5584,0.0031151,820.72,19.58,-44.321,-25.668,-30.197,0,0.495,0.19058,0
16471,-17887,24.124,-9.5201,-0.28229,2.226,0.0027785,800.46,22.19,-33.494,-12.314,-29.552,0,0.495,0.19863,0
6817.1,-15585,23.472,-10.225,0.52071,2.8485,0.003431,828.58,19.142,-80.041,-52.787,40.617,0,0.495,0.19058,-0.0039911
209.04,-13213,23.178,-9.7784,1.0014,3.6495,0.0043074,844.69,18.152,-136.54,-87.875,57.247,0,0.495,0.19058,-0.0079809
16714,-17295,24.636,-8.616,-0.27965,1.9475,0.0025102,775.18,24.077,-24.08,-0.63939,-27.142,0,0.495,0.20646,0
-401.9,-12333,23.644,-8.5369,1.4944,3.6175,0.0043619,826.47,19.752,-135.91,-66.81,73.354,0,0.495,0.19864,-0.011971
-2986.2,-7588.6,22.425,-8.4958,1.8452,5.9965,0.0068989,866.99,15.067,-187.8,-93.996,97.406,0,0.495,0.19058,-0.015962
-1640.8,-10248,22.8,-9.1778,1.4454,4.7687,0.0055423,858.01,16.742,-169.16,-99.192,78.188,0,0.495,0.19058,-0.011971
-1533.4,-10059,23.397,-7.9668,1.9162,4.5286,0.0054112,833.84,18.25,-152.11,-63.251,92.123,0,0.495,0.19864,-0.015962
14289,-15011,25.11,-7.6743,0.50582,1.7085,0.0022806,748.27,24.858,-32.153,2.8804,29.943,0,0.495,0.21439,-0.0039921
13143,-13551,25.514,-6.9058,-0.25051,1.5239,0.0021283,715.35,25.29,-8.9184,15.057,-24.362,0,0.495,0.22235,0
12800,-12978,25.564,-6.8601,0.47191,1.4778,0.0020635,715.31,25.117,-20.341,14.131,28.345,0,0.495,0.22234,-0.0039921
15229,-15724,25.088,-7.7457,-0.26808,1.721,0.0023007,747.37,25.083,-16.093,8.4099,-24.444,0,0.495,0.21439,0
1663.7,-2713.2,27.884,-3.533,0.41198,0.48875,0.0011076,439.68,17.886,13.324,32.719,24.484,0,0.495,0.27027,-0.0079818
1230.1,-2017.2,28.162,-3.2118,0.34524,0.37998,0.00099514,379.87,16.396,12.353,27.501,22.49,0,0.495,0.27836,-0.0079826
2039.5,-2638.2,28.013,-3.5346,0.61331,0.43479,0.00098644,439.22,17.66,8.1578,25.658,22.999,0,0.495,0.27027,-0.011972
1475.2,-2008.4,28.273,-3.2197,0.51863,0.33553,0.00088234,378.42,16.208,9.4026,22.84,20.109,0,0.495,0.27836,-0.011972
1229.8,-1475.4,28.576,-2.9347,0.58567,0.22743,0.000712,317.2,14.6,6.7853,16.36,15.662,0,0.495,0.28634,-0.015962
1642.3,-1956.6,28.362,-3.2002,0.68613,0.31112,0.00081277,380.82,15.941,5.924,18.281,18.856,0,0.495,0.27836,-0.015962
1129,-1490.6,28.5,-2.9456,0.43931,0.24703,0.00077741,315.59,14.825,8.4513,18.841,17.468,0,0.495,0.28634,-0.011972
974.85,-1471.5,28.412,-2.9385,0.29063,0.28111,0.00087751,318,14.983,9.8463,21.493,20.244,0,0.495,0.28634,-0.0079828
2309.9,-2525.1,28.11,-3.4982,0.80376,0.40647,0.00091647,441.82,17.341,2.7473,19.229,22.474,0,0.495,0.27027,-0.015962
2612,-3682.3,27.585,-3.9064,0.48749,0.60485,0.0012174,495.54,19.352,11.71,35.831,25.345,0,0.495,0.2623,-0.0079817
2847.2,-3817.6,27.42,-3.8769,0.24839,0.6873,0.0013759,498.22,19.516,11.947,30.151,27.439,0,0.495,0.2623,-0.0039935
1868.6,-2753.6,27.738,-3.4992,0.20816,0.55795,0.0012532,443.61,18.016,11.78,26.561,27.695,0,0.495,0.27027,-0.0039941
4724,-5239.2,27.002,-4.3009,-0.15374,0.87176,0.0015824,549.89,21.048,8.1221,23.692,-28.376,0,0.495,0.25435,0
3258.2,-3855.2,27.337,-3.8533,-0.12963,0.72929,0.0014552,499.96,19.555,8.7694,21.867,-28.971,0,0.495,0.2623,0
4305.1,-5126.4,27.09,-4.3209,0.29258,0.82243,0.0014959,548.68,20.995,10.014,31.844,27.582,0,0.495,0.25435,-0.0039933
4154.8,-4845.6,27.264,-4.3357,0.56967,0.72816,0.0013286,546.94,20.795,6.8932,36.407,26.868,0,0.495,0.25436,-0.0079816
2193.2,-2749.1,27.667,-3.4765,-0.1079,0.5925,0.001324,446.04,18.044,8.2013,18.923,-29.663,0,0.495,0.27027,0
3053.4,-3500.5,27.723,-3.8913,0.7192,0.54308,0.0010925,495.74,19.073,3.9935,26.459,25.264,0,0.495,0.2623,-0.011972
4360,-4198.8,27.498,-4.1915,1.0761,0.62695,0.0011429,547.25,19.992,-11.322,18.241,29.259,0,0.495,0.25436,-0.015962
4449.4,-4517,27.402,-4.292,0.83377,0.66078,0.0012049,547.19,20.457,-3.3408,25.489,28.211,0,0.495,0.25436,-0.011972
3287.6,-3295.4,27.823,-3.8278,0.93453,0.5117,0.0010253,497.58,18.686,-3.0153,18.961,25.624,0,0.495,0.2623,-0.015962
1359.1,-2006.7,28.042,-3.1816,0.17318,0.43531,0.0011245,385.11,16.506,10.125,21.669,26.129,0,0.495,0.27836,-0.0039964
1132.9,-1422.5,28.275,-2.901,-0.074727,0.34329,0.0010402,327.79,15.098,5.2699,11.755,-25.63,0,0.495,0.28633,0
1034.1,-1445,28.319,-2.9155,0.14516,0.32276,0.00098832,324.16,15.076,7.7987,16.612,23.778,0,0.495,0.28633,-0.0039971
1556.8,-1985.3,27.984,-3.1626,-0.089361,0.46265,0.0011861,388.24,16.53,6.8673,15.272,-28.186,0,0.495,0.27835,0
311.95,-337.91,29.237,-1.8748,0.14059,0.012073,0.00024928,48.23,7.7457,2.4404,3.55,3.9528,0,0.495,0.33397,-0.0079854
248.83,-275.11,29.309,-1.7537,0.12521,0.0087009,0.00026039,33.776,6.7588,2.3651,3.2225,3.8445,0,0.495,0.34191,-0.0079856
314.46,-339.06,29.249,-1.8709,0.2106,0.011767,0.00024597,47.745,7.6726,1.7329,2.4284,3.7291,0,0.495,0.33398,-0.011972
250.77,-276.6,29.319,-1.7501,0.1877,0.0086219,0.00026099,33.414,6.6939,1.6274,1.8191,3.7608,0,0.495,0.34191,-0.011973
199.13,-223.78,29.396,-1.6366,0.22154,0.0073423,0.00031084,23.98,5.6888,2.4329,1.9251,4.018,0,0.495,0.34985,-0.015963
252.36,-275.25,29.329,-1.7444,0.24996,0.0085624,0.00026146,33.147,6.6041,2.5471,2.5721,3.4457,0,0.495,0.34191,-0.015963
197.49,-224.21,29.388,-1.6421,0.16635,0.0073773,0.00030865,24.254,5.7687,1.487,1.4209,4.2581,0,0.495,0.34985,-0.011973
195.4,-222.08,29.379,-1.6455,0.11082,0.0074188,0.0003061,24.583,5.8265,2.2447,3.0498,4.2545,0,0.495,0.34985,-0.0079857
315.71,-336.82,29.263,-1.8648,0.28038,0.011559,0.00024336,47.481,7.5712,2.6161,3.4035,3.2998,0,0.495,0.33398,-0.015963
387.49,-420.47,29.16,-2.0093,0.15685,0.020799,0.000288,70.645,8.7897,2.4773,4.1485,4.6128,0,0.495,0.32604,-0.0079846
387.84,-421.91,29.138,-2.0022,0.079126,0.022539,0.00030152,72.861,8.8377,2.8976,4.2646,5.0458,0,0.495,0.32604,-0.0040013
312.33,-337.72,29.217,-1.8674,0.070853,0.01262,0.00025274,49.594,7.7879,2.8876,3.9819,4.2002,0,0.495,0.33397,-0.0040029
474.34,-519.94,29.027,-2.144,-0.045503,0.046773,0.00041782,108.73,9.9772,2.4193,4.2059,-7.6635,0,0.495,0.3181,0
388.92,-423.06,29.124,-1.9947,-0.041049,0.023536,0.00030801,74.411,8.8513,2.4399,3.8248,-5.2797,0,0.495,0.32603,0
473.15,-518.73,29.042,-2.1513,0.087683,0.044299,0.00040414,106.47,9.9614,2.9131,4.9124,7.2812,0,0.495,0.3181,-0.0040008
475.58,-518,29.069,-2.1581,0.17392,0.039679,0.00037495,103.05,9.9055,2.6407,5.3329,6.4796,0,0.495,0.3181,-0.0079844
312.32,-337.64,29.204,-1.8598,-0.036856,0.012969,0.0002544,50.577,7.7997,2.3877,3.6336,-4.3852,0,0.495,0.33397,0
392.57,-421.35,29.175,-2.0052,0.23499,0.019605,0.00027572,69.799,8.7076,1.8269,3.3237,4.1528,0,0.495,0.32604,-0.011972
488.64,-517.82,29.115,-2.1467,0.34805,0.033882,0.00032793,101.12,9.6815,2.8641,5.9288,4.7565,0,0.495,0.3181,-0.015962
485.91,-520.92,29.09,-2.1541,0.26106,0.03617,0.00034791,101.54,9.8118,2.0882,4.7618,5.6408,0,0.495,0.3181,-0.011972
394.43,-418.06,29.194,-1.9985,0.31289,0.018814,0.00026648,69.477,8.5935,2.6604,4.45,3.5477,0,0.495,0.32604,-0.015962
248.55,-273.82,29.289,-1.7462,0.063057,0.0088761,0.00025895,34.621,6.7953,2.7827,3.8066,4.0195,0,0.495,0.34191,-0.0040034
194.73,-220.19,29.349,-1.6315,-0.030627,0.007541,0.00030031,25.465,5.8675,1.9787,3.2072,-4.618,0,0.495,0.34985,0
194.58,-220.26,29.36,-1.6383,0.055874,0.0074934,0.00030237,25.133,5.8584,2.6303,3.6446,4.4079,0,0.495,0.34985,-0.0040035
248.13,-273.24,29.277,-1.739,-0.033277,0.0089975,0.00025804,35.204,6.8055,2.2085,3.4474,-4.2088,0,0.495,0.34191,0
47.379,-67.719,29.706,-1.2691,0.026206,0.005817,0.00021897,6.1733,1.9921,1.5385,2.1384,4.1481,0,0.495,0.38954,-0.0040043
41.877,-56.961,29.751,-1.2237,0.022049,0.0057451,0.00017612,5.008,1.4611,0.93046,1.7853,3.5208,0,0.495,0.3975,-0.0040034
52.789,-72.12,29.72,-1.272,0.05393,0.0058105,0.00020884,6.1065,1.9775,0.80957,2.8865,3.9351,0,0.495,0.38954,-0.007986
45.384,-59.118,29.772,-1.2141,0.050595,0.0057304,0.00016364,4.7843,1.3022,0.32957,2.225,3.3211,0,0.495,0.39751,-0.007986
60.429,-83.454,29.635,-1.3177,-0.027314,0.0059524,0.00032058,8.1897,2.6713,1.6926,1.4247,-5.4916,0,0.495,0.3816,0
43.868,-64.967,29.702,-1.2644,-0.025976,0.005818,0.00022422,6.1706,1.9959,1.5249,0.79529,-4.4912,0,0.495,0.38954,0
60.536,-83.635,29.64,-1.324,0.030704,0.0059493,0.00031699,8.1679,2.6657,2.0983,2.6022,5.1174,0,0.495,0.3816,-0.0040043
63.821,-87.387,29.656,-1.3292,0.061325,0.0059383,0.00030376,8.0521,2.6475,1.302,2.9507,4.9076,0,0.495,0.3816,-0.007986
38.3,-54.387,29.758,-1.2113,-0.020955,0.0057348,0.00017339,4.8233,1.3183,0.92023,0.85716,-3.66,0,0.495,0.39752,0
49.283,-69.701,29.731,-1.2703,0.082559,0.0058017,0.00020678,5.9761,1.9421,-0.62465,0.88552,4.0626,0,0.495,0.38954,-0.011973
42.911,-57.268,29.775,-1.2248,0.080018,0.005735,0.00016995,4.8744,1.4154,-0.75845,0.99095,3.3893,0,0.495,0.3975,-0.011973
66.598,-90.003,29.666,-1.3162,0.12291,0.0059137,0.00028169,7.7337,2.559,0.63001,0.15629,4.9941,0,0.495,0.3816,-0.015963
64.053,-88.155,29.666,-1.3254,0.093334,0.0059247,0.0002931,7.8738,2.6105,0.0222,0.87376,5.0821,0,0.495,0.3816,-0.011973
48.664,-69.492,29.73,-1.2606,0.10778,0.0057933,0.0002016,5.8554,1.8941,-0.56389,-0.17927,4.0423,0,0.495,0.38954,-0.015963
40.52,-55.996,29.782,-1.2057,0.10108,0.0057186,0.00016159,4.6005,1.2267,-0.81659,0.22841,3.3278,0,0.495,0.39751,-0.015963
5811.4,4069.6,9.0428,-3.2723,-6.7845,19.991,0.023588,848.66,-11.499,-277.01,-52.421,-5.2504,0,0.495,0.023633,-0.043896
9039.6,-2885.3,9.0826,-2.2969,-8.3777,19.425,0.018677,1068.4,-2.7858,-257.91,-39.852,-21.254,0,0.495,0.015712,-0.043896
4997.3,3204.4,9.308,-3.5966,-6.4433,20.054,0.023246,861.38,-6.213,-276.14,-51.48,-0.70644,0,0.495,0.023633,-0.039905
9886.8,-5101.2,9.3064,-2.5348,-7.948,19.646,0.018611,1079.2,3.3389,-252.47,-38.688,-15.687,0,0.495,0.015712,-0.039905
-3624.6,9405.4,8.7589,-3.7559,-5.4318,19.97,0.026154,764.17,-24.167,-283.94,-66.904,2.7565,0,0.495,0.03155,-0.04789
6432.4,4441,8.7735,-2.9862,-7.091,19.978,0.023871,838.36,-16.595,-277.76,-52.552,-9.3289,0,0.495,0.023632,-0.047889
-4337.3,9820,9.0629,-4.0948,-5.2009,19.838,0.025642,774.24,-19.835,-284.84,-66.697,5.4484,0,0.495,0.03155,-0.043896
-5216.3,9980.1,9.3629,-4.4799,-4.9431,19.775,0.025135,787.31,-15.355,-286.33,-65.696,8.6239,0,0.495,0.031551,-0.039905
8777.6,-1433.3,8.8548,-2.0845,-8.7622,19.24,0.018686,1059.5,-8.6748,-262.21,-40.121,-26.51,0,0.495,0.015712,-0.047889
35546,-54106,9.553,-1.4607,-9.4414,15.599,0.0083083,2612.2,14.041,474.28,-23.14,-1323.7,0,0.495,0.0077876,-0.039905
38784,-61205,9.726,-1.6181,-8.8487,15.862,0.0083943,2633.4,21.331,439.94,-23.271,-1309.4,0,0.495,0.0077876,-0.035915
11671,-8342.4,9.5267,-2.7986,-7.4667,19.895,0.018343,1092,9.6712,-245.43,-38.411,-10.71,0,0.495,0.015712,-0.035915
68545,-1.2191e+05,10.114,-1.1964,-8.8157,12.485,0.0013591,4041.9,35.491,1021.7,-1.9956,-2564.8,0,0.495,0,-0.031924
43544,-69518,9.8934,-1.7884,-8.1852,16.131,0.0084776,2655,28.755,401.93,-22.06,-1295.2,0,0.495,0.0077876,-0.031924
62954,-1.1032e+05,9.9708,-1.0788,-9.5425,12.295,0.0013177,4011.1,27.582,1108.8,-1.6788,-2587.9,0,0.495,0,-0.035915
15239,-12847,9.742,-3.0868,-6.9255,20.157,0.017839,1106.6,16.119,-236.52,-37.115,-5.2609,0,0.495,0.015712,-0.031924
59089,-1.0003e+05,9.8221,-0.96968,-10.193,12.103,0.0012773,3979.7,19.798,1187.2,-0.21736,-2611.3,0,0.495,0,-0.039905
4262.4,1504.3,9.5695,-3.9622,-6.0616,20.157,0.022704,876.55,-0.73909,-274.33,-51.141,2.9074,0,0.495,0.023633,-0.035915
-5990.1,8406.8,9.9477,-5.4084,-4.3313,19.828,0.024131,822.1,-6.0056,-288.13,-63.452,12.941,0,0.495,0.031551,-0.031924
-6129.3,9614.4,9.6585,-4.9167,-4.6545,19.778,0.024634,803.37,-10.735,-287.74,-64.965,10.597,0,0.495,0.031551,-0.035915
5412.8,-1427.3,9.8256,-4.369,-5.6329,20.285,0.021925,894.03,4.8505,-270.45,-50.05,6.8596,0,0.495,0.023633,-0.031924
32458,-47506,9.3773,-1.3168,-9.9706,15.351,0.0082225,2592,6.9928,505.44,-24.097,-1338.4,0,0.495,0.0077876,-0.043896
30215,-42065,9.1978,-1.1869,-10.442,15.123,0.0081399,2573.2,0.23824,533.67,-24.033,-1353.2,0,0.495,0.0077872,-0.047889
50817,-80938,9.5165,-0.77913,-11.291,11.733,0.001203,3918.5,5.0719,1320.5,1.1389,-2659.5,0,0.495,0,-0.047889
54436,-89757,9.6712,-0.86964,-10.774,11.915,0.0012392,3948.6,12.278,1257.5,0.011464,-2635.3,0,0.495,0,-0.043896
-6524.5,3138.9,13.4,-5.4336,1.9271,22.109,0.026805,824.97,-33.491,-168.69,-18.573,137.95,0,0.495,0.087118,-0.043897
-10048,6149.9,12.351,-5.6589,1.4183,22.074,0.027472,803.61,-35.893,-187.72,-44.621,123.54,0,0.495,0.079192,-0.043897
-5106.3,3824.7,13.449,-5.9307,1.6761,21.759,0.026209,830.39,-32.085,-186.34,-10.216,123.09,0,0.495,0.087116,-0.039905
-9968.2,6935.2,12.501,-6.1452,1.2067,21.698,0.026831,808.82,-34.234,-202.15,-37.763,111.52,0,0.495,0.07919,-0.039905
-158.08,216.85,14.568,-4.7071,2.5531,22.173,0.026273,844.14,-32.014,-136.25,1.2535,163.86,0,0.495,0.095039,-0.047896
-7954.6,2621.5,13.322,-5.0125,2.1884,22.619,0.027382,826.16,-34.937,-155.79,-25.076,152.76,0,0.495,0.087116,-0.047895
569.87,657.03,14.533,-5.1356,2.2711,21.733,0.025741,844.5,-30.728,-152.44,10.353,146.57,0,0.495,0.095041,-0.043897
1319.2,1257,14.458,-5.645,1.9985,21.48,0.025235,851.47,-29.488,-173.64,20.976,128.84,0,0.495,0.095039,-0.039905
-10340,5543.4,12.179,-5.2449,1.6401,22.591,0.028071,804.84,-37.59,-177.78,-49.744,135.87,0,0.495,0.079191,-0.047895
-12696,10064,11.639,-6.2572,0.57797,21.356,0.027127,787.34,-35.257,-219.73,-56.935,97.671,0,0.495,0.071241,-0.039905
-12966,10903,11.848,-6.8204,0.43205,21.155,0.026441,800.2,-33.372,-235.18,-51.315,86.285,0,0.495,0.071236,-0.035914
-9511.9,7699.1,12.625,-6.7214,1.0058,21.495,0.02619,820.87,-32.633,-220.71,-30.933,97.103,0,0.495,0.079186,-0.035914
-15450,14394,11.424,-7.4356,-0.36021,20.618,0.025709,802.1,-30.518,-264.29,-63.082,63.118,0,0.495,0.063229,-0.031924
-13212,11602,12.036,-7.483,0.2972,21.1,0.02576,819.27,-31.498,-253.12,-46.65,75.743,0,0.495,0.071234,-0.031924
-15272,13778,11.171,-6.7913,-0.2953,20.661,0.026423,782.01,-32.815,-250.31,-67.357,70.699,0,0.495,0.063229,-0.035914
-9514.8,8385.2,12.725,-7.4029,0.81624,21.448,0.025566,839.12,-31.059,-242.28,-26.071,83.679,0,0.495,0.079184,-0.031924
-14926,12902,10.902,-6.2392,-0.21847,20.832,0.027137,767.73,-35.103,-238.06,-71.966,78.989,0,0.495,0.06323,-0.039905
-3766.2,4522,13.466,-6.523,1.4357,21.599,0.025641,842.57,-30.742,-208.4,-2.5152,105.61,0,0.495,0.087111,-0.035914
1642.5,2517.9,14.207,-6.9853,1.4829,21.53,0.024398,882.68,-27.207,-228.12,32.163,89.738,0,0.495,0.095032,-0.031924
1603.6,1898.1,14.344,-6.2558,1.7356,21.43,0.024791,864.72,-28.321,-199.33,29.53,108.38,0,0.495,0.095034,-0.035914
-3291.1,5181.2,13.458,-7.227,1.2066,21.601,0.025107,860.54,-29.437,-233.66,1.6877,89.396,0,0.495,0.087109,-0.031924
-12480,9178.1,11.409,-5.7795,0.73432,21.713,0.027797,781.17,-37.181,-208.09,-62.336,106.85,0,0.495,0.071244,-0.043897
-14332,11072,10.317,-5.3625,-0.034623,21.579,0.028481,757.61,-39.708,-223.25,-79.666,92.003,0,0.495,0.06325,-0.047902
-14543,11912,10.616,-5.7676,-0.13123,21.145,0.027833,759.73,-37.402,-228.89,-76.386,85.227,0,0.495,0.063234,-0.043899
-12467,8474.8,11.162,-5.3712,0.90041,22.199,0.028415,781.23,-39.133,-200.57,-66.292,116.51,0,0.495,0.071247,-0.047896
971.06,-1006.2,20.168,-3.1284,2.769,14.906,0.01497,995.53,-10.998,-156,283.05,5.579,0,0.495,0.15056,-0.043898
984.16,-1096.6,20.099,-3.2872,2.7278,15.219,0.01552,980.47,-13.371,-145.66,280.44,35.607,0,0.495,0.1426,-0.043897
1589.9,-467.11,19.094,-3.7914,2.5813,16.094,0.016217,992.31,-10.384,-191.79,244.06,13.925,0,0.495,0.15056,-0.039905
1131.3,-754.53,19.004,-3.918,2.5228,16.665,0.016855,988.72,-12.834,-182.46,256.26,29.157,0,0.495,0.14259,-0.039905
-616.78,-758.33,21.193,-2.5195,2.9979,13.261,0.013358,992.4,-8.9705,-131.51,285.6,-10.228,0,0.495,0.15857,-0.047901
278.22,-1323,21.367,-2.5986,2.947,13.195,0.013399,984.04,-11.572,-120.91,302.28,4.9298,0,0.495,0.15057,-0.047901
1059.6,-399.18,20.09,-3.0768,2.838,14.538,0.01467,990.9,-8.3865,-165.49,254.34,3.7365,0,0.495,0.15857,-0.043898
2083.8,212.57,19.15,-3.7601,2.6674,15.336,0.015646,979.98,-7.7318,-199.14,207.74,21.91,0,0.495,0.15857,-0.039905
1107.7,-1266.1,21.252,-2.7915,2.9241,13.377,0.013984,956.23,-13.895,-110.86,281.67,51.957,0,0.495,0.1426,-0.047899
1477.8,-1293.8,18.719,-4.1189,2.4701,17.27,0.017786,971.11,-15.565,-172.86,239.17,57.475,0,0.495,0.13466,-0.039905
1501.8,-1030.2,17.798,-4.8571,2.2423,18.31,0.018734,977.41,-14.861,-210.14,210.77,43.582,0,0.495,0.13465,-0.035914
1616.5,-550.95,18.049,-4.6888,2.3088,17.592,0.017848,985.61,-12.17,-218.82,211.99,27.549,0,0.495,0.14259,-0.035914
1693.6,-923.88,16.673,-5.9295,1.9451,19.621,0.020314,965.95,-16.644,-238.44,155.3,51.727,0,0.495,0.12672,-0.031924
1781.1,-648.97,17.035,-5.7365,2.009,18.884,0.01934,976.37,-14.157,-245.87,163.12,38.734,0,0.495,0.13465,-0.031924
1619.5,-1267.1,17.375,-5.0803,2.1898,18.991,0.019805,959.07,-17.311,-201.88,187.64,65.201,0,0.495,0.12673,-0.035914
1981,-158.94,17.309,-5.5942,2.0866,17.999,0.018417,977.15,-11.47,-252.58,152.1,32.705,0,0.495,0.14258,-0.031924
2180.1,-1558.8,18.17,-4.3735,2.4317,18.049,0.019091,945.73,-18.012,-164.98,199.86,87.552,0,0.495,0.12673,-0.039905
2237.4,-158.97,18.21,-4.5877,2.3831,16.749,0.017068,981.15,-9.5878,-226.11,189.31,24.227,0,0.495,0.15056,-0.035914
2993.1,983.68,17.944,-5.4829,2.2879,15.71,0.016474,953.21,-5.9035,-257.56,84.57,55.906,0,0.495,0.15857,-0.031924
2743,512.99,18.422,-4.5659,2.4843,15.703,0.016254,965.76,-6.8523,-230.44,149.75,38.873,0,0.495,0.15857,-0.035914
2454,352.28,17.574,-5.5084,2.1746,16.941,0.017488,968.43,-8.7528,-256.94,123.39,37.823,0,0.495,0.15056,-0.031924
1868.4,-1557.5,19.712,-3.5223,2.6919,15.872,0.016641,954,-16.223,-136.48,245.49,76.973,0,0.495,0.13466,-0.043897
3901.6,-1819.2,19.715,-3.3542,2.9065,15.997,0.017738,902.35,-19.512,-100.69,170.07,144.78,0,0.495,0.12673,-0.047898
2940.1,-1751.4,18.974,-3.8039,2.6706,16.976,0.018346,925.82,-18.738,-130.41,192.38,113.71,0,0.495,0.12674,-0.043897
2796.1,-1660.1,20.689,-3.0561,2.9076,14.335,0.015487,925.84,-16.898,-103.66,230.4,105.23,0,0.495,0.13466,-0.047899
5967.2,-4432.9,26.069,-3.6914,3.6719,3.6598,0.0051767,693.91,12.455,-79.931,59.223,122.09,0,0.495,0.21433,-0.043962
4900.4,-2745.7,24.901,-3.7234,3.7592,5.9382,0.0073712,798.54,10.202,-114.75,64.195,153.4,0,0.495,0.20638,-0.043989
6949.7,-5083.8,25.79,-4.1065,3.5366,3.753,0.0051961,710.8,13.858,-86.942,50.816,121.06,0,0.495,0.21449,-0.039944
5911.8,-3287.8,24.631,-4.2082,3.6142,5.9618,0.0073648,803.1,11.611,-123.06,47.832,152.06,0,0.495,0.2064,-0.039945
4912.7,-4471.4,27.208,-3.2937,3.5361,1.7374,0.0030917,542.17,12.931,-41.668,53.009,82.019,0,0.495,0.22251,-0.047949
5009.4,-3900.8,26.373,-3.306,3.7759,3.4575,0.0050295,672.31,11.106,-71.404,65.99,120.71,0,0.495,0.21432,-0.047991
5765.7,-5038,26.939,-3.6155,3.4407,1.9122,0.0032223,575.84,14.262,-47.386,50.831,85.298,0,0.495,0.22254,-0.043928
6639.6,-5688.2,26.688,-3.9543,3.3077,2.0171,0.0032597,603.81,15.605,-52.275,47.228,86.242,0,0.495,0.22257,-0.039918
3912.7,-2316.8,25.241,-3.2758,3.8677,5.7267,0.0071954,787.96,8.8512,-104.29,79.446,150.64,0,0.495,0.20637,-0.048008
4692,-702,23.259,-4.2412,3.5547,8.3136,0.0095107,871.09,8.4038,-157.26,51.116,166.1,0,0.495,0.19863,-0.039921
5419.6,-1439.4,23.068,-4.831,3.3817,8.1076,0.0093219,866.72,9.9115,-164.98,26.065,162.69,0,0.495,0.19864,-0.035921
6933.5,-4132,24.424,-4.7204,3.4323,5.8169,0.007182,804.2,13.144,-128.16,30.859,145.95,0,0.495,0.2064,-0.035923
-121.22,17.085,21.643,-5.5446,3.0158,9.7168,0.010847,894.48,7.9276,-202.53,-4.7591,152.37,0,0.495,0.19057,-0.031924
2982.1,-2480.6,22.976,-5.4488,3.1727,7.697,0.0089125,860.56,11.486,-169.63,3.0789,154.93,0,0.495,0.19864,-0.031926
4062.3,763.52,21.718,-4.8396,3.2106,10.13,0.011225,901.26,6.3743,-194.87,28.098,155.62,0,0.495,0.19057,-0.035915
7234.8,-5213,24.273,-5.2522,3.2169,5.5231,0.006827,803.77,14.686,-130.92,14.851,137.45,0,0.495,0.20644,-0.031932
3830.7,1217.1,21.929,-4.1785,3.3733,10.312,0.011349,907.41,4.9019,-183.35,62.526,154.52,0,0.495,0.19057,-0.039906
7988.7,-5943.5,25.555,-4.5403,3.3549,3.7151,0.0050718,722.38,15.35,-91.022,39.537,116.57,0,0.495,0.21451,-0.035926
8443.2,-7237.8,26.234,-4.6698,2.9236,2.035,0.0030849,649.68,18.295,-60.497,37.744,80.738,0,0.495,0.22257,-0.031925
7552.4,-6430,26.452,-4.3067,3.1347,2.0553,0.0032095,627.96,16.971,-56.391,42.449,84.654,0,0.495,0.22258,-0.035919
8978.6,-6958.6,25.368,-4.9829,3.1314,3.555,0.0048101,730.39,16.816,-93.314,28.768,109.35,0,0.495,0.21442,-0.031932
3726.5,-359.21,23.555,-3.6905,3.6946,8.3001,0.0094799,872.36,7.0559,-146.58,77.942,163.87,0,0.495,0.19862,-0.04393
2716.9,1105.9,22.757,-3.0308,3.6195,9.9751,0.010903,913.42,2.4513,-150.97,130.48,138.16,0,0.495,0.19056,-0.047906
3262.4,1194,22.277,-3.5723,3.5087,10.262,0.011237,911.95,3.6313,-168.37,97.701,148.08,0,0.495,0.19057,-0.0439
2843.8,-157.31,23.957,-3.1899,3.8029,8.0557,0.0092372,868.59,5.7825,-133.47,102.95,157.91,0,0.495,0.1986,-0.047938
1047.5,-1152.1,28.952,-2.7081,1.5555,0.15578,0.00056908,271.55,12.462,0.55163,12.636,13.881,0,0.495,0.27836,-0.0439
1344,-1415.4,28.777,-2.8476,1.7484,0.20136,0.00065977,303.37,13.3,-0.77948,16.13,15.768,0,0.495,0.27027,-0.0439
1134.6,-1252.9,28.873,-2.7943,1.4647,0.18806,0.00061368,304.25,13.084,0.86184,14.553,15.152,0,0.495,0.27836,-0.039906
1480.7,-1546.7,28.68,-2.9522,1.6532,0.24334,0.0007099,340.98,14.009,-0.92492,17.808,17.584,0,0.495,0.27027,-0.039906
790.29,-864.32,29.166,-2.4941,1.4664,0.090534,0.00043812,204.25,11.021,0.72154,8.3106,10.325,0,0.495,0.28634,-0.047908
978.25,-1066.1,29.024,-2.6183,1.6369,0.12436,0.00052017,236.91,11.814,0.022293,10.528,12.432,0,0.495,0.27836,-0.047907
840.26,-928.78,29.106,-2.5689,1.3874,0.1135,0.00048101,233.47,11.597,1.5947,10.626,11.186,0,0.495,0.28634,-0.0439
901.88,-1004.9,29.038,-2.6389,1.3002,0.13702,0.00052086,260.53,12.146,2.2728,12.794,11.892,0,0.495,0.28634,-0.039906
1231,-1300.6,28.867,-2.741,1.8323,0.16075,0.00060398,264.29,12.566,-0.93512,14.075,13.881,0,0.495,0.27027,-0.047909
1965.8,-1946.2,28.471,-3.1123,1.8657,0.29927,0.00080569,369.94,14.827,-3.4672,21.79,19.381,0,0.495,0.2623,-0.039906
2218.6,-2143.4,28.349,-3.2385,1.7516,0.35099,0.00085617,408.49,15.595,-4.484,22.841,21.464,0,0.495,0.2623,-0.035915
1649.6,-1690.9,28.579,-3.0551,1.546,0.28411,0.00075402,375.02,14.685,-1.3619,19.056,19.284,0,0.495,0.27027,-0.035915
3159.6,-2956.7,27.954,-3.5857,1.8386,0.47966,0.0010115,472.95,17.242,-10.842,27.287,26.11,0,0.495,0.25436,-0.031924
2472.8,-2356.7,28.227,-3.3652,1.6218,0.39868,0.00089902,442.01,16.325,-5.8056,22.579,23.361,0,0.495,0.2623,-0.031924
2850.5,-2675.8,28.1,-3.429,1.9793,0.41978,0.00096154,435.23,16.407,-8.7723,27.878,23.882,0,0.495,0.25436,-0.035915
1828.5,-1849.5,28.476,-3.1564,1.4257,0.32088,0.00079186,403.43,15.323,-1.9684,19.285,20.713,0,0.495,0.27027,-0.031925
2536.6,-2412.7,28.247,-3.2749,2.1009,0.35628,0.00090243,393.35,15.535,-7.1272,26.767,21.567,0,0.495,0.25436,-0.039906
1233.2,-1362,28.787,-2.8772,1.3635,0.21902,0.00065341,333,13.673,0.96748,16.149,16.305,0,0.495,0.27836,-0.035915
1041.4,-1172.1,28.884,-2.7656,1.099,0.17892,0.00058844,301.47,13.141,3.1748,15.632,13.169,0,0.495,0.28634,-0.031925
966.53,-1084.6,28.963,-2.7045,1.2042,0.15939,0.0005568,283.67,12.661,2.7689,14.62,12.588,0,0.495,0.28634,-0.035915
1348.9,-1483.2,28.698,-2.9568,1.2514,0.24641,0.0006879,355.99,14.226,0.98539,16.894,17.202,0,0.495,0.27836,-0.031925
1748.8,-1765.3,28.589,-2.9864,1.9652,0.2469,0.00074793,328.52,14.027,-2.8524,20.105,17.264,0,0.495,0.2623,-0.0439
1968.6,-1946.3,28.522,-2.9734,2.291,0.23321,0.00075957,305.33,13.709,-5.2567,22.019,17.121,0,0.495,0.25436,-0.047908
2244.9,-2168.4,28.389,-3.1232,2.2044,0.29302,0.0008348,349.43,14.633,-5.9623,24.814,19.26,0,0.495,0.25436,-0.0439
1564.7,-1603.4,28.7,-2.8602,2.051,0.19677,0.0006833,286.28,13.204,-2.6314,17.809,15.226,0,0.495,0.2623,-0.047909
230.25,-227.1,29.528,-1.6948,0.65194,0.0073318,0.00030534,24.526,5.3901,5.7174,6.4666,0.3406,0,0.495,0.34192,-0.0439
286.79,-280.19,29.496,-1.794,0.72997,0.0086656,0.00024828,35.531,6.2054,5.4618,7.6332,-0.76471,0,0.495,0.33398,-0.0439
233.88,-236.07,29.494,-1.7096,0.59965,0.0075547,0.00029148,26.441,5.6208,5.0045,5.9863,0.92114,0,0.495,0.34192,-0.039907
294.37,-290.82,29.456,-1.8124,0.67154,0.0091286,0.00024124,38.42,6.4637,4.9325,7.3706,-0.13575,0,0.495,0.33398,-0.039907
171.16,-174.6,29.6,-1.5953,0.62593,0.0065376,0.00041376,16.139,4.3808,6.4142,5.9834,1.4383,0,0.495,0.34986,-0.0479
222.92,-215.41,29.564,-1.6801,0.70221,0.0071145,0.00032358,22.482,5.1423,6.289,6.6723,-0.12155,0,0.495,0.34192,-0.0479
176.77,-185.26,29.569,-1.6061,0.58061,0.0066661,0.00038764,17.554,4.604,5.6662,5.5284,1.8207,0,0.495,0.34986,-0.043901
179.11,-192.55,29.54,-1.618,0.53375,0.0067925,0.00036705,18.878,4.8113,4.8759,4.9737,2.2732,0,0.495,0.34986,-0.039908
276.73,-267.68,29.537,-1.7745,0.78588,0.0082283,0.00025914,32.395,5.9293,5.7711,7.476,-1.2062,0,0.495,0.33398,-0.047901
368.57,-361.96,29.423,-1.9268,0.74894,0.01263,0.00022179,56.99,7.3494,4.6913,8.7755,-0.70553,0,0.495,0.32604,-0.039907
375.42,-371.84,29.378,-1.9477,0.68169,0.01379,0.00022601,60.829,7.6186,4.4208,8.621,0.072168,0,0.495,0.32604,-0.035916
296.16,-297.84,29.419,-1.8297,0.61118,0.0096152,0.00023772,40.947,6.7039,4.5471,7.0494,0.61332,0,0.495,0.33398,-0.035916
468.31,-470.59,29.284,-2.1007,0.68165,0.025438,0.00026452,94.448,8.8546,4.463,10.196,1.4017,0,0.495,0.3181,-0.031925
379.24,-378.68,29.335,-1.9657,0.61227,0.014987,0.00023293,63.93,7.8648,4.459,8.4184,0.86963,0,0.495,0.32604,-0.031925
460.11,-459.01,29.335,-2.0787,0.7587,0.022873,0.00025022,89.888,8.5769,4.4143,10.317,0.58092,0,0.495,0.3181,-0.035916
297.18,-302.02,29.383,-1.8443,0.54909,0.010109,0.000237,43.048,6.9235,4.694,6.969,1.2754,0,0.495,0.33398,-0.031925
448.89,-444.7,29.387,-2.0535,0.83286,0.020278,0.00023784,84.027,8.2737,4.4671,10.078,-0.11642,0,0.495,0.3181,-0.039907
232.95,-240.94,29.463,-1.7241,0.54592,0.0077749,0.00028155,28.135,5.835,4.6289,5.6939,1.5218,0,0.495,0.34191,-0.035916
179.02,-195.63,29.488,-1.6384,0.43687,0.0070196,0.00033955,21.061,5.1779,5.3765,5.2563,2.904,0,0.495,0.34985,-0.031925
178.39,-195.16,29.514,-1.6301,0.48597,0.0069108,0.00035147,20.044,5.0033,4.642,4.8252,2.6807,0,0.495,0.34986,-0.035916
232.7,-243.25,29.433,-1.7356,0.4907,0.0079846,0.00027466,29.578,6.0303,5.0117,5.8635,1.9704,0,0.495,0.34191,-0.031925
354.83,-348.6,29.469,-1.904,0.8137,0.011546,0.00022093,52.52,7.0594,4.9478,8.6307,-1.247,0,0.495,0.32604,-0.043901
411.87,-409.17,29.486,-1.9933,0.97092,0.015395,0.00022071,69.297,7.5989,4.0237,8.0515,-0.55691,0,0.495,0.3181,-0.047903
431.28,-426.83,29.438,-2.0252,0.90378,0.017753,0.00022784,77.058,7.947,4.3795,9.3514,-0.48066,0,0.495,0.3181,-0.0439
340.54,-334.25,29.514,-1.8788,0.87539,0.01055,0.0002237,47.593,6.7497,4.9457,7.9575,-1.5335,0,0.495,0.32604,-0.047903
57.028,-71.859,29.798,-1.2782,0.25061,0.0057238,0.00014657,4.8346,1.5034,2.8637,3.4816,2.9404,0,0.495,0.38954,-0.035916
46.627,-55.964,29.835,-1.233,0.23101,0.0056748,0.00013275,3.9306,1.009,2.0975,3.394,2.4992,0,0.495,0.3975,-0.035916
61.946,-79.843,29.814,-1.2658,0.27687,0.0057137,0.00013846,4.7015,1.3931,0.81119,2.6971,2.7838,0,0.495,0.38954,-0.039908
47.284,-58.902,29.856,-1.2102,0.25407,0.0056611,0.00012761,3.7082,0.77741,0.097906,2.612,2.3377,0,0.495,0.39751,-0.039908
69.374,-83.67,29.724,-1.3318,0.25496,0.0058336,0.0002063,6.6449,2.2343,6.6821,4.5922,3.8666,0,0.495,0.3816,-0.031925
57.781,-67.105,29.779,-1.2718,0.22249,0.0057385,0.00015308,5.0481,1.6007,5.6946,4.1806,3.0603,0,0.495,0.38954,-0.031925
72.341,-91.833,29.745,-1.3349,0.28701,0.0058129,0.00019215,6.37,2.1243,4.1551,3.7941,3.7979,0,0.495,0.3816,-0.035916
48.306,-54.633,29.824,-1.2122,0.20529,0.0056794,0.00013298,3.9821,0.96288,4.0857,3.6441,2.6283,0,0.495,0.39751,-0.031925
80.745,-102.06,29.763,-1.3238,0.31747,0.0057953,0.00017568,6.1405,2.0008,2.8622,3.1083,3.6318,0,0.495,0.3816,-0.039908
63.337,-79.518,29.828,-1.2533,0.30524,0.0057016,0.00013207,4.5139,1.2724,1.5127,2.2505,2.6161,0,0.495,0.38954,-0.043901
48.709,-60.573,29.862,-1.2075,0.28276,0.0056601,0.0001261,3.717,0.7982,-0.0807,2.0745,2.2844,0,0.495,0.3975,-0.043901
86.048,-99.103,29.797,-1.3046,0.38228,0.0057521,0.00014492,5.4812,1.7229,5.4107,3.6691,2.8821,0,0.495,0.3816,-0.047901
84.522,-102.49,29.779,-1.3124,0.35012,0.0057749,0.00016023,5.8399,1.8676,3.7916,3.0178,3.3658,0,0.495,0.38161,-0.043901
65.259,-78.28,29.841,-1.2435,0.33233,0.0056869,0.00012437,4.2692,1.1407,2.9904,2.5837,2.2151,0,0.495,0.38954,-0.0479
48.076,-58.893,29.878,-1.1868,0.30289,0.0056432,0.00012168,3.4122,0.54929,1.0787,2.2404,1.9716,0,0.495,0.39751,-0.0479
8051.2,4991.9,6.8908,-1.6496,-8.5233,20.825,0.024509,817.44,-46.486,-290.71,-51.316,-38.333,0,0.495,0.023594,-0.07588
8509.4,2111.9,7.2439,-1.0985,-10.535,18.839,0.018534,1041.6,-42.244,-282.69,-41.952,-64.482,0,0.495,0.015676,-0.075872
8135.8,4755.2,7.1534,-1.7968,-8.3839,20.663,0.024451,816.74,-42.859,-288.13,-51.728,-34.451,0,0.495,0.023603,-0.071884
8691.7,1776.8,7.4702,-1.2038,-10.364,18.834,0.018542,1040.8,-38.28,-280.11,-41.737,-59.291,0,0.495,0.015682,-0.071881
7190,8216.6,6.3621,-1.9864,-6.5846,22.14,0.027153,754.13,-53.75,-302.65,-63.111,-21.691,0,0.495,0.031511,-0.07987
7850.7,5343.2,6.6325,-1.5082,-8.6418,20.981,0.024591,818.75,-49.89,-293.69,-50.358,-41.907,0,0.495,0.023591,-0.079869
7322.8,7775.9,6.6494,-2.1624,-6.5013,21.874,0.027044,751.89,-50.575,-298,-64.43,-18.992,0,0.495,0.031516,-0.075879
6524.3,7528.3,6.942,-2.3423,-6.4002,21.587,0.026998,750,-47.229,-293.97,-65.203,-16.09,0,0.495,0.031522,-0.071887
8232.4,2482.7,7.02,-0.99876,-10.682,18.85,0.018524,1043.1,-45.942,-285.4,-41.648,-69.393,0,0.495,0.01567,-0.079863
20516,-20028,8.1051,-0.6447,-12.379,14.201,0.0077419,2500.7,-33.121,655.4,-26.393,-1451,0,0.495,0.0077571,-0.071879
21538,-22544,8.287,-0.71309,-12.145,14.306,0.0077936,2510.2,-28.406,641.45,-26.354,-1436.2,0,0.495,0.0077592,-0.067893
8800.5,1473.2,7.699,-1.317,-10.169,18.842,0.01856,1040.9,-34.039,-277.56,-41.938,-54.142,0,0.495,0.015684,-0.067893
37297,-51936,8.8903,-0.49936,-12.859,11.1,0.0010783,3825.5,-19.924,1519.6,2.4429,-2768.7,0,0.495,0,-0.063893
22923,-25591,8.4691,-0.78842,-11.879,14.426,0.0078509,2519.8,-23.359,624.48,-25.7,-1419.7,0,0.495,0.0077643,-0.0639
34696,-46341,8.7338,-0.44623,-13.148,10.976,0.0010538,3806.8,-25.229,1556.8,2.2333,-2795.7,0,0.495,0,-0.067885
8858.3,1120.8,7.9293,-1.4403,-9.9474,18.865,0.018576,1041.9,-29.516,-274.9,-41.616,-48.695,0,0.495,0.015692,-0.063898
32781,-41698,8.5772,-0.39791,-13.404,10.862,0.0010324,3787.7,-30.175,1587.8,2.5691,-2819.6,0,0.495,0,-0.071876
8085.9,4658.2,7.4195,-1.9529,-8.2243,20.502,0.024449,816.85,-39.014,-285.9,-52.349,-30.608,0,0.495,0.023608,-0.067891
4673,7695.2,7.5392,-2.7308,-6.1489,20.986,0.027177,748.45,-40.095,-288.05,-66.293,-10.125,0,0.495,0.031528,-0.063907
5631.3,7525.4,7.239,-2.5302,-6.2824,21.288,0.027061,748.74,-43.736,-290.68,-66,-13.246,0,0.495,0.031525,-0.067897
7948.5,4605.8,7.6879,-2.1211,-8.0447,20.349,0.024469,818.02,-34.948,-283.8,-52.514,-26.437,0,0.495,0.023613,-0.063898
19466,-17574,7.9253,-0.58162,-12.585,14.109,0.0076923,2492.7,-37.503,667.51,-26.96,-1465.8,0,0.495,0.0077515,-0.075869
18486,-15458,7.7467,-0.52256,-12.764,14.027,0.0076438,2486.5,-41.568,678.49,-27.035,-1481.4,0,0.495,0.0077448,-0.079861
29271,-33336,8.2687,-0.31211,-13.825,10.658,0.00099371,3756,-38.995,1640,2.5151,-2869.1,0,0.495,0,-0.07986
30921,-37184,8.4226,-0.35345,-13.629,10.756,0.0010127,3770.3,-34.758,1615,2.3307,-2843.4,0,0.495,0,-0.075868
-9043.6,3647,12.765,-2.9198,4.2056,26.719,0.028586,934.87,-45.986,-147.6,-15.339,246.92,0,0.495,0.087048,-0.076075
-15352,7039.3,10.964,-3.1751,3.4109,26.574,0.029357,905.42,-50.466,-190.56,-47.313,219.37,0,0.495,0.079122,-0.075954
-10141,2988.3,12.799,-3.1962,3.9104,26.267,0.028743,914.03,-44.397,-144.74,-18.752,231.67,0,0.495,0.087052,-0.072031
-14248,6153.3,11.108,-3.4503,3.1437,26.137,0.02948,886.75,-48.597,-184,-48.93,205.56,0,0.495,0.079116,-0.071968
3940.8,1440.8,14.84,-2.3457,4.9494,26.412,0.027187,971.6,-43.062,-106.08,18.467,275.97,0,0.495,0.094977,-0.080117
-8606.1,4341.1,12.749,-2.6375,4.4965,27.112,0.028355,956.39,-47.544,-150.87,-11.576,262.76,0,0.495,0.08705,-0.080074
3005,935.16,14.736,-2.6193,4.6593,26.071,0.027451,949.85,-41.726,-106.3,13.512,260.7,0,0.495,0.094988,-0.076079
1330.8,440.22,14.66,-2.8914,4.3591,25.655,0.027628,928.71,-40.327,-106.62,7.9337,245.84,0,0.495,0.095027,-0.071959
-16377,7993.2,10.834,-2.8912,3.6786,26.952,0.029165,924.39,-52.297,-197.55,-45.089,233.7,0,0.495,0.07914,-0.079922
-16017,9110.7,9.6323,-3.6066,2.0667,25.527,0.030008,850.81,-51.595,-220.47,-68.157,171.24,0,0.495,0.07119,-0.071949
-15003,8372.7,9.8733,-3.8708,1.8544,25.063,0.030001,835.52,-49.473,-212.16,-68.791,161.18,0,0.495,0.071189,-0.067959
-13350,5527.4,11.262,-3.7205,2.8783,25.64,0.029522,868.64,-46.723,-178.35,-50.712,192.59,0,0.495,0.079116,-0.067962
-15393,9987.6,9.0737,-4.1417,0.42504,23.744,0.030185,786.66,-49.209,-232.3,-83.066,115.47,0,0.495,0.063256,-0.063963
-14128,7865.1,10.121,-4.1355,1.648,24.542,0.029904,820.77,-47.366,-205.18,-69.476,151.65,0,0.495,0.071189,-0.06397
-16234,10453,8.7709,-3.884,0.5598,24.237,0.030359,798.42,-51.625,-240.3,-83.029,121.63,0,0.495,0.063257,-0.06795
-12526,5087.1,11.427,-3.9911,2.6161,25.087,0.029466,851.47,-44.873,-173.81,-52.623,180.49,0,0.495,0.07911,-0.063976
-17271,11183,8.4757,-3.6286,0.7021,24.674,0.030449,810.45,-54.023,-249.64,-82.884,128.06,0,0.495,0.063279,-0.071922
-10866,2531,12.854,-3.4701,3.6126,25.752,0.028807,894.06,-42.775,-142.28,-23.056,217.33,0,0.495,0.087072,-0.067951
-243.63,-147.2,14.569,-3.4317,3.7499,24.637,0.027667,890.57,-37.562,-108.76,-3.7419,218.77,0,0.495,0.094969,-0.063969
39.259,89.318,14.603,-3.1607,4.055,25.178,0.027705,908.89,-38.942,-107.16,1.368,231.85,0,0.495,0.095018,-0.06792
-10454,2207.9,12.922,-3.7434,3.317,25.184,0.028768,875.54,-41.193,-140.68,-27.103,204,0,0.495,0.087039,-0.063974
-17258,10139,9.3973,-3.3371,2.2837,25.927,0.029939,866.2,-53.702,-229.8,-67.585,181.81,0,0.495,0.07119,-0.075939
-19895,13380,7.892,-3.1002,1.0071,25.357,0.030433,833.45,-58.77,-271.09,-81.956,141.59,0,0.495,0.063272,-0.079909
-18534,12198,8.1812,-3.3686,0.85148,25.049,0.03047,822.3,-56.413,-260.05,-82.683,134.77,0,0.495,0.063279,-0.075911
-18510,11275,9.1701,-3.0577,2.5045,26.263,0.029807,881.33,-55.772,-239.63,-66.336,192.67,0,0.495,0.071189,-0.079929
1425.8,-36.536,27.408,-1.1226,3.8597,3.2033,0.0055681,560.49,-16.152,-18.039,90.295,123.49,0,0.495,0.1506,-0.076172
1706.8,543.29,26.179,-1.2923,3.9792,6.1642,0.0088287,683.87,-19.029,-16.247,87.048,191.71,0,0.495,0.14265,-0.076166
1612.4,-342.13,26.988,-1.2454,3.7713,3.7014,0.0059557,612.73,-15.384,-22.403,114.48,113.15,0,0.495,0.1506,-0.072151
1895.2,359.19,25.802,-1.4361,3.8647,6.5149,0.009091,704.76,-18.201,-21.238,95.796,188.08,0,0.495,0.14265,-0.07214
385.42,-203.21,28.364,-0.89057,3.8473,1.4158,0.0033073,420.95,-13.493,-15.599,80.421,57.682,0,0.495,0.15858,-0.080154
1156.8,130.37,27.748,-1.0072,3.9362,2.8241,0.0052505,518.17,-16.863,-13.159,74.343,126.57,0,0.495,0.1506,-0.080176
503.55,-432.43,27.972,-0.98827,3.7929,1.9572,0.0038481,504.67,-12.804,-20.191,111.17,47.876,0,0.495,0.15858,-0.07616
577.03,-777.9,27.438,-1.0955,3.7241,2.7821,0.0045917,601.66,-12.087,-24.482,149.72,32.473,0,0.495,0.15858,-0.072158
1429.6,651.18,26.529,-1.1565,4.0818,5.7865,0.0085094,663.77,-19.766,-10.979,82.896,189.98,0,0.495,0.14266,-0.080161
3853.9,86.803,24.168,-1.6328,4.0117,10.568,0.013137,798.21,-22.034,-21.601,88.216,230.15,0,0.495,0.13465,-0.072162
4107.3,-130.32,23.797,-1.8074,3.8548,10.764,0.013289,804.88,-21.142,-27.837,93.201,224.12,0,0.495,0.13467,-0.068136
2154.1,68.583,25.376,-1.5837,3.7387,6.9026,0.0093402,730.36,-17.419,-26.671,113.16,177.38,0,0.495,0.14263,-0.068143
5223.9,-828.69,21.658,-2.2329,3.8001,14.839,0.017316,855.19,-23.287,-39.099,83.517,232.59,0,0.495,0.12677,-0.064082
4262.7,-448.46,23.394,-1.9918,3.6866,10.956,0.013385,814.68,-20.205,-35.001,106.14,212.41,0,0.495,0.13469,-0.064098
5157.7,-599.68,21.993,-2.0241,4.0029,14.87,0.017313,856.69,-24.262,-31.601,80.568,241.13,0,0.495,0.12675,-0.068116
2304.5,-371.19,24.862,-1.7435,3.6007,7.4415,0.0096733,764.33,-16.534,-33.286,141.57,158.91,0,0.495,0.14263,-0.064117
4970.9,-388.38,22.326,-1.8262,4.1951,14.825,0.017196,859.47,-25.185,-24.736,82.204,246.52,0,0.495,0.12674,-0.072127
1698,-695.3,26.452,-1.3732,3.6691,4.4193,0.0064934,676.88,-14.681,-27.302,148.91,95.283,0,0.495,0.15059,-0.068149
363.26,-1354,25.855,-1.3497,3.5368,5.536,0.0068551,801.21,-10.862,-38.099,237.12,-4.6807,0,0.495,0.15859,-0.064139
443.33,-1054.7,26.738,-1.2132,3.6391,3.9633,0.0055839,703.89,-11.472,-29.854,193.76,13.513,0,0.495,0.15858,-0.068151
1674.8,-1175.2,25.759,-1.5151,3.5517,5.4822,0.0072883,750.52,-13.888,-33.926,191.65,71.973,0,0.495,0.15061,-0.064117
3648.7,226.9,24.535,-1.4658,4.1559,10.292,0.012881,791.79,-22.875,-15.742,88.747,231.83,0,0.495,0.13466,-0.076163
4432.4,-13.795,23.052,-1.4546,4.5403,14.36,0.016556,863.62,-26.839,-12.249,92.913,251.77,0,0.495,0.12678,-0.080104
4768.6,-206.91,22.677,-1.6366,4.3749,14.66,0.016943,862.08,-26.046,-18.316,87.186,249.76,0,0.495,0.12675,-0.07612
3319.1,348.56,24.909,-1.3066,4.2872,9.9091,0.012509,783.93,-23.642,-9.9819,91.278,230.69,0,0.495,0.13467,-0.080154
1517.9,-1843.4,28.654,-1.6057,3.6924,0.44446,0.0015774,260,3.128,-7.0137,39.88,30.703,0,0.495,0.21432,-0.076068
1242,-1755.9,28.406,-1.4056,3.856,1.0014,0.0025229,376.31,1.341,-15.963,69.149,42.2,0,0.495,0.20641,-0.076185
1760.6,-2147.5,28.417,-1.7459,3.7627,0.76715,0.0021238,337.56,4.1449,-12.697,52.546,44.317,0,0.495,0.21433,-0.072078
1366.4,-1922.8,28.039,-1.5427,3.9228,1.631,0.0033084,473.57,2.2962,-25.873,88.131,59.579,0,0.495,0.20646,-0.072218
1296.5,-1434.1,28.935,-1.6434,3.4002,0.084982,0.00059475,132.3,3.6122,-1.1834,16.425,13.438,0,0.495,0.22226,-0.080042
1278.2,-1518.1,28.839,-1.4878,3.6169,0.22997,0.0011007,190.76,2.1663,-3.388,28.713,20.634,0,0.495,0.21431,-0.080058
1528.2,-1728.8,28.81,-1.7693,3.46,0.16264,0.00085363,175.12,4.6113,-2.6775,21.816,18.686,0,0.495,0.22226,-0.076047
1788,-2040,28.657,-1.9117,3.5155,0.28863,0.0011699,227.02,5.6762,-5.2419,28.522,26.428,0,0.495,0.22226,-0.07206
1090.6,-1484,28.692,-1.2965,3.7796,0.54542,0.0018143,280.34,0.43784,-8.7428,50.144,28.31,0,0.495,0.20638,-0.080167
1141.8,-1366.1,27.589,-1.3423,3.9653,2.6902,0.0044457,592.82,0.050639,-39.152,128.81,59.388,0,0.495,0.19854,-0.072225
1435.1,-1273.9,26.985,-1.5184,3.9898,3.7946,0.0054784,682.53,0.86973,-53.885,144.45,77.758,0,0.495,0.19851,-0.068212
1638.5,-2055.7,27.593,-1.7175,3.9742,2.4073,0.004143,563.64,3.2576,-38.447,101.57,78.255,0,0.495,0.20646,-0.068204
2093.7,-492.34,25.673,-1.5507,3.8819,6.311,0.0076136,824.68,-1.0518,-76.041,192.5,76.463,0,0.495,0.19045,-0.064089
1589.1,-999.31,26.337,-1.7448,3.9924,4.9111,0.0064695,751.31,1.7392,-69.411,151.88,97.202,0,0.495,0.19842,-0.064087
1894.2,-863.52,26.472,-1.335,3.909,4.948,0.0064559,760.46,-1.7807,-59.666,183.8,59.016,0,0.495,0.19049,-0.068172
1882.3,-2063.1,27.107,-1.9373,4.0012,3.2282,0.0049481,637.78,4.2718,-51.556,110.01,97.046,0,0.495,0.20639,-0.064078
1450.6,-1019,27.216,-1.1712,3.9159,3.5776,0.0052591,672.39,-2.4372,-44.987,163.46,44.255,0,0.495,0.19048,-0.072126
2137.1,-2472.5,28.124,-1.9157,3.8242,1.201,0.0027211,417.18,5.1869,-20.623,63.407,59.959,0,0.495,0.21433,-0.06808
2504.4,-2754.3,28.259,-2.2629,3.6025,0.7012,0.0019007,344.86,7.9794,-13.478,40.901,47.534,0,0.495,0.22222,-0.063967
2140.7,-2404.4,28.471,-2.0748,3.5674,0.47289,0.0015314,285.76,6.7994,-8.732,34.957,36.357,0,0.495,0.22227,-0.068054
2455.4,-2715.8,27.788,-2.1191,3.8688,1.7047,0.0033182,490.86,6.2688,-29.742,72.165,76.722,0,0.495,0.21433,-0.064062
994.98,-1391.3,28.1,-1.2065,3.9232,1.7395,0.0034574,488.5,-0.79627,-26.722,104.43,42.731,0,0.495,0.19854,-0.076222
752.11,-1011.1,28.355,-0.94674,3.8778,1.4044,0.0030595,446.6,-3.8437,-22.274,101.88,21.307,0,0.495,0.1905,-0.080189
1115.1,-1101.8,27.848,-1.0442,3.9052,2.3704,0.0041141,565.94,-3.1516,-32.735,134.05,31.295,0,0.495,0.19049,-0.076131
819.74,-1247.5,28.505,-1.1036,3.8658,0.99922,0.0025456,376.22,-1.5949,-16.378,78.069,29.401,0,0.495,0.19852,-0.080223
564.27,-604.88,29.381,-1.955,1.9843,0.013328,0.0002158,61.55,6.9332,-0.64568,2.997,4.675,0,0.495,0.27834,-0.076097
648.78,-693.52,29.318,-1.9931,2.1627,0.015645,0.00022596,68.853,7.1714,-1.5384,4.2943,5.4369,0,0.495,0.27027,-0.076062
615.26,-659.11,29.341,-2.0447,1.9556,0.01766,0.00023253,75.34,7.6333,-0.93409,3.3728,5.3158,0,0.495,0.27832,-0.072089
715.34,-762.44,29.269,-2.0919,2.1386,0.021518,0.00025251,84.429,7.9329,-1.6993,4.8776,6.0736,0,0.495,0.27027,-0.072096
425.31,-461.01,29.477,-1.8332,1.8461,0.009615,0.00021688,44.494,5.968,0.26473,1.8268,4.4923,0,0.495,0.28633,-0.080057
517.73,-554.56,29.42,-1.8689,2.0076,0.010749,0.00021255,50.61,6.2446,-0.23064,2.7275,4.1678,0,0.495,0.27835,-0.080082
463.89,-501.63,29.445,-1.9096,1.8206,0.01138,0.00021171,53.759,6.5991,-0.23353,2.0285,4.821,0,0.495,0.28632,-0.076101
506.58,-546.03,29.412,-1.9893,1.7895,0.014316,0.00021763,65.467,7.2376,-0.62238,2.2273,5.2799,0,0.495,0.28631,-0.072122
589.61,-630.85,29.365,-1.8984,2.1813,0.012127,0.00021458,56.434,6.4229,-1.3239,3.9311,4.9443,0,0.495,0.27028,-0.080037
809.08,-868.49,29.19,-2.1238,2.3319,0.025728,0.00027282,93.371,8.0808,-3.2881,6.0665,7.9133,0,0.495,0.2623,-0.072134
912.62,-974.49,29.128,-2.2377,2.3087,0.037423,0.00032315,114.5,8.919,-3.4226,7.3644,8.4511,0,0.495,0.2623,-0.06815
788.81,-839.63,29.217,-2.1943,2.1084,0.030897,0.0002943,103.79,8.7005,-1.8069,5.826,6.8206,0,0.495,0.27026,-0.06812
1197,-1256.3,28.949,-2.3969,2.4954,0.065626,0.00042333,153.3,9.9122,-5.6368,11.147,10.759,0,0.495,0.25435,-0.064151
1024.3,-1084.4,29.06,-2.3564,2.2772,0.054856,0.00038695,140.17,9.769,-3.4487,8.9989,9.3087,0,0.495,0.2623,-0.064154
1055,-1122.1,29.027,-2.2642,2.519,0.044957,0.0003523,126.17,8.9876,-5.6045,8.9549,9.8106,0,0.495,0.25434,-0.068135
872.53,-924.74,29.16,-2.3002,2.0705,0.045,0.00034874,127.5,9.475,-1.9072,7.0373,7.8236,0,0.495,0.27026,-0.064118
920.93,-987.88,29.097,-2.1371,2.532,0.030899,0.00029523,103.53,8.0788,-5.2146,7.1232,9.4128,0,0.495,0.25433,-0.072137
670.83,-718.71,29.298,-2.1374,1.921,0.024663,0.0002634,92.573,8.3383,-1.1248,3.9845,6.0681,0,0.495,0.27828,-0.068063
601.9,-647.17,29.343,-2.1561,1.7089,0.02645,0.00026562,98.32,8.5239,-1.2334,2.9957,6.6242,0,0.495,0.2863,-0.064107
552.56,-594.74,29.378,-2.0716,1.7525,0.019093,0.00023596,80.152,7.8802,-0.91326,2.552,5.8548,0,0.495,0.2863,-0.068121
732.58,-783.72,29.253,-2.2323,1.8793,0.035295,0.00030625,113.77,9.0448,-1.3214,4.7784,7.0361,0,0.495,0.27828,-0.064053
716.03,-774.75,29.247,-2.0154,2.3484,0.018296,0.00023842,76.205,7.2528,-3.1771,5.2725,7.4278,0,0.495,0.2623,-0.076116
714.65,-778.81,29.222,-1.9021,2.5371,0.015868,0.0002283,69.166,6.2942,-4.5988,5.5112,8.6694,0,0.495,0.25432,-0.080218
802.94,-872.89,29.162,-2.0163,2.5366,0.021651,0.00025364,84.62,7.1731,-4.9224,6.1648,9.0454,0,0.495,0.25433,-0.07618
642.55,-697.38,29.3,-1.912,2.3592,0.013779,0.00022006,62.42,6.4437,-3.0808,4.7765,7.0622,0,0.495,0.2623,-0.080095
153.28,-154.5,29.777,-1.5162,0.96362,0.0060628,0.00032252,10.531,3.0717,6.508,2.8347,-0.17551,0,0.495,0.34192,-0.076042
188.88,-190.63,29.757,-1.5683,1.0732,0.0063005,0.00039623,13.77,3.6403,6.6884,2.4631,-0.17408,0,0.495,0.33398,-0.076036
164.11,-165.18,29.753,-1.5424,0.93563,0.0061565,0.00037429,11.786,3.3914,6.0586,3.1105,-0.36293,0,0.495,0.34192,-0.072055
201.32,-202.9,29.733,-1.5994,1.043,0.0064503,0.0004025,15.608,3.9916,6.0728,2.7274,-0.46126,0,0.495,0.33398,-0.072056
108.7,-114.29,29.825,-1.4475,0.89091,0.0058482,0.00019514,7.2785,2.2142,6.0024,2.955,0.97036,0,0.495,0.34985,-0.080025
143.61,-145.36,29.801,-1.4908,0.98895,0.0059852,0.0002684,9.4434,2.7467,6.859,2.5149,0.0077207,0,0.495,0.34192,-0.080026
118.31,-123.57,29.801,-1.468,0.86693,0.0058978,0.0002264,8.0559,2.5095,5.7814,3.244,0.84061,0,0.495,0.34985,-0.076035
128.15,-134.07,29.778,-1.4897,0.84049,0.0059571,0.0002658,8.9432,2.8001,5.3986,3.4103,0.76952,0,0.495,0.34985,-0.072047
178.96,-180.98,29.78,-1.5381,1.1006,0.0061788,0.00036409,12.207,3.2821,7.1975,2.2577,0.080554,0,0.495,0.33398,-0.080022
240.13,-249.77,29.708,-1.6615,1.1591,0.0068718,0.00033917,20.627,4.5853,5.328,2.0622,0.47148,0,0.495,0.32605,-0.072074
258.2,-267.12,29.685,-1.6998,1.1221,0.0071886,0.00030649,23.9,4.9652,4.5586,2.5167,0.051161,0,0.495,0.32606,-0.068118
215.71,-216.19,29.708,-1.6317,1.0097,0.0066332,0.00038174,17.74,4.3357,5.4494,3.2349,-0.76613,0,0.495,0.33399,-0.068076
322.2,-338.14,29.625,-1.8224,1.1941,0.0088993,0.00023691,38.047,6.0205,2.6246,2.3025,1.2276,0,0.495,0.31813,-0.064115
276.82,-283.83,29.659,-1.7395,1.0814,0.0076107,0.00027925,27.777,5.3401,4.0084,3.2637,-0.39937,0,0.495,0.32607,-0.064131
297.37,-315.78,29.649,-1.7758,1.2382,0.0080791,0.00025586,32.051,5.6014,3.1062,1.6779,1.716,0,0.495,0.31812,-0.068107
230.21,-228.92,29.681,-1.6649,0.97292,0.006856,0.00034718,20.183,4.673,5.0057,3.9927,-1.0396,0,0.495,0.33399,-0.064085
273.77,-292.9,29.671,-1.7307,1.2783,0.0074912,0.00028104,27.078,5.1776,3.7673,1.3937,2.126,0,0.495,0.3181,-0.07207
175.28,-175.88,29.728,-1.5694,0.90496,0.0062671,0.0004024,13.197,3.7049,5.6155,3.552,-0.51246,0,0.495,0.34192,-0.068067
143.02,-150.04,29.727,-1.5353,0.78078,0.0061039,0.00036729,10.951,3.3616,5.0327,4.2443,0.83252,0,0.495,0.34986,-0.064074
136.59,-143.44,29.753,-1.5123,0.81175,0.0060256,0.0003139,9.9112,3.0844,5.054,3.6975,0.77369,0,0.495,0.34986,-0.068065
185.62,-184.93,29.701,-1.597,0.87145,0.0063964,0.0004162,14.764,4.011,5.3788,4.2103,-0.59505,0,0.495,0.34192,-0.064074
223.84,-232.94,29.731,-1.6248,1.1926,0.006628,0.00037692,17.88,4.1985,6.1597,1.8753,0.80804,0,0.495,0.32604,-0.076043
229.38,-248,29.715,-1.6471,1.347,0.0067824,0.00034863,19.743,4.3146,5.177,1.3386,2.6615,0,0.495,0.3181,-0.080023
250.62,-269.53,29.693,-1.6877,1.3145,0.0070817,0.0003122,23.037,4.7484,4.5262,1.3534,2.4169,0,0.495,0.3181,-0.076043
210.45,-218.95,29.754,-1.5898,1.2228,0.006437,0.00039869,15.59,3.8051,6.8769,1.7818,1.093,0,0.495,0.32604,-0.080023
77.199,-85.194,29.949,-1.2307,0.47671,0.0056205,9.7106e-05,3.1585,0.37922,3.5775,3.2888,0.74566,0,0.495,0.38956,-0.068066
55.086,-61.271,29.969,-1.1879,0.43306,0.0055979,0.00010909,2.6562,-0.038886,2.2882,3.5584,0.61999,0,0.495,0.39757,-0.068097
85.42,-95.71,29.967,-1.2106,0.50121,0.0056129,9.1434e-05,3.0401,0.2072,2.85,2.7949,0.69,0,0.495,0.38955,-0.072052
57.421,-65.753,29.989,-1.1582,0.44834,0.005589,0.00010697,2.4998,-0.30555,1.2092,3.0281,0.5581,0,0.495,0.39754,-0.07207
90.391,-96.142,29.897,-1.2993,0.51591,0.0056684,0.00010149,4.0911,1.0694,6.1302,4.0301,1.6989,0,0.495,0.3816,-0.064066
72.554,-74.297,29.929,-1.2397,0.45079,0.0056295,0.00010163,3.2906,0.54289,5.5899,3.9412,0.74575,0,0.495,0.38956,-0.064071
95.363,-105.9,29.919,-1.2873,0.54518,0.0056553,9.5239e-05,3.8827,0.88848,4.6184,3.282,1.7689,0,0.495,0.3816,-0.068057
50.944,-52.568,29.953,-1.182,0.40573,0.0056013,0.00011337,2.6821,0.00072766,4.0449,3.8909,0.74678,0,0.495,0.39758,-0.064088
102.14,-113.4,29.938,-1.2691,0.57397,0.0056429,8.8929e-05,3.6699,0.69795,4.4251,2.8704,1.7342,0,0.495,0.3816,-0.072048
87.047,-93.793,29.985,-1.192,0.5277,0.005604,9.0119e-05,2.8759,0.029852,4.1121,2.6274,0.59469,0,0.495,0.38954,-0.076041
61.877,-68.986,30.002,-1.1475,0.47724,0.0055864,0.00010317,2.4731,-0.36209,1.9387,2.8117,0.48295,0,0.495,0.39751,-0.076053
103.18,-104.65,29.977,-1.2407,0.63489,0.0056163,8.3052e-05,3.1458,0.30072,6.7086,3.0852,1.4363,0,0.495,0.3816,-0.080029
103.56,-110.89,29.957,-1.2528,0.60431,0.0056297,8.5184e-05,3.4157,0.50213,5.4243,2.8945,1.6119,0,0.495,0.3816,-0.076039
87.693,-88.464,30.002,-1.178,0.55378,0.0055942,8.9511e-05,2.6816,-0.15392,5.9022,2.8083,0.39729,0,0.495,0.38954,-0.080031
57.887,-61.694,30.021,-1.1235,0.49076,0.0055757,0.00010689,2.2566,-0.63506,3.3596,2.9228,0.28202,0,0.495,0.39752,-0.08004
2392.8,9638.1,5.0199,-0.48962,-8.8608,21.613,0.025107,837.54,-66.2,-320.29,-40.855,-59.819,0,0.495,0.023515,-0.10801
2438,5899.5,5.5948,-0.31311,-11.06,18.814,0.018244,1070.2,-63.48,-308.33,-37.472,-97.283,0,0.495,0.015591,-0.10803
3582.7,9051.3,5.2229,-0.64824,-8.9022,21.584,0.025126,833.92,-64.816,-316.38,-42.901,-58.33,0,0.495,0.023529,-0.10391
3696.3,5442.4,5.7778,-0.41791,-11.081,18.848,0.018335,1064.6,-61.968,-304.81,-38.714,-94.281,0,0.495,0.015606,-0.10394
3671.8,14567,4.3987,-0.42916,-6.5202,23.208,0.028211,771.1,-70.112,-344.95,-45.574,-34.743,0,0.495,0.031433,-0.11205
1468.7,10162,4.8311,-0.32691,-8.7917,21.619,0.025033,841.61,-67.168,-324.14,-38.49,-60.896,0,0.495,0.023508,-0.11206
4269.8,13865,4.5983,-0.64858,-6.6102,23.182,0.028214,768.95,-69.213,-340.23,-49.013,-34.516,0,0.495,0.031443,-0.10798
4910.2,13086,4.8156,-0.86143,-6.6741,23.125,0.028153,767,-67.91,-335.24,-51.999,-33.8,0,0.495,0.031453,-0.1039
1460,6299.1,5.4231,-0.20563,-11.011,18.765,0.018115,1077,-64.566,-311.94,-36.11,-99.954,0,0.495,0.015583,-0.11206
1292.1,-5470.3,6.7446,-0.19543,-13.315,13.601,0.0073124,2469,-59.101,712.22,-27.285,-1574.9,0,0.495,0.0076713,-0.10399
7117.7,-6834.2,6.9023,-0.25107,-13.284,13.676,0.0073803,2469.5,-57.034,710.34,-27.787,-1559.4,0,0.495,0.0077024,-0.099875
5164.6,4967.1,5.971,-0.51988,-11.073,18.871,0.018413,1059.4,-60.095,-301.31,-39.902,-90.798,0,0.495,0.015629,-0.099857
17801,-20702,7.6795,-0.16565,-14.349,10.315,0.00092891,3711.3,-52.557,1709.8,2.5652,-2973.6,0,0.495,0,-0.095842
11821,-8308.4,7.0631,-0.30538,-13.229,13.749,0.0074422,2471.4,-54.62,706.93,-27.479,-1543.8,0,0.495,0.007711,-0.095841
8956.1,-18166,7.5414,-0.13088,-14.418,10.226,0.00091379,3702,-55.079,1720.2,2.384,-3000.3,0,0.495,0,-0.09988
6061.7,4434.3,6.1695,-0.61829,-11.042,18.883,0.018461,1054.9,-57.896,-297.81,-40.154,-87.008,0,0.495,0.015638,-0.095839
-2040.9,-15795,7.4053,-0.096125,-14.461,10.139,0.0008994,3694.8,-57.228,1727.5,2.5534,-3027.2,0,0.495,0,-0.10399
4986,8429.1,5.4386,-0.80195,-8.9155,21.534,0.025112,830.61,-63.078,-312.4,-44.831,-56.314,0,0.495,0.023553,-0.099849
6022.3,11345,5.2911,-1.2626,-6.7277,22.922,0.027896,763.15,-64.302,-324.41,-56.586,-30.878,0,0.495,0.031482,-0.095842
5477.9,12256,5.0484,-1.0664,-6.7118,23.039,0.028055,765.08,-66.255,-329.96,-54.718,-32.455,0,0.495,0.031475,-0.099848
5854.3,7730.4,5.6616,-0.94966,-8.9054,21.463,0.025037,827.68,-61.025,-308.37,-45.969,-54.059,0,0.495,0.023561,-0.09584
-2206.7,-4296.5,6.5952,-0.1383,-13.315,13.526,0.0072408,2468.2,-60.771,711.79,-26.903,-1589.1,0,0.495,0.0076655,-0.10804
-5662.3,-3109.3,6.4529,-0.079829,-13.288,13.444,0.0071561,2467.2,-62.018,709.44,-26.397,-1602.6,0,0.495,0.0076564,-0.11206
-14614,-11664,7.1511,-0.024921,-14.456,9.9773,0.00087493,3675.9,-60.264,1729.2,2.8088,-3075.6,0,0.495,0,-0.11206
-8337.2,-13777,7.2756,-0.0607,-14.472,10.059,0.00088684,3686.4,-58.957,1730.3,2.5878,-3051.9,0,0.495,0,-0.10804
-281.82,10284,13.344,-0.3802,6.1592,28.251,0.025258,1114.5,-55.544,-156.27,38.552,382.15,0,0.495,0.087083,-0.10816
-10043,16004,10.512,-0.51545,5.3721,28.086,0.026389,1060.9,-61.814,-226.29,-1.3951,349.81,0,0.495,0.079153,-0.10808
-63.394,9647.8,13.159,-0.72946,5.9826,28.269,0.025816,1091.5,-54.87,-158.62,27.012,365.64,0,0.495,0.087085,-0.10413
-10153,15127,10.461,-0.89705,5.1665,28.071,0.026907,1040.2,-61.031,-226.27,-13.04,332.17,0,0.495,0.079159,-0.10394
688.5,5895.7,16.647,0.045316,6.5881,26.587,0.023148,1148.5,-50.047,-89.064,76.607,397.14,0,0.495,0.095014,-0.1122
-755.1,10609,13.577,-0.028696,6.3087,28.156,0.024638,1137.5,-56.034,-152.46,50.329,397.49,0,0.495,0.087087,-0.11217
1310.2,5683.7,16.312,-0.26616,6.4741,26.848,0.023806,1127.8,-49.693,-93.51,66.788,384.9,0,0.495,0.095013,-0.10819
1982.7,5251.1,16.012,-0.57724,6.3301,27.013,0.024419,1106.3,-49.171,-97.235,57.356,371.22,0,0.495,0.095012,-0.10419
-7762.5,16421,10.618,-0.12995,5.5552,28.047,0.025734,1082.4,-62.339,-224.27,11.63,366.51,0,0.495,0.079161,-0.11214
-25087,19812,8.1193,-1.0603,3.8502,27.03,0.028075,963.7,-65.645,-287.83,-40.395,268.98,0,0.495,0.071186,-0.10395
-24549,18594,8.2319,-1.4356,3.6298,27.028,0.02847,950.12,-64.484,-282.89,-48.41,254.83,0,0.495,0.071172,-0.099918
-11609,14165,10.451,-1.2647,4.9454,28.01,0.027419,1020.3,-60.001,-224.46,-22.061,314.76,0,0.495,0.079151,-0.099914
-25990,19715,6.8216,-1.8863,1.7021,25.918,0.029901,867.5,-67.087,-314.85,-74.113,171.43,0,0.495,0.063226,-0.095909
-23632,17108,8.3784,-1.7934,3.4068,26.983,0.028817,936.96,-63.078,-276.31,-54.803,241.19,0,0.495,0.071172,-0.095918
-27270,21385,6.5957,-1.5408,1.8914,25.913,0.029689,873.71,-68.676,-323.75,-69.432,180.14,0,0.495,0.063225,-0.099908
-16178,12926,10.479,-1.6184,4.7109,27.902,0.02784,1001,-58.755,-221.24,-29.234,297.61,0,0.495,0.079151,-0.095921
-28213,22836,6.3965,-1.177,2.0861,25.862,0.029435,879.76,-69.986,-331.25,-63.296,189.34,0,0.495,0.063236,-0.10394
-1384.6,8969.3,13.016,-1.0713,5.7818,28.221,0.026372,1068.6,-53.99,-159.68,17.641,348.7,0,0.495,0.08708,-0.10013
3030.3,4142,15.512,-1.1895,5.9589,27.096,0.02552,1061.9,-47.615,-102.53,41.809,340.9,0,0.495,0.095005,-0.096184
2661.8,4795.2,15.747,-0.88535,6.1577,27.093,0.02499,1084.3,-48.462,-100.22,49.274,356.53,0,0.495,0.095007,-0.10019
-6360,8055.7,12.909,-1.4046,5.5588,28.113,0.026841,1045.9,-52.955,-159.75,9.7893,331.38,0,0.495,0.08708,-0.096127
-25147,20951,8.0483,-0.66884,4.064,26.993,0.027627,978.16,-66.502,-291.07,-29.733,283.89,0,0.495,0.071212,-0.10807
-25818,25195,6.1125,-0.40439,2.4789,25.659,0.028709,894.02,-71.61,-341.62,-43.814,210.7,0,0.495,0.063275,-0.11208
-28927,24215,6.2323,-0.79618,2.2837,25.774,0.029127,886.28,-70.965,-337.35,-54.901,199.77,0,0.495,0.063259,-0.10803
-19218,21615,8.0301,-0.26935,4.2646,26.92,0.027003,993.89,-67.055,-292.26,-16.363,298.68,0,0.495,0.071233,-0.11213
-309.72,-341.06,29.3,-0.34226,4.1242,0.8713,0.0029675,272.02,-20.132,5.7992,35.751,60.134,0,0.495,0.15063,-0.10809
-1464.4,-44.033,28.717,-0.34012,4.3878,2.3602,0.0050092,445.81,-22.849,10.728,62.519,112.31,0,0.495,0.14272,-0.10807
-549.84,-203.25,29.137,-0.43391,4.1333,1.0906,0.0032989,307.72,-19.879,5.4542,40.195,71.126,0,0.495,0.15063,-0.10411
-1834.5,164.07,28.45,-0.4512,4.3899,2.8292,0.0055404,485.93,-22.643,9.7027,67.912,126.23,0,0.495,0.14272,-0.10408
394.83,-424.18,29.611,-0.28012,3.9038,0.20995,0.0014708,130.32,-17.499,1.6407,17.868,21.26,0,0.495,0.15858,-0.11208
-64.98,-459.15,29.443,-0.24815,4.1048,0.68265,0.0026522,237.33,-20.309,5.6474,31.11,49.98,0,0.495,0.15064,-0.11208
298.85,-344.09,29.523,-0.35973,3.9265,0.27601,0.0016551,152.54,-17.222,1.7567,20.366,26.547,0,0.495,0.15858,-0.10809
205.11,-249.75,29.423,-0.43574,3.942,0.35605,0.001845,177,-16.878,1.5932,22.919,32.672,0,0.495,0.15858,-0.1041
-1065.4,-245.46,28.959,-0.22796,4.3717,1.9342,0.004504,403.92,-22.975,11.165,56.197,98.467,0,0.495,0.14272,-0.11206
-3915.8,198.54,27.301,-0.45342,4.7285,5.9694,0.0086618,670.56,-26.495,13.807,95.018,187.12,0,0.495,0.13478,-0.10405
-4381.3,341.72,26.908,-0.58891,4.6998,6.7246,0.0093989,699.04,-26.246,11.265,97.671,197.88,0,0.495,0.13478,-0.10007
-2195.1,345.83,28.161,-0.56178,4.3773,3.3315,0.0060868,523.61,-22.37,7.9885,72.524,139.9,0,0.495,0.14271,-0.10009
-5364.8,493.51,24.751,-0.77349,5.0277,12.022,0.01401,850.36,-29.198,7.4154,110.46,248.73,0,0.495,0.12684,-0.09605
-4626,435.41,26.505,-0.72565,4.6531,7.4697,0.010125,723.41,-25.901,8.1204,98.544,207.33,0,0.495,0.13475,-0.096085
-5604.8,512.2,25.205,-0.61003,5.0988,11.221,0.01321,840.11,-29.562,11.077,112.53,245.17,0,0.495,0.12684,-0.10003
-2291.1,500.97,27.854,-0.67316,4.3496,3.8536,0.006635,558.34,-22.012,5.5201,75.841,152.93,0,0.495,0.1427,-0.096111
-5249.6,463.76,25.659,-0.44664,5.1488,10.367,0.012381,826.3,-29.846,14.326,113.06,240.51,0,0.495,0.12682,-0.10403
-732.99,-72.178,28.954,-0.52497,4.1312,1.3371,0.003639,343.56,-19.54,4.4347,44.645,82.705,0,0.495,0.15062,-0.1001
142.46,-64.661,29.185,-0.57899,3.9495,0.55922,0.0022267,232.25,-15.997,-0.47894,29.695,46.832,0,0.495,0.15858,-0.09612
159.59,-155.19,29.312,-0.50844,3.95,0.45023,0.0020361,203.5,-16.473,0.93185,25.969,39.576,0,0.495,0.15858,-0.10011
-729.12,55.189,28.753,-0.61438,4.1178,1.6073,0.0039824,379.09,-19.146,2.5919,48.766,94.472,0,0.495,0.15062,-0.096123
-3396.2,12.258,27.678,-0.31823,4.7385,5.2211,0.0079282,637.74,-26.653,15.727,91.007,175.11,0,0.495,0.13478,-0.10805
-4233.2,229.76,26.557,-0.12221,5.1796,8.5391,0.010671,784.85,-30.033,19.506,109.85,226.42,0,0.495,0.12677,-0.11208
-4831.3,376.23,26.112,-0.2843,5.1761,9.467,0.011529,808.02,-30,17.13,112.3,234.37,0,0.495,0.1268,-0.10804
-2800.5,-193.59,28.035,-0.18279,4.73,4.4971,0.007213,600.61,-26.706,17.051,85.27,162.02,0,0.495,0.13477,-0.11205
525.58,-565.52,29.467,-0.90775,3.1584,0.0084709,0.0002611,32.566,-3.3712,-1.4965,7.1855,5.6038,0,0.495,0.21442,-0.10825
522.35,-557.69,29.462,-0.79458,3.2743,0.0089533,0.00025132,35.743,-4.8152,-1.8758,7.7952,5.2508,0,0.495,0.20638,-0.10811
578.06,-620.19,29.404,-0.97901,3.2152,0.009244,0.0002447,37.903,-2.7099,-1.4038,7.9585,5.9219,0,0.495,0.21435,-0.1041
563.77,-602.32,29.397,-0.85944,3.3372,0.0098879,0.00023777,41.699,-4.2101,-1.7103,8.5508,5.5868,0,0.495,0.20636,-0.10407
475.29,-519.06,29.538,-0.93509,2.9727,0.007595,0.00029459,25.881,-2.7691,0.20283,5.4509,5.5682,0,0.495,0.22236,-0.11234
480.97,-519.37,29.524,-0.84054,3.1013,0.0079351,0.00028074,28.371,-3.9765,-1.3962,6.2239,5.3569,0,0.495,0.21444,-0.11231
522.99,-567.07,29.483,-1.0043,3.0225,0.0080414,0.00027214,29.665,-2.1394,0.019464,6.4209,5.7078,0,0.495,0.22238,-0.10834
580.2,-623.56,29.423,-1.078,3.0724,0.0086653,0.00025279,34.405,-1.4608,-0.2173,7.2016,5.9039,0,0.495,0.22238,-0.10431
487.77,-518.43,29.521,-0.73035,3.2133,0.0083319,0.00026819,31.172,-5.3866,-1.8894,6.9668,4.9417,0,0.495,0.20643,-0.11221
531.54,-555.72,29.402,-0.74032,3.4482,0.010647,0.00023337,45.703,-5.8952,-1.4577,9.2571,4.6275,0,0.495,0.1984,-0.10412
563.15,-596.26,29.333,-0.79752,3.5115,0.01356,0.00024243,55.52,-5.2868,-1.6309,10.634,4.9935,0,0.495,0.1984,-0.10013
616.93,-662.2,29.329,-0.92422,3.4022,0.011782,0.00023507,50.038,-3.5715,-1.632,9.4961,5.9447,0,0.495,0.20635,-0.10012
510.11,-536.24,29.271,-0.72588,3.6605,0.036293,0.00039801,85.82,-6.5861,-3.0787,16.336,4.5539,0,0.495,0.19046,-0.096133
613.82,-661.84,29.253,-0.85348,3.5781,0.025886,0.00033243,74.087,-4.6303,-1.7559,13.822,5.7702,0,0.495,0.1984,-0.096141
481.2,-495.25,29.354,-0.67797,3.6011,0.016324,0.00026006,61.904,-7.1885,-2.5262,11.71,3.859,0,0.495,0.19046,-0.10012
688.63,-745.52,29.253,-0.99134,3.4685,0.017862,0.00027436,63.462,-2.8672,-1.5961,11.255,6.5865,0,0.495,0.20634,-0.096132
474.25,-477.77,29.424,-0.62639,3.5437,0.012018,0.00023781,50.505,-7.743,-2.3112,9.9103,3.4513,0,0.495,0.19046,-0.10412
640.72,-688.73,29.337,-1.052,3.2743,0.010536,0.00023449,44.997,-2.0219,-1.2487,8.6951,6.2468,0,0.495,0.21433,-0.10006
725.17,-778.22,29.288,-1.2403,3.1728,0.011262,0.00023133,48.677,0.023458,-0.60524,8.5375,6.3935,0,0.495,0.22235,-0.096192
647.44,-693.97,29.358,-1.1562,3.123,0.0096074,0.00023792,40.5,-0.74337,-0.4255,7.8224,6.074,0,0.495,0.22237,-0.10028
721.47,-775.81,29.264,-1.1285,3.3345,0.013463,0.00024219,55.154,-1.284,-1.1876,9.7524,6.7297,0,0.495,0.21432,-0.096049
508.9,-532.01,29.467,-0.6822,3.3861,0.009537,0.00024391,39.205,-6.4569,-1.267,8.4148,4.3435,0,0.495,0.1984,-0.10812
473.3,-476.3,29.549,-0.5142,3.4312,0.0096955,0.00025505,38.065,-8.7268,-1.6116,8.3407,2.8347,0,0.495,0.19046,-0.11211
469.6,-474.54,29.489,-0.57145,3.4872,0.010625,0.00024452,43.485,-8.2551,-2.0604,9.0919,3.1625,0,0.495,0.19046,-0.10811
493.63,-513.04,29.526,-0.62368,3.3244,0.0088196,0.0002582,34.256,-6.9729,-1.1034,7.6057,3.9963,0,0.495,0.19842,-0.11214
314.5,-334.21,29.701,-1.3603,2.0604,0.0064944,0.00034227,16.313,1.8167,2.8661,4.1104,1.6075,0,0.495,0.27818,-0.10805
298.22,-330.75,29.684,-1.3463,2.1971,0.0066235,0.0003539,17.752,1.6711,0.61933,3.8884,3.3058,0,0.495,0.27003,-0.1083
338.98,-359.35,29.66,-1.4225,2.0616,0.0066953,0.00035524,18.757,2.3976,2.5801,4.2363,1.6456,0,0.495,0.27823,-0.10403
331.83,-364.96,29.641,-1.4123,2.2043,0.0068514,0.00033677,20.456,2.2844,0.45777,4.3803,3.2789,0,0.495,0.27011,-0.10421
286.06,-307.22,29.759,-1.3106,1.9061,0.006226,0.0002482,12.987,1.3155,4.8254,4.1647,2.4124,0,0.495,0.28614,-0.11197
289.7,-310.52,29.74,-1.3011,2.0561,0.0063309,0.00028179,14.25,1.2571,3.0725,3.6782,1.7928,0,0.495,0.27817,-0.11205
301.55,-322.7,29.72,-1.3669,1.9088,0.0063691,0.00031525,14.842,1.8452,4.1343,4.2224,2.347,0,0.495,0.28615,-0.10797
313.39,-335.94,29.681,-1.4258,1.9086,0.0065439,0.00035962,17.016,2.3915,3.496,3.9472,2.4809,0,0.495,0.28619,-0.10398
268.47,-301.62,29.723,-1.2844,2.1872,0.00644,0.00031817,15.495,1.08,0.58984,3.2011,3.4295,0,0.495,0.27002,-0.11233
329.81,-379.66,29.601,-1.3898,2.337,0.0070448,0.00031564,22.442,2.0353,-1.0492,4.5651,6.4671,0,0.495,0.26209,-0.1043
374.72,-425.09,29.553,-1.4648,2.3485,0.0073798,0.00028496,26.038,2.7115,-1.5698,5.0185,6.3653,0,0.495,0.26225,-0.10017
371.88,-404.6,29.595,-1.4832,2.2087,0.0071427,0.00030243,23.749,2.9264,0.059808,4.7473,3.2622,0,0.495,0.27025,-0.10009
457.71,-512.87,29.439,-1.5125,2.5009,0.0082173,0.00024665,33.467,3.0967,-2.5786,5.2052,7.7952,0,0.495,0.25431,-0.096153
425.53,-473.6,29.503,-1.5452,2.3563,0.0078301,0.00025861,30.433,3.4245,-2.1666,5.1293,6.3311,0,0.495,0.26229,-0.096052
404.87,-461.18,29.491,-1.4298,2.486,0.0076795,0.00026914,28.676,2.3538,-1.868,5.1119,7.6514,0,0.495,0.25427,-0.10025
414.31,-446.02,29.548,-1.5585,2.2097,0.0075252,0.00027254,27.763,3.5958,-0.39681,4.7517,3.3977,0,0.495,0.27028,-0.096007
359.6,-413.93,29.54,-1.3529,2.4676,0.0072893,0.00029575,24.774,1.6529,-1.3455,4.7851,7.5284,0,0.495,0.25414,-0.10433
366.07,-387.78,29.618,-1.4883,2.0597,0.0069487,0.00032179,21.719,3.0011,2.0757,4.2192,1.8277,0,0.495,0.27832,-0.099993
340.73,-367.32,29.607,-1.5516,1.9007,0.0070364,0.00031084,22.792,3.5351,2.0254,3.0711,3.0973,0,0.495,0.28633,-0.095979
325.74,-350.49,29.644,-1.4872,1.9058,0.0067608,0.00034684,19.622,2.9559,2.7716,3.5714,2.7365,0,0.495,0.28629,-0.099972
394.64,-417.45,29.576,-1.5579,2.0557,0.0072754,0.00028889,25.331,3.6238,1.4866,3.9373,2.1898,0,0.495,0.27836,-0.095987
294.7,-341.51,29.645,-1.3205,2.3239,0.0067857,0.00034837,19.496,1.3915,-0.74841,4.0284,6.4368,0,0.495,0.26205,-0.10839
293.9,-342.62,29.631,-1.2155,2.4253,0.0067542,0.00034213,18.902,0.35034,-0.91848,3.906,6.9759,0,0.495,0.2541,-0.1124
325.04,-375.36,29.587,-1.2817,2.4479,0.0069913,0.00032577,21.576,0.98642,-1.0461,4.4059,7.2711,0,0.495,0.2541,-0.10839
263.35,-309.2,29.686,-1.2563,2.3076,0.0065784,0.00033974,17.038,0.7746,-0.63778,3.3707,6.3673,0,0.495,0.26204,-0.1124
139.67,-137.92,29.951,-1.2946,1.117,0.0056991,9.3395e-05,4.8443,0.38565,7.2813,2.4284,-0.91956,0,0.495,0.3419,-0.10862
164.73,-163.65,29.947,-1.325,1.2397,0.0057446,0.00010229,5.7443,0.71197,8.2029,2.9097,-0.50776,0,0.495,0.33396,-0.10861
135.94,-134.82,29.928,-1.3225,1.1019,0.0057239,0.00010438,5.2862,0.71548,7.596,2.041,-0.63505,0,0.495,0.3419,-0.1046
161.55,-159.1,29.921,-1.3554,1.2249,0.0057786,0.00011862,6.3192,1.0679,8.8144,2.6137,-0.31943,0,0.495,0.33396,-0.1046
106.91,-115.02,29.984,-1.2388,1.0231,0.0056422,8.5343e-05,3.7025,-0.25982,5.0486,2.5974,0.93989,0,0.495,0.34984,-0.11262
145.81,-144.91,29.974,-1.2649,1.1303,0.0056787,8.4966e-05,4.4839,0.061929,6.5894,2.7577,-1.1811,0,0.495,0.3419,-0.11261
103.24,-110.31,29.963,-1.2655,1.0102,0.0056575,9.065e-05,3.9776,0.041112,5.3898,2.2808,0.97782,0,0.495,0.34984,-0.10862
102.62,-110.22,29.943,-1.2916,0.99578,0.0056759,9.6989e-05,4.3242,0.34688,5.2647,1.9502,1.0029,0,0.495,0.34984,-0.10461
168.41,-169.84,29.973,-1.2923,1.2524,0.0057167,9.0218e-05,5.2605,0.3632,7.3936,3.0232,-0.60163,0,0.495,0.33396,-0.1126
168.01,-177.04,29.902,-1.3879,1.3582,0.0058363,0.00013906,7.3044,1.3814,7.6283,2.5435,1.6661,0,0.495,0.32602,-0.10459
173.24,-180.88,29.876,-1.4211,1.3411,0.0058948,0.00016922,8.2274,1.7825,8.0952,2.3536,1.7006,0,0.495,0.32603,-0.10046
161.84,-159.95,29.897,-1.385,1.2076,0.0058202,0.00014006,7.0093,1.4361,8.9122,2.3598,-0.075861,0,0.495,0.33397,-0.10047
171.24,-192.43,29.811,-1.4941,1.4455,0.006098,0.00028533,11.124,2.5524,5.111,1.786,3.3505,0,0.495,0.3181,-0.096133
181.48,-189.04,29.85,-1.4547,1.321,0.0059675,0.00020946,9.3296,2.1953,8.0901,2.1915,1.6558,0,0.495,0.32604,-0.096148
159.06,-181.59,29.837,-1.4554,1.4632,0.005998,0.00022627,9.6992,2.1029,4.4723,2.0462,3.4316,0,0.495,0.31809,-0.10042
165.76,-165.66,29.872,-1.4156,1.1886,0.0058707,0.00016783,7.8229,1.8143,8.5124,2.2321,0.10121,0,0.495,0.33398,-0.096151
149.03,-173.21,29.865,-1.4162,1.4768,0.005918,0.00018211,8.5038,1.6645,3.5295,2.2671,3.3904,0,0.495,0.31808,-0.10456
135.75,-136.49,29.907,-1.3506,1.0853,0.0057536,0.00011853,5.8112,1.0566,7.4149,1.7966,-0.35461,0,0.495,0.34191,-0.10047
104.77,-115.12,29.906,-1.3486,0.96457,0.0057212,0.00011627,5.1648,0.98359,4.4574,1.7269,1.0806,0,0.495,0.34986,-0.096218
103.79,-112.81,29.925,-1.3191,0.98043,0.0056974,0.00010527,4.7278,0.66185,4.833,1.7483,1.0269,0,0.495,0.34984,-0.1005
137.7,-140.56,29.886,-1.3803,1.0678,0.0057882,0.00013667,6.4089,1.406,6.9461,1.7537,-0.13271,0,0.495,0.34192,-0.09616
164.76,-176.54,29.929,-1.3538,1.3719,0.0057898,0.00011689,6.5392,0.99408,6.8032,2.6884,1.677,0,0.495,0.32602,-0.1086
130.47,-155.87,29.92,-1.3358,1.4924,0.0058048,0.00012802,6.6753,0.82755,1.6564,2.3439,3.2245,0,0.495,0.31808,-0.11259
139.86,-165.14,29.892,-1.3763,1.4863,0.0058552,0.00015045,7.5147,1.2409,2.5242,2.4053,3.3237,0,0.495,0.31808,-0.10859
161.3,-175.77,29.955,-1.3178,1.3828,0.0057519,0.0001009,5.887,0.61553,5.932,2.61,1.7373,0,0.495,0.32602,-0.11259
78.919,-83.327,30.089,-1.1406,0.68215,0.0055587,8.7632e-05,2.0098,-1.1351,7.1626,1.1781,1.451,0,0.495,0.38956,-0.10006
62.873,-65.324,30.109,-1.1014,0.60697,0.0055504,9.9663e-05,1.8164,-1.4329,6.0664,2.7346,0.77764,0,0.495,0.39751,-0.10002
79.744,-85.516,30.101,-1.1238,0.70312,0.0055534,8.6223e-05,1.9068,-1.3413,7.1025,0.81931,1.8939,0,0.495,0.38956,-0.10411
63.784,-68.678,30.127,-1.075,0.61313,0.0055452,9.8982e-05,1.7164,-1.7005,5.4211,2.3144,0.92167,0,0.495,0.39752,-0.10402
77.616,-84.476,30.047,-1.2056,0.75124,0.0055765,8.947e-05,2.3392,-0.56581,5.4386,0.43969,1.8282,0,0.495,0.38166,-0.096224
76.706,-75.906,30.075,-1.1533,0.66008,0.005564,8.986e-05,2.1029,-0.93193,8.0958,1.6674,0.92995,0,0.495,0.38956,-0.096039
73.475,-82.471,30.058,-1.1885,0.77416,0.0055689,9.1893e-05,2.1849,-0.79585,4.6047,0.065844,2.0831,0,0.495,0.38166,-0.10034
55.608,-52.528,30.095,-1.1011,0.57719,0.0055523,0.0001074,1.8247,-1.3368,6.59,3.1199,0.28103,0,0.495,0.39752,-0.096019
68.429,-76.149,30.068,-1.1707,0.79548,0.0055615,9.611e-05,2.0223,-1.0251,4.6124,0.060325,2.1376,0,0.495,0.38164,-0.10444
74.334,-78.2,30.112,-1.1093,0.72497,0.0055477,8.8017e-05,1.7846,-1.5487,7.8619,0.51367,2.1738,0,0.495,0.38955,-0.10819
66.727,-71.133,30.137,-1.0676,0.64507,0.0055428,9.4296e-05,1.6807,-1.8098,6.4826,1.7639,1.5664,0,0.495,0.39751,-0.10804
53.716,-56.443,30.091,-1.1439,0.83456,0.0055474,0.00011126,1.7095,-1.4808,4.8099,0.40657,1.4853,0,0.495,0.38159,-0.11257
60.302,-65.607,30.079,-1.1558,0.81584,0.0055541,0.00010333,1.8572,-1.2537,4.9273,0.24253,1.9301,0,0.495,0.38161,-0.10852
69.716,-71.092,30.122,-1.0983,0.74645,0.0055418,9.0377e-05,1.6577,-1.7558,8.3264,0.29712,2.1921,0,0.495,0.38955,-0.1123
62.925,-65.312,30.152,-1.0459,0.6522,0.0055368,9.7353e-05,1.5517,-2.0752,6.7338,1.4517,1.4109,0,0.495,0.39752,-0.11206
-1135.7,10441,3.9685,0.94374,-7.544,20.819,0.022298,916.23,-62.599,-343.92,-21.129,-52.594,0,0.495,0.023441,-0.1401
-643.43,6122,4.5616,0.6457,-9.8753,17.774,0.015652,1196.3,-60.671,-333.26,-26.774,-104.12,0,0.495,0.015514,-0.14009
-1066,10857,4.038,0.75073,-7.8058,21.049,0.022941,898.3,-64.406,-342.49,-23.616,-55.459,0,0.495,0.02345,-0.13609
-823.69,6546.9,4.6449,0.51387,-10.127,18.001,0.01619,1170.8,-62.399,-330.97,-28.223,-105.21,0,0.495,0.015524,-0.13609
1052.1,14113,3.5985,1.5082,-4.9096,22.072,0.025199,842.35,-62.982,-358.92,-13.599,-10.637,0,0.495,0.031357,-0.14411
-1106,9939.9,3.9174,1.1396,-7.2557,20.533,0.021598,937.16,-60.443,-344.89,-18.22,-49.311,0,0.495,0.023431,-0.1441
1063.8,14801,3.6168,1.2589,-5.1941,22.393,0.025854,825.11,-65.165,-360.08,-17.684,-15.683,0,0.495,0.031366,-0.1401
1173.1,15399,3.6581,1.0096,-5.4569,22.646,0.026454,810.73,-67.016,-360.6,-21.515,-20.279,0,0.495,0.031375,-0.1361
-290.55,5573.6,4.4925,0.78077,-9.5938,17.505,0.01506,1224.7,-58.572,-335.17,-24.744,-102.54,0,0.495,0.015505,-0.14409
-18756,1808.4,5.762,0.30147,-12.51,12.765,0.0062223,2497.6,-60.703,656.24,-24.318,-1666.1,0,0.495,0.0075955,-0.13608
-16759,1360.2,5.8574,0.2342,-12.717,12.905,0.0064185,2489.1,-61.927,670.09,-25.197,-1657.5,0,0.495,0.0076055,-0.13208
-846.87,6835.8,4.7431,0.38508,-10.348,18.194,0.016673,1148.3,-63.737,-328.36,-30.066,-105.69,0,0.495,0.015533,-0.13208
-30903,-3768.4,6.7071,0.11998,-14.097,9.6623,0.00083585,3636.7,-61.335,1687,2.4862,-3159.1,0,0.495,0,-0.12807
-14650,807.65,5.9609,0.16857,-12.892,13.031,0.0066004,2481.7,-62.748,681.88,-25.396,-1648.2,0,0.495,0.0076155,-0.12807
-35086,-2343,6.6102,0.15655,-13.93,9.5842,0.00082777,3626.8,-60.608,1666.3,2.2129,-3177.4,0,0.495,0,-0.13207
-680.09,6978.7,4.8543,0.2596,-10.539,18.357,0.017088,1128.5,-64.688,-325.45,-31.297,-105.68,0,0.495,0.015543,-0.12808
-39243,-985.41,6.519,0.19372,-13.731,9.5032,0.0008201,3616.1,-59.469,1641.2,2.5495,-3194.6,0,0.495,0,-0.13608
-930.82,11144,4.1268,0.56047,-8.0402,21.232,0.023519,883.18,-65.831,-340.55,-26.531,-57.749,0,0.495,0.023459,-0.13209
1533.2,16060,3.8122,0.51317,-5.9122,22.992,0.027449,789.73,-69.597,-358.97,-29.809,-27.878,0,0.495,0.031393,-0.1281
1241.8,15843,3.7236,0.76055,-5.6967,22.843,0.026999,799.02,-68.49,-360.26,-25.808,-24.311,0,0.495,0.031384,-0.1321
-662.14,11269,4.2334,0.37365,-8.2466,21.375,0.024008,870.65,-66.879,-338.08,-28.975,-59.617,0,0.495,0.023469,-0.12809
-20707,2004.6,5.677,0.37036,-12.271,12.609,0.0060127,2507,-59.079,640.3,-23.874,-1673.5,0,0.495,0.007586,-0.14008
-22505,2095.4,5.6012,0.4411,-11.999,12.435,0.0057906,2517.2,-57.06,622.28,-22.778,-1680.2,0,0.495,0.0075764,-0.14409
-47809,931.48,6.3586,0.27028,-13.231,9.3277,0.00080552,3591.6,-55.982,1577.6,2.8176,-3224.8,0,0.495,0,-0.14408
-43560,8.4506,6.4355,0.23151,-13.498,9.4182,0.00081275,3604.4,-57.929,1611.7,2.3874,-3210.3,0,0.495,0,-0.14008
2258.9,8777.3,16.764,2.2889,6.4723,25.206,0.01936,1302,-51.222,-92.894,168.76,474.12,0,0.495,0.087075,-0.14017
333.65,13521,13.098,2.4328,6.0997,26.478,0.02019,1275.1,-57.153,-162.68,139.99,468.07,0,0.495,0.079148,-0.14015
812.07,9504.4,16.106,1.9916,6.5538,25.928,0.020276,1279.1,-52.813,-105.25,148.06,467.27,0,0.495,0.087078,-0.13617
-1137.6,14459,12.522,2.0986,6.1094,26.849,0.021022,1241.5,-58.903,-176.69,116.88,454.89,0,0.495,0.079151,-0.13615
3554.3,3367.7,21.058,2.3115,6.2597,20.348,0.016168,1254.1,-43.511,-27.345,191.99,438.12,0,0.495,0.094999,-0.14418
3693.5,7928.6,17.497,2.5665,6.3519,24.34,0.018392,1323,-49.415,-79.624,189.48,478.94,0,0.495,0.087073,-0.14417
3450.4,4129.4,20.313,2.0749,6.4321,21.63,0.017225,1252.6,-45.199,-37.462,176.94,441.35,0,0.495,0.095002,-0.14018
2087.3,4802.2,19.625,1.8188,6.5656,22.744,0.018227,1245.6,-46.69,-47.132,160.73,441.56,0,0.495,0.095004,-0.13618
2017.1,12437,13.762,2.7485,6.0545,26.029,0.019394,1310.2,-55.151,-147.24,164.15,480.35,0,0.495,0.079145,-0.14415
-1146.6,19413,9.1988,2.0828,5.105,26.001,0.0218,1139.4,-63.409,-253.72,83.249,392.65,0,0.495,0.071214,-0.13614
-1976.8,20350,8.8318,1.7081,5.0088,26.196,0.022809,1106.3,-64.905,-265.3,62.988,374.92,0,0.495,0.071217,-0.13214
-2216.8,15240,12.027,1.7485,6.0862,27.157,0.021783,1209.7,-60.306,-189.02,95.767,440.77,0,0.495,0.079153,-0.13215
-11446,25154,6.1782,1.1939,3.1984,25.039,0.02622,951.21,-70.628,-334.98,8.0629,260.37,0,0.495,0.063229,-0.12812
-2578.6,21054,8.5409,1.3228,4.8926,26.375,0.023795,1077.3,-66.082,-274.66,44.298,358.33,0,0.495,0.07122,-0.12814
-7728.7,24408,6.3379,1.5855,3.3657,24.84,0.025279,974.68,-69.411,-328.08,22.461,275.4,0,0.495,0.063222,-0.13212
-2880.9,15825,11.611,1.3861,6.0326,27.418,0.022641,1180.2,-61.414,-199.47,75.721,426.38,0,0.495,0.079156,-0.12816
-7153,23419,6.5594,1.9685,3.5259,24.622,0.024181,1002.9,-67.847,-319.19,38.308,292.38,0,0.495,0.063217,-0.13613
-465.22,10082,15.523,1.6775,6.5976,26.525,0.021077,1255.3,-54.096,-116.38,128.76,458.45,0,0.495,0.08708,-0.13217
-193.29,5724.9,18.42,1.2612,6.7169,24.515,0.020067,1220.7,-48.902,-64.417,128.91,433.93,0,0.495,0.095008,-0.12819
953.06,5332.7,18.994,1.5466,6.6602,23.701,0.019173,1234.6,-47.914,-56.158,144.93,438.82,0,0.495,0.095006,-0.13219
-1489.9,10492,15.009,1.3503,6.6051,27.017,0.021894,1231.1,-55.119,-126.17,109.93,448.38,0,0.495,0.087082,-0.12817
102.91,18333,9.6481,2.4441,5.1778,25.79,0.020771,1176.9,-61.549,-240.07,105.98,410.89,0,0.495,0.07121,-0.14014
-3157.3,21000,7.2147,2.7035,3.8133,24.137,0.021643,1075.8,-63.667,-295.26,77.373,332.51,0,0.495,0.063188,-0.14413
-6214.9,22316,6.8494,2.3416,3.6762,24.387,0.022995,1036.4,-65.91,-308.32,56.47,311.22,0,0.495,0.063208,-0.14013
1603.1,17090,10.187,2.7901,5.2234,25.559,0.019831,1218.8,-59.426,-224.36,130.72,429.9,0,0.495,0.071204,-0.14414
752.32,-851.13,29.97,0.39728,3.7192,0.077286,0.00099776,69.451,-19.97,4.647,7.4886,8.3506,0,0.495,0.15063,-0.14006
813.1,-1147.3,29.929,0.53787,3.9322,0.28475,0.0018915,135.96,-22.136,7.3987,16.774,22.272,0,0.495,0.14259,-0.14023
721.24,-822.26,29.935,0.3154,3.7995,0.11061,0.0011883,84.104,-20.157,4.7107,9.3981,11.614,0,0.495,0.15063,-0.13606
581,-1081.6,29.858,0.43853,4.0255,0.3998,0.0021857,165.96,-22.422,8.1447,20.955,30.041,0,0.495,0.14261,-0.1362
614.06,-669.1,29.978,0.33258,3.4688,0.017116,0.00040157,35.911,-17.775,2.8771,4.5831,3.1404,0,0.495,0.15858,-0.14402
777.39,-871.88,29.999,0.4741,3.6319,0.053015,0.00078853,57.432,-19.749,4.23,6.1811,5.8864,0,0.495,0.15062,-0.14405
606.8,-657.52,29.956,0.26738,3.5461,0.023171,0.00051324,41.51,-17.886,3.411,4.8969,3.8826,0,0.495,0.15858,-0.14003
599.06,-642.74,29.93,0.19907,3.6181,0.031965,0.00061702,48.394,-17.963,3.3709,5.747,4.9884,0,0.495,0.15858,-0.13604
968.19,-1177.4,29.984,0.6307,3.831,0.19785,0.0015935,110.21,-21.807,6.6527,13.337,15.918,0,0.495,0.14258,-0.14423
-42.7,-1366.9,29.573,0.60207,4.3285,1.2586,0.0036981,315.87,-25.254,14.578,43.007,71.048,0,0.495,0.13464,-0.13625
-419.65,-1248.9,29.394,0.48017,4.4318,1.6438,0.0041916,366.49,-25.692,15.838,50.469,85.998,0,0.495,0.13466,-0.13223
352.15,-1010.8,29.768,0.33331,4.1097,0.54869,0.0025016,199.95,-22.659,8.9073,25.965,39.001,0,0.495,0.14267,-0.13211
-2037.3,-815.91,28.184,0.50334,4.9598,4.8697,0.0073749,635.4,-28.969,23.514,93.032,173.38,0,0.495,0.12671,-0.12825
-784.67,-1064,29.182,0.35342,4.5224,2.0948,0.0047227,417.32,-26.055,16.842,57.768,101.65,0,0.495,0.13467,-0.12822
-1582.7,-1143.8,28.532,0.64884,4.8513,4.0433,0.0066173,584.31,-28.461,23.293,86.476,155.82,0,0.495,0.12671,-0.13225
154.43,-899.3,29.656,0.22457,4.1842,0.73621,0.0028444,237.34,-22.84,9.5914,31.222,49.203,0,0.495,0.14269,-0.12807
-1224.3,-1406.2,28.849,0.78772,4.7254,3.2816,0.0058959,528.65,-27.868,22.64,78.772,137.34,0,0.495,0.12671,-0.13625
684.41,-794.7,29.89,0.22819,3.8717,0.15583,0.0013854,101.72,-20.308,4.625,12.066,15.583,0,0.495,0.15064,-0.13205
576.71,-606.96,29.86,0.049521,3.7422,0.061315,0.00084412,66.815,-18.002,2.3838,8.981,8.2417,0,0.495,0.15858,-0.12805
592.44,-627.47,29.899,0.12648,3.6837,0.044298,0.00072281,56.737,-18.005,2.9451,7.229,6.3932,0,0.495,0.15858,-0.13204
615.67,-754.12,29.832,0.13674,3.9357,0.21663,0.0016006,122.61,-20.409,4.5758,15.067,20.475,0,0.495,0.15065,-0.12805
308.46,-1482.8,29.723,0.7176,4.2141,0.93854,0.0032408,267,-24.774,13.243,35.978,56.985,0,0.495,0.13464,-0.14026
-550.06,-1862.1,29.379,1.0413,4.4318,1.9995,0.004579,408.62,-26.523,20.005,61.412,99.059,0,0.495,0.12671,-0.14424
-869.56,-1685.2,29.132,0.91887,4.5847,2.5967,0.0052147,469.51,-27.225,21.566,70.521,118.18,0,0.495,0.12671,-0.14025
605.26,-1530.2,29.844,0.82541,4.0908,0.68126,0.0028173,221.44,-24.243,11.865,29.364,44.322,0,0.495,0.13463,-0.14425
299.67,-331.1,29.789,-0.42594,2.723,0.0062927,0.00013086,12.545,-7.2134,-3.202,4.3427,4.1195,0,0.495,0.21442,-0.1403
310.25,-340.75,29.789,-0.33402,2.8053,0.0064582,0.00015239,14.244,-8.3606,-2.6427,4.2277,3.4712,0,0.495,0.20648,-0.14029
316.18,-348.51,29.756,-0.4824,2.7737,0.00643,0.00015926,14.126,-6.8481,-2.7118,3.2535,4.1023,0,0.495,0.21442,-0.13631
328.26,-359.72,29.758,-0.38749,2.8602,0.0066159,0.00018399,15.947,-8.0367,-2.0648,3.2595,3.4627,0,0.495,0.20648,-0.1363
291.54,-329.7,29.838,-0.44838,2.586,0.0060611,9.2024e-05,9.8539,-6.5842,-2.3611,5.6121,5.1202,0,0.495,0.22236,-0.14431
286.29,-317.39,29.826,-0.36957,2.6738,0.0061763,0.00010794,11.139,-7.5489,-3.6259,5.7375,4.1679,0,0.495,0.21442,-0.1443
301.99,-341.04,29.8,-0.507,2.6316,0.0061612,0.00011149,11.139,-6.2167,-2.1522,4.2963,5.0884,0,0.495,0.22236,-0.14031
313.98,-354.19,29.765,-0.56606,2.6782,0.0062805,0.00013673,12.599,-5.8203,-1.7549,3.194,5.0525,0,0.495,0.22236,-0.13632
295.44,-325.28,29.824,-0.28004,2.7522,0.0063225,0.000126,12.705,-8.6534,-3.2548,5.6327,3.5469,0,0.495,0.20648,-0.14428
378.08,-403.42,29.768,-0.29368,2.9539,0.0068321,0.00020269,17.941,-9.3261,0.78786,3.1797,2.322,0,0.495,0.19854,-0.13628
399.02,-425.05,29.738,-0.34424,3.0147,0.0070379,0.00024111,19.883,-9.018,0.79922,2.9819,2.4445,0,0.495,0.19854,-0.13228
349.02,-381.23,29.728,-0.44096,2.917,0.006796,0.0002206,17.789,-7.6795,-1.606,2.8409,3.5485,0,0.495,0.20648,-0.1323
451.03,-457.2,29.735,-0.28822,3.1973,0.0076441,0.00029561,24.513,-10.217,1.9515,4.093,1.402,0,0.495,0.19051,-0.12816
420.47,-445.38,29.707,-0.39631,3.0765,0.007273,0.00028419,21.985,-8.674,0.52162,3.4063,2.6637,0,0.495,0.19853,-0.12827
438.57,-445.87,29.767,-0.23806,3.1356,0.0073529,0.00026767,22.221,-10.489,2.7368,3.4092,1.1114,0,0.495,0.19055,-0.13218
372.81,-403.95,29.696,-0.49501,2.9751,0.0070021,0.00026349,19.786,-7.2872,-1.373,3.0437,3.744,0,0.495,0.20648,-0.1283
423.59,-432.48,29.796,-0.18927,3.0743,0.0071039,0.00022585,20.14,-10.744,3.1157,3.3431,0.90813,0,0.495,0.19058,-0.13623
335.78,-369.16,29.725,-0.53911,2.826,0.0065888,0.00019304,15.868,-6.4512,-2.2155,2.6531,4.1488,0,0.495,0.21442,-0.13231
348.3,-390.19,29.701,-0.68459,2.7747,0.0065818,0.00020521,16.022,-4.9362,-0.73455,2.3915,5.042,0,0.495,0.22236,-0.12833
328.86,-370.15,29.733,-0.62529,2.7259,0.0064201,0.00016785,14.228,-5.3941,-1.2401,2.5231,5.0234,0,0.495,0.22236,-0.13233
358.85,-392.65,29.693,-0.59626,2.8797,0.0067719,0.00023291,17.771,-6.0222,-1.8213,2.659,4.2816,0,0.495,0.21442,-0.12832
360.06,-384.07,29.797,-0.24372,2.895,0.0066513,0.00016923,16.131,-9.6021,0.48215,3.9836,2.2754,0,0.495,0.19855,-0.14028
403.21,-413.13,29.855,-0.094153,2.9542,0.006701,0.00015593,16.423,-11.157,2.5684,5.0836,0.73071,0,0.495,0.19059,-0.14423
411.34,-420.52,29.824,-0.1418,3.0138,0.0068882,0.00018837,18.21,-10.966,3.0656,3.93,0.7776,0,0.495,0.19059,-0.14023
344.79,-368.14,29.83,-0.19335,2.8381,0.0064939,0.00014061,14.469,-9.848,-0.082523,5.3305,2.3011,0,0.495,0.19855,-0.14427
222.24,-254.2,29.922,-0.93252,1.9569,0.0057485,6.9769e-05,5.8001,-2.1855,1.5742,1.1731,4.0628,0,0.495,0.27832,-0.14042
194.01,-224.03,29.9,-0.89224,2.0603,0.0057755,7.6416e-05,6.121,-2.4764,-2.7144,1.3645,2.878,0,0.495,0.2701,-0.1404
214.69,-245.4,29.9,-0.98639,1.9787,0.0057946,8.2196e-05,6.5674,-1.7513,2.2121,0.37581,3.9245,0,0.495,0.27827,-0.13628
189.34,-220.45,29.877,-0.94924,2.0844,0.0058287,9.0942e-05,6.9945,-2.0338,-2.0591,0.3893,3.1396,0,0.495,0.27009,-0.13638
246.23,-285.08,29.988,-0.91767,1.796,0.0056951,5.7896e-05,4.9622,-2.3916,4.7553,2.311,5.5612,0,0.495,0.28633,-0.14449
228.45,-261.87,29.947,-0.87771,1.9337,0.0057106,6.167e-05,5.1358,-2.6003,1.1547,2.2002,4.0695,0,0.495,0.27834,-0.14447
235.85,-271.93,29.963,-0.96866,1.8179,0.0057269,6.489e-05,5.5268,-1.9884,5.3497,1.5985,5.4312,0,0.495,0.28633,-0.14049
225.91,-259.29,29.939,-1.0177,1.838,0.0057653,7.5066e-05,6.1734,-1.5684,5.9943,1.1486,5.1189,0,0.495,0.28631,-0.13645
196.78,-226.27,29.927,-0.83468,2.0351,0.0057321,6.7108e-05,5.3678,-2.8972,-3.0966,2.5338,2.5924,0,0.495,0.2701,-0.1444
189,-221.3,29.856,-0.90743,2.1714,0.0058848,0.00010053,7.7898,-2.4007,-4.1635,1.5865,3.701,0,0.495,0.26205,-0.13636
190.71,-225.33,29.832,-0.96542,2.1981,0.0059576,0.00012296,8.8894,-1.9315,-3.369,0.97364,4.3254,0,0.495,0.26204,-0.13237
187.27,-218.75,29.857,-1.0051,2.1069,0.0058926,0.00011115,7.9939,-1.5663,-1.301,-0.12498,3.3709,0,0.495,0.27008,-0.13236
230.23,-268.95,29.771,-0.97395,2.3158,0.006147,0.00016782,11.49,-1.9076,-2.7832,2.1287,4.9355,0,0.495,0.2541,-0.12837
194.83,-231.75,29.808,-1.0229,2.2235,0.0060439,0.00015218,10.134,-1.4367,-2.541,0.82313,4.9144,0,0.495,0.26204,-0.12837
224.88,-261.23,29.801,-0.91497,2.2843,0.0060488,0.00013607,10.154,-2.4057,-3.5446,2.3757,4.3064,0,0.495,0.2541,-0.13236
190.21,-222.01,29.837,-1.0598,2.1274,0.0059682,0.00013754,9.1295,-1.0747,-0.59191,-0.12595,3.5294,0,0.495,0.27007,-0.12834
220.67,-254.8,29.832,-0.85575,2.2517,0.0059655,0.00011127,8.9681,-2.8776,-4.2633,3.0184,3.6826,0,0.495,0.2541,-0.13636
209.87,-238.68,29.88,-1.0388,1.9983,0.00585,9.9526e-05,7.4506,-1.2943,2.899,0.064763,3.6891,0,0.495,0.27823,-0.13215
224.05,-251.71,29.89,-1.112,1.8711,0.0058668,0.00010696,7.804,-0.67313,6.7321,1.5095,4.0968,0,0.495,0.28623,-0.12821
220.98,-251.49,29.915,-1.0652,1.8558,0.0058114,8.8818e-05,6.9248,-1.1303,6.5023,1.1391,4.6771,0,0.495,0.28628,-0.13236
211.33,-238.28,29.859,-1.0899,2.0153,0.0059159,0.00012222,8.4629,-0.81534,3.4446,0.24721,3.3292,0,0.495,0.27819,-0.12806
188.32,-218.15,29.883,-0.84886,2.1439,0.005824,8.4053e-05,6.8225,-2.8454,-4.822,2.5875,3.0951,0,0.495,0.26205,-0.14036
208.61,-238.89,29.901,-0.73819,2.1846,0.0058375,7.9477e-05,7.0061,-3.7486,-5.1308,5.0272,2.5793,0,0.495,0.2541,-0.14434
216.36,-248.21,29.865,-0.79654,2.2184,0.0058954,9.2515e-05,7.921,-3.3244,-4.8233,3.9755,3.0966,0,0.495,0.2541,-0.14035
184.39,-212.48,29.914,-0.79038,2.1158,0.0057742,7.3271e-05,5.9818,-3.2688,-5.214,3.7378,2.5438,0,0.495,0.26205,-0.14435
109.39,-109.25,30.13,-1.0364,1.1988,0.0055756,7.5004e-05,2.3885,-2.0927,9.4439,1.2774,0.52535,0,0.495,0.34191,-0.14055
106.73,-116.1,30.114,-1.0621,1.3203,0.0055826,7.4893e-05,2.5235,-1.9519,7.9529,-0.22767,1.8627,0,0.495,0.33397,-0.14055
121.38,-120.2,30.112,-1.06,1.1891,0.0055876,7.3206e-05,2.6432,-1.7987,8.7495,1.7231,-0.14556,0,0.495,0.34191,-0.13656
114.63,-121.92,30.102,-1.0878,1.3112,0.0055961,7.361e-05,2.8017,-1.6365,8.2547,0.21891,1.4033,0,0.495,0.33397,-0.13655
92.911,-95.959,30.161,-0.99448,1.0851,0.005558,7.8331e-05,2.0212,-2.534,9.3646,2.5838,2.0649,0,0.495,0.34985,-0.14455
108.1,-112.14,30.146,-1.0136,1.207,0.0055659,7.4466e-05,2.2001,-2.3792,9.0949,0.98677,1.1813,0,0.495,0.34191,-0.14455
97.494,-98.854,30.139,-1.0144,1.0781,0.0055664,7.8117e-05,2.1903,-2.2668,8.9187,2.8308,1.5658,0,0.495,0.34985,-0.14056
109.03,-112.42,30.117,-1.0375,1.0705,0.0055764,7.5931e-05,2.4091,-1.9933,7.4944,2.9078,1.1902,0,0.495,0.34984,-0.13657
110.35,-123.83,30.125,-1.0346,1.3273,0.0055719,7.3703e-05,2.3219,-2.2594,6.6711,-0.27418,2.1447,0,0.495,0.33397,-0.14454
85.952,-99.311,30.074,-1.1118,1.4261,0.005603,8.5541e-05,2.8644,-1.5324,4.3452,-0.34352,2.4377,0,0.495,0.32603,-0.13655
98.261,-112.42,30.061,-1.1404,1.42,0.0056207,8.1547e-05,3.2377,-1.1912,4.8668,0.15704,2.4497,0,0.495,0.32603,-0.13256
130.18,-137.37,30.087,-1.1154,1.3013,0.0056123,7.1332e-05,3.1538,-1.3154,7.7513,0.91375,0.8691,0,0.495,0.33397,-0.13256
75.459,-94.349,30.015,-1.1841,1.4985,0.0056675,9.7324e-05,4.0475,-0.74885,0.033913,1.006,2.3122,0,0.495,0.31809,-0.12856
115.49,-130.93,30.045,-1.1715,1.4133,0.0056418,7.841e-05,3.6973,-0.84151,4.8397,0.81333,2.3698,0,0.495,0.32603,-0.12856
61.894,-78.809,30.034,-1.1519,1.4972,0.0056434,0.00010098,3.5497,-1.1229,-0.52611,0.56605,1.8706,0,0.495,0.31809,-0.13255
148.5,-156.01,30.068,-1.147,1.2915,0.005631,7.0001e-05,3.5655,-0.98764,6.9214,1.649,0.39521,0,0.495,0.33397,-0.12857
52.888,-67.815,30.05,-1.1211,1.4944,0.0056235,0.00010496,3.1507,-1.4863,-1.6931,0.29768,1.3241,0,0.495,0.31809,-0.13654
137.83,-137.99,30.092,-1.0877,1.1792,0.0056014,7.0755e-05,2.9491,-1.4994,7.4081,2.185,-0.73111,0,0.495,0.34191,-0.13257
130.49,-140.55,30.073,-1.1007,1.0563,0.0055986,7.2117e-05,2.9031,-1.4302,4.1255,2.8584,0.88138,0,0.495,0.34984,-0.12858
121.87,-128.92,30.095,-1.0662,1.0631,0.0055874,7.3405e-05,2.6555,-1.7143,5.6709,2.864,0.93525,0,0.495,0.34984,-0.13258
153.01,-154.8,30.071,-1.1207,1.1697,0.0056164,6.9374e-05,3.2824,-1.1942,6.0234,2.593,-1.0782,0,0.495,0.3419,-0.12858
81.3,-95.019,30.085,-1.083,1.4308,0.0055885,8.7667e-05,2.5787,-1.8659,2.9733,-0.45596,2.2894,0,0.495,0.32603,-0.14054
48.563,-58.942,30.083,-1.0519,1.4824,0.0055941,0.00010254,2.6098,-2.1838,-6.1755,0.98207,-0.029593,0,0.495,0.31809,-0.14453
49.01,-62.121,30.066,-1.0888,1.4896,0.0056072,0.00010574,2.8438,-1.8403,-3.635,0.43689,0.7059,0,0.495,0.31809,-0.14053
84.987,-99.24,30.096,-1.0504,1.4333,0.0055771,8.6433e-05,2.3686,-2.1904,0.79963,-0.11768,1.9252,0,0.495,0.32603,-0.14453
82.313,-96.457,30.176,-1.0051,0.83474,0.0055241,8.6662e-05,1.3522,-2.7826,0.3756,1.5197,1.2668,0,0.495,0.38953,-0.13255
84.104,-99.613,30.201,-0.97737,0.75978,0.0055217,8.506e-05,1.3157,-2.967,2.1139,2.0573,1.9934,0,0.495,0.3975,-0.13235
78.553,-91.35,30.191,-0.96905,0.84521,0.0055209,8.9713e-05,1.2798,-2.9838,0.43003,1.6236,1.288,0,0.495,0.38953,-0.13657
80.981,-95.655,30.221,-0.93545,0.75701,0.0055185,8.6797e-05,1.2471,-3.2079,1.9021,2.1006,2.0109,0,0.495,0.39751,-0.13644
47.596,-52.828,30.147,-1.0648,0.8874,0.0055321,0.00011606,1.436,-2.3717,-3.7099,1.6109,-0.798,0,0.495,0.38159,-0.1286
76.778,-90.588,30.162,-1.0374,0.8226,0.0055268,8.8241e-05,1.3974,-2.5823,2.2162,1.1422,1.4007,0,0.495,0.38954,-0.12853
44.256,-48.964,30.163,-1.0295,0.89399,0.0055289,0.00011961,1.3717,-2.5893,-4.8621,1.8175,-1.0687,0,0.495,0.38159,-0.13259
70.836,-82.753,30.193,-0.99592,0.73123,0.0055231,9.1989e-05,1.3211,-2.8367,4.0706,1.6616,1.7569,0,0.495,0.39752,-0.12822
36.957,-41.645,30.181,-0.99508,0.90039,0.005525,0.00013162,1.2826,-2.8064,-4.3809,1.9295,-1.2623,0,0.495,0.38159,-0.13659
64.588,-74.922,30.205,-0.93964,0.85734,0.0055171,9.9185e-05,1.1877,-3.1843,1.9503,1.5603,1.1552,0,0.495,0.38953,-0.14058
74.249,-88.254,30.23,-0.9092,0.78412,0.0055161,8.8735e-05,1.1941,-3.3447,2.9977,2.0122,2.356,0,0.495,0.39749,-0.14054
20.849,-24.923,30.216,-0.94909,0.91548,0.0055169,0.00016712,1.0969,-3.2332,-2.2323,2.0803,-2.0213,0,0.495,0.38159,-0.14457
26.762,-31.896,30.198,-0.96817,0.90786,0.0055209,0.00015081,1.1843,-3.0212,-3.1035,2.0247,-1.6347,0,0.495,0.38159,-0.14058
54.728,-60.575,30.219,-0.91848,0.86985,0.0055132,0.00010801,1.096,-3.3819,3.309,1.6166,0.93819,0,0.495,0.38953,-0.14458
62.95,-72.569,30.248,-0.88026,0.78282,0.0055121,9.5621e-05,1.101,-3.5794,4.4132,1.9467,2.1811,0,0.495,0.39749,-0.14457
-6.81,2283.8,4.1229,2.5703,-4.5825,16.174,0.013821,1181.8,-37.165,-325.54,4.8942,-12.165,0,0.495,0.023381,-0.1721
5948.4,-3203,4.4766,1.8052,-6.7994,14.011,0.0097141,1503.4,-35.037,-326.44,-8.0767,-76.926,0,0.495,0.015454,-0.17209
-483.02,3832.7,4.0261,2.3672,-5.0278,17.111,0.015223,1135.5,-41.173,-331.72,0.40449,-19.525,0,0.495,0.023384,-0.1681
4785.7,-1426.9,4.4228,1.6546,-7.284,14.724,0.010571,1456,-39.145,-330.84,-10.931,-82.18,0,0.495,0.015457,-0.1681
2229.8,4875.5,4.4026,3.4828,-2.0391,15.923,0.014213,1123.1,-35.876,-313.74,38.045,72.386,0,0.495,0.031305,-0.1761
653.68,693.18,4.2468,2.7716,-4.1196,15.126,0.012395,1231.8,-33.059,-318.17,11.162,-3.1013,0,0.495,0.023378,-0.17609
1413.7,6469.9,4.1773,3.248,-2.4403,17.06,0.016004,1068.5,-39.846,-324.76,24.224,52.867,0,0.495,0.031308,-0.17211
988.7,7970.4,4.0014,3.008,-2.8344,18.117,0.017775,1021.6,-43.76,-333.71,15.004,38.135,0,0.495,0.031311,-0.16811
7116.9,-5016.1,4.5501,1.9566,-6.2887,13.217,0.0088464,1552.1,-30.802,-320.87,-4.3813,-70.963,0,0.495,0.01545,-0.17609
-31513,-1576.4,5.3925,0.91042,-9.645,10.865,0.0042642,2580.6,-37.646,470.51,-15.383,-1695.3,0,0.495,0.0075277,-0.16809
-30371,-447.87,5.3949,0.8271,-10.126,11.202,0.0045356,2571.5,-41.617,501.04,-17.252,-1696.3,0,0.495,0.0075322,-0.1641
3648.7,198.38,4.3899,1.5044,-7.7413,15.358,0.011408,1410.8,-43.068,-334.13,-13.989,-86.796,0,0.495,0.015461,-0.1641
-65259,2434.3,6.135,0.43819,-11.804,8.8862,0.00077567,3522,-44.494,1394.7,3.7787,-3267.3,0,0.495,0,-0.16009
-28952,521.85,5.4108,0.74566,-10.571,11.505,0.0048017,2561.3,-45.345,529.43,-18.428,-1695.7,0,0.495,0.0075398,-0.1601
-69610,2164.5,6.1032,0.48394,-11.353,8.75,0.00076748,3498,-40.807,1336.5,3.8685,-3272.8,0,0.495,0,-0.16409
2596.3,1689.3,4.3754,1.3551,-8.1709,15.916,0.012217,1367.9,-46.769,-336.31,-16.364,-90.946,0,0.495,0.015468,-0.1601
-73502,1725.8,6.0819,0.53161,-10.862,8.6012,0.00075881,3470.4,-36.869,1272.9,4.541,-3275.9,0,0.495,0,-0.16809
-968.91,5281.1,3.9551,2.1622,-5.454,17.933,0.016578,1093,-45.02,-336.82,-3.6797,-25.818,0,0.495,0.023388,-0.16411
1550.8,10707,3.7603,2.5143,-3.5883,19.887,0.021095,944.75,-51.164,-347.14,2.6415,16.706,0,0.495,0.031322,-0.16011
629.81,9390.3,3.8653,2.7633,-3.2178,19.062,0.019482,980.59,-47.545,-341.09,8.0559,26.405,0,0.495,0.031315,-0.16411
-209.17,6637.5,3.9063,1.9557,-5.8599,18.644,0.017867,1054.4,-48.67,-340.86,-6.9562,-31.452,0,0.495,0.023396,-0.16011
-32717,-3073.9,5.4058,0.99597,-9.1275,10.494,0.0039882,2588.4,-33.466,437.95,-14.002,-1692.8,0,0.495,0.0075248,-0.17209
-33697,-4799.9,5.4336,1.0841,-8.5733,10.085,0.0037091,2594.4,-29.128,403.43,-11.985,-1689,0,0.495,0.0075216,-0.17608
-81123,-724.96,6.0753,0.63521,-9.7551,8.2615,0.000739,3404.9,-28.368,1130.2,5.0566,-3275.2,0,0.495,0,-0.17608
-77536,722.21,6.0728,0.58191,-10.33,8.4387,0.00074942,3439.4,-32.701,1204.1,4.5823,-3276.4,0,0.495,0,-0.17209
-12713,-1209.9,24.517,3.7302,4.3742,12.672,0.010074,1239.1,-32.337,15.399,293.14,387.61,0,0.495,0.087059,-0.17214
8772.4,1415.1,21.086,4.1804,4.5286,17.977,0.01226,1459.1,-35.475,-16.802,344.88,477.53,0,0.495,0.079129,-0.17213
-7451,336.33,23.384,3.6648,4.7689,14.97,0.011418,1297.9,-34.954,4.4705,291.72,420.45,0,0.495,0.08706,-0.16815
13592,3350.9,19.765,4.0828,4.8871,19.928,0.013533,1468.7,-38.612,-35.32,324.31,495.02,0,0.495,0.07913,-0.16814
-8176.1,-4616.2,27.87,3.2522,3.7109,5.5263,0.0064292,823.87,-26.467,29.455,191.62,230.36,0,0.495,0.094986,-0.17615
-14554,-2458.1,25.632,3.7573,3.9558,10.27,0.0087059,1154.1,-29.782,23.933,284.64,346.97,0,0.495,0.087058,-0.17614
-9794.3,-4054.8,27.1,3.2384,4.0984,7.4176,0.0076453,939.53,-28.51,28.3,213.02,274.97,0,0.495,0.094987,-0.17216
-11565,-3031.5,26.258,3.1945,4.4814,9.4439,0.0089023,1035.7,-30.662,24.79,226.65,315.75,0,0.495,0.094988,-0.16816
4881.4,-384.03,22.464,4.2339,4.1269,15.696,0.010915,1425.7,-32.387,0.11105,357.28,451.01,0,0.495,0.079128,-0.17613
15929,7637.9,15.743,4.3593,4.6769,22.688,0.014831,1523.2,-42.239,-92.85,325.46,521.61,0,0.495,0.071168,-0.16813
13782,9297,14.504,4.1768,4.8891,23.53,0.015677,1474.6,-45.429,-117.83,288.9,513.26,0,0.495,0.07117,-0.16413
14046,5036.9,18.522,3.9444,5.1988,21.551,0.014734,1461,-41.698,-54.696,299.88,504.05,0,0.495,0.079131,-0.16414
5514.6,14548,9.6703,3.9867,4.1292,23.142,0.016441,1302.8,-52.134,-218.2,195.86,436.1,0,0.495,0.063078,-0.16015
10548,11031,13.397,3.9574,5.0468,24.149,0.016496,1421.4,-48.585,-142.12,252.66,500.85,0,0.495,0.071173,-0.16013
9221.5,12644,10.606,4.2493,4.1149,22.908,0.015452,1377.2,-48.775,-192.55,237.02,463.91,0,0.495,0.063072,-0.16415
10920,6797.9,17.371,3.7676,5.4621,22.872,0.01585,1441.2,-44.738,-74.411,272.43,507.26,0,0.495,0.079133,-0.16015
12458,10740,11.701,4.4799,4.0471,22.636,0.014628,1456.3,-45.373,-164.6,282.18,490.63,0,0.495,0.063066,-0.16815
-4571.8,1715.8,22.264,3.5627,5.1323,17.09,0.01272,1334.6,-37.587,-8.1937,283.51,444.75,0,0.495,0.087061,-0.16416
-3013.7,-801.78,24.469,3.0153,5.1968,13.542,0.011442,1168.3,-35.171,11.618,232.93,379.59,0,0.495,0.09499,-0.16017
-10843,-2042.1,25.372,3.1205,4.8504,11.512,0.010175,1111.5,-32.908,19.113,233.22,350.53,0,0.495,0.094989,-0.16417
2428.3,3222,21.182,3.4246,5.4587,18.989,0.013969,1353.4,-40.199,-22.033,269.31,462.34,0,0.495,0.087063,-0.16016
19069,5810.6,17.114,4.5007,4.4081,21.542,0.013771,1563,-38.958,-67.644,362.54,523.13,0,0.495,0.071165,-0.17212
20655,6846.9,14.419,4.8215,3.7228,21.688,0.012934,1614.7,-38.368,-104.22,382.75,530.72,0,0.495,0.063045,-0.17614
17231,8738,12.967,4.6723,3.9184,22.26,0.013754,1537.3,-41.859,-134.91,331.93,513.36,0,0.495,0.063055,-0.17214
19009,4067.7,18.615,4.5967,4.0817,20.014,0.012592,1587.4,-35.717,-42.974,395.8,516.79,0,0.495,0.071163,-0.17612
675.99,-744.5,30.176,0.93362,2.9296,0.0079294,0.00012881,21.917,-17.634,-2.4361,8.0547,2.7769,0,0.495,0.15062,-0.17201
866.59,-945.1,30.189,1.1302,3.0167,0.011595,0.00017212,28.362,-18.918,-0.80326,7.8905,1.102,0,0.495,0.14258,-0.1722
709.7,-778.09,30.147,0.8792,3.0336,0.0087669,0.0001496,23.935,-17.97,-2.42,7.8457,2.5958,0,0.495,0.15062,-0.16802
934.88,-1015.2,30.163,1.075,3.135,0.015655,0.00021894,32.475,-19.363,-0.30104,7.8373,1.1834,0,0.495,0.14258,-0.1682
499.34,-566.38,30.209,0.80378,2.7645,0.0067989,9.6151e-05,16.55,-16.14,-2.9481,8.0285,3.7103,0,0.495,0.15858,-0.17597
647.41,-716.04,30.206,0.98093,2.8248,0.0074334,0.00011309,20.257,-17.297,-2.096,8.063,2.9939,0,0.495,0.15062,-0.176
518.33,-583.81,30.177,0.75909,2.8578,0.0069802,0.00010716,17.746,-16.385,-3.3086,8.2731,3.6832,0,0.495,0.15858,-0.17198
541.05,-603.89,30.143,0.70745,2.9497,0.0072309,0.00012061,19.098,-16.625,-3.5094,8.3267,3.5998,0,0.495,0.15858,-0.16799
800.96,-878.58,30.214,1.1778,2.8994,0.0094048,0.00014268,25.362,-18.478,-0.75635,7.8775,1.3591,0,0.495,0.14258,-0.17619
1203.3,-1340.8,30.181,1.3059,3.2565,0.050007,0.00048439,53.587,-20.78,3.1463,9.2918,3.7012,0,0.495,0.13463,-0.16823
1278.3,-1436.2,30.152,1.246,3.3988,0.083997,0.00077053,68.491,-21.363,4.42,10.581,6.3477,0,0.495,0.13463,-0.16423
997.99,-1083.5,30.139,1.0133,3.2543,0.022947,0.00029655,38.205,-19.805,0.68973,7.7703,1.5016,0,0.495,0.14258,-0.16421
1016.3,-2072.7,30.008,1.4367,3.753,0.50657,0.0024198,185.44,-23.561,11.072,28.203,34.444,0,0.495,0.1267,-0.16023
1328.8,-1503.5,30.117,1.178,3.542,0.13746,0.0011598,88.28,-21.946,5.8265,12.493,10.523,0,0.495,0.13463,-0.16024
1394.9,-2005.9,30.091,1.5097,3.5784,0.32521,0.001875,143.34,-22.839,9.0432,22.169,23.6,0,0.495,0.1267,-0.16422
1051.3,-1143,30.114,0.9464,3.374,0.035582,0.0004274,46.186,-20.241,1.963,7.808,2.5009,0,0.495,0.14258,-0.16022
1577.5,-1883.4,30.153,1.571,3.4053,0.19868,0.0013546,108.7,-22.126,7.3349,17.338,15.437,0,0.495,0.1267,-0.16822
744.49,-814.24,30.118,0.8188,3.1369,0.010217,0.00017891,26.487,-18.301,-1.9112,7.417,2.3156,0,0.495,0.15062,-0.16402
588.66,-648.28,30.078,0.58811,3.1292,0.0081786,0.00016103,22.586,-17.077,-2.5737,7.4764,3.0117,0,0.495,0.15858,-0.16
564.92,-625.7,30.11,0.64988,3.0401,0.0076009,0.00013789,20.681,-16.857,-3.3078,8.0917,3.302,0,0.495,0.15858,-0.16399
777.29,-850.36,30.091,0.75403,3.2395,0.012745,0.00022249,29.816,-18.624,-0.87318,6.7744,2.2271,0,0.495,0.15062,-0.16003
1114.9,-1236.3,30.207,1.357,3.1165,0.029762,0.00031669,42.817,-20.203,2.085,8.4314,1.9946,0,0.495,0.13463,-0.17222
1483.8,-1628,30.234,1.6572,3.0682,0.064077,0.0005173,61.58,-20.761,4.5504,10.808,5.495,0,0.495,0.1267,-0.1762
1603.8,-1767.1,30.199,1.6201,3.2349,0.11511,0.00087344,81.571,-21.438,5.8385,13.59,9.3709,0,0.495,0.1267,-0.17221
1020,-1126.9,30.23,1.3991,2.9798,0.018573,0.00022252,35.374,-19.637,1.3542,7.8731,1.2766,0,0.495,0.13463,-0.17621
213.18,-247.84,30.134,-0.044692,2.33,0.0057701,5.7099e-05,5.4515,-9.2111,0.80817,6.8744,3.2024,0,0.495,0.21443,-0.17225
205.97,-236.76,30.132,0.049892,2.3995,0.0058342,6.0926e-05,6.2741,-10.02,0.040223,7.5104,3.1039,0,0.495,0.20649,-0.17224
218.23,-251.92,30.095,-0.07776,2.3824,0.0058044,5.8674e-05,6.0095,-9.0344,0.053329,7.3957,3.5136,0,0.495,0.21443,-0.16826
215.01,-245.05,30.092,0.014399,2.4507,0.0058755,6.3212e-05,6.9199,-9.8813,-0.91967,8.0779,3.3301,0,0.495,0.20649,-0.16825
193.24,-229.85,30.176,-0.099953,2.209,0.005692,5.668e-05,4.216,-8.661,1.7438,6.0292,3.545,0,0.495,0.22236,-0.17625
211.62,-246.18,30.171,-0.01391,2.2764,0.0057392,5.5984e-05,4.9279,-9.3705,0.98392,6.5804,2.8982,0,0.495,0.21443,-0.17624
197.46,-234.35,30.141,-0.12961,2.2594,0.0057171,5.6708e-05,4.6642,-8.4711,2.1113,6.2506,3.877,0,0.495,0.22236,-0.17226
207.16,-243.88,30.103,-0.16113,2.3092,0.0057457,5.6703e-05,5.1592,-8.2636,1.7746,6.7063,4.2059,0,0.495,0.22236,-0.16827
200.52,-230.86,30.17,0.081963,2.3476,0.0057967,5.94e-05,5.6636,-10.143,0.77111,7.1591,2.8695,0,0.495,0.20649,-0.17623
229.13,-254.6,30.093,0.090491,2.5181,0.0059626,6.8426e-05,8.0617,-10.805,-0.23546,8.5892,2.4176,0,0.495,0.19855,-0.16823
254.77,-278.38,30.049,0.051926,2.5713,0.0060168,7.1932e-05,8.8109,-10.695,-0.5818,9.1278,2.4865,0,0.495,0.19855,-0.16424
226.81,-257.04,30.049,-0.025544,2.5015,0.0059212,6.6406e-05,7.5978,-9.7279,-1.9268,8.6632,3.4804,0,0.495,0.20649,-0.16425
365.92,-381.69,30.019,0.10354,2.7186,0.0062053,8.1503e-05,11.176,-11.674,0.61555,9.2902,1.1226,0,0.495,0.19059,-0.1602
279.51,-300.99,30.003,0.0083391,2.6243,0.0060796,7.7552e-05,9.6332,-10.566,-1.0332,9.3608,2.5808,0,0.495,0.19855,-0.16025
348.78,-368.81,30.064,0.14745,2.6568,0.0061315,7.3967e-05,10.323,-11.752,0.97082,9.1355,1.1375,0,0.495,0.19059,-0.16419
241.12,-269.86,30.003,-0.070179,2.5517,0.0059736,7.1245e-05,8.3387,-9.5554,-2.846,9.0377,3.6569,0,0.495,0.20649,-0.16026
331.47,-356.52,30.107,0.18555,2.5926,0.0060691,6.8579e-05,9.5761,-11.812,1.2868,8.5847,1.1607,0,0.495,0.19059,-0.16819
227.01,-260.53,30.053,-0.11531,2.4333,0.0058422,6.0795e-05,6.6033,-8.8409,-1.0432,8.0071,3.7296,0,0.495,0.21443,-0.16426
236.7,-273.13,30.019,-0.23778,2.4054,0.0058149,5.8728e-05,6.3086,-7.7921,0.018012,7.7926,4.716,0,0.495,0.22236,-0.16028
220.49,-257.76,30.063,-0.1969,2.3579,0.0057779,5.7171e-05,5.7033,-8.0384,0.99183,7.3003,4.4444,0,0.495,0.22236,-0.16427
238.84,-270.85,30.008,-0.15818,2.4829,0.0058857,6.4112e-05,7.2567,-8.6268,-2.1927,8.4778,3.9623,0,0.495,0.21442,-0.16027
204.61,-232.87,30.134,0.12458,2.4653,0.0059138,6.6213e-05,7.3483,-10.901,-0.232,8.0188,2.2805,0,0.495,0.19855,-0.17222
297.81,-332.02,30.183,0.2463,2.4587,0.0059648,6.1535e-05,8.2064,-11.894,0.31497,7.4886,1.056,0,0.495,0.19059,-0.17617
314.33,-344.83,30.147,0.21803,2.5263,0.0060144,6.4576e-05,8.8834,-11.859,1.1662,7.9654,1.0794,0,0.495,0.19059,-0.17218
184.4,-214.28,30.172,0.15558,2.4132,0.0058694,6.4761e-05,6.6597,-10.983,-0.74289,7.6451,2.1691,0,0.495,0.19855,-0.17622
126.32,-151.59,30.162,-0.58659,1.7488,0.0055771,6.6798e-05,2.3772,-5.0353,6.2088,3.2555,3.2726,0,0.495,0.27836,-0.17243
128.44,-148.76,30.153,-0.52746,1.842,0.0055858,6.9163e-05,2.4788,-5.3465,3.4879,3.6362,1.3865,0,0.495,0.27021,-0.17244
133.24,-159.15,30.135,-0.6125,1.7776,0.0055884,6.5243e-05,2.6118,-4.735,6.2848,3.5738,3.5021,0,0.495,0.27835,-0.16844
131.33,-152.19,30.125,-0.55669,1.8718,0.0055981,6.8619e-05,2.7239,-5.0407,2.825,3.9027,1.5399,0,0.495,0.27015,-0.16839
115.64,-141.75,30.216,-0.60202,1.6136,0.0055626,6.7034e-05,2.0816,-5.0768,7.6024,2.524,4.5538,0,0.495,0.28634,-0.17643
131.44,-157.42,30.187,-0.56029,1.7189,0.0055675,6.6278e-05,2.1868,-5.3202,5.1028,3.2289,2.9333,0,0.495,0.27836,-0.17643
113.32,-138.71,30.193,-0.6272,1.6359,0.0055719,6.6626e-05,2.2752,-4.7935,8.8873,2.7003,4.9759,0,0.495,0.28634,-0.17244
127.61,-154.97,30.168,-0.65262,1.6577,0.005583,6.3588e-05,2.5261,-4.4941,8.9646,3.1667,5.2633,0,0.495,0.28634,-0.16845
134.28,-154.71,30.18,-0.49874,1.8111,0.005575,6.7851e-05,2.2722,-5.6314,3.5199,3.6754,1.1878,0,0.495,0.27022,-0.17646
97.106,-113.83,30.128,-0.51559,1.9502,0.0056179,8.1201e-05,2.9557,-5.3972,-1.3058,4.4781,0.6169,0,0.495,0.26206,-0.16831
110.24,-128.96,30.096,-0.54768,1.977,0.0056349,7.57e-05,3.2992,-5.0882,-1.957,5.0445,0.79947,0,0.495,0.26205,-0.16432
141.65,-164.32,30.094,-0.5894,1.9007,0.0056121,6.6472e-05,3.0111,-4.7237,1.6367,4.3281,1.6293,0,0.495,0.27011,-0.16437
140.75,-165.81,30.064,-0.53982,2.046,0.0056958,6.9283e-05,4.4683,-5.2331,-3.4162,6.3165,1.1573,0,0.495,0.2541,-0.16032
128.12,-148.09,30.061,-0.58525,2.0041,0.0056537,7.0459e-05,3.6864,-4.7606,-2.9381,5.5394,1.0637,0,0.495,0.26205,-0.16032
121.51,-146.19,30.102,-0.50521,2.0105,0.0056737,7.3441e-05,4.0384,-5.5566,-2.9396,5.7026,0.84311,0,0.495,0.2541,-0.16431
157.91,-181.63,30.061,-0.62772,1.9287,0.005628,6.3643e-05,3.3443,-4.3925,0.15329,4.6899,1.777,0,0.495,0.27011,-0.16038
106.61,-130.09,30.136,-0.47612,1.9746,0.0056539,7.8342e-05,3.6567,-5.8609,-3.0136,4.9982,0.60348,0,0.495,0.2541,-0.1683
151.42,-179.57,30.105,-0.64204,1.8053,0.0056013,6.2223e-05,2.8956,-4.4201,5.4888,4.0126,3.6151,0,0.495,0.27835,-0.16445
190.19,-225.96,30.11,-0.71942,1.7019,0.0056105,5.5298e-05,3.1864,-3.8511,6.7373,4.0585,5.4964,0,0.495,0.28634,-0.16046
155.58,-187.42,30.14,-0.68253,1.6795,0.0055959,5.9308e-05,2.833,-4.1805,8.0868,3.6958,5.3778,0,0.495,0.28634,-0.16445
176.87,-206.95,30.074,-0.67788,1.8321,0.0056163,5.8862e-05,3.2293,-4.0876,4.1591,4.336,3.7488,0,0.495,0.27834,-0.16046
89.038,-104.63,30.157,-0.48689,1.9239,0.0056025,8.5638e-05,2.6523,-5.691,-1.2426,4.0599,0.41154,0,0.495,0.26207,-0.1723
83.697,-105.25,30.195,-0.42468,1.9026,0.0056192,8.6515e-05,2.9948,-6.4188,-5.7419,4.2384,0.053238,0,0.495,0.25411,-0.17628
94.709,-117.74,30.167,-0.45034,1.9386,0.0056358,8.2953e-05,3.3108,-6.1487,-3.8936,4.4492,0.32294,0,0.495,0.25411,-0.17229
86.692,-100.59,30.185,-0.45846,1.8983,0.0055889,8.8002e-05,2.3907,-5.9703,-1.8493,3.9558,0.22289,0,0.495,0.26207,-0.1763
73.535,-84.021,30.267,-0.76332,1.2025,0.0055275,8.3195e-05,1.407,-4.2174,8.9351,0.8297,3.0572,0,0.495,0.34191,-0.17249
73.478,-87.051,30.24,-0.75721,1.3108,0.0055288,8.5314e-05,1.4233,-4.2074,6.7725,0.79447,2.5228,0,0.495,0.33398,-0.17248
105.18,-120.4,30.252,-0.78768,1.2055,0.0055331,7.3829e-05,1.5554,-3.9726,7.0779,1.4632,2.9793,0,0.495,0.34191,-0.1685
97.362,-114.27,30.225,-0.78403,1.3166,0.0055343,7.7495e-05,1.5574,-3.9509,4.9939,1.2658,2.5371,0,0.495,0.33398,-0.16849
54.952,-59.734,30.306,-0.73809,1.0885,0.0055212,8.9453e-05,1.2601,-4.4883,10.612,0.22737,3.7061,0,0.495,0.34985,-0.17649
56.54,-65.545,30.278,-0.74659,1.1988,0.0055227,8.994e-05,1.297,-4.4522,9.465,0.24536,3.043,0,0.495,0.34191,-0.17648
79.109,-88.658,30.295,-0.75443,1.0872,0.0055262,8.0731e-05,1.386,-4.2636,9.1912,1.1128,3.6206,0,0.495,0.34985,-0.1725
113.18,-129.73,30.279,-0.78069,1.0867,0.0055318,7.1337e-05,1.5393,-4.0306,6.7384,1.8781,3.5273,0,0.495,0.34985,-0.1685
63.699,-76.107,30.253,-0.73648,1.3036,0.0055242,8.9003e-05,1.3273,-4.4535,7.4531,0.48996,2.4551,0,0.495,0.33397,-0.17647
57.437,-63.381,30.208,-0.78304,1.4098,0.0055364,0.00011757,1.5162,-3.9561,-2.1275,1.6538,-0.053225,0,0.495,0.32604,-0.16849
75.758,-83.193,30.189,-0.81913,1.4152,0.0055424,9.8223e-05,1.6636,-3.6823,-3.7679,2.167,0.076058,0,0.495,0.32604,-0.16449
125.58,-146.7,30.208,-0.8201,1.3217,0.0055402,6.9934e-05,1.7139,-3.6867,2.9106,1.66,2.4034,0,0.495,0.33398,-0.1645
33.957,-24.531,30.177,-0.85788,1.436,0.005561,0.00010491,1.9655,-3.4554,-12.19,3.413,-2.2441,0,0.495,0.3181,-0.16049
92.984,-101.49,30.168,-0.86396,1.4207,0.0055484,8.5806e-05,1.8176,-3.3996,-5.0208,2.4098,0.35994,0,0.495,0.32604,-0.1605
24.721,-14.195,30.202,-0.81453,1.4228,0.0055547,0.00012041,1.8156,-3.7498,-11.254,3.0083,-2.6589,0,0.495,0.3181,-0.16449
147.35,-170.52,30.189,-0.86473,1.3263,0.0055462,6.5225e-05,1.8665,-3.4144,1.4523,1.8055,2.3691,0,0.495,0.33397,-0.16051
16.723,-7.2283,30.225,-0.78021,1.4094,0.0055487,0.0001413,1.6791,-4.034,-10.153,2.2856,-2.9369,0,0.495,0.3181,-0.16848
138.6,-159.06,30.235,-0.82241,1.2085,0.005539,6.6287e-05,1.7159,-3.7211,4.9791,1.9361,2.7101,0,0.495,0.34191,-0.16451
157.7,-181.34,30.241,-0.86259,1.0899,0.0055413,6.2428e-05,1.7936,-3.5492,3.5857,2.658,3.1081,0,0.495,0.34985,-0.16052
144.14,-166.18,30.261,-0.81798,1.0877,0.005537,6.4792e-05,1.6868,-3.7925,4.5019,2.3956,3.277,0,0.495,0.34985,-0.16451
159.89,-182.47,30.215,-0.8656,1.2116,0.0055444,6.2462e-05,1.8547,-3.463,3.7366,2.1413,2.5145,0,0.495,0.34191,-0.16051
43.612,-48.063,30.224,-0.75548,1.4046,0.0055309,0.00013881,1.3907,-4.2216,-0.91658,1.0956,-0.24239,0,0.495,0.32604,-0.17248
7.5832,5.1617,30.259,-0.73243,1.382,0.0055373,0.00017426,1.4567,-4.5746,-10.548,0.94082,-3.5246,0,0.495,0.3181,-0.17646
10.822,-2.2442,30.244,-0.75417,1.3958,0.005543,0.00016171,1.5606,-4.3096,-9.6981,1.4891,-3.2742,0,0.495,0.3181,-0.17247
38.253,-40.543,30.237,-0.73296,1.3992,0.0055259,0.00015231,1.2932,-4.4773,-0.76404,0.76607,-0.37897,0,0.495,0.32604,-0.17647
63.763,-71.428,30.295,-0.79904,0.92793,0.0055045,9.9568e-05,0.97151,-4.3123,-3.7557,2.2544,-0.6961,0,0.495,0.38954,-0.16454
84.867,-98.889,30.31,-0.78011,0.8576,0.0055035,8.5645e-05,0.98005,-4.4193,0.90082,2.3025,1.3737,0,0.495,0.39747,-0.16455
58.155,-65.851,30.311,-0.75911,0.93294,0.0055032,0.0001084,0.94078,-4.4895,-3.1419,1.7083,-0.8411,0,0.495,0.38954,-0.16853
79.544,-92.832,30.328,-0.7406,0.84514,0.005502,8.84e-05,0.94527,-4.6233,1.5009,1.8751,1.3547,0,0.495,0.39747,-0.16855
3.9612,2.0445,30.289,-0.86134,0.9422,0.0055086,0.00014812,0.97734,-4.0412,-10.692,3.0085,-3.6452,0,0.495,0.3816,-0.16054
60.215,-67.84,30.279,-0.83717,0.92085,0.0055053,0.00010124,0.97935,-4.1351,-2.2244,2.2584,-0.37696,0,0.495,0.38953,-0.16055
-1.1604,11.494,30.31,-0.82047,0.94441,0.0055078,0.00014868,0.96428,-4.2328,-12.191,2.9003,-3.9364,0,0.495,0.3816,-0.16453
69.114,-81.374,30.301,-0.80811,0.8352,0.0055039,9.3534e-05,0.9677,-4.2908,2.866,2.0922,1.5514,0,0.495,0.39748,-0.16056
-2.9899,16.157,30.329,-0.78049,0.9452,0.0055067,0.00016781,0.93601,-4.4217,-11.663,2.1701,-4.1327,0,0.495,0.3816,-0.16853
42.607,-49.511,30.323,-0.72705,0.93875,0.0055015,0.00013524,0.89229,-4.6667,-0.92014,0.72454,-0.93393,0,0.495,0.38954,-0.17252
69.497,-81.918,30.336,-0.70606,0.86538,0.0055008,9.2723e-05,0.91713,-4.754,2.9774,1.3376,1.5173,0,0.495,0.39747,-0.17253
1.5728,9.3605,30.354,-0.73096,0.9444,0.005504,0.00020681,0.87723,-4.7932,-7.865,-0.40863,-4.5488,0,0.495,0.3816,-0.17651
-1.8144,15.464,30.344,-0.7495,0.94521,0.0055055,0.00019615,0.90298,-4.6093,-9.7968,0.9771,-4.4089,0,0.495,0.3816,-0.17252
29.368,-32.477,30.331,-0.7069,0.94493,0.0054994,0.00016375,0.83971,-4.8413,1.4516,-0.32765,-0.86338,0,0.495,0.38954,-0.17651
52.776,-60.198,30.348,-0.68299,0.85392,0.0054984,0.00010331,0.85614,-4.9502,5.1473,0.58164,1.6689,0,0.495,0.39747,-0.17653
29470,-16599,5.6074,2.7584,-3.4306,8.8721,0.0045255,1863.6,-9.8118,-261.6,248.85,33.833,0,0.495,0.015431,-0.19614
56467,-25648,7.5819,2.8738,-2.876,8.5355,0.0033104,1878.6,-5.8226,-146.34,522.99,-115.22,0,0.495,0.015427,-0.20018
1.8274e+05,-44121,5.9113,1.6574,-5.2305,7.5766,0.0023497,2580.5,-7.3258,195.38,81.954,-1622.2,0,0.495,0.0075014,-0.19614
1.6837e+05,-62245,6.4733,1.8011,-4.5762,7.1156,0.0020428,2319,-4.2456,165.72,226.75,-1523.6,0,0.495,0.0074973,-0.20017
1.2326e+05,-27891,6.2256,0.93465,-6.9384,7.3798,0.00068283,3224.8,-10.371,768.61,11.796,-3243,0,0.495,0,-0.19209
67462,-22035,5.7274,1.5058,-5.9686,8.0885,0.0025903,2591,-11.476,240.46,6.0082,-1651.4,0,0.495,0.0075062,-0.19209
3.4926e+05,-65135,6.3626,1.0773,-6.1121,7.1038,0.00066239,3166,-5.8712,637.99,71.131,-3219.8,0,0.495,0,-0.19614
13014,-12048,5.1592,2.5894,-4.0187,9.4657,0.0055003,1759.6,-13.883,-284.43,54.213,-17.066,0,0.495,0.015435,-0.1921
2.5918e+05,-82712,7.009,1.472,-4.9329,6.7354,0.00091016,2517.5,-2.5399,406.57,261.26,-2489.9,0,0.495,0,-0.20017
42830,-13607,6.369,3.758,-1.6599,10.63,0.0055154,1739.5,-12.73,-234.2,424.34,185.22,0,0.495,0.023359,-0.19615
65198,-16923,8.3971,3.8454,-1.3779,10.615,0.0041602,1935.5,-9.221,-182.66,692.82,274.43,0,0.495,0.023356,-0.20018
21008,-2794.3,6.7305,4.3668,-0.53053,12.798,0.0077369,1590.8,-20.517,-225.07,320.12,271.17,0,0.495,0.031292,-0.19211
40744,-5511.8,8.5076,4.524,-0.25938,13.405,0.0059234,1895.5,-16.981,-157.72,635.05,367.38,0,0.495,0.031293,-0.19616
16460,-7472.4,5.3894,3.5711,-2.1453,10.793,0.0071079,1526.4,-16.728,-268.21,155.67,102.39,0,0.495,0.023363,-0.1921
40723,-7343.4,12.241,4.4504,-0.34116,12.591,0.0045562,2059.7,-12.804,-83.964,865.26,409.79,0,0.495,0.031295,-0.20019
-7065.2,-6853.7,28.549,3.7908,1.8718,3.0093,0.0040246,697.45,-19.998,36.174,182.62,166.66,0,0.495,0.079113,-0.19616
-3728.3,-5658,29.064,3.5908,1.5039,1.7968,0.0031751,516.77,-18.38,24.746,123.37,114.3,0,0.495,0.079096,-0.20022
-15383,-5289.9,26.818,4.2286,1.8012,6.264,0.0054805,1093.6,-21.054,45.176,335.28,277.7,0,0.495,0.07116,-0.19616
-11510,-5378.6,27.786,4.0223,1.426,4.1052,0.0044232,877.02,-19.013,40.632,260.43,208.28,0,0.495,0.071152,-0.20023
-11021,-2793.3,21.984,4.8331,2.222,14.396,0.0085478,1666.9,-24.533,18.758,536.28,466.44,0,0.495,0.063055,-0.19216
-21911,-3821.7,25.312,4.435,2.2959,9.4501,0.0069661,1320.2,-23.537,37.808,408.59,358.11,0,0.495,0.071158,-0.19212
-27833,-6082.9,24.114,4.6277,1.6995,10.705,0.006968,1501.1,-21.507,42.071,489.73,392.55,0,0.495,0.063097,-0.19624
-12071,-6544.1,27.658,3.9765,2.2963,5.0659,0.005231,919.57,-21.788,39.688,263.75,236.26,0,0.495,0.079121,-0.19212
-20516,-6988.9,25.92,4.3278,1.168,6.9684,0.0053415,1223.6,-18.665,43.5,401.82,288.63,0,0.495,0.063133,-0.20031
-1223,-4516.7,29.524,3.3652,1.9639,1.2021,0.0028214,390.8,-19.965,21.304,89.258,85.753,0,0.495,0.087043,-0.19617
980.05,-3750.4,29.732,3.2511,1.7237,0.73848,0.0023596,291.56,-18.799,12.576,58.509,59.831,0,0.495,0.087027,-0.20023
-554.29,-4203.3,29.798,3.0511,2.3343,0.80533,0.0023997,293.6,-20.362,16.85,63.977,62.255,0,0.495,0.09498,-0.19214
1704.6,-3575,29.973,2.9516,2.0681,0.41851,0.0016724,200.34,-19.382,8.2308,34.409,38.045,0,0.495,0.094971,-0.19618
-4590.3,-4904.1,29.088,3.5054,2.3033,2.2146,0.0036931,555.35,-21.409,29.052,142.36,132.2,0,0.495,0.087052,-0.19213
2565.4,-2804.5,30.043,2.87,1.8319,0.2824,0.0013467,155.93,-18.335,1.2994,22.697,28.065,0,0.495,0.094955,-0.20025
489.88,-573.72,30.344,1.3143,2.3496,0.0070775,8.7226e-05,17.314,-16.475,-1.4836,7.3767,2.4539,0,0.495,0.14258,-0.19617
472.57,-548.85,30.371,1.3337,2.2411,0.0071653,8.3862e-05,16.657,-15.989,-1.961,7.0222,2.6294,0,0.495,0.14258,-0.20017
640.45,-713.05,30.338,1.492,2.3609,0.00788,0.00010204,21.225,-17.069,-4.5419,7.1097,2.0407,0,0.495,0.13463,-0.19622
625.79,-674.72,30.359,1.4982,2.2666,0.0079351,9.7838e-05,20.397,-16.613,-4.4236,7.5094,2.4385,0,0.495,0.13463,-0.20024
1063.6,-1168.8,30.312,1.7033,2.4549,0.010856,0.00013288,29.357,-18.27,-3.7689,5.8506,1.2192,0,0.495,0.12669,-0.1922
685.65,-766.24,30.314,1.4797,2.4767,0.0080141,0.00011038,22.614,-17.555,-2.7482,7.0512,1.6099,0,0.495,0.13462,-0.1922
954.35,-1048.9,30.328,1.7099,2.312,0.010312,0.00012154,27.375,-17.673,-8.4269,5.95,1.6302,0,0.495,0.12669,-0.19624
553.38,-624.89,30.316,1.2925,2.4524,0.0071225,9.2255e-05,18.362,-16.836,-0.79121,7.7544,2.3234,0,0.495,0.14257,-0.19216
884.98,-942.66,30.347,1.7247,2.1737,0.011463,0.00012361,26.829,-17.012,-8.3,6.8129,2.4757,0,0.495,0.12668,-0.20031
462.62,-514.23,30.352,1.1419,2.3103,0.0065908,7.1291e-05,14.177,-15.694,-3.9947,7.7432,2.7742,0,0.495,0.15062,-0.19597
422.35,-460.19,30.376,1.1675,2.2321,0.0065537,7.0284e-05,13.557,-15.408,-3.7908,7.3682,2.8658,0,0.495,0.15062,-0.19997
414,-482.53,30.329,0.93841,2.3901,0.0063735,6.5865e-05,12.427,-15.169,-6.5063,7.854,2.8373,0,0.495,0.15858,-0.19194
393.41,-449.91,30.36,0.97537,2.2989,0.0063211,6.2522e-05,11.666,-14.924,-7.294,7.2282,2.7054,0,0.495,0.15858,-0.19593
513.49,-577.57,30.322,1.1109,2.4092,0.0066626,7.5139e-05,15.153,-16.002,-3.1622,8.2148,2.8678,0,0.495,0.15062,-0.19197
383.34,-427.59,30.387,1.0104,2.208,0.0062965,6.1106e-05,11.155,-14.632,-4.3223,6.2996,2.6756,0,0.495,0.15858,-0.19993
181.19,-220.26,30.345,0.24384,2.0896,0.0056827,5.8593e-05,3.6858,-10.596,0.78207,5.2468,1.2987,0,0.495,0.2065,-0.19624
162.2,-197.75,30.371,0.27591,2.0342,0.005673,6.2295e-05,3.5038,-10.65,0.94095,3.7589,1.3931,0,0.495,0.20651,-0.20032
142.61,-186.2,30.351,0.32458,2.1563,0.0057238,6.1793e-05,4.249,-11.245,-4.6052,5.6666,1.5928,0,0.495,0.19855,-0.19619
139.97,-174.71,30.373,0.34568,2.1088,0.005712,6.4594e-05,4.0532,-11.251,-2.9297,4.3889,1.632,0,0.495,0.19855,-0.20021
184.45,-230.46,30.32,0.37339,2.1964,0.0058194,5.8452e-05,5.822,-11.929,-10.522,7.6104,1.2169,0,0.495,0.19059,-0.19214
143.06,-183.74,30.317,0.28992,2.2117,0.0057421,6.145e-05,4.5476,-11.216,-5.5002,7.1277,1.8078,0,0.495,0.19855,-0.19219
163.57,-206.91,30.354,0.41576,2.1316,0.0057999,5.9173e-05,5.4586,-11.898,-11.335,6.4399,1.2844,0,0.495,0.19059,-0.19614
198.95,-231.7,30.313,0.20862,2.1414,0.0056958,5.6499e-05,3.9276,-10.523,0.55668,6.6931,1.6359,0,0.495,0.20649,-0.19221
174.89,-205.7,30.381,0.4506,2.0684,0.0057866,6.0439e-05,5.219,-11.866,-7.2934,4.9267,1.4346,0,0.495,0.19059,-0.20016
188.4,-228.55,30.341,0.16702,2.0138,0.0056458,5.6745e-05,3.1758,-9.9525,-0.90994,5.0256,1.6748,0,0.495,0.21443,-0.19625
182.36,-216.41,30.362,0.19953,1.9699,0.005639,5.8517e-05,3.0324,-10.009,0.38115,3.9353,1.7833,0,0.495,0.21445,-0.20034
203.29,-244.3,30.314,0.043027,2.0068,0.0056283,5.4352e-05,2.9895,-9.2768,-1.7633,5.9125,2.5952,0,0.495,0.22236,-0.19223
197.99,-245.29,30.345,0.082145,1.9498,0.0056201,5.4631e-05,2.8115,-9.3884,0.13444,4.5334,2.4576,0,0.495,0.22237,-0.19626
199.69,-234.15,30.31,0.1257,2.0658,0.0056567,5.5721e-05,3.4017,-9.8636,-1.561,6.3819,1.8398,0,0.495,0.21443,-0.19222
180.23,-216.83,30.369,0.11147,1.8908,0.0056139,5.8314e-05,2.6713,-9.5144,2.7289,3.0441,2.2672,0,0.495,0.22239,-0.20036
115.42,-141.82,30.316,-0.31495,1.6653,0.0055422,7.216e-05,1.5741,-6.89,2.9844,2.4194,0.64389,0,0.495,0.2702,-0.19662
90.655,-116.74,30.333,-0.28019,1.6383,0.0055383,8.23e-05,1.4802,-7.1208,2.623,0.97592,0.89847,0,0.495,0.27021,-0.20065
64.402,-83.761,30.319,-0.28477,1.7654,0.0055471,8.2609e-05,1.5974,-7.1883,-3.1875,1.9947,-0.26847,0,0.495,0.26211,-0.1964
54.532,-73.962,30.332,-0.26465,1.7364,0.0055433,9.0651e-05,1.517,-7.3727,-2.3629,0.84055,-0.1949,0,0.495,0.26213,-0.20046
20.908,-34.634,30.31,-0.27124,1.7669,0.0055722,8.6662e-05,2.0615,-7.3453,-15.611,4.4659,-0.70361,0,0.495,0.25411,-0.19227
79.041,-88.643,30.296,-0.3185,1.7971,0.0055526,8.2135e-05,1.709,-6.9631,-4.0847,3.5078,-0.11727,0,0.495,0.26207,-0.19231
26.92,-46.861,30.336,-0.22616,1.7266,0.0055655,8.506e-05,1.9229,-7.5322,-14.528,3.1492,-0.99646,0,0.495,0.25412,-0.19631
146.33,-164.75,30.292,-0.35412,1.69,0.0055467,6.5493e-05,1.6888,-6.6529,2.379,3.9067,0.63703,0,0.495,0.2702,-0.19256
49.293,-65.74,30.355,-0.1924,1.6838,0.0055605,8.9561e-05,1.8186,-7.736,-9.5913,1.7942,-0.67128,0,0.495,0.25414,-0.20042
147.98,-182.37,30.316,-0.3432,1.5733,0.0055378,6.2386e-05,1.5581,-6.5493,0.044783,2.4652,1.97,0,0.495,0.27832,-0.19655
133.43,-165.53,30.331,-0.30389,1.5502,0.0055349,6.5179e-05,1.4796,-6.7228,2.173,1.3666,2.2937,0,0.495,0.27828,-0.20062
182.32,-216.6,30.314,-0.43798,1.5105,0.0055391,5.7368e-05,1.6349,-6.0893,0.45409,3.4804,3.2189,0,0.495,0.28632,-0.19246
161.48,-202.65,30.338,-0.39012,1.4749,0.0055351,5.8914e-05,1.5311,-6.3109,2.9605,2.3429,3.2687,0,0.495,0.28628,-0.19657
166.62,-192,30.293,-0.39484,1.5999,0.005542,6.1076e-05,1.6675,-6.3268,-1.4685,3.7947,1.9154,0,0.495,0.27834,-0.19246
128.73,-158.73,30.355,-0.35533,1.4381,0.0055317,6.6684e-05,1.4341,-6.5573,5.151,1.0515,3.1268,0,0.495,0.28625,-0.20065
103.63,-129.04,30.328,-0.57101,1.2518,0.0055102,7.4508e-05,1.0787,-5.5815,2.6938,1.1184,1.7598,0,0.495,0.33398,-0.19662
73.001,-91.762,30.339,-0.53264,1.2413,0.0055077,9.6562e-05,1.0014,-5.8076,1.9122,-0.22129,1.493,0,0.495,0.33398,-0.20069
53.929,-38.083,30.314,-0.5659,1.3525,0.0055093,0.00010563,0.99382,-5.6613,-6.0569,0.50879,-1.0415,0,0.495,0.32604,-0.19661
40.915,-29.442,30.322,-0.53725,1.3383,0.0055073,0.00011926,0.94254,-5.8569,-5.6002,-0.49054,-1.0391,0,0.495,0.32604,-0.20068
-7.302,84.857,30.324,-0.58656,1.3186,0.0055194,0.00013688,1.1443,-5.5492,-21.335,2.5651,-4.1131,0,0.495,0.3181,-0.19249
61.732,-44.296,30.298,-0.60655,1.3671,0.0055119,0.00011162,1.0584,-5.431,-6.2358,1.5914,-0.86007,0,0.495,0.32604,-0.1925
-0.1931,65.279,30.345,-0.53585,1.2965,0.005517,0.00012759,1.0955,-5.7759,-20.017,1.9397,-4.4325,0,0.495,0.3181,-0.1966
123.3,-143.93,30.311,-0.61388,1.2604,0.0055129,7.0224e-05,1.1552,-5.3621,2.3977,2.1049,1.628,0,0.495,0.33398,-0.19251
10.498,21.393,30.36,-0.49762,1.2677,0.0055152,0.00013768,1.0563,-5.9974,-13.977,0.71217,-3.2549,0,0.495,0.31811,-0.20067
122.33,-148.2,30.344,-0.5714,1.1566,0.0055105,6.9218e-05,1.1213,-5.5044,1.1066,1.4264,1.8601,0,0.495,0.34192,-0.19662
100.82,-123.82,30.354,-0.53518,1.1487,0.0055086,7.4668e-05,1.0647,-5.6626,3.4893,0.34707,2.3497,0,0.495,0.34192,-0.20069
144.46,-167.28,30.346,-0.63177,1.0711,0.0055114,6.5458e-05,1.1489,-5.3179,0.96676,1.6936,2.2406,0,0.495,0.34985,-0.19252
133.53,-159.87,30.363,-0.58117,1.0558,0.0055094,6.6593e-05,1.1046,-5.5118,2.5863,1.5467,2.2807,0,0.495,0.34986,-0.19663
138.81,-159.52,30.327,-0.62294,1.1653,0.0055128,6.7184e-05,1.1803,-5.3064,-0.33204,2.1226,1.7133,0,0.495,0.34192,-0.19251
100.64,-120.68,30.376,-0.54381,1.0393,0.0055072,7.637e-05,1.0385,-5.7228,4.7007,0.54741,2.5857,0,0.495,0.34986,-0.20071
25.205,-6.5131,30.354,-0.63716,0.97826,0.0054902,0.00015526,0.6776,-5.6996,-6.2433,0.28636,-1.2388,0,0.495,0.38959,-0.19667
59.007,-69.348,30.366,-0.6228,0.91443,0.0054908,9.9097e-05,0.7165,-5.7062,3.8555,0.14313,1.3027,0,0.495,0.39753,-0.19668
25.896,-8.0513,30.36,-0.60896,0.97297,0.0054893,0.00015088,0.65527,-5.8431,-7.1966,-0.24796,-1.4923,0,0.495,0.38961,-0.20075
56.491,-59.005,30.377,-0.58058,0.89063,0.00549,0.00011552,0.69787,-5.8715,1.0065,-0.32629,0.55909,0,0.495,0.39755,-0.20077
-23.607,84.342,30.366,-0.67236,0.93549,0.0054955,0.00024043,0.73943,-5.5055,-18.41,0.91359,-4.6195,0,0.495,0.38162,-0.19254
16.948,-3.6687,30.344,-0.66773,0.97928,0.0054916,0.00019215,0.70024,-5.5311,-3.408,0.16721,-0.80654,0,0.495,0.38956,-0.19255
-23.566,87.188,30.38,-0.62703,0.92678,0.0054942,0.00019515,0.71671,-5.6768,-19.646,1.7976,-4.7449,0,0.495,0.38165,-0.19667
49.215,-56.811,30.364,-0.6367,0.88857,0.0054919,0.00010415,0.7389,-5.5724,6.2198,0.13547,1.643,0,0.495,0.39749,-0.19256
-6.2805,44.209,30.395,-0.58707,0.90792,0.0054936,0.0001873,0.70467,-5.8401,-14.735,1.0539,-3.4973,0,0.495,0.38166,-0.20075
3521.9,-7040.3,12.189,-11.346,-0.73817,17.744,0.019868,888.73,-5.8713,-184.47,-52.94,23.897,0,0.495,0.047381,-0.007981
1250.8,-650.92,11.938,-10.643,-1.0553,18.598,0.020942,886.35,-7.677,-238.41,-65.095,24.664,0,0.495,0.047381,-0.011971
4557,-15232,11.821,-10.302,-1.0277,18.143,0.018434,896.01,4.2823,-173.04,-46.371,24.085,0,0.495,0.039466,-0.007981
2871.4,-7827.2,11.593,-9.6805,-1.4906,18.783,0.019636,891.25,2.2275,-226.68,-58.487,24.289,0,0.495,0.039466,-0.011971
971.33,-603.15,11.331,-8.9688,-1.9065,19.272,0.021128,879.06,-0.50663,-260.16,-63.798,23.762,0,0.495,0.039466,-0.015962
-3134.4,5253.9,11.659,-9.8454,-1.3312,19.246,0.021991,875.33,-10.062,-269.4,-69.404,25.282,0,0.495,0.047381,-0.015962
5158.7,-12309,12.371,-11.849,-0.3832,16.949,0.019034,885.06,-4.772,-102.95,-31.016,27.089,0,0.495,0.047381,-0.0039908
1904.9,-6887.8,12.806,-12.705,-0.26428,16.525,0.018623,887.28,-12.315,-111.85,-35.494,31.562,0,0.495,0.055296,-0.0039908
1278.6,-2240,12.599,-12.135,-0.49863,17.56,0.019653,893.49,-13.352,-197.77,-59.058,28.198,0,0.495,0.055296,-0.007981
2112.2,-8892.5,12.886,-12.917,0.13706,16.087,0.018214,883.28,-11.903,-60.169,-21.992,-28.716,0,0.495,0.055299,0
6975.6,-14463,12.44,-12.035,0.19662,16.617,0.018709,882.39,-4.3605,-55.028,-20.497,-24.508,0,0.495,0.047383,0
-2126.7,3270.4,12.324,-11.35,-0.69324,18.658,0.020901,892.8,-14.988,-250.92,-69.624,29.479,0,0.495,0.055295,-0.011971
-6512.9,8130.3,12.033,-10.471,-0.84793,19.482,0.022085,882.3,-17.08,-278.4,-70.95,31.068,0,0.495,0.055295,-0.015962
10340,-21174,11.982,-10.743,-0.5278,17.554,0.017651,895.15,5.4809,-95.829,-26.763,27.069,0,0.495,0.039467,-0.0039908
15447,-23502,12.042,-10.907,0.27005,17.309,0.01738,893.81,5.9084,-51.13,-19.282,-24.699,0,0.495,0.039469,0
10360,-12062,10.322,-5.2904,-4.6032,20.495,0.018992,934.07,15.883,-253.66,-48.9,13.401,0,0.495,0.023633,-0.023943
23742,-26072,10.155,-3.7302,-5.6374,20.642,0.016324,1138.3,28.825,-213.46,-35.485,5.1223,0,0.495,0.015712,-0.023943
12719,-19914,10.56,-5.7902,-3.9881,20.51,0.017265,954.7,20.969,-238.29,-48.419,16.386,0,0.495,0.023633,-0.019952
28456,-35051,10.35,-4.0792,-4.8772,20.813,0.015168,1153.9,34.663,-198.09,-35.305,10.202,0,0.495,0.015712,-0.019952
4088.1,-4238.9,10.776,-7.1706,-3.0962,19.858,0.020481,885.68,7.7102,-265.65,-59.818,16.245,0,0.495,0.031551,-0.019952
-317.58,1736.6,10.507,-6.5469,-3.5581,19.918,0.022031,864.54,3.3671,-279.17,-60.995,15.481,0,0.495,0.031551,-0.023943
19010,-18695,9.952,-3.3979,-6.3181,20.415,0.01719,1122.4,22.566,-225.91,-36.961,-0.24813,0,0.495,0.015712,-0.027933
-20185,-78380,10.056,-1.9707,-7.447,16.394,0.0085564,2675.9,36.155,360.11,-22.165,-1281.4,0,0.495,0.0077876,-0.027933
-13241,-88704,10.21,-2.1622,-6.6286,16.634,0.0084336,2694.6,43.313,314.2,-20.743,-1267.9,0,0.495,0.0077876,-0.023943
-64482,-1.3343e+05,10.253,-1.3201,-8.0082,12.666,0.0014009,4071,43.366,925.73,-3.8048,-2542.4,0,0.495,0,-0.027933
-57670,-1.463e+05,10.386,-1.446,-7.1153,12.825,0.0014409,4096.5,50.984,819.97,-4.104,-2520.6,0,0.495,0,-0.023943
7483.3,-5895.4,10.077,-4.8135,-5.1496,20.409,0.020681,913.45,10.445,-263.82,-50.021,9.9489,0,0.495,0.023633,-0.027933
-3853.1,5905.4,10.231,-5.9543,-3.968,19.89,0.023302,842.85,-1.2579,-286,-62.704,14.017,0,0.495,0.031551,-0.027933
-19881,-1.0039e+05,10.358,-2.3609,-5.7248,16.838,0.0080116,2710.9,49.965,263.63,-21.024,-1255.1,0,0.495,0.0077877,-0.019952
-79741,-1.6022e+05,10.511,-1.5743,-6.1355,12.962,0.0014784,4118.3,58.073,702.8,-6.015,-2499.8,0,0.495,0,-0.019952
-10852,13178,11.078,-8.2365,-1.7655,19.757,0.0237,833.84,-15.975,-288.78,-71.725,30.792,0,0.495,0.04738,-0.023943
-6582.2,9530.1,10.764,-7.5159,-2.5961,19.649,0.023428,838.89,-7.4512,-287.35,-68.13,25.097,0,0.495,0.039466,-0.023943
-8028.8,9938.7,11.37,-9.027,-1.5666,19.617,0.022897,856.94,-12.882,-284.21,-71.242,27.448,0,0.495,0.047381,-0.019952
-3032.7,5301.7,11.052,-8.2326,-2.2735,19.551,0.02251,860.83,-3.7847,-278.68,-66.876,24.135,0,0.495,0.039466,-0.019952
-14157,14342,11.464,-8.7249,-1.0516,20.133,0.023979,839.78,-22.087,-289.28,-68.376,40.549,0,0.495,0.055295,-0.023943
-15827,15641,11.187,-7.9364,-1.1108,20.147,0.02475,814.21,-24.789,-283.44,-69.184,45.863,0,0.495,0.055295,-0.027933
-13258,15116,10.782,-7.5008,-1.9318,19.761,0.024429,809.09,-19.214,-287.47,-73.433,33.627,0,0.495,0.04738,-0.027933
-16591,15967,10.904,-7.2284,-1.1478,20.119,0.025477,789.82,-27.517,-274.51,-71.266,52.424,0,0.495,0.055295,-0.031924
-15081,14422,11.665,-8.1763,-0.41033,20.643,0.024986,826.32,-28.23,-277.88,-60.99,53.578,0,0.495,0.06323,-0.027933
-14007,13644,11.903,-9.0086,-0.4424,20.622,0.024208,852.02,-25.974,-288.74,-61.582,45.759,0,0.495,0.06323,-0.023943
-15966,15949,10.479,-6.834,-2.0702,19.728,0.025128,785.29,-22.492,-282.92,-75.319,37.432,0,0.495,0.04738,-0.031924
-10681,11893,11.744,-9.5794,-0.96552,19.952,0.023109,863.6,-19.485,-289.04,-69.817,34.858,0,0.495,0.055295,-0.019952
-11293,11906,12.154,-9.9191,-0.45216,20.407,0.023298,876.12,-23.776,-293.76,-65.895,37.789,0,0.495,0.06323,-0.019952
-9844,12195,10.469,-6.8431,-2.8799,19.639,0.024083,815.69,-11.309,-289.83,-70.093,25.396,0,0.495,0.039466,-0.027933
-13202,13574,10.167,-6.2294,-3.1291,19.598,0.024712,793.28,-15.233,-288.54,-71.447,26.366,0,0.495,0.039466,-0.031924
-302.59,-2313.9,16.008,-13.33,0.35419,15.293,0.015575,981.28,-16.543,-285.91,-136.69,41.156,0,0.495,0.11088,-0.007981
-1306.5,-1131.3,15.467,-12.099,0.56804,17.797,0.01802,987.75,-17.48,-323.81,-114.59,39.627,0,0.495,0.11088,-0.011971
-358.17,-1559,15.458,-13.414,0.29822,16.075,0.01649,974.3,-19.013,-277.87,-119.71,38.805,0,0.495,0.10295,-0.007981
-1694.4,-176.55,14.979,-12.216,0.49082,18.45,0.018829,980.01,-19.923,-317.66,-101.67,37.974,0,0.495,0.10295,-0.011971
-1956.8,754.69,14.644,-10.966,0.70298,20.098,0.020678,972.2,-20.935,-322.32,-60.55,38.834,0,0.495,0.10295,-0.015962
-1190.4,-318.93,15.093,-10.819,0.79662,19.542,0.019927,980.91,-18.492,-327.32,-66.439,38.904,0,0.495,0.11088,-0.015962
709.21,-3532.1,16.558,-14.327,0.16321,12.561,0.013137,954.59,-15.755,-179.51,-100.23,47.434,0,0.495,0.11088,-0.0039909
502.25,-4021.8,17.209,-14.232,0.19119,11.494,0.012011,954.83,-12.95,-184.36,-113.61,50.439,0,0.495,0.1188,-0.0039909
-470.57,-2806.7,16.588,-13.211,0.40496,14.352,0.014565,984.49,-13.798,-290.94,-154.49,44.734,0,0.495,0.1188,-0.007981
2220.6,-5295.6,17.49,-14.653,-0.090328,10.127,0.010845,933.65,-12.452,-107.48,-69.332,-46.18,0,0.495,0.1188,0
2347.5,-4717.3,16.805,-14.734,-0.075454,11.267,0.012038,935.93,-15.289,-103.84,-60.872,-43.712,0,0.495,0.11088,0
-1301.9,-1676.5,15.978,-11.961,0.6351,16.947,0.017092,991.54,-14.799,-327.45,-130.06,42.825,0,0.495,0.1188,-0.011971
-1068.1,-876.23,15.552,-10.664,0.87452,18.775,0.019053,985.51,-15.868,-330.87,-76.89,40.508,0,0.495,0.1188,-0.015962
823.17,-2920.8,15.937,-14.372,0.13367,13.517,0.014201,950.78,-18.273,-172.45,-86.901,45.136,0,0.495,0.10296,-0.0039909
2447.5,-4092.4,16.15,-14.758,-0.06038,12.324,0.013185,934.71,-17.843,-98.822,-52.354,-41.659,0,0.495,0.10296,0
-9399.6,8691.7,12.923,-9.1061,0.47526,21.455,0.024216,886.21,-28.025,-285.02,-32.936,56.503,0,0.495,0.079184,-0.023943
-8733.7,8012.2,13.073,-10.114,0.3278,21.182,0.023297,909.48,-26.536,-299.97,-47.021,45.128,0,0.495,0.079184,-0.019952
-4805.8,5719,13.467,-8.9969,0.78413,21.646,0.023915,905.35,-26.946,-283.71,-13.283,58.513,0,0.495,0.087109,-0.023943
-5905.5,5336.4,13.555,-10.048,0.59319,21.34,0.023023,927.18,-25.707,-302.26,-34.519,46.466,0,0.495,0.087109,-0.019952
-2267.3,2970.4,14.03,-9.9178,0.78837,21.299,0.022573,943.8,-24.035,-305.45,-23.916,45.007,0,0.495,0.095032,-0.019952
-280.61,3174.9,14.004,-8.8247,1.0085,21.643,0.023425,924.17,-25.105,-284.25,5.8364,56.716,0,0.495,0.095032,-0.023943
-9555.5,8779.4,12.817,-8.1984,0.639,21.482,0.024933,861.78,-29.52,-264.63,-26.251,68.637,0,0.495,0.079183,-0.027933
-13102,11874,12.213,-8.2516,0.17532,21.123,0.025068,842.81,-29.645,-271.3,-45.347,63.353,0,0.495,0.071234,-0.027933
-12493,11522,12.395,-9.1228,0.068547,21.098,0.024308,868.12,-27.822,-287.17,-48.495,53.277,0,0.495,0.071234,-0.023943
-10960,10415,12.602,-10.084,-0.019389,20.854,0.023382,892.09,-26.022,-297.48,-57.145,43.423,0,0.495,0.071234,-0.019952
-3538.6,5637.3,13.447,-8.0524,0.98919,21.668,0.024564,882.3,-28.166,-259.7,-1.372,72.069,0,0.495,0.087108,-0.027933
1203.3,2994.2,14.078,-7.8427,1.2404,21.657,0.023983,903.21,-26.125,-257.37,24.69,70.787,0,0.495,0.095031,-0.027933
2209.5,68.016,14.995,-8.4079,1.283,21.041,0.022007,956.21,-20.285,-290.75,38.232,48.618,0,0.495,0.11088,-0.023943
1686,1268.4,14.518,-8.6207,1.1682,21.44,0.022776,941.54,-22.822,-286.73,24.509,53.446,0,0.495,0.10295,-0.023943
1148.2,-36.886,14.935,-9.573,1.0362,20.576,0.021233,969.19,-19.363,-314.08,-12.035,41.082,0,0.495,0.11088,-0.019952
224.58,1160,14.492,-9.7521,0.93022,21.045,0.021969,958.16,-21.847,-309.55,-15.259,43.281,0,0.495,0.10295,-0.019952
2419.2,-493.72,15.432,-8.2059,1.3703,20.448,0.021149,966.88,-17.732,-295.62,45.485,43.721,0,0.495,0.1188,-0.023943
2126.9,-733.84,15.725,-7.1217,1.6225,20.542,0.021436,958.38,-18.512,-265.96,96.532,50.835,0,0.495,0.1188,-0.027933
2093.3,-180.3,15.237,-7.3543,1.5357,21.075,0.022363,942.56,-21.072,-260.91,77.246,59.689,0,0.495,0.11088,-0.027933
2106.9,-1019.6,16.199,-6.165,1.8766,20.259,0.021359,948.62,-19.332,-231.86,132.92,65.595,0,0.495,0.1188,-0.031924
2078.4,-779.04,16.138,-6.9165,1.698,19.855,0.020486,969.18,-15.844,-271.97,105.39,42.813,0,0.495,0.12672,-0.027933
2498,-595.75,15.834,-8.0257,1.4492,19.662,0.02022,972.36,-15.067,-300.31,43.082,40.861,0,0.495,0.12672,-0.023943
2281.8,-564.63,15.61,-6.43,1.7934,20.811,0.02244,927.59,-21.914,-227.39,101.28,77.906,0,0.495,0.11088,-0.031924
1408.6,-644.31,15.365,-9.3974,1.1207,19.896,0.020387,975.99,-16.779,-318.3,-14.868,39.917,0,0.495,0.1188,-0.019952
1221.1,-859.78,15.794,-9.2344,1.1994,19.011,0.019438,978.05,-14.074,-321.25,-25.216,41.144,0,0.495,0.12672,-0.019952
1962,1023.4,14.683,-7.602,1.4153,21.453,0.02323,923.66,-23.705,-257.84,52.598,66.73,0,0.495,0.10295,-0.027933
2258.3,570.53,14.936,-6.7115,1.6707,21.251,0.023483,905.21,-24.645,-226.03,67.022,86.145,0,0.495,0.10295,-0.031924
-1457,-9181.4,21.63,-11.071,0.87157,5.6698,0.0063092,895.94,10.603,-195.53,-148.83,63.325,0,0.495,0.17448,-0.0079812
-3417.5,-5977.3,21.002,-10.237,1.2515,7.4866,0.0082003,911.39,9.027,-233.17,-156.58,82.05,0,0.495,0.17448,-0.011971
-1861.2,-7317.6,20.839,-11.578,0.79312,6.8522,0.0074403,918.35,6.6929,-222.45,-172.4,63.999,0,0.495,0.16651,-0.0079812
-3699.3,-4361.5,20.121,-10.634,1.1405,8.9568,0.0095891,932.87,5.1346,-260.56,-175.33,79.333,0,0.495,0.16651,-0.011971
-4944.8,-2038.7,19.463,-9.6081,1.4552,10.804,0.011537,935.81,3.4257,-277.58,-152.46,89.682,0,0.495,0.16651,-0.015962
-4848.2,-3349.3,20.408,-9.3188,1.5924,9.1939,0.01001,917.44,7.2523,-252,-141.52,96.823,0,0.495,0.17448,-0.015962
1765.3,-11938,22.167,-11.722,0.45394,4.11,0.0047127,869.1,11.779,-119.4,-97.117,47.399,0,0.495,0.17448,-0.0039922
4110.1,-13961,22.838,-11.013,0.49237,3.4232,0.0040186,849.54,15.595,-99.611,-75.282,44.928,0,0.495,0.1826,-0.0039911
-855.63,-11284,22.419,-10.467,0.94513,4.5922,0.0052551,871.11,14.5,-166.27,-119.44,61.918,0,0.495,0.1826,-0.0079809
9088.7,-15782,23.008,-11.229,-0.25843,2.9641,0.0035352,837.9,16.095,-56.302,-39.969,-33.484,0,0.495,0.18259,0
5058.9,-13899,22.393,-11.983,-0.23719,3.4598,0.0040524,853.27,12.338,-68.434,-54.258,-35.629,0,0.495,0.17449,0
-2745.4,-8036.4,21.909,-9.7506,1.3593,6.0722,0.006836,886.21,12.984,-202.09,-129.95,82.659,0,0.495,0.1826,-0.011971
-4159.9,-5245,21.413,-8.9501,1.7304,7.5704,0.0084476,894.57,11.24,-221.55,-120.93,100.53,0,0.495,0.1826,-0.015962
438.44,-9974.8,21.476,-12.33,0.41185,4.9112,0.0055124,887.19,7.8874,-138.12,-115.73,50.532,0,0.495,0.16651,-0.0039923
2936.2,-11995,21.75,-12.638,-0.21366,4.0627,0.0046809,867.4,8.4821,-80.012,-66.718,-38.991,0,0.495,0.16651,0
729.17,-51.864,16.648,-7.75,1.6175,17.531,0.018144,965.99,-9.5664,-304.4,7.9974,47.549,0,0.495,0.14258,-0.023943
-2013.6,-558.93,16.759,-8.9533,1.3704,16.697,0.017236,968.57,-8.3514,-319.23,-64.109,53.982,0,0.495,0.14258,-0.019952
-539.59,395.68,17.147,-7.6536,1.722,16.23,0.016969,956.11,-6.5597,-301.41,-20.044,60.379,0,0.495,0.15056,-0.023943
-3644.9,-273.78,17.358,-8.8289,1.4759,15.321,0.015973,958.91,-5.2104,-312.33,-86.831,66.9,0,0.495,0.15056,-0.019952
-4713.9,-254.27,18.087,-8.6996,1.5976,13.82,0.014589,946.96,-1.9043,-300.3,-105.02,81.534,0,0.495,0.15857,-0.019952
-2892.8,680.99,17.787,-7.5745,1.8464,14.8,0.015671,944.01,-3.4127,-293.55,-47.247,77.904,0,0.495,0.15857,-0.023943
2633.8,-169.29,16.831,-6.6216,1.856,17.961,0.018526,969.27,-10.529,-281.68,82.182,39.095,0,0.495,0.14258,-0.027933
2309.4,-564.27,16.495,-6.7482,1.7703,18.999,0.019522,973.06,-13.267,-277.68,100.96,37.518,0,0.495,0.13465,-0.027933
2049,-382.09,16.227,-7.8732,1.527,18.686,0.019222,971.95,-12.39,-303.62,30.232,41.372,0,0.495,0.13465,-0.023943
164.17,-739.32,16.249,-9.0868,1.2792,17.938,0.018389,975.35,-11.282,-321.88,-42.385,45.552,0,0.495,0.13465,-0.019952
2727,348.87,17.214,-6.5377,1.9545,16.758,0.017464,959.23,-7.6713,-282.56,51.901,49.599,0,0.495,0.15056,-0.027933
1274.5,854.12,17.732,-6.4934,2.0758,15.412,0.01629,945.66,-4.6885,-279.01,17.524,68.59,0,0.495,0.15857,-0.027933
-5976.5,444.77,19.538,-7.399,2.1656,11.734,0.012747,919.94,3.6816,-261.63,-76.611,115.45,0,0.495,0.17448,-0.023943
-5152,934.16,18.575,-7.4967,1.9951,13.309,0.014269,932.25,0.12045,-280.61,-67.764,97.007,0,0.495,0.16651,-0.023943
-5655.6,-1213.1,19.907,-8.3627,1.8967,10.626,0.01155,919.24,5.4712,-260.57,-113.15,108.48,0,0.495,0.17448,-0.019952
-5393.3,-345.23,18.933,-8.5513,1.7397,12.256,0.013113,934.18,1.7677,-283.27,-114.84,95.99,0,0.495,0.16651,-0.019952
-5679.1,-767.54,20.654,-7.2495,2.3491,10.032,0.011087,903.82,7.6113,-236.03,-72.971,128.57,0,0.495,0.18259,-0.023943
-5304.9,652.26,20.446,-6.3969,2.5999,10.886,0.011978,908.12,5.9159,-234.29,-39.321,136.14,0,0.495,0.18259,-0.027933
-4259.6,1400.2,19.331,-6.4512,2.4021,12.522,0.013579,921.66,2.0697,-255.98,-32.672,116.85,0,0.495,0.17448,-0.027933
-914.17,1654.1,20.384,-5.5696,2.8154,11.479,0.012561,913.25,4.2907,-227.18,-0.92991,139,0,0.495,0.18259,-0.031924
-4417.5,-1246.2,21.692,-6.2787,2.7847,9.0786,0.010211,887.63,9.6572,-205.82,-33.648,143.93,0,0.495,0.19057,-0.027934
-4544.3,-2946.6,21.851,-7.0263,2.5142,8.2237,0.0093181,880.82,11.432,-204.64,-58.741,131.43,0,0.495,0.19057,-0.023943
343.47,2020.6,19.31,-5.5427,2.6088,13.02,0.014057,925.79,0.53998,-244.13,16.059,113.2,0,0.495,0.17448,-0.031924
-5160.3,-2766.9,20.983,-8.1079,2.0603,8.9171,0.0098969,899.78,9.4366,-232.06,-100.19,116.44,0,0.495,0.1826,-0.019952
-3977.1,-5063.3,22.1,-7.7715,2.2019,7.1791,0.0081943,874.17,13.28,-198.84,-78.778,115.78,0,0.495,0.19058,-0.019952
-1406.5,1452.6,18.421,-6.4712,2.2248,14.007,0.015005,933.01,-1.3133,-270.56,-12.996,92.05,0,0.495,0.16651,-0.027933
2254.9,1762.8,18.496,-5.5004,2.4308,14.403,0.015345,938.15,-2.6745,-253.77,45.727,82.373,0,0.495,0.16651,-0.031924
8139.4,-8047.5,26.536,-5.3785,0.74189,1.0094,0.0015812,637.31,23.325,-12.281,29.269,30.925,0,0.495,0.23847,-0.0079815
7667.4,-7400.7,26.644,-5.2431,1.0776,0.94487,0.001482,636.32,22.832,-26.297,18.65,35.401,0,0.495,0.23847,-0.011971
10286,-10075,26.105,-6.0114,0.82949,1.1921,0.0017536,678.57,24.23,-26.43,21.284,32.497,0,0.495,0.23051,-0.0079815
9576.6,-9310,26.183,-5.8159,1.2051,1.1549,0.0017008,677.37,23.633,-41.882,12.286,39.007,0,0.495,0.23051,-0.011971
9075.1,-8678.7,26.247,-5.5547,1.5498,1.1617,0.0017252,671.25,22.848,-49.151,12.641,43.581,0,0.495,0.23051,-0.015962
7196.8,-6851.8,26.724,-5.0426,1.3839,0.91666,0.0014485,631.41,22.175,-34.042,15.724,38.105,0,0.495,0.23847,-0.015962
8518,-8681.4,26.383,-5.4287,0.38452,1.1157,0.0017456,638.23,23.636,-0.86376,28.176,28.176,0,0.495,0.23847,-0.0039929
6317.9,-6771.7,26.747,-4.8386,0.33807,0.96413,0.0016173,595.18,22.391,5.6957,31.224,26.828,0,0.495,0.24642,-0.003993
6124.7,-6323.3,26.917,-4.8266,0.6545,0.86082,0.0014468,593.97,22.136,-1.2433,34.19,27.851,0,0.495,0.24642,-0.0079815
6634.7,-6979.7,26.658,-4.8275,-0.17861,1.0201,0.0017088,596.08,22.466,5.9943,24.014,-26.661,0,0.495,0.24641,0
8749.6,-9010,26.3,-5.4319,-0.20387,1.1761,0.0018383,638.97,23.737,2.4187,22.73,-26.878,0,0.495,0.23847,0
6042.3,-5837.9,27.044,-4.7421,0.95306,0.79112,0.0013299,593.71,21.721,-13.648,22.807,30.786,0,0.495,0.24642,-0.011972
5697.3,-5402.7,27.135,-4.5951,1.2254,0.75637,0.0012765,591.27,21.162,-21.86,17.128,32.595,0,0.495,0.24642,-0.015962
10760,-10857,25.983,-6.1102,0.43035,1.2861,0.0018916,678.99,24.619,-9.7567,22.513,27.73,0,0.495,0.2305,-0.0039929
11026,-11301,25.913,-6.1329,-0.2285,1.3454,0.0019776,679.51,24.756,-2.6161,19.677,-25.147,0,0.495,0.2305,0
3642.3,-8149.8,24.176,-6.3279,2.6513,4.5113,0.0056186,798.49,17.856,-129.06,-12.709,111.5,0,0.495,0.20646,-0.023943
1912.8,-9821,24.212,-6.8547,2.3029,3.8812,0.0048516,796.1,19.402,-124.73,-24.439,95.923,0,0.495,0.20646,-0.019952
9049.4,-9344,25.119,-5.8781,2.5655,2.9733,0.0039704,743.13,19.726,-93.553,8.4132,88.716,0,0.495,0.21439,-0.023943
7852.9,-10553,25.064,-6.3159,2.22,2.6105,0.0034668,748.54,21.1,-92.8,-1.1389,76.769,0,0.495,0.21439,-0.019952
10382,-9630.8,25.769,-5.768,2.0629,1.7105,0.0024279,700.63,22.009,-68.048,14.059,59.945,0,0.495,0.22235,-0.019952
9846.5,-8862,25.887,-5.4028,2.3848,1.8461,0.0026698,685.96,20.837,-65.357,22.567,67.401,0,0.495,0.22237,-0.023943
6137.8,-6541,24.195,-5.7901,2.9566,5.0729,0.0062931,801.24,16.282,-131.27,0.99293,125.69,0,0.495,0.20646,-0.027936
-972.91,-3899.8,22.971,-6.0842,2.9235,7.1027,0.0082893,853.74,13.174,-170.68,-17.372,143.06,0,0.495,0.19864,-0.027934
-2379.9,-5712.9,23.046,-6.7251,2.6318,6.3475,0.0074674,846.86,14.88,-168.02,-36.135,128.03,0,0.495,0.19864,-0.023943
-2270.1,-7762.2,23.192,-7.3567,2.2963,5.468,0.0064835,840.23,16.608,-161.95,-51.364,110.92,0,0.495,0.19864,-0.019952
9762.4,-8081.1,25.222,-5.4311,2.87,3.2993,0.0044332,737.1,18.291,-93.979,19.107,99.828,0,0.495,0.2144,-0.027935
9199.6,-8062.2,26.039,-5.0399,2.6756,1.9643,0.0029008,669.51,19.604,-63.059,31.258,74.741,0,0.495,0.22253,-0.027934
6305.3,-5867.9,26.954,-4.5647,1.9179,0.8572,0.0014321,596.84,20.513,-32.757,28.405,39.834,0,0.495,0.23848,-0.023943
8276,-7568.3,26.482,-4.9606,2.1546,1.1826,0.0018473,636.74,20.897,-46.139,29.301,50.429,0,0.495,0.23051,-0.023943
6748.4,-6355.2,26.821,-4.8092,1.6644,0.89313,0.0014402,618.58,21.398,-35.229,21.172,39.69,0,0.495,0.23848,-0.019953
8717.2,-8118.7,26.341,-5.263,1.8671,1.1776,0.0017834,657.64,21.934,-49.632,20.97,47.369,0,0.495,0.23051,-0.019952
4946.8,-4594.2,27.346,-4.2169,1.6986,0.69091,0.0012245,562.95,19.72,-23.108,24.883,33.057,0,0.495,0.24642,-0.023943
4567,-4212.9,27.491,-4.0177,1.8997,0.63917,0.0011911,535.29,18.882,-20.295,29.79,31.746,0,0.495,0.24642,-0.027934
5845.4,-5391.4,27.119,-4.3191,2.1445,0.80511,0.0014139,567.37,19.557,-28.964,34.517,39.195,0,0.495,0.23848,-0.027934
4156.4,-3828.8,27.654,-3.8207,2.0769,0.57519,0.0011464,500.32,17.979,-17.122,32.403,29.931,0,0.495,0.24642,-0.031924
3473.2,-3252.6,27.816,-3.7443,1.6785,0.53193,0.001052,504.38,18.032,-13.045,25.242,28.033,0,0.495,0.25436,-0.027934
3769.5,-3554.7,27.692,-3.9027,1.4982,0.57338,0.0010839,527.69,18.759,-14.716,21.599,29.383,0,0.495,0.25436,-0.023943
5354.6,-4914.6,27.307,-4.0767,2.3429,0.73824,0.0013813,531.93,18.532,-24.967,37.737,38.149,0,0.495,0.23848,-0.031924
5319.9,-4988.8,27.228,-4.4131,1.474,0.72863,0.0012497,581.75,20.491,-24.313,19.653,33.559,0,0.495,0.24642,-0.019953
4067.8,-3868.3,27.588,-4.0554,1.2977,0.60334,0.0011108,541.83,19.421,-14.696,18.354,29.965,0,0.495,0.25436,-0.019953
7780.3,-7002.2,26.662,-4.6565,2.411,1.169,0.0019017,610.11,19.787,-41.749,36.349,52.98,0,0.495,0.23053,-0.027934
7199.3,-6392.8,26.867,-4.357,2.6355,1.1346,0.0019371,579.5,18.614,-37.655,40.704,54.761,0,0.495,0.23054,-0.031924
705.94,-835.85,28.81,-2.5026,0.21679,0.12534,0.00062304,198.03,12.317,4.6869,10.859,13.025,0,0.495,0.30222,-0.0079841
750.95,-851.4,28.855,-2.5019,0.32768,0.11046,0.00055781,195.15,12.196,4.315,10.185,10.999,0,0.495,0.30222,-0.011972
853.33,-1113.1,28.63,-2.7056,0.24843,0.1953,0.00075325,256.48,13.601,7.0051,15.579,16.677,0,0.495,0.29428,-0.007983
938.66,-1135.1,28.694,-2.7087,0.37616,0.17142,0.00066936,253.53,13.465,6.406,14.213,14.095,0,0.495,0.29428,-0.011972
976.71,-1132.9,28.755,-2.7006,0.50347,0.1571,0.00061191,254.19,13.272,6.0534,13.447,12.208,0,0.495,0.29428,-0.015962
767.2,-851.9,28.901,-2.4941,0.43875,0.1012,0.00051155,195.08,12.028,4.689,10.571,9.3299,0,0.495,0.30222,-0.015962
695.74,-823.93,28.763,-2.4923,0.10856,0.14355,0.00069259,203.9,12.389,4.0403,8.5828,15.177,0,0.495,0.30222,-0.0039999
576.47,-656.73,28.922,-2.314,0.097142,0.08352,0.00054141,150.73,11.13,3.1951,6.2297,10.657,0,0.495,0.31016,-0.0040006
585.75,-659.22,28.956,-2.3216,0.19319,0.073528,0.00049283,145.96,11.067,3.2629,7.4187,9.2554,0,0.495,0.31016,-0.0079844
577.1,-656.26,28.903,-2.3066,-0.050341,0.088659,0.00056388,153.7,11.147,2.5163,4.9966,-11.311,0,0.495,0.31016,0
702.1,-817.12,28.739,-2.4839,-0.056089,0.15268,0.00072467,207.42,12.408,2.9546,6.475,-16.212,0,0.495,0.30222,0
608.57,-666.17,28.986,-2.3184,0.29087,0.065549,0.00044724,143.66,10.963,2.8343,6.9268,7.86,0,0.495,0.31016,-0.011972
615.27,-664.08,29.02,-2.3107,0.3886,0.060451,0.00041412,143.26,10.816,3.5066,7.8869,6.5927,0,0.495,0.31016,-0.015962
854.44,-1091.9,28.562,-2.69,0.12407,0.2243,0.00084387,262.88,13.681,5.6137,12.038,19.625,0,0.495,0.29428,-0.0039978
886.18,-1078,28.53,-2.6792,-0.063898,0.23866,0.00088584,266.64,13.7,3.8802,8.6948,-21.093,0,0.495,0.29428,0
2175.6,-2190.3,28.282,-3.3492,1.1439,0.37391,0.00085099,437.54,16.457,-2.2128,17.566,22.437,0,0.495,0.27027,-0.023943
2283.8,-2359.9,28.195,-3.4328,0.98127,0.39039,0.00087832,442.65,16.937,-0.69666,17.191,22.693,0,0.495,0.27027,-0.019953
1568.6,-1735.5,28.524,-3.1006,0.99234,0.28498,0.0007442,380.73,15.196,1.864,16.552,18.294,0,0.495,0.27836,-0.023943
1634.3,-1853.2,28.443,-3.1584,0.84496,0.2975,0.00077262,382.92,15.601,3.3748,16.629,18.616,0,0.495,0.27836,-0.019953
1223.4,-1418.9,28.649,-2.9084,0.72701,0.21617,0.00067174,319.41,14.315,5.4397,15.686,14.85,0,0.495,0.28634,-0.019953
1180.6,-1344.5,28.725,-2.8697,0.86022,0.20648,0.00064264,318.79,13.972,4.4039,15.789,14.22,0,0.495,0.28634,-0.023943
2014.8,-2016.1,28.376,-3.2553,1.292,0.3512,0.00082368,424.57,15.918,-2.4258,18.757,21.836,0,0.495,0.27027,-0.027934
2735.3,-2581.9,28.11,-3.4916,1.4758,0.43913,0.00093437,468.51,17.011,-7.1015,21.271,24.923,0,0.495,0.2623,-0.027934
2964,-2815.2,28.004,-3.6154,1.313,0.47021,0.00096336,486.59,17.638,-7.7302,18.962,25.88,0,0.495,0.2623,-0.023943
3159.4,-3051.4,27.91,-3.7308,1.1328,0.49244,0.00099006,495.85,18.203,-6.7517,17.459,26.227,0,0.495,0.2623,-0.019953
1463.3,-1607,28.61,-3.032,1.1279,0.26853,0.00071753,372.02,14.736,1.1707,17.005,17.926,0,0.495,0.27836,-0.027934
1112.4,-1258,28.803,-2.8213,0.98442,0.1946,0.00061634,313.15,13.58,3.6666,16.015,13.764,0,0.495,0.28634,-0.027934
743.13,-810.45,29.011,-2.4639,0.65543,0.089729,0.00045242,195.41,11.564,5.3578,12.828,7.0838,0,0.495,0.30222,-0.023944
931.94,-1059.2,28.886,-2.6575,0.748,0.14094,0.00054542,255.6,12.735,5.4345,14.412,10.205,0,0.495,0.29428,-0.023943
760.89,-837.29,28.953,-2.4815,0.54875,0.09512,0.0004789,195.81,11.818,5.1862,11.769,8.1254,0,0.495,0.30222,-0.019953
964.62,-1104.4,28.818,-2.6833,0.62837,0.14837,0.00057408,255.78,13.029,5.811,13.826,11.083,0,0.495,0.29428,-0.019953
602.94,-636.5,29.11,-2.2883,0.5807,0.053273,0.00036692,142.5,10.414,4.8643,10.826,4.5606,0,0.495,0.31016,-0.023944
591.28,-616.79,29.165,-2.2713,0.67271,0.049398,0.00034582,140.12,10.162,4.8907,11.613,3.6808,0,0.495,0.31016,-0.027934
720.13,-778.23,29.075,-2.4402,0.75788,0.083788,0.00042833,192.59,11.274,5.1938,13.449,6.2467,0,0.495,0.30222,-0.027934
580.04,-597.15,29.222,-2.2489,0.76099,0.04504,0.0003253,135.74,9.8754,4.7121,11.85,2.7813,0,0.495,0.31016,-0.031925
473.08,-482.34,29.235,-2.1179,0.602,0.027883,0.00028006,97.709,9.1062,4.6404,9.8786,2.3067,0,0.495,0.3181,-0.027934
480.49,-496.25,29.188,-2.13,0.51944,0.030113,0.000296,99.779,9.3278,4.5614,9.0897,3.1111,0,0.495,0.3181,-0.023944
696.77,-744.47,29.141,-2.4105,0.85513,0.076746,0.00040458,186.62,10.947,4.8868,13.425,5.4394,0,0.495,0.30222,-0.031925
613.03,-654.61,29.061,-2.3008,0.48578,0.056788,0.00038906,143.29,10.634,4.3746,9.5047,5.543,0,0.495,0.31016,-0.019953
487.45,-510.32,29.147,-2.1389,0.43461,0.032058,0.00031173,100.79,9.5215,3.9054,7.7049,3.9361,0,0.495,0.3181,-0.019953
887.65,-1004.2,28.957,-2.6238,0.8613,0.13242,0.00051982,251.83,12.399,4.9567,14.768,9.5786,0,0.495,0.29428,-0.027934
843.02,-947.12,29.031,-2.5832,0.96735,0.12169,0.00049377,243.5,12.02,4.482,14.464,8.9471,0,0.495,0.29428,-0.031925
113.81,-141.02,29.52,-1.4648,0.084223,0.0063881,0.00046348,13.911,4.1298,1.9747,2.9011,4.8499,0,0.495,0.36574,-0.0079857
116.88,-144.44,29.528,-1.4612,0.12697,0.0063637,0.0004628,13.651,4.0842,1.1151,0.96428,4.9692,0,0.495,0.36574,-0.011973
151.1,-179.15,29.45,-1.5491,0.097277,0.0067829,0.00037468,18.378,4.9474,2.1236,2.9405,4.5354,0,0.495,0.35781,-0.0079857
153.63,-181.93,29.458,-1.5457,0.14628,0.0067516,0.00037929,18.077,4.8963,1.3394,1.1335,4.6025,0,0.495,0.35781,-0.011973
156.18,-182.59,29.464,-1.54,0.19473,0.0067251,0.00038328,17.824,4.8255,2.2962,1.3613,4.4162,0,0.495,0.35781,-0.015963
120.35,-146.41,29.532,-1.4548,0.16889,0.0063434,0.00045541,13.44,4.0211,2.0516,0.89957,4.8085,0,0.495,0.36574,-0.015963
112.69,-138.83,29.503,-1.4582,0.042759,0.0064154,0.00045949,14.181,4.1535,2.4228,3.2156,5.0007,0,0.495,0.36574,-0.0040036
82.627,-107.88,29.573,-1.3854,0.036514,0.0061402,0.00044722,10.772,3.3854,2.3234,2.9495,5.0819,0,0.495,0.37367,-0.0040038
84.314,-110.42,29.589,-1.3914,0.071896,0.0061224,0.00044056,10.588,3.3649,1.7101,2.9129,4.9151,0,0.495,0.37367,-0.0079858
84.759,-109.59,29.565,-1.379,-0.027602,0.0061469,0.00044737,10.834,3.3915,1.6535,1.9979,-5.4076,0,0.495,0.37367,0
114.96,-140.54,29.493,-1.4519,-0.027896,0.006428,0.0004567,14.297,4.1606,1.6823,2.4817,-5.2759,0,0.495,0.36574,0
86.969,-113.68,29.598,-1.3875,0.10878,0.0061038,0.00042905,10.371,3.3238,0.67643,0.86388,5.0767,0,0.495,0.37368,-0.011973
91.09,-116.49,29.6,-1.3799,0.14431,0.0060888,0.00041153,10.201,3.2671,1.5264,0.48109,4.9419,0,0.495,0.37367,-0.015963
150.26,-177.24,29.432,-1.5421,0.049215,0.0068255,0.00036931,18.762,4.9747,2.5081,3.4455,4.6851,0,0.495,0.35781,-0.0040034
151.71,-178.18,29.421,-1.5357,-0.02891,0.0068487,0.00036672,18.96,4.9828,1.7967,2.8831,-4.924,0,0.495,0.35781,0
309.06,-319.88,29.314,-1.8572,0.41841,0.011007,0.00023947,46.122,7.2954,5.0024,6.47,2.3393,0,0.495,0.33398,-0.023944
315.18,-331.29,29.284,-1.8602,0.35003,0.011328,0.00024128,47.011,7.4469,3.9595,5.147,2.8152,0,0.495,0.33398,-0.019953
246.28,-259.72,29.372,-1.7403,0.37365,0.0083512,0.00026544,31.913,6.3595,5.3941,5.6374,2.6896,0,0.495,0.34191,-0.023944
252.61,-270.47,29.347,-1.7409,0.31237,0.0084782,0.00026275,32.688,6.4938,4.0583,4.2735,3.0505,0,0.495,0.34191,-0.019953
199.01,-219.86,29.41,-1.6338,0.2773,0.0072925,0.00031444,23.559,5.5907,4.0905,3.5839,3.6782,0,0.495,0.34985,-0.019953
193,-210.11,29.432,-1.6351,0.33196,0.0072189,0.00032064,22.891,5.4709,5.7434,5.0559,3.3848,0,0.495,0.34985,-0.023944
301.2,-308.66,29.348,-1.8534,0.4851,0.010585,0.00023793,44.767,7.1214,5.1424,7.0028,1.8702,0,0.495,0.33398,-0.027934
382.11,-387.01,29.294,-1.9788,0.54076,0.016159,0.00024141,66.315,8.0871,4.7424,8.2217,1.6526,0,0.495,0.32604,-0.027934
388.47,-398.98,29.254,-1.9867,0.46659,0.017223,0.00025021,68.023,8.2829,4.6545,7.5639,2.2938,0,0.495,0.32604,-0.023944
394.35,-411.44,29.22,-1.9924,0.39047,0.018094,0.00025851,69.022,8.4533,3.8409,6.2233,2.9274,0,0.495,0.32604,-0.019953
238.02,-248.96,29.402,-1.7405,0.4336,0.0081801,0.00026952,30.834,6.2055,5.6563,6.1273,2.3615,0,0.495,0.34191,-0.027934
185.35,-200.47,29.46,-1.6391,0.38589,0.0071234,0.0003294,22.011,5.334,6.2091,5.6371,3.1307,0,0.495,0.34985,-0.027935
118.32,-138.66,29.558,-1.4548,0.25529,0.0062807,0.00043683,12.727,3.8487,6.0895,4.059,4.2956,0,0.495,0.36574,-0.023944
151.92,-171.4,29.495,-1.54,0.29284,0.0066376,0.0003991,16.912,4.6321,6.0301,4.5301,3.8666,0,0.495,0.35781,-0.023944
121.04,-144.55,29.541,-1.4522,0.21279,0.0063181,0.00044774,13.164,3.9438,3.8807,2.3948,4.5265,0,0.495,0.36574,-0.019953
156.68,-179.64,29.475,-1.5376,0.24437,0.0066897,0.00038917,17.468,4.7387,4.067,2.9482,4.116,0,0.495,0.35781,-0.019953
91.19,-111.66,29.621,-1.3781,0.21923,0.006045,0.00036472,9.6717,3.1129,5.605,3.5616,4.4861,0,0.495,0.37367,-0.023944
93.151,-108.67,29.642,-1.3869,0.25866,0.0060096,0.00032704,9.219,3.0173,7.3812,4.7302,4.1331,0,0.495,0.37368,-0.027935
116.61,-133.47,29.581,-1.4638,0.29937,0.0062317,0.00042416,12.147,3.7413,7.3117,5.0554,4.0064,0,0.495,0.36574,-0.027935
89.516,-106.87,29.667,-1.3979,0.29625,0.0059733,0.00030069,8.7522,2.9068,6.8198,4.7544,3.9107,0,0.495,0.37367,-0.031925
71.944,-86.357,29.701,-1.3187,0.22156,0.0058596,0.00022385,7.0114,2.3339,6.5847,4.3168,4.1899,0,0.495,0.3816,-0.027935
67.917,-88.645,29.683,-1.3122,0.18703,0.0058841,0.00025063,7.3503,2.42,4.3658,3.108,4.5934,0,0.495,0.3816,-0.023944
111.77,-131.04,29.607,-1.4715,0.34089,0.0061816,0.00041812,11.557,3.6177,6.4023,4.8521,3.8665,0,0.495,0.36574,-0.031925
91.93,-115.39,29.607,-1.3765,0.18276,0.0060712,0.00039303,9.9989,3.1981,3.3539,1.8883,4.6717,0,0.495,0.37368,-0.019953
67.489,-89.977,29.671,-1.312,0.15609,0.0059017,0.00026942,7.5871,2.4968,2.4241,1.5065,4.7252,0,0.495,0.3816,-0.019953
146.28,-163.53,29.52,-1.5472,0.34156,0.0065707,0.00041309,16.188,4.5111,6.8042,5.2948,3.6293,0,0.495,0.35781,-0.027935
140.06,-159.7,29.547,-1.5509,0.38736,0.0065008,0.00042871,15.441,4.3725,5.8509,4.9318,3.4942,0,0.495,0.35781,-0.031925
54.242,-71.904,29.744,-1.2532,0.16324,0.0057731,0.00018035,5.5713,1.7728,2.5044,2.5988,3.7668,0,0.495,0.38954,-0.023944
45.919,-57.919,29.794,-1.196,0.15148,0.0057032,0.00014778,4.3655,1.1192,1.4788,2.2332,3.1597,0,0.495,0.39751,-0.023944
59.84,-70.542,29.758,-1.2573,0.19318,0.0057571,0.00016366,5.3323,1.6927,4.8432,3.681,3.3965,0,0.495,0.38954,-0.027935
51.954,-58.391,29.798,-1.2081,0.18158,0.0057011,0.00014083,4.351,1.1854,3.5993,3.3353,2.9577,0,0.495,0.3975,-0.027935
51.317,-71.39,29.733,-1.2549,0.13622,0.0057848,0.00019214,5.7421,1.8397,1.1006,1.1335,3.8039,0,0.495,0.38954,-0.019953
43.321,-58.192,29.775,-1.2089,0.12489,0.0057212,0.00016007,4.6649,1.3198,0.2325,1.0282,3.2354,0,0.495,0.3975,-0.019953
-16135,14365,9.514,-5.2701,-2.3604,20.044,0.027232,736.1,-32.198,-266.67,-82.821,43.069,0,0.495,0.04738,-0.043897
-14539,13100,9.2147,-4.7681,-3.7097,19.792,0.026615,743.81,-26.738,-279.73,-76.325,24.379,0,0.495,0.039466,-0.043897
-16459,15305,9.8452,-5.7223,-2.2807,19.837,0.026526,747.92,-29.004,-271.29,-80.511,42.152,0,0.495,0.04738,-0.039905
-14605,13749,9.5388,-5.1947,-3.54,19.646,0.025972,756.62,-22.977,-282.46,-74.844,25.842,0,0.495,0.039466,-0.039905
-14133,12295,8.8853,-4.3935,-3.86,20.025,0.027259,734.78,-30.405,-277.95,-77.055,23.363,0,0.495,0.039466,-0.047892
-15776,13380,9.1749,-4.876,-2.4269,20.353,0.027924,728.89,-35.337,-263.77,-84.302,44.437,0,0.495,0.04738,-0.047893
-16456,15901,10.168,-6.2416,-2.1851,19.738,0.025823,764.47,-25.775,-277.04,-78.123,39.524,0,0.495,0.04738,-0.035915
-16636,15557,10.61,-6.6059,-1.1667,20.145,0.026198,769.04,-30.248,-264.74,-74.773,57.091,0,0.495,0.055295,-0.035914
-16342,14747,10.303,-6.0662,-1.1712,20.28,0.026921,753.35,-32.942,-255.85,-78.211,62.379,0,0.495,0.055295,-0.039905
-14203,13976,9.8566,-5.6803,-3.3477,19.587,0.025338,773.25,-19.137,-285.63,-73.447,25.846,0,0.495,0.039466,-0.035915
-15874,13713,9.9833,-5.601,-1.1641,20.54,0.027635,743.25,-35.63,-249.02,-81.488,65.776,0,0.495,0.055296,-0.043897
-15494,12754,9.653,-5.1988,-1.147,20.912,0.028318,738.45,-38.298,-244.85,-83.897,69.71,0,0.495,0.055298,-0.047895
7398.1,4567,8.2297,-2.5068,-7.6192,20.096,0.024324,824.56,-26.166,-279.97,-52.858,-18.067,0,0.495,0.023618,-0.055904
8826.3,200.92,8.3927,-1.7267,-9.4204,18.986,0.018636,1047.6,-19.635,-268.96,-41.179,-37.713,0,0.495,0.015698,-0.055901
6957.8,4557.3,8.5027,-2.7326,-7.368,20.015,0.024126,830.39,-21.475,-278.66,-53.069,-13.99,0,0.495,0.023632,-0.05189
8766.7,-462.07,8.6251,-1.8953,-9.1083,19.094,0.018667,1052.6,-14.286,-265.76,-41.086,-32.285,0,0.495,0.015711,-0.051889
-2381.4,8883.8,8.4533,-3.4559,-5.6404,20.165,0.026622,756.9,-28.346,-283.73,-67.231,-0.74535,0,0.495,0.03155,-0.051892
234.97,8383.5,8.1463,-3.1885,-5.8298,20.411,0.027017,752.15,-32.39,-284.38,-66.882,-3.7455,0,0.495,0.031534,-0.055908
8840.2,733.28,8.161,-1.576,-9.6987,18.911,0.018608,1044.1,-24.716,-272.08,-41.592,-43.395,0,0.495,0.015695,-0.059904
24283,-28828,8.6521,-0.87213,-11.579,14.567,0.0079147,2530.4,-17.974,604.93,-25.512,-1402.6,0,0.495,0.0077702,-0.059903
26074,-32773,8.8344,-0.96553,-11.243,14.729,0.007984,2542.4,-12.249,583.31,-24.92,-1385.4,0,0.495,0.0077739,-0.055899
39859,-57813,9.0476,-0.55835,-12.533,11.239,0.0011061,3845.2,-14.248,1477,2.0604,-2740.3,0,0.495,0,-0.059898
43209,-64879,9.2041,-0.62411,-12.166,11.391,0.0011362,3866.6,-8.205,1429.7,1.9802,-2712,0,0.495,0,-0.055897
7700.5,4597.3,7.9584,-2.3044,-7.8437,20.21,0.024418,820.51,-30.664,-281.81,-52.844,-22.464,0,0.495,0.023615,-0.059907
2735.3,7993,7.842,-2.9486,-5.9987,20.689,0.027159,749.46,-36.316,-285.93,-66.678,-7.1847,0,0.495,0.031531,-0.059914
28041,-36993,9.0174,-1.07,-10.865,14.915,0.00806,2556.4,-6.1737,559.52,-24.92,-1368.9,0,0.495,0.007787,-0.051888
46887,-72273,9.3616,-0.69739,-11.754,11.557,0.0011689,3890.7,-1.7554,1377.5,1.2405,-2684.8,0,0.495,0,-0.051888
-15193,11660,8.4843,-4.2216,-2.5312,21.188,0.029188,725.85,-41.511,-263.62,-85.518,45.27,0,0.495,0.047362,-0.055923
-10545,10692,8.2189,-3.7682,-4.1163,20.699,0.028389,726.54,-37.465,-277.89,-77.481,19.662,0,0.495,0.039448,-0.055917
-15413,12425,8.8311,-4.5297,-2.4832,20.743,0.028582,725.7,-38.439,-262.75,-85.346,44.634,0,0.495,0.047377,-0.0519
-13040,11443,8.5529,-4.0628,-3.9946,20.334,0.027849,729.18,-33.978,-277.31,-77.615,21.304,0,0.495,0.039463,-0.051897
-15135,11298,8.9738,-4.5344,-1.0907,21.871,0.029494,741.5,-43.653,-244.71,-86.157,75.615,0,0.495,0.055288,-0.05593
-15253,10963,8.6325,-4.2512,-1.052,22.39,0.029955,747.4,-46.351,-248.36,-86.265,78.226,0,0.495,0.055269,-0.059953
-15115,11134,8.1388,-3.9443,-2.5684,21.659,0.029729,728.49,-44.573,-266.39,-85.28,45.308,0,0.495,0.047345,-0.05994
-15630,10952,8.2961,-3.9887,-1.004,22.896,0.030326,754.98,-49.036,-254.05,-86.131,81.209,0,0.495,0.055267,-0.063952
-14795,9821.9,9.382,-4.4093,0.29952,23.21,0.029914,775.88,-46.798,-226.12,-83.09,109.42,0,0.495,0.063261,-0.059964
-14423,9966.4,9.6972,-4.6954,0.18211,22.649,0.029538,766.75,-44.392,-222.23,-82.655,103.77,0,0.495,0.063289,-0.055935
-15258,10890,7.7998,-3.6897,-2.5936,22.131,0.030197,732.82,-47.576,-270.72,-84.785,45.702,0,0.495,0.047357,-0.063927
-15208,11896,9.3157,-4.847,-1.1219,21.367,0.028944,738.18,-40.973,-243.47,-85.539,72.42,0,0.495,0.055301,-0.051905
-14260,10378,10.009,-5.0095,0.07069,22.093,0.029057,760.31,-42.043,-221.14,-81.736,97.603,0,0.495,0.063276,-0.051916
-8136.5,10125,7.8865,-3.5039,-4.2228,21.097,0.028754,726.21,-40.897,-279.81,-77.216,17.481,0,0.495,0.039432,-0.05993
-6402.1,9760.1,7.5597,-3.2631,-4.314,21.505,0.028994,727.59,-44.223,-282.79,-76.755,15.857,0,0.495,0.039443,-0.063917
4608.8,-1869.8,16.879,-4.4551,2.5939,19.758,0.022437,881.02,-24.587,-131.87,88.164,148.41,0,0.495,0.11089,-0.043897
4471.1,-1026.6,15.705,-4.8015,2.4833,20.932,0.024271,862.7,-27.683,-139.92,46.894,150.62,0,0.495,0.10296,-0.043897
3653.6,-1518.5,16.485,-4.9898,2.3226,19.997,0.022357,894.84,-23.617,-160.31,102.93,124.22,0,0.495,0.11089,-0.039905
3591.3,-549.1,15.484,-5.3232,2.2049,20.869,0.023925,872.59,-26.597,-164.79,59.792,129.77,0,0.495,0.10296,-0.039905
5209.7,-1359,15.873,-4.3675,2.7689,21.213,0.024698,859.11,-28.812,-120.32,34.286,170.74,0,0.495,0.10296,-0.047897
5485.7,-2085.9,17.205,-4.0171,2.8695,19.757,0.022658,872.27,-25.609,-108.89,70.822,172.26,0,0.495,0.11089,-0.047897
2734.6,-1043.9,16.046,-5.6433,2.0557,20.396,0.022391,911.24,-22.734,-192.88,108.89,98.662,0,0.495,0.11088,-0.035914
2418.8,-1434.8,16.783,-5.3477,2.1318,19.697,0.021056,935.71,-20.08,-195.75,151.18,84.326,0,0.495,0.1188,-0.035914
3310.6,-1818.6,17.406,-4.6698,2.388,19.002,0.02068,919.28,-20.876,-160.53,151.63,110.15,0,0.495,0.11881,-0.039905
2759.1,12.144,15.218,-5.9544,1.9339,21.007,0.023678,887.49,-25.593,-194.09,68.044,106.49,0,0.495,0.10296,-0.035914
4256.8,-2062.4,17.999,-4.1204,2.6451,18.363,0.020383,901.41,-21.737,-128.77,137.65,136.87,0,0.495,0.11881,-0.043897
5181.4,-2172.5,18.515,-3.6788,2.9029,17.936,0.020261,885.65,-22.643,-102.41,116.06,164.98,0,0.495,0.11881,-0.047898
-11198,4869.9,11.802,-4.5639,2.1131,23.84,0.029004,822.01,-41.141,-169.98,-53.685,157.97,0,0.495,0.079166,-0.055936
-10688,5076.8,11.992,-4.8848,1.8728,23.199,0.028592,811.42,-39.361,-172.02,-52.635,146.71,0,0.495,0.079177,-0.051909
-9206.2,2061.3,13.119,-4.3225,2.7399,23.896,0.028312,844.12,-37.986,-142.56,-29.738,178.64,0,0.495,0.087087,-0.055941
-8574.7,2228.6,13.223,-4.6472,2.4605,23.237,0.027899,832.99,-36.461,-147.24,-28.775,165.64,0,0.495,0.0871,-0.051911
-239.76,-110.94,14.574,-4.3377,2.8449,22.749,0.026774,849.77,-33.379,-124.59,-4.3901,178.51,0,0.495,0.095022,-0.051913
-255.67,-237.64,14.569,-4.011,3.1428,23.384,0.027193,860.02,-34.738,-116.94,-6.4265,192.68,0,0.495,0.095009,-0.055945
-11833,4870.9,11.608,-4.269,2.3608,24.483,0.029298,835.75,-43.005,-170.9,-53.812,168.93,0,0.495,0.079115,-0.059979
-13458,7626.7,10.377,-4.4084,1.4499,23.974,0.029702,807.17,-45.258,-199.97,-69.902,142.53,0,0.495,0.071196,-0.059971
-12927,7652,10.644,-4.6986,1.2601,23.37,0.029384,795.33,-43.157,-197.01,-69.46,133.93,0,0.495,0.07124,-0.055933
-12593,7925.3,10.903,-5.0155,1.0768,22.768,0.028953,786.38,-41.145,-197.04,-68.54,124.93,0,0.495,0.071241,-0.051911
-9845.1,2052.9,13.011,-4.0242,3.0257,24.562,0.028606,858.72,-39.592,-140.76,-29.263,191.1,0,0.495,0.087034,-0.059986
-290.04,-257.51,14.558,-3.7118,3.4454,24.034,0.027499,874.1,-36.162,-112.08,-6.0409,205.74,0,0.495,0.094957,-0.059991
6601,-2112.5,17.682,-3.3327,3.4312,20.359,0.023315,873.22,-27.841,-78.139,46.322,208.49,0,0.495,0.11088,-0.05596
6099.7,-1625.1,16.096,-3.6726,3.3591,22.218,0.025552,869.59,-31.243,-95.053,20.866,202.31,0,0.495,0.10293,-0.055955
6179.4,-2157.7,17.465,-3.6499,3.1497,19.984,0.022977,869.88,-26.741,-91.138,56.092,191.78,0,0.495,0.11087,-0.051921
5709,-1568.8,15.995,-3.9972,3.062,21.669,0.025147,861.81,-30.036,-105.54,25.186,187.31,0,0.495,0.10294,-0.051919
6243.3,-1942,19.292,-3.0134,3.4169,17.872,0.020504,871.4,-24.658,-66.765,76.447,209.13,0,0.495,0.11881,-0.055964
6462.1,-1776.7,19.587,-2.7417,3.6696,18.107,0.020709,873.84,-25.745,-55.825,66.859,224.16,0,0.495,0.11883,-0.060038
6892.6,-2044.6,17.87,-3.0457,3.7127,20.812,0.023602,881.64,-29.025,-68.542,42.737,221.82,0,0.495,0.11088,-0.06003
6538.1,-1590.5,19.864,-2.496,3.916,18.36,0.020849,879.84,-26.771,-46.974,64.895,235.6,0,0.495,0.11885,-0.064055
5232.7,-1090.4,21.295,-2.4571,3.5872,14.818,0.017263,857.18,-22.326,-48.308,93.522,218.91,0,0.495,0.12676,-0.060049
5012,-1388.4,20.873,-2.7091,3.3661,14.918,0.017241,864.79,-21.294,-60.184,112.99,199.53,0,0.495,0.12675,-0.055968
7034.9,-1891,18.065,-2.7831,3.9897,21.232,0.023775,892.77,-30.13,-60.818,44.434,233.44,0,0.495,0.11091,-0.064042
5858.4,-2092.4,18.94,-3.3179,3.1613,17.788,0.020324,875.31,-23.667,-81.767,94.017,188.94,0,0.495,0.1188,-0.051923
4577.2,-1636.3,20.35,-2.9984,3.1394,15.293,0.01737,880.62,-20.416,-77.094,140.75,173.78,0,0.495,0.12672,-0.051925
6423,-1623.2,16.186,-3.3771,3.6585,22.801,0.025862,881.62,-32.513,-87.466,20.482,215.25,0,0.495,0.10289,-0.060009
6723.2,-1514.6,16.293,-3.1031,3.9563,23.337,0.026039,896.19,-33.74,-81.42,22.982,227.54,0,0.495,0.10291,-0.064012
2901.4,1293.9,20.458,-3.2463,3.088,13.004,0.013635,953.36,-2.9014,-178.97,165.57,72.841,0,0.495,0.17448,-0.043899
2187.5,413.74,20.114,-3.1177,2.9359,13.915,0.014291,973.45,-5.6061,-173.74,209.91,28.822,0,0.495,0.16651,-0.043898
2996.5,1848.2,19.877,-3.9243,2.9479,13.262,0.01406,942.81,-1.9394,-204.5,118.33,90.266,0,0.495,0.17448,-0.039905
2597.9,1106.8,19.356,-3.8077,2.7836,14.384,0.014966,960.79,-4.8047,-203.92,161.37,49.546,0,0.495,0.16651,-0.039905
1072.2,-64.207,21.05,-2.542,3.0762,13.073,0.013318,981.36,-6.3422,-142.41,247.24,9.4752,0,0.495,0.16651,-0.047904
2751,888.25,21.213,-2.6672,3.2132,12.458,0.01295,961.64,-3.7811,-151.85,205.26,55.638,0,0.495,0.17448,-0.04791
3357.9,1981.3,19.49,-4.6943,2.7895,13.264,0.014209,933.02,-0.74962,-226.66,67.716,103.46,0,0.495,0.17448,-0.035914
3184.5,2033.3,20.482,-4.7858,2.9993,11.825,0.01285,919.68,2.8812,-214.97,41.331,136.04,0,0.495,0.18259,-0.035915
2933.3,2185.9,20.753,-4.0626,3.156,11.932,0.012862,927.14,1.5594,-198.37,84.198,129.05,0,0.495,0.18259,-0.039906
2872.3,1414,18.809,-4.6062,2.6161,14.534,0.015325,947.95,-3.7793,-231.16,105.43,67.039,0,0.495,0.16651,-0.035914
2662,1859.8,21.191,-3.4125,3.2904,11.805,0.012623,934.63,0.45786,-178.21,126.74,116.98,0,0.495,0.18259,-0.043905
2382.9,1562.9,21.805,-2.8462,3.4045,11.401,0.012133,939.07,-0.54108,-155.73,164.84,103.08,0,0.495,0.18254,-0.047905
2012.9,-1147.4,23.373,-2.1356,3.2869,9.644,0.011162,863.39,-15.036,-58.064,223.54,103.7,0,0.495,0.14262,-0.055999
1394.6,-1263.4,22.371,-2.4162,3.111,11.409,0.012456,915.48,-14.446,-80.946,260.79,74.416,0,0.495,0.14261,-0.051928
1251.8,-1672.5,23.807,-1.8964,3.2731,8.946,0.0099248,899.1,-12.628,-63.313,276.02,25.435,0,0.495,0.15058,-0.056006
408.53,-1585.7,22.61,-2.194,3.1153,11.116,0.01165,952.53,-12.103,-89.126,299.58,10.175,0,0.495,0.15057,-0.051934
-729.69,-1168.6,22.395,-2.0845,3.1479,11.544,0.011787,978.24,-9.4426,-99.648,299.45,-21.122,0,0.495,0.15857,-0.051933
-75.623,-1379.1,23.625,-1.7588,3.2883,9.5283,0.010076,942.86,-9.8863,-72.52,294.76,-23.292,0,0.495,0.15857,-0.056004
2230.6,-735.11,24.207,-1.921,3.4509,8.3101,0.010238,809.75,-15.764,-42.677,180.39,132.93,0,0.495,0.14263,-0.060074
4309,-791.59,22.916,-2.1915,3.5076,11.282,0.013534,831.37,-19.317,-44.102,129.1,193.14,0,0.495,0.1347,-0.060058
4099.5,-1224.7,22.318,-2.4198,3.3173,11.909,0.013875,857.52,-18.438,-57.318,162.15,167.2,0,0.495,0.13468,-0.055993
3522.9,-1491.6,21.574,-2.6987,3.1168,12.94,0.014523,891.11,-17.656,-76.862,199.52,135.84,0,0.495,0.13467,-0.051926
1540.6,-1461.9,24.874,-1.6799,3.4202,6.9996,0.0084297,828.41,-13.268,-44.95,237.29,46.567,0,0.495,0.15059,-0.060087
177.34,-1429.7,24.801,-1.5225,3.4194,7.447,0.0083826,883.48,-10.388,-51.767,272.89,-18.409,0,0.495,0.15858,-0.060088
910.2,-174.93,23.127,-1.8078,3.4324,10.377,0.010877,953.2,-5.1384,-99.941,251.95,18.716,0,0.495,0.17454,-0.056029
-775.47,-1011.8,23.265,-1.7247,3.3294,10.25,0.010649,961.32,-7.4844,-85.247,281.77,-21.78,0,0.495,0.16656,-0.056029
2182.9,264.93,22.112,-2.1882,3.3266,11.592,0.012025,963.49,-4.5004,-125.1,234.27,36.234,0,0.495,0.1745,-0.051962
266.06,-665.13,22.118,-2.0801,3.2067,11.841,0.012086,979.3,-6.9367,-112.06,271.98,-9.3342,0,0.495,0.16653,-0.05195
2580.9,469.35,23.388,-1.9636,3.5919,9.8108,0.01053,930.56,-2.2001,-110.76,214.8,69.022,0,0.495,0.18251,-0.056002
2668.2,-101.57,24.313,-1.6418,3.6707,8.5898,0.0094426,907.92,-2.889,-89.914,227.39,51.732,0,0.495,0.18252,-0.060077
711.28,-615.23,24.188,-1.5138,3.5307,8.8852,0.0095706,926.76,-5.7021,-78.175,257.6,3.5461,0,0.495,0.17456,-0.060074
2320.5,-457.78,25.264,-1.3896,3.7375,7.1406,0.0082144,866.43,-3.5362,-71.522,227.8,37.312,0,0.495,0.18253,-0.064172
2388.5,-171.6,24.851,-1.821,3.841,7.5793,0.0086892,869.19,-0.32441,-93.877,190.47,93.324,0,0.495,0.19047,-0.060053
2406.5,301.43,24.08,-2.1583,3.7811,8.6084,0.0095996,894.5,0.49398,-112.58,177.08,109.76,0,0.495,0.19048,-0.055956
651.71,-865.02,25.237,-1.2894,3.6195,7.2145,0.0081715,879.8,-6.2386,-60.361,250.19,-5.9726,0,0.495,0.17458,-0.064161
2604.9,935.32,22.559,-2.3664,3.5022,10.719,0.011418,938.03,-1.3736,-133,193.91,85.967,0,0.495,0.18248,-0.05191
2629.7,660.44,23.358,-2.5582,3.7096,9.4385,0.010361,909.23,1.422,-132.11,158.16,124.28,0,0.495,0.19055,-0.051935
-790.68,-1288.5,24.421,-1.4607,3.444,8.4261,0.0091035,922.72,-8.0201,-63.629,275.83,-29.559,0,0.495,0.16658,-0.060083
-375.75,-1404.2,25.52,-1.2655,3.5487,6.534,0.0075517,859.89,-8.5422,-47.618,255.85,-29.679,0,0.495,0.16658,-0.064142
70.511,-92.174,30.478,0.13352,1.3999,0.0055487,8.9876e-05,1.5017,-9.5792,-2.852,2.1553,0.68505,0,0.495,0.23818,-0.23281
55.635,-77.078,30.504,0.17568,1.3218,0.0055428,9.595e-05,1.3764,-9.7473,-2.6875,2.3189,0.85998,0,0.495,0.23817,-0.24085
107.5,-133.24,30.471,0.26474,1.505,0.0055714,7.3567e-05,1.8127,-10.281,3.2795,1.7595,0.78934,0,0.495,0.22231,-0.23277
78.791,-103.69,30.491,0.29119,1.416,0.0055611,8.2809e-05,1.6268,-10.389,4.2649,1.3816,0.97729,0,0.495,0.22229,-0.24083
49.925,-63.937,30.432,-0.020456,1.4835,0.0055352,9.7322e-05,1.3277,-8.716,-6.8253,2.5109,-0.77446,0,0.495,0.25415,-0.22476
48.856,-64.121,30.462,0.027124,1.4198,0.0055306,9.9276e-05,1.2438,-8.9566,-6.0424,2.2183,-0.84423,0,0.495,0.25416,-0.23288
78.807,-101.82,30.451,0.086253,1.4727,0.0055544,8.5563e-05,1.6191,-9.389,-2.8977,2.2182,0.56794,0,0.495,0.2382,-0.22469
128.72,-156.24,30.447,0.22605,1.5932,0.0055791,6.8471e-05,1.966,-10.154,2.9835,2.1276,0.8572,0,0.495,0.22234,-0.22462
47.634,-62.763,30.489,0.072289,1.3476,0.005526,9.9933e-05,1.1588,-9.1602,-6.5046,1.9307,-1.0876,0,0.495,0.25415,-0.24091
53.003,-73.071,30.506,0.30238,1.3396,0.0055512,9.6494e-05,1.4458,-10.46,5.0816,0.67179,1.4009,0,0.495,0.22229,-0.24884
87.395,-110.04,30.516,0.43237,1.4413,0.0055724,8.0249e-05,1.7478,-10.959,1.9373,-0.058268,-0.44938,0,0.495,0.20642,-0.2488
93.763,-120.38,30.506,0.42765,1.5318,0.005587,7.6899e-05,1.9815,-10.966,0.92337,1.0801,-0.26925,0,0.495,0.20642,-0.24079
111.9,-139.2,30.552,0.58007,1.2832,0.0056348,7.349e-05,2.4615,-11.388,-2.6549,0.825,-0.43303,0,0.495,0.19053,-0.25672
120.28,-146.26,30.547,0.60011,1.3849,0.0056478,7.1132e-05,2.7216,-11.462,-3.7821,1.0575,-0.18981,0,0.495,0.19054,-0.24869
78.944,-102.65,30.516,0.41893,1.3486,0.0055577,8.517e-05,1.5135,-10.973,1.2707,0.1849,-0.58825,0,0.495,0.20642,-0.25679
117.23,-148.88,30.529,0.59281,1.4883,0.0056661,6.9909e-05,3.0498,-11.576,-5.5963,2.4913,0.13706,0,0.495,0.19054,-0.24066
38.421,-57.463,30.512,0.30298,1.2706,0.0055417,0.00011049,1.2821,-10.536,3.61,0.62415,1.7824,0,0.495,0.22229,-0.25682
36.695,-52.258,30.529,0.2114,1.2562,0.0055376,0.00011359,1.2538,-9.8659,-1.871,1.9491,1.082,0,0.495,0.23817,-0.24884
54.008,-65.647,30.527,0.1517,1.2135,0.0055175,0.00010828,0.9945,-9.479,-3.1022,1.2567,-1.7522,0,0.495,0.25415,-0.25689
28.127,-42.158,30.547,0.23467,1.2016,0.0055338,0.00012702,1.1671,-9.9864,-0.93049,1.4165,1.3249,0,0.495,0.23817,-0.25683
50.93,-61.953,30.511,0.12047,1.282,0.0055216,0.00010517,1.0731,-9.3193,-5.8169,1.3407,-1.4725,0,0.495,0.25415,-0.2489
37.51,-45.52,30.457,-0.23708,1.0941,0.0055074,0.00013958,0.92282,-7.673,-3.3745,1.6444,0.23081,0,0.495,0.30217,-0.23284
29.404,-33.839,30.486,-0.17722,1.0505,0.0055041,0.00012707,0.85472,-7.9608,-4.5508,2.4824,0.45119,0,0.495,0.30216,-0.24084
73.186,-90.116,30.432,-0.16581,1.2298,0.0055106,8.6568e-05,0.98249,-8.047,4.3272,1.1601,1.5845,0,0.495,0.28614,-0.23287
53.799,-70.705,30.454,-0.12137,1.1767,0.0055069,9.7267e-05,0.9108,-8.3278,4.7638,1.2588,1.8726,0,0.495,0.28611,-0.24089
13.371,-13.746,30.404,-0.31932,1.1609,0.0055025,0.00017159,0.83599,-7.0872,-6.8738,1.2642,-2.0027,0,0.495,0.31808,-0.22487
13.872,-14.578,30.427,-0.28093,1.1291,0.0054999,0.00016268,0.79977,-7.3929,-7.2463,1.856,-2.0571,0,0.495,0.31807,-0.23286
37.294,-47.311,30.438,-0.28175,1.1297,0.0055106,0.00014648,0.97882,-7.3662,-2.5791,0.94561,0.19996,0,0.495,0.30217,-0.22484
82.997,-100.66,30.411,-0.21002,1.2795,0.0055141,8.2521e-05,1.0519,-7.7409,4.6823,1.0379,1.8175,0,0.495,0.28615,-0.22485
16.127,-12.715,30.456,-0.22036,1.0884,0.0054975,0.00013812,0.76167,-7.6675,-9.72,2.0639,-2.26,0,0.495,0.31807,-0.24084
38.089,-51.99,30.472,-0.09495,1.1339,0.0055031,0.0001122,0.8364,-8.5589,4.9575,0.4682,2.3521,0,0.495,0.2861,-0.24888
60.728,-74.018,30.459,-0.0084389,1.2832,0.0055059,9.3007e-05,0.89522,-8.9201,0.86586,0.10314,-0.61843,0,0.495,0.27015,-0.2489
57.878,-72.839,30.446,-0.042144,1.3437,0.00551,9.3261e-05,0.95955,-8.7079,0.76696,0.82641,-0.46006,0,0.495,0.27016,-0.24089
64.708,-80.312,30.467,0.018061,1.2099,0.0055009,9.2769e-05,0.81145,-9.126,0.36071,0.67906,-0.94108,0,0.495,0.27015,-0.25689
35.831,-50.5,30.48,-0.06832,1.0948,0.0054988,0.00012036,0.76289,-8.7808,2.0201,0.08549,2.3272,0,0.495,0.2861,-0.25688
16.193,-17.088,30.515,-0.12005,1.0186,0.0055008,0.00015807,0.77991,-8.1831,-3.7923,1.5313,0.65896,0,0.495,0.30216,-0.24883
32.021,-33.774,30.491,-0.092613,1.0075,0.0054919,0.00016948,0.66456,-8.1269,-4.1704,0.46622,-2.6391,0,0.495,0.31807,-0.25681
14.149,-17.433,30.526,-0.075142,1.0031,0.0054975,0.00019067,0.72129,-8.3998,-2.2314,-0.036851,0.80943,0,0.495,0.30216,-0.25682
24.271,-20.668,30.479,-0.14619,1.0508,0.005495,0.00014732,0.7169,-7.8985,-9.1212,1.0437,-2.6641,0,0.495,0.31807,-0.24882
22.202,-26.525,30.456,-0.40109,0.81391,0.0054911,0.00024344,0.67429,-6.9568,-2.0448,0.83447,0.28761,0,0.495,0.36573,-0.23291
18.993,-19.259,30.479,-0.34366,0.79059,0.0054893,0.00015422,0.64153,-7.2178,-4.0448,2.2298,0.37578,0,0.495,0.36573,-0.24089
52.791,-64.973,30.416,-0.37437,0.95221,0.0054923,0.00010103,0.70553,-7.0632,4.3313,0.75551,2.2604,0,0.495,0.34985,-0.23289
42.831,-54.873,30.438,-0.32414,0.92384,0.0054905,0.00010895,0.67424,-7.3381,4.7401,1.3559,2.354,0,0.495,0.34985,-0.24087
2.4291,-0.85574,30.416,-0.42912,0.85925,0.0054874,0.00034195,0.60176,-6.6643,-5.0437,0.0255,-2.187,0,0.495,0.38161,-0.22494
3.3808,-0.030956,30.427,-0.40874,0.84605,0.005486,0.0002957,0.58757,-6.9125,-5.86,1.1231,-2.149,0,0.495,0.38161,-0.23292
14.819,-21.101,30.448,-0.42967,0.82542,0.0054929,0.00029282,0.6993,-6.6895,-0.49421,-0.15964,0.34094,0,0.495,0.36573,-0.22492
48.486,-59.043,30.404,-0.41263,0.97527,0.0054945,0.00010301,0.7452,-6.771,5.7202,-0.082802,2.6484,0,0.495,0.34985,-0.2249
3.157,5.5952,30.45,-0.35471,0.82556,0.0054848,0.00018756,0.57189,-7.1411,-9.7146,1.7169,-2.288,0,0.495,0.38161,-0.2409
31.744,-41.105,30.457,-0.29899,0.9014,0.0054885,0.00012119,0.63722,-7.5757,5.5271,0.40439,2.8115,0,0.495,0.34985,-0.24886
42.627,-49.762,30.423,-0.24093,1.0542,0.0054893,0.00010621,0.66361,-7.7256,-0.62602,-0.00092455,-0.52688,0,0.495,0.33396,-0.24884
36.23,-42.852,30.409,-0.28668,1.0913,0.0054913,0.00011362,0.68833,-7.4726,-0.90194,1.0064,-0.43568,0,0.495,0.33396,-0.24086
52.895,-63.949,30.43,-0.20166,0.9935,0.0054863,0.00010105,0.61366,-7.9693,-0.62462,0.54435,-0.69177,0,0.495,0.33395,-0.25683
35.494,-46.297,30.462,-0.27272,0.8797,0.0054858,0.00012306,0.59228,-7.8013,1.7195,-0.3263,2.6751,0,0.495,0.34983,-0.25684
9.4349,-8.9584,30.507,-0.28716,0.77621,0.0054874,0.00016763,0.60132,-7.418,-3.1957,1.2424,0.45144,0,0.495,0.36573,-0.24887
15.311,-16.745,30.474,-0.22088,0.78142,0.0054815,0.00020853,0.52127,-7.5366,-4.1223,-0.20578,-2.6679,0,0.495,0.3816,-0.25687
11.479,-14.059,30.511,-0.24471,0.78325,0.0054852,0.00021649,0.56354,-7.6149,-1.6336,-0.84951,0.49626,0,0.495,0.36571,-0.25686
7.2744,-2.1955,30.469,-0.27761,0.80596,0.0054834,0.00016901,0.55233,-7.3388,-9.7849,0.61161,-2.7644,0,0.495,0.38161,-0.24889
14.157,-19.019,30.465,-0.40418,0.57118,0.0054809,0.00023892,0.52885,-6.9393,0.62927,0.22767,0.43476,0,0.495,0.42923,-0.23296
15.241,-18.105,30.48,-0.36701,0.56482,0.0054801,0.00018065,0.51612,-7.1132,0.095313,1.5604,0.52148,0,0.495,0.42923,-0.24094
35.368,-42.694,30.427,-0.42465,0.69419,0.0054813,0.00012357,0.53931,-6.9165,4.3375,0.055831,2.1142,0,0.495,0.41335,-0.23295
28.144,-33.32,30.441,-0.38304,0.68924,0.0054805,0.00013595,0.52653,-7.107,5.094,0.92255,2.0883,0,0.495,0.41335,-0.24093
4.9296,-6.1049,30.444,-0.41094,0.56688,0.0054788,0.00030091,0.48848,-6.7929,-2.3692,-0.31226,-1.4782,0,0.495,0.44184,-0.22498
6.546,-8.595,30.45,-0.39804,0.56059,0.0054777,0.00030391,0.47576,-6.9489,-1.1964,0.63862,-1.0854,0,0.495,0.44184,-0.23297
11.9,-16.078,30.465,-0.42551,0.56727,0.0054818,0.00025562,0.53698,-6.7645,0.38355,-0.55743,0.22793,0,0.495,0.42923,-0.22498
26.39,-30.684,30.425,-0.455,0.69309,0.0054826,0.00012928,0.55716,-6.7025,6.1987,-0.86298,2.4331,0,0.495,0.41336,-0.22497
9.9825,-11.575,30.465,-0.37045,0.54921,0.0054772,0.00022839,0.46906,-7.1138,-2.9083,1.2364,-1.0954,0,0.495,0.44184,-0.24095
17.483,-19.387,30.455,-0.36851,0.68628,0.0054795,0.00015038,0.50923,-7.2837,6.855,0.22073,2.508,0,0.495,0.41335,-0.24892
21.778,-24.712,30.421,-0.34048,0.82065,0.0054797,0.00013514,0.51503,-7.3267,-1.4145,-0.28586,-0.50539,0,0.495,0.39748,-0.2489
21.205,-22.449,30.411,-0.38456,0.8382,0.0054807,0.00015216,0.52316,-7.1212,-1.4245,0.7904,-0.41067,0,0.495,0.39748,-0.24092
33.115,-40.35,30.424,-0.30184,0.77363,0.0054779,0.00012329,0.48879,-7.5227,-1.0448,0.27023,-0.48089,0,0.495,0.39748,-0.25688
23.601,-28.305,30.458,-0.36027,0.67556,0.0054777,0.00014804,0.47966,-7.4492,3.4223,-0.31729,2.4333,0,0.495,0.41335,-0.2569
10.683,-10.142,30.501,-0.33327,0.5577,0.0054792,0.00018851,0.49673,-7.2503,2.3492,0.8187,0.58532,0,0.495,0.42923,-0.24893
10.196,-10.161,30.502,-0.32368,0.57112,0.0054775,0.00020361,0.46586,-7.3845,3.5893,-1.0339,0.50457,0,0.495,0.42923,-0.25691
11.065,-12.226,30.481,-0.28919,0.52644,0.0054751,0.00020934,0.43611,-7.3892,0.25251,-0.75422,-1.3893,0,0.495,0.44184,-0.25692
12.494,-13.493,30.48,-0.32495,0.5321,0.0054765,0.00019086,0.45912,-7.2514,-2.8874,0.38138,-1.4274,0,0.495,0.44184,-0.24893
796.6,-844.86,30.286,1.2776,-0.83038,0.0083342,4.5421e-05,23.903,-6.5272,0.72014,5.2662,-0.90191,0,0.495,0.047309,-0.26443
418.17,-468.96,30.324,1.125,-0.78677,0.0074234,5.2325e-05,18.834,-6.8467,-7.1562,2.2345,-1.0406,0,0.495,0.047305,-0.27243
878.34,-958.37,30.247,1.041,-1.1985,0.011168,5.482e-05,32.812,-4.5495,0.36495,6.7099,0.97726,0,0.495,0.031304,-0.26438
534.68,-594.98,30.302,0.89819,-1.0798,0.0081917,5.241e-05,26.29,-5.2293,-1.2622,2.0324,0.85655,0,0.495,0.031296,-0.27238
1135.1,-1189.7,30.296,1.5921,-0.35793,0.0086469,4.4911e-05,27.488,-8.1285,1.2798,6.0289,2.6675,0,0.495,0.063204,-0.25646
727.99,-760.12,30.351,1.3264,-0.35663,0.0072505,4.1722e-05,17.98,-8.0844,-7.7445,3.2114,1.7696,0,0.495,0.0632,-0.26446
1234.4,-1310.2,30.205,1.5595,-0.87628,0.011719,5.2672e-05,35.889,-6.3176,4.8527,8.5786,0.67563,0,0.495,0.047314,-0.25643
1406,-1513.8,30.125,1.2577,-1.3467,0.021814,8.1142e-05,48.29,-3.9134,-0.75736,13.54,2.7053,0,0.495,0.031311,-0.25638
351.78,-368.38,30.37,1.219,-0.34427,0.0069169,5.0555e-05,15.015,-8.1725,-17.954,0.83289,1.5581,0,0.495,0.063196,-0.27246
409.42,-459.48,30.339,0.79572,-0.96202,0.0073095,5.2718e-05,23.612,-5.8215,2.1181,1.9882,1.1192,0,0.495,0.031289,-0.28038
650.32,-476.14,30.252,0.49299,-1.1153,0.0074827,3.8203e-05,42.778,-5.1071,40.711,1.9526,10.086,0,0.495,0.015398,-0.28036
831.39,-634.21,30.209,0.55822,-1.3162,0.0089948,3.9199e-05,46.607,-4.3013,45.389,2.1296,8.4149,0,0.495,0.015407,-0.27236
513.71,-151.43,30.258,0.33785,-0.89347,0.0069295,2.8251e-05,54.028,-6.0307,69.605,3.8949,20.067,0,0.495,0,-0.28835
813.65,-440.37,30.195,0.40114,-1.0897,0.0074986,2.5612e-05,55.719,-5.3348,79.038,2.4234,16.481,0,0.495,0,-0.28035
433.47,-257.87,30.308,0.40961,-0.9457,0.0069439,4.1978e-05,41.047,-5.8261,38.602,2.8675,11.755,0,0.495,0.015386,-0.28836
331.1,-368.64,30.386,0.66891,-0.85336,0.0069387,5.514e-05,22.2,-6.3744,7.2111,2.4049,1.1007,0,0.495,0.031283,-0.28838
988.52,-569.48,30.147,0.44372,-1.328,0.0091251,2.6685e-05,60.24,-4.5018,92.603,2.2329,13.353,0,0.495,0,-0.27235
369.38,-409.28,30.355,1.0225,-0.72483,0.0071498,5.3267e-05,16.932,-7.1375,-5.6095,2.8762,-0.93406,0,0.495,0.0473,-0.28043
433.48,-484.13,30.418,1.0151,-0.27209,0.0066268,4.5703e-05,13.041,-8.4031,-7.6663,2.068,0.49679,0,0.495,0.063189,-0.28845
379.03,-422.85,30.399,0.88579,-0.66123,0.0069387,5.1433e-05,16.159,-7.3949,-0.63271,3.45,-1.16,0,0.495,0.047296,-0.28843
371.11,-395.99,30.389,1.1468,-0.30726,0.0068017,4.9711e-05,14.03,-8.2836,-14.431,1.4794,1.3723,0,0.495,0.063192,-0.28045
217.26,-256.96,30.506,1.2419,0.58619,0.0062484,6.4193e-05,9.5077,-11.454,-0.58414,3.0164,-0.29126,0,0.495,0.11078,-0.26454
100.95,-123.64,30.527,1.2026,0.5126,0.0062251,8.3535e-05,8.9749,-11.176,-6.8563,2.474,0.043004,0,0.495,0.11077,-0.27254
251.79,-288.05,30.493,1.3411,0.41646,0.0062945,6.2316e-05,10.006,-10.683,3.5551,2.6155,-0.35482,0,0.495,0.094918,-0.26451
104.65,-125.27,30.505,1.2758,0.36758,0.0062537,8.6889e-05,9.2933,-10.45,-4.1997,1.3682,0.34128,0,0.495,0.094915,-0.27251
362.22,-410.83,30.516,1.1917,0.9332,0.0061395,4.9929e-05,8.8285,-12.11,0.99453,1.1021,0.67523,0,0.495,0.12665,-0.25658
196.34,-231.27,30.527,1.0808,0.82764,0.0060357,6.2658e-05,7.0446,-11.79,-7.4141,2.2068,-0.043609,0,0.495,0.12665,-0.26458
402.73,-456.2,30.488,1.4002,0.68726,0.0064184,5.0344e-05,12.2,-11.789,6.1786,2.2482,0.33806,0,0.495,0.11078,-0.25655
472.66,-511.95,30.467,1.5495,0.48304,0.0066574,5.0713e-05,14.734,-10.986,9.8629,3.7527,0.31681,0,0.495,0.094921,-0.25652
96.728,-118.6,30.546,1.0712,0.7449,0.0060248,7.3805e-05,6.7304,-11.508,-12.836,1.7374,-0.17933,0,0.495,0.12664,-0.27257
129.44,-151.33,30.514,1.2204,0.32391,0.0062472,7.9723e-05,9.2305,-10.294,3.7468,0.70862,0.70611,0,0.495,0.094912,-0.2805
248.1,-276.65,30.468,1.2499,0.13842,0.0063691,6.158e-05,10.604,-9.4148,-6.8311,0.074862,2.1592,0,0.495,0.079054,-0.28048
196.38,-217.07,30.459,1.3086,0.14019,0.0063989,6.5166e-05,10.837,-9.4507,-13.999,-0.074504,2.1521,0,0.495,0.079057,-0.27248
305.99,-351.36,30.479,1.0998,0.13343,0.0062308,5.2803e-05,9.2068,-9.4454,1.5791,0.30634,1.5104,0,0.495,0.07905,-0.28848
152.64,-177.06,30.518,1.0629,0.28471,0.0061375,6.583e-05,7.9517,-10.207,11.604,0.57755,0.57974,0,0.495,0.094909,-0.2885
142.53,-171.91,30.539,1.1616,0.44155,0.0062158,7.4969e-05,8.9187,-10.967,0.96977,1.059,0.20191,0,0.495,0.11077,-0.28053
206.68,-242.92,30.545,0.9345,0.59367,0.0059163,5.8629e-05,5.5386,-11.129,-0.37339,-0.18786,-0.56056,0,0.495,0.12663,-0.28856
171.12,-204.53,30.539,1.0164,0.38317,0.0061055,6.3842e-05,7.6348,-10.803,8.0449,0.72387,-0.01738,0,0.495,0.11077,-0.28853
167.82,-196.24,30.551,1.0477,0.66256,0.0060081,6.5029e-05,6.6038,-11.287,-6.1056,0.031015,-0.27281,0,0.495,0.12663,-0.28057
69.623,-94.974,30.563,0.7126,1.1107,0.0056965,9.0448e-05,3.0374,-11.705,-1.219,1.8539,1.3533,0,0.495,0.17454,-0.26434
61.738,-83.625,30.58,0.71773,1.0299,0.0056895,9.5782e-05,2.9306,-11.568,-1.8868,1.1424,1.3348,0,0.495,0.17461,-0.27271
57.754,-84.089,30.536,0.82465,1.1099,0.0057189,9.5175e-05,3.2725,-11.981,1.8782,1.6234,0.9595,0,0.495,0.15861,-0.26434
52.984,-74.318,30.551,0.82664,1.0353,0.0057115,0.00010191,3.1483,-11.767,-0.40716,1.2643,0.97136,0,0.495,0.15861,-0.27234
85.902,-109.09,30.565,0.56547,1.1889,0.0056246,8.0879e-05,2.2429,-11.294,-4.825,1.64,-0.64635,0,0.495,0.19053,-0.26474
96.682,-126.7,30.553,0.73962,1.1998,0.0057105,7.8934e-05,3.3531,-11.872,0.9904,1.0032,1.3007,0,0.495,0.17455,-0.25635
94.134,-126.24,30.531,0.8786,1.1949,0.0057628,7.7959e-05,4.0143,-12.192,6.5604,0.381,1.0336,0,0.495,0.15861,-0.25628
71.468,-91.903,30.581,0.57799,1.1031,0.0056197,8.6121e-05,2.1635,-11.199,-5.8711,0.69695,-0.69779,0,0.495,0.19054,-0.27274
56.982,-80.842,30.552,0.81029,0.95737,0.0056955,9.4681e-05,2.975,-11.618,4.5594,-0.34043,1.1213,0,0.495,0.15862,-0.28033
111.65,-138.92,30.55,0.92835,0.90666,0.0057553,7.5441e-05,3.7015,-11.56,-2.5329,-0.7267,-0.24879,0,0.495,0.14255,-0.28066
64.68,-88.072,30.549,0.94589,0.98868,0.0057726,8.617e-05,3.8787,-11.75,-7.9928,0.95701,-0.31083,0,0.495,0.14257,-0.27267
127.97,-161.48,30.54,0.83961,0.83223,0.0056978,7.1306e-05,2.9904,-11.434,1.3686,-0.66338,-0.34449,0,0.495,0.14253,-0.28865
51.019,-73.776,30.544,0.73237,0.88392,0.0056506,9.6432e-05,2.4058,-11.501,7.4023,-0.15895,0.99481,0,0.495,0.15861,-0.28832
61.092,-82.564,30.58,0.7072,0.94923,0.0056749,9.3852e-05,2.761,-11.455,2.6924,-0.56857,1.3729,0,0.495,0.17464,-0.2807
69.957,-91.593,30.567,0.53461,0.94558,0.0055813,8.9082e-05,1.6647,-11.093,-0.31365,-0.91607,-0.67954,0,0.495,0.19055,-0.28871
50.089,-72.448,30.569,0.64204,0.87748,0.0056345,9.8445e-05,2.2335,-11.367,5.2758,-0.46979,1.1396,0,0.495,0.17465,-0.28869
79.185,-96.319,30.579,0.57796,1.0187,0.0056093,8.59e-05,2.0381,-11.129,-2.5115,-1.0545,-0.66966,0,0.495,0.19055,-0.28073
29.456,-43.542,30.563,0.25481,1.1489,0.0055307,0.00012742,1.1073,-10.078,-0.08263,0.79274,1.5029,0,0.495,0.23817,-0.26481
31.491,-44.688,30.569,0.26799,1.0926,0.0055288,0.00012612,1.085,-10.139,0.90142,-0.4655,1.4324,0,0.495,0.23818,-0.27279
34.733,-52.191,30.524,0.31844,1.2106,0.0055348,0.00011773,1.1609,-10.581,1.2463,1.0472,1.7617,0,0.495,0.22229,-0.26481
36.163,-51.986,30.536,0.3417,1.1528,0.0055324,0.00011874,1.1282,-10.599,1.1478,0.18009,1.44,0,0.495,0.22229,-0.2728
50.293,-60.602,30.546,0.16559,1.1463,0.0055142,0.00011113,0.93203,-9.5953,-1.27,1.1093,-1.665,0,0.495,0.25416,-0.26486
44.677,-54.205,30.556,0.17438,1.0832,0.0055128,0.00011479,0.91012,-9.692,-1.0924,-0.24806,-1.4237,0,0.495,0.2542,-0.27283
30.511,-45.859,30.534,0.34957,1.0911,0.0055275,0.00012387,1.0659,-10.642,2.9807,-0.94033,1.3259,0,0.495,0.22229,-0.28078
57.41,-73.834,30.542,0.44977,1.1146,0.0055381,9.856e-05,1.2059,-10.918,-1.3222,-1.0208,-0.98506,0,0.495,0.20642,-0.28076
55.873,-74.392,30.543,0.44156,1.1912,0.0055441,9.6465e-05,1.2826,-10.924,-3.5745,0.48511,-1.0301,0,0.495,0.20642,-0.27277
49.943,-69.016,30.534,0.426,1.0449,0.0055237,0.00010291,1.0121,-10.929,0.02936,-0.56124,-0.87331,0,0.495,0.20642,-0.28874
24.215,-39.324,30.528,0.33379,1.0311,0.0055156,0.00013328,0.90627,-10.685,3.4924,-0.29777,1.1644,0,0.495,0.22229,-0.28877
26.827,-38.578,30.564,0.27509,1.0354,0.0055244,0.00013243,1.0309,-10.211,2.38,-1.4888,1.3758,0,0.495,0.23818,-0.28077
30.537,-41.972,30.544,0.18615,0.96414,0.0055016,0.00012781,0.75691,-9.8906,0.0098597,-0.96833,-1.0068,0,0.495,0.25422,-0.28879
20.458,-33.659,30.553,0.26511,0.98073,0.0055132,0.00014069,0.87977,-10.285,2.9109,-0.95662,1.219,0,0.495,0.23818,-0.28876
39.829,-47.412,30.552,0.18501,1.0207,0.0055096,0.00012152,0.8688,-9.789,-0.59591,-1.4227,-1.2457,0,0.495,0.25421,-0.28079
13.138,-19.334,30.53,-0.040884,0.98359,0.005495,0.00019514,0.68114,-8.6032,0.34735,-0.76386,0.99965,0,0.495,0.30216,-0.2648
11.413,-17.281,30.528,-0.033359,0.9516,0.0054943,0.00019369,0.67291,-8.7641,1.9805,-1.2726,0.96271,0,0.495,0.30217,-0.27276
27.836,-40.819,30.49,-0.024128,1.059,0.0054956,0.00013685,0.7032,-8.968,0.59835,0.23963,1.8704,0,0.495,0.28612,-0.26483
20.046,-29.915,30.498,0.0015314,1.0224,0.0054947,0.00015807,0.68606,-9.1207,1.7242,-0.41354,1.3294,0,0.495,0.28616,-0.2728
26.536,-30.215,30.504,-0.074805,0.96405,0.0054894,0.00017744,0.62143,-8.3172,0.60691,0.34613,-2.0502,0,0.495,0.31807,-0.26479
19.664,-24.175,30.511,-0.079744,0.92236,0.0054888,0.00017399,0.61066,-8.4829,1.3661,-0.54636,-1.5671,0,0.495,0.31807,-0.27277
17.449,-27.26,30.497,0.016183,0.98291,0.005493,0.00016358,0.66247,-9.2779,1.3217,-0.86698,1.0728,0,0.495,0.28618,-0.28075
34.643,-43.318,30.504,0.081235,1.0306,0.0054941,0.0001288,0.68675,-9.5357,-0.67943,-0.78349,-1.3373,0,0.495,0.27022,-0.28075
40.432,-50.258,30.503,0.065617,1.0879,0.0054961,0.0001198,0.71515,-9.4027,-0.3895,0.26282,-1.374,0,0.495,0.2702,-0.2728
27.125,-37.795,30.503,0.095419,0.97741,0.0054894,0.00013697,0.61795,-9.6631,-0.85143,-0.12339,-1.0926,0,0.495,0.27021,-0.28876
15.979,-26.567,30.497,0.035861,0.94292,0.0054885,0.00016453,0.59972,-9.4271,0.31488,-0.018632,0.95946,0,0.495,0.28617,-0.28874
13.145,-19.136,30.522,-0.022583,0.91967,0.0054926,0.00018761,0.65446,-8.9227,1.1876,-1.3835,0.88102,0,0.495,0.30217,-0.28074
19.431,-26.689,30.506,-0.046489,0.84308,0.0054841,0.00016144,0.54827,-8.8034,-0.48712,-0.48054,-1.1187,0,0.495,0.31807,-0.28874
13.869,-22.373,30.518,-0.0014507,0.88674,0.0054883,0.00017612,0.5948,-9.0829,0.45089,-0.61949,0.80459,0,0.495,0.30215,-0.28873
21.067,-25.137,30.508,-0.070075,0.88127,0.0054875,0.00016894,0.59544,-8.6431,-0.12516,-1.0796,-1.3493,0,0.495,0.31807,-0.28076
9.1219,-12.142,30.506,-0.21169,0.78466,0.0054834,0.00028326,0.53303,-7.8182,0.87091,-1.5764,0.61496,0,0.495,0.36571,-0.26484
4.5362,-6.3901,30.499,-0.20831,0.76832,0.005483,0.00031086,0.52594,-7.9818,2.3649,-1.5022,0.60673,0,0.495,0.3657,-0.27282
24.936,-34.389,30.468,-0.22078,0.85762,0.0054837,0.00015286,0.55029,-8.0043,0.13819,-0.24301,1.9862,0,0.495,0.34983,-0.26483
11.632,-17.897,30.472,-0.19758,0.83354,0.0054832,0.00020602,0.53619,-8.1765,1.852,-0.61609,1.3326,0,0.495,0.34983,-0.27281
11.803,-13.088,30.48,-0.20702,0.75752,0.0054798,0.00028179,0.49134,-7.7086,1.8003,-0.17573,-1.874,0,0.495,0.3816,-0.26485
6.2773,-7.7998,30.483,-0.22136,0.73298,0.0054795,0.00029405,0.48368,-7.8607,2.75,-0.55919,-1.2761,0,0.495,0.3816,-0.27284
11.256,-17.712,30.471,-0.1849,0.8091,0.0054823,0.00020608,0.52453,-8.3466,0.33566,-0.725,1.012,0,0.495,0.34983,-0.28079
21.045,-26.929,30.469,-0.14303,0.85729,0.0054824,0.00016162,0.53184,-8.4975,-0.4057,-0.46821,-0.96153,0,0.495,0.33395,-0.28077
22.392,-28.903,30.466,-0.15542,0.8986,0.0054834,0.00015601,0.54548,-8.3266,1.3031,0.27998,-0.93874,0,0.495,0.33395,-0.27279
18.851,-26.327,30.471,-0.11275,0.81932,0.0054799,0.00016206,0.49682,-8.6571,-1.5683,0.18845,-0.81222,0,0.495,0.33395,-0.28876
12.083,-19.888,30.473,-0.15087,0.78373,0.0054798,0.00018642,0.49084,-8.5108,-1.5971,0.061468,0.90621,0,0.495,0.34983,-0.28877
8.1271,-11.66,30.494,-0.19892,0.75361,0.0054822,0.00025182,0.51879,-8.137,0.44924,-1.1222,0.54768,0,0.495,0.3657,-0.28081
14.381,-19.876,30.483,-0.18441,0.68458,0.0054768,0.00018806,0.45456,-8.1554,-0.52618,-0.18566,-0.89902,0,0.495,0.3816,-0.2888
11.122,-17.222,30.493,-0.16501,0.73602,0.0054797,0.00019948,0.48742,-8.2995,-0.95803,-0.38437,0.5312,0,0.495,0.3657,-0.28879
11.491,-14.492,30.482,-0.21582,0.70863,0.0054788,0.00023037,0.47871,-8.0069,0.34804,-0.73421,-1.0547,0,0.495,0.3816,-0.28082
8.5283,-9.4733,30.494,-0.30985,0.58343,0.005476,0.00025832,0.43971,-7.5371,3.1517,-1.6625,0.32654,0,0.495,0.42922,-0.26489
3.9596,-4.3354,30.485,-0.30336,0.57895,0.0054758,0.0003281,0.43514,-7.6589,2.9561,-1.396,0.23851,0,0.495,0.42922,-0.27287
20.218,-26.265,30.463,-0.32134,0.65765,0.0054762,0.00017416,0.45069,-7.5994,0.86799,-0.23024,1.7409,0,0.495,0.41335,-0.26488
7.9651,-12.375,30.466,-0.30128,0.63805,0.005476,0.00024667,0.44129,-7.737,1.9171,-0.53694,1.1011,0,0.495,0.41335,-0.27286
5.4625,-3.3034,30.477,-0.27681,0.53061,0.0054739,0.0003624,0.41312,-7.525,3.965,-0.93468,-0.97425,0,0.495,0.44184,-0.2649
1.5855,2.0101,30.474,-0.28951,0.52841,0.0054737,0.00043457,0.40803,-7.6347,4.7848,-0.79453,-0.63237,0,0.495,0.44184,-0.27288
8.3966,-12.526,30.464,-0.29191,0.62209,0.0054755,0.00024655,0.43569,-7.8664,0.093755,-0.63249,0.7971,0,0.495,0.41335,-0.28084
12.411,-16.86,30.457,-0.26303,0.66895,0.0054756,0.00020348,0.43905,-7.9522,0.27349,-0.29607,-0.49475,0,0.495,0.39748,-0.28083
10.003,-14.54,30.454,-0.26893,0.6984,0.005476,0.00021005,0.44503,-7.8111,2.5102,0.34948,-0.44153,0,0.495,0.39748,-0.27285
14.12,-19.933,30.459,-0.22983,0.64172,0.005474,0.00018541,0.42039,-8.0857,-1.3979,0.19225,-0.45784,0,0.495,0.39748,-0.28881
9.7922,-15.294,30.465,-0.25536,0.60518,0.005474,0.00020851,0.41676,-7.9981,-2.2063,-0.076699,0.69334,0,0.495,0.41335,-0.28883
7.4831,-10.056,30.48,-0.29545,0.57461,0.0054754,0.00027186,0.43317,-7.7724,0.9022,-0.94248,0.21529,0,0.495,0.42922,-0.28086
10.461,-15.362,30.479,-0.26039,0.56673,0.0054739,0.00021094,0.41522,-7.8983,-1.0472,-0.39413,0.21603,0,0.495,0.42922,-0.28884
11.83,-16.678,30.472,-0.25822,0.51402,0.005472,0.0002055,0.39423,-7.8486,0.13855,-0.30687,-0.42169,0,0.495,0.44184,-0.28884
7.3741,-8.8461,30.472,-0.28978,0.5215,0.0054733,0.00028337,0.40817,-7.7408,2.134,-0.63941,-0.48388,0,0.495,0.44184,-0.28086
3823.7,-3565.2,27.904,-3.3843,2.7672,0.48371,0.0011797,405.72,15.235,-14.807,35.701,32.298,0,0.495,0.23848,-0.0439
5134.2,-4619.5,27.537,-3.5051,3.1054,0.89142,0.0018435,471.17,14.946,-24.95,42.377,53.025,0,0.495,0.23053,-0.043902
4335.7,-3997.4,27.707,-3.6081,2.6541,0.57354,0.0012647,449.78,16.36,-17.779,37.802,34.793,0,0.495,0.23848,-0.039906
5831,-5181.1,27.311,-3.78,2.9832,0.99596,0.0019146,509.88,16.183,-29.042,43.006,55.01,0,0.495,0.23054,-0.039907
4400.3,-4087.3,27.76,-3.2427,3.1958,0.76819,0.0017307,429.73,13.703,-21.221,40.767,49.306,0,0.495,0.23053,-0.047913
3311.3,-3165.5,28.091,-3.1686,2.854,0.39447,0.0010784,361.02,14.097,-12.286,32.397,29.394,0,0.495,0.23848,-0.047909
4868.6,-4449.7,27.506,-3.8392,2.5128,0.65978,0.001332,492.25,17.463,-21.164,38.884,36.675,0,0.495,0.23848,-0.035915
3755.6,-3457.3,27.827,-3.6276,2.2306,0.50304,0.0010897,460.04,17.032,-14.208,33.159,27.785,0,0.495,0.24642,-0.035915
3329.1,-3103.6,28,-3.4391,2.3607,0.42724,0.0010215,416.47,16.049,-11.783,31.881,25.519,0,0.495,0.24642,-0.039906
6539.8,-5772.3,27.085,-4.0645,2.8269,1.0775,0.0019444,546,17.413,-33.209,42.736,55.406,0,0.495,0.23054,-0.035915
2930.2,-2769.7,28.168,-3.2552,2.4684,0.3521,0.00094302,371.43,15.04,-9.8671,29.625,23.124,0,0.495,0.24642,-0.0439
2535.9,-2462.3,28.325,-3.0761,2.5548,0.28115,0.00085567,326.46,14.011,-8.4458,26.359,20.79,0,0.495,0.24642,-0.047909
2601.1,-2023.2,26.097,-2.5123,3.99,4.7664,0.0063463,740.67,6.432,-79.339,102.85,130.45,0,0.495,0.20638,-0.056045
3282.7,-2169.7,25.644,-2.8711,3.9438,5.3284,0.0068461,769.26,7.5998,-92.382,93.261,142.43,0,0.495,0.20636,-0.052016
3500.4,-3208.9,27.059,-2.6381,3.8803,2.7282,0.0043728,604.89,8.593,-50.678,73.132,105.93,0,0.495,0.2143,-0.056012
4241.2,-3547.6,26.708,-2.9537,3.8446,3.1372,0.0047537,642.88,9.8165,-61.406,71.371,114.79,0,0.495,0.2143,-0.052001
4206.3,-4008.4,27.486,-2.9936,3.5915,1.5056,0.0028774,501.58,11.631,-34.977,53.002,75.735,0,0.495,0.22238,-0.051959
3536.2,-3563.6,27.758,-2.7208,3.617,1.2446,0.002599,455.13,10.367,-27.756,50.528,68.385,0,0.495,0.22226,-0.055957
2297.5,-2101.7,26.585,-2.1989,4.0135,4.0654,0.0057139,699.07,5.2927,-65.564,111.71,114.81,0,0.495,0.20646,-0.060099
1902.6,-799.86,25.671,-2.0208,3.978,5.9703,0.0073841,802.31,2.6237,-85.704,151.52,114.77,0,0.495,0.19844,-0.060051
1976,-444.44,25.032,-2.3534,3.9416,6.8776,0.0081716,836.72,3.584,-102.36,140.51,131.89,0,0.495,0.19851,-0.056008
2449.6,-328.28,24.458,-2.7438,3.8833,7.5717,0.0087914,857.22,4.6427,-118.33,124.68,146.5,0,0.495,0.19854,-0.051955
3034.9,-3018.5,27.427,-2.3596,3.8868,2.2323,0.0038799,553.99,7.4032,-39.809,75.569,92.452,0,0.495,0.21433,-0.060027
3045.3,-3192.7,28.018,-2.4771,3.6238,0.96891,0.0022666,402.76,9.138,-20.304,47.341,58.635,0,0.495,0.22225,-0.059976
2471.4,-2485.7,28.427,-2.7624,2.9592,0.23305,0.00083878,272.75,11.79,-9.1646,25.43,22.509,0,0.495,0.23847,-0.056043
3187.7,-3186.4,28.177,-2.7615,3.2938,0.49734,0.001399,339.38,11.225,-14.929,35.5,38.668,0,0.495,0.23047,-0.056019
2870.2,-2808,28.266,-2.9609,2.9165,0.30967,0.00096329,316.41,12.946,-10.3,28.985,26.086,0,0.495,0.23848,-0.051957
3780.3,-3617.6,27.974,-2.9944,3.2574,0.6346,0.0015814,385.81,12.459,-17.954,38.632,44.186,0,0.495,0.23051,-0.051957
1908.5,-1941.6,28.605,-2.7313,2.6718,0.16137,0.00066268,241.18,11.91,-7.1465,19.612,16.354,0,0.495,0.24642,-0.05605
1673.8,-1729.6,28.725,-2.5673,2.7059,0.11582,0.00056428,202.97,10.862,-7.0424,16.566,14.424,0,0.495,0.24641,-0.06013
2150.1,-2202.3,28.57,-2.5749,2.9851,0.16863,0.00071313,231.66,10.654,-8.4601,21.801,18.899,0,0.495,0.23844,-0.060111
1449.1,-1523.1,28.829,-2.412,2.7298,0.080748,0.0004719,169,9.8336,-7.1233,13.744,12.614,0,0.495,0.24637,-0.064125
1353.5,-1403.9,28.86,-2.5349,2.4628,0.094583,0.00050499,185.42,10.851,-5.3207,13.647,12.005,0,0.495,0.25436,-0.060132
1530.6,-1567.5,28.759,-2.6784,2.4191,0.13256,0.0005917,222.13,11.807,-5.0793,16.262,13.485,0,0.495,0.25436,-0.05605
1822.7,-1913.5,28.697,-2.3991,2.9961,0.11725,0.00059146,193.81,9.5383,-7.1616,18.026,16.102,0,0.495,0.23838,-0.064106
2196.5,-2183.7,28.472,-2.9014,2.6221,0.21695,0.00076133,282.72,12.963,-7.55,23.055,18.478,0,0.495,0.24642,-0.051957
1735.5,-1746.2,28.646,-2.8251,2.3621,0.17916,0.00067786,262.49,12.763,-4.9831,19.194,15.171,0,0.495,0.25436,-0.051957
2684.3,-2779.6,28.369,-2.5456,3.2967,0.36414,0.0011916,290.44,10.049,-11.325,30.547,32.109,0,0.495,0.23021,-0.059958
2211.7,-2376,28.533,-2.3518,3.2906,0.25489,0.00098662,244.36,8.9237,-7.363,24.599,26.54,0,0.495,0.23018,-0.063961
596.69,-630.12,29.328,-2.2913,1.114,0.049351,0.00032589,148.84,9.7739,3.2867,9.5198,4.3414,0,0.495,0.30222,-0.043899
697.29,-769.69,29.233,-2.4299,1.2416,0.077486,0.00039919,191.43,10.677,2.5424,9.5483,7.8023,0,0.495,0.29428,-0.0439
634.93,-670.16,29.27,-2.3358,1.0335,0.059122,0.00035358,164.36,10.195,4.0196,11.447,4.4482,0,0.495,0.30222,-0.039907
745.97,-828.14,29.172,-2.486,1.1575,0.093418,0.00043367,212.59,11.157,3.3649,11.759,8.0641,0,0.495,0.29428,-0.039907
655.49,-719.35,29.286,-2.3685,1.3187,0.061941,0.00036291,168.2,10.171,1.5321,7.1003,7.5012,0,0.495,0.29428,-0.047907
560.24,-594.49,29.378,-2.2416,1.1887,0.039857,0.0002978,131.59,9.3273,2.3475,7.1969,4.3645,0,0.495,0.30222,-0.047903
667.04,-707.3,29.207,-2.3755,0.94714,0.068446,0.00037989,177.17,10.586,4.5237,12.82,4.86,0,0.495,0.30222,-0.035916
563.1,-575.68,29.281,-2.2217,0.84567,0.040202,0.00030517,129.13,9.5596,4.5398,11.668,2.0667,0,0.495,0.31016,-0.035916
541.67,-552.03,29.34,-2.1904,0.9263,0.035005,0.00028533,120.32,9.2157,4.3051,10.875,1.5408,0,0.495,0.31016,-0.039907
792.51,-885.99,29.103,-2.5371,1.0662,0.10851,0.00046531,230.29,11.605,3.989,13.52,8.4839,0,0.495,0.29428,-0.035916
512.85,-524.57,29.395,-2.1552,1.0026,0.0297,0.000266,109.66,8.8449,3.8507,9.5049,1.381,0,0.495,0.31016,-0.0439
482.94,-498.93,29.444,-2.1152,1.0741,0.02461,0.00024792,97.727,8.451,3.1461,7.61,1.4669,0,0.495,0.31016,-0.047903
1048.9,-1106.7,29.027,-2.5204,1.9697,0.091118,0.00047762,188.88,11.034,-1.7241,10.286,10.441,0,0.495,0.27027,-0.05603
1135.3,-1199.3,28.951,-2.6318,1.9058,0.12348,0.00054286,225.56,11.808,-1.3226,12.182,12.088,0,0.495,0.27027,-0.051954
857.74,-921.08,29.15,-2.4272,1.7736,0.070512,0.00041219,169.04,10.449,-1.1885,7.1497,9.4985,0,0.495,0.27836,-0.056021
915.16,-990.15,29.09,-2.5245,1.7094,0.095497,0.00046747,202.15,11.14,-0.64507,8.7476,10.968,0,0.495,0.27836,-0.051951
741.91,-806.06,29.218,-2.414,1.5378,0.069514,0.00039313,174.57,10.419,-0.26139,6.3984,9.4254,0,0.495,0.28634,-0.051952
698.46,-753.51,29.264,-2.3293,1.6018,0.05146,0.0003475,146.05,9.7979,-1.0534,4.8303,8.4254,0,0.495,0.28633,-0.056026
960.23,-1015.7,29.097,-2.4091,2.0243,0.064867,0.00041144,155.89,10.252,-1.9207,8.6299,9.0144,0,0.495,0.27027,-0.060083
1143.6,-1203.2,28.984,-2.4792,2.2367,0.079324,0.00045991,170.71,10.626,-3.2999,11.054,10.413,0,0.495,0.2623,-0.060125
1273.1,-1327.7,28.898,-2.6055,2.186,0.11151,0.00053674,205.92,11.494,-3.0295,13.168,11.784,0,0.495,0.26231,-0.056049
1407.6,-1458.4,28.803,-2.7332,2.1243,0.15107,0.00061239,244.92,12.356,-2.74,15.535,13.383,0,0.495,0.2623,-0.051957
795.2,-852.6,29.204,-2.3292,1.83,0.050391,0.00035719,139.28,9.7474,-1.4009,5.9023,8.1756,0,0.495,0.27833,-0.060046
650.62,-700.92,29.305,-2.2425,1.6586,0.03708,0.00030389,120.33,9.163,-1.3735,3.7844,7.4873,0,0.495,0.28632,-0.060069
489.86,-525.77,29.455,-2.1253,1.321,0.024048,0.00024682,96.111,8.3575,0.2916,3.1705,4.6776,0,0.495,0.30223,-0.056034
577.47,-628.81,29.368,-2.229,1.4527,0.035766,0.00029079,121.17,9.0832,-0.61497,3.2962,6.8334,0,0.495,0.29428,-0.056029
522.76,-558.24,29.42,-2.1861,1.2578,0.031277,0.00027081,113.68,8.8526,1.2996,5.0171,4.5513,0,0.495,0.30222,-0.051946
613.9,-671.34,29.33,-2.3015,1.389,0.047796,0.00032619,144.33,9.6368,0.40555,4.9893,7.2298,0,0.495,0.29428,-0.051951
422.18,-447.93,29.522,-2.0194,1.2027,0.016195,0.00022085,72.804,7.5926,1.4965,3.7602,2.2701,0,0.495,0.31017,-0.056036
392.49,-420.4,29.551,-1.9651,1.2584,0.013185,0.00021527,61.156,7.1391,0.98919,2.3881,2.7396,0,0.495,0.31018,-0.060085
453.07,-489.97,29.483,-2.0607,1.3775,0.018396,0.00022812,79.86,7.8468,-0.34843,1.9562,4.8025,0,0.495,0.30224,-0.060079
361.83,-390.72,29.575,-1.9097,1.3088,0.011001,0.00021699,50.909,6.6806,1.0188,1.4131,3.1454,0,0.495,0.31017,-0.064073
344.81,-356.91,29.599,-1.8697,1.1458,0.010025,0.00022439,45.09,6.4316,2.5208,3.4034,0.68845,0,0.495,0.31813,-0.060102
368.03,-374.56,29.567,-1.9152,1.0926,0.011493,0.00021812,52.926,6.8372,2.8899,4.7953,0.13576,0,0.495,0.31811,-0.05604
414.84,-450.83,29.508,-1.9954,1.4282,0.014339,0.00021693,65.809,7.3316,-0.35706,1.1623,4.8517,0,0.495,0.30222,-0.064073
451.52,-471.96,29.486,-2.0699,1.141,0.020036,0.00023233,85.211,8.0315,2.3067,5.6242,1.8437,0,0.495,0.31016,-0.051945
391.47,-390.44,29.53,-1.9567,1.034,0.013287,0.00021715,61.116,7.2276,3.4713,6.4758,-0.28475,0,0.495,0.3181,-0.051945
536.77,-584.95,29.4,-2.1532,1.5094,0.026282,0.00025919,100.05,8.5134,-1.1633,2.2456,6.4557,0,0.495,0.29428,-0.060077
493.39,-537.98,29.429,-2.0771,1.5599,0.019396,0.00023432,81.944,7.9383,-1.0595,1.5666,6.0477,0,0.495,0.29426,-0.064115
119.52,-138.53,29.673,-1.4499,0.45899,0.0060351,0.00033315,9.7861,3.1592,5.1526,4.2625,3.5008,0,0.495,0.36574,-0.043901
141.74,-157.35,29.618,-1.5253,0.51678,0.0062772,0.0004211,12.944,3.8611,5.4107,4.7632,2.92,0,0.495,0.35781,-0.043901
118.38,-140.8,29.651,-1.4593,0.41953,0.0060875,0.00037867,10.453,3.325,4.3538,3.8259,3.7539,0,0.495,0.36574,-0.039908
142.67,-162.24,29.594,-1.5353,0.47417,0.0063576,0.00043744,13.882,4.0461,4.6334,4.2325,3.2242,0,0.495,0.35781,-0.039908
136.59,-148.39,29.646,-1.5173,0.5584,0.0061941,0.00040881,11.928,3.6616,6.281,5.3892,2.6561,0,0.495,0.35781,-0.047901
116.36,-131.34,29.698,-1.4434,0.49794,0.0059799,0.00028923,9.0455,2.9803,6.2313,5.0031,3.234,0,0.495,0.36574,-0.047901
113.49,-136.24,29.63,-1.469,0.38071,0.0061352,0.00040889,11.022,3.4789,4.7167,4.084,3.8961,0,0.495,0.36574,-0.035916
92.72,-114.59,29.689,-1.3981,0.33232,0.0059423,0.00027679,8.3682,2.7831,4.6732,3.9309,3.9199,0,0.495,0.37368,-0.035916
100.56,-122.76,29.708,-1.388,0.36718,0.0059125,0.00024897,7.9898,2.6454,3.9354,3.4499,3.7807,0,0.495,0.37367,-0.039908
140.37,-161.69,29.571,-1.5457,0.43133,0.0064315,0.00044139,14.702,4.2174,4.6673,4.2858,3.4474,0,0.495,0.35781,-0.035916
104.02,-122.46,29.728,-1.3781,0.40361,0.0058791,0.00022146,7.5287,2.4967,4.8331,3.681,3.5113,0,0.495,0.37368,-0.043901
103.46,-117,29.75,-1.3717,0.43977,0.0058432,0.00019495,7.0021,2.3359,6.2095,4.4511,3.1422,0,0.495,0.37368,-0.047901
254.21,-245.7,29.616,-1.7272,0.88804,0.0074463,0.00029346,25.951,5.325,5.3846,5.9766,-1.425,0,0.495,0.33398,-0.056028
265.03,-255.09,29.578,-1.7527,0.83885,0.007817,0.00027407,29.147,5.6352,5.7244,6.9063,-1.393,0,0.495,0.33398,-0.051938
202.72,-195.51,29.637,-1.646,0.79459,0.0067177,0.00037392,18.386,4.5993,6.1447,5.8398,-0.58574,0,0.495,0.34191,-0.056027
212.54,-203.68,29.601,-1.6644,0.75008,0.0069082,0.00034645,20.404,4.8785,6.4497,6.4652,-0.40884,0,0.495,0.34192,-0.051937
162.86,-163.86,29.634,-1.5849,0.66947,0.0064127,0.00042264,14.71,4.1435,6.7149,6.061,1.1761,0,0.495,0.34986,-0.051937
154.68,-156.61,29.667,-1.5727,0.71014,0.006297,0.00040996,13.343,3.8925,6.3746,5.6683,0.99681,0,0.495,0.34985,-0.056028
243.42,-237.52,29.65,-1.6975,0.9326,0.007126,0.00031776,22.936,5.0019,5.0075,4.9888,-1.2601,0,0.495,0.33398,-0.060075
294.15,-296.25,29.63,-1.7793,1.0368,0.0081726,0.00025773,32.288,5.7081,3.9019,4.3589,-0.85311,0,0.495,0.32607,-0.060107
310.62,-307.94,29.596,-1.8167,0.98772,0.0088577,0.00024162,37.248,6.0709,4.2327,5.589,-1.2715,0,0.495,0.32605,-0.056041
326.25,-319.54,29.557,-1.85,0.93362,0.0096484,0.00023041,42.417,6.4192,4.6633,6.9069,-1.4931,0,0.495,0.32604,-0.051944
193.92,-190.02,29.67,-1.6233,0.83494,0.0065465,0.00040596,16.495,4.3083,5.6142,5.0633,-0.60642,0,0.495,0.34192,-0.060069
147.95,-152.83,29.699,-1.5563,0.74724,0.0061939,0.00039857,12.087,3.6306,5.5903,5.0173,0.92633,0,0.495,0.34986,-0.060069
104.95,-115.9,29.758,-1.4376,0.57389,0.0058745,0.00021527,7.5339,2.5901,6.8731,5.3725,2.9261,0,0.495,0.36574,-0.056031
121.27,-131.42,29.709,-1.5043,0.63726,0.0060372,0.00032988,9.9086,3.2261,6.417,5.4317,2.3714,0,0.495,0.3578,-0.056028
111.3,-122.91,29.727,-1.44,0.53679,0.005925,0.00024876,8.2721,2.7909,6.9651,5.4904,3.0275,0,0.495,0.36574,-0.051938
129.04,-138.7,29.677,-1.511,0.59899,0.0061125,0.00037926,10.893,3.4499,6.7293,5.6829,2.4789,0,0.495,0.35781,-0.051938
98.134,-104.69,29.805,-1.3699,0.5131,0.005772,0.00014897,5.8903,1.9866,7.6462,5.2661,2.6318,0,0.495,0.37367,-0.056031
95.613,-104.22,29.833,-1.3684,0.54799,0.0057431,0.00013367,5.4223,1.799,6.7666,4.7728,2.5733,0,0.495,0.37368,-0.060071
99.477,-112.89,29.786,-1.4324,0.6087,0.0058317,0.00018917,6.8936,2.3803,5.7877,4.7632,2.9116,0,0.495,0.36574,-0.060069
94.542,-107.22,29.858,-1.3613,0.5802,0.0057197,0.00012236,5.0428,1.6056,5.1967,3.9685,2.5492,0,0.495,0.37367,-0.064068
90.154,-91.587,29.873,-1.3032,0.48435,0.0056842,0.0001072,4.3509,1.2432,7.4817,4.7155,1.8349,0,0.495,0.3816,-0.060067
88.945,-90.62,29.846,-1.3028,0.45062,0.0057044,0.00011635,4.6912,1.4107,7.8345,5.0203,2.0429,0,0.495,0.3816,-0.056029
96.274,-112.52,29.812,-1.4212,0.64028,0.0057963,0.0001681,6.3488,2.164,4.4071,3.9241,2.8819,0,0.495,0.36573,-0.064066
101.83,-110.34,29.776,-1.3694,0.47696,0.0058065,0.00016956,6.4392,2.1663,7.3383,5.1665,2.8009,0,0.495,0.37368,-0.051938
88.769,-94.674,29.82,-1.3015,0.41666,0.005728,0.00012897,5.0896,1.5714,6.9988,4.628,2.343,0,0.495,0.38161,-0.051937
114.99,-127.67,29.739,-1.4937,0.6725,0.0059718,0.0002838,9.0274,2.9925,5.4058,4.7963,2.3412,0,0.495,0.3578,-0.060067
111.14,-125.51,29.766,-1.4777,0.70427,0.005916,0.00024495,8.2469,2.7511,4.4558,3.9826,2.26,0,0.495,0.35779,-0.064072
72.803,-73.048,29.882,-1.2387,0.39208,0.005655,0.00010759,3.72,0.85831,6.1996,4.4731,1.3139,0,0.495,0.38954,-0.056022
52.647,-54.966,29.911,-1.1786,0.35455,0.0056206,0.00011375,3.0114,0.29097,4.0645,3.9127,1.3005,0,0.495,0.39751,-0.055993
73.732,-72.104,29.906,-1.2402,0.42226,0.0056406,0.00010347,3.4699,0.70406,6.4145,4.3691,1.0145,0,0.495,0.38954,-0.060062
54.838,-53.673,29.928,-1.1907,0.38645,0.0056139,0.00011138,2.905,0.26644,4.9135,4.2686,1.0119,0,0.495,0.39753,-0.060049
71.311,-76.532,29.858,-1.2379,0.36212,0.0056712,0.00011415,4.0043,1.0037,4.9346,3.7492,1.6192,0,0.495,0.38954,-0.051935
54.061,-59.731,29.885,-1.1887,0.33057,0.0056375,0.00011552,3.3266,0.54642,3.0055,3.309,1.5324,0,0.495,0.3975,-0.051927
-16898,11846,6.8035,-2.9891,-2.6054,23.386,0.031178,750.09,-56.346,-291.34,-82.873,46.339,0,0.495,0.047346,-0.075893
-4539.8,10158,6.5985,-2.6193,-4.5094,22.654,0.029475,737.32,-53.764,-297.83,-74.895,10.745,0,0.495,0.039431,-0.075887
-16148,11239,7.1309,-3.2183,-2.6131,23.009,0.030916,744.2,-53.477,-283.38,-83.604,46.131,0,0.495,0.04735,-0.071904
-5047.5,9746.2,6.9143,-2.8265,-4.458,22.296,0.029297,733.62,-50.669,-291.81,-75.661,12.416,0,0.495,0.039436,-0.071896
-4975.1,10796,6.2887,-2.4131,-4.5457,22.975,0.029663,740.97,-56.731,-304.57,-73.656,9.1837,0,0.495,0.039427,-0.079875
-17812,12681,6.4819,-2.7577,-2.5852,23.712,0.031386,755.49,-59.121,-300.04,-81.788,46.529,0,0.495,0.047343,-0.079881
-15595,10920,7.4632,-3.45,-2.6087,22.586,0.030591,738.28,-50.546,-276.42,-84.376,45.842,0,0.495,0.047354,-0.067915
-16244,11238,7.9639,-3.7383,-0.94674,23.37,0.03061,763.53,-51.708,-261.41,-86.035,84.069,0,0.495,0.055265,-0.067939
-17083,11812,7.6375,-3.4929,-0.88013,23.799,0.030816,772.36,-54.347,-270.11,-85.672,87.093,0,0.495,0.055278,-0.071916
-5664.2,9618.4,7.2351,-3.0393,-4.3924,21.91,0.02915,730.23,-47.483,-286.75,-76.429,14.021,0,0.495,0.03944,-0.067906
-18132,12665,7.3132,-3.2461,-0.80405,24.172,0.030956,780.95,-56.955,-279.83,-85.256,90.087,0,0.495,0.055274,-0.075903
-19332,13737,6.9941,-2.9937,-0.71859,24.481,0.031043,788.78,-59.505,-290.27,-84.493,93.044,0,0.495,0.055269,-0.079895
7140.3,6377.1,6.133,-1.2316,-8.8176,21.257,0.024811,822.66,-55.984,-300.54,-48.463,-48.521,0,0.495,0.023577,-0.087851
7418.8,3376.4,6.5848,-0.80804,-10.909,18.875,0.018506,1048,-52.507,-291.22,-41.125,-78.692,0,0.495,0.015655,-0.087849
7539.4,5817.8,6.3798,-1.3696,-8.7402,21.126,0.024699,820.52,-53.059,-296.97,-49.665,-45.346,0,0.495,0.023585,-0.083859
7860,2914.1,6.8004,-0.90254,-10.807,18.863,0.01852,1045.3,-49.366,-288.22,-41.638,-74.173,0,0.495,0.015663,-0.083856
7339,8837.8,6.0817,-1.8108,-6.65,22.382,0.027315,756.5,-56.733,-307.74,-61.96,-24.279,0,0.495,0.031504,-0.083862
6980,9579.9,5.8089,-1.6329,-6.6965,22.593,0.027499,758.86,-59.503,-313.14,-60.282,-26.713,0,0.495,0.031497,-0.087855
6832,3895.9,6.3746,-0.71381,-10.987,18.882,0.01849,1051.2,-55.355,-294.42,-40.92,-82.98,0,0.495,0.015646,-0.091842
14982,-9889.5,7.2293,-0.35868,-13.15,13.815,0.0074955,2474.1,-51.846,702.24,-27.76,-1528.3,0,0.495,0.00772,-0.091841
16395,-11621,7.3983,-0.41202,-13.046,13.882,0.0075462,2477.4,-48.742,695.88,-27.405,-1512.8,0,0.495,0.0077287,-0.087847
23557,-23439,7.8231,-0.20052,-14.257,10.396,0.00094371,3721.3,-49.675,1697,2.2051,-2947.4,0,0.495,0,-0.09184
25897,-26472,7.9687,-0.23618,-14.138,10.479,0.00095932,3731.8,-46.449,1681,2.4924,-2921.3,0,0.495,0,-0.087846
6586.6,7032,5.8936,-1.0922,-8.8732,21.37,0.024931,825.05,-58.645,-304.35,-47.495,-51.419,0,0.495,0.023569,-0.091844
6532.7,10437,5.5452,-1.4508,-6.7229,22.774,0.0277,761.09,-62.033,-318.74,-58.74,-28.883,0,0.495,0.03149,-0.091848
17472,-13428,7.5713,-0.46638,-12.917,13.951,0.0075954,2481.4,-45.315,687.96,-27.461,-1497.1,0,0.495,0.0077371,-0.083854
27620,-29686,8.1178,-0.27324,-13.995,10.566,0.00097599,3743.2,-42.892,1662,2.3021,-2895.1,0,0.495,0,-0.083853
-19997,14931,5.8595,-2.2741,-2.5043,24.195,0.031685,763.69,-64.254,-318.72,-79.108,46.848,0,0.495,0.047332,-0.087864
-5810,12625,5.6917,-1.9897,-4.5708,23.49,0.03005,747.13,-62.172,-319.3,-70.819,6.1247,0,0.495,0.039415,-0.087859
-18868,13738,6.1668,-2.5202,-2.5519,23.982,0.031553,760.1,-61.766,-309.25,-80.737,46.763,0,0.495,0.047338,-0.083872
-5145.7,11643,5.9862,-2.2041,-4.5665,23.255,0.029861,744.31,-59.543,-311.79,-72.508,7.6629,0,0.495,0.039421,-0.083866
-22146,16505,6.3756,-2.4581,-0.51513,24.902,0.031105,800.88,-64.279,-312.19,-82.472,99.049,0,0.495,0.055259,-0.087878
-23639,18103,6.0799,-2.1703,-0.39626,25.018,0.031097,804.9,-66.413,-323.08,-80.727,102.33,0,0.495,0.055254,-0.091869
-21179,16262,5.5623,-2.0173,-2.442,24.355,0.031792,766.15,-66.543,-328.18,-77.329,47.128,0,0.495,0.047326,-0.091856
-25029,19685,5.7968,-1.8673,-0.26638,25.076,0.031068,807.59,-68.342,-333.47,-77.922,105.55,0,0.495,0.055248,-0.095862
-24582,18073,7.0688,-2.2141,1.519,25.871,0.030082,860.6,-65.267,-304.66,-77.567,163.59,0,0.495,0.06323,-0.091915
-22985,16365,7.3313,-2.5248,1.3414,25.765,0.030232,852.7,-63.259,-293.71,-79.731,155.9,0,0.495,0.063235,-0.087921
-22316,17616,5.2766,-1.7482,-2.3643,24.462,0.031878,767.46,-68.607,-337.38,-74.7,47.299,0,0.495,0.047319,-0.095849
-20712,15059,6.6811,-2.7318,-0.62267,24.724,0.03109,795.48,-61.962,-301.15,-83.798,96.123,0,0.495,0.055262,-0.083888
-21444,14829,7.6058,-2.8194,1.1706,25.595,0.030351,843.67,-61.08,-282.43,-81.108,148.78,0,0.495,0.063242,-0.083923
-6548.5,13728,5.4074,-1.7677,-4.5574,23.682,0.030236,749.32,-64.582,-326.93,-69.137,4.8021,0,0.495,0.039408,-0.091852
-7306.2,14871,5.134,-1.5367,-4.5251,23.831,0.030406,750.85,-66.748,-334.46,-66.749,3.5144,0,0.495,0.039401,-0.095846
6879.8,-1197,18.766,-2.0596,4.776,22.001,0.023515,935.03,-33.33,-44.239,64.108,262.52,0,0.495,0.11092,-0.076042
6947,-685.28,16.753,-2.3272,4.8241,24.508,0.025806,949.58,-37.392,-70.924,43.949,263.76,0,0.495,0.10293,-0.07611
7058.1,-1478.8,18.506,-2.2944,4.5233,21.847,0.023731,920.14,-32.301,-49.137,56.379,253.3,0,0.495,0.11093,-0.072033
7043.7,-1050.6,16.571,-2.5827,4.5418,24.203,0.026002,930.68,-36.194,-73.734,36.384,251.37,0,0.495,0.10297,-0.072037
6816.7,-307.51,16.964,-2.0722,5.0935,24.721,0.025505,969.06,-38.555,-68.008,50.42,276.4,0,0.495,0.10292,-0.08013
6654.9,-893.95,19.058,-1.828,5.0144,22.042,0.023181,950.14,-34.31,-39.524,71.202,271.61,0,0.495,0.11092,-0.080039
7080.9,-1712.5,18.274,-2.5343,4.2601,21.586,0.02382,905.86,-31.219,-54.578,49.343,243.64,0,0.495,0.11093,-0.068036
6554.4,-1412.3,20.14,-2.2657,4.1533,18.566,0.020882,888.11,-27.8,-39.621,67.345,244.18,0,0.495,0.11885,-0.06806
6515.7,-1205.3,20.431,-2.0463,4.3813,18.676,0.020783,897.41,-28.802,-32.922,72.569,251.32,0,0.495,0.11885,-0.072053
6963.2,-1326.9,16.418,-2.8398,4.2513,23.812,0.026085,912.79,-34.97,-77,28.589,239.34,0,0.495,0.10296,-0.068011
6387,-990.77,20.749,-1.8344,4.5976,18.663,0.020546,906.9,-29.748,-26.811,79.613,257.34,0,0.495,0.11885,-0.076045
6227.5,-753.3,21.096,-1.6279,4.7996,18.522,0.02018,916.08,-30.648,-21.115,86.544,262.86,0,0.495,0.11886,-0.080036
-17592,10375,10.617,-2.2835,4.2089,27.536,0.028616,962.66,-55.78,-210.8,-39.209,264.63,0,0.495,0.079152,-0.087927
-17560,9185.3,10.718,-2.5946,3.9453,27.272,0.028915,943.49,-54.078,-204.38,-42.413,248.93,0,0.495,0.079148,-0.083914
-8258,6149.4,12.783,-2.0428,5.0554,27.724,0.027714,1000.7,-50.459,-156.71,-2.4205,296.59,0,0.495,0.087076,-0.088112
-9001.8,5253.6,12.754,-2.3456,4.7809,27.447,0.028061,978.37,-49.042,-154.04,-7.1007,279.48,0,0.495,0.087056,-0.084085
3976.4,2111.6,14.969,-2.0668,5.2276,26.683,0.026851,993.86,-44.331,-105.83,23.852,291.99,0,0.495,0.094979,-0.084134
4099.8,2759.6,15.127,-1.7813,5.4909,26.886,0.026455,1016.4,-45.526,-105.25,29.3,308.35,0,0.495,0.094998,-0.088157
-18490,11736,10.536,-1.958,4.4651,27.745,0.028273,981.78,-57.34,-216.53,-34.818,281.05,0,0.495,0.079153,-0.091928
-22577,15656,8.5516,-2.1341,3.1818,26.889,0.029125,923.74,-61.477,-268.19,-59.508,228.48,0,0.495,0.071175,-0.091925
-21231,14064,8.7444,-2.4579,2.9549,26.741,0.029393,910.15,-59.707,-259.09,-62.718,215.98,0,0.495,0.071178,-0.08793
-19918,12654,8.952,-2.7654,2.7285,26.533,0.029622,896.02,-57.785,-249.47,-64.794,204.23,0,0.495,0.071182,-0.08393
-8812.4,7193,12.833,-1.7285,5.3161,27.946,0.027322,1023.2,-51.763,-158.66,3.2718,314.09,0,0.495,0.08708,-0.092128
3572,3527.8,15.307,-1.4883,5.7359,27.025,0.026009,1039.2,-46.62,-104.17,35.407,324.84,0,0.495,0.095003,-0.092177
5816.6,-222.91,19.729,-1.3683,5.4398,21.805,0.022229,979.83,-36.067,-30.67,85.202,289.6,0,0.495,0.1109,-0.088052
6066.3,615.05,17.473,-1.557,5.5845,24.887,0.024664,1008.7,-40.69,-62.078,63.374,302.59,0,0.495,0.10291,-0.088139
6247.6,-544.38,19.38,-1.598,5.2362,21.975,0.022747,965.14,-35.216,-34.985,78.408,280.62,0,0.495,0.11091,-0.084036
6442,165.99,17.205,-1.8161,5.3476,24.846,0.025121,988.81,-39.649,-65.062,56.969,289.38,0,0.495,0.10291,-0.084129
5557.6,-275.61,21.873,-1.2254,5.1526,17.879,0.019129,932.05,-32.245,-10.937,100.1,272.55,0,0.495,0.11887,-0.088025
3817.4,-45.298,22.297,-1.0271,5.2998,17.389,0.018474,938.13,-32.915,-6.3151,105.7,276.57,0,0.495,0.11886,-0.092028
5172.6,139.34,20.103,-1.1375,5.6228,21.535,0.021637,993.89,-36.823,-26.479,91.24,298.5,0,0.495,0.11087,-0.092085
1422.3,124.96,22.74,-0.82998,5.4242,16.795,0.017749,942.41,-33.493,-1.9645,109.93,279.87,0,0.495,0.11886,-0.096019
-2890.9,426.32,24.305,-0.9388,4.9353,12.751,0.01476,857.39,-28.743,3.1859,107.87,251.14,0,0.495,0.12684,-0.092061
1045.4,305.73,23.87,-1.107,4.8221,13.391,0.015445,861.63,-28.193,-1.5446,103.86,252.43,0,0.495,0.12683,-0.088068
4407.2,422.96,20.501,-0.90596,5.782,21.164,0.020981,1007,-37.483,-22.305,96.371,306.97,0,0.495,0.11088,-0.096085
5944.1,-504.66,21.472,-1.4253,4.9852,18.258,0.019702,924.59,-31.477,-15.842,93.629,267.92,0,0.495,0.11887,-0.084028
3838.2,157.27,23.452,-1.2788,4.6898,13.931,0.016049,863.54,-27.545,-6.6764,98.847,252.58,0,0.495,0.12682,-0.084078
5400.4,1153,17.766,-1.2943,5.8013,24.846,0.024147,1028.5,-41.633,-58.963,69.575,315.86,0,0.495,0.10291,-0.092161
4770.8,1594,18.086,-1.0289,5.9942,24.718,0.023576,1047.8,-42.473,-55.656,75.342,328.72,0,0.495,0.10293,-0.096167
180.31,-963.71,27.828,-0.88482,3.7984,2.4821,0.0041125,592.94,-7.9371,-28.577,156.48,-7.0867,0,0.495,0.17458,-0.076156
361.26,-917.92,28.003,-0.8985,3.7736,2.0262,0.0036656,541.82,-10.382,-23.931,139.32,-0.17696,0,0.495,0.16658,-0.076141
133.55,-1047.5,27.101,-0.9901,3.7563,3.8589,0.0053709,710.66,-7.3286,-36.634,195.89,-10.307,0,0.495,0.17458,-0.072167
207.31,-1192.6,27.341,-0.99931,3.7159,3.2154,0.0047752,662.92,-9.7159,-29.461,182.4,-12.479,0,0.495,0.16658,-0.072148
496.35,-660.4,28.493,-0.81094,3.8133,1.1949,0.0027742,421.51,-11.011,-18.82,98.952,10.905,0,0.495,0.16658,-0.080132
532.5,-796.55,28.39,-0.79879,3.8209,1.4346,0.0030131,463.42,-8.5175,-21.688,115.14,-1.9079,0,0.495,0.17458,-0.080149
486.24,-1037.9,26.229,-1.1213,3.6965,5.4792,0.0067427,807.46,-6.7987,-46.672,229.05,-10.73,0,0.495,0.17458,-0.068177
1833.1,-805.85,26.191,-1.1973,3.7911,5.5608,0.0069016,801.33,-4.1745,-55.781,214.27,25.079,0,0.495,0.18254,-0.068192
1038.7,-932.51,27.026,-1.0482,3.8284,4.0256,0.0055946,713.08,-4.7887,-42.984,188.36,16.796,0,0.495,0.18253,-0.072183
-122.78,-1349.1,26.509,-1.118,3.6409,4.7447,0.0060833,771.83,-9.141,-36.736,223.47,-23.643,0,0.495,0.16658,-0.068153
733.11,-980.2,27.74,-0.93312,3.8473,2.6604,0.0043484,602.84,-5.4566,-32.373,154.13,10.562,0,0.495,0.18253,-0.076167
689.1,-881.76,28.309,-0.84361,3.847,1.5718,0.0032163,477.26,-6.0891,-23.497,116.38,6.928,0,0.495,0.18253,-0.080166
350.27,675.63,27.204,-0.90573,4.2463,4.8841,0.0076677,617.43,-21.031,-1.5787,80.116,175.54,0,0.495,0.14267,-0.088131
1205.7,686.53,26.87,-1.0278,4.1713,5.3593,0.0081205,642.03,-20.441,-6.0094,81.434,184.19,0,0.495,0.14266,-0.08415
528.66,208.05,28.298,-0.7996,4.0527,2.1904,0.0046422,447.63,-18.144,-3.8457,57.919,115.84,0,0.495,0.15061,-0.088153
946.65,207.58,28.039,-0.89955,4.0007,2.4972,0.0049503,481.7,-17.542,-8.256,64.571,123.33,0,0.495,0.1506,-0.084167
264.37,-41.29,28.652,-0.80227,3.8891,1.0712,0.0029206,354.18,-14.201,-10.803,58.578,60.96,0,0.495,0.15858,-0.084146
177.01,14.345,28.869,-0.72293,3.9197,0.84697,0.0026411,303.53,-14.85,-6.4108,44.087,59.093,0,0.495,0.15858,-0.088137
-1120.2,605.65,27.533,-0.7871,4.3061,4.3777,0.0071679,589.68,-21.573,2.272,78.51,164.97,0,0.495,0.14268,-0.092131
-3525.5,472.1,26.097,-0.86416,4.5881,8.1835,0.010819,743.87,-25.482,4.3255,98.585,215.48,0,0.495,0.13471,-0.092118
-240,470.47,25.692,-1.007,4.5046,8.8394,0.01146,760.47,-24.955,0.047162,97.148,222.19,0,0.495,0.13469,-0.088134
2792.4,423.3,25.295,-1.154,4.4039,9.4204,0.012029,773.68,-24.338,-4.7024,94.661,227.31,0,0.495,0.13468,-0.084144
-142.95,148.66,28.535,-0.7052,4.0918,1.8936,0.004319,413.75,-18.685,-0.18252,53.119,105.79,0,0.495,0.15061,-0.092137
157.32,-1.5423,29.041,-0.6495,3.9396,0.68694,0.002422,264.54,-15.459,-2.9016,35.272,53.756,0,0.495,0.15858,-0.092128
431.92,-442.82,29.061,-0.67087,3.8167,0.33504,0.0013923,229.99,-9.7691,-10.276,48.494,6.2983,0,0.495,0.17458,-0.088132
309.5,-281.31,29.066,-0.66976,3.849,0.3937,0.0016331,234.93,-12.302,-9.053,42.517,21.613,0,0.495,0.16658,-0.088116
540.17,-608.31,28.794,-0.72849,3.8258,0.73464,0.0020999,336.89,-9.1612,-15.547,77.85,2.8396,0,0.495,0.17458,-0.08414
438.58,-425.44,28.837,-0.73509,3.8374,0.67795,0.0021016,315.95,-11.683,-13.742,66.104,18.271,0,0.495,0.16658,-0.084124
512.1,-586.25,29.01,-0.7197,3.7989,0.35312,0.0014265,234.16,-7.4253,-10.299,50.689,4.5651,0,0.495,0.18253,-0.088142
436.44,-473.89,29.191,-0.67409,3.7591,0.13078,0.00082383,148.17,-8.0779,-6.2753,29.934,4.2156,0,0.495,0.18252,-0.092132
340.84,-342.01,29.231,-0.6215,3.7976,0.14556,0.00090593,154.02,-10.383,-6.2474,29.15,7.6943,0,0.495,0.17458,-0.092124
393.93,-404.43,29.307,-0.63134,3.7152,0.046606,0.00046124,96.06,-8.6786,-3.9081,18.146,3.8567,0,0.495,0.18252,-0.096124
542,-625.52,29.16,-0.77147,3.7211,0.11036,0.00075436,134.73,-5.9473,-4.6665,26.602,5.989,0,0.495,0.19047,-0.092144
586.2,-744.53,28.992,-0.81865,3.7807,0.30979,0.0013454,215.97,-5.2589,-8.1228,44.869,8.8541,0,0.495,0.19048,-0.088165
298.32,-300.77,29.343,-0.5754,3.7723,0.071754,0.00063434,109,-10.947,-3.6424,18.474,7.6123,0,0.495,0.17458,-0.096116
583.3,-750.83,28.728,-0.7742,3.8297,0.80908,0.0022342,348.87,-6.7794,-16.09,80.551,5.0541,0,0.495,0.18253,-0.084155
638.04,-909,28.733,-0.87447,3.8346,0.72067,0.0021266,324.71,-4.5721,-13.948,70.943,13.699,0,0.495,0.1905,-0.084189
250,-215.01,29.221,-0.61154,3.8503,0.25153,0.0013367,179.95,-12.902,-5.3151,28.068,21.427,0,0.495,0.16658,-0.092108
235.99,-213.85,29.334,-0.55641,3.8438,0.18,0.0011609,145.04,-13.439,-2.8253,20.188,19.2,0,0.495,0.16657,-0.0961
1149.9,-1231.4,28.989,-1.9579,2.9573,0.035261,0.00032064,108.16,6.4503,-3.7771,9.4546,9.4421,0,0.495,0.23819,-0.076024
1357.1,-1488.9,28.91,-1.8859,3.2011,0.06166,0.00045714,129.24,5.6952,-2.0942,13.309,12.229,0,0.495,0.23016,-0.075943
1304.8,-1386,28.903,-2.0945,2.9757,0.052677,0.00039158,131.95,7.4665,-3.9175,10.698,11.31,0,0.495,0.23813,-0.071951
1568.4,-1729.7,28.801,-2.0256,3.2434,0.10369,0.00060666,162.39,6.7089,-2.8617,16.489,16.149,0,0.495,0.23021,-0.072032
1183.6,-1269.8,29.006,-1.7569,3.1598,0.036707,0.00034674,102.55,4.7137,-1.7716,10.994,9.7316,0,0.495,0.23017,-0.079948
1025,-1086.9,29.069,-1.828,2.9377,0.024041,0.0002696,88.021,5.4522,-3.552,8.6198,8.2271,0,0.495,0.23831,-0.080242
1515.6,-1614.4,28.81,-2.2384,2.9857,0.078386,0.00048063,159.75,8.4742,-5.1794,13.948,13.376,0,0.495,0.23813,-0.067953
1239.7,-1318.7,28.92,-2.2652,2.7395,0.055392,0.00039149,139.78,8.8476,-6.4975,10.573,11.026,0,0.495,0.24617,-0.067999
1080.5,-1148.2,28.998,-2.1284,2.7409,0.038284,0.00032692,115.65,7.8966,-5.5819,7.9852,10.239,0,0.495,0.24616,-0.072013
1852.7,-2031.5,28.676,-2.1791,3.2737,0.16758,0.00078712,201.21,7.7902,-4.4919,20.286,21.038,0,0.495,0.23022,-0.06804
956.97,-1030.4,29.071,-1.9977,2.737,0.026615,0.00027688,95.046,6.9199,-5.1635,7.1965,9.5557,0,0.495,0.24629,-0.076224
852.41,-917.31,29.141,-1.8729,2.725,0.018927,0.00024249,77.439,5.9706,-4.5421,6.5616,8.9245,0,0.495,0.2463,-0.080333
879.65,-1030.8,29.054,-1.1313,3.6171,0.10558,0.00073388,130.71,-1.3058,-2.1483,22.155,11.51,0,0.495,0.20636,-0.088148
994.03,-1256.5,28.903,-1.2079,3.6982,0.25799,0.001208,195.67,-0.45767,-4.2789,33.932,17.945,0,0.495,0.20637,-0.084157
949.21,-1052,29.092,-1.2943,3.4676,0.046584,0.00044969,96.349,0.35213,-0.96401,14.529,9.7401,0,0.495,0.21432,-0.088049
1097.2,-1267.4,28.981,-1.3859,3.5411,0.10665,0.00071796,135.49,1.2342,-1.5,20.116,13.715,0,0.495,0.21431,-0.084051
1100.2,-1205.7,29.04,-1.5302,3.3398,0.043125,0.00040799,99.784,2.649,-0.61042,12.725,9.9413,0,0.495,0.22227,-0.08405
950.05,-1020.4,29.131,-1.4266,3.2801,0.023389,0.00029575,76.619,1.7314,-0.72378,10.566,7.9982,0,0.495,0.22229,-0.088085
775.02,-870.91,29.165,-1.0602,3.54,0.040026,0.00042241,87.971,-2.1177,-1.5437,14.953,8.0627,0,0.495,0.20635,-0.092142
674.11,-774.74,29.154,-0.90812,3.6489,0.073119,0.00059909,111.52,-3.9336,-2.3354,20.892,7.6262,0,0.495,0.19844,-0.092161
741.28,-916.21,29.014,-0.96324,3.7235,0.20695,0.001081,176.26,-3.1842,-4.4132,34.018,11.668,0,0.495,0.19849,-0.088196
799.8,-1109.2,28.806,-1.0259,3.7973,0.49606,0.0017435,267.66,-2.4106,-8.8967,53.617,18.762,0,0.495,0.19851,-0.084212
823.28,-897.15,29.184,-1.2091,3.3984,0.02206,0.00029954,71.015,-0.49318,-1.0429,11.42,7.6299,0,0.495,0.21432,-0.092053
826.43,-887.65,29.213,-1.3289,3.2279,0.014899,0.0002441,60.368,0.82933,-0.74436,9.4602,6.9174,0,0.495,0.22239,-0.092234
788.88,-840.91,29.216,-1.5991,2.8775,0.013027,0.00022415,57.971,3.6006,-1.8566,7.2345,6.637,0,0.495,0.23824,-0.088248
899.75,-955.47,29.172,-1.5259,3.0816,0.015826,0.00023948,65.528,2.7926,-0.96206,8.7887,7.173,0,0.495,0.23036,-0.088264
894.88,-957.26,29.145,-1.7082,2.9095,0.017104,0.00023816,71.3,4.493,-2.7977,7.8751,7.2682,0,0.495,0.23832,-0.084315
1026.4,-1099.6,29.093,-1.637,3.1202,0.022974,0.0002761,81.657,3.7365,-1.3957,9.6192,8.0931,0,0.495,0.23025,-0.084064
666.78,-723.41,29.266,-1.6539,2.6934,0.011407,0.00021891,52.102,4.2108,-3.1805,5.7315,7.6319,0,0.495,0.24624,-0.08833
598.88,-649.72,29.324,-1.5564,2.6739,0.0097066,0.00022433,43.377,3.397,-2.4916,5.6948,7.1187,0,0.495,0.24623,-0.092343
702.52,-748.95,29.283,-1.4986,2.8494,0.010641,0.00022335,47.695,2.7473,-1.0552,6.9923,5.9841,0,0.495,0.23827,-0.092353
537.35,-585.19,29.381,-1.4657,2.6522,0.0086866,0.00023785,36.655,2.6119,-1.7765,5.6942,6.7909,0,0.495,0.24623,-0.096351
512.19,-570.77,29.387,-1.601,2.5148,0.0090103,0.00022916,39.46,3.8559,-3.2714,5.2162,7.8512,0,0.495,0.25433,-0.092125
573.31,-632.63,29.333,-1.6953,2.5258,0.010278,0.00021864,47.088,4.6385,-3.8247,5.143,8.0629,0,0.495,0.25433,-0.088148
630.7,-673.22,29.346,-1.4063,2.8189,0.0092678,0.00023271,39.941,1.9424,-0.52831,6.8517,5.4962,0,0.495,0.23827,-0.09638
749.5,-812.82,29.205,-1.7588,2.7115,0.014233,0.00022406,63.298,5.0633,-3.8074,6.0321,8.1761,0,0.495,0.24629,-0.084378
639.74,-700.59,29.279,-1.7954,2.5335,0.012384,0.00021757,56.843,5.4503,-4.224,5.1962,8.2702,0,0.495,0.25432,-0.084205
787.66,-840.69,29.247,-1.425,3.0387,0.012046,0.00022701,52.993,1.9133,-0.39694,8.2285,6.45,0,0.495,0.23038,-0.092349
702.1,-747.72,29.317,-1.3327,2.9964,0.010046,0.00023042,43.69,1.1032,0.010187,7.6971,5.9644,0,0.495,0.23033,-0.096335
173.1,-198.89,30.428,0.49111,0.67162,0.0065568,6.9255e-05,19.559,-7.4203,2.9154,-0.63627,-3.5206,0,0.495,0.031291,0.30438
172.33,-188.13,30.435,0.47318,0.61102,0.0065101,6.9801e-05,19.137,-7.6969,4.6164,-0.098524,-4.8716,0,0.495,0.031309,0.30798
195.67,-242,30.446,0.66796,0.54955,0.0066285,6.5929e-05,14.259,-7.9337,-4.8284,0.017308,0.45736,0,0.495,0.047283,0.30442
161.53,-186.52,30.467,0.79834,0.21069,0.0063688,7.053e-05,10.756,-8.8541,-8.7872,0.43502,-0.2835,0,0.495,0.06318,0.30445
143.23,-166.35,30.477,0.75543,0.19779,0.0063257,7.6426e-05,10.405,-8.9745,-6.3016,0.40874,-0.32,0,0.495,0.063176,0.30798
68.4,-82.209,30.502,0.91855,-0.10539,0.0060577,0.00010357,6.8978,-9.6707,-9.1523,0.044656,-0.94163,0,0.495,0.079044,0.30447
44.577,-58.659,30.532,0.88369,-0.21146,0.0059945,0.00012812,6.0856,-10.171,-3.5712,0.15937,-0.42658,0,0.495,0.094903,0.30449
51.884,-69.511,30.534,0.85647,-0.198,0.0059885,0.0001179,5.9888,-10.223,-2.9534,0.096213,-0.31963,0,0.495,0.094902,0.30798
36.711,-46.325,30.551,0.85874,-0.31199,0.0059737,0.00012641,5.7785,-10.554,-5.4231,0.5321,0.13659,0,0.495,0.11076,0.30451
51.666,-62.344,30.552,0.80239,-0.50173,0.0058214,0.00010251,4.1142,-10.887,-6.5963,0.16683,0.41789,0,0.495,0.12663,0.30455
50.429,-64.875,30.553,0.7754,-0.47824,0.0058082,0.00010476,3.9572,-10.906,-4.581,0.057039,0.29544,0,0.495,0.12663,0.30798
33.081,-49.174,30.56,0.67019,-0.75702,0.005618,0.0001252,1.915,-11.273,-1.4992,0.49087,-0.47655,0,0.495,0.15861,0.30429
50.244,-61.795,30.55,0.74631,-0.7246,0.0056477,0.00010638,2.2553,-11.234,-4.9153,0.26958,0.20848,0,0.495,0.14253,0.30464
33.545,-51.207,30.561,0.65746,-0.71662,0.0056129,0.00012324,1.8567,-11.248,-1.2775,0.21062,-0.32622,0,0.495,0.15861,0.30798
27.22,-35.494,30.576,0.60167,-0.77027,0.0056014,0.00013812,1.7383,-11.138,-2.8325,0.48152,-0.47282,0,0.495,0.17464,0.30467
35.306,-41.893,30.567,0.49911,-0.82354,0.005557,0.00012618,1.2906,-10.938,-3.254,-0.1633,0.42169,0,0.495,0.19055,0.30469
32.537,-42.667,30.565,0.49222,-0.79739,0.0055533,0.00012796,1.2464,-10.981,-2.2783,-0.22944,0.27478,0,0.495,0.19055,0.30798
34.363,-42.996,30.546,0.39658,-0.93409,0.005512,0.00012822,0.83241,-10.844,-1.3529,0.22695,0.4575,0,0.495,0.20643,0.30472
24.058,-37.498,30.548,0.33681,-0.91989,0.0055067,0.0001392,0.77242,-10.69,0.03023,0.35661,-0.5022,0,0.495,0.22229,0.30475
23.408,-37.173,30.55,0.33664,-0.88446,0.0055054,0.00014122,0.75488,-10.707,-0.007035,0.096196,-0.32682,0,0.495,0.22229,0.30798
22.583,-28.666,30.544,0.19236,-0.86298,0.0054948,0.0001544,0.64772,-9.9705,-0.17363,-0.49555,0.52914,0,0.495,0.25409,0.30471
24.784,-33.157,30.56,0.28191,-0.8909,0.0055041,0.00014546,0.74599,-10.298,-0.4771,-0.00068122,-0.52032,0,0.495,0.23817,0.30476
20.64,-28.405,30.542,0.19508,-0.84271,0.0054937,0.00015777,0.63268,-10.067,-0.082183,-0.45568,0.37053,0,0.495,0.25408,0.30798
15.242,-22.48,30.518,0.098973,-0.89055,0.0054856,0.00017661,0.5501,-9.7505,0.80365,0.0012369,0.53647,0,0.495,0.27001,0.30468
12.317,-21.483,30.518,0.067636,-0.86555,0.0054849,0.000183,0.53951,-9.6275,0.64327,0.13182,-0.40316,0,0.495,0.2861,0.30479
12.51,-21.618,30.52,0.072607,-0.8384,0.0054843,0.00018394,0.53097,-9.6848,0.49436,-0.04455,-0.23155,0,0.495,0.28606,0.30798
13.206,-16.385,30.512,-0.024604,-0.76964,0.0054812,0.00020151,0.49606,-9.0149,1.2506,-0.45963,0.56329,0,0.495,0.31805,0.30471
12.027,-16.58,30.511,-0.018276,-0.75583,0.0054806,0.00020435,0.48817,-9.1268,0.86812,-0.41688,0.39846,0,0.495,0.31805,0.30798
15.658,-21.005,30.527,0.037711,-0.82674,0.0054846,0.00018062,0.53726,-9.2553,0.65239,-0.22853,-0.33008,0,0.495,0.3021,0.30473
7.3273,-11.052,30.488,-0.093079,-0.75503,0.0054778,0.00024491,0.45541,-8.8268,1.5032,0.027203,0.42892,0,0.495,0.33395,0.30472
6.1197,-11.648,30.492,-0.10864,-0.73146,0.0054777,0.00024863,0.45165,-8.7512,0.63504,0.026936,-0.38741,0,0.495,0.34982,0.30474
6.6531,-12.206,30.494,-0.10144,-0.71247,0.0054773,0.00024441,0.44627,-8.8222,0.48263,-0.087164,-0.23047,0,0.495,0.34982,0.30798
7.979,-11.244,30.501,-0.12227,-0.6982,0.0054776,0.00023951,0.45135,-8.4991,1.2488,-0.28521,-0.27703,0,0.495,0.3657,0.30476
7.2036,-8.8451,30.49,-0.15825,-0.63269,0.0054751,0.00026186,0.4222,-8.3676,1.9367,-0.36434,0.4372,0,0.495,0.3816,0.30476
6.8284,-9.5588,30.49,-0.15051,-0.6232,0.0054748,0.0002613,0.41754,-8.4584,1.2813,-0.33755,0.31172,0,0.495,0.3816,0.30798
4.2605,-5.9582,30.473,-0.20202,-0.59426,0.0054727,0.00032259,0.39323,-8.2371,1.6879,0.00051756,0.30474,0,0.495,0.39748,0.30478
3.47,-6.4907,30.477,-0.21112,-0.56983,0.0054726,0.00033943,0.39072,-8.1988,0.51507,-0.094035,-0.23913,0,0.495,0.41335,0.30479
4.0639,-7.3124,30.478,-0.20272,-0.55902,0.0054724,0.0003215,0.38773,-8.2637,0.3472,-0.15034,-0.11344,0,0.495,0.41335,0.30798
3.2897,-5.7186,30.484,-0.21849,-0.5447,0.0054726,0.00032658,0.39034,-8.0622,1.43,-0.30258,-0.043,0,0.495,0.42922,0.3048
3.1773,-5.3879,30.479,-0.22046,-0.51773,0.0054717,0.00032751,0.38098,-8.0328,1.7033,-0.32358,0.14133,0,0.495,0.43568,0.3048
3.47,-6.4907,30.477,-0.21112,0.56983,0.0054726,0.00033943,0.39072,-8.1988,0.51507,-0.094035,0.23913,0,0.495,0.41335,-0.30479
4.9711,-8.2659,30.48,-0.17413,0.53036,0.0054715,0.00029766,0.37628,-8.3694,-0.028021,-0.19672,-0.10771,0,0.495,0.41335,-0.32075
3.2897,-5.7186,30.484,-0.21849,0.5447,0.0054726,0.00032658,0.39034,-8.0622,1.43,-0.30258,0.043,0,0.495,0.42922,-0.3048
3.0729,-5.0809,30.475,-0.22228,0.49268,0.005471,0.00032836,0.37229,-8.0054,1.9573,-0.34312,-0.31262,0,0.495,0.44168,-0.30481
4.7475,-7.9068,30.479,-0.17621,0.51787,0.0054712,0.00030617,0.37263,-8.3304,-0.017703,-0.19792,-0.11185,0,0.495,0.41881,-0.32076
290.68,-230.18,30.357,0.32096,-0.80716,0.0066281,4.8771e-05,39.776,-6.5141,30.18,1.2244,13.163,0,0.495,0.01538,-0.29636
357.6,-231.67,30.318,0.27009,-0.7243,0.0066113,3.0244e-05,53.061,-6.7351,54.732,2.9022,23.291,0,0.495,0,-0.29634
213.72,-247.4,30.423,0.5385,-0.76656,0.006661,6.5158e-05,20.742,-6.8712,4.3625,0.089417,1.0767,0,0.495,0.031281,-0.29638
271.16,-280.94,30.377,0.31911,-0.725,0.0065252,5.3057e-05,35.407,-7.0935,21.949,0.24231,13.642,0,0.495,0.015379,-0.30436
173.1,-198.89,30.428,0.49111,-0.67162,0.0065568,6.9255e-05,19.559,-7.4203,2.9154,-0.63627,3.5206,0,0.495,0.031291,-0.30438
332.06,-344.16,30.363,0.3092,-0.63567,0.0065047,3.9703e-05,41.216,-7.3826,34.172,1.6421,20.102,0,0.495,0,-0.30434
173.66,-200.8,30.492,0.94403,0.11614,0.0060717,8.096e-05,7.2607,-9.5231,-3.726,0.32942,0.97296,0,0.495,0.079047,-0.29647
300.98,-343.91,30.447,0.86924,-0.23689,0.0064322,5.4334e-05,11.522,-8.5908,-9.1672,1.2693,-0.11758,0,0.495,0.063185,-0.29645
76.458,-92.762,30.526,0.90879,0.24328,0.0059944,0.00010849,6.1974,-10.158,4.2109,0.60889,0.44962,0,0.495,0.094906,-0.2965
68.4,-82.209,30.502,0.91855,0.10539,0.0060577,0.00010357,6.8978,-9.6707,-9.1523,0.044656,0.94163,0,0.495,0.079044,-0.30447
44.577,-58.659,30.532,0.88369,0.21146,0.0059945,0.00012812,6.0856,-10.171,-3.5712,0.15937,0.42658,0,0.495,0.094903,-0.30449
161.53,-186.52,30.467,0.79834,-0.21069,0.0063688,7.053e-05,10.756,-8.8541,-8.7872,0.43502,0.2835,0,0.495,0.06318,-0.30445
77.207,-101.83,30.543,0.76186,0.76287,0.0056511,9.1263e-05,2.3371,-11.301,-2.7386,0.37159,-0.43521,0,0.495,0.14253,-0.29664
110.37,-135.69,30.547,0.82744,0.53686,0.005831,8.1854e-05,4.3515,-10.975,-5.374,0.46439,-0.7969,0,0.495,0.12663,-0.29655
35.281,-52.107,30.548,0.66934,0.81898,0.0056164,0.00011913,1.9215,-11.382,2.394,0.98287,0.7351,0,0.495,0.15861,-0.2963
50.244,-61.795,30.55,0.74631,0.7246,0.0056477,0.00010638,2.2553,-11.234,-4.9153,0.26958,-0.20848,0,0.495,0.14253,-0.30464
33.081,-49.174,30.56,0.67019,0.75702,0.005618,0.0001252,1.915,-11.273,-1.4992,0.49087,0.47655,0,0.495,0.15861,-0.30429
51.666,-62.344,30.552,0.80239,0.50173,0.0058214,0.00010251,4.1142,-10.887,-6.5963,0.16683,-0.41789,0,0.495,0.12663,-0.30455
37.926,-52.937,30.539,0.40605,0.97535,0.0055129,0.00011789,0.85312,-10.869,-1.1989,0.49383,-0.7112,0,0.495,0.20642,-0.29673
44.984,-59.684,30.566,0.49845,0.87245,0.0055594,0.00011135,1.3415,-10.971,-2.9684,0.053652,-0.73136,0,0.495,0.19055,-0.2967
22.61,-36.34,30.535,0.32592,0.97485,0.0055069,0.00014103,0.78077,-10.684,1.4219,0.89478,0.92709,0,0.495,0.22229,-0.29676
34.363,-42.996,30.546,0.39658,0.93409,0.005512,0.00012822,0.83241,-10.844,-1.3529,0.22695,-0.4575,0,0.495,0.20643,-0.30472
24.058,-37.498,30.548,0.33681,0.91989,0.0055067,0.0001392,0.77242,-10.69,0.03023,0.35661,0.5022,0,0.495,0.22229,-0.30475
35.306,-41.893,30.567,0.49911,0.82354,0.005557,0.00012618,1.2906,-10.938,-3.254,-0.1633,-0.42169,0,0.495,0.19055,-0.30469
18.399,-28.398,30.512,0.1058,0.92244,0.0054858,0.00016094,0.55912,-9.7042,-0.085504,0.4689,-0.7777,0,0.495,0.27016,-0.29682
24.54,-34.204,30.544,0.18657,0.90224,0.0054954,0.00014246,0.66398,-9.88,-0.18768,-0.27103,-0.82521,0,0.495,0.2542,-0.29686
12.741,-22.514,30.507,0.056718,0.90395,0.0054851,0.00017915,0.54669,-9.52,0.35053,0.72591,0.81483,0,0.495,0.28614,-0.29676
15.242,-22.48,30.518,0.098973,0.89055,0.0054856,0.00017661,0.5501,-9.7505,0.80365,0.0012369,-0.53647,0,0.495,0.27001,-0.30468
12.317,-21.483,30.518,0.067636,0.86555,0.0054849,0.000183,0.53951,-9.6275,0.64327,0.13182,0.40316,0,0.495,0.2861,-0.30479
22.583,-28.666,30.544,0.19236,0.86298,0.0054948,0.0001544,0.64772,-9.9705,-0.17363,-0.49555,-0.52914,0,0.495,0.25409,-0.30471
11.088,-17.374,30.482,-0.088228,0.77784,0.0054779,0.00021045,0.46234,-8.7426,0.12163,0.51997,-0.58935,0,0.495,0.33395,-0.29674
15.667,-21.464,30.511,-0.028484,0.79695,0.0054814,0.00018049,0.50532,-8.866,0.93306,-0.13217,-0.87378,0,0.495,0.31806,-0.29673
7.4409,-14.025,30.483,-0.11758,0.75748,0.0054778,0.00022852,0.45782,-8.6233,-0.58654,0.51736,0.77213,0,0.495,0.34982,-0.29676
7.3273,-11.052,30.488,-0.093079,0.75503,0.0054778,0.00024491,0.45541,-8.8268,1.5032,0.027203,-0.42892,0,0.495,0.33395,-0.30472
6.1197,-11.648,30.492,-0.10864,0.73146,0.0054777,0.00024863,0.45165,-8.7512,0.63504,0.026936,0.38741,0,0.495,0.34982,-0.30474
13.206,-16.385,30.512,-0.024604,0.76964,0.0054812,0.00020151,0.49606,-9.0149,1.2506,-0.45963,-0.56329,0,0.495,0.31805,-0.30471
7.7444,-11.834,30.468,-0.20084,0.61079,0.0054727,0.00026523,0.39831,-8.164,0.39453,0.40419,-0.37006,0,0.495,0.39748,-0.2968
10.202,-13.932,30.488,-0.16008,0.65259,0.0054752,0.00022702,0.4284,-8.2325,1.6218,-0.030208,-0.68711,0,0.495,0.3816,-0.29678
4.8359,-9.0016,30.472,-0.219,0.58599,0.0054726,0.00029827,0.39494,-8.087,-0.94828,0.22467,0.55791,0,0.495,0.41335,-0.29681
4.2605,-5.9582,30.473,-0.20202,0.59426,0.0054727,0.00032259,0.39323,-8.2371,1.6879,0.00051756,-0.30474,0,0.495,0.39748,-0.30478
7.2036,-8.8451,30.49,-0.15825,0.63269,0.0054751,0.00026186,0.4222,-8.3676,1.9367,-0.36434,-0.4372,0,0.495,0.3816,-0.30476
277.74,-329.1,30.437,0.74059,-0.59238,0.0067051,5.745e-05,14.984,-7.687,-2.3524,1.3917,-1.1548,0,0.495,0.047291,-0.29643
195.67,-242,30.446,0.66796,-0.54955,0.0066285,6.5929e-05,14.259,-7.9337,-4.8284,0.017308,-0.45736,0,0.495,0.047283,-0.30442
84.373,-106.63,30.546,0.87726,0.33521,0.0059823,0.00010031,6.0138,-10.658,0.74963,0.95463,-0.23306,0,0.495,0.11077,-0.29652
36.711,-46.325,30.551,0.85874,0.31199,0.0059737,0.00012641,5.7785,-10.554,-5.4231,0.5321,-0.13659,0,0.495,0.11076,-0.30451
31.532,-46.797,30.57,0.59035,0.81101,0.0056031,0.00012483,1.7823,-11.232,0.56105,0.64562,0.719,0,0.495,0.17465,-0.29668
27.22,-35.494,30.576,0.60167,0.77027,0.0056014,0.00013812,1.7383,-11.138,-2.8325,0.48152,0.47282,0,0.495,0.17464,-0.30467
21.684,-32.95,30.554,0.26203,0.92572,0.0055047,0.00014525,0.75901,-10.28,0.9905,0.11642,0.88662,0,0.495,0.23818,-0.29676
24.784,-33.157,30.56,0.28191,0.8909,0.0055041,0.00014546,0.74599,-10.298,-0.4771,-0.00068122,0.52032,0,0.495,0.23817,-0.30476
14.738,-22.032,30.523,0.020309,0.84993,0.0054849,0.00017665,0.54399,-9.1678,0.67461,0.0026483,0.62351,0,0.495,0.30212,-0.29673
15.658,-21.005,30.527,0.037711,0.82674,0.0054846,0.00018062,0.53726,-9.2553,0.65239,-0.22853,0.33008,0,0.495,0.3021,-0.30473
9.0898,-13.91,30.498,-0.13383,0.7134,0.0054777,0.00022008,0.45635,-8.4004,0.44994,-0.056245,0.4712,0,0.495,0.3657,-0.29677
7.979,-11.244,30.501,-0.12227,0.6982,0.0054776,0.00023951,0.45135,-8.4991,1.2488,-0.28521,0.27703,0,0.495,0.3657,-0.30476
6.6,-10.108,30.474,-0.22814,0.50138,0.0054709,0.00026919,0.37626,-7.9165,1.6355,-0.19248,-0.39024,0,0.495,0.44184,-0.29683
5.834,-9.5833,30.481,-0.22616,0.5538,0.0054726,0.00027745,0.39423,-7.9808,0.3619,-0.1689,0.16686,0,0.495,0.42922,-0.29682
144.64,-139.08,30.459,0.40968,-0.45969,0.0063563,7.6232e-05,18.097,-8.2913,7.2764,0.68285,7.3881,0,0.495,0.031349,-0.32172
169.8,-152.87,30.436,0.34547,-0.5093,0.0063172,6.1177e-05,23.343,-8.1578,16.002,0.86214,14.421,0,0.495,0,-0.32035
150.88,-145.51,30.456,0.41618,-0.4691,0.00637,7.4561e-05,18.149,-8.2371,7.4384,0.75095,7.3439,0,0.495,0.031346,-0.32039
96.38,-113.83,30.501,0.62858,-0.15342,0.0061866,9.2584e-05,9.323,-9.2171,-1.5959,0.25095,0.26252,0,0.495,0.063164,-0.32172
100.24,-117.79,30.5,0.6384,-0.15722,0.0061979,9.0656e-05,9.406,-9.1902,-1.5523,0.29743,0.2754,0,0.495,0.063164,-0.32044
61.786,-83.882,30.536,0.76445,0.16943,0.0059458,0.00010213,5.4696,-10.257,-1.2859,-0.039588,0.042759,0,0.495,0.094899,-0.32048
59.958,-81.585,30.537,0.75472,0.16825,0.0059391,0.0001041,5.3955,-10.26,-1.2884,-0.058546,0.035954,0,0.495,0.094898,-0.32172
43.627,-62.183,30.551,0.68451,0.4143,0.0057603,0.00011598,3.4025,-10.846,-0.73855,-0.11924,-0.11309,0,0.495,0.12665,-0.32172
44.853,-64,30.551,0.69146,0.41832,0.0057641,0.00011379,3.4458,-10.857,-0.69424,-0.11378,-0.11241,0,0.495,0.12665,-0.32058
31.77,-50.504,30.56,0.61206,0.62464,0.0055944,0.00012484,1.6443,-11.124,-0.67552,-0.26525,0.01092,0,0.495,0.15861,-0.32028
30.783,-48.81,30.559,0.60584,0.61763,0.0055919,0.00012753,1.6149,-11.105,-0.68508,-0.2618,0.0075516,0,0.495,0.15861,-0.32172
24.98,-39.189,30.557,0.46125,0.71599,0.0055397,0.00014096,1.0843,-10.971,-0.30239,-0.28222,0.0015125,0,0.495,0.19052,-0.32172
25.476,-40.137,30.557,0.46382,0.72165,0.0055407,0.00013892,1.0959,-10.985,-0.2925,-0.28727,0.0016348,0,0.495,0.19052,-0.32068
19.947,-32.715,30.55,0.32892,0.79079,0.0055,0.00015392,0.68765,-10.674,-0.067277,-0.32146,-0.01055,0,0.495,0.22229,-0.32072
19.56,-31.978,30.55,0.32791,0.78546,0.0054995,0.00015594,0.68199,-10.664,-0.072804,-0.31628,-0.0092637,0,0.495,0.22229,-0.32172
15.28,-24.716,30.537,0.19941,0.77652,0.0054896,0.0001759,0.57824,-10.196,0.10618,-0.27535,-0.052212,0,0.495,0.25406,-0.32172
15.514,-25.224,30.537,0.19929,0.78136,0.0054898,0.0001739,0.58195,-10.203,0.10498,-0.27981,-0.052938,0,0.495,0.25406,-0.32072
11.773,-19.684,30.523,0.085537,0.76658,0.005482,0.00019627,0.4998,-9.7514,0.15536,-0.28194,-0.083823,0,0.495,0.28596,-0.32066
11.581,-19.276,30.523,0.086448,0.76209,0.0054818,0.00019856,0.49718,-9.7486,0.15709,-0.2767,-0.08331,0,0.495,0.28596,-0.32172
9.0948,-15.137,30.51,0.0016919,0.70954,0.0054786,0.0002225,0.45996,-9.3095,0.13067,-0.24613,-0.073666,0,0.495,0.31801,-0.32172
9.23,-15.418,30.51,0.00030564,0.71315,0.0054788,0.00022027,0.46191,-9.3093,0.1198,-0.24885,-0.073854,0,0.495,0.31802,-0.32071
7.1857,-12.16,30.497,-0.078508,0.66326,0.0054759,0.000247,0.42723,-8.9338,0.10939,-0.22686,-0.053453,0,0.495,0.34982,-0.32071
7.0848,-11.95,30.497,-0.076715,0.66026,0.0054757,0.00024941,0.4257,-8.9357,0.11774,-0.22512,-0.05368,0,0.495,0.34982,-0.32172
5.8636,-9.8157,30.489,-0.12324,0.59208,0.0054736,0.00027462,0.40016,-8.6178,0.056018,-0.22373,-0.060159,0,0.495,0.3816,-0.32172
5.9636,-9.9955,30.489,-0.12514,0.59448,0.0054737,0.00027179,0.40139,-8.6152,0.0343,-0.22422,-0.060405,0,0.495,0.3816,-0.32073
4.8899,-8.1211,30.48,-0.17204,0.52858,0.0054714,0.00030082,0.37532,-8.3719,-0.0091294,-0.19597,-0.1068,0,0.495,0.41335,-0.32172
305.28,-340.11,29.578,-1.8104,1.548,0.0086482,0.00023441,37.234,5.7532,0.73167,1.1073,4.7478,0,0.495,0.30221,-0.076049
371.31,-409.7,29.512,-1.8625,1.6755,0.0098495,0.00021719,45.547,6.2004,0.072931,1.2871,5.0311,0,0.495,0.29426,-0.076093
340.83,-375.64,29.554,-1.8699,1.5132,0.009819,0.00022036,44.825,6.2824,0.32839,0.95126,4.7906,0,0.495,0.30221,-0.072058
409.04,-448.59,29.484,-1.9317,1.6428,0.011732,0.00021278,55.138,6.779,-0.30528,1.266,5.2786,0,0.495,0.29426,-0.072119
337.2,-374.35,29.539,-1.7961,1.7024,0.0086818,0.00023026,37.967,5.6249,0.45566,1.2182,4.9052,0,0.495,0.29427,-0.080048
272.04,-306.86,29.603,-1.7536,1.5774,0.0078954,0.00025542,31.251,5.2251,1.0378,1.1597,4.7708,0,0.495,0.30222,-0.080032
376.35,-411.67,29.531,-1.9318,1.4733,0.011615,0.00021434,54.252,6.8094,-0.025553,0.91023,4.8214,0,0.495,0.30222,-0.068061
329.96,-359.71,29.597,-1.8554,1.3543,0.009484,0.00022609,42.31,6.2131,1.3676,1.0012,3.4714,0,0.495,0.31016,-0.068059
300.04,-329.92,29.619,-1.8026,1.3952,0.0084362,0.00024238,35.216,5.7395,1.8084,0.946,3.7251,0,0.495,0.31016,-0.07205
449.21,-490.99,29.457,-2.0032,1.6043,0.014739,0.00021846,67.116,7.359,-0.65376,1.3284,5.6102,0,0.495,0.29426,-0.068125
269.62,-299.4,29.641,-1.7519,1.4317,0.0077339,0.00026556,29.513,5.2616,2.3294,1.0729,3.8852,0,0.495,0.31016,-0.076041
240.75,-270.56,29.664,-1.704,1.4635,0.0072595,0.0002947,24.978,4.7817,2.7242,1.1444,4.0475,0,0.495,0.31016,-0.080029
493.66,-530.02,29.455,-1.7208,2.2037,0.0088069,0.00022795,38.793,4.9728,-0.93577,4.161,4.0373,0,0.495,0.27029,-0.08801
538.46,-577.42,29.41,-1.8077,2.1948,0.010044,0.00021613,46.559,5.6895,-1.1266,3.9559,4.4496,0,0.495,0.27028,-0.084023
447.1,-476.77,29.496,-1.7072,2.0396,0.0083055,0.00023736,35.17,4.9058,0.58181,3.0384,3.1403,0,0.495,0.27836,-0.088021
478.65,-512.23,29.458,-1.7864,2.0259,0.0092232,0.00022058,41.968,5.5685,0.18901,2.7853,3.6393,0,0.495,0.27835,-0.084057
394.85,-428.62,29.508,-1.7597,1.8664,0.0085413,0.00023106,37.176,5.3436,0.70145,1.8761,4.153,0,0.495,0.28633,-0.084028
372.94,-404.32,29.54,-1.6883,1.8819,0.0078654,0.00025236,31.372,4.7286,1.0489,2.1032,3.819,0,0.495,0.28633,-0.088009
452.89,-487.79,29.501,-1.6378,2.2086,0.0080461,0.00024741,32.685,4.2764,-0.71291,4.5157,3.6333,0,0.495,0.27029,-0.092001
473.36,-524.37,29.453,-1.6302,2.3628,0.0084675,0.00023713,35.866,4.148,-2.5911,5.0467,6.3239,0,0.495,0.26231,-0.092031
524.89,-575.79,29.402,-1.7196,2.3657,0.0094438,0.00022194,42.679,4.8907,-2.8361,4.8157,6.5091,0,0.495,0.26231,-0.088045
579.86,-632.84,29.351,-1.8134,2.3648,0.011068,0.00021543,51.393,5.6558,-2.9728,4.7005,6.7216,0,0.495,0.2623,-0.084073
420.24,-447.03,29.535,-1.631,2.0493,0.0077067,0.00026057,29.744,4.2589,0.99285,3.5083,2.6179,0,0.495,0.27837,-0.091998
356.05,-385.55,29.573,-1.6188,1.8931,0.0073924,0.0002792,26.659,4.1267,1.4412,2.577,3.4453,0,0.495,0.28634,-0.091995
223.04,-258.35,29.653,-1.6454,1.6211,0.0070334,0.00031472,22.622,4.1783,0.88056,1.4792,4.8334,0,0.495,0.30222,-0.088
290.3,-325.85,29.594,-1.6691,1.7407,0.0074444,0.0002765,27.16,4.4854,0.75678,1.5125,4.6986,0,0.495,0.29428,-0.088007
244.78,-279.84,29.628,-1.699,1.6017,0.0073947,0.00028239,26.496,4.6998,1.0632,1.3027,4.7945,0,0.495,0.30222,-0.084017
310.17,-346.43,29.566,-1.7319,1.724,0.0079416,0.00025044,31.973,5.0523,0.67515,1.3107,4.7969,0,0.495,0.29428,-0.084021
195.28,-225.85,29.711,-1.6131,1.5144,0.0066611,0.00036968,18.275,3.8246,2.6126,1.3861,4.3001,0,0.495,0.31016,-0.088001
176.02,-207.15,29.735,-1.5686,1.5335,0.0064557,0.00039093,15.745,3.3468,2.283,1.5961,4.4054,0,0.495,0.31016,-0.092001
204.57,-239.89,29.679,-1.5924,1.6358,0.0067553,0.00035215,19.421,3.6613,0.65877,1.8113,4.8226,0,0.495,0.30222,-0.09199
159.74,-191.21,29.761,-1.5243,1.5489,0.0062913,0.00037385,13.638,2.865,1.7416,1.879,4.4557,0,0.495,0.31015,-0.096066
184.86,-204.99,29.786,-1.5324,1.425,0.0062206,0.00034817,12.793,3.0013,5.412,1.6536,3.1871,0,0.495,0.3181,-0.092013
198.31,-217.49,29.761,-1.5704,1.402,0.0063701,0.00038899,14.74,3.4417,5.5561,1.5168,3.0114,0,0.495,0.3181,-0.088001
189.73,-224.58,29.707,-1.5402,1.6459,0.0065362,0.00038568,16.778,3.1468,0.38626,2.218,4.7531,0,0.495,0.30221,-0.095995
216.22,-246.29,29.687,-1.658,1.4911,0.0069204,0.00032937,21.309,4.3026,2.8059,1.2758,4.1706,0,0.495,0.31016,-0.084017
212.22,-230.72,29.738,-1.6083,1.376,0.006553,0.00038437,17.025,3.879,5.5298,1.4213,2.8398,0,0.495,0.3181,-0.08401
275.22,-309.99,29.622,-1.6073,1.7526,0.0070762,0.00030763,23.207,3.9273,0.8578,1.9301,4.5499,0,0.495,0.29428,-0.091995
262.93,-296.45,29.653,-1.5469,1.7603,0.0067909,0.00034339,19.946,3.3767,1.1003,2.3899,4.3727,0,0.495,0.29427,-0.095981
84.352,-98.201,29.877,-1.3732,0.72634,0.0057107,0.00012221,4.8709,1.4677,3.895,3.4019,2.7761,0,0.495,0.36573,-0.076036
91.694,-103.07,29.835,-1.422,0.78772,0.0057858,0.00016309,6.1985,1.98,4.6143,3.331,2.1235,0,0.495,0.35779,-0.076035
90.598,-106.33,29.856,-1.3883,0.69842,0.0057372,0.00013431,5.3612,1.7067,3.6113,3.2311,2.8495,0,0.495,0.36573,-0.072045
100.32,-112.77,29.812,-1.4396,0.76154,0.0058245,0.00018531,6.8476,2.2439,4.3443,3.3026,2.1302,0,0.495,0.35779,-0.072047
82.476,-93.824,29.858,-1.4058,0.81183,0.0057526,0.00014624,5.6163,1.7111,4.645,3.19,2.2134,0,0.495,0.35779,-0.080026
76.631,-89.259,29.9,-1.3605,0.75301,0.0056869,0.00011404,4.4122,1.2232,3.9331,3.447,2.7892,0,0.495,0.36573,-0.080026
94.044,-111.02,29.834,-1.4053,0.6698,0.0057656,0.00014997,5.8534,1.9396,3.6192,3.3427,2.9018,0,0.495,0.36573,-0.068056
95.986,-111.05,29.88,-1.3475,0.61049,0.0056997,0.0001122,4.7094,1.4042,4.0105,3.288,2.6425,0,0.495,0.37367,-0.068056
97.144,-111.5,29.9,-1.3308,0.64034,0.0056807,0.00010309,4.3679,1.1933,3.9081,3.0587,2.6265,0,0.495,0.37366,-0.072047
106.64,-120.56,29.789,-1.4586,0.7337,0.0058677,0.00021265,7.5317,2.5012,4.1548,3.4472,2.1934,0,0.495,0.35779,-0.068064
94.688,-106.33,29.921,-1.3162,0.67065,0.005662,9.6549e-05,4.0042,0.97635,4.4461,3.2278,2.5298,0,0.495,0.37367,-0.076038
90.237,-98.956,29.943,-1.3049,0.70073,0.0056441,9.2631e-05,3.6442,0.75385,4.9253,3.3999,2.4669,0,0.495,0.37367,-0.080029
170.56,-172.85,29.825,-1.4782,1.1479,0.0059989,0.00025008,9.7507,2.5561,7.761,2.1447,0.25856,0,0.495,0.33398,-0.088005
172.79,-175.02,29.803,-1.5083,1.1254,0.0060801,0.00030815,10.886,2.9197,7.5481,2.1648,0.23386,0,0.495,0.33398,-0.084012
136.33,-140.23,29.844,-1.4393,1.0316,0.0058711,0.00018949,7.7465,2.0866,6.8217,1.969,0.11011,0,0.495,0.34192,-0.088006
137.17,-139.92,29.823,-1.4656,1.0115,0.0059224,0.00022529,8.5244,2.4176,6.9762,2.2157,0.12121,0,0.495,0.34192,-0.084014
101.88,-109.22,29.847,-1.427,0.9122,0.0058079,0.00017017,6.6278,1.9151,5.8197,2.5894,1.098,0,0.495,0.34985,-0.084015
101.05,-110.6,29.868,-1.4044,0.93105,0.0057751,0.00014874,6.0889,1.6122,5.2062,2.1933,1.142,0,0.495,0.34986,-0.088009
169.3,-170.84,29.848,-1.4471,1.1687,0.0059301,0.00020387,8.7402,2.1902,8.0382,2.1959,0.20393,0,0.495,0.33398,-0.092019
189.85,-197.71,29.824,-1.4887,1.2991,0.0060555,0.0002626,10.601,2.6071,7.8415,2.1085,1.5465,0,0.495,0.32604,-0.092016
195.82,-203.89,29.8,-1.5226,1.2758,0.00616,0.00033232,12.038,3.0092,7.6113,1.9682,1.4339,0,0.495,0.32604,-0.088003
201.53,-209.54,29.777,-1.5561,1.2505,0.0062848,0.00038609,13.675,3.4083,7.3548,1.8416,1.2926,0,0.495,0.32604,-0.084011
138.04,-142.18,29.865,-1.4106,1.0501,0.0058272,0.00016001,7.0554,1.7516,6.6942,1.837,0.024843,0,0.495,0.34192,-0.092022
103.43,-114.17,29.887,-1.378,0.94822,0.0057469,0.00013067,5.6159,1.3028,4.5791,1.9011,1.1478,0,0.495,0.34986,-0.092043
61.129,-76.638,29.943,-1.3346,0.80076,0.0056501,0.00010795,3.6912,0.71754,1.8011,2.4492,2.8747,0,0.495,0.36573,-0.088033
71.93,-87.156,29.901,-1.371,0.85291,0.005703,0.0001234,4.7287,1.1596,2.9789,2.3187,2.4,0,0.495,0.35779,-0.08803
68.113,-81.664,29.923,-1.3487,0.77806,0.0056666,0.00010976,4.0148,0.97361,3.2757,3.1218,2.8569,0,0.495,0.36573,-0.084019
74.766,-87.806,29.881,-1.3897,0.8336,0.0057253,0.0001338,5.1264,1.4381,4.1158,2.8347,2.3456,0,0.495,0.35779,-0.084018
73.769,-83.581,29.985,-1.287,0.75836,0.005615,9.4315e-05,3.0443,0.29199,3.7081,2.275,2.462,0,0.495,0.37367,-0.08803
64.15,-76.997,30.001,-1.2729,0.78388,0.0056038,9.821e-05,2.816,0.047447,1.9683,1.3503,2.5068,0,0.495,0.37368,-0.092136
55.049,-71.912,29.961,-1.3146,0.82107,0.0056362,0.00010786,3.421,0.45088,0.046267,1.8142,2.8605,0,0.495,0.36573,-0.092162
56.023,-69.903,30.015,-1.2535,0.80629,0.0055938,0.00010283,2.6086,-0.20379,0.42645,0.7521,2.4258,0,0.495,0.37369,-0.096397
84.692,-86.732,30.034,-1.2186,0.72542,0.0055844,8.6946e-05,2.4967,-0.33862,6.6689,1.2601,1.5955,0,0.495,0.38163,-0.092077
91.366,-89.32,30.018,-1.2272,0.69674,0.0055933,8.4714e-05,2.6758,-0.1182,7.6704,2.2291,1.366,0,0.495,0.38161,-0.088022
50.37,-66.386,29.977,-1.2895,0.83879,0.0056236,0.00010912,3.1723,0.17852,-1.1797,1.5356,2.6908,0,0.495,0.36573,-0.096466
82.862,-90.88,29.965,-1.2961,0.73048,0.0056282,9.2021e-05,3.3177,0.5261,4.7971,3.1103,2.4528,0,0.495,0.37367,-0.084021
98.239,-96.195,29.998,-1.2325,0.66637,0.0056039,8.2958e-05,2.8928,0.094042,7.6859,2.9427,1.2984,0,0.495,0.3816,-0.084021
71.858,-88.28,29.92,-1.347,0.87026,0.0056841,0.00011475,4.3897,0.87207,1.7579,1.8975,2.4282,0,0.495,0.35779,-0.092147
71.816,-87.876,29.938,-1.3187,0.88603,0.0056668,0.00010828,4.0694,0.57764,1.1464,1.7217,2.3491,0,0.495,0.35779,-0.096429
81.801,-73.095,30.041,-1.1651,0.60901,0.0055766,9.0179e-05,2.333,-0.53358,8.8711,2.9394,0.27406,0,0.495,0.38955,-0.088016
55.719,-49.503,30.057,-1.1083,0.53516,0.0055621,0.0001092,1.9911,-0.98013,6.5763,3.605,0.034505,0,0.495,0.39752,-0.08803
79.121,-72.535,30.06,-1.1605,0.63551,0.0055697,9.0632e-05,2.2018,-0.73037,8.7628,2.3122,0.56943,0,0.495,0.38955,-0.092017
57.921,-49.904,30.074,-1.1151,0.56756,0.0055586,0.0001064,1.9383,-1.0658,7.5231,3.5116,0.22936,0,0.495,0.39751,-0.092026
86.007,-80.411,30.021,-1.1686,0.58153,0.0055848,8.8966e-05,2.4958,-0.3422,7.8247,3.1027,0.1619,0,0.495,0.38954,-0.084023
61.553,-58.532,30.034,-1.1209,0.52068,0.0055711,0.00010394,2.1748,-0.70947,5.7542,3.5159,0.034778,0,0.495,0.39751,-0.084035
-25067,21504,4.519,-0.85901,-2.035,24.524,0.032005,766.37,-73.058,-361.52,-62.43,50.346,0,0.495,0.047292,-0.10795
-9474.6,18087,4.3988,-0.7778,-4.3117,24.05,0.030737,752.51,-71.424,-354.8,-57.202,2.122,0,0.495,0.039367,-0.10796
-24297,20262,4.7525,-1.1695,-2.1613,24.542,0.031991,767.27,-71.882,-354.16,-67.499,48.716,0,0.495,0.047313,-0.10387
-8773.2,17073,4.6268,-1.0418,-4.4041,24.012,0.030657,752.28,-70.193,-348.48,-61.022,2.0292,0,0.495,0.039373,-0.10389
-10104,18990,4.193,-0.50431,-4.1971,24.055,0.030756,752.81,-72.262,-360.63,-52.521,2.7743,0,0.495,0.039361,-0.11201
-23771,22597,4.3161,-0.53753,-1.8927,24.472,0.031967,765.59,-73.848,-368,-55.967,52.562,0,0.495,0.04729,-0.11199
-23378,18990,5.0058,-1.4659,-2.2705,24.523,0.031946,767.76,-70.397,-346.1,-71.608,47.936,0,0.495,0.047314,-0.099849
-26314,21295,5.5304,-1.5483,-0.12408,25.082,0.031019,809.15,-70.021,-343.02,-74.317,109.41,0,0.495,0.055244,-0.09986
-27342,22726,5.2847,-1.2124,0.029535,25.043,0.030943,810.01,-71.392,-351.58,-69.248,113.45,0,0.495,0.055246,-0.10388
-8060.8,16013,4.8742,-1.2951,-4.4743,23.94,0.03055,751.79,-68.615,-341.7,-64.345,2.658,0,0.495,0.039395,-0.09985
-28159,24088,5.0644,-0.86011,0.1942,24.967,0.030826,810.74,-72.449,-359.01,-62.538,118.6,0,0.495,0.05523,-0.10797
-26740,25167,4.8827,-0.49646,0.36617,24.86,0.030649,812.11,-73.133,-365.01,-53.739,124.19,0,0.495,0.055235,-0.112
167.31,11000,4.4998,0.012895,-8.5747,21.555,0.024699,852.52,-67.822,-331.7,-34.006,-61.495,0,0.495,0.023489,-0.12008
97.663,6863.1,5.1154,0.01948,-10.832,18.604,0.017714,1097.4,-65.435,-318.98,-33.828,-103.92,0,0.495,0.015563,-0.12007
684.42,10642,4.658,-0.15967,-8.6966,21.6,0.02491,846.41,-67.702,-327.99,-36.552,-61.432,0,0.495,0.023498,-0.11608
638.66,6638.5,5.2638,-0.094927,-10.935,18.695,0.017944,1085.9,-65.213,-315.52,-35.216,-102.17,0,0.495,0.015573,-0.11607
3071.2,15220,4.2193,-0.20326,-6.4064,23.205,0.028174,773.75,-70.582,-349.36,-42.255,-34.16,0,0.495,0.031422,-0.11608
2516.9,15724,4.0606,0.029605,-6.2675,23.17,0.02804,777.41,-70.651,-353.36,-38.145,-32.918,0,0.495,0.031412,-0.12009
-391.78,6985.2,4.9791,0.13762,-10.7,18.492,0.017438,1111.6,-65.251,-322.3,-32.894,-105.05,0,0.495,0.015553,-0.12408
-12488,9.1549,6.0733,0.10443,-13.036,13.146,0.0067668,2475.6,-63.171,691.7,-25.995,-1638,0,0.495,0.0076257,-0.12407
-10260,-905.76,6.1924,0.041686,-13.149,13.253,0.0069168,2470.9,-63.201,699.47,-25.89,-1627,0,0.495,0.0076359,-0.12007
-26822,-5562.5,6.8107,0.083644,-14.232,9.7393,0.00084444,3646.4,-61.663,1703.6,2.2822,-3139.7,0,0.495,0,-0.12407
-22730,-7470,6.9188,0.047421,-14.336,9.8166,0.00085372,3655.9,-61.598,1716,2.6978,-3119.3,0,0.495,0,-0.12006
-338.75,11224,4.3584,0.19077,-8.4248,21.481,0.024408,860.51,-67.538,-335.11,-31.795,-60.806,0,0.495,0.023479,-0.12408
2024.1,16033,3.925,0.26883,-6.1027,23.1,0.027807,782.62,-70.309,-356.67,-34.235,-30.703,0,0.495,0.031402,-0.12409
-7984.8,-1985.1,6.3193,-0.019816,-13.233,13.353,0.0070483,2468.1,-62.824,705.36,-26.34,-1615.2,0,0.495,0.0076462,-0.11606
-18682,-9593.5,7.0329,0.011137,-14.411,9.8958,0.00086386,3665.7,-61.142,1724.6,2.5549,-3098,0,0.495,0,-0.11606
-20818,24154,4.0165,0.13644,-1.5645,24.282,0.031616,768.02,-74.214,-377.2,-40.083,61.221,0,0.495,0.04726,-0.12008
-11102,20364,3.8609,0.069025,-3.9059,23.968,0.03062,755.72,-72.701,-369.81,-41.436,7.3164,0,0.495,0.039334,-0.12009
-21720,23547,4.147,-0.20544,-1.7359,24.391,0.03185,765.79,-74.204,-373.45,-48.638,56.245,0,0.495,0.047277,-0.11603
-10672,19790,4.0127,-0.22191,-4.0621,24.029,0.030736,753.65,-72.671,-365.73,-47.536,4.5695,0,0.495,0.039346,-0.11606
-23260,26347,4.6583,0.25748,0.72627,24.587,0.029993,821.24,-73.358,-371.62,-31.897,138.8,0,0.495,0.055213,-0.12004
-22390,26320,4.6218,0.64187,0.91413,24.422,0.029472,830.42,-72.925,-371.45,-21.047,147.65,0,0.495,0.055198,-0.12409
-20364,24396,3.9277,0.48425,-1.3783,24.143,0.031235,772.92,-73.827,-378.95,-31.776,67.448,0,0.495,0.047249,-0.12411
-18484,25847,4.6332,1.0251,1.1079,24.23,0.02881,843.1,-72.122,-369.13,-10.626,157.48,0,0.495,0.055186,-0.12812
-15696,25703,6.0772,0.79591,3.0254,25.217,0.027009,931.89,-71.426,-339.85,-5.2274,246.66,0,0.495,0.063237,-0.1241
-19381,25914,6.033,0.39487,2.849,25.378,0.027653,916.29,-71.845,-342.71,-18.166,234.18,0,0.495,0.063251,-0.12009
-20114,24195,3.8778,0.83378,-1.1784,23.97,0.030698,780.75,-73.07,-378.85,-23.72,74.457,0,0.495,0.047239,-0.12812
-24464,25990,4.7456,-0.12331,0.54408,24.732,0.03038,815.29,-73.4,-369.42,-43.261,131.02,0,0.495,0.055228,-0.11602
-22533,25820,6.0454,-0.0061864,2.6677,25.525,0.028259,903.83,-71.87,-343.43,-31.067,222.3,0,0.495,0.063271,-0.11609
-11369,20678,3.7405,0.36647,-3.7284,23.872,0.030388,759.65,-72.326,-372.63,-35.44,11.226,0,0.495,0.039325,-0.12411
-11520,20632,3.6505,0.66792,-3.5307,23.737,0.030007,765.78,-71.582,-374.01,-29.195,15.784,0,0.495,0.039316,-0.12811
-1239.5,1165.7,21.814,-0.20861,6.1017,19.466,0.018716,1036.6,-38.714,-9.8523,111.26,327.32,0,0.495,0.11085,-0.1082
2788.9,2792.8,19.189,-0.21897,6.4116,23.795,0.021595,1100.6,-44.205,-43.941,95.107,362.55,0,0.495,0.10293,-0.10821
1257.7,964.98,21.359,-0.44131,6.0231,20.127,0.019514,1028.7,-38.437,-13.87,106.73,321.65,0,0.495,0.11087,-0.10415
3404.1,2441.7,18.797,-0.49,6.3015,24.197,0.022299,1084.1,-43.777,-48.083,88.204,352.31,0,0.495,0.10293,-0.1042
2182.2,2983.9,19.607,0.050866,6.4907,23.287,0.020849,1115.3,-44.476,-39.565,102.49,371.45,0,0.495,0.10294,-0.11221
-2818.8,1238.6,22.285,0.022106,6.1505,18.708,0.017884,1041.9,-38.848,-5.8978,115.78,331.55,0,0.495,0.11086,-0.11222
3574.5,741.27,20.921,-0.67354,5.9159,20.695,0.020271,1018.7,-38.026,-18.045,101.99,314.83,0,0.495,0.11088,-0.1001
385.49,292.76,23.2,-0.63315,5.5251,16.107,0.016969,944.51,-33.968,2.1223,114.1,282.44,0,0.495,0.11886,-0.10002
-1531.6,390.33,23.67,-0.43627,5.6022,15.331,0.016144,943.99,-34.336,5.9686,117.02,284.07,0,0.495,0.11883,-0.10407
4136.4,2081.4,18.429,-0.76026,6.1618,24.503,0.022959,1066.4,-43.188,-52.008,81.948,341,0,0.495,0.10293,-0.10018
-3889.3,458.12,24.149,-0.24002,5.6534,14.474,0.015282,940.19,-34.56,9.559,118.81,284.42,0,0.495,0.1188,-0.10815
-5185.6,433.92,24.632,-0.044996,5.6769,13.547,0.014397,932.59,-34.65,12.99,119.71,282.96,0,0.495,0.11879,-0.11219
-4738.8,16498,10.992,0.63705,5.8437,27.817,0.024267,1127.9,-62.538,-215.01,40.97,396.97,0,0.495,0.079161,-0.12016
-5912.1,16621,10.777,0.25528,5.7125,27.957,0.025062,1104.6,-62.564,-220.47,26.157,382.09,0,0.495,0.079162,-0.11616
-1850,10863,14.181,0.66979,6.5186,27.736,0.023327,1183.5,-56.201,-141.69,76.841,424.75,0,0.495,0.087085,-0.12017
-1349.6,10848,13.855,0.32206,6.4287,27.983,0.023993,1160.4,-56.252,-147.61,63.148,411.58,0,0.495,0.087087,-0.11617
57.09,6068.4,17.021,0.35561,6.6708,26.228,0.022447,1168.2,-50.162,-84.045,87.988,408.2,0,0.495,0.095013,-0.11619
-541.67,6073.9,17.438,0.6629,6.7208,25.767,0.0217,1187,-50.031,-78.345,100.14,418.29,0,0.495,0.095012,-0.12019
-3307.8,16273,11.268,1.0146,5.9508,27.636,0.023432,1153,-62.142,-208.1,57.638,411.67,0,0.495,0.079158,-0.12416
-3613.3,21595,8.3206,0.93004,4.7587,26.54,0.024688,1052.1,-66.851,-281.91,27.58,342.58,0,0.495,0.071223,-0.12413
-8849.6,21875,8.1657,0.53272,4.6103,26.689,0.025536,1030.3,-67.259,-287.3,12.31,327.81,0,0.495,0.071228,-0.12013
-13499,21967,8.0697,0.13257,4.4468,26.819,0.026383,1011.2,-67.28,-290.94,-1.7639,313.32,0,0.495,0.071234,-0.11614
-2005.5,10780,14.564,1.0134,6.5781,27.417,0.02262,1207.1,-55.805,-134.61,92.845,437,0,0.495,0.087084,-0.12417
-706.02,5992.5,17.903,0.96565,6.7366,25.199,0.020908,1204.6,-49.595,-71.822,114.21,426.91,0,0.495,0.09501,-0.12419
-2775.6,1162.8,23.281,0.47451,6.1538,16.889,0.01611,1042,-38.583,2.234,127.86,334.49,0,0.495,0.11086,-0.12022
1039.2,3125,20.535,0.58412,6.5516,21.936,0.019228,1138.2,-44.382,-29.873,121.38,384.79,0,0.495,0.10294,-0.12021
-2998.2,1265.6,22.773,0.25031,6.1683,17.851,0.017015,1044,-38.813,-1.8933,121.88,334.01,0,0.495,0.11086,-0.11622
1574.3,3131.3,20.054,0.31914,6.5377,22.669,0.02006,1127.9,-44.539,-34.929,111.75,378.88,0,0.495,0.10294,-0.11621
-4858.5,178.51,25.609,0.33536,5.6379,11.496,0.012567,902.5,-34.381,19.028,122.9,273.15,0,0.495,0.11878,-0.12023
-4339.3,-79.259,26.1,0.51914,5.5747,10.391,0.011631,878.69,-34.015,21.521,123.89,264.54,0,0.495,0.11878,-0.12424
-2318.7,973.15,23.81,0.69357,6.1061,15.823,0.015169,1035.4,-38.152,6.4275,134.16,332.54,0,0.495,0.11086,-0.12422
-3805,-387.03,26.587,0.69667,5.4835,9.2523,0.01069,848.23,-33.5,23.673,123.08,253.24,0,0.495,0.11878,-0.12824
-2540.9,-523.48,27.809,0.35243,5.0487,5.7488,0.0081655,681.36,-29.399,23.254,98.834,189.43,0,0.495,0.12672,-0.12424
-3090.7,-219.12,27.41,0.19671,5.1159,6.6641,0.008982,721.7,-29.718,22.54,103.06,203.79,0,0.495,0.12673,-0.12022
-2573.8,673.98,24.357,0.90532,6.0253,14.658,0.014194,1023.2,-37.539,10.639,139.4,327.89,0,0.495,0.11086,-0.12822
-5252.6,355.45,25.119,0.14715,5.6721,12.553,0.013491,920.3,-34.598,16.201,121.53,279.24,0,0.495,0.11878,-0.11622
-3694.8,31.13,26.992,0.037967,5.1597,7.5991,0.0098185,756.17,-29.937,21.358,106.85,216.22,0,0.495,0.12675,-0.11615
659.44,3039,21.053,0.84423,6.5307,21.084,0.01835,1145.5,-43.972,-24.325,132.11,388.74,0,0.495,0.10293,-0.12421
-112.44,2793.9,21.608,1.0967,6.4742,20.104,0.017426,1149.3,-43.348,-18.314,142.57,390.44,0,0.495,0.10293,-0.12821
346.68,-366.43,29.562,-0.42102,3.6742,0.02784,0.00043121,62.133,-12.368,-1.3979,10.861,5.0324,0,0.495,0.17457,-0.10809
360.21,-356.41,29.576,-0.37644,3.7861,0.082067,0.00084818,89.524,-14.734,-0.79805,13.033,10.885,0,0.495,0.16655,-0.10809
313.43,-332.89,29.497,-0.4769,3.71,0.034902,0.00046615,71.733,-11.945,-1.6806,11.707,5.8569,0,0.495,0.17457,-0.1041
308.02,-301.25,29.503,-0.44048,3.811,0.10663,0.0009449,104.19,-14.362,-0.95788,14.296,13.336,0,0.495,0.16656,-0.1041
407.32,-405.42,29.641,-0.30795,3.756,0.062508,0.00075449,77.001,-15.049,-0.71315,11.877,8.8648,0,0.495,0.16655,-0.11208
382.14,-399.04,29.623,-0.36099,3.6356,0.022451,0.0004002,54.297,-12.742,-1.1799,10.11,4.3018,0,0.495,0.17457,-0.11209
292.4,-306.26,29.427,-0.52809,3.7427,0.045949,0.00051684,85.253,-11.473,-2.2735,13.662,6.8333,0,0.495,0.17458,-0.10011
371.4,-385.45,29.391,-0.58687,3.6695,0.022585,0.00031513,70.246,-9.2445,-2.7763,12.786,3.4744,0,0.495,0.18252,-0.10012
376.55,-389.92,29.462,-0.5382,3.6235,0.016546,0.00028278,57.818,-9.7598,-2.3125,10.73,3.0644,0,0.495,0.18252,-0.10411
264.04,-250.22,29.424,-0.50041,3.8302,0.1375,0.0010444,121.79,-13.927,-1.5,16.348,16.258,0,0.495,0.16657,-0.10009
388.42,-404.2,29.526,-0.48499,3.5766,0.014099,0.00027903,50.066,-10.229,-2.0206,9.9022,2.7391,0,0.495,0.18252,-0.1081
407.63,-420.81,29.587,-0.42823,3.5296,0.012342,0.00027915,43.915,-10.659,-1.6115,9.1542,2.389,0,0.495,0.18253,-0.11211
-359.85,-620.27,29.36,-0.00052992,4.3012,1.2379,0.0036063,318.81,-23.033,10.769,43.042,72.485,0,0.495,0.14271,-0.12007
-702.97,-450.19,29.174,-0.1146,4.3425,1.5593,0.0040346,361.25,-23.042,11.139,49.692,85.18,0,0.495,0.14271,-0.11606
360.12,-644.12,29.672,-0.054596,4.038,0.39755,0.0020845,174.16,-20.475,4.8912,22.389,33.065,0,0.495,0.15064,-0.12006
168.5,-567.32,29.567,-0.15206,4.0759,0.52513,0.0023569,204.46,-20.424,5.2583,26.707,40.935,0,0.495,0.15064,-0.11607
474.54,-493.61,29.689,-0.19781,3.8742,0.15704,0.0012953,110.6,-17.713,1.5104,15.593,16.892,0,0.495,0.15858,-0.11607
524.89,-543.4,29.756,-0.1142,3.8374,0.11577,0.0011308,93.475,-17.861,1.5764,13.254,13.352,0,0.495,0.15858,-0.12006
-74.926,-782.83,29.52,0.11293,4.2483,0.96518,0.0032125,277.28,-22.972,10.219,37.023,60.401,0,0.495,0.1427,-0.12407
-1215.3,-882.57,28.94,0.22265,4.599,2.6108,0.0052906,467.21,-26.353,17.532,65.171,117.47,0,0.495,0.13469,-0.12419
-1691.5,-648.24,28.667,0.088873,4.6598,3.1867,0.0058935,514.96,-26.558,17.883,71.998,133.11,0,0.495,0.13471,-0.12016
-2248.3,-426.25,28.365,-0.046994,4.7037,3.816,0.0065326,559.56,-26.68,17.787,78.896,148.06,0,0.495,0.13475,-0.11609
518.27,-711.01,29.76,0.04204,3.9912,0.29616,0.0018336,146.82,-20.47,4.6693,18.595,26.268,0,0.495,0.15065,-0.12405
560.98,-582.22,29.813,-0.031198,3.7935,0.084489,0.00097998,78.942,-17.958,1.8951,11.096,10.504,0,0.495,0.15858,-0.12405
440.49,-448.24,29.732,-0.23343,3.547,0.015083,0.0003507,42.135,-13.348,-0.24778,8.2638,3.2657,0,0.495,0.17457,-0.12008
468.11,-473.5,29.756,-0.16471,3.6805,0.035759,0.00058713,57.407,-15.524,0.29458,9.4029,6.1162,0,0.495,0.16654,-0.12007
417.47,-428.46,29.68,-0.29786,3.5932,0.018272,0.00037295,47.705,-13.072,-0.84549,9.334,3.7265,0,0.495,0.17457,-0.11609
443.87,-445.2,29.702,-0.23669,3.7208,0.0473,0.00066663,66.361,-15.312,-0.35328,10.758,7.3172,0,0.495,0.16655,-0.11607
437.45,-444.55,29.693,-0.30999,3.4288,0.0098583,0.00028477,34.556,-11.371,-0.32349,7.2958,1.7629,0,0.495,0.18253,-0.12009
445.47,-448.54,29.738,-0.25207,3.375,0.0090293,0.00029164,30.967,-11.664,0.74571,6.0685,1.414,0,0.495,0.18253,-0.12408
456.9,-459.5,29.777,-0.16997,3.4972,0.012684,0.00033433,37.393,-13.579,0.65524,7.0214,2.8583,0,0.495,0.17457,-0.12407
441.71,-447.09,29.777,-0.19582,3.3188,0.0084116,0.00030164,27.934,-11.934,1.8164,4.8376,1.0981,0,0.495,0.18254,-0.1281
463.37,-467.5,29.698,-0.34147,3.2575,0.0079925,0.00029468,27.094,-9.9043,0.98061,5.1839,1.7431,0,0.495,0.19049,-0.12414
468.97,-473.92,29.655,-0.39721,3.3167,0.0084264,0.00028056,30.106,-9.5546,-0.1037,6.3744,2.1464,0,0.495,0.19048,-0.12013
457.06,-463.46,29.816,-0.10917,3.4433,0.010914,0.00032433,33.363,-13.768,1.745,5.6903,2.5209,0,0.495,0.17457,-0.12806
428.39,-436.75,29.643,-0.36987,3.4799,0.010943,0.00028086,38.794,-11.033,-1.1257,8.3453,2.074,0,0.495,0.18253,-0.11609
474.3,-478.07,29.605,-0.45543,3.3745,0.0089774,0.000267,33.686,-9.164,-1.0318,7.4676,2.4941,0,0.495,0.19047,-0.11611
487.14,-493.98,29.804,-0.093943,3.6348,0.027166,0.00051766,49.895,-15.689,1.1098,7.9956,5.165,0,0.495,0.16654,-0.12406
492.96,-507.92,29.844,-0.025605,3.5835,0.020865,0.00045939,43.589,-15.808,2.0104,6.4982,4.435,0,0.495,0.16654,-0.12806
470.93,-507.44,29.521,-1.1667,2.7197,0.0074303,0.00029361,25.404,-0.22663,0.57013,5.931,4.3618,0,0.495,0.23823,-0.10838
513.66,-553.68,29.503,-1.0927,2.8727,0.0076959,0.00028292,27.304,-1.0793,1.0616,6.1481,5.1459,0,0.495,0.23032,-0.10837
515.71,-553.9,29.466,-1.241,2.7539,0.0078445,0.00026941,29.228,0.45746,0.2924,6.3862,4.6999,0,0.495,0.23824,-0.10438
567.55,-606.84,29.445,-1.167,2.9142,0.0081973,0.00026104,31.518,-0.38985,0.80068,6.7824,5.3943,0,0.495,0.23033,-0.10437
469.34,-508.17,29.557,-1.0229,2.83,0.0073239,0.00030794,23.872,-1.7222,1.1553,5.33,5.0237,0,0.495,0.2303,-0.11236
432.17,-467.52,29.573,-1.0967,2.6838,0.0071133,0.00032038,22.247,-0.87511,0.69931,5.3016,4.1417,0,0.495,0.23823,-0.11237
568.93,-610.38,29.407,-1.3205,2.7873,0.0084177,0.00024874,33.964,1.1772,-0.11206,6.6989,5.0159,0,0.495,0.23826,-0.10039
482.66,-529.41,29.437,-1.3815,2.6295,0.0080233,0.00025691,31.359,1.856,-1.1765,5.6536,6.3394,0,0.495,0.24622,-0.10037
436.45,-479.99,29.49,-1.3032,2.6047,0.0075573,0.00028008,27.097,1.1404,-0.74763,5.4331,5.967,0,0.495,0.24617,-0.10438
630.96,-672.34,29.383,-1.2466,2.9555,0.0089172,0.00024301,36.816,0.33668,0.38797,7.2575,5.59,0,0.495,0.23033,-0.10036
399.66,-439.84,29.541,-1.2303,2.5777,0.0072089,0.00030666,23.608,0.46195,-0.49166,5.1239,5.5379,0,0.495,0.24616,-0.10839
367.39,-405.73,29.589,-1.1619,2.5483,0.0069354,0.00033506,20.699,-0.18381,-0.39493,4.6492,5.17,0,0.495,0.24616,-0.11239
426.02,-458.39,29.621,-0.6083,3.0934,0.0075237,0.00030483,24.518,-6.4102,-1.505,4.7863,4.3177,0,0.495,0.20648,-0.1203
455.21,-486.86,29.574,-0.66805,3.1534,0.0078761,0.00028715,27.523,-5.9227,-1.7019,5.9291,4.6205,0,0.495,0.20647,-0.11628
413.49,-450.55,29.62,-0.71454,2.9896,0.0072338,0.00030892,22.227,-5.0706,-1.4058,4.0474,4.7521,0,0.495,0.21443,-0.12032
444.75,-483.2,29.576,-0.77624,3.0454,0.0075409,0.00030265,25.012,-4.5462,-1.3315,5.1297,5.0441,0,0.495,0.21444,-0.11633
436.08,-479.24,29.587,-0.86924,2.9233,0.0072587,0.0003116,22.807,-3.3635,0.15297,4.4364,5.3666,0,0.495,0.22236,-0.11634
402.57,-444.68,29.63,-0.80601,2.8737,0.0069913,0.00029475,20.231,-3.9208,-0.043424,3.483,5.2114,0,0.495,0.22236,-0.12034
398.82,-430.85,29.661,-0.55054,3.0338,0.0072406,0.00029972,21.995,-6.8659,-1.4068,3.7748,3.995,0,0.495,0.20648,-0.12431
442.33,-466.79,29.671,-0.45041,3.1384,0.0075466,0.00030399,24.333,-8.3003,0.032601,4.3255,2.9383,0,0.495,0.19852,-0.12426
462.06,-484.63,29.629,-0.5069,3.2007,0.0078758,0.00029201,27.054,-7.8926,-0.49075,5.4657,3.2895,0,0.495,0.19849,-0.12023
478.17,-499.25,29.581,-0.56481,3.263,0.008288,0.00027431,30.304,-7.4573,-0.8916,6.6236,3.622,0,0.495,0.19845,-0.11619
384.98,-420.51,29.659,-0.65451,2.9343,0.0069839,0.00027918,19.864,-5.5637,-1.6046,3.1827,4.4746,0,0.495,0.21442,-0.12432
372.97,-415.45,29.668,-0.74459,2.824,0.0067699,0.00024924,18.005,-4.4459,-0.35537,2.7553,5.0951,0,0.495,0.22236,-0.12433
372.74,-408.44,29.663,-0.96609,2.6083,0.0066537,0.00026763,17.363,-2.072,0.45896,3.9452,3.8619,0,0.495,0.23823,-0.12037
400.37,-439.2,29.647,-0.89215,2.7431,0.0068008,0.00027713,18.64,-2.9044,0.84789,3.6416,4.9307,0,0.495,0.23029,-0.12035
399.05,-434.71,29.62,-1.0302,2.6467,0.0068609,0.00031483,19.606,-1.4903,0.65817,4.6166,3.958,0,0.495,0.23823,-0.11637
431.75,-470.49,29.605,-0.95633,2.787,0.007035,0.00031323,21.037,-2.3307,1.0634,4.467,4.9356,0,0.495,0.23029,-0.11636
321.15,-356.72,29.675,-1.0337,2.4844,0.0065306,0.0002652,16.162,-1.3825,-0.87308,3.567,4.4213,0,0.495,0.24616,-0.12038
305.45,-340.23,29.712,-0.972,2.4499,0.0063763,0.00021545,14.337,-1.9379,-1.3233,3.1722,4.0665,0,0.495,0.24616,-0.12437
352.21,-388.79,29.702,-0.90352,2.5689,0.0064799,0.00021752,15.404,-2.6233,0.11512,3.437,3.8013,0,0.495,0.23823,-0.12436
294.01,-327.38,29.748,-0.91104,2.4141,0.0062453,0.00017492,12.717,-2.4632,-1.8207,2.9966,3.7358,0,0.495,0.24616,-0.12836
239.16,-280.52,29.741,-1.0329,2.3459,0.0062626,0.00020688,12.999,-1.3836,-2.0665,2.3035,5.5421,0,0.495,0.2541,-0.12438
251.92,-295.7,29.707,-1.0923,2.3743,0.006399,0.00025494,14.705,-0.83299,-1.4678,2.7333,6.0986,0,0.495,0.2541,-0.12039
337.23,-373.75,29.738,-0.84173,2.5287,0.0063319,0.00017629,13.658,-3.1425,-0.27608,3.1777,3.7985,0,0.495,0.23823,-0.12835
341.21,-378.41,29.634,-1.0968,2.5172,0.006714,0.00032121,18.251,-0.79842,-0.5366,4.1088,4.7763,0,0.495,0.24616,-0.11638
269.74,-316.5,29.671,-1.1528,2.4008,0.0065606,0.00031227,16.647,-0.2561,-1.0668,3.3246,6.5666,0,0.495,0.25409,-0.11639
374.23,-414.25,29.686,-0.82943,2.6988,0.0066049,0.00022634,16.55,-3.4476,0.49942,3.0181,4.9627,0,0.495,0.23029,-0.12435
353.19,-393.47,29.721,-0.76763,2.6544,0.0064384,0.00018448,14.684,-3.9581,0.11078,2.7155,5.0487,0,0.495,0.23029,-0.12834
81.139,-101.66,30.265,-0.67907,1.3897,0.0055681,8.3097e-05,2.1546,-4.4562,3.4706,2.7271,2.9554,0,0.495,0.30222,-0.17246
103.09,-126.7,30.233,-0.65658,1.5057,0.0055692,6.9097e-05,2.2088,-4.5968,9.2725,2.2742,4.9885,0,0.495,0.29428,-0.17245
92.19,-114.95,30.243,-0.70725,1.4104,0.0055772,7.8777e-05,2.3548,-4.1654,1.7883,3.5944,2.982,0,0.495,0.30222,-0.16846
120.26,-146.88,30.21,-0.68255,1.5237,0.0055798,6.5706e-05,2.4537,-4.2995,8.2717,2.9679,5.1702,0,0.495,0.29428,-0.16846
102.74,-126.02,30.252,-0.63291,1.4877,0.0055601,6.9564e-05,2.0203,-4.8805,9.1593,1.8457,4.646,0,0.495,0.29428,-0.17644
81.09,-100.14,30.283,-0.65458,1.3687,0.00556,8.361e-05,1.993,-4.734,4.1896,2.0761,2.8076,0,0.495,0.30222,-0.17645
110.19,-135.59,30.217,-0.74263,1.4315,0.0055872,7.2956e-05,2.5896,-3.864,-0.37212,4.3576,2.8293,0,0.495,0.30222,-0.16447
48.709,-50.456,30.226,-0.78241,1.391,0.0055745,9.9461e-05,2.2371,-3.8113,-9.3711,4.1042,-1.0055,0,0.495,0.31016,-0.16448
41.853,-43.702,30.252,-0.74721,1.3687,0.0055672,0.00010827,2.0726,-4.1044,-7.7654,3.3005,-1.0508,0,0.495,0.31016,-0.16847
56.465,-59.294,30.197,-0.82634,1.4128,0.0055824,9.0856e-05,2.4184,-3.5063,-10.766,4.5676,-0.87241,0,0.495,0.31016,-0.16049
129.93,-156.28,30.188,-0.78627,1.4531,0.0055979,6.7947e-05,2.8466,-3.5503,-2.3578,4.8173,2.7246,0,0.495,0.30222,-0.16048
149.21,-180.73,30.184,-0.71471,1.5424,0.0055918,6.1102e-05,2.7485,-3.9904,6.5487,3.6352,5.1484,0,0.495,0.29428,-0.16446
182.06,-216.77,30.155,-0.7548,1.5623,0.0056052,5.7042e-05,3.0774,-3.6678,4.7105,4.0701,5.1434,0,0.495,0.29428,-0.16047
37.119,-39.329,30.274,-0.71995,1.3457,0.0055602,0.00011362,1.9297,-4.3877,-6.6953,2.3766,-1.2249,0,0.495,0.31016,-0.17246
36.435,-35.286,30.291,-0.69691,1.3217,0.0055534,0.00011424,1.8049,-4.6586,-6.7934,1.6707,-1.411,0,0.495,0.31016,-0.17645
156.53,-177.42,30.236,-0.43216,1.7484,0.0055582,6.3391e-05,1.9454,-6.1618,2.5811,4.4911,0.79425,0,0.495,0.2702,-0.18452
146.51,-166.97,30.207,-0.46744,1.7797,0.0055658,6.5389e-05,2.0969,-5.9025,3.0904,4.0534,1.0188,0,0.495,0.27021,-0.18049
159.48,-186.66,30.238,-0.49129,1.6572,0.0055524,6.1894e-05,1.8984,-5.8463,0.93615,4.0439,2.2045,0,0.495,0.27835,-0.18443
145.57,-171.85,30.212,-0.52944,1.688,0.0055592,6.4193e-05,2.0308,-5.59,3.1564,3.5743,2.6021,0,0.495,0.27836,-0.18043
133.03,-160.68,30.238,-0.57224,1.59,0.0055548,6.4778e-05,1.9366,-5.3453,5.282,2.7899,4.0895,0,0.495,0.28634,-0.18042
155.93,-186.63,30.262,-0.53444,1.5653,0.0055485,6.1297e-05,1.8251,-5.6014,2.6287,3.3046,3.5809,0,0.495,0.28634,-0.18442
157.18,-177.29,30.265,-0.39365,1.7179,0.0055519,6.3324e-05,1.8111,-6.4098,2.3629,4.5361,0.68055,0,0.495,0.27019,-0.18854
88.263,-93.181,30.269,-0.35519,1.8233,0.0055591,8.4139e-05,1.8346,-6.7266,-4.3453,4.2886,-0.070881,0,0.495,0.26206,-0.1883
90.755,-99.098,30.24,-0.39267,1.8488,0.0055671,8.5898e-05,1.9864,-6.4878,-3.8896,4.4221,-0.009984,0,0.495,0.26206,-0.1843
31.515,-43.372,30.281,-0.31764,1.7991,0.0055805,8.8915e-05,2.2331,-7.1285,-14.307,4.9322,-0.51705,0,0.495,0.25411,-0.18826
51.477,-68.144,30.252,-0.36004,1.8333,0.0055912,8.8558e-05,2.4512,-6.9095,-11.627,4.7967,-0.37089,0,0.495,0.25411,-0.18427
88.69,-99.969,30.212,-0.42745,1.8734,0.005577,8.7931e-05,2.1701,-6.2353,-2.8905,4.1663,0.10549,0,0.495,0.26207,-0.1803
69.843,-88.972,30.223,-0.39554,1.8674,0.0056043,8.8524e-05,2.7074,-6.6723,-8.4822,4.4228,-0.16043,0,0.495,0.25411,-0.18028
168.8,-193.75,30.266,-0.44568,1.627,0.0055467,6.0685e-05,1.7798,-6.0887,-0.78034,4.2251,1.9999,0,0.495,0.27835,-0.18843
177.14,-206.01,30.288,-0.48847,1.538,0.0055434,5.8669e-05,1.7295,-5.8442,0.70789,3.682,3.3045,0,0.495,0.28633,-0.18842
107.03,-126.99,30.316,-0.59891,1.3255,0.0055462,7.5587e-05,1.7543,-5.2553,2.9056,2.4864,2.1624,0,0.495,0.30222,-0.18443
143.08,-171.88,30.291,-0.57456,1.4486,0.0055462,6.3043e-05,1.777,-5.4136,6.2732,2.4641,3.6289,0,0.495,0.29428,-0.18442
92.064,-110.72,30.299,-0.62911,1.3472,0.0055526,8.0266e-05,1.8637,-4.9997,3.8652,1.989,2.5571,0,0.495,0.30222,-0.18044
119.16,-144.11,30.271,-0.60674,1.4688,0.0055525,6.6964e-05,1.8815,-5.1517,7.9761,1.9432,4.1901,0,0.495,0.29428,-0.18043
42.515,-16.195,30.321,-0.64099,1.2717,0.0055407,0.00010768,1.5842,-5.167,-10.761,2.1852,-1.8474,0,0.495,0.31016,-0.18444
38.736,1.0632,30.34,-0.59998,1.2466,0.0055354,0.00010429,1.4841,-5.403,-13.158,3.1392,-1.943,0,0.495,0.31016,-0.18844
117.35,-135.7,30.335,-0.56312,1.3032,0.0055406,7.2992e-05,1.6503,-5.4993,1.9962,3.1783,1.9065,0,0.495,0.30222,-0.18843
32.712,12.256,30.361,-0.55159,1.2245,0.005531,0.00010298,1.3909,-5.6341,-14.235,3.7084,-2.021,0,0.495,0.31016,-0.19248
-3.0528,71.06,30.304,-0.63631,1.3362,0.0055226,0.00014865,1.2031,-5.3137,-19.541,2.2507,-3.9263,0,0.495,0.3181,-0.18845
3.3369,44.024,30.287,-0.67785,1.3528,0.0055268,0.0001624,1.2765,-5.0768,-16.268,1.5193,-3.8601,0,0.495,0.3181,-0.18444
113.62,-133.88,30.357,-0.52425,1.2833,0.0055357,7.3518e-05,1.5412,-5.7432,1.4601,3.3346,1.7444,0,0.495,0.30222,-0.19247
39.455,-28.494,30.306,-0.67242,1.2967,0.0055468,0.00011182,1.691,-4.9182,-8.2876,1.5734,-1.5936,0,0.495,0.31016,-0.18044
5.7126,20.061,30.272,-0.70892,1.3675,0.0055318,0.00017401,1.3622,-4.8298,-12.9,0.95942,-3.6903,0,0.495,0.3181,-0.18045
163.35,-192.22,30.313,-0.53608,1.4253,0.0055411,6.0406e-05,1.6869,-5.6654,4.886,3.0366,3.2358,0,0.495,0.29428,-0.18842
166.54,-199.18,30.337,-0.4947,1.4004,0.0055367,5.9775e-05,1.5946,-5.9213,4.3609,3.0608,3,0,0.495,0.29427,-0.19247
33.628,-45.077,30.373,-0.73621,0.88765,0.0055214,0.00013056,1.2368,-4.3975,-1.2404,2.268,2.7049,0,0.495,0.36573,-0.17251
70.791,-85.346,30.332,-0.74429,0.97185,0.005525,8.5189e-05,1.3555,-4.3225,6.5505,1.3301,4.4352,0,0.495,0.35779,-0.1725
47.382,-59.101,30.357,-0.7702,0.89215,0.0055244,0.00010835,1.3204,-4.1887,-4.5101,3.1233,2.4777,0,0.495,0.36573,-0.16852
100.41,-120.27,30.316,-0.77434,0.97212,0.0055296,7.5583e-05,1.4854,-4.1006,3.3569,2.0819,4.3189,0,0.495,0.35779,-0.16851
45.529,-52.775,30.343,-0.7263,0.97317,0.0055203,9.5878e-05,1.237,-4.538,9.4045,0.31387,4.5934,0,0.495,0.35779,-0.17649
21.318,-29.155,30.385,-0.71499,0.88406,0.0055181,0.00016416,1.1541,-4.5999,2.2914,1.0714,2.9151,0,0.495,0.36573,-0.1765
56.442,-67.41,30.337,-0.81405,0.89745,0.0055267,9.863e-05,1.3817,-3.9761,-6.4059,3.6912,2.0531,0,0.495,0.36573,-0.16452
-12.35,21.468,30.343,-0.82034,0.89517,0.0055164,0.00015043,1.1111,-4.1241,-13.936,3.9337,-2.5795,0,0.495,0.37366,-0.16453
-10.692,21.837,30.364,-0.77725,0.88894,0.0055153,0.00016814,1.0817,-4.3249,-13.014,3.2505,-2.3887,0,0.495,0.37366,-0.16852
-9.504,14.896,30.32,-0.86489,0.90002,0.0055172,0.00015235,1.1208,-3.9187,-12.804,4.0957,-2.6871,0,0.495,0.37366,-0.16054
56.115,-66.553,30.316,-0.86107,0.90271,0.0055282,0.00010063,1.4038,-3.7591,-6.223,3.95,1.703,0,0.495,0.36572,-0.16053
122.37,-145.21,30.298,-0.81533,0.97415,0.0055336,6.9943e-05,1.5944,-3.8749,1.0348,2.5737,4.0424,0,0.495,0.35779,-0.16452
125.47,-149.04,30.278,-0.86175,0.97724,0.0055364,6.9534e-05,1.655,-3.6449,0.53247,2.8534,3.8417,0,0.495,0.35779,-0.16053
-5.2129,16.044,30.382,-0.74313,0.88175,0.0055138,0.00019132,1.044,-4.5223,-10.589,2.1529,-2.375,0,0.495,0.37366,-0.17251
0.22828,7.4678,30.394,-0.72168,0.87361,0.0055121,0.00020718,1.0111,-4.7138,-7.791,0.72199,-2.3484,0,0.495,0.37366,-0.1765
94.008,-111.38,30.278,-0.68971,1.2834,0.0055178,7.8446e-05,1.2379,-4.9187,5.0434,1.3128,1.8736,0,0.495,0.33397,-0.18446
72.364,-86.285,30.265,-0.71596,1.2944,0.0055206,8.5839e-05,1.2702,-4.69,6.7345,0.66741,2.2476,0,0.495,0.33397,-0.18047
87.385,-104.33,30.297,-0.70746,1.1853,0.0055165,8.1027e-05,1.2139,-4.8939,4.9263,0.6608,2.2701,0,0.495,0.34191,-0.18446
62.22,-73.819,30.288,-0.73075,1.1932,0.0055191,8.9105e-05,1.2355,-4.6774,8.0321,0.12187,2.796,0,0.495,0.34191,-0.18047
51.563,-57.742,30.315,-0.7257,1.0891,0.0055173,9.1533e-05,1.1823,-4.7051,10.009,-0.3494,3.5254,0,0.495,0.34985,-0.18048
73.526,-86.081,30.322,-0.70808,1.0874,0.0055146,8.4297e-05,1.1546,-4.9145,7.2143,-0.16619,3.0393,0,0.495,0.34985,-0.18447
115.5,-134.97,30.294,-0.65499,1.2713,0.0055154,7.2258e-05,1.2067,-5.1407,3.3519,2.0294,1.6883,0,0.495,0.33398,-0.18846
60.51,-46.704,30.281,-0.64644,1.3773,0.0055148,0.00012218,1.1143,-5.196,-5.2284,1.8265,-0.75487,0,0.495,0.32604,-0.18845
51.198,-45.131,30.264,-0.68175,1.3861,0.0055179,0.0001367,1.1653,-4.963,-3.5603,1.4124,-0.68784,0,0.495,0.32604,-0.18445
41.865,-40.816,30.25,-0.70999,1.3931,0.0055216,0.00015052,1.221,-4.7235,-1.8027,0.91641,-0.50867,0,0.495,0.32604,-0.18046
120.06,-139.47,30.311,-0.67122,1.1751,0.0055147,7.1859e-05,1.2062,-5.1013,1.5354,1.6121,1.915,0,0.495,0.34191,-0.18847
113.78,-131.12,30.331,-0.67721,1.0809,0.0055129,7.3046e-05,1.1558,-5.1158,3.4417,0.79604,2.5988,0,0.495,0.34985,-0.18847
19.166,-24.496,30.393,-0.69718,0.8773,0.0055121,0.00017627,1.054,-4.9908,4.8787,-0.86699,2.4729,0,0.495,0.36572,-0.18448
46.606,-55.675,30.355,-0.70664,0.97486,0.0055136,9.5604e-05,1.1187,-4.9534,9.5798,-0.90554,4.0133,0,0.495,0.35779,-0.18448
14.564,-19.342,30.391,-0.70443,0.8807,0.0055149,0.00018985,1.0908,-4.7977,4.7104,-0.22121,2.8208,0,0.495,0.36572,-0.18049
34.267,-39.255,30.351,-0.71654,0.97466,0.0055164,0.00010109,1.155,-4.7481,10.669,-0.6446,4.462,0,0.495,0.35779,-0.18048
2.1255,8.0092,30.399,-0.70456,0.85498,0.0055077,0.00020301,0.95445,-5.0851,-6.8027,-1.3284,-2.7248,0,0.495,0.37366,-0.18449
1.4069,25.184,30.399,-0.68957,0.8446,0.005505,0.00018338,0.91576,-5.2631,-10.059,-0.39605,-2.7489,0,0.495,0.37366,-0.18849
37.937,-45.132,30.394,-0.68297,0.87189,0.0055096,0.00013681,1.0358,-5.1778,2.7877,-0.23252,2.1054,0,0.495,0.36573,-0.18848
-5.1413,44.384,30.406,-0.65787,0.83519,0.0055024,0.00016828,0.87464,-5.4366,-13.701,1.5124,-2.7951,0,0.495,0.37367,-0.19254
-8.5176,44.254,30.359,-0.70326,0.9401,0.0054976,0.00023704,0.7798,-5.3316,-13.566,-0.75504,-4.5592,0,0.495,0.3816,-0.18849
-0.54294,14.364,30.357,-0.71725,0.94232,0.0055001,0.00021225,0.82411,-5.1552,-9.2006,-1.7976,-4.7259,0,0.495,0.3816,-0.18449
57.472,-69.923,30.4,-0.65546,0.86716,0.0055073,0.000107,1.0153,-5.3662,-0.026498,1.0147,1.7278,0,0.495,0.36573,-0.19253
2.0505,2.8263,30.399,-0.71129,0.86448,0.0055101,0.00021502,0.98427,-4.902,-6.0872,-0.71323,-2.5305,0,0.495,0.37366,-0.18049
3.2029,5.2453,30.357,-0.72259,0.94329,0.0055023,0.00020663,0.85544,-4.9756,-7.2829,-1.5645,-4.7183,0,0.495,0.3816,-0.1805
81.493,-96.26,30.36,-0.68721,0.97061,0.0055116,8.3256e-05,1.1152,-5.1533,6.6375,-0.1043,3.4875,0,0.495,0.35779,-0.18848
114.2,-136.6,30.37,-0.65379,0.96272,0.00551,7.3158e-05,1.1114,-5.3564,3.5441,1.0092,2.925,0,0.495,0.35779,-0.19252
13.362,-11.543,30.335,-0.69247,0.96282,0.0054951,0.00019249,0.75521,-5.1885,2.6633,-1.2493,-0.58789,0,0.495,0.38953,-0.18449
34.292,-35.64,30.357,-0.6575,0.86933,0.0054945,0.00011514,0.77257,-5.2666,8.2347,-0.32804,2.031,0,0.495,0.39747,-0.1845
13.928,-7.2681,30.338,-0.68501,0.97208,0.0054931,0.0002019,0.72354,-5.3589,0.33113,-0.60228,-0.48418,0,0.495,0.38954,-0.1885
36.085,-35.58,30.355,-0.65468,0.89796,0.005493,0.00011379,0.74724,-5.3971,8.5855,-0.17975,2.1653,0,0.495,0.39748,-0.18851
19,-19.436,30.334,-0.69667,0.95284,0.0054972,0.00018376,0.79363,-5.0157,2.9643,-1.1291,-0.73556,0,0.495,0.38953,-0.1805
35.489,-39.366,30.349,-0.66749,0.87769,0.0054965,0.00011358,0.80872,-5.0819,7.7805,-0.11722,2.0134,0,0.495,0.39747,-0.18051
-25675,-367.49,20.565,4.9281,1.5198,15.078,0.0080542,1843.7,-22.078,21.66,658.6,483.95,0,0.495,0.05511,-0.19618
-34053,-2073.3,22.79,4.7084,1.0818,11.617,0.00667,1673.9,-19.343,40.489,624.57,403.14,0,0.495,0.05514,-0.20023
19070,933.44,16.438,5.0625,1.2336,17.246,0.0079376,2045.5,-21.792,-16.101,754.54,538.07,0,0.495,0.047184,-0.19617
-4877.4,-2206.7,19.856,4.7963,0.72294,13.383,0.0064695,1904.9,-18.037,20.258,763.21,450.34,0,0.495,0.047207,-0.20022
12800,880.99,17.954,5.0808,1.98,17.926,0.0093811,1888.7,-25.181,-19.889,620.57,532.64,0,0.495,0.055081,-0.19213
34356,2240.9,13.623,5.1314,1.5314,18.313,0.008717,1939,-25.095,-77.877,624.61,538.57,0,0.495,0.047157,-0.19213
46548,-1126.7,12.116,4.9503,0.65271,16.364,0.006638,2074.1,-19.553,-85.033,779.66,503.4,0,0.495,0.039252,-0.19617
34199,-1793.9,15.18,4.8607,0.41967,15.177,0.0057931,2149.9,-16.744,-31.959,920.65,495.88,0,0.495,0.039265,-0.2002
35721,-1269.6,9.574,4.9003,0.70547,15.871,0.0078396,1804.5,-22.765,-154.25,516.79,441.96,0,0.495,0.03923,-0.19212
1285.7,-1411,30.311,1.9808,2.2658,0.016825,0.00016777,36.927,-18.31,-2.8281,5.7269,3.3429,0,0.495,0.11876,-0.19623
1164.7,-1248.4,30.324,1.9783,2.1335,0.016553,0.00016195,35.142,-17.71,-5.263,7.023,3.4497,0,0.495,0.11875,-0.2003
1611.5,-1784.6,30.27,2.2785,2.2417,0.042233,0.00032235,56.99,-18.798,0.75856,6.3361,6.5078,0,0.495,0.11083,-0.19622
1419.2,-1540.4,30.283,2.2596,2.0595,0.041934,0.00030955,53.472,-17.942,-2.9472,7.0595,6.4712,0,0.495,0.11082,-0.20029
1464.6,-1606.6,30.298,1.9919,2.4332,0.021909,0.00020596,41.972,-18.993,0.99923,6.0614,3.9342,0,0.495,0.11876,-0.19218
1878.9,-2059.4,30.248,2.3091,2.4265,0.069302,0.00047859,71.694,-19.522,4.988,10.203,9.7581,0,0.495,0.11084,-0.19217
1858.9,-2326.8,30.186,2.6011,2.1822,0.12714,0.00074804,100.42,-19.208,2.3401,14.785,16.183,0,0.495,0.1029,-0.1962
1684.9,-1957.4,30.215,2.5595,2.0214,0.090889,0.00056517,83.089,-18.413,-1.9088,11.841,12.5,0,0.495,0.10289,-0.20027
1507.1,-2726.3,30.123,2.6618,2.3973,0.24667,0.0012433,142.57,-20.126,8.3077,25.628,26.071,0,0.495,0.10291,-0.19216
309.57,-362.63,30.359,0.53291,2.1285,0.0058854,4.9343e-05,6.8451,-12.64,-2.4554,6.4807,1.2848,0,0.495,0.18256,-0.19599
284.88,-328.67,30.382,0.55808,2.0627,0.0058706,5.1696e-05,6.5622,-12.556,-2.509,5.7061,1.4401,0,0.495,0.18256,-0.2
417.19,-478.46,30.365,0.68233,2.2181,0.0059841,4.6528e-05,8.0845,-13.385,2.5649,6.1469,1.498,0,0.495,0.17458,-0.19594
376.08,-425.19,30.391,0.71014,2.1292,0.005966,4.8495e-05,7.7404,-13.229,2.0682,5.2506,1.6533,0,0.495,0.17457,-0.19994
351.31,-399.47,30.327,0.50011,2.2094,0.0059091,4.7819e-05,7.2891,-12.717,-1.2857,7.2867,1.3067,0,0.495,0.18256,-0.19199
425.77,-484.8,30.335,0.65014,2.3053,0.0060124,4.8016e-05,8.5488,-13.506,2.1603,6.8576,1.6595,0,0.495,0.17458,-0.19194
383.59,-446.54,30.368,0.83037,2.2877,0.0061095,5.3039e-05,9.4913,-14.133,-2.6918,6.6782,2.4165,0,0.495,0.16654,-0.19593
384,-433.06,30.391,0.85412,2.2157,0.0060816,5.1641e-05,9.1022,-13.955,-0.45966,5.934,2.4811,0,0.495,0.16654,-0.19993
379.48,-444.51,30.337,0.79497,2.3737,0.006154,5.6614e-05,10.101,-14.318,-3.5257,7.4454,2.5983,0,0.495,0.16653,-0.19194
102.91,-128.94,30.352,-0.16563,1.687,0.0055841,7.1283e-05,2.3034,-7.9313,-6.7084,4.1683,0.23398,0,0.495,0.24618,-0.19629
98.624,-124.5,30.371,-0.13153,1.6503,0.0055794,7.667e-05,2.1845,-8.0611,-6.0848,3.0978,0.31398,0,0.495,0.2462,-0.20039
194.21,-232.53,30.353,-0.096437,1.781,0.0055903,5.6087e-05,2.416,-8.3957,3.8029,3.8192,1.4122,0,0.495,0.23824,-0.19628
152.73,-184.02,30.374,-0.062005,1.7308,0.0055847,6.3378e-05,2.267,-8.5711,2.4053,2.4553,1.3526,0,0.495,0.23826,-0.20039
112.94,-133.35,30.323,-0.20906,1.7296,0.0055915,6.6596e-05,2.4848,-7.7586,-6.4006,5.347,0.43242,0,0.495,0.24617,-0.19225
221.5,-252.36,30.324,-0.13149,1.8306,0.0055974,5.3383e-05,2.5928,-8.226,4.6201,5.0918,1.5568,0,0.495,0.23823,-0.19225
204.11,-251.72,30.352,-0.01444,1.8796,0.0055975,5.4058e-05,2.4941,-8.8971,3.6039,3.7493,2.141,0,0.495,0.2303,-0.19627
175.34,-215.86,30.371,0.0063377,1.8306,0.0055923,5.8163e-05,2.3746,-9.0244,5.1618,2.5578,2.1996,0,0.495,0.23032,-0.20037
223.02,-263.69,30.323,-0.048491,1.9366,0.0056053,5.2393e-05,2.6607,-8.7426,2.3288,5.2377,2.3364,0,0.495,0.2303,-0.19224
28.507,4.2929,30.384,-0.5023,1.2041,0.0055275,0.00010672,1.3005,-5.8529,-12.63,3.0351,-1.9968,0,0.495,0.31016,-0.19659
23.85,-6.8854,30.399,-0.46929,1.186,0.0055251,0.00012105,1.2348,-6.0211,-10.365,1.9898,-1.62,0,0.495,0.31017,-0.20066
92.839,-113.91,30.378,-0.48497,1.2628,0.0055312,8.0333e-05,1.4222,-5.9729,1.5187,2.2887,1.7045,0,0.495,0.30222,-0.19658
66.604,-80.412,30.391,-0.45005,1.2448,0.0055274,9.7919e-05,1.3182,-6.2171,0.69836,1.0632,1.4306,0,0.495,0.30222,-0.20065
140.88,-178.69,30.36,-0.45518,1.3688,0.0055326,6.379e-05,1.4904,-6.1646,5.1631,2.0757,2.8429,0,0.495,0.29425,-0.19658
110.01,-142.61,30.374,-0.43015,1.339,0.0055297,7.0851e-05,1.4096,-6.3638,6.1304,1.056,2.9409,0,0.495,0.29424,-0.20065
-6.6134,41.182,30.421,-0.61291,0.82728,0.0055005,0.00015346,0.83411,-5.6007,-13.902,2.4988,-2.5128,0,0.495,0.37368,-0.19665
-1.0628,24.947,30.434,-0.58132,0.81866,0.0054994,0.00017227,0.80199,-5.7254,-11.699,2.1136,-1.9312,0,0.495,0.37368,-0.20073
62.665,-75.362,30.412,-0.61725,0.86004,0.0055051,0.00010243,0.96949,-5.5423,-1.3724,1.3285,1.7602,0,0.495,0.36573,-0.19665
49.643,-56.507,30.422,-0.57939,0.85727,0.005503,0.00013264,0.9105,-5.7365,-1.8793,0.88082,1.4543,0,0.495,0.36574,-0.20072
114.74,-141.14,30.385,-0.61142,0.94833,0.0055081,7.19e-05,1.0747,-5.555,2.7377,1.2836,2.6976,0,0.495,0.3578,-0.19664
94.392,-118.04,30.396,-0.5791,0.93358,0.0055064,7.8167e-05,1.0263,-5.7243,3.3604,0.86683,2.7903,0,0.495,0.3578,-0.20071
2902.5,-3213.8,29.658,1.7741,-1.706,0.17096,0.0003595,146,-2.8568,-1.6251,54.909,20.354,0,0.495,0.031325,-0.24038
8255.9,-2607.8,29.108,1.1863,-2.4119,0.26344,0.00038675,241.67,-0.57983,90.73,115.37,-17.589,0,0.495,0.015439,-0.24036
1769.8,-5198.7,29,2.1801,-1.8316,0.5154,0.00069548,299.92,-2.634,8.4774,132.13,53.152,0,0.495,0.031332,-0.23238
16725,-4723.5,27.743,1.5144,-2.6648,0.72303,0.00064355,432.42,0.27638,108.56,259.02,-41.95,0,0.495,0.015447,-0.23236
28085,-7859.7,24.883,1.9624,-2.7577,1.7906,0.00095694,742.4,0.85352,119.03,481.48,-93.427,0,0.495,0.015453,-0.22435
60435,-6051.3,23.379,1.4959,-3.1841,1.68,0.00067483,729.88,1.742,218.36,590.87,-340.59,0,0.495,0,-0.22434
31910,-2970.7,27.03,1.2006,-3.0047,0.72359,0.00047992,475.54,0.76659,206.03,332.99,-152.61,0,0.495,0,-0.23235
-3029.6,-7619.2,27.497,2.7425,-1.8194,1.4521,0.0012476,606.51,-2.9305,17.743,278.41,122.21,0,0.495,0.031337,-0.22438
13342,-1377.1,28.813,0.96461,-2.6674,0.2768,0.00030393,292.49,-0.36759,182.88,150.41,-61.772,0,0.495,0,-0.24035
578.32,-627.07,30.403,1.9025,0.68434,0.0080368,7.4842e-05,23.622,-12.112,-1.8222,5.7537,1.7719,0,0.495,0.094928,-0.24052
928.97,-972.34,30.321,2.086,0.28956,0.011011,8.181e-05,33.091,-10.781,-6.0607,6.0083,3.7224,0,0.495,0.079071,-0.24049
762.44,-818.61,30.364,2.0554,0.82149,0.0096678,8.9956e-05,28.743,-12.925,-0.97957,6.2665,2.0699,0,0.495,0.094931,-0.23252
1249.9,-1291.4,30.277,2.2936,0.38845,0.018335,0.00011912,43.847,-11.631,-4.127,8.837,4.823,0,0.495,0.079075,-0.23249
1173.9,-3177.9,29.874,2.8227,-0.13926,0.2124,0.00060488,159.38,-10.929,11.568,49.179,26.481,0,0.495,0.063216,-0.22446
1547.6,-1979.2,30.193,2.5704,0.52495,0.054276,0.00026456,72.984,-12.811,5.4171,19.436,9.9505,0,0.495,0.079078,-0.22446
1862.9,-2121.9,30.09,2.4222,-0.26695,0.060756,0.00022172,80.544,-9.67,-1.6576,19.588,10.371,0,0.495,0.063215,-0.23246
1159.2,-1242.5,30.326,2.246,0.98648,0.016622,0.00013073,38.765,-13.975,4.9391,8.6919,3.943,0,0.495,0.094935,-0.22448
1446.7,-1468.5,30.176,2.1414,-0.32611,0.02329,0.00011149,51.205,-8.867,-6.5417,8.9925,5.0607,0,0.495,0.063211,-0.24046
179.99,-224.73,30.521,0.9818,1.4173,0.0058868,6.1479e-05,5.9382,-12.736,2.2812,2.9474,0.69086,0,0.495,0.1586,-0.24019
241.2,-288.7,30.524,1.1998,1.3902,0.0060692,5.7254e-05,8.2512,-13,-0.39971,2.8315,0.81918,0,0.495,0.1426,-0.24041
223.9,-268.95,30.496,0.99602,1.5561,0.0059543,5.7672e-05,6.9281,-13.079,1.3053,3.4211,0.63294,0,0.495,0.15859,-0.23226
277.85,-322.39,30.499,1.2409,1.5343,0.0061846,5.7436e-05,9.699,-13.432,-2.4126,3.5568,1.033,0,0.495,0.14263,-0.23224
519.32,-580.64,30.443,1.5466,1.505,0.0069215,6.8221e-05,16.46,-14.346,-3.8733,4.5218,2.0309,0,0.495,0.12667,-0.22446
332.94,-380.82,30.475,1.2655,1.6821,0.0062941,5.899e-05,11.037,-13.986,-1.6323,4.1636,1.2592,0,0.495,0.14259,-0.22431
401.36,-451.18,30.467,1.4923,1.3425,0.0066521,6.4546e-05,14.472,-13.635,-5.7983,4.3539,1.9347,0,0.495,0.12666,-0.23253
262.95,-311.81,30.473,1.0033,1.6996,0.00601,5.5767e-05,7.7847,-13.437,2.4756,3.316,0.87059,0,0.495,0.15858,-0.22409
368.7,-421.26,30.496,1.4217,1.1892,0.0064453,5.8669e-05,12.542,-13.034,-3.9056,3.887,1.5885,0,0.495,0.12665,-0.24055
109.68,-136.41,30.487,0.41181,1.6319,0.0056017,7.2401e-05,2.2177,-10.946,0.050302,1.9639,0.089123,0,0.495,0.20644,-0.2327
129.07,-160.48,30.471,0.54209,1.7094,0.0057042,6.7755e-05,3.7233,-11.718,-6.4322,3.2103,0.6765,0,0.495,0.1905,-0.22407
124.07,-149.37,30.461,0.38238,1.7269,0.0056139,7.0023e-05,2.4349,-10.922,-0.59858,2.6538,0.3725,0,0.495,0.2065,-0.22465
118.4,-150.99,30.502,0.57488,1.6019,0.005687,6.895e-05,3.402,-11.666,-6.4107,3.1033,0.57734,0,0.495,0.19053,-0.23251
67.713,-83.153,30.424,-0.081926,1.4088,0.0055138,8.8865e-05,1.0219,-8.4644,0.89404,1.4307,-0.27382,0,0.495,0.27019,-0.23288
75.784,-90.396,30.398,-0.12312,1.4683,0.0055177,8.6256e-05,1.0906,-8.1832,0.53536,1.7627,0.093319,0,0.495,0.2702,-0.22483
41.175,-48.959,30.385,-0.33797,1.1276,0.005493,0.00011516,0.70929,-7.2011,-0.019955,1.2835,-0.24804,0,0.495,0.33396,-0.23288
42.824,-48.67,30.365,-0.3759,1.1598,0.0054952,0.00011528,0.74638,-6.8957,0.51938,0.61151,0.13611,0,0.495,0.33396,-0.22489
26.489,-29.73,30.392,-0.43174,0.852,0.0054814,0.00016055,0.52992,-6.9201,0.13891,0.86912,-0.19538,0,0.495,0.39748,-0.23294
18.669,-19.516,30.38,-0.4587,0.8658,0.0054829,0.00016505,0.55439,-6.6871,2.0229,-0.38813,0.15657,0,0.495,0.39749,-0.22496
1158.6,-790.52,30.14,0.65422,-1.5347,0.014174,4.9909e-05,57.003,-3.3966,53.641,8.4147,5.9952,0,0.495,0.015415,-0.26436
1922.5,-1103.3,29.981,0.78855,-1.7997,0.032416,8.9158e-05,82.74,-2.4583,63.125,20.853,1.1965,0,0.495,0.015423,-0.25636
2300.1,-558.37,29.903,0.62847,-1.9099,0.03477,7.1462e-05,107.06,-2.5488,133.24,23.844,-2.6163,0,0.495,0,-0.25635
1335.3,-519.68,30.074,0.51551,-1.5911,0.01479,3.7138e-05,73.536,-3.569,111.18,8.7837,8.3785,0,0.495,0,-0.26435
479.81,-517.7,30.453,1.3848,0.15638,0.0064749,4.7961e-05,11.911,-9.5434,-4.4826,1.8952,1.9594,0,0.495,0.07906,-0.26448
828.34,-874.61,30.415,1.6267,0.18049,0.007135,4.4633e-05,19.066,-9.7336,4.4822,4.7014,2.6854,0,0.495,0.079064,-0.25649
102.68,-133.76,30.533,0.94436,1.0673,0.0057812,7.7959e-05,4.0437,-11.977,-3.7076,1.2643,-0.21938,0,0.495,0.14264,-0.26434
192.59,-232.33,30.53,1.0254,1.159,0.005858,6.1457e-05,5.2806,-12.244,3.9177,-0.052971,0.33543,0,0.495,0.14265,-0.2563
63.505,-83.954,30.528,0.41789,1.2658,0.0055469,9.3074e-05,1.3301,-10.953,-2.1229,1.3056,-0.86574,0,0.495,0.20642,-0.26478
52.762,-65.082,30.487,0.044895,1.1432,0.0054971,0.00010609,0.73792,-9.2742,-0.26582,1.3732,-1.246,0,0.495,0.27017,-0.26484
38.724,-47.269,30.45,-0.16678,0.93856,0.0054839,0.00012597,0.56283,-8.1553,0.44947,1.2823,-0.84006,0,0.495,0.33395,-0.26481
24.361,-30.102,30.44,-0.27063,0.72836,0.0054764,0.00016064,0.45744,-7.6678,1.0805,1.1203,-0.40685,0,0.495,0.39748,-0.26487
773.88,-9675.7,24.553,3.3904,-1.5803,3.5896,0.0021025,1095.9,-4.2151,13.453,493.42,232.68,0,0.495,0.031332,-0.21636
45171,-14617,20.01,2.4648,-2.6472,3.817,0.0013841,1163.9,0.67351,104.77,693.58,-188.62,0,0.495,0.01545,-0.21634
16211,-9300,19.662,3.9555,-1.0352,7.6913,0.0033125,1697,-6.957,-15.391,748.43,343.96,0,0.495,0.031312,-0.20832
64921,-26619,13.769,2.8065,-2.4752,6.6624,0.0019603,1585.5,-1.1939,56.899,743.56,-341.78,0,0.495,0.015433,-0.2083
78912,-17081,17.518,1.8332,-3.2027,3.3265,0.00093662,1037.2,2.026,202.58,766.09,-654.77,0,0.495,0,-0.21633
80093,-40891,11.039,1.987,-3.3899,5.3681,0.0012285,1329.6,0.51477,159.85,655.16,-1051.6,0,0.495,0,-0.20829
-6836,-5918.6,27.733,3.6094,-0.68168,2.0094,0.0021839,686.85,-9.8894,19.898,267.35,139.72,0,0.495,0.047308,-0.2164
-15029,-5845.7,24.919,4.1715,-0.17354,5.6713,0.0038127,1257.1,-13.036,21.341,513.37,254.54,0,0.495,0.047273,-0.20835
-585.7,-4726.2,29.121,3.0083,-0.92672,0.67103,0.0010531,340.17,-7.8726,15.714,127.74,64.583,0,0.495,0.047321,-0.22442
-1616.1,-3888,29.34,3.3415,0.086254,0.7392,0.0015796,338.75,-12.919,15.771,115.52,63.573,0,0.495,0.063207,-0.21643
-7713.2,-4735.4,28.095,3.7961,0.4857,2.5918,0.0031072,700.11,-15.656,21.617,245.19,138.69,0,0.495,0.063178,-0.20839
1541.2,-1625.5,30.256,2.5127,1.2141,0.048306,0.00030917,62.525,-15.276,5.4607,14.204,9.1859,0,0.495,0.094939,-0.21641
1211.8,-2523.7,29.997,2.9511,0.73957,0.2038,0.00081066,144.93,-14.465,7.499,40.988,24.348,0,0.495,0.079081,-0.21639
1629.2,-1948.6,30.137,2.7182,1.4937,0.17522,0.00086111,111.92,-16.874,1.3268,21.355,20.48,0,0.495,0.094932,-0.20836
-471.8,-3203.6,29.589,3.263,1.0545,0.77859,0.001931,300.09,-16.584,8.8794,80.505,59.6,0,0.495,0.079069,-0.20834
1073.2,-1156.7,30.364,2.0655,1.4954,0.014109,0.00012631,32.142,-15.431,3.1285,6.8973,4.0032,0,0.495,0.1108,-0.21643
1233.1,-1315.2,30.319,2.1949,1.76,0.035914,0.00025911,46.21,-16.653,-1.4234,8.1679,6.7832,0,0.495,0.1108,-0.20841
794.02,-859.91,30.397,1.8957,1.2695,0.0086682,8.4658e-05,24.213,-14.385,1.2311,5.4083,2.4195,0,0.495,0.1108,-0.22446
693.51,-771.63,30.416,1.6366,1.7048,0.0078099,7.8715e-05,19.742,-15.165,-0.81324,5.1889,2.4317,0,0.495,0.12667,-0.21643
800.67,-878.54,30.383,1.7102,1.9344,0.010976,0.00010946,24.35,-16.072,-2.3002,5.9863,3.0584,0,0.495,0.12667,-0.20842
312.54,-371.86,30.45,1.0254,1.8606,0.0060918,5.4589e-05,8.9295,-13.838,3.471,3.3794,1.4937,0,0.495,0.15858,-0.21602
408.96,-470.89,30.445,1.3093,1.8495,0.006508,6.3249e-05,12.964,-14.601,-0.039902,4.7552,1.8219,0,0.495,0.14259,-0.21627
356.85,-420.09,30.425,1.0366,2.0338,0.0062157,5.7277e-05,10.194,-14.237,1.584,4.2581,2.0569,0,0.495,0.15858,-0.20801
468.62,-534.19,30.412,1.339,2.0372,0.0069902,7.3933e-05,15.153,-15.245,-1.2995,5.5013,2.35,0,0.495,0.14259,-0.20825
259.09,-307.79,30.451,0.74059,1.8093,0.0058666,5.2442e-05,6.2126,-12.844,0.24292,2.9467,1.0998,0,0.495,0.17459,-0.21605
306.63,-359.1,30.427,0.73535,1.9679,0.0059239,5.0762e-05,7.0815,-13.058,0.57222,3.581,1.396,0,0.495,0.17459,-0.20804
203.56,-242.2,30.475,0.74826,1.6653,0.0058211,5.7733e-05,5.3938,-12.612,-1.9664,3.0723,0.98448,0,0.495,0.17459,-0.22412
157.92,-195.84,30.441,0.5073,1.8261,0.0057289,6.4338e-05,4.2228,-11.81,-4.4743,2.9364,0.67662,0,0.495,0.1905,-0.21602
188.43,-227.97,30.414,0.4829,1.9502,0.0057612,6.1558e-05,4.7975,-11.856,-2.3856,3.1282,0.96194,0,0.495,0.19051,-0.208
141.61,-172.16,30.42,0.18346,1.6907,0.0055893,6.5088e-05,2.1776,-10.01,3.6735,1.7671,1.0483,0,0.495,0.2224,-0.21661
133.65,-163.48,30.43,0.34723,1.8266,0.0056318,6.7987e-05,2.7694,-10.88,-0.13615,2.5141,0.65106,0,0.495,0.20652,-0.21653
151.89,-182.06,30.397,0.14771,1.7901,0.0056025,6.3317e-05,2.4365,-9.7992,4.1707,1.561,1.4047,0,0.495,0.22242,-0.20855
145.7,-176.19,30.403,0.31548,1.9284,0.0056544,6.6062e-05,3.1717,-10.785,0.38393,2.4502,1.0719,0,0.495,0.20653,-0.2085
91.445,-116.79,30.422,0.030873,1.5553,0.0055635,7.7803e-05,1.8123,-9.1875,-1.8505,1.683,0.47693,0,0.495,0.23828,-0.21667
108.97,-132.53,30.4,-0.014193,1.6423,0.0055749,7.3297e-05,2.0445,-8.9063,-0.2256,1.2556,0.67655,0,0.495,0.23829,-0.20858
54.735,-70.242,30.399,-0.085149,1.5518,0.0055427,9.4581e-05,1.4777,-8.4622,-6.93,1.7827,-0.74672,0,0.495,0.25418,-0.2167
66.109,-79.439,30.377,-0.14454,1.6187,0.0055521,9.5042e-05,1.661,-8.1324,-5.0803,0.90267,-0.50308,0,0.495,0.25419,-0.20863
90.012,-109.74,30.389,-0.26056,1.3347,0.0055196,7.9182e-05,1.1633,-7.406,5.0546,0.54615,2.1162,0,0.495,0.28616,-0.21684
77.673,-93.643,30.37,-0.17565,1.5304,0.005524,8.767e-05,1.2048,-7.8757,0.19279,1.0584,0.45158,0,0.495,0.2702,-0.21679
96.758,-115.13,30.373,-0.30914,1.3875,0.0055261,7.7591e-05,1.2962,-7.0147,5.2498,0.11118,2.2898,0,0.495,0.28617,-0.20882
81.438,-95.795,30.351,-0.22876,1.5854,0.0055317,9.069e-05,1.3445,-7.5068,0.65273,0.21637,0.68724,0,0.495,0.2702,-0.20877
40.714,-49.128,30.419,-0.33777,1.1713,0.0055159,0.00012643,1.0779,-7.0415,-2.7587,0.37661,0.20423,0,0.495,0.30218,-0.21684
45,-52.502,30.406,-0.39515,1.214,0.0055219,0.00011712,1.1937,-6.6533,-1.8535,0.13021,0.38928,0,0.495,0.30219,-0.20881
13.944,-11.393,30.384,-0.37581,1.1969,0.0055068,0.00015703,0.90884,-6.768,-8.3218,0.26963,-1.9649,0,0.495,0.31809,-0.21686
15.436,-12.131,30.374,-0.44139,1.2291,0.0055118,0.00015673,0.99213,-6.3872,-7.9307,-0.3974,-1.7307,0,0.495,0.3181,-0.20883
53.614,-65.164,30.394,-0.45122,0.99912,0.0054985,9.8588e-05,0.82802,-6.4597,5.9511,-0.60127,2.8202,0,0.495,0.34986,-0.2169
44.593,-49.778,30.35,-0.42319,1.1941,0.0054992,0.00011731,0.81893,-6.5695,-0.034683,-0.59879,0.41038,0,0.495,0.33397,-0.21688
68.081,-79.944,30.388,-0.49569,1.019,0.0055032,9.1808e-05,0.93145,-6.1047,5.0869,-0.6062,2.5987,0,0.495,0.34986,-0.20887
49.743,-53.304,30.346,-0.47648,1.2197,0.0055037,0.00012344,0.90396,-6.1957,-0.18329,-1.2269,0.46002,0,0.495,0.33398,-0.20885
17.626,-19.978,30.44,-0.46747,0.84079,0.0054963,0.00021845,0.75904,-6.4173,-1.7833,-0.23881,0.36398,0,0.495,0.36574,-0.21692
26.763,-28.469,30.432,-0.51977,0.85722,0.0054998,0.00017406,0.83237,-6.0941,-2.7041,0.13595,0.39662,0,0.495,0.36575,-0.20889
2.3357,4.547,30.41,-0.46919,0.87773,0.0054899,0.00027378,0.63785,-6.4154,-7.4456,-0.69833,-2.1015,0,0.495,0.38164,-0.21694
3.3038,5.7379,30.408,-0.52788,0.88846,0.0054923,0.00023055,0.67926,-6.1257,-8.4922,-0.55246,-1.8418,0,0.495,0.38168,-0.2089
24.918,-31.122,30.425,-0.47583,0.69183,0.0054846,0.00012275,0.59477,-6.4995,6.7352,-0.57261,2.3716,0,0.495,0.41336,-0.21698
12.531,-11.077,30.379,-0.48311,0.88237,0.0054856,0.0001701,0.60186,-6.4407,2.3099,-1.4994,0.29216,0,0.495,0.39751,-0.21696
27.79,-25.376,30.384,-0.51579,0.88731,0.0054881,0.0001585,0.65227,-6.1687,0.15397,-1.2699,0.021809,0,0.495,0.39756,-0.20892
15.407,-19.306,30.462,-0.46165,0.56536,0.0054829,0.00019046,0.55016,-6.5847,-2.6252,0.33574,0.16188,0,0.495,0.42924,-0.217
3.411,-1.1446,30.444,-0.44458,0.57828,0.00548,0.0002598,0.50438,-6.6219,-6.0645,-0.096246,-1.5505,0,0.495,0.44184,-0.21699
2074.8,-3287.7,29.746,2.51,-1.0143,0.20228,0.00044622,159.54,-6.8192,4.721,54.169,25.712,0,0.495,0.047324,-0.23243
2193.2,-2173.9,29.994,2.1451,-0.99586,0.062628,0.00019488,82.885,-6.3512,-2.2182,21.214,9.5952,0,0.495,0.047322,-0.24043
2060.4,-2148.6,29.953,1.493,-1.526,0.056221,0.00016568,77.81,-3.3298,-4.5344,24.083,7.432,0,0.495,0.031318,-0.24838
3727.1,-1626,29.7,0.95797,-2.1055,0.089933,0.00019237,136.16,-1.5227,74.905,47.316,-5.7874,0,0.495,0.015431,-0.24836
5116.7,-806.21,29.571,0.77834,-2.2806,0.09708,0.00015641,174.43,-1.4886,157.65,59.612,-21.814,0,0.495,0,-0.24835
1589.3,-1638.5,30.113,1.8519,-0.93452,0.022233,8.8243e-05,51.579,-6.2332,-0.33646,10.905,3.4964,0,0.495,0.047318,-0.24843
1255.7,-1298.2,30.237,1.8792,-0.34969,0.011761,6.2779e-05,37.438,-8.3809,-1.9748,6.7987,3.5605,0,0.495,0.063207,-0.24846
540.53,-593.51,30.422,1.7831,1.0978,0.0074303,7.4682e-05,20.249,-13.518,-2.9116,5.0073,1.8732,0,0.495,0.11079,-0.23252
444.27,-497.51,30.455,1.6791,0.9424,0.0069623,6.6061e-05,17.364,-12.813,-2.4571,4.7093,1.5636,0,0.495,0.11078,-0.24055
517.28,-565.62,30.44,1.7546,0.56927,0.0070784,5.9063e-05,19.487,-11.463,3.4196,4.7709,1.2944,0,0.495,0.094924,-0.24852
873.88,-922.58,30.369,1.8805,0.21881,0.0080771,5.6502e-05,26.272,-10.151,-0.26204,5.7725,3.3475,0,0.495,0.079067,-0.24849
435.85,-488.7,30.48,1.5677,0.80936,0.0066123,5.5277e-05,14.871,-12.227,2.0724,2.9271,1.1441,0,0.495,0.11078,-0.24855
385.38,-433.14,30.516,1.3315,1.0562,0.006268,5.1896e-05,10.753,-12.506,0.088735,1.8757,1.3014,0,0.495,0.12665,-0.24856
169.74,-207.91,30.499,0.7656,1.5392,0.0057905,6.13e-05,4.8343,-12.372,-3.4226,3.3996,0.98001,0,0.495,0.17457,-0.23193
145.69,-183.46,30.529,0.77799,1.412,0.0057568,6.5051e-05,4.2597,-12.219,-2.9552,3.1825,0.98276,0,0.495,0.17458,-0.24016
137.29,-172.87,30.536,0.95026,1.2975,0.0058224,6.7031e-05,4.9701,-12.434,5.4321,1.0716,0.90182,0,0.495,0.1586,-0.24829
227.29,-267.55,30.538,1.1358,1.2671,0.0059606,5.6991e-05,6.8221,-12.58,3.4861,0.78853,0.72558,0,0.495,0.1426,-0.24846
123.54,-154.05,30.55,0.77526,1.301,0.0057287,7.0515e-05,3.7425,-12.023,-0.49251,1.5762,1.1268,0,0.495,0.17456,-0.24822
147.98,-182.37,30.316,-0.3432,-1.5733,0.0055378,6.2386e-05,1.5581,-6.5493,0.044783,2.4652,-1.97,0,0.495,0.27832,0.19655
115.42,-141.82,30.316,-0.31495,-1.6653,0.0055422,7.216e-05,1.5741,-6.89,2.9844,2.4194,-0.64389,0,0.495,0.2702,0.19662
133.43,-165.53,30.331,-0.30389,-1.5502,0.0055349,6.5179e-05,1.4796,-6.7228,2.173,1.3666,-2.2937,0,0.495,0.27828,0.20062
73.001,-91.762,30.339,-0.53264,-1.2413,0.0055077,9.6562e-05,1.0014,-5.8076,1.9122,-0.22129,-1.493,0,0.495,0.33398,0.20069
103.63,-129.04,30.328,-0.57101,-1.2518,0.0055102,7.4508e-05,1.0787,-5.5815,2.6938,1.1184,-1.7598,0,0.495,0.33398,0.19662
40.915,-29.442,30.322,-0.53725,-1.3383,0.0055073,0.00011926,0.94254,-5.8569,-5.6002,-0.49054,1.0391,0,0.495,0.32604,0.20068
53.929,-38.083,30.314,-0.5659,-1.3525,0.0055093,0.00010563,0.99382,-5.6613,-6.0569,0.50879,1.0415,0,0.495,0.32604,0.19661
100.82,-123.82,30.354,-0.53518,-1.1487,0.0055086,7.4668e-05,1.0647,-5.6626,3.4893,0.34707,-2.3497,0,0.495,0.34192,0.20069
122.33,-148.2,30.344,-0.5714,-1.1566,0.0055105,6.9218e-05,1.1213,-5.5044,1.1066,1.4264,-1.8601,0,0.495,0.34192,0.19662
59.007,-69.348,30.366,-0.6228,-0.91443,0.0054908,9.9097e-05,0.7165,-5.7062,3.8555,0.14313,-1.3027,0,0.495,0.39753,0.19668
25.205,-6.5131,30.354,-0.63716,-0.97826,0.0054902,0.00015526,0.6776,-5.6996,-6.2433,0.28636,1.2388,0,0.495,0.38959,0.19667
56.491,-59.005,30.377,-0.58058,-0.89063,0.00549,0.00011552,0.69787,-5.8715,1.0065,-0.32629,-0.55909,0,0.495,0.39755,0.20077
25.896,-8.0513,30.36,-0.60896,-0.97297,0.0054893,0.00015088,0.65527,-5.8431,-7.1966,-0.24796,1.4923,0,0.495,0.38961,0.20075
4557,-15232,11.821,-10.302,1.0277,18.143,0.018434,896.01,4.2823,-173.04,-46.371,-24.085,0,0.495,0.039466,0.007981
2871.4,-7827.2,11.593,-9.6805,1.4906,18.783,0.019636,891.25,2.2275,-226.68,-58.487,-24.289,0,0.495,0.039466,0.011971
3521.9,-7040.3,12.189,-11.346,0.73817,17.744,0.019868,888.73,-5.8713,-184.47,-52.94,-23.897,0,0.495,0.047381,0.007981
1250.8,-650.92,11.938,-10.643,1.0553,18.598,0.020942,886.35,-7.677,-238.41,-65.095,-24.664,0,0.495,0.047381,0.011971
7848.2,-11887,11.034,-7.8028,2.5778,19.661,0.018613,904.35,11.578,-243.5,-56.294,-17.442,0,0.495,0.031551,0.015962
971.33,-603.15,11.331,-8.9688,1.9065,19.272,0.021128,879.06,-0.50663,-260.16,-63.798,-23.762,0,0.495,0.039466,0.015962
11248,-20609,11.272,-8.4098,2.0001,19.31,0.016852,918.39,14.801,-209.49,-51.082,-19.319,0,0.495,0.031551,0.011971
15937,-29004,11.475,-8.94,1.369,18.852,0.015591,926.14,17.214,-159.11,-40.086,-20.241,0,0.495,0.031551,0.007981
-3134.4,5253.9,11.659,-9.8454,1.3312,19.246,0.021991,875.33,-10.062,-269.4,-69.404,-25.282,0,0.495,0.047381,0.015962
5158.7,-12309,12.371,-11.849,0.3832,16.949,0.019034,885.06,-4.772,-102.95,-31.016,-27.089,0,0.495,0.047381,0.0039908
1904.9,-6887.8,12.806,-12.705,0.26428,16.525,0.018623,887.28,-12.315,-111.85,-35.494,-31.562,0,0.495,0.055296,0.0039908
1278.6,-2240,12.599,-12.135,0.49863,17.56,0.019653,893.49,-13.352,-197.77,-59.058,-28.198,0,0.495,0.055296,0.007981
1844.1,-3803.3,13.261,-13.344,0.16245,16.216,0.01809,896.34,-17.487,-122.08,-41.09,-31.477,0,0.495,0.063231,0.0039909
160.95,283.72,13.025,-12.705,0.29329,17.511,0.019348,904.96,-18.434,-212.77,-66.204,-27.935,0,0.495,0.06323,0.007981
-2126.7,3270.4,12.324,-11.35,0.69324,18.658,0.020901,892.8,-14.988,-250.92,-69.624,-29.479,0,0.495,0.055295,0.011971
-8042.9,8979.4,12.429,-10.879,0.43473,19.848,0.022179,895.09,-21.73,-288.25,-71.204,-32.402,0,0.495,0.06323,0.015962
-4147.1,5022.7,12.727,-11.837,0.38343,18.857,0.020828,905.48,-19.9,-264.89,-74.181,-29.711,0,0.495,0.06323,0.011971
-6512.9,8130.3,12.033,-10.471,0.84793,19.482,0.022085,882.3,-17.08,-278.4,-70.95,-31.068,0,0.495,0.055295,0.015962
10340,-21174,11.982,-10.743,0.5278,17.554,0.017651,895.15,5.4809,-95.829,-26.763,-27.069,0,0.495,0.039467,0.0039908
24116,-35664,11.616,-9.3207,0.70045,18.431,0.014818,928.46,18.586,-88.349,-23.213,-23.313,0,0.495,0.031551,0.0039907
12719,-19914,10.56,-5.7902,3.9881,20.51,0.017265,954.7,20.969,-238.29,-48.419,-16.386,0,0.495,0.023633,0.019952
28456,-35051,10.35,-4.0792,4.8772,20.813,0.015168,1153.9,34.663,-198.09,-35.305,-10.202,0,0.495,0.015712,0.019952
10360,-12062,10.322,-5.2904,4.6032,20.495,0.018992,934.07,15.883,-253.66,-48.9,-13.401,0,0.495,0.023633,0.023943
23742,-26072,10.155,-3.7302,5.6374,20.642,0.016324,1138.3,28.825,-213.46,-35.485,-5.1223,0,0.495,0.015712,0.023943
17687,-29177,10.786,-6.2947,3.3036,20.425,0.015725,973.84,25.537,-215.84,-45.2,-19.562,0,0.495,0.023633,0.015962
4088.1,-4238.9,10.776,-7.1706,3.0962,19.858,0.020481,885.68,7.7102,-265.65,-59.818,-16.245,0,0.495,0.031551,0.019952
36037,-45282,10.534,-4.4345,4.0342,20.908,0.014006,1168.7,39.887,-178.03,-32.815,-15.283,0,0.495,0.015712,0.015962
-317.58,1736.6,10.507,-6.5469,3.5581,19.918,0.022031,864.54,3.3671,-279.17,-60.995,-15.481,0,0.495,0.031551,0.023943
19010,-18695,9.952,-3.3979,6.3181,20.415,0.01719,1122.4,22.566,-225.91,-36.961,0.24813,0,0.495,0.015712,0.027933
-20185,-78380,10.056,-1.9707,7.447,16.394,0.0085564,2675.9,36.155,360.11,-22.165,1281.4,0,0.495,0.0077876,0.027933
-13241,-88704,10.21,-2.1622,6.6286,16.634,0.0084336,2694.6,43.313,314.2,-20.743,1267.9,0,0.495,0.0077876,0.023943
43544,-69518,9.8934,-1.7884,8.1852,16.131,0.0084776,2655,28.755,401.93,-22.06,1295.2,0,0.495,0.0077876,0.031924
68545,-1.2191e+05,10.114,-1.1964,8.8157,12.485,0.0013591,4041.9,35.491,1021.7,-1.9956,2564.8,0,0.495,0,0.031924
-64482,-1.3343e+05,10.253,-1.3201,8.0082,12.666,0.0014009,4071,43.366,925.73,-3.8048,2542.4,0,0.495,0,0.027933
15239,-12847,9.742,-3.0868,6.9255,20.157,0.017839,1106.6,16.119,-236.52,-37.115,5.2609,0,0.495,0.015712,0.031924
-57670,-1.463e+05,10.386,-1.446,7.1153,12.825,0.0014409,4096.5,50.984,819.97,-4.104,2520.6,0,0.495,0,0.023943
7483.3,-5895.4,10.077,-4.8135,5.1496,20.409,0.020681,913.45,10.445,-263.82,-50.021,-9.9489,0,0.495,0.023633,0.027933
-5990.1,8406.8,9.9477,-5.4084,4.3313,19.828,0.024131,822.1,-6.0056,-288.13,-63.452,-12.941,0,0.495,0.031551,0.031924
-3853.1,5905.4,10.231,-5.9543,3.968,19.89,0.023302,842.85,-1.2579,-286,-62.704,-14.017,0,0.495,0.031551,0.027933
5412.8,-1427.3,9.8256,-4.369,5.6329,20.285,0.021925,894.03,4.8505,-270.45,-50.05,-6.8596,0,0.495,0.023633,0.031924
-19881,-1.0039e+05,10.358,-2.3609,5.7248,16.838,0.0080116,2710.9,49.965,263.63,-21.024,1255.1,0,0.495,0.0077877,0.019952
-71791,-1.7511e+05,10.627,-1.7082,5.0659,13.082,0.0015128,4137.3,64.378,573.71,-5.9712,2480.2,0,0.495,0,0.015962
-79741,-1.6022e+05,10.511,-1.5743,6.1355,12.962,0.0014784,4118.3,58.073,702.8,-6.015,2499.8,0,0.495,0,0.019952
-10932,-1.1317e+05,10.496,-2.5651,4.731,17.001,0.0075001,2725.7,55.888,208.6,-19.281,1242.8,0,0.495,0.0077877,0.015962
-8028.8,9938.7,11.37,-9.027,1.5666,19.617,0.022897,856.94,-12.882,-284.21,-71.242,-27.448,0,0.495,0.047381,0.019952
-3032.7,5301.7,11.052,-8.2326,2.2735,19.551,0.02251,860.83,-3.7847,-278.68,-66.876,-24.135,0,0.495,0.039466,0.019952
-10852,13178,11.078,-8.2365,1.7655,19.757,0.0237,833.84,-15.975,-288.78,-71.725,-30.792,0,0.495,0.04738,0.023943
-6582.2,9530.1,10.764,-7.5159,2.5961,19.649,0.023428,838.89,-7.4512,-287.35,-68.13,-25.097,0,0.495,0.039466,0.023943
-14157,14342,11.464,-8.7249,1.0516,20.133,0.023979,839.78,-22.087,-289.28,-68.376,-40.549,0,0.495,0.055295,0.023943
-15827,15641,11.187,-7.9364,1.1108,20.147,0.02475,814.21,-24.789,-283.44,-69.184,-45.863,0,0.495,0.055295,0.027933
-13258,15116,10.782,-7.5008,1.9318,19.761,0.024429,809.09,-19.214,-287.47,-73.433,-33.627,0,0.495,0.04738,0.027933
-15450,14394,11.424,-7.4356,0.36021,20.618,0.025709,802.1,-30.518,-264.29,-63.082,-63.118,0,0.495,0.063229,0.031924
-15081,14422,11.665,-8.1763,0.41033,20.643,0.024986,826.32,-28.23,-277.88,-60.99,-53.578,0,0.495,0.06323,0.027933
-16591,15967,10.904,-7.2284,1.1478,20.119,0.025477,789.82,-27.517,-274.51,-71.266,-52.424,0,0.495,0.055295,0.031924
-14007,13644,11.903,-9.0086,0.4424,20.622,0.024208,852.02,-25.974,-288.74,-61.582,-45.759,0,0.495,0.06323,0.023943
-15966,15949,10.479,-6.834,2.0702,19.728,0.025128,785.29,-22.492,-282.92,-75.319,-37.432,0,0.495,0.04738,0.031924
-10681,11893,11.744,-9.5794,0.96552,19.952,0.023109,863.6,-19.485,-289.04,-69.817,-34.858,0,0.495,0.055295,0.019952
-11293,11906,12.154,-9.9191,0.45216,20.407,0.023298,876.12,-23.776,-293.76,-65.895,-37.789,0,0.495,0.06323,0.019952
-9844,12195,10.469,-6.8431,2.8799,19.639,0.024083,815.69,-11.309,-289.83,-70.093,-25.396,0,0.495,0.039466,0.027933
-13202,13574,10.167,-6.2294,3.1291,19.598,0.024712,793.28,-15.233,-288.54,-71.447,-26.366,0,0.495,0.039466,0.031924
-358.17,-1559,15.458,-13.414,-0.29822,16.075,0.01649,974.3,-19.013,-277.87,-119.71,-38.805,0,0.495,0.10295,0.007981
-1694.4,-176.55,14.979,-12.216,-0.49082,18.45,0.018829,980.01,-19.923,-317.66,-101.67,-37.974,0,0.495,0.10295,0.011971
-302.59,-2313.9,16.008,-13.33,-0.35419,15.293,0.015575,981.28,-16.543,-285.91,-136.69,-41.156,0,0.495,0.11088,0.007981
-1306.5,-1131.3,15.467,-12.099,-0.56804,17.797,0.01802,987.75,-17.48,-323.81,-114.59,-39.627,0,0.495,0.11088,0.011971
-3372.1,2318.6,14.195,-11.093,-0.58196,20.435,0.021294,959.93,-23.039,-316.6,-59.497,-38.748,0,0.495,0.095032,0.015962
-1956.8,754.69,14.644,-10.966,-0.70298,20.098,0.020678,972.2,-20.935,-322.32,-60.55,-38.834,0,0.495,0.10295,0.015962
-2429.9,1106.2,14.507,-12.301,-0.3942,18.896,0.01951,968.73,-21.988,-309.76,-92.304,-36.327,0,0.495,0.095032,0.011971
-548.78,-677.67,14.933,-13.452,-0.23037,16.68,0.017297,964,-21.064,-267.62,-104.99,-36.019,0,0.495,0.095032,0.007981
-1190.4,-318.93,15.093,-10.819,-0.79662,19.542,0.019927,980.91,-18.492,-327.32,-66.439,-38.904,0,0.495,0.11088,0.015962
709.21,-3532.1,16.558,-14.327,-0.16321,12.561,0.013137,954.59,-15.755,-179.51,-100.23,-47.434,0,0.495,0.11088,0.0039909
502.25,-4021.8,17.209,-14.232,-0.19119,11.494,0.012011,954.83,-12.95,-184.36,-113.61,-50.439,0,0.495,0.1188,0.0039909
-470.57,-2806.7,16.588,-13.211,-0.40496,14.352,0.014565,984.49,-13.798,-290.94,-154.49,-44.734,0,0.495,0.1188,0.007981
290.24,-4605.8,17.888,-14.086,-0.22,10.353,0.010851,951.39,-9.9306,-186.27,-125.65,-52.164,0,0.495,0.12673,0.0039909
-864.7,-3262,17.202,-13.057,-0.45593,13.269,0.013475,983.67,-10.862,-292.05,-171.52,-48.256,0,0.495,0.12672,0.007981
-1301.9,-1676.5,15.978,-11.961,-0.6351,16.947,0.017092,991.54,-14.799,-327.45,-130.06,-42.825,0,0.495,0.1188,0.011971
-1468.1,-1140.4,16.033,-10.51,-0.94909,17.807,0.018064,985.85,-13.104,-332.09,-91.961,-44.052,0,0.495,0.12672,0.015962
-1681.3,-2037,16.525,-11.808,-0.70076,15.915,0.016055,991.26,-11.956,-327.75,-147.12,-47.119,0,0.495,0.12672,0.011971
-1068.1,-876.23,15.552,-10.664,-0.87452,18.775,0.019053,985.51,-15.868,-330.87,-76.89,-40.508,0,0.495,0.1188,0.015962
823.17,-2920.8,15.937,-14.372,-0.13367,13.517,0.014201,950.78,-18.273,-172.45,-86.901,-45.136,0,0.495,0.10296,0.0039909
953.6,-2383.9,15.347,-14.359,-0.098766,14.339,0.015183,943.71,-20.342,-163.87,-74.746,-41.728,0,0.495,0.095032,0.0039908
-8733.7,8012.2,13.073,-10.114,-0.3278,21.182,0.023297,909.48,-26.536,-299.97,-47.021,-45.128,0,0.495,0.079184,0.019952
-9399.6,8691.7,12.923,-9.1061,-0.47526,21.455,0.024216,886.21,-28.025,-285.02,-32.936,-56.503,0,0.495,0.079184,0.023943
-5905.5,5336.4,13.555,-10.048,-0.59319,21.34,0.023023,927.18,-25.707,-302.26,-34.519,-46.466,0,0.495,0.087109,0.019952
-4805.8,5719,13.467,-8.9969,-0.78413,21.646,0.023915,905.35,-26.946,-283.71,-13.283,-58.513,0,0.495,0.087109,0.023943
-5346.8,4342.4,13.745,-11.177,-0.41894,20.554,0.021758,944.92,-24.549,-310.67,-60.997,-39.325,0,0.495,0.087109,0.015962
-2267.3,2970.4,14.03,-9.9178,-0.78837,21.299,0.022573,943.8,-24.035,-305.45,-23.916,-45.007,0,0.495,0.095032,0.019952
-7162.8,6518.3,13.295,-11.192,-0.20006,20.47,0.022059,928.24,-25.144,-304.63,-65.143,-37.806,0,0.495,0.079184,0.015962
-280.61,3174.9,14.004,-8.8247,-1.0085,21.643,0.023425,924.17,-25.105,-284.25,5.8364,-56.716,0,0.495,0.095032,0.023943
-9555.5,8779.4,12.817,-8.1984,-0.639,21.482,0.024933,861.78,-29.52,-264.63,-26.251,-68.637,0,0.495,0.079183,0.027933
-13102,11874,12.213,-8.2516,-0.17532,21.123,0.025068,842.81,-29.645,-271.3,-45.347,-63.353,0,0.495,0.071234,0.027933
-12493,11522,12.395,-9.1228,-0.068547,21.098,0.024308,868.12,-27.822,-287.17,-48.495,-53.277,0,0.495,0.071234,0.023943
-13212,11602,12.036,-7.483,-0.2972,21.1,0.02576,819.27,-31.498,-253.12,-46.65,-75.743,0,0.495,0.071234,0.031924
-9514.8,8385.2,12.725,-7.4029,-0.81624,21.448,0.025566,839.12,-31.059,-242.28,-26.071,-83.679,0,0.495,0.079184,0.031924
-10960,10415,12.602,-10.084,0.019389,20.854,0.023382,892.09,-26.022,-297.48,-57.145,-43.423,0,0.495,0.071234,0.019952
-8603.5,8298.5,12.853,-11.106,0.084046,20.216,0.022191,911.2,-24.333,-297.34,-68.34,-36.835,0,0.495,0.071234,0.015962
-3538.6,5637.3,13.447,-8.0524,-0.98919,21.668,0.024564,882.3,-28.166,-259.7,-1.372,-72.069,0,0.495,0.087108,0.027933
1642.5,2517.9,14.207,-6.9853,-1.4829,21.53,0.024398,882.68,-27.207,-228.12,32.163,-89.738,0,0.495,0.095032,0.031924
1203.3,2994.2,14.078,-7.8427,-1.2404,21.657,0.023983,903.21,-26.125,-257.37,24.69,-70.787,0,0.495,0.095031,0.027933
-3291.1,5181.2,13.458,-7.227,-1.2066,21.601,0.025107,860.54,-29.437,-233.66,1.6877,-89.396,0,0.495,0.087109,0.031924
1148.2,-36.886,14.935,-9.573,-1.0362,20.576,0.021233,969.19,-19.363,-314.08,-12.035,-41.082,0,0.495,0.11088,0.019952
224.58,1160,14.492,-9.7521,-0.93022,21.045,0.021969,958.16,-21.847,-309.55,-15.259,-43.281,0,0.495,0.10295,0.019952
2209.5,68.016,14.995,-8.4079,-1.283,21.041,0.022007,956.21,-20.285,-290.75,38.232,-48.618,0,0.495,0.11088,0.023943
1686,1268.4,14.518,-8.6207,-1.1682,21.44,0.022776,941.54,-22.822,-286.73,24.509,-53.446,0,0.495,0.10295,0.023943
2419.2,-493.72,15.432,-8.2059,-1.3703,20.448,0.021149,966.88,-17.732,-295.62,45.485,-43.721,0,0.495,0.1188,0.023943
2126.9,-733.84,15.725,-7.1217,-1.6225,20.542,0.021436,958.38,-18.512,-265.96,96.532,-50.835,0,0.495,0.1188,0.027933
2093.3,-180.3,15.237,-7.3543,-1.5357,21.075,0.022363,942.56,-21.072,-260.91,77.246,-59.689,0,0.495,0.11088,0.027933
1693.6,-923.88,16.673,-5.9295,-1.9451,19.621,0.020314,965.95,-16.644,-238.44,155.3,-51.727,0,0.495,0.12672,0.031924
2078.4,-779.04,16.138,-6.9165,-1.698,19.855,0.020486,969.18,-15.844,-271.97,105.39,-42.813,0,0.495,0.12672,0.027933
2106.9,-1019.6,16.199,-6.165,-1.8766,20.259,0.021359,948.62,-19.332,-231.86,132.92,-65.595,0,0.495,0.1188,0.031924
2498,-595.75,15.834,-8.0257,-1.4492,19.662,0.02022,972.36,-15.067,-300.31,43.082,-40.861,0,0.495,0.12672,0.023943
2281.8,-564.63,15.61,-6.43,-1.7934,20.811,0.02244,927.59,-21.914,-227.39,101.28,-77.906,0,0.495,0.11088,0.031924
1408.6,-644.31,15.365,-9.3974,-1.1207,19.896,0.020387,975.99,-16.779,-318.3,-14.868,-39.917,0,0.495,0.1188,0.019952
1221.1,-859.78,15.794,-9.2344,-1.1994,19.011,0.019438,978.05,-14.074,-321.25,-25.216,-41.144,0,0.495,0.12672,0.019952
1962,1023.4,14.683,-7.602,-1.4153,21.453,0.02323,923.66,-23.705,-257.84,52.598,-66.73,0,0.495,0.10295,0.027933
2258.3,570.53,14.936,-6.7115,-1.6707,21.251,0.023483,905.21,-24.645,-226.03,67.022,-86.145,0,0.495,0.10295,0.031924
-1861.2,-7317.6,20.839,-11.578,-0.79312,6.8522,0.0074403,918.35,6.6929,-222.45,-172.4,-63.999,0,0.495,0.16651,0.0079812
-3699.3,-4361.5,20.121,-10.634,-1.1405,8.9568,0.0095891,932.87,5.1346,-260.56,-175.33,-79.333,0,0.495,0.16651,0.011971
-1457,-9181.4,21.63,-11.071,-0.87157,5.6698,0.0063092,895.94,10.603,-195.53,-148.83,-63.325,0,0.495,0.17448,0.0079812
-3417.5,-5977.3,21.002,-10.237,-1.2515,7.4866,0.0082003,911.39,9.027,-233.17,-156.58,-82.05,0,0.495,0.17448,0.011971
-4643.9,-1472,18.603,-9.8393,-1.3267,12.388,0.013019,951.12,-0.37007,-298.03,-152.8,-80.143,0,0.495,0.15857,0.015962
-4944.8,-2038.7,19.463,-9.6081,-1.4552,10.804,0.011537,935.81,3.4257,-277.58,-152.46,-89.682,0,0.495,0.16651,0.015962
-3605.7,-3408.6,19.283,-10.957,-1.0331,10.46,0.010987,951.17,1.2612,-283.6,-184.77,-74.224,0,0.495,0.15857,0.011971
-2000.4,-5955.8,20.056,-12,-0.71436,8.1261,0.0086387,938.34,2.7744,-245.97,-188.3,-62.799,0,0.495,0.15857,0.0079812
-4848.2,-3349.3,20.408,-9.3188,-1.5924,9.1939,0.01001,917.44,7.2523,-252,-141.52,-96.823,0,0.495,0.17448,0.015962
1765.3,-11938,22.167,-11.722,-0.45394,4.11,0.0047127,869.1,11.779,-119.4,-97.117,-47.399,0,0.495,0.17448,0.0039922
4110.1,-13961,22.838,-11.013,-0.49237,3.4232,0.0040186,849.54,15.595,-99.611,-75.282,-44.928,0,0.495,0.1826,0.0039911
-855.63,-11284,22.419,-10.467,-0.94513,4.5922,0.0052551,871.11,14.5,-166.27,-119.44,-61.918,0,0.495,0.1826,0.0079809
6817.1,-15585,23.472,-10.225,-0.52071,2.8485,0.003431,828.58,19.142,-80.041,-52.787,-40.617,0,0.495,0.19058,0.0039911
209.04,-13213,23.178,-9.7784,-1.0014,3.6495,0.0043074,844.69,18.152,-136.54,-87.875,-57.247,0,0.495,0.19058,0.0079809
-2745.4,-8036.4,21.909,-9.7506,-1.3593,6.0722,0.006836,886.21,12.984,-202.09,-129.95,-82.659,0,0.495,0.1826,0.011971
-2986.2,-7588.6,22.425,-8.4958,-1.8452,5.9965,0.0068989,866.99,15.067,-187.8,-93.996,-97.406,0,0.495,0.19058,0.015962
-1640.8,-10248,22.8,-9.1778,-1.4454,4.7687,0.0055423,858.01,16.742,-169.16,-99.192,-78.188,0,0.495,0.19058,0.011971
-4159.9,-5245,21.413,-8.9501,-1.7304,7.5704,0.0084476,894.57,11.24,-221.55,-120.93,-100.53,0,0.495,0.1826,0.015962
438.44,-9974.8,21.476,-12.33,-0.41185,4.9112,0.0055124,887.19,7.8874,-138.12,-115.73,-50.532,0,0.495,0.16651,0.0039923
56.534,-8378.5,20.767,-12.844,-0.36848,5.8375,0.0064261,904.22,3.9689,-154.81,-129.61,-52.565,0,0.495,0.15857,0.0039922
-2013.6,-558.93,16.759,-8.9533,-1.3704,16.697,0.017236,968.57,-8.3514,-319.23,-64.109,-53.982,0,0.495,0.14258,0.019952
729.17,-51.864,16.648,-7.75,-1.6175,17.531,0.018144,965.99,-9.5664,-304.4,7.9974,-47.549,0,0.495,0.14258,0.023943
-3644.9,-273.78,17.358,-8.8289,-1.4759,15.321,0.015973,958.91,-5.2104,-312.33,-86.831,-66.9,0,0.495,0.15056,0.019952
-539.59,395.68,17.147,-7.6536,-1.722,16.23,0.016969,956.11,-6.5597,-301.41,-20.044,-60.379,0,0.495,0.15056,0.023943
-4009.7,-1121.4,17.822,-10.033,-1.214,13.929,0.014438,964.45,-3.8468,-313.76,-144.12,-69.496,0,0.495,0.15056,0.015962
-4713.9,-254.27,18.087,-8.6996,-1.5976,13.82,0.014589,946.96,-1.9043,-300.3,-105.02,-81.534,0,0.495,0.15857,0.019952
-3245.2,-1125.6,17.148,-10.199,-1.1136,15.358,0.015754,974.74,-7.1276,-324.26,-128.47,-58.411,0,0.495,0.14258,0.015962
-2892.8,680.99,17.787,-7.5745,-1.8464,14.8,0.015671,944.01,-3.4127,-293.55,-47.247,-77.904,0,0.495,0.15857,0.023943
2633.8,-169.29,16.831,-6.6216,-1.856,17.961,0.018526,969.27,-10.529,-281.68,82.182,-39.095,0,0.495,0.14258,0.027933
2309.4,-564.27,16.495,-6.7482,-1.7703,18.999,0.019522,973.06,-13.267,-277.68,100.96,-37.518,0,0.495,0.13465,0.027933
2049,-382.09,16.227,-7.8732,-1.527,18.686,0.019222,971.95,-12.39,-303.62,30.232,-41.372,0,0.495,0.13465,0.023943
1781.1,-648.97,17.035,-5.7365,-2.009,18.884,0.01934,976.37,-14.157,-245.87,163.12,-38.734,0,0.495,0.13465,0.031924
1981,-158.94,17.309,-5.5942,-2.0866,17.999,0.018417,977.15,-11.47,-252.58,152.1,-32.705,0,0.495,0.14258,0.031924
164.17,-739.32,16.249,-9.0868,-1.2792,17.938,0.018389,975.35,-11.282,-321.88,-42.385,-45.552,0,0.495,0.13465,0.019952
-2225.8,-1118.7,16.558,-10.356,-1.0264,16.661,0.016964,982.09,-10.192,-330.14,-110.06,-50.133,0,0.495,0.13465,0.015962
2727,348.87,17.214,-6.5377,-1.9545,16.758,0.017464,959.23,-7.6713,-282.56,51.901,-49.599,0,0.495,0.15056,0.027933
2993.1,983.68,17.944,-5.4829,-2.2879,15.71,0.016474,953.21,-5.9035,-257.56,84.57,-55.906,0,0.495,0.15857,0.031924
1274.5,854.12,17.732,-6.4934,-2.0758,15.412,0.01629,945.66,-4.6885,-279.01,17.524,-68.59,0,0.495,0.15857,0.027933
2454,352.28,17.574,-5.5084,-2.1746,16.941,0.017488,968.43,-8.7528,-256.94,123.39,-37.823,0,0.495,0.15056,0.031924
-5655.6,-1213.1,19.907,-8.3627,-1.8967,10.626,0.01155,919.24,5.4712,-260.57,-113.15,-108.48,0,0.495,0.17448,0.019952
-5393.3,-345.23,18.933,-8.5513,-1.7397,12.256,0.013113,934.18,1.7677,-283.27,-114.84,-95.99,0,0.495,0.16651,0.019952
-5976.5,444.77,19.538,-7.399,-2.1656,11.734,0.012747,919.94,3.6816,-261.63,-76.611,-115.45,0,0.495,0.17448,0.023943
-5152,934.16,18.575,-7.4967,-1.9951,13.309,0.014269,932.25,0.12045,-280.61,-67.764,-97.007,0,0.495,0.16651,0.023943
-5679.1,-767.54,20.654,-7.2495,-2.3491,10.032,0.011087,903.82,7.6113,-236.03,-72.971,-128.57,0,0.495,0.18259,0.023943
-5304.9,652.26,20.446,-6.3969,-2.5999,10.886,0.011978,908.12,5.9159,-234.29,-39.321,-136.14,0,0.495,0.18259,0.027933
-4259.6,1400.2,19.331,-6.4512,-2.4021,12.522,0.013579,921.66,2.0697,-255.98,-32.672,-116.85,0,0.495,0.17448,0.027933
-121.22,17.085,21.643,-5.5446,-3.0158,9.7168,0.010847,894.48,7.9276,-202.53,-4.7591,-152.37,0,0.495,0.19057,0.031924
-4417.5,-1246.2,21.692,-6.2787,-2.7847,9.0786,0.010211,887.63,9.6572,-205.82,-33.648,-143.93,0,0.495,0.19057,0.027934
-914.17,1654.1,20.384,-5.5696,-2.8154,11.479,0.012561,913.25,4.2907,-227.18,-0.92991,-139,0,0.495,0.18259,0.031924
-4544.3,-2946.6,21.851,-7.0263,-2.5142,8.2237,0.0093181,880.82,11.432,-204.64,-58.741,-131.43,0,0.495,0.19057,0.023943
343.47,2020.6,19.31,-5.5427,-2.6088,13.02,0.014057,925.79,0.53998,-244.13,16.059,-113.2,0,0.495,0.17448,0.031924
-5160.3,-2766.9,20.983,-8.1079,-2.0603,8.9171,0.0098969,899.78,9.4366,-232.06,-100.19,-116.44,0,0.495,0.1826,0.019952
-3977.1,-5063.3,22.1,-7.7715,-2.2019,7.1791,0.0081943,874.17,13.28,-198.84,-78.778,-115.78,0,0.495,0.19058,0.019952
-1406.5,1452.6,18.421,-6.4712,-2.2248,14.007,0.015005,933.01,-1.3133,-270.56,-12.996,-92.05,0,0.495,0.16651,0.027933
2254.9,1762.8,18.496,-5.5004,-2.4308,14.403,0.015345,938.15,-2.6745,-253.77,45.727,-82.373,0,0.495,0.16651,0.031924
10286,-10075,26.105,-6.0114,-0.82949,1.1921,0.0017536,678.57,24.23,-26.43,21.284,-32.497,0,0.495,0.23051,0.0079815
9576.6,-9310,26.183,-5.8159,-1.2051,1.1549,0.0017008,677.37,23.633,-41.882,12.286,-39.007,0,0.495,0.23051,0.011971
8139.4,-8047.5,26.536,-5.3785,-0.74189,1.0094,0.0015812,637.31,23.325,-12.281,29.269,-30.925,0,0.495,0.23847,0.0079815
7667.4,-7400.7,26.644,-5.2431,-1.0776,0.94487,0.001482,636.32,22.832,-26.297,18.65,-35.401,0,0.495,0.23847,0.011971
10265,-10376,25.702,-6.1216,-1.7081,1.5749,0.0022063,711.04,23.053,-67.149,4.5329,-52.182,0,0.495,0.22234,0.015962
9075.1,-8678.7,26.247,-5.5547,-1.5498,1.1617,0.0017252,671.25,22.848,-49.151,12.641,-43.581,0,0.495,0.23051,0.015962
10735,-11150,25.672,-6.4463,-1.3248,1.4676,0.0020441,715.93,23.959,-59.713,1.9756,-44.47,0,0.495,0.22234,0.011971
12119,-12061,25.64,-6.7061,-0.91022,1.4286,0.0019912,716.09,24.655,-42.716,9.6295,-35.235,0,0.495,0.22234,0.0079814
7196.8,-6851.8,26.724,-5.0426,-1.3839,0.91666,0.0014485,631.41,22.175,-34.042,15.724,-38.105,0,0.495,0.23847,0.015962
8518,-8681.4,26.383,-5.4287,-0.38452,1.1157,0.0017456,638.23,23.636,-0.86376,28.176,-28.176,0,0.495,0.23847,0.0039929
6317.9,-6771.7,26.747,-4.8386,-0.33807,0.96413,0.0016173,595.18,22.391,5.6957,31.224,-26.828,0,0.495,0.24642,0.003993
6124.7,-6323.3,26.917,-4.8266,-0.6545,0.86082,0.0014468,593.97,22.136,-1.2433,34.19,-27.851,0,0.495,0.24642,0.0079815
4305.1,-5126.4,27.09,-4.3209,-0.29258,0.82243,0.0014959,548.68,20.995,10.014,31.844,-27.582,0,0.495,0.25435,0.0039933
4154.8,-4845.6,27.264,-4.3357,-0.56967,0.72816,0.0013286,546.94,20.795,6.8932,36.407,-26.868,0,0.495,0.25436,0.0079816
6042.3,-5837.9,27.044,-4.7421,-0.95306,0.79112,0.0013299,593.71,21.721,-13.648,22.807,-30.786,0,0.495,0.24642,0.011972
4360,-4198.8,27.498,-4.1915,-1.0761,0.62695,0.0011429,547.25,19.992,-11.322,18.241,-29.259,0,0.495,0.25436,0.015962
4449.4,-4517,27.402,-4.292,-0.83377,0.66078,0.0012049,547.19,20.457,-3.3408,25.489,-28.211,0,0.495,0.25436,0.011972
5697.3,-5402.7,27.135,-4.5951,-1.2254,0.75637,0.0012765,591.27,21.162,-21.86,17.128,-32.595,0,0.495,0.24642,0.015962
10760,-10857,25.983,-6.1102,-0.43035,1.2861,0.0018916,678.99,24.619,-9.7567,22.513,-27.73,0,0.495,0.2305,0.0039929
12800,-12978,25.564,-6.8601,-0.47191,1.4778,0.0020635,715.31,25.117,-20.341,14.131,-28.345,0,0.495,0.22234,0.0039921
1912.8,-9821,24.212,-6.8547,-2.3029,3.8812,0.0048516,796.1,19.402,-124.73,-24.439,-95.923,0,0.495,0.20646,0.019952
3642.3,-8149.8,24.176,-6.3279,-2.6513,4.5113,0.0056186,798.49,17.856,-129.06,-12.709,-111.5,0,0.495,0.20646,0.023943
7852.9,-10553,25.064,-6.3159,-2.22,2.6105,0.0034668,748.54,21.1,-92.8,-1.1389,-76.769,0,0.495,0.21439,0.019952
9049.4,-9344,25.119,-5.8781,-2.5655,2.9733,0.0039704,743.13,19.726,-93.553,8.4132,-88.716,0,0.495,0.21439,0.023943
6875.7,-11704,25.058,-6.7395,-1.8375,2.2549,0.0029824,752.68,22.346,-89.553,-10.733,-64.252,0,0.495,0.21438,0.015962
10382,-9630.8,25.769,-5.768,-2.0629,1.7105,0.0024279,700.63,22.009,-68.048,14.059,-59.945,0,0.495,0.22235,0.019952
1386.5,-11573,24.299,-7.3622,-1.9126,3.2401,0.0040645,793.86,20.829,-117.8,-34.483,-79.419,0,0.495,0.20646,0.015962
9846.5,-8862,25.887,-5.4028,-2.3848,1.8461,0.0026698,685.96,20.837,-65.357,22.567,-67.401,0,0.495,0.22237,0.023943
6137.8,-6541,24.195,-5.7901,-2.9566,5.0729,0.0062931,801.24,16.282,-131.27,0.99293,-125.69,0,0.495,0.20646,0.027936
-972.91,-3899.8,22.971,-6.0842,-2.9235,7.1027,0.0082893,853.74,13.174,-170.68,-17.372,-143.06,0,0.495,0.19864,0.027934
-2379.9,-5712.9,23.046,-6.7251,-2.6318,6.3475,0.0074674,846.86,14.88,-168.02,-36.135,-128.03,0,0.495,0.19864,0.023943
2982.1,-2480.6,22.976,-5.4488,-3.1727,7.697,0.0089125,860.56,11.486,-169.63,3.0789,-154.93,0,0.495,0.19864,0.031926
7234.8,-5213,24.273,-5.2522,-3.2169,5.5231,0.006827,803.77,14.686,-130.92,14.851,-137.45,0,0.495,0.20644,0.031932
-2270.1,-7762.2,23.192,-7.3567,-2.2963,5.468,0.0064835,840.23,16.608,-161.95,-51.364,-110.92,0,0.495,0.19864,0.019952
-1533.4,-10059,23.397,-7.9668,-1.9162,4.5286,0.0054112,833.84,18.25,-152.11,-63.251,-92.123,0,0.495,0.19864,0.015962
9762.4,-8081.1,25.222,-5.4311,-2.87,3.2993,0.0044332,737.1,18.291,-93.979,19.107,-99.828,0,0.495,0.2144,0.027935
8443.2,-7237.8,26.234,-4.6698,-2.9236,2.035,0.0030849,649.68,18.295,-60.497,37.744,-80.738,0,0.495,0.22257,0.031925
9199.6,-8062.2,26.039,-5.0399,-2.6756,1.9643,0.0029008,669.51,19.604,-63.059,31.258,-74.741,0,0.495,0.22253,0.027934
8978.6,-6958.6,25.368,-4.9829,-3.1314,3.555,0.0048101,730.39,16.816,-93.314,28.768,-109.35,0,0.495,0.21442,0.031932
6748.4,-6355.2,26.821,-4.8092,-1.6644,0.89313,0.0014402,618.58,21.398,-35.229,21.172,-39.69,0,0.495,0.23848,0.019953
8717.2,-8118.7,26.341,-5.263,-1.8671,1.1776,0.0017834,657.64,21.934,-49.632,20.97,-47.369,0,0.495,0.23051,0.019952
6305.3,-5867.9,26.954,-4.5647,-1.9179,0.8572,0.0014321,596.84,20.513,-32.757,28.405,-39.834,0,0.495,0.23848,0.023943
8276,-7568.3,26.482,-4.9606,-2.1546,1.1826,0.0018473,636.74,20.897,-46.139,29.301,-50.429,0,0.495,0.23051,0.023943
4946.8,-4594.2,27.346,-4.2169,-1.6986,0.69091,0.0012245,562.95,19.72,-23.108,24.883,-33.057,0,0.495,0.24642,0.023943
4567,-4212.9,27.491,-4.0177,-1.8997,0.63917,0.0011911,535.29,18.882,-20.295,29.79,-31.746,0,0.495,0.24642,0.027934
5845.4,-5391.4,27.119,-4.3191,-2.1445,0.80511,0.0014139,567.37,19.557,-28.964,34.517,-39.195,0,0.495,0.23848,0.027934
3159.6,-2956.7,27.954,-3.5857,-1.8386,0.47966,0.0010115,472.95,17.242,-10.842,27.287,-26.11,0,0.495,0.25436,0.031924
3473.2,-3252.6,27.816,-3.7443,-1.6785,0.53193,0.001052,504.38,18.032,-13.045,25.242,-28.033,0,0.495,0.25436,0.027934
4156.4,-3828.8,27.654,-3.8207,-2.0769,0.57519,0.0011464,500.32,17.979,-17.122,32.403,-29.931,0,0.495,0.24642,0.031924
3769.5,-3554.7,27.692,-3.9027,-1.4982,0.57338,0.0010839,527.69,18.759,-14.716,21.599,-29.383,0,0.495,0.25436,0.023943
5354.6,-4914.6,27.307,-4.0767,-2.3429,0.73824,0.0013813,531.93,18.532,-24.967,37.737,-38.149,0,0.495,0.23848,0.031924
5319.9,-4988.8,27.228,-4.4131,-1.474,0.72863,0.0012497,581.75,20.491,-24.313,19.653,-33.559,0,0.495,0.24642,0.019953
4067.8,-3868.3,27.588,-4.0554,-1.2977,0.60334,0.0011108,541.83,19.421,-14.696,18.354,-29.965,0,0.495,0.25436,0.019953
7780.3,-7002.2,26.662,-4.6565,-2.411,1.169,0.0019017,610.11,19.787,-41.749,36.349,-52.98,0,0.495,0.23053,0.027934
7199.3,-6392.8,26.867,-4.357,-2.6355,1.1346,0.0019371,579.5,18.614,-37.655,40.704,-54.761,0,0.495,0.23054,0.031924
853.33,-1113.1,28.63,-2.7056,-0.24843,0.1953,0.00075325,256.48,13.601,7.0051,15.579,-16.677,0,0.495,0.29428,0.007983
938.66,-1135.1,28.694,-2.7087,-0.37616,0.17142,0.00066936,253.53,13.465,6.406,14.213,-14.095,0,0.495,0.29428,0.011972
705.94,-835.85,28.81,-2.5026,-0.21679,0.12534,0.00062304,198.03,12.317,4.6869,10.859,-13.025,0,0.495,0.30222,0.0079841
750.95,-851.4,28.855,-2.5019,-0.32768,0.11046,0.00055781,195.15,12.196,4.315,10.185,-10.999,0,0.495,0.30222,0.011972
1229.8,-1475.4,28.576,-2.9347,-0.58567,0.22743,0.000712,317.2,14.6,6.7853,16.36,-15.662,0,0.495,0.28634,0.015962
976.71,-1132.9,28.755,-2.7006,-0.50347,0.1571,0.00061191,254.19,13.272,6.0534,13.447,-12.208,0,0.495,0.29428,0.015962
1129,-1490.6,28.5,-2.9456,-0.43931,0.24703,0.00077741,315.59,14.825,8.4513,18.841,-17.468,0,0.495,0.28634,0.011972
974.85,-1471.5,28.412,-2.9385,-0.29063,0.28111,0.00087751,318,14.983,9.8463,21.493,-20.244,0,0.495,0.28634,0.0079828
767.2,-851.9,28.901,-2.4941,-0.43875,0.1012,0.00051155,195.08,12.028,4.689,10.571,-9.3299,0,0.495,0.30222,0.015962
695.74,-823.93,28.763,-2.4923,-0.10856,0.14355,0.00069259,203.9,12.389,4.0403,8.5828,-15.177,0,0.495,0.30222,0.0039999
576.47,-656.73,28.922,-2.314,-0.097142,0.08352,0.00054141,150.73,11.13,3.1951,6.2297,-10.657,0,0.495,0.31016,0.0040006
585.75,-659.22,28.956,-2.3216,-0.19319,0.073528,0.00049283,145.96,11.067,3.2629,7.4187,-9.2554,0,0.495,0.31016,0.0079844
473.15,-518.73,29.042,-2.1513,-0.087683,0.044299,0.00040414,106.47,9.9614,2.9131,4.9124,-7.2812,0,0.495,0.3181,0.0040008
475.58,-518,29.069,-2.1581,-0.17392,0.039679,0.00037495,103.05,9.9055,2.6407,5.3329,-6.4796,0,0.495,0.3181,0.0079844
608.57,-666.17,28.986,-2.3184,-0.29087,0.065549,0.00044724,143.66,10.963,2.8343,6.9268,-7.86,0,0.495,0.31016,0.011972
488.64,-517.82,29.115,-2.1467,-0.34805,0.033882,0.00032793,101.12,9.6815,2.8641,5.9288,-4.7565,0,0.495,0.3181,0.015962
485.91,-520.92,29.09,-2.1541,-0.26106,0.03617,0.00034791,101.54,9.8118,2.0882,4.7618,-5.6408,0,0.495,0.3181,0.011972
615.27,-664.08,29.02,-2.3107,-0.3886,0.060451,0.00041412,143.26,10.816,3.5066,7.8869,-6.5927,0,0.495,0.31016,0.015962
854.44,-1091.9,28.562,-2.69,-0.12407,0.2243,0.00084387,262.88,13.681,5.6137,12.038,-19.625,0,0.495,0.29428,0.0039978
1034.1,-1445,28.319,-2.9155,-0.14516,0.32276,0.00098832,324.16,15.076,7.7987,16.612,-23.778,0,0.495,0.28633,0.0039971
2283.8,-2359.9,28.195,-3.4328,-0.98127,0.39039,0.00087832,442.65,16.937,-0.69666,17.191,-22.693,0,0.495,0.27027,0.019953
2175.6,-2190.3,28.282,-3.3492,-1.1439,0.37391,0.00085099,437.54,16.457,-2.2128,17.566,-22.437,0,0.495,0.27027,0.023943
1634.3,-1853.2,28.443,-3.1584,-0.84496,0.2975,0.00077262,382.92,15.601,3.3748,16.629,-18.616,0,0.495,0.27836,0.019953
1568.6,-1735.5,28.524,-3.1006,-0.99234,0.28498,0.0007442,380.73,15.196,1.864,16.552,-18.294,0,0.495,0.27836,0.023943
1642.3,-1956.6,28.362,-3.2002,-0.68613,0.31112,0.00081277,380.82,15.941,5.924,18.281,-18.856,0,0.495,0.27836,0.015962
1223.4,-1418.9,28.649,-2.9084,-0.72701,0.21617,0.00067174,319.41,14.315,5.4397,15.686,-14.85,0,0.495,0.28634,0.019953
2309.9,-2525.1,28.11,-3.4982,-0.80376,0.40647,0.00091647,441.82,17.341,2.7473,19.229,-22.474,0,0.495,0.27027,0.015962
1180.6,-1344.5,28.725,-2.8697,-0.86022,0.20648,0.00064264,318.79,13.972,4.4039,15.789,-14.22,0,0.495,0.28634,0.023943
2014.8,-2016.1,28.376,-3.2553,-1.292,0.3512,0.00082368,424.57,15.918,-2.4258,18.757,-21.836,0,0.495,0.27027,0.027934
2735.3,-2581.9,28.11,-3.4916,-1.4758,0.43913,0.00093437,468.51,17.011,-7.1015,21.271,-24.923,0,0.495,0.2623,0.027934
2964,-2815.2,28.004,-3.6154,-1.313,0.47021,0.00096336,486.59,17.638,-7.7302,18.962,-25.88,0,0.495,0.2623,0.023943
2472.8,-2356.7,28.227,-3.3652,-1.6218,0.39868,0.00089902,442.01,16.325,-5.8056,22.579,-23.361,0,0.495,0.2623,0.031924
1828.5,-1849.5,28.476,-3.1564,-1.4257,0.32088,0.00079186,403.43,15.323,-1.9684,19.285,-20.713,0,0.495,0.27027,0.031925
3159.4,-3051.4,27.91,-3.7308,-1.1328,0.49244,0.00099006,495.85,18.203,-6.7517,17.459,-26.227,0,0.495,0.2623,0.019953
3287.6,-3295.4,27.823,-3.8278,-0.93453,0.5117,0.0010253,497.58,18.686,-3.0153,18.961,-25.624,0,0.495,0.2623,0.015962
1463.3,-1607,28.61,-3.032,-1.1279,0.26853,0.00071753,372.02,14.736,1.1707,17.005,-17.926,0,0.495,0.27836,0.027934
1041.4,-1172.1,28.884,-2.7656,-1.099,0.17892,0.00058844,301.47,13.141,3.1748,15.632,-13.169,0,0.495,0.28634,0.031925
1112.4,-1258,28.803,-2.8213,-0.98442,0.1946,0.00061634,313.15,13.58,3.6666,16.015,-13.764,0,0.495,0.28634,0.027934
1348.9,-1483.2,28.698,-2.9568,-1.2514,0.24641,0.0006879,355.99,14.226,0.98539,16.894,-17.202,0,0.495,0.27836,0.031925
760.89,-837.29,28.953,-2.4815,-0.54875,0.09512,0.0004789,195.81,11.818,5.1862,11.769,-8.1254,0,0.495,0.30222,0.019953
964.62,-1104.4,28.818,-2.6833,-0.62837,0.14837,0.00057408,255.78,13.029,5.811,13.826,-11.083,0,0.495,0.29428,0.019953
743.13,-810.45,29.011,-2.4639,-0.65543,0.089729,0.00045242,195.41,11.564,5.3578,12.828,-7.0838,0,0.495,0.30222,0.023944
931.94,-1059.2,28.886,-2.6575,-0.748,0.14094,0.00054542,255.6,12.735,5.4345,14.412,-10.205,0,0.495,0.29428,0.023943
602.94,-636.5,29.11,-2.2883,-0.5807,0.053273,0.00036692,142.5,10.414,4.8643,10.826,-4.5606,0,0.495,0.31016,0.023944
591.28,-616.79,29.165,-2.2713,-0.67271,0.049398,0.00034582,140.12,10.162,4.8907,11.613,-3.6808,0,0.495,0.31016,0.027934
720.13,-778.23,29.075,-2.4402,-0.75788,0.083788,0.00042833,192.59,11.274,5.1938,13.449,-6.2467,0,0.495,0.30222,0.027934
468.31,-470.59,29.284,-2.1007,-0.68165,0.025438,0.00026452,94.448,8.8546,4.463,10.196,-1.4017,0,0.495,0.3181,0.031925
473.08,-482.34,29.235,-2.1179,-0.602,0.027883,0.00028006,97.709,9.1062,4.6404,9.8786,-2.3067,0,0.495,0.3181,0.027934
580.04,-597.15,29.222,-2.2489,-0.76099,0.04504,0.0003253,135.74,9.8754,4.7121,11.85,-2.7813,0,0.495,0.31016,0.031925
480.49,-496.25,29.188,-2.13,-0.51944,0.030113,0.000296,99.779,9.3278,4.5614,9.0897,-3.1111,0,0.495,0.3181,0.023944
696.77,-744.47,29.141,-2.4105,-0.85513,0.076746,0.00040458,186.62,10.947,4.8868,13.425,-5.4394,0,0.495,0.30222,0.031925
613.03,-654.61,29.061,-2.3008,-0.48578,0.056788,0.00038906,143.29,10.634,4.3746,9.5047,-5.543,0,0.495,0.31016,0.019953
487.45,-510.32,29.147,-2.1389,-0.43461,0.032058,0.00031173,100.79,9.5215,3.9054,7.7049,-3.9361,0,0.495,0.3181,0.019953
887.65,-1004.2,28.957,-2.6238,-0.8613,0.13242,0.00051982,251.83,12.399,4.9567,14.768,-9.5786,0,0.495,0.29428,0.027934
843.02,-947.12,29.031,-2.5832,-0.96735,0.12169,0.00049377,243.5,12.02,4.482,14.464,-8.9471,0,0.495,0.29428,0.031925
151.1,-179.15,29.45,-1.5491,-0.097277,0.0067829,0.00037468,18.378,4.9474,2.1236,2.9405,-4.5354,0,0.495,0.35781,0.0079857
153.63,-181.93,29.458,-1.5457,-0.14628,0.0067516,0.00037929,18.077,4.8963,1.3394,1.1335,-4.6025,0,0.495,0.35781,0.011973
113.81,-141.02,29.52,-1.4648,-0.084223,0.0063881,0.00046348,13.911,4.1298,1.9747,2.9011,-4.8499,0,0.495,0.36574,0.0079857
116.88,-144.44,29.528,-1.4612,-0.12697,0.0063637,0.0004628,13.651,4.0842,1.1151,0.96428,-4.9692,0,0.495,0.36574,0.011973
199.13,-223.78,29.396,-1.6366,-0.22154,0.0073423,0.00031084,23.98,5.6888,2.4329,1.9251,-4.018,0,0.495,0.34985,0.015963
156.18,-182.59,29.464,-1.54,-0.19473,0.0067251,0.00038328,17.824,4.8255,2.2962,1.3613,-4.4162,0,0.495,0.35781,0.015963
197.49,-224.21,29.388,-1.6421,-0.16635,0.0073773,0.00030865,24.254,5.7687,1.487,1.4209,-4.2581,0,0.495,0.34985,0.011973
195.4,-222.08,29.379,-1.6455,-0.11082,0.0074188,0.0003061,24.583,5.8265,2.2447,3.0498,-4.2545,0,0.495,0.34985,0.0079857
120.35,-146.41,29.532,-1.4548,-0.16889,0.0063434,0.00045541,13.44,4.0211,2.0516,0.89957,-4.8085,0,0.495,0.36574,0.015963
112.69,-138.83,29.503,-1.4582,-0.042759,0.0064154,0.00045949,14.181,4.1535,2.4228,3.2156,-5.0007,0,0.495,0.36574,0.0040036
82.627,-107.88,29.573,-1.3854,-0.036514,0.0061402,0.00044722,10.772,3.3854,2.3234,2.9495,-5.0819,0,0.495,0.37367,0.0040038
84.314,-110.42,29.589,-1.3914,-0.071896,0.0061224,0.00044056,10.588,3.3649,1.7101,2.9129,-4.9151,0,0.495,0.37367,0.0079858
60.536,-83.635,29.64,-1.324,-0.030704,0.0059493,0.00031699,8.1679,2.6657,2.0983,2.6022,-5.1174,0,0.495,0.3816,0.0040043
63.821,-87.387,29.656,-1.3292,-0.061325,0.0059383,0.00030376,8.0521,2.6475,1.302,2.9507,-4.9076,0,0.495,0.3816,0.007986
86.969,-113.68,29.598,-1.3875,-0.10878,0.0061038,0.00042905,10.371,3.3238,0.67643,0.86388,-5.0767,0,0.495,0.37368,0.011973
66.598,-90.003,29.666,-1.3162,-0.12291,0.0059137,0.00028169,7.7337,2.559,0.63001,0.15629,-4.9941,0,0.495,0.3816,0.015963
64.053,-88.155,29.666,-1.3254,-0.093334,0.0059247,0.0002931,7.8738,2.6105,0.0222,0.87376,-5.0821,0,0.495,0.3816,0.011973
91.09,-116.49,29.6,-1.3799,-0.14431,0.0060888,0.00041153,10.201,3.2671,1.5264,0.48109,-4.9419,0,0.495,0.37367,0.015963
150.26,-177.24,29.432,-1.5421,-0.049215,0.0068255,0.00036931,18.762,4.9747,2.5081,3.4455,-4.6851,0,0.495,0.35781,0.0040034
194.58,-220.26,29.36,-1.6383,-0.055874,0.0074934,0.00030237,25.133,5.8584,2.6303,3.6446,-4.4079,0,0.495,0.34985,0.0040035
315.18,-331.29,29.284,-1.8602,-0.35003,0.011328,0.00024128,47.011,7.4469,3.9595,5.147,-2.8152,0,0.495,0.33398,0.019953
309.06,-319.88,29.314,-1.8572,-0.41841,0.011007,0.00023947,46.122,7.2954,5.0024,6.47,-2.3393,0,0.495,0.33398,0.023944
252.61,-270.47,29.347,-1.7409,-0.31237,0.0084782,0.00026275,32.688,6.4938,4.0583,4.2735,-3.0505,0,0.495,0.34191,0.019953
246.28,-259.72,29.372,-1.7403,-0.37365,0.0083512,0.00026544,31.913,6.3595,5.3941,5.6374,-2.6896,0,0.495,0.34191,0.023944
252.36,-275.25,29.329,-1.7444,-0.24996,0.0085624,0.00026146,33.147,6.6041,2.5471,2.5721,-3.4457,0,0.495,0.34191,0.015963
199.01,-219.86,29.41,-1.6338,-0.2773,0.0072925,0.00031444,23.559,5.5907,4.0905,3.5839,-3.6782,0,0.495,0.34985,0.019953
315.71,-336.82,29.263,-1.8648,-0.28038,0.011559,0.00024336,47.481,7.5712,2.6161,3.4035,-3.2998,0,0.495,0.33398,0.015963
193,-210.11,29.432,-1.6351,-0.33196,0.0072189,0.00032064,22.891,5.4709,5.7434,5.0559,-3.3848,0,0.495,0.34985,0.023944
301.2,-308.66,29.348,-1.8534,-0.4851,0.010585,0.00023793,44.767,7.1214,5.1424,7.0028,-1.8702,0,0.495,0.33398,0.027934
382.11,-387.01,29.294,-1.9788,-0.54076,0.016159,0.00024141,66.315,8.0871,4.7424,8.2217,-1.6526,0,0.495,0.32604,0.027934
388.47,-398.98,29.254,-1.9867,-0.46659,0.017223,0.00025021,68.023,8.2829,4.6545,7.5639,-2.2938,0,0.495,0.32604,0.023944
379.24,-378.68,29.335,-1.9657,-0.61227,0.014987,0.00023293,63.93,7.8648,4.459,8.4184,-0.86963,0,0.495,0.32604,0.031925
297.18,-302.02,29.383,-1.8443,-0.54909,0.010109,0.000237,43.048,6.9235,4.694,6.969,-1.2754,0,0.495,0.33398,0.031925
394.35,-411.44,29.22,-1.9924,-0.39047,0.018094,0.00025851,69.022,8.4533,3.8409,6.2233,-2.9274,0,0.495,0.32604,0.019953
394.43,-418.06,29.194,-1.9985,-0.31289,0.018814,0.00026648,69.477,8.5935,2.6604,4.45,-3.5477,0,0.495,0.32604,0.015962
238.02,-248.96,29.402,-1.7405,-0.4336,0.0081801,0.00026952,30.834,6.2055,5.6563,6.1273,-2.3615,0,0.495,0.34191,0.027934
179.02,-195.63,29.488,-1.6384,-0.43687,0.0070196,0.00033955,21.061,5.1779,5.3765,5.2563,-2.904,0,0.495,0.34985,0.031925
185.35,-200.47,29.46,-1.6391,-0.38589,0.0071234,0.0003294,22.011,5.334,6.2091,5.6371,-3.1307,0,0.495,0.34985,0.027935
232.7,-243.25,29.433,-1.7356,-0.4907,0.0079846,0.00027466,29.578,6.0303,5.0117,5.8635,-1.9704,0,0.495,0.34191,0.031925
121.04,-144.55,29.541,-1.4522,-0.21279,0.0063181,0.00044774,13.164,3.9438,3.8807,2.3948,-4.5265,0,0.495,0.36574,0.019953
156.68,-179.64,29.475,-1.5376,-0.24437,0.0066897,0.00038917,17.468,4.7387,4.067,2.9482,-4.116,0,0.495,0.35781,0.019953
118.32,-138.66,29.558,-1.4548,-0.25529,0.0062807,0.00043683,12.727,3.8487,6.0895,4.059,-4.2956,0,0.495,0.36574,0.023944
151.92,-171.4,29.495,-1.54,-0.29284,0.0066376,0.0003991,16.912,4.6321,6.0301,4.5301,-3.8666,0,0.495,0.35781,0.023944
91.19,-111.66,29.621,-1.3781,-0.21923,0.006045,0.00036472,9.6717,3.1129,5.605,3.5616,-4.4861,0,0.495,0.37367,0.023944
93.151,-108.67,29.642,-1.3869,-0.25866,0.0060096,0.00032704,9.219,3.0173,7.3812,4.7302,-4.1331,0,0.495,0.37368,0.027935
116.61,-133.47,29.581,-1.4638,-0.29937,0.0062317,0.00042416,12.147,3.7413,7.3117,5.0554,-4.0064,0,0.495,0.36574,0.027935
69.374,-83.67,29.724,-1.3318,-0.25496,0.0058336,0.0002063,6.6449,2.2343,6.6821,4.5922,-3.8666,0,0.495,0.3816,0.031925
71.944,-86.357,29.701,-1.3187,-0.22156,0.0058596,0.00022385,7.0114,2.3339,6.5847,4.3168,-4.1899,0,0.495,0.3816,0.027935
89.516,-106.87,29.667,-1.3979,-0.29625,0.0059733,0.00030069,8.7522,2.9068,6.8198,4.7544,-3.9107,0,0.495,0.37367,0.031925
67.917,-88.645,29.683,-1.3122,-0.18703,0.0058841,0.00025063,7.3503,2.42,4.3658,3.108,-4.5934,0,0.495,0.3816,0.023944
111.77,-131.04,29.607,-1.4715,-0.34089,0.0061816,0.00041812,11.557,3.6177,6.4023,4.8521,-3.8665,0,0.495,0.36574,0.031925
91.93,-115.39,29.607,-1.3765,-0.18276,0.0060712,0.00039303,9.9989,3.1981,3.3539,1.8883,-4.6717,0,0.495,0.37368,0.019953
67.489,-89.977,29.671,-1.312,-0.15609,0.0059017,0.00026942,7.5871,2.4968,2.4241,1.5065,-4.7252,0,0.495,0.3816,0.019953
146.28,-163.53,29.52,-1.5472,-0.34156,0.0065707,0.00041309,16.188,4.5111,6.8042,5.2948,-3.6293,0,0.495,0.35781,0.027935
140.06,-159.7,29.547,-1.5509,-0.38736,0.0065008,0.00042871,15.441,4.3725,5.8509,4.9318,-3.4942,0,0.495,0.35781,0.031925
45.919,-57.919,29.794,-1.196,-0.15148,0.0057032,0.00014778,4.3655,1.1192,1.4788,2.2332,-3.1597,0,0.495,0.39751,0.023944
54.242,-71.904,29.744,-1.2532,-0.16324,0.0057731,0.00018035,5.5713,1.7728,2.5044,2.5988,-3.7668,0,0.495,0.38954,0.023944
51.954,-58.391,29.798,-1.2081,-0.18158,0.0057011,0.00014083,4.351,1.1854,3.5993,3.3353,-2.9577,0,0.495,0.3975,0.027935
59.84,-70.542,29.758,-1.2573,-0.19318,0.0057571,0.00016366,5.3323,1.6927,4.8432,3.681,-3.3965,0,0.495,0.38954,0.027935
57.781,-67.105,29.779,-1.2718,-0.22249,0.0057385,0.00015308,5.0481,1.6007,5.6946,4.1806,-3.0603,0,0.495,0.38954,0.031925
48.306,-54.633,29.824,-1.2122,-0.20529,0.0056794,0.00013298,3.9821,0.96288,4.0857,3.6441,-2.6283,0,0.495,0.39751,0.031925
43.321,-58.192,29.775,-1.2089,-0.12489,0.0057212,0.00016007,4.6649,1.3198,0.2325,1.0282,-3.2354,0,0.495,0.3975,0.019953
51.317,-71.39,29.733,-1.2549,-0.13622,0.0057848,0.00019214,5.7421,1.8397,1.1006,1.1335,-3.8039,0,0.495,0.38954,0.019953
48.664,-69.492,29.73,-1.2606,-0.10778,0.0057933,0.0002016,5.8554,1.8941,-0.56389,-0.17927,-4.0423,0,0.495,0.38954,0.015963
40.52,-55.996,29.782,-1.2057,-0.10108,0.0057186,0.00016159,4.6005,1.2267,-0.81659,0.22841,-3.3278,0,0.495,0.39751,0.015963
169.88,-203.19,29.801,-1.3826,1.6531,0.0061059,0.00025505,11.224,1.6437,-0.65961,3.9075,4.2693,0,0.495,0.30209,-0.10818
242.65,-273.17,29.754,-1.3744,1.765,0.0062411,0.00028652,13.177,1.7864,2.355,4.0315,3.7868,0,0.495,0.29409,-0.10799
175.36,-209.76,29.768,-1.4356,1.6545,0.006221,0.00032359,12.779,2.1337,-0.50178,3.44,4.4703,0,0.495,0.3021,-0.10408
248.2,-280.01,29.718,-1.4306,1.7664,0.0063876,0.00035638,15.054,2.3033,1.8373,3.5457,3.9665,0,0.495,0.29413,-0.10398
233.53,-263.12,29.792,-1.3202,1.7607,0.0061207,0.00022576,11.554,1.2815,3.0746,4.2286,3.6682,0,0.495,0.2941,-0.11204
161,-193.24,29.836,-1.3309,1.6483,0.0060117,0.0002053,9.8808,1.1642,-0.45755,4.1289,4.0405,0,0.495,0.30214,-0.11235
180.39,-215.04,29.736,-1.4882,1.6521,0.0063619,0.00038161,14.599,2.6365,-0.05544,2.8424,4.6255,0,0.495,0.30217,-0.10003
148.15,-180.06,29.788,-1.4793,1.5605,0.0061586,0.00031932,11.876,2.3836,0.81834,2.3802,4.4233,0,0.495,0.31013,-0.10025
139.93,-172.13,29.818,-1.4328,1.5676,0.0060515,0.00025244,10.393,1.9108,-0.25344,2.8166,4.2776,0,0.495,0.31011,-0.10441
253.9,-286.59,29.685,-1.488,1.7647,0.0065667,0.00037713,17.268,2.8349,1.4456,2.9799,4.153,0,0.495,0.29423,-0.099978
131.36,-162.73,29.848,-1.3856,1.5704,0.005966,0.00020381,9.1458,1.4516,-1.0896,3.12,4.0843,0,0.495,0.31012,-0.10849
120.69,-150.82,29.879,-1.3388,1.5697,0.0058973,0.00016944,8.0844,1.0026,-1.5683,3.2131,3.8389,0,0.495,0.31014,-0.11255
216.98,-249.68,29.789,-1.169,2.1612,0.0061628,0.00020974,11.884,-0.032171,0.31739,1.2553,3.6208,0,0.495,0.27002,-0.12031
240.17,-274.41,29.759,-1.2254,2.1752,0.0062885,0.00025752,13.561,0.51125,0.48315,2.2999,3.5296,0,0.495,0.27001,-0.11632
238.67,-261.66,29.808,-1.1915,2.0409,0.0060856,0.00018475,10.944,0.19397,3.6623,1.8492,2.4884,0,0.495,0.27817,-0.12002
262.92,-285.13,29.777,-1.2447,2.0496,0.0061962,0.00022694,12.473,0.71641,3.3692,2.8903,2.0772,0,0.495,0.27817,-0.11603
267.41,-288.76,29.796,-1.2574,1.9011,0.0061087,0.00019816,11.388,0.79891,5.6058,3.722,2.5954,0,0.495,0.28614,-0.11597
249.04,-271.41,29.831,-1.2071,1.8937,0.0060127,0.00016018,10.014,0.29465,6.2778,2.9774,2.9842,0,0.495,0.28616,-0.12
199.82,-232.03,29.815,-1.1142,2.1455,0.0060575,0.00017028,10.42,-0.56252,-0.033085,0.40194,3.6143,0,0.495,0.27005,-0.12431
203.38,-242.68,29.783,-1.08,2.2472,0.0061457,0.00018857,11.545,-0.91858,-1.7487,1.1515,5.4438,0,0.495,0.26204,-0.12438
217.1,-258.82,29.755,-1.1372,2.2692,0.0062658,0.00023295,13.141,-0.37855,-1.1173,1.7844,5.878,0,0.495,0.26204,-0.12039
237.05,-281.85,29.723,-1.1955,2.2893,0.0064082,0.00028612,14.953,0.18384,-0.75698,2.6027,6.1722,0,0.495,0.26203,-0.1164
220.31,-245.41,29.836,-1.1404,2.0295,0.0059936,0.0001505,9.6213,-0.31794,3.7151,0.9187,2.9111,0,0.495,0.27818,-0.12402
233.38,-258.45,29.863,-1.159,1.8838,0.0059332,0.00013038,8.8289,-0.19827,6.66,2.201,3.4947,0,0.495,0.28619,-0.12408
137.39,-167.64,29.905,-1.2357,1.6325,0.0058705,0.00014155,7.6998,0.24292,0.58007,4.0383,3.6131,0,0.495,0.30219,-0.12051
208.18,-236.85,29.866,-1.2201,1.7453,0.0059409,0.00014653,8.9363,0.30426,4.7322,3.7769,3.7284,0,0.495,0.29418,-0.12027
149.6,-181.13,29.871,-1.2816,1.6413,0.0059346,0.00016862,8.7175,0.69617,0.0017098,4.1825,3.7954,0,0.495,0.30217,-0.11646
221.48,-250.6,29.83,-1.2687,1.7541,0.0060221,0.0001804,10.151,0.78651,3.9127,4.1381,3.6074,0,0.495,0.29413,-0.11613
95.401,-122,29.939,-1.2514,1.5616,0.0057933,0.00012765,6.338,0.13881,-1.7381,3.0336,3.172,0,0.495,0.31015,-0.12056
83.092,-107.78,29.966,-1.2121,1.5549,0.0057526,0.00011589,5.5976,-0.27612,-1.7499,2.7966,2.7425,0,0.495,0.31015,-0.12455
125.89,-155.16,29.937,-1.1934,1.6221,0.0058168,0.00012119,6.8085,-0.19694,1.1032,3.7695,3.4322,0,0.495,0.3022,-0.12453
72.513,-94.97,29.993,-1.1754,1.5467,0.0057174,0.00010896,4.9383,-0.6797,-1.9363,2.4692,2.3193,0,0.495,0.31015,-0.12855
90.549,-111.89,29.994,-1.2188,1.4986,0.0056955,9.7533e-05,4.6254,-0.36679,0.34362,1.4576,2.6278,0,0.495,0.31809,-0.12456
105.42,-128.61,29.971,-1.2561,1.4979,0.0057271,0.00010258,5.2564,0.023963,0.63508,1.8374,2.9001,0,0.495,0.31809,-0.12057
117.72,-145.61,29.967,-1.1539,1.6102,0.0057718,0.00010605,6.0355,-0.62169,1.3781,3.3903,3.3036,0,0.495,0.30221,-0.12853
108.26,-137.04,29.909,-1.2938,1.5667,0.0058408,0.00014489,7.1607,0.56434,-1.7402,3.1964,3.5202,0,0.495,0.31014,-0.11656
118.85,-143.75,29.946,-1.2953,1.4961,0.005763,0.0001125,5.9342,0.42149,1.0333,2.1577,3.0835,0,0.495,0.31808,-0.11658
194.53,-223.91,29.9,-1.1745,1.7347,0.0058739,0.00012097,7.8878,-0.16412,5.42,3.2811,3.9578,0,0.495,0.29423,-0.1244
184.6,-214.65,29.93,-1.1314,1.7223,0.0058184,0.00010171,6.9904,-0.61476,5.8521,2.7199,4.2814,0,0.495,0.29425,-0.12847
38.485,-49.383,30.03,-1.2158,0.8798,0.0055904,0.00012063,2.4869,-0.61169,-0.94374,3.1074,2.0458,0,0.495,0.36571,-0.10864
65.229,-79.428,29.995,-1.2392,0.92697,0.0056215,9.9748e-05,3.1841,-0.28314,2.269,2.6816,2.4696,0,0.495,0.35777,-0.10863
42.326,-54.603,30.01,-1.2379,0.86785,0.0056005,0.00011576,2.6951,-0.35313,-1.3541,2.4416,2.2545,0,0.495,0.36571,-0.10464
67.557,-81.804,29.975,-1.2634,0.91428,0.0056351,0.00010148,3.4495,-0.0024,1.7961,2.2681,2.3553,0,0.495,0.35777,-0.10463
65.048,-80.573,30.017,-1.2158,0.9381,0.0056103,9.7469e-05,2.9772,-0.56075,2.2812,2.9769,2.6219,0,0.495,0.35777,-0.11262
35.579,-46.05,30.052,-1.1957,0.88974,0.0055819,0.00012445,2.3244,-0.86844,-0.93599,3.5623,1.8674,0,0.495,0.36571,-0.11263
46.483,-60.603,29.993,-1.2629,0.8542,0.0056117,0.00011164,2.9296,-0.090559,-1.5899,1.8228,2.4728,0,0.495,0.36572,-0.10061
49.584,-62.411,30.027,-1.2311,0.8257,0.0055842,0.00010831,2.407,-0.45425,-0.39513,0.78599,2.2639,0,0.495,0.37368,-0.10055
43.338,-53.622,30.04,-1.2095,0.84293,0.0055752,0.00011609,2.2077,-0.70044,-0.4459,1.2518,1.9439,0,0.495,0.37366,-0.10461
70.272,-85.324,29.956,-1.29,0.9006,0.0056504,0.00010399,3.7527,0.28454,1.2716,1.8958,2.3025,0,0.495,0.35777,-0.1006
37.16,-44.706,30.055,-1.1911,0.85808,0.0055668,0.00012627,2.0238,-0.94422,-0.27655,1.8634,1.4543,0,0.495,0.37365,-0.10863
32.079,-37.344,30.072,-1.1752,0.87085,0.0055596,0.00013656,1.8733,-1.1868,-0.55536,2.3175,0.86391,0,0.495,0.37365,-0.11263
168.56,-174.79,30.024,-1.22,1.2727,0.0056716,7.5235e-05,4.4227,-0.32014,6.2932,2.6746,-0.35134,0,0.495,0.33396,-0.12059
170.17,-174.18,29.999,-1.257,1.2632,0.005693,8.1502e-05,4.8328,0.019253,6.691,2.949,-0.53281,0,0.495,0.33396,-0.11659
158.96,-161.17,30.023,-1.1958,1.1515,0.0056465,7.3512e-05,3.9038,-0.57289,5.218,2.9841,-1.3778,0,0.495,0.3419,-0.12059
153.12,-153.75,29.998,-1.2319,1.1417,0.0056616,7.8464e-05,4.1829,-0.25734,5.7872,2.9664,-1.3166,0,0.495,0.3419,-0.1166
114.21,-124.14,30.006,-1.2091,1.034,0.0056298,8.049e-05,3.4909,-0.55733,4.3391,2.8439,0.92954,0,0.495,0.34984,-0.11661
123.5,-135.01,30.028,-1.1755,1.0427,0.0056194,7.6141e-05,3.3117,-0.85139,3.6377,2.9155,0.88053,0,0.495,0.34984,-0.1206
161.88,-169.34,30.047,-1.1826,1.282,0.005651,7.1252e-05,4.0002,-0.65616,6.3438,2.2524,-0.045018,0,0.495,0.33396,-0.12458
131.89,-148.63,30.026,-1.2059,1.4063,0.0056658,7.8526e-05,4.2145,-0.4863,4.7413,1.4355,2.1912,0,0.495,0.32603,-0.12457
145.13,-162.13,30.004,-1.2426,1.3993,0.0056917,8.2415e-05,4.7527,-0.1244,4.8613,1.9473,2.0277,0,0.495,0.32603,-0.12058
154.78,-171.15,29.981,-1.2803,1.3917,0.0057199,8.9762e-05,5.3034,0.24227,5.2561,2.3591,1.8672,0,0.495,0.32602,-0.11659
160.16,-162.92,30.047,-1.1578,1.1606,0.0056317,7.0275e-05,3.6083,-0.88549,5.2201,2.8645,-1.3057,0,0.495,0.3419,-0.12459
130.67,-142.31,30.051,-1.1385,1.0499,0.0056093,7.3043e-05,3.1243,-1.1426,3.431,2.9005,0.87036,0,0.495,0.34984,-0.12459
36.552,-48.041,30.098,-1.1492,0.90182,0.0055708,0.00012113,2.1486,-1.3761,-2.9955,3.7826,1.5452,0,0.495,0.36571,-0.12061
76.548,-95.738,30.062,-1.1606,0.95335,0.0055945,8.8913e-05,2.7253,-1.1085,0.84251,3.0561,2.8837,0,0.495,0.35778,-0.12061
34.72,-45.625,30.075,-1.1745,0.89721,0.0055755,0.00012495,2.2154,-1.1232,-1.6753,3.8005,1.7123,0,0.495,0.36571,-0.11662
68.759,-86.248,30.039,-1.1903,0.94699,0.0056015,9.3777e-05,2.8315,-0.83589,1.7062,3.1294,2.7879,0,0.495,0.35778,-0.11661
25.727,-28.826,30.111,-1.1386,0.88846,0.0055501,0.00014455,1.7038,-1.6661,-3.7857,2.8371,-0.43656,0,0.495,0.37365,-0.12062
23.44,-25.603,30.131,-1.1111,0.89284,0.0055471,0.00013963,1.6617,-1.9026,-6.1124,3.0038,-0.87472,0,0.495,0.37365,-0.12461
39.746,-51.124,30.121,-1.118,0.90393,0.0055668,0.0001154,2.0931,-1.6275,-4.3382,3.6545,1.535,0,0.495,0.36572,-0.1246
20.689,-21.432,30.152,-1.077,0.89512,0.005544,0.00013681,1.6101,-2.1375,-7.7576,3.0435,-1.1868,0,0.495,0.37365,-0.1286
48.112,-53.438,30.131,-1.0955,0.87853,0.0055348,0.00011797,1.479,-2.152,-1.2501,1.2829,-0.30894,0,0.495,0.38159,-0.12461
47.136,-51,30.116,-1.1177,0.86674,0.0055379,0.00012064,1.5239,-1.9306,1.6172,0.86441,0.239,0,0.495,0.38159,-0.1206
41.601,-52.436,30.143,-1.082,0.90447,0.0055624,0.00011242,2.0151,-1.8774,-4.9689,3.4859,1.5798,0,0.495,0.36572,-0.1286
28.188,-32.424,30.091,-1.159,0.88115,0.0055541,0.00014374,1.7675,-1.4276,-1.7334,2.64,0.22804,0,0.495,0.37365,-0.11662
49.32,-51.899,30.103,-1.1324,0.85181,0.005542,0.00011787,1.5971,-1.7072,3.7818,0.59149,0.91719,0,0.495,0.38159,-0.11659
84.858,-104.44,30.084,-1.1262,0.95756,0.0055881,8.4637e-05,2.6202,-1.3792,0.22398,2.8935,3.0108,0,0.495,0.35778,-0.1246
88.508,-107.51,30.105,-1.089,0.96055,0.005581,8.277e-05,2.4838,-1.6475,0.42565,2.7631,3.0991,0,0.495,0.35778,-0.12859
65.581,-70.299,30.14,-1.0782,0.78895,0.0055325,9.3077e-05,1.4754,-2.1711,7.0291,0.35006,1.9097,0,0.495,0.38954,-0.12046
60.857,-63.501,30.172,-1.0262,0.69456,0.0055285,9.7837e-05,1.3937,-2.4562,7.0847,1.2015,1.6926,0,0.495,0.39752,-0.1201
70.748,-80.389,30.15,-1.0622,0.80721,0.0055293,9.127e-05,1.4284,-2.3766,4.6834,0.71666,1.7064,0,0.495,0.38954,-0.12451
66.182,-73.329,30.177,-1.0243,0.72885,0.0055262,9.4112e-05,1.3658,-2.5847,6.1026,1.3193,2.0922,0,0.495,0.39751,-0.12414
67.029,-68.43,30.131,-1.0883,0.76806,0.0055366,9.1974e-05,1.5517,-1.9644,8.2133,0.24595,2.1193,0,0.495,0.38954,-0.11638
64.059,-65.125,30.158,-1.0443,0.68662,0.0055333,9.4967e-05,1.4866,-2.1973,7.8378,1.1817,1.9061,0,0.495,0.39751,-0.11608
-8430.6,21878,3.9515,1.8622,-0.50502,23.159,0.028144,823.46,-68.454,-369.12,-0.86773,101.05,0,0.495,0.047213,-0.14013
-7650.4,18900,3.5594,1.5717,-2.8244,23.027,0.028095,799.6,-67.014,-370.16,-12.223,33.608,0,0.495,0.039289,-0.14011
-14312,22828,3.8903,1.5246,-0.74064,23.488,0.029153,805.8,-70.369,-373.64,-8.4924,91.068,0,0.495,0.047221,-0.13612
-10286,19679,3.5606,1.2725,-3.0775,23.324,0.028852,785.55,-68.913,-372.61,-17.661,27.012,0,0.495,0.039298,-0.13611
-4862.8,18000,3.5861,1.8677,-2.5552,22.655,0.027213,816.74,-64.779,-366.85,-6.47,40.949,0,0.495,0.039281,-0.14412
-5416.1,20814,4.0492,2.1937,-0.2601,22.759,0.026969,845.06,-66.205,-363.58,7.4436,112.67,0,0.495,0.047205,-0.14413
-19049,23654,3.866,1.1814,-0.96548,23.755,0.030004,791.65,-71.902,-376.99,-16.148,82.263,0,0.495,0.04723,-0.13212
-13877,25064,4.6915,1.4032,1.3062,24.005,0.028007,859.5,-70.908,-364.85,-0.20268,168.33,0,0.495,0.055175,-0.13213
-9549.6,24024,4.7962,1.7741,1.5082,23.741,0.027045,880.01,-69.338,-358.97,10.816,180.87,0,0.495,0.055166,-0.13614
-11318,20293,3.5912,0.9706,-3.3134,23.558,0.029498,774.35,-70.431,-373.96,-23.493,21.115,0,0.495,0.039307,-0.13211
-5385.4,22879,4.9504,2.1371,1.7126,23.434,0.02595,905.11,-67.395,-351.62,22.815,195.31,0,0.495,0.055158,-0.14014
-2334.7,21569,5.1571,2.4917,1.9171,23.081,0.024579,935.51,-65.118,-342.7,36.707,212.41,0,0.495,0.055148,-0.14414
-839.46,8698.4,3.8729,1.5418,-6.6045,19.759,0.020022,988.66,-55.153,-345.13,-12.866,-41.255,0,0.495,0.023413,-0.1521
850.94,4051,4.401,1.0615,-8.942,16.826,0.013728,1290.4,-53.311,-337.5,-20.904,-97.737,0,0.495,0.015486,-0.1521
-1019.8,9372.1,3.8859,1.3388,-6.9422,20.183,0.020846,961.24,-57.945,-345.37,-15.766,-45.505,0,0.495,0.023422,-0.1481
201.02,4893.4,4.4392,0.91925,-9.2828,17.192,0.014418,1256.1,-56.105,-336.65,-23.136,-100.38,0,0.495,0.015495,-0.14809
1088.5,13429,3.6041,1.7579,-4.6051,21.673,0.024507,862.67,-60.472,-357.31,-9.9736,-5.0482,0,0.495,0.031348,-0.14811
1192,12722,3.6322,2.0092,-4.2826,21.185,0.023693,886.26,-57.665,-355.13,-6.0427,1.2193,0,0.495,0.031339,-0.15211
1646.3,2977.1,4.3799,1.2071,-8.5713,16.403,0.012993,1327.7,-50.188,-337.44,-18.986,-94.566,0,0.495,0.015477,-0.1561
-27534,1163.1,5.4408,0.66618,-10.98,11.777,0.0050616,2550.3,-48.776,555.71,-20.011,-1693.5,0,0.495,0.0075484,-0.15609
-25908,1693.1,5.4825,0.58883,-11.354,12.021,0.005314,2539.1,-51.892,579.99,-20.853,-1690.2,0,0.495,0.0075576,-0.15209
-61032,2263,6.1777,0.39407,-12.217,9.0109,0.00078351,3542.8,-47.875,1447.6,3.1807,-3259.2,0,0.495,0,-0.15609
-56548,2065.2,6.2291,0.3514,-12.591,9.1253,0.00079101,3561.1,-50.939,1495.7,3.2194,-3249.4,0,0.495,0,-0.15209
-579.6,7800.1,3.8799,1.7482,-6.2436,19.25,0.019057,1019.6,-52.052,-343.69,-10.25,-36.544,0,0.495,0.023404,-0.1561
1332.2,11848,3.6841,2.2622,-3.9435,20.593,0.022568,913.47,-54.551,-351.85,-2.1517,8.415,0,0.495,0.03133,-0.15611
-24293,1946.4,5.5367,0.51383,-11.694,12.24,0.0055574,2528,-54.656,602.21,-22.157,-1685.7,0,0.495,0.0075669,-0.14809
-52256,1524.6,6.2901,0.31018,-12.929,9.2305,0.0007983,3577.3,-53.643,1539.1,2.7123,-3237.9,0,0.495,0,-0.14809
-3973.1,18696,4.371,2.8391,0.25047,21.733,0.024129,902.99,-60.714,-349.55,27.735,142.67,0,0.495,0.047187,-0.15213
-3586,16216,3.7284,2.4513,-1.975,21.641,0.025038,861.65,-59.316,-358.54,5.6043,58.865,0,0.495,0.039263,-0.15212
-4384.7,19765,4.1876,2.5189,-0.0076688,22.284,0.025627,871.25,-63.604,-357.08,16.724,126.27,0,0.495,0.047196,-0.14813
-3886.5,17107,3.6425,2.1603,-2.2714,22.196,0.026215,837.27,-62.203,-362.96,-0.79155,49.226,0,0.495,0.039272,-0.14812
1269.1,18773,5.7655,3.172,2.3124,22.268,0.021412,1016.2,-59.615,-319.51,72.588,255.85,0,0.495,0.055118,-0.15214
2841.1,17245,6.1928,3.4962,2.4955,21.844,0.019761,1069.1,-56.47,-304.41,96.386,282.84,0,0.495,0.055108,-0.15614
-3617.2,17631,4.6082,3.1546,0.51128,21.117,0.022497,941.58,-57.529,-340.49,41.232,162.35,0,0.495,0.047179,-0.15613
4888.3,15557,6.7237,3.8068,2.6592,21.445,0.018157,1132.1,-53.142,-286.25,125.53,314.16,0,0.495,0.0551,-0.16014
3118.6,16342,8.8784,3.6967,4.0973,23.375,0.017565,1235,-55.312,-241.36,159.97,407.93,0,0.495,0.063086,-0.15615
987.3,18016,8.2154,3.3841,4.0289,23.621,0.018855,1174.6,-58.33,-261.91,128.54,381.19,0,0.495,0.063104,-0.15215
-961.67,16385,4.9092,3.4647,0.77035,20.454,0.020758,988.83,-54.138,-329.05,58.38,186.41,0,0.495,0.047171,-0.16013
240.99,20227,5.4253,2.8366,2.118,22.687,0.023021,972.14,-62.491,-332.1,53.188,232.36,0,0.495,0.055132,-0.14814
-371.92,19591,7.6659,3.0516,3.9322,23.878,0.020202,1121.6,-61.102,-279.86,101.56,355.77,0,0.495,0.063146,-0.14814
-3331.3,15260,3.8479,2.741,-1.6675,20.983,0.023572,890.65,-56.122,-353.17,12.841,70.432,0,0.495,0.039255,-0.15612
-914.43,14069,4.0044,3.0284,-1.3505,20.218,0.021871,925.44,-52.686,-346.19,21.954,84.582,0,0.495,0.039247,-0.16012
-5265.4,-738.13,26.069,1.478,5.5921,10.681,0.011116,943.9,-34.674,22.009,148.58,293.73,0,0.495,0.11085,-0.14021
-3413.6,1361.7,23.494,1.7843,6.0883,16.365,0.014372,1129.7,-40.159,1.3226,172.78,377.21,0,0.495,0.10293,-0.1402
-5294.8,-179.12,25.492,1.2994,5.767,12.07,0.01216,978.51,-35.779,18.585,146.99,308.74,0,0.495,0.11086,-0.13622
-3324.3,1963.6,22.831,1.5693,6.2528,17.745,0.015434,1142.6,-41.426,-5.331,163.4,385.11,0,0.495,0.10293,-0.1362
-4393.9,716.34,24.184,1.9818,5.8891,14.86,0.013269,1108.5,-38.728,7.8237,179.96,365.65,0,0.495,0.10293,-0.1442
-5067.3,-1268.8,26.642,1.6416,5.3896,9.2599,0.010066,899.73,-33.447,24.832,147.53,275.19,0,0.495,0.11085,-0.14421
-4439.4,273.01,24.919,1.108,5.912,13.403,0.013189,1004.6,-36.741,14.74,144.15,319.98,0,0.495,0.11086,-0.13222
-3277.7,-767.03,27.066,0.86694,5.3659,8.0995,0.0097511,810.53,-32.851,25.354,121.12,238.99,0,0.495,0.11878,-0.13223
-2822.1,-1129.3,27.529,1.0284,5.2237,6.954,0.0088231,765.21,-32.071,26.471,117.11,222.09,0,0.495,0.11878,-0.13623
-2278.4,2433.6,22.201,1.3394,6.3816,18.992,0.016453,1148.8,-42.485,-11.937,153.54,389.27,0,0.495,0.10293,-0.1322
-2383.1,-1546.2,27.97,1.1801,5.0598,5.8413,0.0079163,712.2,-31.194,26.947,111.72,202.58,0,0.495,0.11878,-0.14023
-1965.6,-1871.8,28.382,1.3205,4.8767,4.786,0.0070401,651.81,-30.219,26.705,104.16,180.98,0,0.495,0.11878,-0.14423
5988.2,9886.6,15.369,3.3131,5.846,24.794,0.017779,1380.7,-50.36,-112.72,216.61,499.5,0,0.495,0.079139,-0.15215
4039.4,11205,14.517,3.0428,5.9708,25.479,0.018599,1345.8,-52.854,-130.53,190.06,490.78,0,0.495,0.079142,-0.14815
6541,5822.1,19.194,3.0516,5.9891,22.088,0.016296,1353.3,-45.132,-51.165,231.81,479.31,0,0.495,0.087068,-0.15216
5236.8,6908.1,18.307,2.8217,6.1912,23.31,0.017373,1340.7,-47.356,-65.63,211.07,480.68,0,0.495,0.08707,-0.14816
3169.3,2423.5,21.853,2.5263,6.0486,18.895,0.015057,1248.7,-41.615,-17.046,206.43,430.79,0,0.495,0.094997,-0.14818
2444.9,1450.2,22.694,2.7164,5.7997,17.267,0.013894,1234.3,-39.577,-6.8888,218.36,419.23,0,0.495,0.094995,-0.15218
8926.2,8363.9,16.319,3.556,5.6772,23.94,0.016858,1413.3,-47.618,-93.905,244.75,505.09,0,0.495,0.079136,-0.15615
8236.3,12662,12.419,3.705,5.1538,24.621,0.017296,1367.3,-51.563,-165.3,218.79,484.92,0,0.495,0.071176,-0.15614
5556.3,14264,11.564,3.4238,5.2154,24.993,0.018129,1314.7,-54.41,-186.92,186.8,467.48,0,0.495,0.071182,-0.15214
3569.5,15733,10.823,3.1176,5.2372,25.299,0.018939,1264.9,-57.01,-206.63,157.97,448.72,0,0.495,0.071192,-0.14814
7764.6,4527,20.154,3.2536,5.7449,20.654,0.015162,1358.5,-42.715,-36.497,252.05,473.27,0,0.495,0.087066,-0.15616
2320.2,283.29,23.57,2.8803,5.5148,15.475,0.012686,1208.4,-37.408,2.8036,227.92,402.12,0,0.495,0.094993,-0.15617
-4274,-2382.9,27.741,1.9198,4.9155,6.4554,0.0079989,780.2,-30.758,27.866,137.28,227.42,0,0.495,0.11085,-0.15221
-7164.9,-818.19,25.615,2.3166,5.3946,11.555,0.010976,1034.9,-35.453,19.266,186.75,329.21,0,0.495,0.10292,-0.15219
-4714.5,-1891.1,27.203,1.7893,5.1628,7.8393,0.009023,845.27,-32.135,26.853,144.13,252.83,0,0.495,0.11085,-0.14821
-5805.3,-73.887,24.895,2.1599,5.657,13.248,0.012134,1077.5,-37.147,13.909,185.21,349.58,0,0.495,0.10292,-0.14819
-1200,-2418.5,29.095,1.5648,4.4681,2.9429,0.005415,513.24,-28.116,23.933,84.427,133.57,0,0.495,0.11878,-0.15222
-800.67,-2609.8,29.386,1.668,4.2507,2.1921,0.0046776,438.88,-27.04,21.483,72.897,109.47,0,0.495,0.11877,-0.15622
-3650.2,-2910.5,28.242,2.033,4.6528,5.1492,0.007008,705.11,-29.371,27.747,127.61,199.13,0,0.495,0.11085,-0.1562
-307.05,-2622,29.628,1.7581,4.03,1.5695,0.0039946,364.72,-25.956,18.574,60.844,86.722,0,0.495,0.11877,-0.16021
661.91,-2131.2,29.9,1.3528,3.9276,0.75508,0.0029415,234.46,-24.308,13.382,35.445,47.585,0,0.495,0.1267,-0.15623
271.01,-2091,29.761,1.2587,4.1005,1.0818,0.0034462,289.17,-25.051,15.743,43.537,63.157,0,0.495,0.1267,-0.15223
-3087.7,-3199.5,28.696,2.1285,4.3801,3.9594,0.006063,621.41,-27.98,26.456,114.74,169.42,0,0.495,0.11084,-0.1602
-1588,-2223.7,28.759,1.449,4.6782,3.813,0.0062042,584.99,-29.194,25.701,95.141,157.59,0,0.495,0.11878,-0.14822
-119.31,-2036.9,29.588,1.1547,4.2695,1.495,0.0039906,347.88,-25.801,18.003,52.402,80.396,0,0.495,0.1267,-0.14824
-7076.1,-1672.9,26.329,2.451,5.106,9.8197,0.0098101,979.22,-33.688,23.609,184.85,303.87,0,0.495,0.10292,-0.15619
-6289.4,-2339.8,27.023,2.5617,4.796,8.0915,0.0086509,909.38,-31.875,26.652,178.09,274.32,0,0.495,0.10292,-0.16019
445.86,-466.77,29.903,0.053712,3.2623,0.0080832,0.00026425,24.334,-14.136,3.3599,3.9924,1.6992,0,0.495,0.17457,-0.14004
495.12,-530.42,29.931,0.15877,3.3988,0.010879,0.00033385,30.026,-15.942,3.3661,4.0455,2.9822,0,0.495,0.16654,-0.14004
448.32,-465.27,29.877,0.0019094,3.3254,0.0087347,0.00030389,26.943,-14.046,3.3404,3.9884,1.9044,0,0.495,0.17457,-0.13605
495.33,-524.35,29.906,0.1006,3.465,0.013079,0.00037845,33.788,-15.931,3.3422,4.3523,3.3353,0,0.495,0.16654,-0.13604
497.66,-537.29,29.954,0.21542,3.3291,0.0094071,0.00027392,26.854,-15.922,2.7329,4.2879,2.7938,0,0.495,0.16654,-0.14403
445.56,-469.84,29.929,0.10506,3.1975,0.0076059,0.00021668,21.999,-14.196,2.7907,4.5494,1.6099,0,0.495,0.17457,-0.14403
454.14,-464.03,29.849,-0.051989,3.386,0.0096413,0.00031917,29.917,-13.924,2.7452,4.6254,2.1762,0,0.495,0.17457,-0.13205
436.68,-443.9,29.809,-0.14344,3.2598,0.0079359,0.00029671,25.279,-12.158,2.7276,3.9085,0.79776,0,0.495,0.18255,-0.1321
428.63,-440.53,29.838,-0.09341,3.199,0.0075603,0.00026293,22.918,-12.351,3.1687,3.5407,0.58531,0,0.495,0.18255,-0.1361
496.32,-517.64,29.878,0.039306,3.5268,0.016302,0.00041301,38.271,-15.889,2.8163,5.2718,3.8007,0,0.495,0.16654,-0.13205
423.8,-436.73,29.865,-0.044689,3.1373,0.0072562,0.00021908,20.773,-12.511,3.11,3.8427,0.45084,0,0.495,0.18255,-0.14009
421.79,-436.12,29.893,0.0041671,3.0753,0.007004,0.00018064,18.789,-12.64,2.5584,4.7075,0.41739,0,0.495,0.18255,-0.14408
1086.7,-1202.4,30.06,0.79838,3.6101,0.087823,0.00095205,70.942,-21.065,4.6604,9.1431,6.9609,0,0.495,0.14258,-0.15222
1069.3,-1202.9,30.027,0.71726,3.7232,0.13376,0.001282,88.604,-21.452,5.7746,10.868,10.779,0,0.495,0.14258,-0.14823
805.36,-889.92,30.044,0.6177,3.4414,0.024331,0.0003986,40.091,-19.228,2.0863,5.6412,2.9506,0,0.495,0.15062,-0.15204
797.61,-887.96,30.022,0.5471,3.5388,0.035865,0.00057025,47.742,-19.502,3.3675,5.6466,4.0725,0,0.495,0.15062,-0.14805
618.42,-675.67,30,0.3963,3.3874,0.013153,0.00030549,31.42,-17.636,1.7582,4.9315,2.7025,0,0.495,0.15858,-0.14802
616.98,-675.55,30.023,0.46003,3.3032,0.01065,0.00023918,27.817,-17.47,0.23989,5.661,2.5895,0,0.495,0.15858,-0.15201
1087,-1186.2,30.089,0.87462,3.493,0.056193,0.00064411,56.944,-20.664,3.3371,8.218,4.1892,0,0.495,0.14258,-0.15622
1333.2,-1558.8,30.072,1.1018,3.6843,0.21656,0.0015731,113.42,-22.534,7.2861,15.272,16.199,0,0.495,0.13463,-0.15624
1156,-1573,30.015,1.0175,3.8244,0.32837,0.0020053,144.11,-23.112,8.8097,18.956,23.809,0,0.495,0.13463,-0.15225
919.63,-1577.9,29.94,0.92531,3.9604,0.48062,0.0024242,180.25,-23.691,10.373,23.721,33.12,0,0.495,0.13463,-0.14825
798.3,-876.3,30.067,0.68661,3.3412,0.017087,0.00029059,34.231,-18.934,0.5653,6.1265,2.3478,0,0.495,0.15062,-0.15604
606.17,-664.83,30.049,0.52422,3.2169,0.0091141,0.00019338,24.922,-17.282,-1.3226,6.6223,2.7097,0,0.495,0.15858,-0.156
448.94,-477.29,29.989,0.21227,3.0646,0.0069802,0.00014636,18.029,-14.239,0.49352,6.8136,1.7785,0,0.495,0.17457,-0.15202
499.27,-543.49,30.006,0.33093,3.1827,0.0077881,0.00018113,21.83,-15.799,0.088436,6.1726,2.9104,0,0.495,0.16653,-0.15202
447.99,-473.21,29.957,0.15754,3.1315,0.0072495,0.00017763,19.894,-14.23,1.7446,5.5982,1.6459,0,0.495,0.17457,-0.14803
499.98,-541.87,29.979,0.27242,3.2568,0.0084328,0.00022125,24.15,-15.873,1.5367,5.0996,2.7761,0,0.495,0.16654,-0.14802
422.99,-440.59,29.961,0.10727,2.9504,0.0066202,0.00012274,15.37,-12.823,0.61972,7.3032,0.65419,0,0.495,0.18255,-0.15206
421.91,-440.92,30.001,0.16146,2.8869,0.0064796,0.0001034,14.002,-12.88,-0.1077,8.3628,0.86407,0,0.495,0.18255,-0.15606
446.46,-476.04,30.025,0.26902,2.9967,0.0067743,0.00012266,16.418,-14.225,-0.56574,7.899,1.9984,0,0.495,0.17457,-0.15601
418.42,-441.15,30.044,0.21529,2.8217,0.0063663,8.9223e-05,12.862,-12.915,-0.29929,8.8414,1.104,0,0.495,0.18256,-0.16005
380.7,-392.61,29.973,0.05525,2.7785,0.0062951,9.2374e-05,12.183,-11.578,0.606,8.9081,0.99815,0,0.495,0.19059,-0.15621
389.89,-401.45,29.929,0.0049414,2.8372,0.0064055,0.00010779,13.385,-11.461,1.0406,7.9125,0.88568,0,0.495,0.19059,-0.15221
439.05,-472.01,30.064,0.32619,2.9276,0.0066149,0.00010508,15.055,-14.191,-1.1111,8.523,2.2585,0,0.495,0.17458,-0.16001
422.72,-437.34,29.925,0.054585,3.0131,0.0067935,0.00014849,16.973,-12.743,1.6347,5.9718,0.5043,0,0.495,0.18255,-0.14807
397.31,-406.92,29.89,-0.045272,2.8955,0.0065403,0.00012895,14.802,-11.321,1.7975,6.5278,0.78223,0,0.495,0.19059,-0.14822
492.03,-537.48,30.038,0.39085,3.1071,0.0073562,0.00015115,19.851,-15.703,-1.2649,7.2802,3.1623,0,0.495,0.16653,-0.15601
479.52,-527.45,30.072,0.451,3.0302,0.007059,0.0001288,18.18,-15.588,-2.2451,8.0946,3.4652,0,0.495,0.16653,-0.16
311.95,-347.66,29.844,-0.65845,2.4061,0.0060055,9.4074e-05,9.4563,-4.5299,-1.2042,4.7536,3.906,0,0.495,0.23823,-0.14033
315.76,-355.09,29.823,-0.58557,2.523,0.0060684,9.8623e-05,10.142,-5.3044,-0.79011,4.4902,5.3198,0,0.495,0.23029,-0.14032
318.38,-354.56,29.808,-0.7193,2.447,0.0060972,0.00011528,10.697,-4.0939,-0.99934,3.871,3.8698,0,0.495,0.23823,-0.13634
324.98,-364.76,29.787,-0.64581,2.5663,0.0061728,0.00012127,11.491,-4.8843,-0.59272,3.4891,5.2539,0,0.495,0.23029,-0.13633
306.85,-345.42,29.862,-0.52613,2.4802,0.0059813,8.1708e-05,8.9582,-5.6966,-0.76974,5.6615,5.3604,0,0.495,0.23029,-0.14432
304.55,-339.54,29.884,-0.59833,2.3652,0.005929,7.8447e-05,8.3656,-4.9397,-1.1497,5.7601,3.9489,0,0.495,0.23823,-0.14433
326.1,-362.49,29.773,-0.78038,2.4879,0.0062054,0.00014246,12.096,-3.632,-0.66837,3.3209,3.8247,0,0.495,0.23823,-0.13235
286.28,-318.58,29.782,-0.85044,2.3772,0.0061336,0.00014174,11.276,-2.9608,-2.3543,3.2066,3.427,0,0.495,0.24616,-0.13236
280.81,-312.44,29.816,-0.78988,2.3397,0.0060384,0.00011535,9.9941,-3.4327,-2.8659,3.7879,3.154,0,0.495,0.24616,-0.13635
336.69,-376.94,29.754,-0.7065,2.6101,0.0062957,0.00014974,13.006,-4.4365,-0.27236,2.8686,5.1486,0,0.495,0.23029,-0.13234
276.05,-306.82,29.853,-0.72939,2.3015,0.005958,9.4935e-05,8.8607,-3.8792,-3.2376,4.6656,2.919,0,0.495,0.24616,-0.14034
269.19,-299.44,29.892,-0.66973,2.2629,0.0058909,8.0069e-05,7.8667,-4.3011,-3.3143,5.6262,2.7446,0,0.495,0.24616,-0.14433
269.22,-297.96,29.908,-0.17147,2.6509,0.0061136,8.9451e-05,10.181,-9.154,-3.8269,8.3078,3.7138,0,0.495,0.20649,-0.15227
282.27,-310.76,29.864,-0.22556,2.701,0.006208,0.00010509,11.348,-8.9166,-3.7136,7.1043,3.6363,0,0.495,0.20649,-0.14828
263.51,-294.47,29.913,-0.25859,2.5786,0.006001,7.7807e-05,8.8801,-8.1372,-3.7233,8.1021,4.183,0,0.495,0.21442,-0.15228
274.86,-305.18,29.868,-0.31349,2.6259,0.0060796,9.039e-05,9.9175,-7.8555,-3.8524,7.0903,4.1866,0,0.495,0.21442,-0.14829
280.98,-317.77,29.88,-0.39084,2.5413,0.0059787,7.7735e-05,8.7418,-6.9232,-2.2855,6.8157,5.0889,0,0.495,0.22236,-0.1483
268.47,-304.91,29.926,-0.33559,2.4967,0.0059122,6.804e-05,7.7976,-7.2368,-1.8255,7.6488,5.0399,0,0.495,0.22236,-0.15229
255.33,-283.79,29.955,-0.11919,2.6012,0.0060367,7.8549e-05,9.1881,-9.3656,-3.5238,8.9933,3.6943,0,0.495,0.20649,-0.15627
301.27,-321.19,29.956,-0.039675,2.6769,0.006155,8.6229e-05,10.577,-10.421,-1.2797,9.1007,2.5402,0,0.495,0.19855,-0.15625
317.11,-338.39,29.91,-0.090457,2.7297,0.0062471,9.9085e-05,11.683,-10.254,-1.1782,8.2163,2.4873,0,0.495,0.19855,-0.15226
331.64,-352.75,29.867,-0.14214,2.7832,0.0063594,0.00011717,12.979,-10.064,-0.71557,6.8567,2.3829,0,0.495,0.19855,-0.14826
251.07,-282.53,29.961,-0.20628,2.5311,0.0059376,6.944e-05,8.005,-8.3938,-3.1624,8.5901,4.072,0,0.495,0.21442,-0.15628
253.11,-289.59,29.973,-0.28411,2.4515,0.0058588,6.2057e-05,6.9977,-7.526,-1.0043,7.9815,4.8756,0,0.495,0.22236,-0.15629
280.79,-313.95,29.97,-0.48483,2.2833,0.0058151,6.0539e-05,6.6003,-5.685,-0.017489,7.1662,3.9407,0,0.495,0.23823,-0.15231
281,-317.77,29.949,-0.41376,2.3952,0.0058516,6.1903e-05,7.0455,-6.401,0.27988,7.3946,5.2633,0,0.495,0.23029,-0.1523
294.62,-328.51,29.926,-0.54006,2.3244,0.0058661,6.7498e-05,7.4163,-5.3239,-0.74331,6.6375,3.9327,0,0.495,0.23823,-0.14832
295.9,-333.28,29.904,-0.46841,2.4378,0.0059096,6.9686e-05,7.9288,-6.0612,-0.41939,6.7055,5.3169,0,0.495,0.23029,-0.14831
245.77,-274.82,29.979,-0.55793,2.184,0.0057916,6.3656e-05,6.2726,-5.0748,-2.4717,6.9327,2.4788,0,0.495,0.24617,-0.15232
228.94,-258.14,30.023,-0.50838,2.1433,0.0057559,6.048e-05,5.6483,-5.4299,-1.5338,6.9797,2.3464,0,0.495,0.24617,-0.15631
262.93,-295.78,30.015,-0.43375,2.2419,0.005774,5.6714e-05,5.901,-6.0242,1.0313,7.2548,3.8553,0,0.495,0.23823,-0.1563
212,-240.5,30.066,-0.46496,2.1012,0.0057265,5.9408e-05,5.1139,-5.7635,-0.3829,6.5844,2.296,0,0.495,0.24617,-0.16031
161.3,-187.72,30.023,-0.5811,2.0812,0.0057214,6.6981e-05,4.9635,-4.8917,-4.1487,6.6512,1.4018,0,0.495,0.2541,-0.15632
181.11,-208.28,29.981,-0.62889,2.116,0.0057523,6.7405e-05,5.5407,-4.5307,-4.8047,6.5371,1.7544,0,0.495,0.2541,-0.15233
243.77,-275.38,30.059,-0.38796,2.1998,0.0057402,5.5162e-05,5.2994,-6.3414,2.3669,6.8846,3.828,0,0.495,0.23823,-0.1603
259.3,-288.81,29.934,-0.61219,2.2238,0.0058359,6.9888e-05,7.0068,-4.6989,-3.0546,6.459,2.5656,0,0.495,0.24616,-0.14833
197.22,-225.82,29.94,-0.68184,2.1504,0.0057903,7.1319e-05,6.2167,-4.1501,-5.1434,5.9598,2.101,0,0.495,0.2541,-0.14834
261.62,-298.17,29.995,-0.36342,2.3524,0.0058048,5.7514e-05,6.2882,-6.7177,1.251,7.6121,5.0895,0,0.495,0.2303,-0.1563
240.07,-275.91,30.04,-0.3184,2.309,0.0057664,5.5631e-05,5.6333,-7.0123,2.3703,7.3497,4.9394,0,0.495,0.2303,-0.16029
125.27,-152.21,30.045,-1.0377,1.5624,0.0056772,7.8032e-05,4.3751,-1.8135,-0.50167,2.9478,2.8308,0,0.495,0.30221,-0.14052
197.86,-232.94,30.01,-1.0043,1.6722,0.0057034,6.6676e-05,5.0512,-1.8686,4.6611,2.275,4.966,0,0.495,0.29427,-0.14051
116.65,-143.6,30.02,-1.0781,1.5805,0.0057031,8.5624e-05,4.8281,-1.4296,0.63353,2.8334,2.9959,0,0.495,0.30221,-0.13652
185.49,-218.8,29.985,-1.0481,1.6912,0.0057349,7.5522e-05,5.5921,-1.4673,5.4862,2.1064,4.8198,0,0.495,0.29427,-0.13651
212.9,-249.99,30.036,-0.95709,1.6512,0.0056771,6.0226e-05,4.5845,-2.2549,3.6723,2.7197,4.9862,0,0.495,0.29427,-0.1445
136.94,-164.44,30.071,-0.99298,1.5424,0.0056557,7.1752e-05,3.9989,-2.1845,-1.9297,3.3557,2.6231,0,0.495,0.30221,-0.14451
114,-141.28,29.995,-1.1161,1.5964,0.0057343,9.4595e-05,5.3771,-1.0329,1.2608,3.0467,3.1652,0,0.495,0.30221,-0.13253
64.704,-85.402,30.017,-1.1405,1.5368,0.0056876,0.00010568,4.3728,-1.0728,-2.4515,2.1511,1.8403,0,0.495,0.31015,-0.13254
61.239,-80.066,30.039,-1.106,1.5249,0.0056628,0.00010329,3.9098,-1.4534,-3.5002,1.9559,1.3068,0,0.495,0.31015,-0.13653
180.51,-212.09,29.959,-1.0898,1.7078,0.0057727,8.6933e-05,6.2308,-1.0498,5.9055,2.2997,4.5953,0,0.495,0.29427,-0.1325
61.981,-79.111,30.061,-1.0693,1.5107,0.0056424,9.9192e-05,3.5407,-1.8232,-5.1553,2.1197,0.77993,0,0.495,0.31015,-0.14052
64.556,-80.115,30.084,-1.0282,1.4942,0.0056256,9.3425e-05,3.2479,-2.1817,-7.2241,2.621,0.20994,0,0.495,0.31015,-0.14452
188.05,-215.15,29.991,-0.72296,1.9828,0.0056692,6.0442e-05,4.1869,-3.6796,-2.4063,4.4311,2.0959,0,0.495,0.2701,-0.15239
195.77,-224.03,29.957,-0.77769,2.0092,0.0056972,6.2067e-05,4.727,-3.2975,-3.0263,3.6436,2.3055,0,0.495,0.2701,-0.1484
220.78,-254.13,30.007,-0.76985,1.884,0.0056545,5.5548e-05,4.0554,-3.3758,1.6915,3.9972,3.9161,0,0.495,0.27834,-0.15247
229.46,-263.19,29.976,-0.8229,1.9093,0.0056797,5.7109e-05,4.5589,-2.9962,1.1455,3.2329,3.9912,0,0.495,0.27834,-0.14848
250.79,-291,30.016,-0.86522,1.7728,0.0056685,5.367e-05,4.4581,-2.7783,4.442,3.1211,5.5895,0,0.495,0.28633,-0.14848
243.35,-283.64,30.047,-0.81296,1.7489,0.0056462,5.203e-05,3.9993,-3.1502,4.65,3.769,5.5711,0,0.495,0.28633,-0.15248
174.54,-200.25,30.026,-0.67245,1.9559,0.0056467,6.1275e-05,3.7316,-4.0444,-1.2885,4.7751,1.8714,0,0.495,0.27011,-0.15638
146.8,-169.08,30.023,-0.62907,2.0316,0.0056755,6.6705e-05,4.1302,-4.4158,-3.9582,5.7486,1.2913,0,0.495,0.26205,-0.15633
163.8,-187.86,29.985,-0.67877,2.0595,0.0057017,6.5401e-05,4.6491,-4.0527,-4.7827,5.5079,1.6613,0,0.495,0.26205,-0.15234
176.78,-202.8,29.948,-0.73314,2.0876,0.005734,6.7308e-05,5.2614,-3.6708,-5.2237,4.7918,2.0386,0,0.495,0.26205,-0.14835
201.99,-234.35,30.041,-0.72082,1.8583,0.0056337,5.6356e-05,3.6145,-3.7395,2.7638,4.3696,3.7869,0,0.495,0.27834,-0.15646
221.99,-261.13,30.078,-0.76347,1.7251,0.0056271,5.2684e-05,3.5765,-3.5077,5.4619,4.0979,5.4993,0,0.495,0.28633,-0.15647
150.6,-178.17,30.127,-0.89021,1.4981,0.0056226,6.4832e-05,3.3875,-2.89,-3.8957,4.5596,2.4883,0,0.495,0.30222,-0.15249
223.31,-261.48,30.093,-0.85362,1.606,0.0056362,5.4223e-05,3.788,-2.9864,2.7,3.8715,5.0161,0,0.495,0.29428,-0.15249
147.27,-174.77,30.098,-0.94337,1.5207,0.0056377,6.7125e-05,3.677,-2.5431,-3.2258,3.9854,2.5228,0,0.495,0.30222,-0.1485
223.72,-261.71,30.064,-0.9063,1.6288,0.005655,5.6055e-05,4.1696,-2.6271,2.8889,3.3349,5.0037,0,0.495,0.29428,-0.14849
66.252,-76.371,30.137,-0.93005,1.4554,0.0056004,8.4746e-05,2.8026,-2.8653,-10.804,4.1341,-0.57854,0,0.495,0.31016,-0.1525
62.57,-68.863,30.167,-0.8769,1.4343,0.0055909,8.561e-05,2.6082,-3.1911,-11.337,4.5788,-0.79241,0,0.495,0.31016,-0.15649
144.53,-171.87,30.158,-0.83658,1.4754,0.0056096,6.5095e-05,3.1135,-3.2257,-3.6202,4.8762,2.5464,0,0.495,0.30222,-0.15649
41.453,-36.939,30.151,-0.90786,1.4491,0.0055676,9.6364e-05,2.119,-3.152,-12.251,3.3433,-1.852,0,0.495,0.3181,-0.1565
46.847,-47.801,30.125,-0.95981,1.4616,0.0055749,9.4562e-05,2.2699,-2.8393,-11.086,2.763,-1.3396,0,0.495,0.3181,-0.15251
66.84,-80.073,30.109,-0.98149,1.4755,0.0056118,8.7786e-05,3.0096,-2.5287,-9.2876,3.3998,-0.22202,0,0.495,0.31016,-0.14851
49.065,-55.233,30.102,-1.0088,1.4729,0.0055835,9.7559e-05,2.4264,-2.5163,-8.8697,1.878,-0.69029,0,0.495,0.31809,-0.14852
208.85,-246.2,30.124,-0.802,1.5837,0.0056199,5.4599e-05,3.4258,-3.3332,3.3204,4.1421,5.0364,0,0.495,0.29428,-0.15648
28.775,-38.116,30.208,-0.98758,0.9064,0.0055447,0.00013486,1.6283,-2.6132,-1.071,3.9789,1.6981,0,0.495,0.36572,-0.14057
65.155,-78.1,30.17,-0.99893,0.97163,0.0055565,9.1408e-05,1.9429,-2.4332,5.4667,3.375,3.3097,0,0.495,0.35778,-0.14057
34.3,-44.271,30.185,-1.0131,0.90507,0.0055509,0.00012431,1.7649,-2.3713,-2.8532,3.6708,1.7478,0,0.495,0.36572,-0.13658
74.873,-90.201,30.148,-1.0228,0.9672,0.0055646,8.768e-05,2.122,-2.1757,3.6241,3.1198,3.2419,0,0.495,0.35778,-0.13657
59.602,-71.673,30.194,-0.98006,0.97616,0.0055494,9.3452e-05,1.7954,-2.6853,6.5498,3.3168,3.4895,0,0.495,0.35778,-0.14456
25.202,-33.61,30.231,-0.9683,0.90799,0.0055389,0.00014505,1.5088,-2.8508,0.26881,4.0042,1.6766,0,0.495,0.36572,-0.14456
39.416,-49.983,30.164,-1.0454,0.90451,0.005557,0.00011559,1.9011,-2.1257,-4.3893,3.4514,1.664,0,0.495,0.36572,-0.13259
16.642,-17.1,30.172,-1.0405,0.89627,0.0055402,0.00014241,1.5308,-2.3705,-8.0786,3.0641,-1.3377,0,0.495,0.37365,-0.13259
12.187,-13.458,30.192,-1.0072,0.89763,0.0055357,0.00015774,1.4296,-2.6018,-7.1971,3.2006,-1.4283,0,0.495,0.37366,-0.13658
84.367,-102.1,30.126,-1.0532,0.9635,0.005573,8.4079e-05,2.3108,-1.9135,1.6993,2.8293,3.1482,0,0.495,0.35778,-0.13258
7.8714,-10.729,30.213,-0.98072,0.89959,0.005531,0.00017839,1.3247,-2.8302,-5.8313,3.402,-1.672,0,0.495,0.37366,-0.14058
5.1987,-8.6344,30.235,-0.96134,0.9014,0.0055265,0.00019763,1.232,-3.0552,-4.7995,3.4138,-1.9087,0,0.495,0.37366,-0.14457
142.38,-164.54,30.152,-0.9608,1.3322,0.0055574,6.6282e-05,2.0902,-2.8512,2.5636,0.92371,2.2903,0,0.495,0.33397,-0.15252
124.5,-142.63,30.138,-1.0016,1.3314,0.0055637,7.025e-05,2.1872,-2.559,4.6435,0.20586,2.3151,0,0.495,0.33397,-0.14853
141.37,-158.99,30.177,-0.95337,1.215,0.0055534,6.6241e-05,2.0122,-2.9327,5.6131,1.5077,2.0162,0,0.495,0.34191,-0.15253
119.93,-130.53,30.161,-0.98722,1.2127,0.0055587,7.111e-05,2.0815,-2.6592,7.6446,1.1009,1.7332,0,0.495,0.34191,-0.14854
100.48,-109.66,30.181,-0.97308,1.0902,0.0055518,7.531e-05,1.9173,-2.7956,8.4693,2.4069,2.5205,0,0.495,0.34985,-0.14854
122.17,-139.19,30.2,-0.94493,1.0925,0.0055476,6.9634e-05,1.8717,-3.0514,6.4844,2.4334,2.7366,0,0.495,0.34985,-0.15254
153.11,-176.72,30.17,-0.91363,1.3302,0.0055518,6.4121e-05,1.9922,-3.1359,1.3094,1.5627,2.3138,0,0.495,0.33397,-0.15652
102.21,-113.01,30.147,-0.91438,1.4261,0.0055546,8.0014e-05,1.961,-3.1094,-5.1884,2.2214,0.64654,0,0.495,0.32604,-0.15651
101.66,-114.34,30.127,-0.96518,1.4305,0.0055609,7.9749e-05,2.0884,-2.8117,-3.9996,1.5616,1.0348,0,0.495,0.32603,-0.15252
94.06,-107.86,30.11,-1.0114,1.4331,0.0055682,8.2832e-05,2.2146,-2.5051,-1.7644,0.67588,1.5277,0,0.495,0.32603,-0.14852
159.43,-181.14,30.196,-0.91149,1.2143,0.005549,6.269e-05,1.9499,-3.2002,4.0082,1.9804,2.2867,0,0.495,0.34191,-0.15652
147.13,-169.13,30.22,-0.90724,1.092,0.0055445,6.441e-05,1.8468,-3.3022,4.4398,2.6309,2.9553,0,0.495,0.34985,-0.15653
33.093,-43.224,30.273,-0.93252,0.90898,0.0055311,0.00013586,1.3913,-3.3137,-1.3181,3.6475,1.4548,0,0.495,0.36572,-0.15255
81.287,-101.24,30.237,-0.93888,0.98115,0.0055404,8.3615e-05,1.6665,-3.1744,4.4328,2.8411,3.6237,0,0.495,0.35779,-0.15254
25.587,-34.289,30.253,-0.95212,0.90918,0.0055342,0.00014827,1.4256,-3.0846,0.35692,3.7563,1.5943,0,0.495,0.36572,-0.14856
63.324,-78.206,30.216,-0.96213,0.97972,0.0055439,9.1236e-05,1.701,-2.9327,6.2488,3.0353,3.634,0,0.495,0.35778,-0.14855
0.29431,-1.6108,30.276,-0.92911,0.90356,0.0055199,0.00019762,1.1263,-3.4954,-6.8387,3.3583,-2.4755,0,0.495,0.37366,-0.15255
-4.2303,5.7171,30.297,-0.90269,0.90277,0.0055181,0.00017233,1.1182,-3.7092,-9.9845,3.7978,-2.5864,0,0.495,0.37366,-0.15654
46.019,-56.43,30.294,-0.90256,0.90678,0.0055293,0.00011494,1.3955,-3.5384,-4.0813,3.8556,1.5377,0,0.495,0.36572,-0.15654
9.6113,-8.7588,30.269,-0.89535,0.93757,0.0055095,0.0001603,0.98136,-3.8458,-7.7224,2.6814,-3.1834,0,0.495,0.3816,-0.15655
13.575,-15.405,30.25,-0.91915,0.9311,0.0055111,0.00017467,0.99466,-3.6459,-4.5395,2.2451,-2.8378,0,0.495,0.3816,-0.15256
3.5073,-6.1171,30.256,-0.94617,0.90293,0.0055227,0.00020737,1.1633,-3.2774,-4.9402,3.269,-2.1873,0,0.495,0.37366,-0.14856
16.515,-20.222,30.233,-0.93452,0.92352,0.0055136,0.00017671,1.032,-3.4419,-2.5422,2.0773,-2.4272,0,0.495,0.3816,-0.14857
107.53,-130.3,30.257,-0.9052,0.98004,0.0055383,7.4717e-05,1.667,-3.4116,2.008,2.8862,3.7348,0,0.495,0.35779,-0.15653
48.781,-53.417,30.248,-0.88852,0.89773,0.0055075,0.00011372,0.98809,-3.7669,2.6398,1.8186,0.37026,0,0.495,0.38953,-0.15256
54.981,-61.71,30.274,-0.84819,0.81184,0.0055065,0.00010107,0.98819,-3.9432,5.5886,1.9639,1.9959,0,0.495,0.39748,-0.15257
54.132,-60.962,30.263,-0.8672,0.9104,0.0055061,0.00010727,0.97622,-3.9528,0.19576,2.0402,0.10155,0,0.495,0.38953,-0.15655
61.855,-71.644,30.282,-0.83697,0.84058,0.0055051,9.6983e-05,0.97528,-4.0776,4.3576,2.09,1.9767,0,0.495,0.39747,-0.15656
48.103,-52.722,30.234,-0.90272,0.88369,0.0055099,0.00011391,1.0266,-3.5771,3.7987,1.7085,0.66195,0,0.495,0.38953,-0.14857
56.523,-63.066,30.255,-0.86797,0.81163,0.0055091,9.8995e-05,1.036,-3.719,5.92,2.0216,2.2513,0,0.495,0.39748,-0.14857
6308.1,11194,6.4013,4.3189,1.4691,18.58,0.015018,1205,-43.101,-272.72,152.71,291.22,0,0.495,0.047158,-0.17212
4040.7,9194.4,4.8023,3.8488,-0.37576,17.49,0.016251,1079.3,-41.42,-311.41,70.689,151.35,0,0.495,0.039233,-0.17211
3652.8,13038,5.777,4.0521,1.2589,19.125,0.016923,1117.9,-46.882,-295.26,111.35,249.94,0,0.495,0.047161,-0.16813
2584.2,10950,4.4671,3.5849,-0.69889,18.434,0.018149,1017.9,-45.299,-325.52,48.854,123.52,0,0.495,0.039236,-0.16812
6391.7,7223.1,5.2416,4.1028,-0.065693,16.601,0.014395,1156.2,-37.517,-293.67,102.87,187.64,0,0.495,0.03923,-0.17611
9774,9264.7,7.2083,4.5651,1.638,18.208,0.013332,1312.1,-39.337,-245.83,207.56,339.77,0,0.495,0.047155,-0.17612
2069.5,14871,5.2914,3.7658,1.0221,19.773,0.018919,1046.8,-50.561,-314.11,81.047,215.11,0,0.495,0.047165,-0.16413
7911.4,13685,7.3801,4.0994,2.793,21.097,0.016592,1206.6,-49.629,-264.36,161.94,349.02,0,0.495,0.055094,-0.16414
11304,11644,8.1891,4.3681,2.8881,20.824,0.015027,1293.5,-46.06,-238.5,206.17,387.62,0,0.495,0.05509,-0.16814
1718.9,12625,4.2079,3.3107,-1.026,19.359,0.020043,967.37,-49.061,-337.05,33.454,101.81,0,0.495,0.03924,-0.16412
16053,9585.3,9.181,4.6062,2.9322,20.642,0.01365,1393.1,-42.406,-209.15,259.97,427.71,0,0.495,0.055086,-0.17213
20332,7680.7,10.39,4.8094,2.9127,20.536,0.012577,1503.9,-38.815,-176.68,321.66,468.17,0,0.495,0.055082,-0.17613
3214.6,-2738.2,4.6157,3.1697,-3.1505,12.79,0.009579,1345.8,-24.759,-299.28,36.411,26.949,0,0.495,0.023371,-0.18409
9312.5,-8659.4,4.7688,2.2637,-5.1973,11.398,0.0071175,1651.3,-22.194,-306.16,6.2657,-54.417,0,0.495,0.015444,-0.18408
1979.2,-971.71,4.4067,2.971,-3.6413,13.984,0.01097,1285.9,-28.896,-309.52,20.174,9.0853,0,0.495,0.023375,-0.18009
8238.8,-6863.8,4.6468,2.109,-5.7539,12.343,0.0079772,1601.6,-26.49,-314.13,-0.28588,-63.722,0,0.495,0.015447,-0.18008
4138.1,3239.6,4.7021,3.7117,-1.6361,14.762,0.012451,1188.9,-31.878,-300.27,60.768,99.271,0,0.495,0.031302,-0.1801
6553.4,1617.3,5.119,3.9366,-1.2395,13.703,0.010786,1274.4,-27.96,-283.48,100.33,138.29,0,0.495,0.031298,-0.18409
11376,-10490,4.9287,2.4227,-4.6185,10.41,0.0062821,1701.9,-17.969,-296.92,18.454,-40.621,0,0.495,0.01544,-0.18808
-35896,-15498,5.6193,1.3818,-6.6845,8.6331,0.0028653,2596.9,-15.784,286.01,-4.7291,-1666.5,0,0.495,0.0075107,-0.18808
-35224,-10528,5.5386,1.2738,-7.3534,9.154,0.0031464,2599.2,-20.216,327.73,-7.9359,-1676.3,0,0.495,0.0075146,-0.18408
-88387,-16527,6.164,0.83483,-7.7392,7.6292,0.00069934,3277.2,-14.862,872.05,4.6087,-3256.6,0,0.495,0,-0.18807
-86998,-8348.9,6.1201,0.75768,-8.4657,7.8582,0.00071428,3324.1,-19.393,964.96,4.9436,-3265.4,0,0.495,0,-0.18407
7806.7,-4800.2,4.9128,3.3684,-2.6485,11.649,0.0082706,1418.3,-20.687,-286.8,69.353,55.198,0,0.495,0.023368,-0.18809
12137,-300.15,5.7386,4.1573,-0.86327,12.951,0.0092591,1397.1,-24.13,-260.43,172.92,193.71,0,0.495,0.031295,-0.18809
-34664,-7306.9,5.4779,1.1759,-7.9821,9.639,0.0034282,2598.2,-24.686,366.71,-10.392,-1683.5,0,0.495,0.0075182,-0.18008
-84545,-3735.1,6.0913,0.69273,-9.1352,8.0684,0.00072741,3366.5,-23.916,1050.6,4.8403,-3271.2,0,0.495,0,-0.18008
21657,4959.3,9.6215,4.9601,1.781,18.125,0.010379,1596.7,-31.939,-174.45,374.19,449.79,0,0.495,0.047149,-0.18411
16604,2527.6,6.6684,4.5614,0.46139,15.402,0.01063,1389.1,-29.803,-241.97,229.14,293.61,0,0.495,0.039224,-0.1841
15652,7107.1,8.256,4.7825,1.7483,18.055,0.011726,1442.2,-35.561,-213.23,281.27,393.52,0,0.495,0.047152,-0.18011
10706,4898.8,5.8355,4.3419,0.2191,15.855,0.01246,1255.8,-33.594,-270.87,153.13,234.21,0,0.495,0.039227,-0.1801
30313,4027.6,13.584,5.0791,2.6318,20.154,0.011049,1737.2,-31.74,-102.91,468.74,532.05,0,0.495,0.055076,-0.18412
34092,2149,15.613,5.1222,2.3517,19.454,0.010307,1835.6,-28.306,-62.366,547.89,543.78,0,0.495,0.055074,-0.18812
30767,2894.9,11.378,5.0829,1.7133,18.329,0.0094318,1769.4,-28.375,-129.81,489.08,501.21,0,0.495,0.047148,-0.18811
8283.6,-211.55,19.87,4.9408,2.6977,17.296,0.0099733,1727.8,-27.772,-11.125,519.83,510.93,0,0.495,0.063038,-0.18813
19339,2542.6,17.883,4.9648,3.1133,19.38,0.01116,1723.8,-31.278,-41.998,481.54,533.72,0,0.495,0.063038,-0.18413
26345,5780,11.847,4.9702,2.8163,20.43,0.011741,1621.5,-35.195,-141.19,392.81,504.29,0,0.495,0.055079,-0.18012
25656,4719.1,16.058,4.9216,3.4556,20.788,0.012116,1680.7,-34.788,-73.087,434.44,538.37,0,0.495,0.06304,-0.18013
26222,-33.212,7.8543,4.7536,0.63232,15.401,0.0091596,1568.9,-26.117,-204.67,343.35,364.2,0,0.495,0.039223,-0.1881
-524.71,-3394.4,29.695,2.3143,3.5627,1.3685,0.0035981,350.86,-24.176,17.452,66.314,82.407,0,0.495,0.11084,-0.17218
-3562.2,-3790.8,28.801,2.7532,3.8087,3.5397,0.0054013,620.13,-26.636,26.033,130.33,165.9,0,0.495,0.10291,-0.17217
-1536.2,-3443.6,29.427,2.2687,3.8294,2.0535,0.0043533,440.09,-25.359,20.941,83.123,109.64,0,0.495,0.11084,-0.16819
-4690.1,-3434.3,28.276,2.7121,4.1396,4.8931,0.0064289,727.81,-28.307,27.927,150.62,204.01,0,0.495,0.10291,-0.16818
-2694.5,-3771.6,29.238,2.7731,3.4862,2.4139,0.0044495,507.28,-25.043,22.885,107.31,128.92,0,0.495,0.10291,-0.17616
306.27,-3152.3,29.899,2.3439,3.3071,0.85798,0.0028716,268.75,-23.064,14.071,50.478,59.118,0,0.495,0.11084,-0.17618
-2278.2,-3460.4,29.094,2.2069,4.1037,2.9199,0.0051759,531.81,-26.647,24.086,99.697,138.92,0,0.495,0.11084,-0.1642
323.69,-2624.5,29.823,1.835,3.8098,1.0753,0.003364,293.9,-24.916,15.516,49.143,65.812,0,0.495,0.11877,-0.16421
820.43,-2497.8,29.975,1.8983,3.593,0.70118,0.0027292,229.36,-23.905,12.598,38.383,48.008,0,0.495,0.11877,-0.1682
-5453.7,-3046,27.678,2.6487,4.4715,6.4296,0.0075179,825.24,-30.082,28.153,166.85,240.46,0,0.495,0.10292,-0.16418
1370.6,-2386.9,30.087,1.9474,3.3813,0.43277,0.0020695,173.52,-22.962,10.125,29.01,33.261,0,0.495,0.11877,-0.1722
1709.2,-2218.9,30.168,1.9819,3.1761,0.25148,0.0014634,127.91,-22.064,8.1961,21.38,22.187,0,0.495,0.11877,-0.17619
-20309,-4120.8,25.239,4.2025,3.226,10.37,0.0080606,1257.8,-26.558,26.513,346.46,364.09,0,0.495,0.079126,-0.18412
-9982.9,-2440.1,23.864,4.2423,3.6893,13.126,0.0095073,1361.2,-29.39,14.789,359.49,413.02,0,0.495,0.079127,-0.18012
-9897.1,-4464.8,27.645,3.7002,3.0951,5.6458,0.0060231,897.25,-25.122,32.124,233.98,243.81,0,0.495,0.087057,-0.18413
-12063,-3738.5,26.689,3.7473,3.5251,7.8812,0.0073437,1040.1,-27.379,29.586,265.33,298.06,0,0.495,0.087058,-0.18013
-5975.9,-5057.6,28.54,3.2385,3.3309,3.8644,0.0052819,692.62,-24.635,28.313,163.59,183.26,0,0.495,0.094985,-0.18014
-4247.8,-4981.2,29.09,3.1988,2.9687,2.5041,0.0042239,552.87,-22.968,25.388,130.91,137.62,0,0.495,0.094984,-0.18414
-16123,-5736.9,26.527,4.115,2.7539,7.6067,0.0066153,1110.5,-24.012,34.882,315.46,303.74,0,0.495,0.079125,-0.18811
-25028,-2038.8,23.638,4.5699,2.7907,12.662,0.0084903,1468.8,-26.3,21.658,437.47,421.45,0,0.495,0.071158,-0.1881
-15232,138.07,21.919,4.6362,3.2656,15.574,0.0099502,1552.7,-29.316,2.3126,439.2,468.49,0,0.495,0.07116,-0.18411
4647.1,2056.8,20.226,4.6438,3.6995,18.038,0.011318,1587.9,-32.464,-19.398,423.65,498.99,0,0.495,0.071161,-0.18011
-6892.3,-4979.1,28.457,3.619,2.6818,3.7165,0.0047894,731.33,-23.152,31.754,191.73,186.54,0,0.495,0.087055,-0.18812
-2324.9,-4743.5,29.509,3.1355,2.6335,1.4857,0.0032782,415.6,-21.563,21.438,96.393,95.952,0,0.495,0.094983,-0.18814
1763.6,-2634.8,30.147,2.3549,2.8371,0.27282,0.0014257,141.1,-21.139,9.1669,25.085,25.837,0,0.495,0.11084,-0.18416
-216.9,-3404.4,29.839,2.7534,2.8947,0.90617,0.002751,294.04,-22.297,15.409,60.788,65.419,0,0.495,0.10291,-0.18415
1101.8,-2927.7,30.047,2.3573,3.0649,0.50219,0.0021255,197.94,-22.069,11.251,36.452,39.982,0,0.495,0.11084,-0.18017
-1416.8,-3708.2,29.584,2.7729,3.1799,1.5383,0.003582,396.15,-23.617,19.127,83.311,94.523,0,0.495,0.10291,-0.18016
1736,-1932.5,30.26,2.0083,2.7878,0.071322,0.00051645,68.08,-20.434,5.1889,10.843,8.8689,0,0.495,0.11877,-0.18418
1610.1,-1770.5,30.283,2.0035,2.6046,0.037204,0.00030485,51.725,-19.685,3.5638,7.6461,5.5863,0,0.495,0.11877,-0.18817
2081.6,-2357.3,30.211,2.3373,2.623,0.13808,0.00085245,99.178,-20.296,7.3849,16.191,15.825,0,0.495,0.11084,-0.18816
1169.5,-1271.9,30.298,1.7015,2.5981,0.013684,0.00015976,32.883,-18.851,-0.22477,6.1031,1.1825,0,0.495,0.12669,-0.18819
1268.8,-1389.7,30.281,1.6963,2.7501,0.020642,0.00021297,38.632,-19.467,1.9206,7.1483,1.767,0,0.495,0.12669,-0.18419
1853.3,-2082,30.223,2.0016,2.9782,0.13716,0.00092258,92.957,-21.231,6.6101,15.315,14.059,0,0.495,0.11877,-0.18018
1372.8,-1502.5,30.261,1.6822,2.9066,0.035413,0.00031846,47.718,-20.107,3.3421,8.6622,2.9688,0,0.495,0.1267,-0.1802
802.23,-3101,30.014,2.7153,2.6322,0.48988,0.0019485,207.85,-21.147,11.996,40.935,42.23,0,0.495,0.10291,-0.18815
407.73,-453.57,30.18,0.47852,2.709,0.0062997,7.4472e-05,12.061,-13.999,0.48452,7.671,2.4885,0,0.495,0.17458,-0.17198
424.29,-481.83,30.181,0.61273,2.7905,0.0065582,8.978e-05,14.492,-15.157,-2.1715,8.1526,3.8088,0,0.495,0.16653,-0.17198
417.04,-458.38,30.143,0.43265,2.7841,0.0063861,8.2348e-05,12.925,-14.076,-0.43739,8.2782,2.5456,0,0.495,0.17458,-0.16799
442.87,-496.86,30.146,0.5639,2.872,0.0066856,9.9735e-05,15.558,-15.312,-2.5914,8.4762,3.8608,0,0.495,0.16653,-0.16799
408.93,-468.13,30.215,0.65541,2.7076,0.0064522,8.1411e-05,13.518,-14.994,-1.7322,7.7091,3.6953,0,0.495,0.16653,-0.17597
403.37,-451.76,30.213,0.51872,2.6318,0.0062248,6.7703e-05,11.267,-13.912,1.4512,7.0237,2.4129,0,0.495,0.17458,-0.17598
427.6,-464.8,30.104,0.38144,2.8569,0.0064888,9.2177e-05,13.907,-14.14,-1.0388,8.6515,2.4183,0,0.495,0.17458,-0.164
413.11,-440.75,30.087,0.26639,2.7542,0.0062744,7.8856e-05,11.914,-12.933,0.07544,8.7793,1.2511,0,0.495,0.18256,-0.16404
409.94,-442.44,30.128,0.31272,2.6834,0.0061982,7.0939e-05,11.11,-12.935,0.86373,8.2418,1.4022,0,0.495,0.18256,-0.16804
461.51,-512.44,30.109,0.50943,2.9519,0.006846,0.00011229,16.767,-15.457,-2.6851,8.5194,3.686,0,0.495,0.16653,-0.164
407.72,-444.9,30.166,0.35311,2.6092,0.0061332,6.4584e-05,10.397,-12.923,1.819,7.5584,1.4177,0,0.495,0.18256,-0.17203
407.06,-447.04,30.2,0.38735,2.5319,0.0060758,5.9239e-05,9.7294,-12.899,2.6102,6.9251,1.4623,0,0.495,0.18256,-0.17602
675.5,-755.39,30.265,1.2471,2.6698,0.0076237,0.00010929,21.24,-17.622,0.045103,7.6507,1.8737,0,0.495,0.14257,-0.18417
737,-814.97,30.24,1.2167,2.7836,0.008242,0.00012321,23.079,-18.044,-0.32985,7.7608,1.56,0,0.495,0.14258,-0.18018
591.98,-661.31,30.264,1.0537,2.6143,0.0069165,9.0183e-05,17.509,-16.632,-1.5046,7.9391,3.03,0,0.495,0.15062,-0.18399
620.25,-689.41,30.235,1.0207,2.7196,0.0071238,0.00010059,18.82,-16.962,-1.6542,7.9831,3.0111,0,0.495,0.15062,-0.17999
481.47,-550.22,30.24,0.8416,2.6702,0.0066585,8.67e-05,15.442,-15.894,-2.7955,7.7887,3.5151,0,0.495,0.15858,-0.17996
462.73,-531.87,30.27,0.87429,2.5755,0.0065436,7.8426e-05,14.376,-15.648,-3.2782,7.6701,3.2988,0,0.495,0.15858,-0.18395
613.45,-688.61,30.29,1.2713,2.5584,0.0072912,9.9479e-05,19.681,-17.212,-0.080788,7.5989,2.0937,0,0.495,0.14257,-0.18817
755.48,-837.55,30.293,1.4682,2.5936,0.0085729,0.00012235,24.455,-18.035,-0.74017,6.842,1.2332,0,0.495,0.13462,-0.18819
836.67,-931.31,30.273,1.4535,2.7182,0.0099104,0.00014003,26.92,-18.553,0.45307,7.0501,1.0473,0,0.495,0.13462,-0.1842
924.57,-1023.4,30.252,1.4312,2.8469,0.012769,0.00017022,30.355,-19.087,0.94951,7.3951,0.93494,0,0.495,0.13462,-0.18021
557.02,-621.88,30.293,1.0827,2.5099,0.0067688,8.1821e-05,16.279,-16.308,-2.0017,8.0017,2.9458,0,0.495,0.15062,-0.18798
440.25,-506.22,30.299,0.90535,2.4816,0.0064485,7.1551e-05,13.352,-15.403,-4.6148,7.7125,3.0311,0,0.495,0.15858,-0.18795
410.29,-463.59,30.274,0.58655,2.4712,0.0061001,5.6029e-05,9.7848,-13.716,2.4649,6.5395,2.0062,0,0.495,0.17458,-0.18396
384.83,-446.03,30.276,0.72663,2.5397,0.0062801,6.7341e-05,11.69,-14.656,-1.9213,7.2847,3.1089,0,0.495,0.16653,-0.18396
404.3,-455.23,30.245,0.55407,2.5524,0.0061585,6.1547e-05,10.51,-13.818,2.1724,6.6211,2.2056,0,0.495,0.17458,-0.17997
395.59,-456.35,30.246,0.69271,2.6238,0.0063605,7.3999e-05,12.59,-14.827,-1.5722,7.3932,3.4059,0,0.495,0.16653,-0.17997
398.78,-444.1,30.263,0.44317,2.3707,0.0059784,5.1049e-05,8.4279,-12.823,2.2021,6.7235,1.3873,0,0.495,0.18256,-0.184
382.23,-425.56,30.295,0.47034,2.2888,0.0059397,4.8986e-05,7.8192,-12.769,0.72525,7.06,1.3594,0,0.495,0.18256,-0.188
418.94,-470.77,30.304,0.61817,2.3883,0.0060509,5.1601e-05,9.1165,-13.609,2.4146,6.7145,1.8266,0,0.495,0.17458,-0.18795
217.81,-256.39,30.286,0.33446,2.2584,0.0058454,5.8487e-05,6.2906,-11.931,-7.537,7.6708,1.1365,0,0.495,0.19059,-0.18815
250.58,-290.59,30.252,0.30131,2.3238,0.0058791,5.8397e-05,6.8746,-11.93,-4.255,7.4783,1.0607,0,0.495,0.19059,-0.18416
404.92,-447.64,30.232,0.41651,2.452,0.0060242,5.4676e-05,9.0741,-12.866,2.8451,6.6341,1.4201,0,0.495,0.18256,-0.18001
276.96,-314.67,30.218,0.27294,2.3908,0.0059195,5.9484e-05,7.5302,-11.918,-1.4968,7.348,1.033,0,0.495,0.19059,-0.18016
378.93,-436.98,30.306,0.75999,2.456,0.0062107,6.1655e-05,10.841,-14.483,-2.7405,7.3726,2.8138,0,0.495,0.16653,-0.18795
206.48,-235.28,30.169,-0.28346,2.0678,0.0056656,5.5377e-05,3.9301,-7.177,5.7871,4.9904,3.2154,0,0.495,0.23823,-0.17227
194.27,-229.16,30.156,-0.21429,2.1746,0.0056813,5.6248e-05,4.1037,-7.7802,4.5574,5.7474,4.0065,0,0.495,0.2303,-0.17227
212.27,-241.92,30.136,-0.31388,2.1129,0.0056872,5.5295e-05,4.3271,-6.9173,4.9976,5.5253,3.5062,0,0.495,0.23823,-0.16828
203.52,-238.56,30.121,-0.24484,2.2202,0.005706,5.5772e-05,4.5541,-7.5426,4.2461,6.2056,4.3878,0,0.495,0.2303,-0.16827
193.06,-227.61,30.19,-0.18495,2.1286,0.0056597,5.6247e-05,3.7061,-8.0004,4.2701,5.5377,3.5942,0,0.495,0.2303,-0.17626
208.85,-236.62,30.2,-0.25476,2.0218,0.0056466,5.4874e-05,3.5799,-7.4179,6.1272,4.7612,2.8658,0,0.495,0.23823,-0.17627
225.23,-256.47,30.099,-0.34817,2.1569,0.0057118,5.4989e-05,4.7794,-6.6397,3.787,6.2427,3.6742,0,0.495,0.23823,-0.16429
196.21,-224.83,30.105,-0.42804,2.0574,0.0057015,5.954e-05,4.6543,-6.078,0.66072,5.9153,2.1387,0,0.495,0.24617,-0.1643
184.97,-212.54,30.141,-0.39669,2.012,0.0056797,6.0039e-05,4.2535,-6.3719,1.3196,5.1621,2.0122,0,0.495,0.24617,-0.16829
219.18,-255.23,30.082,-0.27905,2.265,0.0057341,5.5339e-05,5.0606,-7.2878,3.4403,6.8177,4.6632,0,0.495,0.2303,-0.16428
177.55,-204.84,30.173,-0.36914,1.965,0.0056601,6.0394e-05,3.8934,-6.6479,1.4271,4.6007,1.7931,0,0.495,0.24617,-0.17228
172.46,-199,30.203,-0.34317,1.9167,0.0056423,6.0568e-05,3.5601,-6.904,0.85797,4.393,1.5275,0,0.495,0.24617,-0.17627
199.06,-229.9,30.242,0.14278,2.2443,0.0057356,5.723e-05,4.6279,-10.354,1.1751,7.2026,2.2584,0,0.495,0.20649,-0.18421
198.43,-228.48,30.206,0.11235,2.296,0.0057636,5.8274e-05,5.1072,-10.254,1.156,7.0901,2.5972,0,0.495,0.20649,-0.18022
209.76,-244.23,30.241,0.050018,2.1689,0.0056893,5.4891e-05,4.0357,-9.6432,-0.07624,6.7834,2.2827,0,0.495,0.21443,-0.18422
211.44,-245.7,30.206,0.017015,2.2225,0.0057121,5.5247e-05,4.4512,-9.5144,0.64834,6.5843,2.595,0,0.495,0.21443,-0.18023
193.61,-230.11,30.211,-0.069317,2.1583,0.0056705,5.6361e-05,3.8208,-8.8347,0.73873,6.1052,3.2282,0,0.495,0.22236,-0.18024
196.25,-233.68,30.245,-0.035418,2.1078,0.0056529,5.5702e-05,3.4837,-8.9931,-0.58286,6.344,2.937,0,0.495,0.22236,-0.18423
200.88,-231.73,30.278,0.17474,2.1926,0.005713,5.6599e-05,4.2343,-10.44,0.91961,7.1738,1.9517,0,0.495,0.20649,-0.18821
146.57,-180.62,30.281,0.25317,2.2615,0.0057648,6.2449e-05,4.9227,-11.165,-4.8836,7.576,1.8879,0,0.495,0.19855,-0.18819
154.95,-189.05,30.245,0.21802,2.3119,0.0057939,6.2888e-05,5.4139,-11.116,-3.4582,7.6257,1.9476,0,0.495,0.19855,-0.1842
167.61,-199.41,30.208,0.1859,2.3621,0.0058292,6.3778e-05,6.0053,-11.055,-1.9001,7.5537,2.0597,0,0.495,0.19855,-0.18021
206.55,-238.67,30.276,0.086257,2.116,0.0056709,5.5226e-05,3.6846,-9.7559,-0.89609,6.8368,2.0515,0,0.495,0.21443,-0.18822
200.74,-235.49,30.28,0.0025117,2.0567,0.0056389,5.5306e-05,3.2063,-9.1356,-1.6231,6.4135,2.7387,0,0.495,0.22236,-0.18822
225.17,-253.04,30.261,-0.19574,1.9272,0.0056167,5.2867e-05,3.0095,-7.849,5.8588,5.2573,2.1163,0,0.495,0.23823,-0.18425
209.03,-245.19,30.257,-0.12092,2.0352,0.0056264,5.4295e-05,3.0783,-8.394,2.6801,5.8471,2.8286,0,0.495,0.2303,-0.18424
217.15,-244.2,30.23,-0.2259,1.9749,0.0056303,5.386e-05,3.2738,-7.6416,6.1032,4.9059,2.5071,0,0.495,0.23823,-0.18026
199.14,-233.64,30.223,-0.15433,2.0822,0.0056414,5.5557e-05,3.3638,-8.2045,3.523,5.6318,3.1996,0,0.495,0.2303,-0.18025
150.12,-176.5,30.261,-0.28536,1.8195,0.0056123,6.1671e-05,2.9591,-7.3631,-2.4102,5.1465,0.92726,0,0.495,0.24617,-0.18426
128.88,-153.53,30.292,-0.24962,1.7723,0.0056007,6.4329e-05,2.701,-7.5647,-4.5299,5.5203,0.69023,0,0.495,0.24617,-0.18825
228.02,-254.38,30.293,-0.1642,1.8783,0.0056059,5.2785e-05,2.7845,-8.0399,5.4452,5.4451,1.813,0,0.495,0.23823,-0.18824
164.97,-190.9,30.232,-0.31611,1.8678,0.0056263,6.0872e-05,3.2483,-7.1425,-0.47313,4.6258,1.2527,0,0.495,0.24617,-0.18027
219.45,-253.77,30.29,-0.084952,1.9862,0.0056145,5.3316e-05,2.8468,-8.5682,2.1847,5.8541,2.5435,0,0.495,0.2303,-0.18823
6947,-685.28,16.753,-2.3272,-4.8241,24.508,0.025806,949.58,-37.392,-70.924,43.949,-263.76,0,0.495,0.10293,0.07611
6879.8,-1197,18.766,-2.0596,-4.776,22.001,0.023515,935.03,-33.33,-44.239,64.108,-262.52,0,0.495,0.11092,0.076042
7043.7,-1050.6,16.571,-2.5827,-4.5418,24.203,0.026002,930.68,-36.194,-73.734,36.384,-251.37,0,0.495,0.10297,0.072037
7058.1,-1478.8,18.506,-2.2944,-4.5233,21.847,0.023731,920.14,-32.301,-49.137,56.379,-253.3,0,0.495,0.11093,0.072033
3940.8,1440.8,14.84,-2.3457,-4.9494,26.412,0.027187,971.6,-43.062,-106.08,18.467,-275.97,0,0.495,0.094977,0.080117
6816.7,-307.51,16.964,-2.0722,-5.0935,24.721,0.025505,969.06,-38.555,-68.008,50.42,-276.4,0,0.495,0.10292,0.08013
3005,935.16,14.736,-2.6193,-4.6593,26.071,0.027451,949.85,-41.726,-106.3,13.512,-260.7,0,0.495,0.094988,0.076079
1330.8,440.22,14.66,-2.8914,-4.3591,25.655,0.027628,928.71,-40.327,-106.62,7.9337,-245.84,0,0.495,0.095027,0.071959
6654.9,-893.95,19.058,-1.828,-5.0144,22.042,0.023181,950.14,-34.31,-39.524,71.202,-271.61,0,0.495,0.11092,0.080039
7080.9,-1712.5,18.274,-2.5343,-4.2601,21.586,0.02382,905.86,-31.219,-54.578,49.343,-243.64,0,0.495,0.11093,0.068036
6554.4,-1412.3,20.14,-2.2657,-4.1533,18.566,0.020882,888.11,-27.8,-39.621,67.345,-244.18,0,0.495,0.11885,0.06806
6515.7,-1205.3,20.431,-2.0463,-4.3813,18.676,0.020783,897.41,-28.802,-32.922,72.569,-251.32,0,0.495,0.11885,0.072053
5223.9,-828.69,21.658,-2.2329,-3.8001,14.839,0.017316,855.19,-23.287,-39.099,83.517,-232.59,0,0.495,0.12677,0.064082
6538.1,-1590.5,19.864,-2.496,-3.916,18.36,0.020849,879.84,-26.771,-46.974,64.895,-235.6,0,0.495,0.11885,0.064055
5157.7,-599.68,21.993,-2.0241,-4.0029,14.87,0.017313,856.69,-24.262,-31.601,80.568,-241.13,0,0.495,0.12675,0.068116
4970.9,-388.38,22.326,-1.8262,-4.1951,14.825,0.017196,859.47,-25.185,-24.736,82.204,-246.52,0,0.495,0.12674,0.072127
7034.9,-1891,18.065,-2.7831,-3.9897,21.232,0.023775,892.77,-30.13,-60.818,44.434,-233.44,0,0.495,0.11091,0.064042
6963.2,-1326.9,16.418,-2.8398,-4.2513,23.812,0.026085,912.79,-34.97,-77,28.589,-239.34,0,0.495,0.10296,0.068011
-243.63,-147.2,14.569,-3.4317,-3.7499,24.637,0.027667,890.57,-37.562,-108.76,-3.7419,-218.77,0,0.495,0.094969,0.063969
39.259,89.318,14.603,-3.1607,-4.055,25.178,0.027705,908.89,-38.942,-107.16,1.368,-231.85,0,0.495,0.095018,0.06792
6723.2,-1514.6,16.293,-3.1031,-3.9563,23.337,0.026039,896.19,-33.74,-81.42,22.982,-227.54,0,0.495,0.10291,0.064012
6387,-990.77,20.749,-1.8344,-4.5976,18.663,0.020546,906.9,-29.748,-26.811,79.613,-257.34,0,0.495,0.11885,0.076045
4432.4,-13.795,23.052,-1.4546,-4.5403,14.36,0.016556,863.62,-26.839,-12.249,92.913,-251.77,0,0.495,0.12678,0.080104
4768.6,-206.91,22.677,-1.6366,-4.3749,14.66,0.016943,862.08,-26.046,-18.316,87.186,-249.76,0,0.495,0.12675,0.07612
6227.5,-753.3,21.096,-1.6279,-4.7996,18.522,0.02018,916.08,-30.648,-21.115,86.544,-262.86,0,0.495,0.11886,0.080036
-17560,9185.3,10.718,-2.5946,-3.9453,27.272,0.028915,943.49,-54.078,-204.38,-42.413,-248.93,0,0.495,0.079148,0.083914
-17592,10375,10.617,-2.2835,-4.2089,27.536,0.028616,962.66,-55.78,-210.8,-39.209,-264.63,0,0.495,0.079152,0.087927
-9001.8,5253.6,12.754,-2.3456,-4.7809,27.447,0.028061,978.37,-49.042,-154.04,-7.1007,-279.48,0,0.495,0.087056,0.084085
-8258,6149.4,12.783,-2.0428,-5.0554,27.724,0.027714,1000.7,-50.459,-156.71,-2.4205,-296.59,0,0.495,0.087076,0.088112
-8606.1,4341.1,12.749,-2.6375,-4.4965,27.112,0.028355,956.39,-47.544,-150.87,-11.576,-262.76,0,0.495,0.08705,0.080074
3976.4,2111.6,14.969,-2.0668,-5.2276,26.683,0.026851,993.86,-44.331,-105.83,23.852,-291.99,0,0.495,0.094979,0.084134
-16377,7993.2,10.834,-2.8912,-3.6786,26.952,0.029165,924.39,-52.297,-197.55,-45.089,-233.7,0,0.495,0.07914,0.079922
4099.8,2759.6,15.127,-1.7813,-5.4909,26.886,0.026455,1016.4,-45.526,-105.25,29.3,-308.35,0,0.495,0.094998,0.088157
-18490,11736,10.536,-1.958,-4.4651,27.745,0.028273,981.78,-57.34,-216.53,-34.818,-281.05,0,0.495,0.079153,0.091928
-22577,15656,8.5516,-2.1341,-3.1818,26.889,0.029125,923.74,-61.477,-268.19,-59.508,-228.48,0,0.495,0.071175,0.091925
-21231,14064,8.7444,-2.4579,-2.9549,26.741,0.029393,910.15,-59.707,-259.09,-62.718,-215.98,0,0.495,0.071178,0.08793
-25990,19715,6.8216,-1.8863,-1.7021,25.918,0.029901,867.5,-67.087,-314.85,-74.113,-171.43,0,0.495,0.063226,0.095909
-23632,17108,8.3784,-1.7934,-3.4068,26.983,0.028817,936.96,-63.078,-276.31,-54.803,-241.19,0,0.495,0.071172,0.095918
-24582,18073,7.0688,-2.2141,-1.519,25.871,0.030082,860.6,-65.267,-304.66,-77.567,-163.59,0,0.495,0.06323,0.091915
-16178,12926,10.479,-1.6184,-4.7109,27.902,0.02784,1001,-58.755,-221.24,-29.234,-297.61,0,0.495,0.079151,0.095921
-22985,16365,7.3313,-2.5248,-1.3414,25.765,0.030232,852.7,-63.259,-293.71,-79.731,-155.9,0,0.495,0.063235,0.087921
-19918,12654,8.952,-2.7654,-2.7285,26.533,0.029622,896.02,-57.785,-249.47,-64.794,-204.23,0,0.495,0.071182,0.08393
-19895,13380,7.892,-3.1002,-1.0071,25.357,0.030433,833.45,-58.77,-271.09,-81.956,-141.59,0,0.495,0.063272,0.079909
-21444,14829,7.6058,-2.8194,-1.1706,25.595,0.030351,843.67,-61.08,-282.43,-81.108,-148.78,0,0.495,0.063242,0.083923
-18510,11275,9.1701,-3.0577,-2.5045,26.263,0.029807,881.33,-55.772,-239.63,-66.336,-192.67,0,0.495,0.071189,0.079929
-8812.4,7193,12.833,-1.7285,-5.3161,27.946,0.027322,1023.2,-51.763,-158.66,3.2718,-314.09,0,0.495,0.08708,0.092128
3030.3,4142,15.512,-1.1895,-5.9589,27.096,0.02552,1061.9,-47.615,-102.53,41.809,-340.9,0,0.495,0.095005,0.096184
3572,3527.8,15.307,-1.4883,-5.7359,27.025,0.026009,1039.2,-46.62,-104.17,35.407,-324.84,0,0.495,0.095003,0.092177
-6360,8055.7,12.909,-1.4046,-5.5588,28.113,0.026841,1045.9,-52.955,-159.75,9.7893,-331.38,0,0.495,0.08708,0.096127
6247.6,-544.38,19.38,-1.598,-5.2362,21.975,0.022747,965.14,-35.216,-34.985,78.408,-280.62,0,0.495,0.11091,0.084036
6442,165.99,17.205,-1.8161,-5.3476,24.846,0.025121,988.81,-39.649,-65.062,56.969,-289.38,0,0.495,0.10291,0.084129
5816.6,-222.91,19.729,-1.3683,-5.4398,21.805,0.022229,979.83,-36.067,-30.67,85.202,-289.6,0,0.495,0.1109,0.088052
6066.3,615.05,17.473,-1.557,-5.5845,24.887,0.024664,1008.7,-40.69,-62.078,63.374,-302.59,0,0.495,0.10291,0.088139
5557.6,-275.61,21.873,-1.2254,-5.1526,17.879,0.019129,932.05,-32.245,-10.937,100.1,-272.55,0,0.495,0.11887,0.088025
3817.4,-45.298,22.297,-1.0271,-5.2998,17.389,0.018474,938.13,-32.915,-6.3151,105.7,-276.57,0,0.495,0.11886,0.092028
5172.6,139.34,20.103,-1.1375,-5.6228,21.535,0.021637,993.89,-36.823,-26.479,91.24,-298.5,0,0.495,0.11087,0.092085
-5364.8,493.51,24.751,-0.77349,-5.0277,12.022,0.01401,850.36,-29.198,7.4154,110.46,-248.73,0,0.495,0.12684,0.09605
-2890.9,426.32,24.305,-0.9388,-4.9353,12.751,0.01476,857.39,-28.743,3.1859,107.87,-251.14,0,0.495,0.12684,0.092061
1422.3,124.96,22.74,-0.82998,-5.4242,16.795,0.017749,942.41,-33.493,-1.9645,109.93,-279.87,0,0.495,0.11886,0.096019
1045.4,305.73,23.87,-1.107,-4.8221,13.391,0.015445,861.63,-28.193,-1.5446,103.86,-252.43,0,0.495,0.12683,0.088068
4407.2,422.96,20.501,-0.90596,-5.782,21.164,0.020981,1007,-37.483,-22.305,96.371,-306.97,0,0.495,0.11088,0.096085
5944.1,-504.66,21.472,-1.4253,-4.9852,18.258,0.019702,924.59,-31.477,-15.842,93.629,-267.92,0,0.495,0.11887,0.084028
3838.2,157.27,23.452,-1.2788,-4.6898,13.931,0.016049,863.54,-27.545,-6.6764,98.847,-252.58,0,0.495,0.12682,0.084078
5400.4,1153,17.766,-1.2943,-5.8013,24.846,0.024147,1028.5,-41.633,-58.963,69.575,-315.86,0,0.495,0.10291,0.092161
4770.8,1594,18.086,-1.0289,-5.9942,24.718,0.023576,1047.8,-42.473,-55.656,75.342,-328.72,0,0.495,0.10293,0.096167
361.26,-917.92,28.003,-0.8985,-3.7736,2.0262,0.0036656,541.82,-10.382,-23.931,139.32,0.17696,0,0.495,0.16658,0.076141
180.31,-963.71,27.828,-0.88482,-3.7984,2.4821,0.0041125,592.94,-7.9371,-28.577,156.48,7.0867,0,0.495,0.17458,0.076156
207.31,-1192.6,27.341,-0.99931,-3.7159,3.2154,0.0047752,662.92,-9.7159,-29.461,182.4,12.479,0,0.495,0.16658,0.072148
133.55,-1047.5,27.101,-0.9901,-3.7563,3.8589,0.0053709,710.66,-7.3286,-36.634,195.89,10.307,0,0.495,0.17458,0.072167
385.42,-203.21,28.364,-0.89057,-3.8473,1.4158,0.0033073,420.95,-13.493,-15.599,80.421,-57.682,0,0.495,0.15858,0.080154
496.35,-660.4,28.493,-0.81094,-3.8133,1.1949,0.0027742,421.51,-11.011,-18.82,98.952,-10.905,0,0.495,0.16658,0.080132
503.55,-432.43,27.972,-0.98827,-3.7929,1.9572,0.0038481,504.67,-12.804,-20.191,111.17,-47.876,0,0.495,0.15858,0.07616
577.03,-777.9,27.438,-1.0955,-3.7241,2.7821,0.0045917,601.66,-12.087,-24.482,149.72,-32.473,0,0.495,0.15858,0.072158
532.5,-796.55,28.39,-0.79879,-3.8209,1.4346,0.0030131,463.42,-8.5175,-21.688,115.14,1.9079,0,0.495,0.17458,0.080149
486.24,-1037.9,26.229,-1.1213,-3.6965,5.4792,0.0067427,807.46,-6.7987,-46.672,229.05,10.73,0,0.495,0.17458,0.068177
1833.1,-805.85,26.191,-1.1973,-3.7911,5.5608,0.0069016,801.33,-4.1745,-55.781,214.27,-25.079,0,0.495,0.18254,0.068192
1038.7,-932.51,27.026,-1.0482,-3.8284,4.0256,0.0055946,713.08,-4.7887,-42.984,188.36,-16.796,0,0.495,0.18253,0.072183
2093.7,-492.34,25.673,-1.5507,-3.8819,6.311,0.0076136,824.68,-1.0518,-76.041,192.5,-76.463,0,0.495,0.19045,0.064089
2320.5,-457.78,25.264,-1.3896,-3.7375,7.1406,0.0082144,866.43,-3.5362,-71.522,227.8,-37.312,0,0.495,0.18253,0.064172
1894.2,-863.52,26.472,-1.335,-3.909,4.948,0.0064559,760.46,-1.7807,-59.666,183.8,-59.016,0,0.495,0.19049,0.068172
1450.6,-1019,27.216,-1.1712,-3.9159,3.5776,0.0052591,672.39,-2.4372,-44.987,163.46,-44.255,0,0.495,0.19048,0.072126
651.71,-865.02,25.237,-1.2894,-3.6195,7.2145,0.0081715,879.8,-6.2386,-60.361,250.19,5.9726,0,0.495,0.17458,0.064161
-122.78,-1349.1,26.509,-1.118,-3.6409,4.7447,0.0060833,771.83,-9.141,-36.736,223.47,23.643,0,0.495,0.16658,0.068153
363.26,-1354,25.855,-1.3497,-3.5368,5.536,0.0068551,801.21,-10.862,-38.099,237.12,4.6807,0,0.495,0.15859,0.064139
443.33,-1054.7,26.738,-1.2132,-3.6391,3.9633,0.0055839,703.89,-11.472,-29.854,193.76,-13.513,0,0.495,0.15858,0.068151
-375.75,-1404.2,25.52,-1.2655,-3.5487,6.534,0.0075517,859.89,-8.5422,-47.618,255.85,29.679,0,0.495,0.16658,0.064142
733.11,-980.2,27.74,-0.93312,-3.8473,2.6604,0.0043484,602.84,-5.4566,-32.373,154.13,-10.562,0,0.495,0.18253,0.076167
752.11,-1011.1,28.355,-0.94674,-3.8778,1.4044,0.0030595,446.6,-3.8437,-22.274,101.88,-21.307,0,0.495,0.1905,0.080189
1115.1,-1101.8,27.848,-1.0442,-3.9052,2.3704,0.0041141,565.94,-3.1516,-32.735,134.05,-31.295,0,0.495,0.19049,0.076131
689.1,-881.76,28.309,-0.84361,-3.847,1.5718,0.0032163,477.26,-6.0891,-23.497,116.38,-6.928,0,0.495,0.18253,0.080166
1205.7,686.53,26.87,-1.0278,-4.1713,5.3593,0.0081205,642.03,-20.441,-6.0094,81.434,-184.19,0,0.495,0.14266,0.08415
350.27,675.63,27.204,-0.90573,-4.2463,4.8841,0.0076677,617.43,-21.031,-1.5787,80.116,-175.54,0,0.495,0.14267,0.088131
946.65,207.58,28.039,-0.89955,-4.0007,2.4972,0.0049503,481.7,-17.542,-8.256,64.571,-123.33,0,0.495,0.1506,0.084167
528.66,208.05,28.298,-0.7996,-4.0527,2.1904,0.0046422,447.63,-18.144,-3.8457,57.919,-115.84,0,0.495,0.15061,0.088153
1156.8,130.37,27.748,-1.0072,-3.9362,2.8241,0.0052505,518.17,-16.863,-13.159,74.343,-126.57,0,0.495,0.1506,0.080176
264.37,-41.29,28.652,-0.80227,-3.8891,1.0712,0.0029206,354.18,-14.201,-10.803,58.578,-60.96,0,0.495,0.15858,0.084146
1429.6,651.18,26.529,-1.1565,-4.0818,5.7865,0.0085094,663.77,-19.766,-10.979,82.896,-189.98,0,0.495,0.14266,0.080161
177.01,14.345,28.869,-0.72293,-3.9197,0.84697,0.0026411,303.53,-14.85,-6.4108,44.087,-59.093,0,0.495,0.15858,0.088137
-1120.2,605.65,27.533,-0.7871,-4.3061,4.3777,0.0071679,589.68,-21.573,2.272,78.51,-164.97,0,0.495,0.14268,0.092131
-3525.5,472.1,26.097,-0.86416,-4.5881,8.1835,0.010819,743.87,-25.482,4.3255,98.585,-215.48,0,0.495,0.13471,0.092118
-240,470.47,25.692,-1.007,-4.5046,8.8394,0.01146,760.47,-24.955,0.047162,97.148,-222.19,0,0.495,0.13469,0.088134
-4626,435.41,26.505,-0.72565,-4.6531,7.4697,0.010125,723.41,-25.901,8.1204,98.544,-207.33,0,0.495,0.13475,0.096085
-2291.1,500.97,27.854,-0.67316,-4.3496,3.8536,0.006635,558.34,-22.012,5.5201,75.841,-152.93,0,0.495,0.1427,0.096111
2792.4,423.3,25.295,-1.154,-4.4039,9.4204,0.012029,773.68,-24.338,-4.7024,94.661,-227.31,0,0.495,0.13468,0.084144
3319.1,348.56,24.909,-1.3066,-4.2872,9.9091,0.012509,783.93,-23.642,-9.9819,91.278,-230.69,0,0.495,0.13467,0.080154
-142.95,148.66,28.535,-0.7052,-4.0918,1.8936,0.004319,413.75,-18.685,-0.18252,53.119,-105.79,0,0.495,0.15061,0.092137
142.46,-64.661,29.185,-0.57899,-3.9495,0.55922,0.0022267,232.25,-15.997,-0.47894,29.695,-46.832,0,0.495,0.15858,0.09612
157.32,-1.5423,29.041,-0.6495,-3.9396,0.68694,0.002422,264.54,-15.459,-2.9016,35.272,-53.756,0,0.495,0.15858,0.092128
-729.12,55.189,28.753,-0.61438,-4.1178,1.6073,0.0039824,379.09,-19.146,2.5919,48.766,-94.472,0,0.495,0.15062,0.096123
540.17,-608.31,28.794,-0.72849,-3.8258,0.73464,0.0020999,336.89,-9.1612,-15.547,77.85,-2.8396,0,0.495,0.17458,0.08414
438.58,-425.44,28.837,-0.73509,-3.8374,0.67795,0.0021016,315.95,-11.683,-13.742,66.104,-18.271,0,0.495,0.16658,0.084124
431.92,-442.82,29.061,-0.67087,-3.8167,0.33504,0.0013923,229.99,-9.7691,-10.276,48.494,-6.2983,0,0.495,0.17458,0.088132
309.5,-281.31,29.066,-0.66976,-3.849,0.3937,0.0016331,234.93,-12.302,-9.053,42.517,-21.613,0,0.495,0.16658,0.088116
512.1,-586.25,29.01,-0.7197,-3.7989,0.35312,0.0014265,234.16,-7.4253,-10.299,50.689,-4.5651,0,0.495,0.18253,0.088142
436.44,-473.89,29.191,-0.67409,-3.7591,0.13078,0.00082383,148.17,-8.0779,-6.2753,29.934,-4.2156,0,0.495,0.18252,0.092132
340.84,-342.01,29.231,-0.6215,-3.7976,0.14556,0.00090593,154.02,-10.383,-6.2474,29.15,-7.6943,0,0.495,0.17458,0.092124
510.11,-536.24,29.271,-0.72588,-3.6605,0.036293,0.00039801,85.82,-6.5861,-3.0787,16.336,-4.5539,0,0.495,0.19046,0.096133
542,-625.52,29.16,-0.77147,-3.7211,0.11036,0.00075436,134.73,-5.9473,-4.6665,26.602,-5.989,0,0.495,0.19047,0.092144
393.93,-404.43,29.307,-0.63134,-3.7152,0.046606,0.00046124,96.06,-8.6786,-3.9081,18.146,-3.8567,0,0.495,0.18252,0.096124
586.2,-744.53,28.992,-0.81865,-3.7807,0.30979,0.0013454,215.97,-5.2589,-8.1228,44.869,-8.8541,0,0.495,0.19048,0.088165
298.32,-300.77,29.343,-0.5754,-3.7723,0.071754,0.00063434,109,-10.947,-3.6424,18.474,-7.6123,0,0.495,0.17458,0.096116
583.3,-750.83,28.728,-0.7742,-3.8297,0.80908,0.0022342,348.87,-6.7794,-16.09,80.551,-5.0541,0,0.495,0.18253,0.084155
638.04,-909,28.733,-0.87447,-3.8346,0.72067,0.0021266,324.71,-4.5721,-13.948,70.943,-13.699,0,0.495,0.1905,0.084189
250,-215.01,29.221,-0.61154,-3.8503,0.25153,0.0013367,179.95,-12.902,-5.3151,28.068,-21.427,0,0.495,0.16658,0.092108
235.99,-213.85,29.334,-0.55641,-3.8438,0.18,0.0011609,145.04,-13.439,-2.8253,20.188,-19.2,0,0.495,0.16657,0.0961
1357.1,-1488.9,28.91,-1.8859,-3.2011,0.06166,0.00045714,129.24,5.6952,-2.0942,13.309,-12.229,0,0.495,0.23016,0.075943
1149.9,-1231.4,28.989,-1.9579,-2.9573,0.035261,0.00032064,108.16,6.4503,-3.7771,9.4546,-9.4421,0,0.495,0.23819,0.076024
1568.4,-1729.7,28.801,-2.0256,-3.2434,0.10369,0.00060666,162.39,6.7089,-2.8617,16.489,-16.149,0,0.495,0.23021,0.072032
1304.8,-1386,28.903,-2.0945,-2.9757,0.052677,0.00039158,131.95,7.4665,-3.9175,10.698,-11.31,0,0.495,0.23813,0.071951
1296.5,-1434.1,28.935,-1.6434,-3.4002,0.084982,0.00059475,132.3,3.6122,-1.1834,16.425,-13.438,0,0.495,0.22226,0.080042
1183.6,-1269.8,29.006,-1.7569,-3.1598,0.036707,0.00034674,102.55,4.7137,-1.7716,10.994,-9.7316,0,0.495,0.23017,0.079948
1528.2,-1728.8,28.81,-1.7693,-3.46,0.16264,0.00085363,175.12,4.6113,-2.6775,21.816,-18.686,0,0.495,0.22226,0.076047
1788,-2040,28.657,-1.9117,-3.5155,0.28863,0.0011699,227.02,5.6762,-5.2419,28.522,-26.428,0,0.495,0.22226,0.07206
1025,-1086.9,29.069,-1.828,-2.9377,0.024041,0.0002696,88.021,5.4522,-3.552,8.6198,-8.2271,0,0.495,0.23831,0.080242
1515.6,-1614.4,28.81,-2.2384,-2.9857,0.078386,0.00048063,159.75,8.4742,-5.1794,13.948,-13.376,0,0.495,0.23813,0.067953
1239.7,-1318.7,28.92,-2.2652,-2.7395,0.055392,0.00039149,139.78,8.8476,-6.4975,10.573,-11.026,0,0.495,0.24617,0.067999
1080.5,-1148.2,28.998,-2.1284,-2.7409,0.038284,0.00032692,115.65,7.8966,-5.5819,7.9852,-10.239,0,0.495,0.24616,0.072013
1197,-1256.3,28.949,-2.3969,-2.4954,0.065626,0.00042333,153.3,9.9122,-5.6368,11.147,-10.759,0,0.495,0.25435,0.064151
1449.1,-1523.1,28.829,-2.412,-2.7298,0.080748,0.0004719,169,9.8336,-7.1233,13.744,-12.614,0,0.495,0.24637,0.064125
1055,-1122.1,29.027,-2.2642,-2.519,0.044957,0.0003523,126.17,8.9876,-5.6045,8.9549,-9.8106,0,0.495,0.25434,0.068135
920.93,-987.88,29.097,-2.1371,-2.532,0.030899,0.00029523,103.53,8.0788,-5.2146,7.1232,-9.4128,0,0.495,0.25433,0.072137
1822.7,-1913.5,28.697,-2.3991,-2.9961,0.11725,0.00059146,193.81,9.5383,-7.1616,18.026,-16.102,0,0.495,0.23838,0.064106
1852.7,-2031.5,28.676,-2.1791,-3.2737,0.16758,0.00078712,201.21,7.7902,-4.4919,20.286,-21.038,0,0.495,0.23022,0.06804
2504.4,-2754.3,28.259,-2.2629,-3.6025,0.7012,0.0019007,344.86,7.9794,-13.478,40.901,-47.534,0,0.495,0.22222,0.063967
2140.7,-2404.4,28.471,-2.0748,-3.5674,0.47289,0.0015314,285.76,6.7994,-8.732,34.957,-36.357,0,0.495,0.22227,0.068054
2211.7,-2376,28.533,-2.3518,-3.2906,0.25489,0.00098662,244.36,8.9237,-7.363,24.599,-26.54,0,0.495,0.23018,0.063961
956.97,-1030.4,29.071,-1.9977,-2.737,0.026615,0.00027688,95.046,6.9199,-5.1635,7.1965,-9.5557,0,0.495,0.24629,0.076224
714.65,-778.81,29.222,-1.9021,-2.5371,0.015868,0.0002283,69.166,6.2942,-4.5988,5.5112,-8.6694,0,0.495,0.25432,0.080218
802.94,-872.89,29.162,-2.0163,-2.5366,0.021651,0.00025364,84.62,7.1731,-4.9224,6.1648,-9.0454,0,0.495,0.25433,0.07618
852.41,-917.31,29.141,-1.8729,-2.725,0.018927,0.00024249,77.439,5.9706,-4.5421,6.5616,-8.9245,0,0.495,0.2463,0.080333
994.03,-1256.5,28.903,-1.2079,-3.6982,0.25799,0.001208,195.67,-0.45767,-4.2789,33.932,-17.945,0,0.495,0.20637,0.084157
879.65,-1030.8,29.054,-1.1313,-3.6171,0.10558,0.00073388,130.71,-1.3058,-2.1483,22.155,-11.51,0,0.495,0.20636,0.088148
1097.2,-1267.4,28.981,-1.3859,-3.5411,0.10665,0.00071796,135.49,1.2342,-1.5,20.116,-13.715,0,0.495,0.21431,0.084051
949.21,-1052,29.092,-1.2943,-3.4676,0.046584,0.00044969,96.349,0.35213,-0.96401,14.529,-9.7401,0,0.495,0.21432,0.088049
1278.2,-1518.1,28.839,-1.4878,-3.6169,0.22997,0.0011007,190.76,2.1663,-3.388,28.713,-20.634,0,0.495,0.21431,0.080058
1100.2,-1205.7,29.04,-1.5302,-3.3398,0.043125,0.00040799,99.784,2.649,-0.61042,12.725,-9.9413,0,0.495,0.22227,0.08405
1090.6,-1484,28.692,-1.2965,-3.7796,0.54542,0.0018143,280.34,0.43784,-8.7428,50.144,-28.31,0,0.495,0.20638,0.080167
950.05,-1020.4,29.131,-1.4266,-3.2801,0.023389,0.00029575,76.619,1.7314,-0.72378,10.566,-7.9982,0,0.495,0.22229,0.088085
775.02,-870.91,29.165,-1.0602,-3.54,0.040026,0.00042241,87.971,-2.1177,-1.5437,14.953,-8.0627,0,0.495,0.20635,0.092142
674.11,-774.74,29.154,-0.90812,-3.6489,0.073119,0.00059909,111.52,-3.9336,-2.3354,20.892,-7.6262,0,0.495,0.19844,0.092161
741.28,-916.21,29.014,-0.96324,-3.7235,0.20695,0.001081,176.26,-3.1842,-4.4132,34.018,-11.668,0,0.495,0.19849,0.088196
613.82,-661.84,29.253,-0.85348,-3.5781,0.025886,0.00033243,74.087,-4.6303,-1.7559,13.822,-5.7702,0,0.495,0.1984,0.096141
688.63,-745.52,29.253,-0.99134,-3.4685,0.017862,0.00027436,63.462,-2.8672,-1.5961,11.255,-6.5865,0,0.495,0.20634,0.096132
799.8,-1109.2,28.806,-1.0259,-3.7973,0.49606,0.0017435,267.66,-2.4106,-8.8967,53.617,-18.762,0,0.495,0.19851,0.084212
819.74,-1247.5,28.505,-1.1036,-3.8658,0.99922,0.0025456,376.22,-1.5949,-16.378,78.069,-29.401,0,0.495,0.19852,0.080223
823.28,-897.15,29.184,-1.2091,-3.3984,0.02206,0.00029954,71.015,-0.49318,-1.0429,11.42,-7.6299,0,0.495,0.21432,0.092053
725.17,-778.22,29.288,-1.2403,-3.1728,0.011262,0.00023133,48.677,0.023458,-0.60524,8.5375,-6.3935,0,0.495,0.22235,0.096192
826.43,-887.65,29.213,-1.3289,-3.2279,0.014899,0.0002441,60.368,0.82933,-0.74436,9.4602,-6.9174,0,0.495,0.22239,0.092234
721.47,-775.81,29.264,-1.1285,-3.3345,0.013463,0.00024219,55.154,-1.284,-1.1876,9.7524,-6.7297,0,0.495,0.21432,0.096049
894.88,-957.26,29.145,-1.7082,-2.9095,0.017104,0.00023816,71.3,4.493,-2.7977,7.8751,-7.2682,0,0.495,0.23832,0.084315
1026.4,-1099.6,29.093,-1.637,-3.1202,0.022974,0.0002761,81.657,3.7365,-1.3957,9.6192,-8.0931,0,0.495,0.23025,0.084064
788.88,-840.91,29.216,-1.5991,-2.8775,0.013027,0.00022415,57.971,3.6006,-1.8566,7.2345,-6.637,0,0.495,0.23824,0.088248
899.75,-955.47,29.172,-1.5259,-3.0816,0.015826,0.00023948,65.528,2.7926,-0.96206,8.7887,-7.173,0,0.495,0.23036,0.088264
666.78,-723.41,29.266,-1.6539,-2.6934,0.011407,0.00021891,52.102,4.2108,-3.1805,5.7315,-7.6319,0,0.495,0.24624,0.08833
598.88,-649.72,29.324,-1.5564,-2.6739,0.0097066,0.00022433,43.377,3.397,-2.4916,5.6948,-7.1187,0,0.495,0.24623,0.092343
702.52,-748.95,29.283,-1.4986,-2.8494,0.010641,0.00022335,47.695,2.7473,-1.0552,6.9923,-5.9841,0,0.495,0.23827,0.092353
457.71,-512.87,29.439,-1.5125,-2.5009,0.0082173,0.00024665,33.467,3.0967,-2.5786,5.2052,-7.7952,0,0.495,0.25431,0.096153
512.19,-570.77,29.387,-1.601,-2.5148,0.0090103,0.00022916,39.46,3.8559,-3.2714,5.2162,-7.8512,0,0.495,0.25433,0.092125
537.35,-585.19,29.381,-1.4657,-2.6522,0.0086866,0.00023785,36.655,2.6119,-1.7765,5.6942,-6.7909,0,0.495,0.24623,0.096351
573.31,-632.63,29.333,-1.6953,-2.5258,0.010278,0.00021864,47.088,4.6385,-3.8247,5.143,-8.0629,0,0.495,0.25433,0.088148
630.7,-673.22,29.346,-1.4063,-2.8189,0.0092678,0.00023271,39.941,1.9424,-0.52831,6.8517,-5.4962,0,0.495,0.23827,0.09638
749.5,-812.82,29.205,-1.7588,-2.7115,0.014233,0.00022406,63.298,5.0633,-3.8074,6.0321,-8.1761,0,0.495,0.24629,0.084378
639.74,-700.59,29.279,-1.7954,-2.5335,0.012384,0.00021757,56.843,5.4503,-4.224,5.1962,-8.2702,0,0.495,0.25432,0.084205
787.66,-840.69,29.247,-1.425,-3.0387,0.012046,0.00022701,52.993,1.9133,-0.39694,8.2285,-6.45,0,0.495,0.23038,0.092349
702.1,-747.72,29.317,-1.3327,-2.9964,0.010046,0.00023042,43.69,1.1032,0.010187,7.6971,-5.9644,0,0.495,0.23033,0.096335
371.31,-409.7,29.512,-1.8625,-1.6755,0.0098495,0.00021719,45.547,6.2004,0.072931,1.2871,-5.0311,0,0.495,0.29426,0.076093
305.28,-340.11,29.578,-1.8104,-1.548,0.0086482,0.00023441,37.234,5.7532,0.73167,1.1073,-4.7478,0,0.495,0.30221,0.076049
409.04,-448.59,29.484,-1.9317,-1.6428,0.011732,0.00021278,55.138,6.779,-0.30528,1.266,-5.2786,0,0.495,0.29426,0.072119
340.83,-375.64,29.554,-1.8699,-1.5132,0.009819,0.00022036,44.825,6.2824,0.32839,0.95126,-4.7906,0,0.495,0.30221,0.072058
425.31,-461.01,29.477,-1.8332,-1.8461,0.009615,0.00021688,44.494,5.968,0.26473,1.8268,-4.4923,0,0.495,0.28633,0.080057
337.2,-374.35,29.539,-1.7961,-1.7024,0.0086818,0.00023026,37.967,5.6249,0.45566,1.2182,-4.9052,0,0.495,0.29427,0.080048
463.89,-501.63,29.445,-1.9096,-1.8206,0.01138,0.00021171,53.759,6.5991,-0.23353,2.0285,-4.821,0,0.495,0.28632,0.076101
506.58,-546.03,29.412,-1.9893,-1.7895,0.014316,0.00021763,65.467,7.2376,-0.62238,2.2273,-5.2799,0,0.495,0.28631,0.072122
272.04,-306.86,29.603,-1.7536,-1.5774,0.0078954,0.00025542,31.251,5.2251,1.0378,1.1597,-4.7708,0,0.495,0.30222,0.080032
376.35,-411.67,29.531,-1.9318,-1.4733,0.011615,0.00021434,54.252,6.8094,-0.025553,0.91023,-4.8214,0,0.495,0.30222,0.068061
329.96,-359.71,29.597,-1.8554,-1.3543,0.009484,0.00022609,42.31,6.2131,1.3676,1.0012,-3.4714,0,0.495,0.31016,0.068059
300.04,-329.92,29.619,-1.8026,-1.3952,0.0084362,0.00024238,35.216,5.7395,1.8084,0.946,-3.7251,0,0.495,0.31016,0.07205
322.2,-338.14,29.625,-1.8224,-1.1941,0.0088993,0.00023691,38.047,6.0205,2.6246,2.3025,-1.2276,0,0.495,0.31813,0.064115
361.83,-390.72,29.575,-1.9097,-1.3088,0.011001,0.00021699,50.909,6.6806,1.0188,1.4131,-3.1454,0,0.495,0.31017,0.064073
297.37,-315.78,29.649,-1.7758,-1.2382,0.0080791,0.00025586,32.051,5.6014,3.1062,1.6779,-1.716,0,0.495,0.31812,0.068107
273.77,-292.9,29.671,-1.7307,-1.2783,0.0074912,0.00028104,27.078,5.1776,3.7673,1.3937,-2.126,0,0.495,0.3181,0.07207
414.84,-450.83,29.508,-1.9954,-1.4282,0.014339,0.00021693,65.809,7.3316,-0.35706,1.1623,-4.8517,0,0.495,0.30222,0.064073
449.21,-490.99,29.457,-2.0032,-1.6043,0.014739,0.00021846,67.116,7.359,-0.65376,1.3284,-5.6102,0,0.495,0.29426,0.068125
601.9,-647.17,29.343,-2.1561,-1.7089,0.02645,0.00026562,98.32,8.5239,-1.2334,2.9957,-6.6242,0,0.495,0.2863,0.064107
552.56,-594.74,29.378,-2.0716,-1.7525,0.019093,0.00023596,80.152,7.8802,-0.91326,2.552,-5.8548,0,0.495,0.2863,0.068121
493.39,-537.98,29.429,-2.0771,-1.5599,0.019396,0.00023432,81.944,7.9383,-1.0595,1.5666,-6.0477,0,0.495,0.29426,0.064115
269.62,-299.4,29.641,-1.7519,-1.4317,0.0077339,0.00026556,29.513,5.2616,2.3294,1.0729,-3.8852,0,0.495,0.31016,0.076041
229.38,-248,29.715,-1.6471,-1.347,0.0067824,0.00034863,19.743,4.3146,5.177,1.3386,-2.6615,0,0.495,0.3181,0.080023
250.62,-269.53,29.693,-1.6877,-1.3145,0.0070817,0.0003122,23.037,4.7484,4.5262,1.3534,-2.4169,0,0.495,0.3181,0.076043
240.75,-270.56,29.664,-1.704,-1.4635,0.0072595,0.0002947,24.978,4.7817,2.7242,1.1444,-4.0475,0,0.495,0.31016,0.080029
538.46,-577.42,29.41,-1.8077,-2.1948,0.010044,0.00021613,46.559,5.6895,-1.1266,3.9559,-4.4496,0,0.495,0.27028,0.084023
493.66,-530.02,29.455,-1.7208,-2.2037,0.0088069,0.00022795,38.793,4.9728,-0.93577,4.161,-4.0373,0,0.495,0.27029,0.08801
478.65,-512.23,29.458,-1.7864,-2.0259,0.0092232,0.00022058,41.968,5.5685,0.18901,2.7853,-3.6393,0,0.495,0.27835,0.084057
447.1,-476.77,29.496,-1.7072,-2.0396,0.0083055,0.00023736,35.17,4.9058,0.58181,3.0384,-3.1403,0,0.495,0.27836,0.088021
517.73,-554.56,29.42,-1.8689,-2.0076,0.010749,0.00021255,50.61,6.2446,-0.23064,2.7275,-4.1678,0,0.495,0.27835,0.080082
394.85,-428.62,29.508,-1.7597,-1.8664,0.0085413,0.00023106,37.176,5.3436,0.70145,1.8761,-4.153,0,0.495,0.28633,0.084028
589.61,-630.85,29.365,-1.8984,-2.1813,0.012127,0.00021458,56.434,6.4229,-1.3239,3.9311,-4.9443,0,0.495,0.27028,0.080037
372.94,-404.32,29.54,-1.6883,-1.8819,0.0078654,0.00025236,31.372,4.7286,1.0489,2.1032,-3.819,0,0.495,0.28633,0.088009
452.89,-487.79,29.501,-1.6378,-2.2086,0.0080461,0.00024741,32.685,4.2764,-0.71291,4.5157,-3.6333,0,0.495,0.27029,0.092001
473.36,-524.37,29.453,-1.6302,-2.3628,0.0084675,0.00023713,35.866,4.148,-2.5911,5.0467,-6.3239,0,0.495,0.26231,0.092031
524.89,-575.79,29.402,-1.7196,-2.3657,0.0094438,0.00022194,42.679,4.8907,-2.8361,4.8157,-6.5091,0,0.495,0.26231,0.088045
425.53,-473.6,29.503,-1.5452,-2.3563,0.0078301,0.00025861,30.433,3.4245,-2.1666,5.1293,-6.3311,0,0.495,0.26229,0.096052
414.31,-446.02,29.548,-1.5585,-2.2097,0.0075252,0.00027254,27.763,3.5958,-0.39681,4.7517,-3.3977,0,0.495,0.27028,0.096007
579.86,-632.84,29.351,-1.8134,-2.3648,0.011068,0.00021543,51.393,5.6558,-2.9728,4.7005,-6.7216,0,0.495,0.2623,0.084073
642.55,-697.38,29.3,-1.912,-2.3592,0.013779,0.00022006,62.42,6.4437,-3.0808,4.7765,-7.0622,0,0.495,0.2623,0.080095
420.24,-447.03,29.535,-1.631,-2.0493,0.0077067,0.00026057,29.744,4.2589,0.99285,3.5083,-2.6179,0,0.495,0.27837,0.091998
340.73,-367.32,29.607,-1.5516,-1.9007,0.0070364,0.00031084,22.792,3.5351,2.0254,3.0711,-3.0973,0,0.495,0.28633,0.095979
356.05,-385.55,29.573,-1.6188,-1.8931,0.0073924,0.0002792,26.659,4.1267,1.4412,2.577,-3.4453,0,0.495,0.28634,0.091995
394.64,-417.45,29.576,-1.5579,-2.0557,0.0072754,0.00028889,25.331,3.6238,1.4866,3.9373,-2.1898,0,0.495,0.27836,0.095987
244.78,-279.84,29.628,-1.699,-1.6017,0.0073947,0.00028239,26.496,4.6998,1.0632,1.3027,-4.7945,0,0.495,0.30222,0.084017
310.17,-346.43,29.566,-1.7319,-1.724,0.0079416,0.00025044,31.973,5.0523,0.67515,1.3107,-4.7969,0,0.495,0.29428,0.084021
223.04,-258.35,29.653,-1.6454,-1.6211,0.0070334,0.00031472,22.622,4.1783,0.88056,1.4792,-4.8334,0,0.495,0.30222,0.088
290.3,-325.85,29.594,-1.6691,-1.7407,0.0074444,0.0002765,27.16,4.4854,0.75678,1.5125,-4.6986,0,0.495,0.29428,0.088007
195.28,-225.85,29.711,-1.6131,-1.5144,0.0066611,0.00036968,18.275,3.8246,2.6126,1.3861,-4.3001,0,0.495,0.31016,0.088001
176.02,-207.15,29.735,-1.5686,-1.5335,0.0064557,0.00039093,15.745,3.3468,2.283,1.5961,-4.4054,0,0.495,0.31016,0.092001
204.57,-239.89,29.679,-1.5924,-1.6358,0.0067553,0.00035215,19.421,3.6613,0.65877,1.8113,-4.8226,0,0.495,0.30222,0.09199
171.24,-192.43,29.811,-1.4941,-1.4455,0.006098,0.00028533,11.124,2.5524,5.111,1.786,-3.3505,0,0.495,0.3181,0.096133
184.86,-204.99,29.786,-1.5324,-1.425,0.0062206,0.00034817,12.793,3.0013,5.412,1.6536,-3.1871,0,0.495,0.3181,0.092013
159.74,-191.21,29.761,-1.5243,-1.5489,0.0062913,0.00037385,13.638,2.865,1.7416,1.879,-4.4557,0,0.495,0.31015,0.096066
198.31,-217.49,29.761,-1.5704,-1.402,0.0063701,0.00038899,14.74,3.4417,5.5561,1.5168,-3.0114,0,0.495,0.3181,0.088001
189.73,-224.58,29.707,-1.5402,-1.6459,0.0065362,0.00038568,16.778,3.1468,0.38626,2.218,-4.7531,0,0.495,0.30221,0.095995
216.22,-246.29,29.687,-1.658,-1.4911,0.0069204,0.00032937,21.309,4.3026,2.8059,1.2758,-4.1706,0,0.495,0.31016,0.084017
212.22,-230.72,29.738,-1.6083,-1.376,0.006553,0.00038437,17.025,3.879,5.5298,1.4213,-2.8398,0,0.495,0.3181,0.08401
275.22,-309.99,29.622,-1.6073,-1.7526,0.0070762,0.00030763,23.207,3.9273,0.8578,1.9301,-4.5499,0,0.495,0.29428,0.091995
262.93,-296.45,29.653,-1.5469,-1.7603,0.0067909,0.00034339,19.946,3.3767,1.1003,2.3899,-4.3727,0,0.495,0.29427,0.095981
91.694,-103.07,29.835,-1.422,-0.78772,0.0057858,0.00016309,6.1985,1.98,4.6143,3.331,-2.1235,0,0.495,0.35779,0.076035
84.352,-98.201,29.877,-1.3732,-0.72634,0.0057107,0.00012221,4.8709,1.4677,3.895,3.4019,-2.7761,0,0.495,0.36573,0.076036
100.32,-112.77,29.812,-1.4396,-0.76154,0.0058245,0.00018531,6.8476,2.2439,4.3443,3.3026,-2.1302,0,0.495,0.35779,0.072047
90.598,-106.33,29.856,-1.3883,-0.69842,0.0057372,0.00013431,5.3612,1.7067,3.6113,3.2311,-2.8495,0,0.495,0.36573,0.072045
108.7,-114.29,29.825,-1.4475,-0.89091,0.0058482,0.00019514,7.2785,2.2142,6.0024,2.955,-0.97036,0,0.495,0.34985,0.080025
82.476,-93.824,29.858,-1.4058,-0.81183,0.0057526,0.00014624,5.6163,1.7111,4.645,3.19,-2.2134,0,0.495,0.35779,0.080026
118.31,-123.57,29.801,-1.468,-0.86693,0.0058978,0.0002264,8.0559,2.5095,5.7814,3.244,-0.84061,0,0.495,0.34985,0.076035
128.15,-134.07,29.778,-1.4897,-0.84049,0.0059571,0.0002658,8.9432,2.8001,5.3986,3.4103,-0.76952,0,0.495,0.34985,0.072047
76.631,-89.259,29.9,-1.3605,-0.75301,0.0056869,0.00011404,4.4122,1.2232,3.9331,3.447,-2.7892,0,0.495,0.36573,0.080026
94.044,-111.02,29.834,-1.4053,-0.6698,0.0057656,0.00014997,5.8534,1.9396,3.6192,3.3427,-2.9018,0,0.495,0.36573,0.068056
95.986,-111.05,29.88,-1.3475,-0.61049,0.0056997,0.0001122,4.7094,1.4042,4.0105,3.288,-2.6425,0,0.495,0.37367,0.068056
97.144,-111.5,29.9,-1.3308,-0.64034,0.0056807,0.00010309,4.3679,1.1933,3.9081,3.0587,-2.6265,0,0.495,0.37366,0.072047
90.391,-96.142,29.897,-1.2993,-0.51591,0.0056684,0.00010149,4.0911,1.0694,6.1302,4.0301,-1.6989,0,0.495,0.3816,0.064066
94.542,-107.22,29.858,-1.3613,-0.5802,0.0057197,0.00012236,5.0428,1.6056,5.1967,3.9685,-2.5492,0,0.495,0.37367,0.064068
95.363,-105.9,29.919,-1.2873,-0.54518,0.0056553,9.5239e-05,3.8827,0.88848,4.6184,3.282,-1.7689,0,0.495,0.3816,0.068057
102.14,-113.4,29.938,-1.2691,-0.57397,0.0056429,8.8929e-05,3.6699,0.69795,4.4251,2.8704,-1.7342,0,0.495,0.3816,0.072048
96.274,-112.52,29.812,-1.4212,-0.64028,0.0057963,0.0001681,6.3488,2.164,4.4071,3.9241,-2.8819,0,0.495,0.36573,0.064066
106.64,-120.56,29.789,-1.4586,-0.7337,0.0058677,0.00021265,7.5317,2.5012,4.1548,3.4472,-2.1934,0,0.495,0.35779,0.068064
143.02,-150.04,29.727,-1.5353,-0.78078,0.0061039,0.00036729,10.951,3.3616,5.0327,4.2443,-0.83252,0,0.495,0.34986,0.064074
136.59,-143.44,29.753,-1.5123,-0.81175,0.0060256,0.0003139,9.9112,3.0844,5.054,3.6975,-0.77369,0,0.495,0.34986,0.068065
111.14,-125.51,29.766,-1.4777,-0.70427,0.005916,0.00024495,8.2469,2.7511,4.4558,3.9826,-2.26,0,0.495,0.35779,0.064072
94.688,-106.33,29.921,-1.3162,-0.67065,0.005662,9.6549e-05,4.0042,0.97635,4.4461,3.2278,-2.5298,0,0.495,0.37367,0.076038
103.18,-104.65,29.977,-1.2407,-0.63489,0.0056163,8.3052e-05,3.1458,0.30072,6.7086,3.0852,-1.4363,0,0.495,0.3816,0.080029
103.56,-110.89,29.957,-1.2528,-0.60431,0.0056297,8.5184e-05,3.4157,0.50213,5.4243,2.8945,-1.6119,0,0.495,0.3816,0.076039
90.237,-98.956,29.943,-1.3049,-0.70073,0.0056441,9.2631e-05,3.6442,0.75385,4.9253,3.3999,-2.4669,0,0.495,0.37367,0.080029
172.79,-175.02,29.803,-1.5083,-1.1254,0.0060801,0.00030815,10.886,2.9197,7.5481,2.1648,-0.23386,0,0.495,0.33398,0.084012
170.56,-172.85,29.825,-1.4782,-1.1479,0.0059989,0.00025008,9.7507,2.5561,7.761,2.1447,-0.25856,0,0.495,0.33398,0.088005
137.17,-139.92,29.823,-1.4656,-1.0115,0.0059224,0.00022529,8.5244,2.4176,6.9762,2.2157,-0.12121,0,0.495,0.34192,0.084014
136.33,-140.23,29.844,-1.4393,-1.0316,0.0058711,0.00018949,7.7465,2.0866,6.8217,1.969,-0.11011,0,0.495,0.34192,0.088006
143.61,-145.36,29.801,-1.4908,-0.98895,0.0059852,0.0002684,9.4434,2.7467,6.859,2.5149,-0.0077207,0,0.495,0.34192,0.080026
101.88,-109.22,29.847,-1.427,-0.9122,0.0058079,0.00017017,6.6278,1.9151,5.8197,2.5894,-1.098,0,0.495,0.34985,0.084015
178.96,-180.98,29.78,-1.5381,-1.1006,0.0061788,0.00036409,12.207,3.2821,7.1975,2.2577,-0.080554,0,0.495,0.33398,0.080022
101.05,-110.6,29.868,-1.4044,-0.93105,0.0057751,0.00014874,6.0889,1.6122,5.2062,2.1933,-1.142,0,0.495,0.34986,0.088009
169.3,-170.84,29.848,-1.4471,-1.1687,0.0059301,0.00020387,8.7402,2.1902,8.0382,2.1959,-0.20393,0,0.495,0.33398,0.092019
189.85,-197.71,29.824,-1.4887,-1.2991,0.0060555,0.0002626,10.601,2.6071,7.8415,2.1085,-1.5465,0,0.495,0.32604,0.092016
195.82,-203.89,29.8,-1.5226,-1.2758,0.00616,0.00033232,12.038,3.0092,7.6113,1.9682,-1.4339,0,0.495,0.32604,0.088003
181.48,-189.04,29.85,-1.4547,-1.321,0.0059675,0.00020946,9.3296,2.1953,8.0901,2.1915,-1.6558,0,0.495,0.32604,0.096148
165.76,-165.66,29.872,-1.4156,-1.1886,0.0058707,0.00016783,7.8229,1.8143,8.5124,2.2321,-0.10121,0,0.495,0.33398,0.096151
201.53,-209.54,29.777,-1.5561,-1.2505,0.0062848,0.00038609,13.675,3.4083,7.3548,1.8416,-1.2926,0,0.495,0.32604,0.084011
210.45,-218.95,29.754,-1.5898,-1.2228,0.006437,0.00039869,15.59,3.8051,6.8769,1.7818,-1.093,0,0.495,0.32604,0.080023
138.04,-142.18,29.865,-1.4106,-1.0501,0.0058272,0.00016001,7.0554,1.7516,6.6942,1.837,-0.024843,0,0.495,0.34192,0.092022
104.77,-115.12,29.906,-1.3486,-0.96457,0.0057212,0.00011627,5.1648,0.98359,4.4574,1.7269,-1.0806,0,0.495,0.34986,0.096218
103.43,-114.17,29.887,-1.378,-0.94822,0.0057469,0.00013067,5.6159,1.3028,4.5791,1.9011,-1.1478,0,0.495,0.34986,0.092043
137.7,-140.56,29.886,-1.3803,-1.0678,0.0057882,0.00013667,6.4089,1.406,6.9461,1.7537,0.13271,0,0.495,0.34192,0.09616
68.113,-81.664,29.923,-1.3487,-0.77806,0.0056666,0.00010976,4.0148,0.97361,3.2757,3.1218,-2.8569,0,0.495,0.36573,0.084019
74.766,-87.806,29.881,-1.3897,-0.8336,0.0057253,0.0001338,5.1264,1.4381,4.1158,2.8347,-2.3456,0,0.495,0.35779,0.084018
61.129,-76.638,29.943,-1.3346,-0.80076,0.0056501,0.00010795,3.6912,0.71754,1.8011,2.4492,-2.8747,0,0.495,0.36573,0.088033
71.93,-87.156,29.901,-1.371,-0.85291,0.005703,0.0001234,4.7287,1.1596,2.9789,2.3187,-2.4,0,0.495,0.35779,0.08803
73.769,-83.581,29.985,-1.287,-0.75836,0.005615,9.4315e-05,3.0443,0.29199,3.7081,2.275,-2.462,0,0.495,0.37367,0.08803
64.15,-76.997,30.001,-1.2729,-0.78388,0.0056038,9.821e-05,2.816,0.047447,1.9683,1.3503,-2.5068,0,0.495,0.37368,0.092136
55.049,-71.912,29.961,-1.3146,-0.82107,0.0056362,0.00010786,3.421,0.45088,0.046267,1.8142,-2.8605,0,0.495,0.36573,0.092162
77.616,-84.476,30.047,-1.2056,-0.75124,0.0055765,8.947e-05,2.3392,-0.56581,5.4386,0.43969,-1.8282,0,0.495,0.38166,0.096224
84.692,-86.732,30.034,-1.2186,-0.72542,0.0055844,8.6946e-05,2.4967,-0.33862,6.6689,1.2601,-1.5955,0,0.495,0.38163,0.092077
56.023,-69.903,30.015,-1.2535,-0.80629,0.0055938,0.00010283,2.6086,-0.20379,0.42645,0.7521,-2.4258,0,0.495,0.37369,0.096397
91.366,-89.32,30.018,-1.2272,-0.69674,0.0055933,8.4714e-05,2.6758,-0.1182,7.6704,2.2291,-1.366,0,0.495,0.38161,0.088022
50.37,-66.386,29.977,-1.2895,-0.83879,0.0056236,0.00010912,3.1723,0.17852,-1.1797,1.5356,-2.6908,0,0.495,0.36573,0.096466
82.862,-90.88,29.965,-1.2961,-0.73048,0.0056282,9.2021e-05,3.3177,0.5261,4.7971,3.1103,-2.4528,0,0.495,0.37367,0.084021
98.239,-96.195,29.998,-1.2325,-0.66637,0.0056039,8.2958e-05,2.8928,0.094042,7.6859,2.9427,-1.2984,0,0.495,0.3816,0.084021
71.858,-88.28,29.92,-1.347,-0.87026,0.0056841,0.00011475,4.3897,0.87207,1.7579,1.8975,-2.4282,0,0.495,0.35779,0.092147
71.816,-87.876,29.938,-1.3187,-0.88603,0.0056668,0.00010828,4.0694,0.57764,1.1464,1.7217,-2.3491,0,0.495,0.35779,0.096429
55.719,-49.503,30.057,-1.1083,-0.53516,0.0055621,0.0001092,1.9911,-0.98013,6.5763,3.605,-0.034505,0,0.495,0.39752,0.08803
81.801,-73.095,30.041,-1.1651,-0.60901,0.0055766,9.0179e-05,2.333,-0.53358,8.8711,2.9394,-0.27406,0,0.495,0.38955,0.088016
57.921,-49.904,30.074,-1.1151,-0.56756,0.0055586,0.0001064,1.9383,-1.0658,7.5231,3.5116,-0.22936,0,0.495,0.39751,0.092026
79.121,-72.535,30.06,-1.1605,-0.63551,0.0055697,9.0632e-05,2.2018,-0.73037,8.7628,2.3122,-0.56943,0,0.495,0.38955,0.092017
76.706,-75.906,30.075,-1.1533,-0.66008,0.005564,8.986e-05,2.1029,-0.93193,8.0958,1.6674,-0.92995,0,0.495,0.38956,0.096039
55.608,-52.528,30.095,-1.1011,-0.57719,0.0055523,0.0001074,1.8247,-1.3368,6.59,3.1199,-0.28103,0,0.495,0.39752,0.096019
61.553,-58.532,30.034,-1.1209,-0.52068,0.0055711,0.00010394,2.1748,-0.70947,5.7542,3.5159,-0.034778,0,0.495,0.39751,0.084035
86.007,-80.411,30.021,-1.1686,-0.58153,0.0055848,8.8966e-05,2.4958,-0.3422,7.8247,3.1027,-0.1619,0,0.495,0.38954,0.084023
87.693,-88.464,30.002,-1.178,-0.55378,0.0055942,8.9511e-05,2.6816,-0.15392,5.9022,2.8083,-0.39729,0,0.495,0.38954,0.080031
57.887,-61.694,30.021,-1.1235,-0.49076,0.0055757,0.00010689,2.2566,-0.63506,3.3596,2.9228,-0.28202,0,0.495,0.39752,0.08004
-9474.6,18087,4.3988,-0.7778,4.3117,24.05,0.030737,752.51,-71.424,-354.8,-57.202,-2.122,0,0.495,0.039367,0.10796
-25067,21504,4.519,-0.85901,2.035,24.524,0.032005,766.37,-73.058,-361.52,-62.43,-50.346,0,0.495,0.047292,0.10795
-8773.2,17073,4.6268,-1.0418,4.4041,24.012,0.030657,752.28,-70.193,-348.48,-61.022,-2.0292,0,0.495,0.039373,0.10389
-24297,20262,4.7525,-1.1695,2.1613,24.542,0.031991,767.27,-71.882,-354.16,-67.499,-48.716,0,0.495,0.047313,0.10387
3671.8,14567,4.3987,-0.42916,6.5202,23.208,0.028211,771.1,-70.112,-344.95,-45.574,34.743,0,0.495,0.031433,0.11205
-10104,18990,4.193,-0.50431,4.1971,24.055,0.030756,752.81,-72.262,-360.63,-52.521,-2.7743,0,0.495,0.039361,0.11201
4269.8,13865,4.5983,-0.64858,6.6102,23.182,0.028214,768.95,-69.213,-340.23,-49.013,34.516,0,0.495,0.031443,0.10798
4910.2,13086,4.8156,-0.86143,6.6741,23.125,0.028153,767,-67.91,-335.24,-51.999,33.8,0,0.495,0.031453,0.1039
-23771,22597,4.3161,-0.53753,1.8927,24.472,0.031967,765.59,-73.848,-368,-55.967,-52.562,0,0.495,0.04729,0.11199
-23378,18990,5.0058,-1.4659,2.2705,24.523,0.031946,767.76,-70.397,-346.1,-71.608,-47.936,0,0.495,0.047314,0.099849
-26314,21295,5.5304,-1.5483,0.12408,25.082,0.031019,809.15,-70.021,-343.02,-74.317,-109.41,0,0.495,0.055244,0.09986
-27342,22726,5.2847,-1.2124,-0.029535,25.043,0.030943,810.01,-71.392,-351.58,-69.248,-113.45,0,0.495,0.055246,0.10388
-25029,19685,5.7968,-1.8673,0.26638,25.076,0.031068,807.59,-68.342,-333.47,-77.922,-105.55,0,0.495,0.055248,0.095862
-27270,21385,6.5957,-1.5408,-1.8914,25.913,0.029689,873.71,-68.676,-323.75,-69.432,-180.14,0,0.495,0.063225,0.099908
-28213,22836,6.3965,-1.177,-2.0861,25.862,0.029435,879.76,-69.986,-331.25,-63.296,-189.34,0,0.495,0.063236,0.10394
-22316,17616,5.2766,-1.7482,2.3643,24.462,0.031878,767.46,-68.607,-337.38,-74.7,-47.299,0,0.495,0.047319,0.095849
-8060.8,16013,4.8742,-1.2951,4.4743,23.94,0.03055,751.79,-68.615,-341.7,-64.345,-2.658,0,0.495,0.039395,0.09985
6022.3,11345,5.2911,-1.2626,6.7277,22.922,0.027896,763.15,-64.302,-324.41,-56.586,30.878,0,0.495,0.031482,0.095842
5477.9,12256,5.0484,-1.0664,6.7118,23.039,0.028055,765.08,-66.255,-329.96,-54.718,32.455,0,0.495,0.031475,0.099848
-7306.2,14871,5.134,-1.5367,4.5251,23.831,0.030406,750.85,-66.748,-334.46,-66.749,-3.5144,0,0.495,0.039401,0.095846
-28159,24088,5.0644,-0.86011,-0.1942,24.967,0.030826,810.74,-72.449,-359.01,-62.538,-118.6,0,0.495,0.05523,0.10797
-25818,25195,6.1125,-0.40439,-2.4789,25.659,0.028709,894.02,-71.61,-341.62,-43.814,-210.7,0,0.495,0.063275,0.11208
-28927,24215,6.2323,-0.79618,-2.2837,25.774,0.029127,886.28,-70.965,-337.35,-54.901,-199.77,0,0.495,0.063259,0.10803
-26740,25167,4.8827,-0.49646,-0.36617,24.86,0.030649,812.11,-73.133,-365.01,-53.739,-124.19,0,0.495,0.055235,0.112
684.42,10642,4.658,-0.15967,8.6966,21.6,0.02491,846.41,-67.702,-327.99,-36.552,61.432,0,0.495,0.023498,0.11608
638.66,6638.5,5.2638,-0.094927,10.935,18.695,0.017944,1085.9,-65.213,-315.52,-35.216,102.17,0,0.495,0.015573,0.11607
167.31,11000,4.4998,0.012895,8.5747,21.555,0.024699,852.52,-67.822,-331.7,-34.006,61.495,0,0.495,0.023489,0.12008
97.663,6863.1,5.1154,0.01948,10.832,18.604,0.017714,1097.4,-65.435,-318.98,-33.828,103.92,0,0.495,0.015563,0.12007
1468.7,10162,4.8311,-0.32691,8.7917,21.619,0.025033,841.61,-67.168,-324.14,-38.49,60.896,0,0.495,0.023508,0.11206
3071.2,15220,4.2193,-0.20326,6.4064,23.205,0.028174,773.75,-70.582,-349.36,-42.255,34.16,0,0.495,0.031422,0.11608
1460,6299.1,5.4231,-0.20563,11.011,18.765,0.018115,1077,-64.566,-311.94,-36.11,99.954,0,0.495,0.015583,0.11206
2516.9,15724,4.0606,0.029605,6.2675,23.17,0.02804,777.41,-70.651,-353.36,-38.145,32.918,0,0.495,0.031412,0.12009
-391.78,6985.2,4.9791,0.13762,10.7,18.492,0.017438,1111.6,-65.251,-322.3,-32.894,105.05,0,0.495,0.015553,0.12408
-12488,9.1549,6.0733,0.10443,13.036,13.146,0.0067668,2475.6,-63.171,691.7,-25.995,1638,0,0.495,0.0076257,0.12407
-10260,-905.76,6.1924,0.041686,13.149,13.253,0.0069168,2470.9,-63.201,699.47,-25.89,1627,0,0.495,0.0076359,0.12007
-14650,807.65,5.9609,0.16857,12.892,13.031,0.0066004,2481.7,-62.748,681.88,-25.396,1648.2,0,0.495,0.0076155,0.12807
-30903,-3768.4,6.7071,0.11998,14.097,9.6623,0.00083585,3636.7,-61.335,1687,2.4862,3159.1,0,0.495,0,0.12807
-26822,-5562.5,6.8107,0.083644,14.232,9.7393,0.00084444,3646.4,-61.663,1703.6,2.2822,3139.7,0,0.495,0,0.12407
-680.09,6978.7,4.8543,0.2596,10.539,18.357,0.017088,1128.5,-64.688,-325.45,-31.297,105.68,0,0.495,0.015543,0.12808
-22730,-7470,6.9188,0.047421,14.336,9.8166,0.00085372,3655.9,-61.598,1716,2.6978,3119.3,0,0.495,0,0.12006
-338.75,11224,4.3584,0.19077,8.4248,21.481,0.024408,860.51,-67.538,-335.11,-31.795,60.806,0,0.495,0.023479,0.12408
1533.2,16060,3.8122,0.51317,5.9122,22.992,0.027449,789.73,-69.597,-358.97,-29.809,27.878,0,0.495,0.031393,0.1281
2024.1,16033,3.925,0.26883,6.1027,23.1,0.027807,782.62,-70.309,-356.67,-34.235,30.703,0,0.495,0.031402,0.12409
-662.14,11269,4.2334,0.37365,8.2466,21.375,0.024008,870.65,-66.879,-338.08,-28.975,59.617,0,0.495,0.023469,0.12809
-7984.8,-1985.1,6.3193,-0.019816,13.233,13.353,0.0070483,2468.1,-62.824,705.36,-26.34,1615.2,0,0.495,0.0076462,0.11606
-14614,-11664,7.1511,-0.024921,14.456,9.9773,0.00087493,3675.9,-60.264,1729.2,2.8088,3075.6,0,0.495,0,0.11206
-18682,-9593.5,7.0329,0.011137,14.411,9.8958,0.00086386,3665.7,-61.142,1724.6,2.5549,3098,0,0.495,0,0.11606
-5662.3,-3109.3,6.4529,-0.079829,13.288,13.444,0.0071561,2467.2,-62.018,709.44,-26.397,1602.6,0,0.495,0.0076564,0.11206
-21720,23547,4.147,-0.20544,1.7359,24.391,0.03185,765.79,-74.204,-373.45,-48.638,-56.245,0,0.495,0.047277,0.11603
-10672,19790,4.0127,-0.22191,4.0621,24.029,0.030736,753.65,-72.671,-365.73,-47.536,-4.5695,0,0.495,0.039346,0.11606
-20818,24154,4.0165,0.13644,1.5645,24.282,0.031616,768.02,-74.214,-377.2,-40.083,-61.221,0,0.495,0.04726,0.12008
-11102,20364,3.8609,0.069025,3.9059,23.968,0.03062,755.72,-72.701,-369.81,-41.436,-7.3164,0,0.495,0.039334,0.12009
-23260,26347,4.6583,0.25748,-0.72627,24.587,0.029993,821.24,-73.358,-371.62,-31.897,-138.8,0,0.495,0.055213,0.12004
-22390,26320,4.6218,0.64187,-0.91413,24.422,0.029472,830.42,-72.925,-371.45,-21.047,-147.65,0,0.495,0.055198,0.12409
-20364,24396,3.9277,0.48425,1.3783,24.143,0.031235,772.92,-73.827,-378.95,-31.776,-67.448,0,0.495,0.047249,0.12411
-11446,25154,6.1782,1.1939,-3.1984,25.039,0.02622,951.21,-70.628,-334.98,8.0629,-260.37,0,0.495,0.063229,0.12812
-15696,25703,6.0772,0.79591,-3.0254,25.217,0.027009,931.89,-71.426,-339.85,-5.2274,-246.66,0,0.495,0.063237,0.1241
-18484,25847,4.6332,1.0251,-1.1079,24.23,0.02881,843.1,-72.122,-369.13,-10.626,-157.48,0,0.495,0.055186,0.12812
-19381,25914,6.033,0.39487,-2.849,25.378,0.027653,916.29,-71.845,-342.71,-18.166,-234.18,0,0.495,0.063251,0.12009
-20114,24195,3.8778,0.83378,1.1784,23.97,0.030698,780.75,-73.07,-378.85,-23.72,-74.457,0,0.495,0.047239,0.12812
-24464,25990,4.7456,-0.12331,-0.54408,24.732,0.03038,815.29,-73.4,-369.42,-43.261,-131.02,0,0.495,0.055228,0.11602
-22533,25820,6.0454,-0.0061864,-2.6677,25.525,0.028259,903.83,-71.87,-343.43,-31.067,-222.3,0,0.495,0.063271,0.11609
-11369,20678,3.7405,0.36647,3.7284,23.872,0.030388,759.65,-72.326,-372.63,-35.44,-11.226,0,0.495,0.039325,0.12411
-11520,20632,3.6505,0.66792,3.5307,23.737,0.030007,765.78,-71.582,-374.01,-29.195,-15.784,0,0.495,0.039316,0.12811
2788.9,2792.8,19.189,-0.21897,-6.4116,23.795,0.021595,1100.6,-44.205,-43.941,95.107,-362.55,0,0.495,0.10293,0.10821
-1239.5,1165.7,21.814,-0.20861,-6.1017,19.466,0.018716,1036.6,-38.714,-9.8523,111.26,-327.32,0,0.495,0.11085,0.1082
3404.1,2441.7,18.797,-0.49,-6.3015,24.197,0.022299,1084.1,-43.777,-48.083,88.204,-352.31,0,0.495,0.10293,0.1042
1257.7,964.98,21.359,-0.44131,-6.0231,20.127,0.019514,1028.7,-38.437,-13.87,106.73,-321.65,0,0.495,0.11087,0.10415
688.5,5895.7,16.647,0.045316,-6.5881,26.587,0.023148,1148.5,-50.047,-89.064,76.607,-397.14,0,0.495,0.095014,0.1122
2182.2,2983.9,19.607,0.050866,-6.4907,23.287,0.020849,1115.3,-44.476,-39.565,102.49,-371.45,0,0.495,0.10294,0.11221
1310.2,5683.7,16.312,-0.26616,-6.4741,26.848,0.023806,1127.8,-49.693,-93.51,66.788,-384.9,0,0.495,0.095013,0.10819
1982.7,5251.1,16.012,-0.57724,-6.3301,27.013,0.024419,1106.3,-49.171,-97.235,57.356,-371.22,0,0.495,0.095012,0.10419
-2818.8,1238.6,22.285,0.022106,-6.1505,18.708,0.017884,1041.9,-38.848,-5.8978,115.78,-331.55,0,0.495,0.11086,0.11222
3574.5,741.27,20.921,-0.67354,-5.9159,20.695,0.020271,1018.7,-38.026,-18.045,101.99,-314.83,0,0.495,0.11088,0.1001
385.49,292.76,23.2,-0.63315,-5.5251,16.107,0.016969,944.51,-33.968,2.1223,114.1,-282.44,0,0.495,0.11886,0.10002
-1531.6,390.33,23.67,-0.43627,-5.6022,15.331,0.016144,943.99,-34.336,5.9686,117.02,-284.07,0,0.495,0.11883,0.10407
-5604.8,512.2,25.205,-0.61003,-5.0988,11.221,0.01321,840.11,-29.562,11.077,112.53,-245.17,0,0.495,0.12684,0.10003
-5249.6,463.76,25.659,-0.44664,-5.1488,10.367,0.012381,826.3,-29.846,14.326,113.06,-240.51,0,0.495,0.12682,0.10403
4136.4,2081.4,18.429,-0.76026,-6.1618,24.503,0.022959,1066.4,-43.188,-52.008,81.948,-341,0,0.495,0.10293,0.10018
2661.8,4795.2,15.747,-0.88535,-6.1577,27.093,0.02499,1084.3,-48.462,-100.22,49.274,-356.53,0,0.495,0.095007,0.10019
-3889.3,458.12,24.149,-0.24002,-5.6534,14.474,0.015282,940.19,-34.56,9.559,118.81,-284.42,0,0.495,0.1188,0.10815
-4233.2,229.76,26.557,-0.12221,-5.1796,8.5391,0.010671,784.85,-30.033,19.506,109.85,-226.42,0,0.495,0.12677,0.11208
-4831.3,376.23,26.112,-0.2843,-5.1761,9.467,0.011529,808.02,-30,17.13,112.3,-234.37,0,0.495,0.1268,0.10804
-5185.6,433.92,24.632,-0.044996,-5.6769,13.547,0.014397,932.59,-34.65,12.99,119.71,-282.96,0,0.495,0.11879,0.11219
-5912.1,16621,10.777,0.25528,-5.7125,27.957,0.025062,1104.6,-62.564,-220.47,26.157,-382.09,0,0.495,0.079162,0.11616
-4738.8,16498,10.992,0.63705,-5.8437,27.817,0.024267,1127.9,-62.538,-215.01,40.97,-396.97,0,0.495,0.079161,0.12016
-1349.6,10848,13.855,0.32206,-6.4287,27.983,0.023993,1160.4,-56.252,-147.61,63.148,-411.58,0,0.495,0.087087,0.11617
-1850,10863,14.181,0.66979,-6.5186,27.736,0.023327,1183.5,-56.201,-141.69,76.841,-424.75,0,0.495,0.087085,0.12017
-755.1,10609,13.577,-0.028696,-6.3087,28.156,0.024638,1137.5,-56.034,-152.46,50.329,-397.49,0,0.495,0.087087,0.11217
57.09,6068.4,17.021,0.35561,-6.6708,26.228,0.022447,1168.2,-50.162,-84.045,87.988,-408.2,0,0.495,0.095013,0.11619
-7762.5,16421,10.618,-0.12995,-5.5552,28.047,0.025734,1082.4,-62.339,-224.27,11.63,-366.51,0,0.495,0.079161,0.11214
-541.67,6073.9,17.438,0.6629,-6.7208,25.767,0.0217,1187,-50.031,-78.345,100.14,-418.29,0,0.495,0.095012,0.12019
-3307.8,16273,11.268,1.0146,-5.9508,27.636,0.023432,1153,-62.142,-208.1,57.638,-411.67,0,0.495,0.079158,0.12416
-3613.3,21595,8.3206,0.93004,-4.7587,26.54,0.024688,1052.1,-66.851,-281.91,27.58,-342.58,0,0.495,0.071223,0.12413
-8849.6,21875,8.1657,0.53272,-4.6103,26.689,0.025536,1030.3,-67.259,-287.3,12.31,-327.81,0,0.495,0.071228,0.12013
-2578.6,21054,8.5409,1.3228,-4.8926,26.375,0.023795,1077.3,-66.082,-274.66,44.298,-358.33,0,0.495,0.07122,0.12814
-2880.9,15825,11.611,1.3861,-6.0326,27.418,0.022641,1180.2,-61.414,-199.47,75.721,-426.38,0,0.495,0.079156,0.12816
-13499,21967,8.0697,0.13257,-4.4468,26.819,0.026383,1011.2,-67.28,-290.94,-1.7639,-313.32,0,0.495,0.071234,0.11614
-19218,21615,8.0301,-0.26935,-4.2646,26.92,0.027003,993.89,-67.055,-292.26,-16.363,-298.68,0,0.495,0.071233,0.11213
-2005.5,10780,14.564,1.0134,-6.5781,27.417,0.02262,1207.1,-55.805,-134.61,92.845,-437,0,0.495,0.087084,0.12417
-193.29,5724.9,18.42,1.2612,-6.7169,24.515,0.020067,1220.7,-48.902,-64.417,128.91,-433.93,0,0.495,0.095008,0.12819
-706.02,5992.5,17.903,0.96565,-6.7366,25.199,0.020908,1204.6,-49.595,-71.822,114.21,-426.91,0,0.495,0.09501,0.12419
-1489.9,10492,15.009,1.3503,-6.6051,27.017,0.021894,1231.1,-55.119,-126.17,109.93,-448.38,0,0.495,0.087082,0.12817
-2998.2,1265.6,22.773,0.25031,-6.1683,17.851,0.017015,1044,-38.813,-1.8933,121.88,-334.01,0,0.495,0.11086,0.11622
1574.3,3131.3,20.054,0.31914,-6.5377,22.669,0.02006,1127.9,-44.539,-34.929,111.75,-378.88,0,0.495,0.10294,0.11621
-2775.6,1162.8,23.281,0.47451,-6.1538,16.889,0.01611,1042,-38.583,2.234,127.86,-334.49,0,0.495,0.11086,0.12022
1039.2,3125,20.535,0.58412,-6.5516,21.936,0.019228,1138.2,-44.382,-29.873,121.38,-384.79,0,0.495,0.10294,0.12021
-4858.5,178.51,25.609,0.33536,-5.6379,11.496,0.012567,902.5,-34.381,19.028,122.9,-273.15,0,0.495,0.11878,0.12023
-4339.3,-79.259,26.1,0.51914,-5.5747,10.391,0.011631,878.69,-34.015,21.521,123.89,-264.54,0,0.495,0.11878,0.12424
-2318.7,973.15,23.81,0.69357,-6.1061,15.823,0.015169,1035.4,-38.152,6.4275,134.16,-332.54,0,0.495,0.11086,0.12422
-2037.3,-815.91,28.184,0.50334,-4.9598,4.8697,0.0073749,635.4,-28.969,23.514,93.032,-173.38,0,0.495,0.12671,0.12825
-2540.9,-523.48,27.809,0.35243,-5.0487,5.7488,0.0081655,681.36,-29.399,23.254,98.834,-189.43,0,0.495,0.12672,0.12424
-3805,-387.03,26.587,0.69667,-5.4835,9.2523,0.01069,848.23,-33.5,23.673,123.08,-253.24,0,0.495,0.11878,0.12824
-3090.7,-219.12,27.41,0.19671,-5.1159,6.6641,0.008982,721.7,-29.718,22.54,103.06,-203.79,0,0.495,0.12673,0.12022
-2573.8,673.98,24.357,0.90532,-6.0253,14.658,0.014194,1023.2,-37.539,10.639,139.4,-327.89,0,0.495,0.11086,0.12822
-5252.6,355.45,25.119,0.14715,-5.6721,12.553,0.013491,920.3,-34.598,16.201,121.53,-279.24,0,0.495,0.11878,0.11622
-3694.8,31.13,26.992,0.037967,-5.1597,7.5991,0.0098185,756.17,-29.937,21.358,106.85,-216.22,0,0.495,0.12675,0.11615
659.44,3039,21.053,0.84423,-6.5307,21.084,0.01835,1145.5,-43.972,-24.325,132.11,-388.74,0,0.495,0.10293,0.12421
-112.44,2793.9,21.608,1.0967,-6.4742,20.104,0.017426,1149.3,-43.348,-18.314,142.57,-390.44,0,0.495,0.10293,0.12821
360.21,-356.41,29.576,-0.37644,-3.7861,0.082067,0.00084818,89.524,-14.734,-0.79805,13.033,-10.885,0,0.495,0.16655,0.10809
346.68,-366.43,29.562,-0.42102,-3.6742,0.02784,0.00043121,62.133,-12.368,-1.3979,10.861,-5.0324,0,0.495,0.17457,0.10809
308.02,-301.25,29.503,-0.44048,-3.811,0.10663,0.0009449,104.19,-14.362,-0.95788,14.296,-13.336,0,0.495,0.16656,0.1041
313.43,-332.89,29.497,-0.4769,-3.71,0.034902,0.00046615,71.733,-11.945,-1.6806,11.707,-5.8569,0,0.495,0.17457,0.1041
394.83,-424.18,29.611,-0.28012,-3.9038,0.20995,0.0014708,130.32,-17.499,1.6407,17.868,-21.26,0,0.495,0.15858,0.11208
407.32,-405.42,29.641,-0.30795,-3.756,0.062508,0.00075449,77.001,-15.049,-0.71315,11.877,-8.8648,0,0.495,0.16655,0.11208
298.85,-344.09,29.523,-0.35973,-3.9265,0.27601,0.0016551,152.54,-17.222,1.7567,20.366,-26.547,0,0.495,0.15858,0.10809
205.11,-249.75,29.423,-0.43574,-3.942,0.35605,0.001845,177,-16.878,1.5932,22.919,-32.672,0,0.495,0.15858,0.1041
382.14,-399.04,29.623,-0.36099,-3.6356,0.022451,0.0004002,54.297,-12.742,-1.1799,10.11,-4.3018,0,0.495,0.17457,0.11209
292.4,-306.26,29.427,-0.52809,-3.7427,0.045949,0.00051684,85.253,-11.473,-2.2735,13.662,-6.8333,0,0.495,0.17458,0.10011
371.4,-385.45,29.391,-0.58687,-3.6695,0.022585,0.00031513,70.246,-9.2445,-2.7763,12.786,-3.4744,0,0.495,0.18252,0.10012
376.55,-389.92,29.462,-0.5382,-3.6235,0.016546,0.00028278,57.818,-9.7598,-2.3125,10.73,-3.0644,0,0.495,0.18252,0.10411
481.2,-495.25,29.354,-0.67797,-3.6011,0.016324,0.00026006,61.904,-7.1885,-2.5262,11.71,-3.859,0,0.495,0.19046,0.10012
474.25,-477.77,29.424,-0.62639,-3.5437,0.012018,0.00023781,50.505,-7.743,-2.3112,9.9103,-3.4513,0,0.495,0.19046,0.10412
264.04,-250.22,29.424,-0.50041,-3.8302,0.1375,0.0010444,121.79,-13.927,-1.5,16.348,-16.258,0,0.495,0.16657,0.10009
159.59,-155.19,29.312,-0.50844,-3.95,0.45023,0.0020361,203.5,-16.473,0.93185,25.969,-39.576,0,0.495,0.15858,0.10011
388.42,-404.2,29.526,-0.48499,-3.5766,0.014099,0.00027903,50.066,-10.229,-2.0206,9.9022,-2.7391,0,0.495,0.18252,0.1081
473.3,-476.3,29.549,-0.5142,-3.4312,0.0096955,0.00025505,38.065,-8.7268,-1.6116,8.3407,-2.8347,0,0.495,0.19046,0.11211
469.6,-474.54,29.489,-0.57145,-3.4872,0.010625,0.00024452,43.485,-8.2551,-2.0604,9.0919,-3.1625,0,0.495,0.19046,0.10811
407.63,-420.81,29.587,-0.42823,-3.5296,0.012342,0.00027915,43.915,-10.659,-1.6115,9.1542,-2.389,0,0.495,0.18253,0.11211
-702.97,-450.19,29.174,-0.1146,-4.3425,1.5593,0.0040346,361.25,-23.042,11.139,49.692,-85.18,0,0.495,0.14271,0.11606
-359.85,-620.27,29.36,-0.00052992,-4.3012,1.2379,0.0036063,318.81,-23.033,10.769,43.042,-72.485,0,0.495,0.14271,0.12007
168.5,-567.32,29.567,-0.15206,-4.0759,0.52513,0.0023569,204.46,-20.424,5.2583,26.707,-40.935,0,0.495,0.15064,0.11607
360.12,-644.12,29.672,-0.054596,-4.038,0.39755,0.0020845,174.16,-20.475,4.8912,22.389,-33.065,0,0.495,0.15064,0.12006
-64.98,-459.15,29.443,-0.24815,-4.1048,0.68265,0.0026522,237.33,-20.309,5.6474,31.11,-49.98,0,0.495,0.15064,0.11208
474.54,-493.61,29.689,-0.19781,-3.8742,0.15704,0.0012953,110.6,-17.713,1.5104,15.593,-16.892,0,0.495,0.15858,0.11607
-1065.4,-245.46,28.959,-0.22796,-4.3717,1.9342,0.004504,403.92,-22.975,11.165,56.197,-98.467,0,0.495,0.14272,0.11206
524.89,-543.4,29.756,-0.1142,-3.8374,0.11577,0.0011308,93.475,-17.861,1.5764,13.254,-13.352,0,0.495,0.15858,0.12006
-74.926,-782.83,29.52,0.11293,-4.2483,0.96518,0.0032125,277.28,-22.972,10.219,37.023,-60.401,0,0.495,0.1427,0.12407
-1215.3,-882.57,28.94,0.22265,-4.599,2.6108,0.0052906,467.21,-26.353,17.532,65.171,-117.47,0,0.495,0.13469,0.12419
-1691.5,-648.24,28.667,0.088873,-4.6598,3.1867,0.0058935,514.96,-26.558,17.883,71.998,-133.11,0,0.495,0.13471,0.12016
-784.67,-1064,29.182,0.35342,-4.5224,2.0948,0.0047227,417.32,-26.055,16.842,57.768,-101.65,0,0.495,0.13467,0.12822
154.43,-899.3,29.656,0.22457,-4.1842,0.73621,0.0028444,237.34,-22.84,9.5914,31.222,-49.203,0,0.495,0.14269,0.12807
-2248.3,-426.25,28.365,-0.046994,-4.7037,3.816,0.0065326,559.56,-26.68,17.787,78.896,-148.06,0,0.495,0.13475,0.11609
-2800.5,-193.59,28.035,-0.18279,-4.73,4.4971,0.007213,600.61,-26.706,17.051,85.27,-162.02,0,0.495,0.13477,0.11205
518.27,-711.01,29.76,0.04204,-3.9912,0.29616,0.0018336,146.82,-20.47,4.6693,18.595,-26.268,0,0.495,0.15065,0.12405
576.71,-606.96,29.86,0.049521,-3.7422,0.061315,0.00084412,66.815,-18.002,2.3838,8.981,-8.2417,0,0.495,0.15858,0.12805
560.98,-582.22,29.813,-0.031198,-3.7935,0.084489,0.00097998,78.942,-17.958,1.8951,11.096,-10.504,0,0.495,0.15858,0.12405
615.67,-754.12,29.832,0.13674,-3.9357,0.21663,0.0016006,122.61,-20.409,4.5758,15.067,-20.475,0,0.495,0.15065,0.12805
417.47,-428.46,29.68,-0.29786,-3.5932,0.018272,0.00037295,47.705,-13.072,-0.84549,9.334,-3.7265,0,0.495,0.17457,0.11609
443.87,-445.2,29.702,-0.23669,-3.7208,0.0473,0.00066663,66.361,-15.312,-0.35328,10.758,-7.3172,0,0.495,0.16655,0.11607
440.49,-448.24,29.732,-0.23343,-3.547,0.015083,0.0003507,42.135,-13.348,-0.24778,8.2638,-3.2657,0,0.495,0.17457,0.12008
468.11,-473.5,29.756,-0.16471,-3.6805,0.035759,0.00058713,57.407,-15.524,0.29458,9.4029,-6.1162,0,0.495,0.16654,0.12007
437.45,-444.55,29.693,-0.30999,-3.4288,0.0098583,0.00028477,34.556,-11.371,-0.32349,7.2958,-1.7629,0,0.495,0.18253,0.12009
445.47,-448.54,29.738,-0.25207,-3.375,0.0090293,0.00029164,30.967,-11.664,0.74571,6.0685,-1.414,0,0.495,0.18253,0.12408
456.9,-459.5,29.777,-0.16997,-3.4972,0.012684,0.00033433,37.393,-13.579,0.65524,7.0214,-2.8583,0,0.495,0.17457,0.12407
451.03,-457.2,29.735,-0.28822,-3.1973,0.0076441,0.00029561,24.513,-10.217,1.9515,4.093,-1.402,0,0.495,0.19051,0.12816
463.37,-467.5,29.698,-0.34147,-3.2575,0.0079925,0.00029468,27.094,-9.9043,0.98061,5.1839,-1.7431,0,0.495,0.19049,0.12414
441.71,-447.09,29.777,-0.19582,-3.3188,0.0084116,0.00030164,27.934,-11.934,1.8164,4.8376,-1.0981,0,0.495,0.18254,0.1281
468.97,-473.92,29.655,-0.39721,-3.3167,0.0084264,0.00028056,30.106,-9.5546,-0.1037,6.3744,-2.1464,0,0.495,0.19048,0.12013
457.06,-463.46,29.816,-0.10917,-3.4433,0.010914,0.00032433,33.363,-13.768,1.745,5.6903,-2.5209,0,0.495,0.17457,0.12806
428.39,-436.75,29.643,-0.36987,-3.4799,0.010943,0.00028086,38.794,-11.033,-1.1257,8.3453,-2.074,0,0.495,0.18253,0.11609
474.3,-478.07,29.605,-0.45543,-3.3745,0.0089774,0.000267,33.686,-9.164,-1.0318,7.4676,-2.4941,0,0.495,0.19047,0.11611
487.14,-493.98,29.804,-0.093943,-3.6348,0.027166,0.00051766,49.895,-15.689,1.1098,7.9956,-5.165,0,0.495,0.16654,0.12406
492.96,-507.92,29.844,-0.025605,-3.5835,0.020865,0.00045939,43.589,-15.808,2.0104,6.4982,-4.435,0,0.495,0.16654,0.12806
513.66,-553.68,29.503,-1.0927,-2.8727,0.0076959,0.00028292,27.304,-1.0793,1.0616,6.1481,-5.1459,0,0.495,0.23032,0.10837
470.93,-507.44,29.521,-1.1667,-2.7197,0.0074303,0.00029361,25.404,-0.22663,0.57013,5.931,-4.3618,0,0.495,0.23823,0.10838
567.55,-606.84,29.445,-1.167,-2.9142,0.0081973,0.00026104,31.518,-0.38985,0.80068,6.7824,-5.3943,0,0.495,0.23033,0.10437
515.71,-553.9,29.466,-1.241,-2.7539,0.0078445,0.00026941,29.228,0.45746,0.2924,6.3862,-4.6999,0,0.495,0.23824,0.10438
475.29,-519.06,29.538,-0.93509,-2.9727,0.007595,0.00029459,25.881,-2.7691,0.20283,5.4509,-5.5682,0,0.495,0.22236,0.11234
469.34,-508.17,29.557,-1.0229,-2.83,0.0073239,0.00030794,23.872,-1.7222,1.1553,5.33,-5.0237,0,0.495,0.2303,0.11236
522.99,-567.07,29.483,-1.0043,-3.0225,0.0080414,0.00027214,29.665,-2.1394,0.019464,6.4209,-5.7078,0,0.495,0.22238,0.10834
580.2,-623.56,29.423,-1.078,-3.0724,0.0086653,0.00025279,34.405,-1.4608,-0.2173,7.2016,-5.9039,0,0.495,0.22238,0.10431
432.17,-467.52,29.573,-1.0967,-2.6838,0.0071133,0.00032038,22.247,-0.87511,0.69931,5.3016,-4.1417,0,0.495,0.23823,0.11237
568.93,-610.38,29.407,-1.3205,-2.7873,0.0084177,0.00024874,33.964,1.1772,-0.11206,6.6989,-5.0159,0,0.495,0.23826,0.10039
482.66,-529.41,29.437,-1.3815,-2.6295,0.0080233,0.00025691,31.359,1.856,-1.1765,5.6536,-6.3394,0,0.495,0.24622,0.10037
436.45,-479.99,29.49,-1.3032,-2.6047,0.0075573,0.00028008,27.097,1.1404,-0.74763,5.4331,-5.967,0,0.495,0.24617,0.10438
404.87,-461.18,29.491,-1.4298,-2.486,0.0076795,0.00026914,28.676,2.3538,-1.868,5.1119,-7.6514,0,0.495,0.25427,0.10025
359.6,-413.93,29.54,-1.3529,-2.4676,0.0072893,0.00029575,24.774,1.6529,-1.3455,4.7851,-7.5284,0,0.495,0.25414,0.10433
630.96,-672.34,29.383,-1.2466,-2.9555,0.0089172,0.00024301,36.816,0.33668,0.38797,7.2575,-5.59,0,0.495,0.23033,0.10036
647.44,-693.97,29.358,-1.1562,-3.123,0.0096074,0.00023792,40.5,-0.74337,-0.4255,7.8224,-6.074,0,0.495,0.22237,0.10028
399.66,-439.84,29.541,-1.2303,-2.5777,0.0072089,0.00030666,23.608,0.46195,-0.49166,5.1239,-5.5379,0,0.495,0.24616,0.10839
293.9,-342.62,29.631,-1.2155,-2.4253,0.0067542,0.00034213,18.902,0.35034,-0.91848,3.906,-6.9759,0,0.495,0.2541,0.1124
325.04,-375.36,29.587,-1.2817,-2.4479,0.0069913,0.00032577,21.576,0.98642,-1.0461,4.4059,-7.2711,0,0.495,0.2541,0.10839
367.39,-405.73,29.589,-1.1619,-2.5483,0.0069354,0.00033506,20.699,-0.18381,-0.39493,4.6492,-5.17,0,0.495,0.24616,0.11239
455.21,-486.86,29.574,-0.66805,-3.1534,0.0078761,0.00028715,27.523,-5.9227,-1.7019,5.9291,-4.6205,0,0.495,0.20647,0.11628
426.02,-458.39,29.621,-0.6083,-3.0934,0.0075237,0.00030483,24.518,-6.4102,-1.505,4.7863,-4.3177,0,0.495,0.20648,0.1203
444.75,-483.2,29.576,-0.77624,-3.0454,0.0075409,0.00030265,25.012,-4.5462,-1.3315,5.1297,-5.0441,0,0.495,0.21444,0.11633
413.49,-450.55,29.62,-0.71454,-2.9896,0.0072338,0.00030892,22.227,-5.0706,-1.4058,4.0474,-4.7521,0,0.495,0.21443,0.12032
480.97,-519.37,29.524,-0.84054,-3.1013,0.0079351,0.00028074,28.371,-3.9765,-1.3962,6.2239,-5.3569,0,0.495,0.21444,0.11231
436.08,-479.24,29.587,-0.86924,-2.9233,0.0072587,0.0003116,22.807,-3.3635,0.15297,4.4364,-5.3666,0,0.495,0.22236,0.11634
487.77,-518.43,29.521,-0.73035,-3.2133,0.0083319,0.00026819,31.172,-5.3866,-1.8894,6.9668,-4.9417,0,0.495,0.20643,0.11221
402.57,-444.68,29.63,-0.80601,-2.8737,0.0069913,0.00029475,20.231,-3.9208,-0.043424,3.483,-5.2114,0,0.495,0.22236,0.12034
398.82,-430.85,29.661,-0.55054,-3.0338,0.0072406,0.00029972,21.995,-6.8659,-1.4068,3.7748,-3.995,0,0.495,0.20648,0.12431
442.33,-466.79,29.671,-0.45041,-3.1384,0.0075466,0.00030399,24.333,-8.3003,0.032601,4.3255,-2.9383,0,0.495,0.19852,0.12426
462.06,-484.63,29.629,-0.5069,-3.2007,0.0078758,0.00029201,27.054,-7.8926,-0.49075,5.4657,-3.2895,0,0.495,0.19849,0.12023
420.47,-445.38,29.707,-0.39631,-3.0765,0.007273,0.00028419,21.985,-8.674,0.52162,3.4063,-2.6637,0,0.495,0.19853,0.12827
372.81,-403.95,29.696,-0.49501,-2.9751,0.0070021,0.00026349,19.786,-7.2872,-1.373,3.0437,-3.744,0,0.495,0.20648,0.1283
478.17,-499.25,29.581,-0.56481,-3.263,0.008288,0.00027431,30.304,-7.4573,-0.8916,6.6236,-3.622,0,0.495,0.19845,0.11619
493.63,-513.04,29.526,-0.62368,-3.3244,0.0088196,0.0002582,34.256,-6.9729,-1.1034,7.6057,-3.9963,0,0.495,0.19842,0.11214
384.98,-420.51,29.659,-0.65451,-2.9343,0.0069839,0.00027918,19.864,-5.5637,-1.6046,3.1827,-4.4746,0,0.495,0.21442,0.12432
348.3,-390.19,29.701,-0.68459,-2.7747,0.0065818,0.00020521,16.022,-4.9362,-0.73455,2.3915,-5.042,0,0.495,0.22236,0.12833
372.97,-415.45,29.668,-0.74459,-2.824,0.0067699,0.00024924,18.005,-4.4459,-0.35537,2.7553,-5.0951,0,0.495,0.22236,0.12433
358.85,-392.65,29.693,-0.59626,-2.8797,0.0067719,0.00023291,17.771,-6.0222,-1.8213,2.659,-4.2816,0,0.495,0.21442,0.12832
399.05,-434.71,29.62,-1.0302,-2.6467,0.0068609,0.00031483,19.606,-1.4903,0.65817,4.6166,-3.958,0,0.495,0.23823,0.11637
431.75,-470.49,29.605,-0.95633,-2.787,0.007035,0.00031323,21.037,-2.3307,1.0634,4.467,-4.9356,0,0.495,0.23029,0.11636
372.74,-408.44,29.663,-0.96609,-2.6083,0.0066537,0.00026763,17.363,-2.072,0.45896,3.9452,-3.8619,0,0.495,0.23823,0.12037
400.37,-439.2,29.647,-0.89215,-2.7431,0.0068008,0.00027713,18.64,-2.9044,0.84789,3.6416,-4.9307,0,0.495,0.23029,0.12035
321.15,-356.72,29.675,-1.0337,-2.4844,0.0065306,0.0002652,16.162,-1.3825,-0.87308,3.567,-4.4213,0,0.495,0.24616,0.12038
305.45,-340.23,29.712,-0.972,-2.4499,0.0063763,0.00021545,14.337,-1.9379,-1.3233,3.1722,-4.0665,0,0.495,0.24616,0.12437
352.21,-388.79,29.702,-0.90352,-2.5689,0.0064799,0.00021752,15.404,-2.6233,0.11512,3.437,-3.8013,0,0.495,0.23823,0.12436
230.23,-268.95,29.771,-0.97395,-2.3158,0.006147,0.00016782,11.49,-1.9076,-2.7832,2.1287,-4.9355,0,0.495,0.2541,0.12837
239.16,-280.52,29.741,-1.0329,-2.3459,0.0062626,0.00020688,12.999,-1.3836,-2.0665,2.3035,-5.5421,0,0.495,0.2541,0.12438
294.01,-327.38,29.748,-0.91104,-2.4141,0.0062453,0.00017492,12.717,-2.4632,-1.8207,2.9966,-3.7358,0,0.495,0.24616,0.12836
251.92,-295.7,29.707,-1.0923,-2.3743,0.006399,0.00025494,14.705,-0.83299,-1.4678,2.7333,-6.0986,0,0.495,0.2541,0.12039
337.23,-373.75,29.738,-0.84173,-2.5287,0.0063319,0.00017629,13.658,-3.1425,-0.27608,3.1777,-3.7985,0,0.495,0.23823,0.12835
341.21,-378.41,29.634,-1.0968,-2.5172,0.006714,0.00032121,18.251,-0.79842,-0.5366,4.1088,-4.7763,0,0.495,0.24616,0.11638
269.74,-316.5,29.671,-1.1528,-2.4008,0.0065606,0.00031227,16.647,-0.2561,-1.0668,3.3246,-6.5666,0,0.495,0.25409,0.11639
374.23,-414.25,29.686,-0.82943,-2.6988,0.0066049,0.00022634,16.55,-3.4476,0.49942,3.0181,-4.9627,0,0.495,0.23029,0.12435
353.19,-393.47,29.721,-0.76763,-2.6544,0.0064384,0.00018448,14.684,-3.9581,0.11078,2.7155,-5.0487,0,0.495,0.23029,0.12834
242.65,-273.17,29.754,-1.3744,-1.765,0.0062411,0.00028652,13.177,1.7864,2.355,4.0315,-3.7868,0,0.495,0.29409,0.10799
169.88,-203.19,29.801,-1.3826,-1.6531,0.0061059,0.00025505,11.224,1.6437,-0.65961,3.9075,-4.2693,0,0.495,0.30209,0.10818
248.2,-280.01,29.718,-1.4306,-1.7664,0.0063876,0.00035638,15.054,2.3033,1.8373,3.5457,-3.9665,0,0.495,0.29413,0.10398
175.36,-209.76,29.768,-1.4356,-1.6545,0.006221,0.00032359,12.779,2.1337,-0.50178,3.44,-4.4703,0,0.495,0.3021,0.10408
286.06,-307.22,29.759,-1.3106,-1.9061,0.006226,0.0002482,12.987,1.3155,4.8254,4.1647,-2.4124,0,0.495,0.28614,0.11197
233.53,-263.12,29.792,-1.3202,-1.7607,0.0061207,0.00022576,11.554,1.2815,3.0746,4.2286,-3.6682,0,0.495,0.2941,0.11204
301.55,-322.7,29.72,-1.3669,-1.9088,0.0063691,0.00031525,14.842,1.8452,4.1343,4.2224,-2.347,0,0.495,0.28615,0.10797
313.39,-335.94,29.681,-1.4258,-1.9086,0.0065439,0.00035962,17.016,2.3915,3.496,3.9472,-2.4809,0,0.495,0.28619,0.10398
161,-193.24,29.836,-1.3309,-1.6483,0.0060117,0.0002053,9.8808,1.1642,-0.45755,4.1289,-4.0405,0,0.495,0.30214,0.11235
180.39,-215.04,29.736,-1.4882,-1.6521,0.0063619,0.00038161,14.599,2.6365,-0.05544,2.8424,-4.6255,0,0.495,0.30217,0.10003
148.15,-180.06,29.788,-1.4793,-1.5605,0.0061586,0.00031932,11.876,2.3836,0.81834,2.3802,-4.4233,0,0.495,0.31013,0.10025
139.93,-172.13,29.818,-1.4328,-1.5676,0.0060515,0.00025244,10.393,1.9108,-0.25344,2.8166,-4.2776,0,0.495,0.31011,0.10441
159.06,-181.59,29.837,-1.4554,-1.4632,0.005998,0.00022627,9.6992,2.1029,4.4723,2.0462,-3.4316,0,0.495,0.31809,0.10042
149.03,-173.21,29.865,-1.4162,-1.4768,0.005918,0.00018211,8.5038,1.6645,3.5295,2.2671,-3.3904,0,0.495,0.31808,0.10456
253.9,-286.59,29.685,-1.488,-1.7647,0.0065667,0.00037713,17.268,2.8349,1.4456,2.9799,-4.153,0,0.495,0.29423,0.099978
325.74,-350.49,29.644,-1.4872,-1.9058,0.0067608,0.00034684,19.622,2.9559,2.7716,3.5714,-2.7365,0,0.495,0.28629,0.099972
131.36,-162.73,29.848,-1.3856,-1.5704,0.005966,0.00020381,9.1458,1.4516,-1.0896,3.12,-4.0843,0,0.495,0.31012,0.10849
130.47,-155.87,29.92,-1.3358,-1.4924,0.0058048,0.00012802,6.6753,0.82755,1.6564,2.3439,-3.2245,0,0.495,0.31808,0.11259
139.86,-165.14,29.892,-1.3763,-1.4863,0.0058552,0.00015045,7.5147,1.2409,2.5242,2.4053,-3.3237,0,0.495,0.31808,0.10859
120.69,-150.82,29.879,-1.3388,-1.5697,0.0058973,0.00016944,8.0844,1.0026,-1.5683,3.2131,-3.8389,0,0.495,0.31014,0.11255
240.17,-274.41,29.759,-1.2254,-2.1752,0.0062885,0.00025752,13.561,0.51125,0.48315,2.2999,-3.5296,0,0.495,0.27001,0.11632
216.98,-249.68,29.789,-1.169,-2.1612,0.0061628,0.00020974,11.884,-0.032171,0.31739,1.2553,-3.6208,0,0.495,0.27002,0.12031
262.92,-285.13,29.777,-1.2447,-2.0496,0.0061962,0.00022694,12.473,0.71641,3.3692,2.8903,-2.0772,0,0.495,0.27817,0.11603
238.67,-261.66,29.808,-1.1915,-2.0409,0.0060856,0.00018475,10.944,0.19397,3.6623,1.8492,-2.4884,0,0.495,0.27817,0.12002
289.7,-310.52,29.74,-1.3011,-2.0561,0.0063309,0.00028179,14.25,1.2571,3.0725,3.6782,-1.7928,0,0.495,0.27817,0.11205
267.41,-288.76,29.796,-1.2574,-1.9011,0.0061087,0.00019816,11.388,0.79891,5.6058,3.722,-2.5954,0,0.495,0.28614,0.11597
268.47,-301.62,29.723,-1.2844,-2.1872,0.00644,0.00031817,15.495,1.08,0.58984,3.2011,-3.4295,0,0.495,0.27002,0.11233
249.04,-271.41,29.831,-1.2071,-1.8937,0.0060127,0.00016018,10.014,0.29465,6.2778,2.9774,-2.9842,0,0.495,0.28616,0.12
199.82,-232.03,29.815,-1.1142,-2.1455,0.0060575,0.00017028,10.42,-0.56252,-0.033085,0.40194,-3.6143,0,0.495,0.27005,0.12431
203.38,-242.68,29.783,-1.08,-2.2472,0.0061457,0.00018857,11.545,-0.91858,-1.7487,1.1515,-5.4438,0,0.495,0.26204,0.12438
217.1,-258.82,29.755,-1.1372,-2.2692,0.0062658,0.00023295,13.141,-0.37855,-1.1173,1.7844,-5.878,0,0.495,0.26204,0.12039
194.83,-231.75,29.808,-1.0229,-2.2235,0.0060439,0.00015218,10.134,-1.4367,-2.541,0.82313,-4.9144,0,0.495,0.26204,0.12837
190.21,-222.01,29.837,-1.0598,-2.1274,0.0059682,0.00013754,9.1295,-1.0747,-0.59191,-0.12595,-3.5294,0,0.495,0.27007,0.12834
237.05,-281.85,29.723,-1.1955,-2.2893,0.0064082,0.00028612,14.953,0.18384,-0.75698,2.6027,-6.1722,0,0.495,0.26203,0.1164
263.35,-309.2,29.686,-1.2563,-2.3076,0.0065784,0.00033974,17.038,0.7746,-0.63778,3.3707,-6.3673,0,0.495,0.26204,0.1124
220.31,-245.41,29.836,-1.1404,-2.0295,0.0059936,0.0001505,9.6213,-0.31794,3.7151,0.9187,-2.9111,0,0.495,0.27818,0.12402
224.05,-251.71,29.89,-1.112,-1.8711,0.0058668,0.00010696,7.804,-0.67313,6.7321,1.5095,-4.0968,0,0.495,0.28623,0.12821
233.38,-258.45,29.863,-1.159,-1.8838,0.0059332,0.00013038,8.8289,-0.19827,6.66,2.201,-3.4947,0,0.495,0.28619,0.12408
211.33,-238.28,29.859,-1.0899,-2.0153,0.0059159,0.00012222,8.4629,-0.81534,3.4446,0.24721,-3.3292,0,0.495,0.27819,0.12806
149.6,-181.13,29.871,-1.2816,-1.6413,0.0059346,0.00016862,8.7175,0.69617,0.0017098,4.1825,-3.7954,0,0.495,0.30217,0.11646
221.48,-250.6,29.83,-1.2687,-1.7541,0.0060221,0.0001804,10.151,0.78651,3.9127,4.1381,-3.6074,0,0.495,0.29413,0.11613
137.39,-167.64,29.905,-1.2357,-1.6325,0.0058705,0.00014155,7.6998,0.24292,0.58007,4.0383,-3.6131,0,0.495,0.30219,0.12051
208.18,-236.85,29.866,-1.2201,-1.7453,0.0059409,0.00014653,8.9363,0.30426,4.7322,3.7769,-3.7284,0,0.495,0.29418,0.12027
95.401,-122,29.939,-1.2514,-1.5616,0.0057933,0.00012765,6.338,0.13881,-1.7381,3.0336,-3.172,0,0.495,0.31015,0.12056
83.092,-107.78,29.966,-1.2121,-1.5549,0.0057526,0.00011589,5.5976,-0.27612,-1.7499,2.7966,-2.7425,0,0.495,0.31015,0.12455
125.89,-155.16,29.937,-1.1934,-1.6221,0.0058168,0.00012119,6.8085,-0.19694,1.1032,3.7695,-3.4322,0,0.495,0.3022,0.12453
75.459,-94.349,30.015,-1.1841,-1.4985,0.0056675,9.7324e-05,4.0475,-0.74885,0.033913,1.006,-2.3122,0,0.495,0.31809,0.12856
90.549,-111.89,29.994,-1.2188,-1.4986,0.0056955,9.7533e-05,4.6254,-0.36679,0.34362,1.4576,-2.6278,0,0.495,0.31809,0.12456
72.513,-94.97,29.993,-1.1754,-1.5467,0.0057174,0.00010896,4.9383,-0.6797,-1.9363,2.4692,-2.3193,0,0.495,0.31015,0.12855
105.42,-128.61,29.971,-1.2561,-1.4979,0.0057271,0.00010258,5.2564,0.023963,0.63508,1.8374,-2.9001,0,0.495,0.31809,0.12057
117.72,-145.61,29.967,-1.1539,-1.6102,0.0057718,0.00010605,6.0355,-0.62169,1.3781,3.3903,-3.3036,0,0.495,0.30221,0.12853
108.26,-137.04,29.909,-1.2938,-1.5667,0.0058408,0.00014489,7.1607,0.56434,-1.7402,3.1964,-3.5202,0,0.495,0.31014,0.11656
118.85,-143.75,29.946,-1.2953,-1.4961,0.005763,0.0001125,5.9342,0.42149,1.0333,2.1577,-3.0835,0,0.495,0.31808,0.11658
194.53,-223.91,29.9,-1.1745,-1.7347,0.0058739,0.00012097,7.8878,-0.16412,5.42,3.2811,-3.9578,0,0.495,0.29423,0.1244
184.6,-214.65,29.93,-1.1314,-1.7223,0.0058184,0.00010171,6.9904,-0.61476,5.8521,2.7199,-4.2814,0,0.495,0.29425,0.12847
65.229,-79.428,29.995,-1.2392,-0.92697,0.0056215,9.9748e-05,3.1841,-0.28314,2.269,2.6816,-2.4696,0,0.495,0.35777,0.10863
38.485,-49.383,30.03,-1.2158,-0.8798,0.0055904,0.00012063,2.4869,-0.61169,-0.94374,3.1074,-2.0458,0,0.495,0.36571,0.10864
67.557,-81.804,29.975,-1.2634,-0.91428,0.0056351,0.00010148,3.4495,-0.0024,1.7961,2.2681,-2.3553,0,0.495,0.35777,0.10463
42.326,-54.603,30.01,-1.2379,-0.86785,0.0056005,0.00011576,2.6951,-0.35313,-1.3541,2.4416,-2.2545,0,0.495,0.36571,0.10464
106.91,-115.02,29.984,-1.2388,-1.0231,0.0056422,8.5343e-05,3.7025,-0.25982,5.0486,2.5974,-0.93989,0,0.495,0.34984,0.11262
65.048,-80.573,30.017,-1.2158,-0.9381,0.0056103,9.7469e-05,2.9772,-0.56075,2.2812,2.9769,-2.6219,0,0.495,0.35777,0.11262
103.24,-110.31,29.963,-1.2655,-1.0102,0.0056575,9.065e-05,3.9776,0.041112,5.3898,2.2808,-0.97782,0,0.495,0.34984,0.10862
102.62,-110.22,29.943,-1.2916,-0.99578,0.0056759,9.6989e-05,4.3242,0.34688,5.2647,1.9502,-1.0029,0,0.495,0.34984,0.10461
35.579,-46.05,30.052,-1.1957,-0.88974,0.0055819,0.00012445,2.3244,-0.86844,-0.93599,3.5623,-1.8674,0,0.495,0.36571,0.11263
46.483,-60.603,29.993,-1.2629,-0.8542,0.0056117,0.00011164,2.9296,-0.090559,-1.5899,1.8228,-2.4728,0,0.495,0.36572,0.10061
49.584,-62.411,30.027,-1.2311,-0.8257,0.0055842,0.00010831,2.407,-0.45425,-0.39513,0.78599,-2.2639,0,0.495,0.37368,0.10055
43.338,-53.622,30.04,-1.2095,-0.84293,0.0055752,0.00011609,2.2077,-0.70044,-0.4459,1.2518,-1.9439,0,0.495,0.37366,0.10461
73.475,-82.471,30.058,-1.1885,-0.77416,0.0055689,9.1893e-05,2.1849,-0.79585,4.6047,0.065844,-2.0831,0,0.495,0.38166,0.10034
68.429,-76.149,30.068,-1.1707,-0.79548,0.0055615,9.611e-05,2.0223,-1.0251,4.6124,0.060325,-2.1376,0,0.495,0.38164,0.10444
70.272,-85.324,29.956,-1.29,-0.9006,0.0056504,0.00010399,3.7527,0.28454,1.2716,1.8958,-2.3025,0,0.495,0.35777,0.1006
103.79,-112.81,29.925,-1.3191,-0.98043,0.0056974,0.00010527,4.7278,0.66185,4.833,1.7483,-1.0269,0,0.495,0.34984,0.1005
37.16,-44.706,30.055,-1.1911,-0.85808,0.0055668,0.00012627,2.0238,-0.94422,-0.27655,1.8634,-1.4543,0,0.495,0.37365,0.10863
53.716,-56.443,30.091,-1.1439,-0.83456,0.0055474,0.00011126,1.7095,-1.4808,4.8099,0.40657,-1.4853,0,0.495,0.38159,0.11257
60.302,-65.607,30.079,-1.1558,-0.81584,0.0055541,0.00010333,1.8572,-1.2537,4.9273,0.24253,-1.9301,0,0.495,0.38161,0.10852
32.079,-37.344,30.072,-1.1752,-0.87085,0.0055596,0.00013656,1.8733,-1.1868,-0.55536,2.3175,-0.86391,0,0.495,0.37365,0.11263
170.17,-174.18,29.999,-1.257,-1.2632,0.005693,8.1502e-05,4.8328,0.019253,6.691,2.949,0.53281,0,0.495,0.33396,0.11659
168.56,-174.79,30.024,-1.22,-1.2727,0.0056716,7.5235e-05,4.4227,-0.32014,6.2932,2.6746,0.35134,0,0.495,0.33396,0.12059
153.12,-153.75,29.998,-1.2319,-1.1417,0.0056616,7.8464e-05,4.1829,-0.25734,5.7872,2.9664,1.3166,0,0.495,0.3419,0.1166
158.96,-161.17,30.023,-1.1958,-1.1515,0.0056465,7.3512e-05,3.9038,-0.57289,5.218,2.9841,1.3778,0,0.495,0.3419,0.12059
145.81,-144.91,29.974,-1.2649,-1.1303,0.0056787,8.4966e-05,4.4839,0.061929,6.5894,2.7577,1.1811,0,0.495,0.3419,0.11261
114.21,-124.14,30.006,-1.2091,-1.034,0.0056298,8.049e-05,3.4909,-0.55733,4.3391,2.8439,-0.92954,0,0.495,0.34984,0.11661
168.41,-169.84,29.973,-1.2923,-1.2524,0.0057167,9.0218e-05,5.2605,0.3632,7.3936,3.0232,0.60163,0,0.495,0.33396,0.1126
123.5,-135.01,30.028,-1.1755,-1.0427,0.0056194,7.6141e-05,3.3117,-0.85139,3.6377,2.9155,-0.88053,0,0.495,0.34984,0.1206
161.88,-169.34,30.047,-1.1826,-1.282,0.005651,7.1252e-05,4.0002,-0.65616,6.3438,2.2524,0.045018,0,0.495,0.33396,0.12458
131.89,-148.63,30.026,-1.2059,-1.4063,0.0056658,7.8526e-05,4.2145,-0.4863,4.7413,1.4355,-2.1912,0,0.495,0.32603,0.12457
145.13,-162.13,30.004,-1.2426,-1.3993,0.0056917,8.2415e-05,4.7527,-0.1244,4.8613,1.9473,-2.0277,0,0.495,0.32603,0.12058
115.49,-130.93,30.045,-1.1715,-1.4133,0.0056418,7.841e-05,3.6973,-0.84151,4.8397,0.81333,-2.3698,0,0.495,0.32603,0.12856
148.5,-156.01,30.068,-1.147,-1.2915,0.005631,7.0001e-05,3.5655,-0.98764,6.9214,1.649,-0.39521,0,0.495,0.33397,0.12857
154.78,-171.15,29.981,-1.2803,-1.3917,0.0057199,8.9762e-05,5.3034,0.24227,5.2561,2.3591,-1.8672,0,0.495,0.32602,0.11659
161.3,-175.77,29.955,-1.3178,-1.3828,0.0057519,0.0001009,5.887,0.61553,5.932,2.61,-1.7373,0,0.495,0.32602,0.11259
160.16,-162.92,30.047,-1.1578,-1.1606,0.0056317,7.0275e-05,3.6083,-0.88549,5.2201,2.8645,1.3057,0,0.495,0.3419,0.12459
130.49,-140.55,30.073,-1.1007,-1.0563,0.0055986,7.2117e-05,2.9031,-1.4302,4.1255,2.8584,-0.88138,0,0.495,0.34984,0.12858
130.67,-142.31,30.051,-1.1385,-1.0499,0.0056093,7.3043e-05,3.1243,-1.1426,3.431,2.9005,-0.87036,0,0.495,0.34984,0.12459
153.01,-154.8,30.071,-1.1207,-1.1697,0.0056164,6.9374e-05,3.2824,-1.1942,6.0234,2.593,1.0782,0,0.495,0.3419,0.12858
34.72,-45.625,30.075,-1.1745,-0.89721,0.0055755,0.00012495,2.2154,-1.1232,-1.6753,3.8005,-1.7123,0,0.495,0.36571,0.11662
68.759,-86.248,30.039,-1.1903,-0.94699,0.0056015,9.3777e-05,2.8315,-0.83589,1.7062,3.1294,-2.7879,0,0.495,0.35778,0.11661
36.552,-48.041,30.098,-1.1492,-0.90182,0.0055708,0.00012113,2.1486,-1.3761,-2.9955,3.7826,-1.5452,0,0.495,0.36571,0.12061
76.548,-95.738,30.062,-1.1606,-0.95335,0.0055945,8.8913e-05,2.7253,-1.1085,0.84251,3.0561,-2.8837,0,0.495,0.35778,0.12061
25.727,-28.826,30.111,-1.1386,-0.88846,0.0055501,0.00014455,1.7038,-1.6661,-3.7857,2.8371,0.43656,0,0.495,0.37365,0.12062
23.44,-25.603,30.131,-1.1111,-0.89284,0.0055471,0.00013963,1.6617,-1.9026,-6.1124,3.0038,0.87472,0,0.495,0.37365,0.12461
39.746,-51.124,30.121,-1.118,-0.90393,0.0055668,0.0001154,2.0931,-1.6275,-4.3382,3.6545,-1.535,0,0.495,0.36572,0.1246
47.596,-52.828,30.147,-1.0648,-0.8874,0.0055321,0.00011606,1.436,-2.3717,-3.7099,1.6109,0.798,0,0.495,0.38159,0.1286
48.112,-53.438,30.131,-1.0955,-0.87853,0.0055348,0.00011797,1.479,-2.152,-1.2501,1.2829,0.30894,0,0.495,0.38159,0.12461
20.689,-21.432,30.152,-1.077,-0.89512,0.005544,0.00013681,1.6101,-2.1375,-7.7576,3.0435,1.1868,0,0.495,0.37365,0.1286
47.136,-51,30.116,-1.1177,-0.86674,0.0055379,0.00012064,1.5239,-1.9306,1.6172,0.86441,-0.239,0,0.495,0.38159,0.1206
41.601,-52.436,30.143,-1.082,-0.90447,0.0055624,0.00011242,2.0151,-1.8774,-4.9689,3.4859,-1.5798,0,0.495,0.36572,0.1286
28.188,-32.424,30.091,-1.159,-0.88115,0.0055541,0.00014374,1.7675,-1.4276,-1.7334,2.64,-0.22804,0,0.495,0.37365,0.11662
49.32,-51.899,30.103,-1.1324,-0.85181,0.005542,0.00011787,1.5971,-1.7072,3.7818,0.59149,-0.91719,0,0.495,0.38159,0.11659
84.858,-104.44,30.084,-1.1262,-0.95756,0.0055881,8.4637e-05,2.6202,-1.3792,0.22398,2.8935,-3.0108,0,0.495,0.35778,0.1246
88.508,-107.51,30.105,-1.089,-0.96055,0.005581,8.277e-05,2.4838,-1.6475,0.42565,2.7631,-3.0991,0,0.495,0.35778,0.12859
60.857,-63.501,30.172,-1.0262,-0.69456,0.0055285,9.7837e-05,1.3937,-2.4562,7.0847,1.2015,-1.6926,0,0.495,0.39752,0.1201
65.581,-70.299,30.14,-1.0782,-0.78895,0.0055325,9.3077e-05,1.4754,-2.1711,7.0291,0.35006,-1.9097,0,0.495,0.38954,0.12046
66.182,-73.329,30.177,-1.0243,-0.72885,0.0055262,9.4112e-05,1.3658,-2.5847,6.1026,1.3193,-2.0922,0,0.495,0.39751,0.12414
70.748,-80.389,30.15,-1.0622,-0.80721,0.0055293,9.127e-05,1.4284,-2.3766,4.6834,0.71666,-1.7064,0,0.495,0.38954,0.12451
76.778,-90.588,30.162,-1.0374,-0.8226,0.0055268,8.8241e-05,1.3974,-2.5823,2.2162,1.1422,-1.4007,0,0.495,0.38954,0.12853
70.836,-82.753,30.193,-0.99592,-0.73123,0.0055231,9.1989e-05,1.3211,-2.8367,4.0706,1.6616,-1.7569,0,0.495,0.39752,0.12822
64.059,-65.125,30.158,-1.0443,-0.68662,0.0055333,9.4967e-05,1.4866,-2.1973,7.8378,1.1817,-1.9061,0,0.495,0.39751,0.11608
67.029,-68.43,30.131,-1.0883,-0.76806,0.0055366,9.1974e-05,1.5517,-1.9644,8.2133,0.24595,-2.1193,0,0.495,0.38954,0.11638
69.716,-71.092,30.122,-1.0983,-0.74645,0.0055418,9.0377e-05,1.6577,-1.7558,8.3264,0.29712,-2.1921,0,0.495,0.38955,0.1123
62.925,-65.312,30.152,-1.0459,-0.6522,0.0055368,9.7353e-05,1.5517,-2.0752,6.7338,1.4517,-1.4109,0,0.495,0.39752,0.11206
-7650.4,18900,3.5594,1.5717,2.8244,23.027,0.028095,799.6,-67.014,-370.16,-12.223,-33.608,0,0.495,0.039289,0.14011
-8430.6,21878,3.9515,1.8622,0.50502,23.159,0.028144,823.46,-68.454,-369.12,-0.86773,-101.05,0,0.495,0.047213,0.14013
-10286,19679,3.5606,1.2725,3.0775,23.324,0.028852,785.55,-68.913,-372.61,-17.661,-27.012,0,0.495,0.039298,0.13611
-14312,22828,3.8903,1.5246,0.74064,23.488,0.029153,805.8,-70.369,-373.64,-8.4924,-91.068,0,0.495,0.047221,0.13612
1052.1,14113,3.5985,1.5082,4.9096,22.072,0.025199,842.35,-62.982,-358.92,-13.599,10.637,0,0.495,0.031357,0.14411
-4862.8,18000,3.5861,1.8677,2.5552,22.655,0.027213,816.74,-64.779,-366.85,-6.47,-40.949,0,0.495,0.039281,0.14412
1063.8,14801,3.6168,1.2589,5.1941,22.393,0.025854,825.11,-65.165,-360.08,-17.684,15.683,0,0.495,0.031366,0.1401
1173.1,15399,3.6581,1.0096,5.4569,22.646,0.026454,810.73,-67.016,-360.6,-21.515,20.279,0,0.495,0.031375,0.1361
-5416.1,20814,4.0492,2.1937,0.2601,22.759,0.026969,845.06,-66.205,-363.58,7.4436,-112.67,0,0.495,0.047205,0.14413
-19049,23654,3.866,1.1814,0.96548,23.755,0.030004,791.65,-71.902,-376.99,-16.148,-82.263,0,0.495,0.04723,0.13212
-13877,25064,4.6915,1.4032,-1.3062,24.005,0.028007,859.5,-70.908,-364.85,-0.20268,-168.33,0,0.495,0.055175,0.13213
-9549.6,24024,4.7962,1.7741,-1.5082,23.741,0.027045,880.01,-69.338,-358.97,10.816,-180.87,0,0.495,0.055166,0.13614
-7728.7,24408,6.3379,1.5855,-3.3657,24.84,0.025279,974.68,-69.411,-328.08,22.461,-275.4,0,0.495,0.063222,0.13212
-7153,23419,6.5594,1.9685,-3.5259,24.622,0.024181,1002.9,-67.847,-319.19,38.308,-292.38,0,0.495,0.063217,0.13613
-11318,20293,3.5912,0.9706,3.3134,23.558,0.029498,774.35,-70.431,-373.96,-23.493,-21.115,0,0.495,0.039307,0.13211
1241.8,15843,3.7236,0.76055,5.6967,22.843,0.026999,799.02,-68.49,-360.26,-25.808,24.311,0,0.495,0.031384,0.1321
-5385.4,22879,4.9504,2.1371,-1.7126,23.434,0.02595,905.11,-67.395,-351.62,22.815,-195.31,0,0.495,0.055158,0.14014
-3157.3,21000,7.2147,2.7035,-3.8133,24.137,0.021643,1075.8,-63.667,-295.26,77.373,-332.51,0,0.495,0.063188,0.14413
-6214.9,22316,6.8494,2.3416,-3.6762,24.387,0.022995,1036.4,-65.91,-308.32,56.47,-311.22,0,0.495,0.063208,0.14013
-2334.7,21569,5.1571,2.4917,-1.9171,23.081,0.024579,935.51,-65.118,-342.7,36.707,-212.41,0,0.495,0.055148,0.14414
-1019.8,9372.1,3.8859,1.3388,6.9422,20.183,0.020846,961.24,-57.945,-345.37,-15.766,45.505,0,0.495,0.023422,0.1481
201.02,4893.4,4.4392,0.91925,9.2828,17.192,0.014418,1256.1,-56.105,-336.65,-23.136,100.38,0,0.495,0.015495,0.14809
-839.46,8698.4,3.8729,1.5418,6.6045,19.759,0.020022,988.66,-55.153,-345.13,-12.866,41.255,0,0.495,0.023413,0.1521
850.94,4051,4.401,1.0615,8.942,16.826,0.013728,1290.4,-53.311,-337.5,-20.904,97.737,0,0.495,0.015486,0.1521
-1106,9939.9,3.9174,1.1396,7.2557,20.533,0.021598,937.16,-60.443,-344.89,-18.22,49.311,0,0.495,0.023431,0.1441
1088.5,13429,3.6041,1.7579,4.6051,21.673,0.024507,862.67,-60.472,-357.31,-9.9736,5.0482,0,0.495,0.031348,0.14811
-290.55,5573.6,4.4925,0.78077,9.5938,17.505,0.01506,1224.7,-58.572,-335.17,-24.744,102.54,0,0.495,0.015505,0.14409
1192,12722,3.6322,2.0092,4.2826,21.185,0.023693,886.26,-57.665,-355.13,-6.0427,-1.2193,0,0.495,0.031339,0.15211
1646.3,2977.1,4.3799,1.2071,8.5713,16.403,0.012993,1327.7,-50.188,-337.44,-18.986,94.566,0,0.495,0.015477,0.1561
-27534,1163.1,5.4408,0.66618,10.98,11.777,0.0050616,2550.3,-48.776,555.71,-20.011,1693.5,0,0.495,0.0075484,0.15609
-25908,1693.1,5.4825,0.58883,11.354,12.021,0.005314,2539.1,-51.892,579.99,-20.853,1690.2,0,0.495,0.0075576,0.15209
-28952,521.85,5.4108,0.74566,10.571,11.505,0.0048017,2561.3,-45.345,529.43,-18.428,1695.7,0,0.495,0.0075398,0.1601
-65259,2434.3,6.135,0.43819,11.804,8.8862,0.00077567,3522,-44.494,1394.7,3.7787,3267.3,0,0.495,0,0.16009
-61032,2263,6.1777,0.39407,12.217,9.0109,0.00078351,3542.8,-47.875,1447.6,3.1807,3259.2,0,0.495,0,0.15609
2596.3,1689.3,4.3754,1.3551,8.1709,15.916,0.012217,1367.9,-46.769,-336.31,-16.364,90.946,0,0.495,0.015468,0.1601
-56548,2065.2,6.2291,0.3514,12.591,9.1253,0.00079101,3561.1,-50.939,1495.7,3.2194,3249.4,0,0.495,0,0.15209
-579.6,7800.1,3.8799,1.7482,6.2436,19.25,0.019057,1019.6,-52.052,-343.69,-10.25,36.544,0,0.495,0.023404,0.1561
1550.8,10707,3.7603,2.5143,3.5883,19.887,0.021095,944.75,-51.164,-347.14,2.6415,-16.706,0,0.495,0.031322,0.16011
1332.2,11848,3.6841,2.2622,3.9435,20.593,0.022568,913.47,-54.551,-351.85,-2.1517,-8.415,0,0.495,0.03133,0.15611
-209.17,6637.5,3.9063,1.9557,5.8599,18.644,0.017867,1054.4,-48.67,-340.86,-6.9562,31.452,0,0.495,0.023396,0.16011
-24293,1946.4,5.5367,0.51383,11.694,12.24,0.0055574,2528,-54.656,602.21,-22.157,1685.7,0,0.495,0.0075669,0.14809
-47809,931.48,6.3586,0.27028,13.231,9.3277,0.00080552,3591.6,-55.982,1577.6,2.8176,3224.8,0,0.495,0,0.14408
-52256,1524.6,6.2901,0.31018,12.929,9.2305,0.0007983,3577.3,-53.643,1539.1,2.7123,3237.9,0,0.495,0,0.14809
-22505,2095.4,5.6012,0.4411,11.999,12.435,0.0057906,2517.2,-57.06,622.28,-22.778,1680.2,0,0.495,0.0075764,0.14409
-4384.7,19765,4.1876,2.5189,0.0076688,22.284,0.025627,871.25,-63.604,-357.08,16.724,-126.27,0,0.495,0.047196,0.14813
-3886.5,17107,3.6425,2.1603,2.2714,22.196,0.026215,837.27,-62.203,-362.96,-0.79155,-49.226,0,0.495,0.039272,0.14812
-3973.1,18696,4.371,2.8391,-0.25047,21.733,0.024129,902.99,-60.714,-349.55,27.735,-142.67,0,0.495,0.047187,0.15213
-3586,16216,3.7284,2.4513,1.975,21.641,0.025038,861.65,-59.316,-358.54,5.6043,-58.865,0,0.495,0.039263,0.15212
1269.1,18773,5.7655,3.172,-2.3124,22.268,0.021412,1016.2,-59.615,-319.51,72.588,-255.85,0,0.495,0.055118,0.15214
2841.1,17245,6.1928,3.4962,-2.4955,21.844,0.019761,1069.1,-56.47,-304.41,96.386,-282.84,0,0.495,0.055108,0.15614
-3617.2,17631,4.6082,3.1546,-0.51128,21.117,0.022497,941.58,-57.529,-340.49,41.232,-162.35,0,0.495,0.047179,0.15613
5514.6,14548,9.6703,3.9867,-4.1292,23.142,0.016441,1302.8,-52.134,-218.2,195.86,-436.1,0,0.495,0.063078,0.16015
3118.6,16342,8.8784,3.6967,-4.0973,23.375,0.017565,1235,-55.312,-241.36,159.97,-407.93,0,0.495,0.063086,0.15615
4888.3,15557,6.7237,3.8068,-2.6592,21.445,0.018157,1132.1,-53.142,-286.25,125.53,-314.16,0,0.495,0.0551,0.16014
987.3,18016,8.2154,3.3841,-4.0289,23.621,0.018855,1174.6,-58.33,-261.91,128.54,-381.19,0,0.495,0.063104,0.15215
-961.67,16385,4.9092,3.4647,-0.77035,20.454,0.020758,988.83,-54.138,-329.05,58.38,-186.41,0,0.495,0.047171,0.16013
240.99,20227,5.4253,2.8366,-2.118,22.687,0.023021,972.14,-62.491,-332.1,53.188,-232.36,0,0.495,0.055132,0.14814
-371.92,19591,7.6659,3.0516,-3.9322,23.878,0.020202,1121.6,-61.102,-279.86,101.56,-355.77,0,0.495,0.063146,0.14814
-3331.3,15260,3.8479,2.741,1.6675,20.983,0.023572,890.65,-56.122,-353.17,12.841,-70.432,0,0.495,0.039255,0.15612
-914.43,14069,4.0044,3.0284,1.3505,20.218,0.021871,925.44,-52.686,-346.19,21.954,-84.582,0,0.495,0.039247,0.16012
-3413.6,1361.7,23.494,1.7843,-6.0883,16.365,0.014372,1129.7,-40.159,1.3226,172.78,-377.21,0,0.495,0.10293,0.1402
-5265.4,-738.13,26.069,1.478,-5.5921,10.681,0.011116,943.9,-34.674,22.009,148.58,-293.73,0,0.495,0.11085,0.14021
-3324.3,1963.6,22.831,1.5693,-6.2528,17.745,0.015434,1142.6,-41.426,-5.331,163.4,-385.11,0,0.495,0.10293,0.1362
-5294.8,-179.12,25.492,1.2994,-5.767,12.07,0.01216,978.51,-35.779,18.585,146.99,-308.74,0,0.495,0.11086,0.13622
3554.3,3367.7,21.058,2.3115,-6.2597,20.348,0.016168,1254.1,-43.511,-27.345,191.99,-438.12,0,0.495,0.094999,0.14418
-4393.9,716.34,24.184,1.9818,-5.8891,14.86,0.013269,1108.5,-38.728,7.8237,179.96,-365.65,0,0.495,0.10293,0.1442
3450.4,4129.4,20.313,2.0749,-6.4321,21.63,0.017225,1252.6,-45.199,-37.462,176.94,-441.35,0,0.495,0.095002,0.14018
2087.3,4802.2,19.625,1.8188,-6.5656,22.744,0.018227,1245.6,-46.69,-47.132,160.73,-441.56,0,0.495,0.095004,0.13618
-5067.3,-1268.8,26.642,1.6416,-5.3896,9.2599,0.010066,899.73,-33.447,24.832,147.53,-275.19,0,0.495,0.11085,0.14421
-4439.4,273.01,24.919,1.108,-5.912,13.403,0.013189,1004.6,-36.741,14.74,144.15,-319.98,0,0.495,0.11086,0.13222
-3277.7,-767.03,27.066,0.86694,-5.3659,8.0995,0.0097511,810.53,-32.851,25.354,121.12,-238.99,0,0.495,0.11878,0.13223
-2822.1,-1129.3,27.529,1.0284,-5.2237,6.954,0.0088231,765.21,-32.071,26.471,117.11,-222.09,0,0.495,0.11878,0.13623
-1582.7,-1143.8,28.532,0.64884,-4.8513,4.0433,0.0066173,584.31,-28.461,23.293,86.476,-155.82,0,0.495,0.12671,0.13225
-1224.3,-1406.2,28.849,0.78772,-4.7254,3.2816,0.0058959,528.65,-27.868,22.64,78.772,-137.34,0,0.495,0.12671,0.13625
-2278.4,2433.6,22.201,1.3394,-6.3816,18.992,0.016453,1148.8,-42.485,-11.937,153.54,-389.27,0,0.495,0.10293,0.1322
953.06,5332.7,18.994,1.5466,-6.6602,23.701,0.019173,1234.6,-47.914,-56.158,144.93,-438.82,0,0.495,0.095006,0.13219
-2383.1,-1546.2,27.97,1.1801,-5.0598,5.8413,0.0079163,712.2,-31.194,26.947,111.72,-202.58,0,0.495,0.11878,0.14023
-550.06,-1862.1,29.379,1.0413,-4.4318,1.9995,0.004579,408.62,-26.523,20.005,61.412,-99.059,0,0.495,0.12671,0.14424
-869.56,-1685.2,29.132,0.91887,-4.5847,2.5967,0.0052147,469.51,-27.225,21.566,70.521,-118.18,0,0.495,0.12671,0.14025
-1965.6,-1871.8,28.382,1.3205,-4.8767,4.786,0.0070401,651.81,-30.219,26.705,104.16,-180.98,0,0.495,0.11878,0.14423
4039.4,11205,14.517,3.0428,-5.9708,25.479,0.018599,1345.8,-52.854,-130.53,190.06,-490.78,0,0.495,0.079142,0.14815
5988.2,9886.6,15.369,3.3131,-5.846,24.794,0.017779,1380.7,-50.36,-112.72,216.61,-499.5,0,0.495,0.079139,0.15215
5236.8,6908.1,18.307,2.8217,-6.1912,23.31,0.017373,1340.7,-47.356,-65.63,211.07,-480.68,0,0.495,0.08707,0.14816
6541,5822.1,19.194,3.0516,-5.9891,22.088,0.016296,1353.3,-45.132,-51.165,231.81,-479.31,0,0.495,0.087068,0.15216
3693.5,7928.6,17.497,2.5665,-6.3519,24.34,0.018392,1323,-49.415,-79.624,189.48,-478.94,0,0.495,0.087073,0.14417
3169.3,2423.5,21.853,2.5263,-6.0486,18.895,0.015057,1248.7,-41.615,-17.046,206.43,-430.79,0,0.495,0.094997,0.14818
2017.1,12437,13.762,2.7485,-6.0545,26.029,0.019394,1310.2,-55.151,-147.24,164.15,-480.35,0,0.495,0.079145,0.14415
2444.9,1450.2,22.694,2.7164,-5.7997,17.267,0.013894,1234.3,-39.577,-6.8888,218.36,-419.23,0,0.495,0.094995,0.15218
8926.2,8363.9,16.319,3.556,-5.6772,23.94,0.016858,1413.3,-47.618,-93.905,244.75,-505.09,0,0.495,0.079136,0.15615
8236.3,12662,12.419,3.705,-5.1538,24.621,0.017296,1367.3,-51.563,-165.3,218.79,-484.92,0,0.495,0.071176,0.15614
5556.3,14264,11.564,3.4238,-5.2154,24.993,0.018129,1314.7,-54.41,-186.92,186.8,-467.48,0,0.495,0.071182,0.15214
10548,11031,13.397,3.9574,-5.0468,24.149,0.016496,1421.4,-48.585,-142.12,252.66,-500.85,0,0.495,0.071173,0.16013
10920,6797.9,17.371,3.7676,-5.4621,22.872,0.01585,1441.2,-44.738,-74.411,272.43,-507.26,0,0.495,0.079133,0.16015
3569.5,15733,10.823,3.1176,-5.2372,25.299,0.018939,1264.9,-57.01,-206.63,157.97,-448.72,0,0.495,0.071192,0.14814
1603.1,17090,10.187,2.7901,-5.2234,25.559,0.019831,1218.8,-59.426,-224.36,130.72,-429.9,0,0.495,0.071204,0.14414
7764.6,4527,20.154,3.2536,-5.7449,20.654,0.015162,1358.5,-42.715,-36.497,252.05,-473.27,0,0.495,0.087066,0.15616
2320.2,283.29,23.57,2.8803,-5.5148,15.475,0.012686,1208.4,-37.408,2.8036,227.92,-402.12,0,0.495,0.094993,0.15617
2428.3,3222,21.182,3.4246,-5.4587,18.989,0.013969,1353.4,-40.199,-22.033,269.31,-462.34,0,0.495,0.087063,0.16016
-4714.5,-1891.1,27.203,1.7893,-5.1628,7.8393,0.009023,845.27,-32.135,26.853,144.13,-252.83,0,0.495,0.11085,0.14821
-5805.3,-73.887,24.895,2.1599,-5.657,13.248,0.012134,1077.5,-37.147,13.909,185.21,-349.58,0,0.495,0.10292,0.14819
-4274,-2382.9,27.741,1.9198,-4.9155,6.4554,0.0079989,780.2,-30.758,27.866,137.28,-227.42,0,0.495,0.11085,0.15221
-7164.9,-818.19,25.615,2.3166,-5.3946,11.555,0.010976,1034.9,-35.453,19.266,186.75,-329.21,0,0.495,0.10292,0.15219
-1200,-2418.5,29.095,1.5648,-4.4681,2.9429,0.005415,513.24,-28.116,23.933,84.427,-133.57,0,0.495,0.11878,0.15222
-800.67,-2609.8,29.386,1.668,-4.2507,2.1921,0.0046776,438.88,-27.04,21.483,72.897,-109.47,0,0.495,0.11877,0.15622
-3650.2,-2910.5,28.242,2.033,-4.6528,5.1492,0.007008,705.11,-29.371,27.747,127.61,-199.13,0,0.495,0.11085,0.1562
661.91,-2131.2,29.9,1.3528,-3.9276,0.75508,0.0029415,234.46,-24.308,13.382,35.445,-47.585,0,0.495,0.1267,0.15623
271.01,-2091,29.761,1.2587,-4.1005,1.0818,0.0034462,289.17,-25.051,15.743,43.537,-63.157,0,0.495,0.1267,0.15223
-1588,-2223.7,28.759,1.449,-4.6782,3.813,0.0062042,584.99,-29.194,25.701,95.141,-157.59,0,0.495,0.11878,0.14822
-119.31,-2036.9,29.588,1.1547,-4.2695,1.495,0.0039906,347.88,-25.801,18.003,52.402,-80.396,0,0.495,0.1267,0.14824
-7076.1,-1672.9,26.329,2.451,-5.106,9.8197,0.0098101,979.22,-33.688,23.609,184.85,-303.87,0,0.495,0.10292,0.15619
173.66,-200.8,30.492,0.94403,-0.11614,0.0060717,8.096e-05,7.2607,-9.5231,-3.726,0.32942,-0.97296,0,0.495,0.079047,0.29647
305.99,-351.36,30.479,1.0998,-0.13343,0.0062308,5.2803e-05,9.2068,-9.4454,1.5791,0.30634,-1.5104,0,0.495,0.07905,0.28848
300.98,-343.91,30.447,0.86924,0.23689,0.0064322,5.4334e-05,11.522,-8.5908,-9.1672,1.2693,0.11758,0,0.495,0.063185,0.29645
433.48,-484.13,30.418,1.0151,0.27209,0.0066268,4.5703e-05,13.041,-8.4031,-7.6663,2.068,-0.49679,0,0.495,0.063189,0.28845
152.64,-177.06,30.518,1.0629,-0.28471,0.0061375,6.583e-05,7.9517,-10.207,11.604,0.57755,-0.57974,0,0.495,0.094909,0.2885
76.458,-92.762,30.526,0.90879,-0.24328,0.0059944,0.00010849,6.1974,-10.158,4.2109,0.60889,-0.44962,0,0.495,0.094906,0.2965
77.207,-101.83,30.543,0.76186,-0.76287,0.0056511,9.1263e-05,2.3371,-11.301,-2.7386,0.37159,0.43521,0,0.495,0.14253,0.29664
127.97,-161.48,30.54,0.83961,-0.83223,0.0056978,7.1306e-05,2.9904,-11.434,1.3686,-0.66338,0.34449,0,0.495,0.14253,0.28865
110.37,-135.69,30.547,0.82744,-0.53686,0.005831,8.1854e-05,4.3515,-10.975,-5.374,0.46439,0.7969,0,0.495,0.12663,0.29655
206.68,-242.92,30.545,0.9345,-0.59367,0.0059163,5.8629e-05,5.5386,-11.129,-0.37339,-0.18786,0.56056,0,0.495,0.12663,0.28856
51.019,-73.776,30.544,0.73237,-0.88392,0.0056506,9.6432e-05,2.4058,-11.501,7.4023,-0.15895,-0.99481,0,0.495,0.15861,0.28832
35.281,-52.107,30.548,0.66934,-0.81898,0.0056164,0.00011913,1.9215,-11.382,2.394,0.98287,-0.7351,0,0.495,0.15861,0.2963
37.926,-52.937,30.539,0.40605,-0.97535,0.0055129,0.00011789,0.85312,-10.869,-1.1989,0.49383,0.7112,0,0.495,0.20642,0.29673
49.943,-69.016,30.534,0.426,-1.0449,0.0055237,0.00010291,1.0121,-10.929,0.02936,-0.56124,0.87331,0,0.495,0.20642,0.28874
44.984,-59.684,30.566,0.49845,-0.87245,0.0055594,0.00011135,1.3415,-10.971,-2.9684,0.053652,0.73136,0,0.495,0.19055,0.2967
69.957,-91.593,30.567,0.53461,-0.94558,0.0055813,8.9082e-05,1.6647,-11.093,-0.31365,-0.91607,0.67954,0,0.495,0.19055,0.28871
24.215,-39.324,30.528,0.33379,-1.0311,0.0055156,0.00013328,0.90627,-10.685,3.4924,-0.29777,-1.1644,0,0.495,0.22229,0.28877
22.61,-36.34,30.535,0.32592,-0.97485,0.0055069,0.00014103,0.78077,-10.684,1.4219,0.89478,-0.92709,0,0.495,0.22229,0.29676
18.399,-28.398,30.512,0.1058,-0.92244,0.0054858,0.00016094,0.55912,-9.7042,-0.085504,0.4689,0.7777,0,0.495,0.27016,0.29682
27.125,-37.795,30.503,0.095419,-0.97741,0.0054894,0.00013697,0.61795,-9.6631,-0.85143,-0.12339,1.0926,0,0.495,0.27021,0.28876
24.54,-34.204,30.544,0.18657,-0.90224,0.0054954,0.00014246,0.66398,-9.88,-0.18768,-0.27103,0.82521,0,0.495,0.2542,0.29686
30.537,-41.972,30.544,0.18615,-0.96414,0.0055016,0.00012781,0.75691,-9.8906,0.0098597,-0.96833,1.0068,0,0.495,0.25422,0.28879
15.979,-26.567,30.497,0.035861,-0.94292,0.0054885,0.00016453,0.59972,-9.4271,0.31488,-0.018632,-0.95946,0,0.495,0.28617,0.28874
12.741,-22.514,30.507,0.056718,-0.90395,0.0054851,0.00017915,0.54669,-9.52,0.35053,0.72591,-0.81483,0,0.495,0.28614,0.29676
11.088,-17.374,30.482,-0.088228,-0.77784,0.0054779,0.00021045,0.46234,-8.7426,0.12163,0.51997,0.58935,0,0.495,0.33395,0.29674
18.851,-26.327,30.471,-0.11275,-0.81932,0.0054799,0.00016206,0.49682,-8.6571,-1.5683,0.18845,0.81222,0,0.495,0.33395,0.28876
15.667,-21.464,30.511,-0.028484,-0.79695,0.0054814,0.00018049,0.50532,-8.866,0.93306,-0.13217,0.87378,0,0.495,0.31806,0.29673
19.431,-26.689,30.506,-0.046489,-0.84308,0.0054841,0.00016144,0.54827,-8.8034,-0.48712,-0.48054,1.1187,0,0.495,0.31807,0.28874
12.083,-19.888,30.473,-0.15087,-0.78373,0.0054798,0.00018642,0.49084,-8.5108,-1.5971,0.061468,-0.90621,0,0.495,0.34983,0.28877
7.4409,-14.025,30.483,-0.11758,-0.75748,0.0054778,0.00022852,0.45782,-8.6233,-0.58654,0.51736,-0.77213,0,0.495,0.34982,0.29676
7.7444,-11.834,30.468,-0.20084,-0.61079,0.0054727,0.00026523,0.39831,-8.164,0.39453,0.40419,0.37006,0,0.495,0.39748,0.2968
14.12,-19.933,30.459,-0.22983,-0.64172,0.005474,0.00018541,0.42039,-8.0857,-1.3979,0.19225,0.45784,0,0.495,0.39748,0.28881
10.202,-13.932,30.488,-0.16008,-0.65259,0.0054752,0.00022702,0.4284,-8.2325,1.6218,-0.030208,0.68711,0,0.495,0.3816,0.29678
14.381,-19.876,30.483,-0.18441,-0.68458,0.0054768,0.00018806,0.45456,-8.1554,-0.52618,-0.18566,0.89902,0,0.495,0.3816,0.2888
9.7922,-15.294,30.465,-0.25536,-0.60518,0.005474,0.00020851,0.41676,-7.9981,-2.2063,-0.076699,-0.69334,0,0.495,0.41335,0.28883
4.8359,-9.0016,30.472,-0.219,-0.58599,0.0054726,0.00029827,0.39494,-8.087,-0.94828,0.22467,-0.55791,0,0.495,0.41335,0.29681
379.03,-422.85,30.399,0.88579,0.66123,0.0069387,5.1433e-05,16.159,-7.3949,-0.63271,3.45,1.16,0,0.495,0.047296,0.28843
277.74,-329.1,30.437,0.74059,0.59238,0.0067051,5.745e-05,14.984,-7.687,-2.3524,1.3917,1.1548,0,0.495,0.047291,0.29643
331.1,-368.64,30.386,0.66891,0.85336,0.0069387,5.514e-05,22.2,-6.3744,7.2111,2.4049,-1.1007,0,0.495,0.031283,0.28838
213.72,-247.4,30.423,0.5385,0.76656,0.006661,6.5158e-05,20.742,-6.8712,4.3625,0.089417,-1.0767,0,0.495,0.031281,0.29638
171.12,-204.53,30.539,1.0164,-0.38317,0.0061055,6.3842e-05,7.6348,-10.803,8.0449,0.72387,0.01738,0,0.495,0.11077,0.28853
84.373,-106.63,30.546,0.87726,-0.33521,0.0059823,0.00010031,6.0138,-10.658,0.74963,0.95463,0.23306,0,0.495,0.11077,0.29652
50.089,-72.448,30.569,0.64204,-0.87748,0.0056345,9.8445e-05,2.2335,-11.367,5.2758,-0.46979,-1.1396,0,0.495,0.17465,0.28869
31.532,-46.797,30.57,0.59035,-0.81101,0.0056031,0.00012483,1.7823,-11.232,0.56105,0.64562,-0.719,0,0.495,0.17465,0.29668
20.458,-33.659,30.553,0.26511,-0.98073,0.0055132,0.00014069,0.87977,-10.285,2.9109,-0.95662,-1.219,0,0.495,0.23818,0.28876
21.684,-32.95,30.554,0.26203,-0.92572,0.0055047,0.00014525,0.75901,-10.28,0.9905,0.11642,-0.88662,0,0.495,0.23818,0.29676
13.869,-22.373,30.518,-0.0014507,-0.88674,0.0054883,0.00017612,0.5948,-9.0829,0.45089,-0.61949,-0.80459,0,0.495,0.30215,0.28873
14.738,-22.032,30.523,0.020309,-0.84993,0.0054849,0.00017665,0.54399,-9.1678,0.67461,0.0026483,-0.62351,0,0.495,0.30212,0.29673
11.122,-17.222,30.493,-0.16501,-0.73602,0.0054797,0.00019948,0.48742,-8.2995,-0.95803,-0.38437,-0.5312,0,0.495,0.3657,0.28879
9.0898,-13.91,30.498,-0.13383,-0.7134,0.0054777,0.00022008,0.45635,-8.4004,0.44994,-0.056245,-0.4712,0,0.495,0.3657,0.29677
11.83,-16.678,30.472,-0.25822,-0.51402,0.005472,0.0002055,0.39423,-7.8486,0.13855,-0.30687,0.42169,0,0.495,0.44184,0.28884
10.461,-15.362,30.479,-0.26039,-0.56673,0.0054739,0.00021094,0.41522,-7.8983,-1.0472,-0.39413,-0.21603,0,0.495,0.42922,0.28884
6.5146,-10.05,30.475,-0.22792,-0.50723,0.0054711,0.00027011,0.37827,-7.9236,1.4934,-0.18985,0.32811,0,0.495,0.44043,0.29682
5.834,-9.5833,30.481,-0.22616,-0.5538,0.0054726,0.00027745,0.39423,-7.9808,0.3619,-0.1689,-0.16686,0,0.495,0.42922,0.29682
1629.2,-1948.6,30.137,2.7182,-1.4937,0.17522,0.00086111,111.92,-16.874,1.3268,21.355,-20.48,0,0.495,0.094932,0.20836
-471.8,-3203.6,29.589,3.263,-1.0545,0.77859,0.001931,300.09,-16.584,8.8794,80.505,-59.6,0,0.495,0.079069,0.20834
1541.2,-1625.5,30.256,2.5127,-1.2141,0.048306,0.00030917,62.525,-15.276,5.4607,14.204,-9.1859,0,0.495,0.094939,0.21641
1211.8,-2523.7,29.997,2.9511,-0.73957,0.2038,0.00081066,144.93,-14.465,7.499,40.988,-24.348,0,0.495,0.079081,0.21639
1233.1,-1315.2,30.319,2.1949,-1.76,0.035914,0.00025911,46.21,-16.653,-1.4234,8.1679,-6.7832,0,0.495,0.1108,0.20841
1073.2,-1156.7,30.364,2.0655,-1.4954,0.014109,0.00012631,32.142,-15.431,3.1285,6.8973,-4.0032,0,0.495,0.1108,0.21643
693.51,-771.63,30.416,1.6366,-1.7048,0.0078099,7.8715e-05,19.742,-15.165,-0.81324,5.1889,-2.4317,0,0.495,0.12667,0.21643
794.02,-859.91,30.397,1.8957,-1.2695,0.0086682,8.4658e-05,24.213,-14.385,1.2311,5.4083,-2.4195,0,0.495,0.1108,0.22446
800.67,-878.54,30.383,1.7102,-1.9344,0.010976,0.00010946,24.35,-16.072,-2.3002,5.9863,-3.0584,0,0.495,0.12667,0.20842
356.85,-420.09,30.425,1.0366,-2.0338,0.0062157,5.7277e-05,10.194,-14.237,1.584,4.2581,-2.0569,0,0.495,0.15858,0.20801
468.62,-534.19,30.412,1.339,-2.0372,0.0069902,7.3933e-05,15.153,-15.245,-1.2995,5.5013,-2.35,0,0.495,0.14259,0.20825
312.54,-371.86,30.45,1.0254,-1.8606,0.0060918,5.4589e-05,8.9295,-13.838,3.471,3.3794,-1.4937,0,0.495,0.15858,0.21602
408.96,-470.89,30.445,1.3093,-1.8495,0.006508,6.3249e-05,12.964,-14.601,-0.039902,4.7552,-1.8219,0,0.495,0.14259,0.21627
306.63,-359.1,30.427,0.73535,-1.9679,0.0059239,5.0762e-05,7.0815,-13.058,0.57222,3.581,-1.396,0,0.495,0.17459,0.20804
259.09,-307.79,30.451,0.74059,-1.8093,0.0058666,5.2442e-05,6.2126,-12.844,0.24292,2.9467,-1.0998,0,0.495,0.17459,0.21605
157.92,-195.84,30.441,0.5073,-1.8261,0.0057289,6.4338e-05,4.2228,-11.81,-4.4743,2.9364,-0.67662,0,0.495,0.1905,0.21602
203.56,-242.2,30.475,0.74826,-1.6653,0.0058211,5.7733e-05,5.3938,-12.612,-1.9664,3.0723,-0.98448,0,0.495,0.17459,0.22412
188.43,-227.97,30.414,0.4829,-1.9502,0.0057612,6.1558e-05,4.7975,-11.856,-2.3856,3.1282,-0.96194,0,0.495,0.19051,0.208
151.89,-182.06,30.397,0.14771,-1.7901,0.0056025,6.3317e-05,2.4365,-9.7992,4.1707,1.561,-1.4047,0,0.495,0.22242,0.20855
145.7,-176.19,30.403,0.31548,-1.9284,0.0056544,6.6062e-05,3.1717,-10.785,0.38393,2.4502,-1.0719,0,0.495,0.20653,0.2085
141.61,-172.16,30.42,0.18346,-1.6907,0.0055893,6.5088e-05,2.1776,-10.01,3.6735,1.7671,-1.0483,0,0.495,0.2224,0.21661
133.65,-163.48,30.43,0.34723,-1.8266,0.0056318,6.7987e-05,2.7694,-10.88,-0.13615,2.5141,-0.65106,0,0.495,0.20652,0.21653
108.97,-132.53,30.4,-0.014193,-1.6423,0.0055749,7.3297e-05,2.0445,-8.9063,-0.2256,1.2556,-0.67655,0,0.495,0.23829,0.20858
91.445,-116.79,30.422,0.030873,-1.5553,0.0055635,7.7803e-05,1.8123,-9.1875,-1.8505,1.683,-0.47693,0,0.495,0.23828,0.21667
54.735,-70.242,30.399,-0.085149,-1.5518,0.0055427,9.4581e-05,1.4777,-8.4622,-6.93,1.7827,0.74672,0,0.495,0.25418,0.2167
78.807,-101.82,30.451,0.086253,-1.4727,0.0055544,8.5563e-05,1.6191,-9.389,-2.8977,2.2182,-0.56794,0,0.495,0.2382,0.22469
66.109,-79.439,30.377,-0.14454,-1.6187,0.0055521,9.5042e-05,1.661,-8.1324,-5.0803,0.90267,0.50308,0,0.495,0.25419,0.20863
96.758,-115.13,30.373,-0.30914,-1.3875,0.0055261,7.7591e-05,1.2962,-7.0147,5.2498,0.11118,-2.2898,0,0.495,0.28617,0.20882
81.438,-95.795,30.351,-0.22876,-1.5854,0.0055317,9.069e-05,1.3445,-7.5068,0.65273,0.21637,-0.68724,0,0.495,0.2702,0.20877
90.012,-109.74,30.389,-0.26056,-1.3347,0.0055196,7.9182e-05,1.1633,-7.406,5.0546,0.54615,-2.1162,0,0.495,0.28616,0.21684
77.673,-93.643,30.37,-0.17565,-1.5304,0.005524,8.767e-05,1.2048,-7.8757,0.19279,1.0584,-0.45158,0,0.495,0.2702,0.21679
45,-52.502,30.406,-0.39515,-1.214,0.0055219,0.00011712,1.1937,-6.6533,-1.8535,0.13021,-0.38928,0,0.495,0.30219,0.20881
40.714,-49.128,30.419,-0.33777,-1.1713,0.0055159,0.00012643,1.0779,-7.0415,-2.7587,0.37661,-0.20423,0,0.495,0.30218,0.21684
13.944,-11.393,30.384,-0.37581,-1.1969,0.0055068,0.00015703,0.90884,-6.768,-8.3218,0.26963,1.9649,0,0.495,0.31809,0.21686
37.294,-47.311,30.438,-0.28175,-1.1297,0.0055106,0.00014648,0.97882,-7.3662,-2.5791,0.94561,-0.19996,0,0.495,0.30217,0.22484
15.436,-12.131,30.374,-0.44139,-1.2291,0.0055118,0.00015673,0.99213,-6.3872,-7.9307,-0.3974,1.7307,0,0.495,0.3181,0.20883
68.081,-79.944,30.388,-0.49569,-1.019,0.0055032,9.1808e-05,0.93145,-6.1047,5.0869,-0.6062,-2.5987,0,0.495,0.34986,0.20887
49.743,-53.304,30.346,-0.47648,-1.2197,0.0055037,0.00012344,0.90396,-6.1957,-0.18329,-1.2269,-0.46002,0,0.495,0.33398,0.20885
53.614,-65.164,30.394,-0.45122,-0.99912,0.0054985,9.8588e-05,0.82802,-6.4597,5.9511,-0.60127,-2.8202,0,0.495,0.34986,0.2169
44.593,-49.778,30.35,-0.42319,-1.1941,0.0054992,0.00011731,0.81893,-6.5695,-0.034683,-0.59879,-0.41038,0,0.495,0.33397,0.21688
26.763,-28.469,30.432,-0.51977,-0.85722,0.0054998,0.00017406,0.83237,-6.0941,-2.7041,0.13595,-0.39662,0,0.495,0.36575,0.20889
17.626,-19.978,30.44,-0.46747,-0.84079,0.0054963,0.00021845,0.75904,-6.4173,-1.7833,-0.23881,-0.36398,0,0.495,0.36574,0.21692
2.3357,4.547,30.41,-0.46919,-0.87773,0.0054899,0.00027378,0.63785,-6.4154,-7.4456,-0.69833,2.1015,0,0.495,0.38164,0.21694
14.819,-21.101,30.448,-0.42967,-0.82542,0.0054929,0.00029282,0.6993,-6.6895,-0.49421,-0.15964,-0.34094,0,0.495,0.36573,0.22492
3.3038,5.7379,30.408,-0.52788,-0.88846,0.0054923,0.00023055,0.67926,-6.1257,-8.4922,-0.55246,1.8418,0,0.495,0.38168,0.2089
27.79,-25.376,30.384,-0.51579,-0.88731,0.0054881,0.0001585,0.65227,-6.1687,0.15397,-1.2699,-0.021809,0,0.495,0.39756,0.20892
24.918,-31.122,30.425,-0.47583,-0.69183,0.0054846,0.00012275,0.59477,-6.4995,6.7352,-0.57261,-2.3716,0,0.495,0.41336,0.21698
12.531,-11.077,30.379,-0.48311,-0.88237,0.0054856,0.0001701,0.60186,-6.4407,2.3099,-1.4994,-0.29216,0,0.495,0.39751,0.21696
15.407,-19.306,30.462,-0.46165,-0.56536,0.0054829,0.00019046,0.55016,-6.5847,-2.6252,0.33574,-0.16188,0,0.495,0.42924,0.217
11.9,-16.078,30.465,-0.42551,-0.56727,0.0054818,0.00025562,0.53698,-6.7645,0.38355,-0.55743,-0.22793,0,0.495,0.42923,0.22498
4.9296,-6.1049,30.444,-0.41094,-0.56688,0.0054788,0.00030091,0.48848,-6.7929,-2.3692,-0.31226,1.4782,0,0.495,0.44184,0.22498
3.411,-1.1446,30.444,-0.44458,-0.57828,0.00548,0.0002598,0.50438,-6.6219,-6.0645,-0.096246,1.5505,0,0.495,0.44184,0.21699
2074.8,-3287.7,29.746,2.51,1.0143,0.20228,0.00044622,159.54,-6.8192,4.721,54.169,-25.712,0,0.495,0.047324,0.23243
2193.2,-2173.9,29.994,2.1451,0.99586,0.062628,0.00019488,82.885,-6.3512,-2.2182,21.214,-9.5952,0,0.495,0.047322,0.24043
2060.4,-2148.6,29.953,1.493,1.526,0.056221,0.00016568,77.81,-3.3298,-4.5344,24.083,-7.432,0,0.495,0.031318,0.24838
3727.1,-1626,29.7,0.95797,2.1055,0.089933,0.00019237,136.16,-1.5227,74.905,47.316,5.7874,0,0.495,0.015431,0.24836
5116.7,-806.21,29.571,0.77834,2.2806,0.09708,0.00015641,174.43,-1.4886,157.65,59.612,21.814,0,0.495,0,0.24835
1589.3,-1638.5,30.113,1.8519,0.93452,0.022233,8.8243e-05,51.579,-6.2332,-0.33646,10.905,-3.4964,0,0.495,0.047318,0.24843
1255.7,-1298.2,30.237,1.8792,0.34969,0.011761,6.2779e-05,37.438,-8.3809,-1.9748,6.7987,-3.5605,0,0.495,0.063207,0.24846
1234.4,-1310.2,30.205,1.5595,0.87628,0.011719,5.2672e-05,35.889,-6.3176,4.8527,8.5786,-0.67563,0,0.495,0.047314,0.25643
540.53,-593.51,30.422,1.7831,-1.0978,0.0074303,7.4682e-05,20.249,-13.518,-2.9116,5.0073,-1.8732,0,0.495,0.11079,0.23252
444.27,-497.51,30.455,1.6791,-0.9424,0.0069623,6.6061e-05,17.364,-12.813,-2.4571,4.7093,-1.5636,0,0.495,0.11078,0.24055
517.28,-565.62,30.44,1.7546,-0.56927,0.0070784,5.9063e-05,19.487,-11.463,3.4196,4.7709,-1.2944,0,0.495,0.094924,0.24852
873.88,-922.58,30.369,1.8805,-0.21881,0.0080771,5.6502e-05,26.272,-10.151,-0.26204,5.7725,-3.3475,0,0.495,0.079067,0.24849
435.85,-488.7,30.48,1.5677,-0.80936,0.0066123,5.5277e-05,14.871,-12.227,2.0724,2.9271,-1.1441,0,0.495,0.11078,0.24855
385.38,-433.14,30.516,1.3315,-1.0562,0.006268,5.1896e-05,10.753,-12.506,0.088735,1.8757,-1.3014,0,0.495,0.12665,0.24856
402.73,-456.2,30.488,1.4002,-0.68726,0.0064184,5.0344e-05,12.2,-11.789,6.1786,2.2482,-0.33806,0,0.495,0.11078,0.25655
169.74,-207.91,30.499,0.7656,-1.5392,0.0057905,6.13e-05,4.8343,-12.372,-3.4226,3.3996,-0.98001,0,0.495,0.17457,0.23193
145.69,-183.46,30.529,0.77799,-1.412,0.0057568,6.5051e-05,4.2597,-12.219,-2.9552,3.1825,-0.98276,0,0.495,0.17458,0.24016
137.29,-172.87,30.536,0.95026,-1.2975,0.0058224,6.7031e-05,4.9701,-12.434,5.4321,1.0716,-0.90182,0,0.495,0.1586,0.24829
227.29,-267.55,30.538,1.1358,-1.2671,0.0059606,5.6991e-05,6.8221,-12.58,3.4861,0.78853,-0.72558,0,0.495,0.1426,0.24846
123.54,-154.05,30.55,0.77526,-1.301,0.0057287,7.0515e-05,3.7425,-12.023,-0.49251,1.5762,-1.1268,0,0.495,0.17456,0.24822
120.28,-146.26,30.547,0.60011,-1.3849,0.0056478,7.1132e-05,2.7216,-11.462,-3.7821,1.0575,0.18981,0,0.495,0.19054,0.24869
96.682,-126.7,30.553,0.73962,-1.1998,0.0057105,7.8934e-05,3.3531,-11.872,0.9904,1.0032,-1.3007,0,0.495,0.17455,0.25635
70.511,-92.174,30.478,0.13352,-1.3999,0.0055487,8.9876e-05,1.5017,-9.5792,-2.852,2.1553,-0.68505,0,0.495,0.23818,0.23281
55.635,-77.078,30.504,0.17568,-1.3218,0.0055428,9.595e-05,1.3764,-9.7473,-2.6875,2.3189,-0.85998,0,0.495,0.23817,0.24085
53.003,-73.071,30.506,0.30238,-1.3396,0.0055512,9.6494e-05,1.4458,-10.46,5.0816,0.67179,-1.4009,0,0.495,0.22229,0.24884
87.395,-110.04,30.516,0.43237,-1.4413,0.0055724,8.0249e-05,1.7478,-10.959,1.9373,-0.058268,0.44938,0,0.495,0.20642,0.2488
36.695,-52.258,30.529,0.2114,-1.2562,0.0055376,0.00011359,1.2538,-9.8659,-1.871,1.9491,-1.082,0,0.495,0.23817,0.24884
50.93,-61.953,30.511,0.12047,-1.282,0.0055216,0.00010517,1.0731,-9.3193,-5.8169,1.3407,1.4725,0,0.495,0.25415,0.2489
28.127,-42.158,30.547,0.23467,-1.2016,0.0055338,0.00012702,1.1671,-9.9864,-0.93049,1.4165,-1.3249,0,0.495,0.23817,0.25683
37.51,-45.52,30.457,-0.23708,-1.0941,0.0055074,0.00013958,0.92282,-7.673,-3.3745,1.6444,-0.23081,0,0.495,0.30217,0.23284
29.404,-33.839,30.486,-0.17722,-1.0505,0.0055041,0.00012707,0.85472,-7.9608,-4.5508,2.4824,-0.45119,0,0.495,0.30216,0.24084
38.089,-51.99,30.472,-0.09495,-1.1339,0.0055031,0.0001122,0.8364,-8.5589,4.9575,0.4682,-2.3521,0,0.495,0.2861,0.24888
60.728,-74.018,30.459,-0.0084389,-1.2832,0.0055059,9.3007e-05,0.89522,-8.9201,0.86586,0.10314,0.61843,0,0.495,0.27015,0.2489
16.193,-17.088,30.515,-0.12005,-1.0186,0.0055008,0.00015807,0.77991,-8.1831,-3.7923,1.5313,-0.65896,0,0.495,0.30216,0.24883
24.271,-20.668,30.479,-0.14619,-1.0508,0.005495,0.00014732,0.7169,-7.8985,-9.1212,1.0437,2.6641,0,0.495,0.31807,0.24882
14.149,-17.433,30.526,-0.075142,-1.0031,0.0054975,0.00019067,0.72129,-8.3998,-2.2314,-0.036851,-0.80943,0,0.495,0.30216,0.25682
22.202,-26.525,30.456,-0.40109,-0.81391,0.0054911,0.00024344,0.67429,-6.9568,-2.0448,0.83447,-0.28761,0,0.495,0.36573,0.23291
18.993,-19.259,30.479,-0.34366,-0.79059,0.0054893,0.00015422,0.64153,-7.2178,-4.0448,2.2298,-0.37578,0,0.495,0.36573,0.24089
31.744,-41.105,30.457,-0.29899,-0.9014,0.0054885,0.00012119,0.63722,-7.5757,5.5271,0.40439,-2.8115,0,0.495,0.34985,0.24886
42.627,-49.762,30.423,-0.24093,-1.0542,0.0054893,0.00010621,0.66361,-7.7256,-0.62602,-0.00092455,0.52688,0,0.495,0.33396,0.24884
9.4349,-8.9584,30.507,-0.28716,-0.77621,0.0054874,0.00016763,0.60132,-7.418,-3.1957,1.2424,-0.45144,0,0.495,0.36573,0.24887
7.2744,-2.1955,30.469,-0.27761,-0.80596,0.0054834,0.00016901,0.55233,-7.3388,-9.7849,0.61161,2.7644,0,0.495,0.38161,0.24889
11.479,-14.059,30.511,-0.24471,-0.78325,0.0054852,0.00021649,0.56354,-7.6149,-1.6336,-0.84951,-0.49626,0,0.495,0.36571,0.25686
14.157,-19.019,30.465,-0.40418,-0.57118,0.0054809,0.00023892,0.52885,-6.9393,0.62927,0.22767,-0.43476,0,0.495,0.42923,0.23296
15.241,-18.105,30.48,-0.36701,-0.56482,0.0054801,0.00018065,0.51612,-7.1132,0.095313,1.5604,-0.52148,0,0.495,0.42923,0.24094
6.546,-8.595,30.45,-0.39804,-0.56059,0.0054777,0.00030391,0.47576,-6.9489,-1.1964,0.63862,1.0854,0,0.495,0.44184,0.23297
9.9825,-11.575,30.465,-0.37045,-0.54921,0.0054772,0.00022839,0.46906,-7.1138,-2.9083,1.2364,1.0954,0,0.495,0.44184,0.24095
17.483,-19.387,30.455,-0.36851,-0.68628,0.0054795,0.00015038,0.50923,-7.2837,6.855,0.22073,-2.508,0,0.495,0.41335,0.24892
21.778,-24.712,30.421,-0.34048,-0.82065,0.0054797,0.00013514,0.51503,-7.3267,-1.4145,-0.28586,0.50539,0,0.495,0.39748,0.2489
10.683,-10.142,30.501,-0.33327,-0.5577,0.0054792,0.00018851,0.49673,-7.2503,2.3492,0.8187,-0.58532,0,0.495,0.42923,0.24893
10.196,-10.161,30.502,-0.32368,-0.57112,0.0054775,0.00020361,0.46586,-7.3845,3.5893,-1.0339,-0.50457,0,0.495,0.42923,0.25691
11.065,-12.226,30.481,-0.28919,-0.52644,0.0054751,0.00020934,0.43611,-7.3892,0.25251,-0.75422,1.3893,0,0.495,0.44184,0.25692
12.494,-13.493,30.48,-0.32495,-0.5321,0.0054765,0.00019086,0.45912,-7.2514,-2.8874,0.38138,1.4274,0,0.495,0.44184,0.24893
796.6,-844.86,30.286,1.2776,0.83038,0.0083342,4.5421e-05,23.903,-6.5272,0.72014,5.2662,0.90191,0,0.495,0.047309,0.26443
418.17,-468.96,30.324,1.125,0.78677,0.0074234,5.2325e-05,18.834,-6.8467,-7.1562,2.2345,1.0406,0,0.495,0.047305,0.27243
409.42,-459.48,30.339,0.79572,0.96202,0.0073095,5.2718e-05,23.612,-5.8215,2.1181,1.9882,-1.1192,0,0.495,0.031289,0.28038
650.32,-476.14,30.252,0.49299,1.1153,0.0074827,3.8203e-05,42.778,-5.1071,40.711,1.9526,-10.086,0,0.495,0.015398,0.28036
513.71,-151.43,30.258,0.33785,0.89347,0.0069295,2.8251e-05,54.028,-6.0307,69.605,3.8949,-20.067,0,0.495,0,0.28835
433.47,-257.87,30.308,0.40961,0.9457,0.0069439,4.1978e-05,41.047,-5.8261,38.602,2.8675,-11.755,0,0.495,0.015386,0.28836
813.65,-440.37,30.195,0.40114,1.0897,0.0074986,2.5612e-05,55.719,-5.3348,79.038,2.4234,-16.481,0,0.495,0,0.28035
369.38,-409.28,30.355,1.0225,0.72483,0.0071498,5.3267e-05,16.932,-7.1375,-5.6095,2.8762,0.93406,0,0.495,0.0473,0.28043
371.11,-395.99,30.389,1.1468,0.30726,0.0068017,4.9711e-05,14.03,-8.2836,-14.431,1.4794,-1.3723,0,0.495,0.063192,0.28045
217.26,-256.96,30.506,1.2419,-0.58619,0.0062484,6.4193e-05,9.5077,-11.454,-0.58414,3.0164,0.29126,0,0.495,0.11078,0.26454
100.95,-123.64,30.527,1.2026,-0.5126,0.0062251,8.3535e-05,8.9749,-11.176,-6.8563,2.474,-0.043004,0,0.495,0.11077,0.27254
129.44,-151.33,30.514,1.2204,-0.32391,0.0062472,7.9723e-05,9.2305,-10.294,3.7468,0.70862,-0.70611,0,0.495,0.094912,0.2805
248.1,-276.65,30.468,1.2499,-0.13842,0.0063691,6.158e-05,10.604,-9.4148,-6.8311,0.074862,-2.1592,0,0.495,0.079054,0.28048
142.53,-171.91,30.539,1.1616,-0.44155,0.0062158,7.4969e-05,8.9187,-10.967,0.96977,1.059,-0.20191,0,0.495,0.11077,0.28053
167.82,-196.24,30.551,1.0477,-0.66256,0.0060081,6.5029e-05,6.6038,-11.287,-6.1056,0.031015,0.27281,0,0.495,0.12663,0.28057
69.623,-94.974,30.563,0.7126,-1.1107,0.0056965,9.0448e-05,3.0374,-11.705,-1.219,1.8539,-1.3533,0,0.495,0.17454,0.26434
61.738,-83.625,30.58,0.71773,-1.0299,0.0056895,9.5782e-05,2.9306,-11.568,-1.8868,1.1424,-1.3348,0,0.495,0.17461,0.27271
56.982,-80.842,30.552,0.81029,-0.95737,0.0056955,9.4681e-05,2.975,-11.618,4.5594,-0.34043,-1.1213,0,0.495,0.15862,0.28033
111.65,-138.92,30.55,0.92835,-0.90666,0.0057553,7.5441e-05,3.7015,-11.56,-2.5329,-0.7267,0.24879,0,0.495,0.14255,0.28066
61.092,-82.564,30.58,0.7072,-0.94923,0.0056749,9.3852e-05,2.761,-11.455,2.6924,-0.56857,-1.3729,0,0.495,0.17464,0.2807
79.185,-96.319,30.579,0.57796,-1.0187,0.0056093,8.59e-05,2.0381,-11.129,-2.5115,-1.0545,0.66966,0,0.495,0.19055,0.28073
29.456,-43.542,30.563,0.25481,-1.1489,0.0055307,0.00012742,1.1073,-10.078,-0.08263,0.79274,-1.5029,0,0.495,0.23817,0.26481
31.491,-44.688,30.569,0.26799,-1.0926,0.0055288,0.00012612,1.085,-10.139,0.90142,-0.4655,-1.4324,0,0.495,0.23818,0.27279
30.511,-45.859,30.534,0.34957,-1.0911,0.0055275,0.00012387,1.0659,-10.642,2.9807,-0.94033,-1.3259,0,0.495,0.22229,0.28078
57.41,-73.834,30.542,0.44977,-1.1146,0.0055381,9.856e-05,1.2059,-10.918,-1.3222,-1.0208,0.98506,0,0.495,0.20642,0.28076
26.827,-38.578,30.564,0.27509,-1.0354,0.0055244,0.00013243,1.0309,-10.211,2.38,-1.4888,-1.3758,0,0.495,0.23818,0.28077
39.829,-47.412,30.552,0.18501,-1.0207,0.0055096,0.00012152,0.8688,-9.789,-0.59591,-1.4227,1.2457,0,0.495,0.25421,0.28079
13.138,-19.334,30.53,-0.040884,-0.98359,0.005495,0.00019514,0.68114,-8.6032,0.34735,-0.76386,-0.99965,0,0.495,0.30216,0.2648
11.413,-17.281,30.528,-0.033359,-0.9516,0.0054943,0.00019369,0.67291,-8.7641,1.9805,-1.2726,-0.96271,0,0.495,0.30217,0.27276
17.449,-27.26,30.497,0.016183,-0.98291,0.005493,0.00016358,0.66247,-9.2779,1.3217,-0.86698,-1.0728,0,0.495,0.28618,0.28075
34.643,-43.318,30.504,0.081235,-1.0306,0.0054941,0.0001288,0.68675,-9.5357,-0.67943,-0.78349,1.3373,0,0.495,0.27022,0.28075
13.145,-19.136,30.522,-0.022583,-0.91967,0.0054926,0.00018761,0.65446,-8.9227,1.1876,-1.3835,-0.88102,0,0.495,0.30217,0.28074
21.067,-25.137,30.508,-0.070075,-0.88127,0.0054875,0.00016894,0.59544,-8.6431,-0.12516,-1.0796,1.3493,0,0.495,0.31807,0.28076
9.1219,-12.142,30.506,-0.21169,-0.78466,0.0054834,0.00028326,0.53303,-7.8182,0.87091,-1.5764,-0.61496,0,0.495,0.36571,0.26484
4.5362,-6.3901,30.499,-0.20831,-0.76832,0.005483,0.00031086,0.52594,-7.9818,2.3649,-1.5022,-0.60673,0,0.495,0.3657,0.27282
11.256,-17.712,30.471,-0.1849,-0.8091,0.0054823,0.00020608,0.52453,-8.3466,0.33566,-0.725,-1.012,0,0.495,0.34983,0.28079
21.045,-26.929,30.469,-0.14303,-0.85729,0.0054824,0.00016162,0.53184,-8.4975,-0.4057,-0.46821,0.96153,0,0.495,0.33395,0.28077
8.1271,-11.66,30.494,-0.19892,-0.75361,0.0054822,0.00025182,0.51879,-8.137,0.44924,-1.1222,-0.54768,0,0.495,0.3657,0.28081
11.491,-14.492,30.482,-0.21582,-0.70863,0.0054788,0.00023037,0.47871,-8.0069,0.34804,-0.73421,1.0547,0,0.495,0.3816,0.28082
8.5283,-9.4733,30.494,-0.30985,-0.58343,0.005476,0.00025832,0.43971,-7.5371,3.1517,-1.6625,-0.32654,0,0.495,0.42922,0.26489
3.9596,-4.3354,30.485,-0.30336,-0.57895,0.0054758,0.0003281,0.43514,-7.6589,2.9561,-1.396,-0.23851,0,0.495,0.42922,0.27287
5.4625,-3.3034,30.477,-0.27681,-0.53061,0.0054739,0.0003624,0.41312,-7.525,3.965,-0.93468,0.97425,0,0.495,0.44184,0.2649
1.5855,2.0101,30.474,-0.28951,-0.52841,0.0054737,0.00043457,0.40803,-7.6347,4.7848,-0.79453,0.63237,0,0.495,0.44184,0.27288
8.3966,-12.526,30.464,-0.29191,-0.62209,0.0054755,0.00024655,0.43569,-7.8664,0.093755,-0.63249,-0.7971,0,0.495,0.41335,0.28084
12.411,-16.86,30.457,-0.26303,-0.66895,0.0054756,0.00020348,0.43905,-7.9522,0.27349,-0.29607,0.49475,0,0.495,0.39748,0.28083
7.4831,-10.056,30.48,-0.29545,-0.57461,0.0054754,0.00027186,0.43317,-7.7724,0.9022,-0.94248,-0.21529,0,0.495,0.42922,0.28086
7.3741,-8.8461,30.472,-0.28978,-0.5215,0.0054733,0.00028337,0.40817,-7.7408,2.134,-0.63941,0.48388,0,0.495,0.44184,0.28086
32.149,-49.772,29.864,-1.1167,-0.044592,0.0056408,0.00012976,3.2281,0.11136,0.10648,1.0248,-4.723,0,0.495,0.41389,0.0079841
31.458,-49.055,29.872,-1.1102,-0.08844,0.0056351,0.00012888,3.1427,0.056084,-0.073542,0.71383,-4.5944,0,0.495,0.41389,0.015963
20.888,-39.994,30.001,-1.0406,-0.036537,0.0055717,0.0001236,2.0108,-0.99928,0.21197,0.75656,-6.0813,0,0.495,0.42986,0.0079837
20.158,-39.136,30.008,-1.0354,-0.07102,0.0055697,0.00012421,1.9824,-1.0437,-0.42739,0.45912,-6.0899,0,0.495,0.42986,0.015963
19.378,-33.17,30.096,-0.98374,-0.034013,0.0055434,0.00014177,1.5147,-1.6707,0.1836,0.79568,-4.1795,0,0.495,0.44184,0.0079837
20.225,-33.597,30.104,-0.97895,-0.068591,0.0055421,0.00013804,1.4975,-1.7049,-0.96301,0.43527,-4.2602,0,0.495,0.44184,0.015963
21.654,-37.945,30.012,-1.0236,-0.10637,0.005565,0.00012402,1.8952,-1.1175,0.92441,0.83017,-5.9316,0,0.495,0.42986,0.023945
33.525,-47.815,29.88,-1.1,-0.13158,0.0056254,0.00012496,2.9772,-0.034234,1.6747,1.4663,-4.4214,0,0.495,0.41387,0.023945
23.736,-37.439,30.026,-1.0364,-0.14268,0.0055582,0.00012534,1.7823,-1.2194,2.7361,1.6181,-5.3873,0,0.495,0.42985,0.031932
21.78,-31.758,30.114,-0.9764,-0.13811,0.0055348,0.00014438,1.3714,-1.8651,1.8906,0.99612,-3.7086,0,0.495,0.44184,0.031933
20.235,-32.195,30.106,-0.96566,-0.10435,0.0055394,0.00014152,1.4462,-1.7731,-0.037222,0.29922,-4.1428,0,0.495,0.44184,0.023945
33.999,-45.554,29.903,-1.114,-0.17707,0.0056121,0.00012335,2.7558,-0.15775,3.1667,2.4598,-3.9834,0,0.495,0.41383,0.031928
33.395,-46.55,29.928,-1.1193,-0.21916,0.0056012,0.00012322,2.5893,-0.30929,1.257,1.9313,-3.6183,0,0.495,0.41377,0.039917
34.621,-47.984,29.945,-1.0959,-0.2591,0.0055915,0.0001216,2.4305,-0.49254,0.87604,1.6115,-3.3298,0,0.495,0.41374,0.047918
23.396,-37.909,30.045,-1.0473,-0.17926,0.005553,0.000128,1.71,-1.3433,0.77741,1.3887,-5.0331,0,0.495,0.42983,0.039948
22.045,-37.376,30.057,-1.0249,-0.21029,0.0055487,0.00012924,1.6369,-1.4938,-0.57422,1.0884,-4.9899,0,0.495,0.42982,0.048002
22.076,-31.837,30.128,-0.99099,-0.17314,0.005531,0.0001438,1.3193,-1.9702,0.060995,1.2604,-3.4537,0,0.495,0.44184,0.039953
20.867,-30.795,30.141,-0.97002,-0.20502,0.0055282,0.00014335,1.2731,-2.0989,-2.1768,0.90974,-3.5039,0,0.495,0.44184,0.048022
23.497,-35.004,30.072,-1.0102,-0.24487,0.0055418,0.00012955,1.5091,-1.67,1.7747,1.6992,-4.625,0,0.495,0.42982,0.056021
34.846,-43.011,29.968,-1.0857,-0.30107,0.0055779,0.00012215,2.1819,-0.70802,3.3678,2.5147,-2.8956,0,0.495,0.41374,0.055929
23.454,-32.916,30.096,-1.0219,-0.28142,0.0055349,0.00013439,1.3929,-1.8676,2.804,2.1138,-4.0021,0,0.495,0.42983,0.064019
22.665,-29.461,30.166,-0.96039,-0.27514,0.0055191,0.00015071,1.1168,-2.4306,1.5541,1.4255,-2.684,0,0.495,0.44184,0.064035
22.169,-30.279,30.151,-0.94947,-0.24011,0.005524,0.00014519,1.1972,-2.256,-0.23469,0.94524,-3.2318,0,0.495,0.44184,0.056044
32.863,-39.456,30.001,-1.0935,-0.34313,0.0055656,0.00012599,1.9673,-0.94756,3.6975,2.8699,-2.4181,0,0.495,0.41379,0.063956
33.966,-43.972,30.031,-1.0816,-0.37804,0.0055575,0.00012543,1.8444,-1.2039,1.4969,2.1879,-2.0748,0,0.495,0.41382,0.071969
35.375,-43.993,30.055,-1.0481,-0.41001,0.0055496,0.00012551,1.7058,-1.4784,1.7391,1.9898,-1.7614,0,0.495,0.41385,0.079973
22.319,-33.58,30.119,-1.0198,-0.3135,0.0055303,0.00013864,1.3271,-2.0795,0.20536,1.6759,-3.6811,0,0.495,0.42984,0.072011
20.945,-32.059,30.137,-0.98904,-0.33954,0.005526,0.00014139,1.2491,-2.3082,-0.75076,1.3739,-3.6082,0,0.495,0.42985,0.079998
20.772,-27.432,30.185,-0.9662,-0.30777,0.0055154,0.00015524,1.0629,-2.6123,-0.84316,1.55,-2.4116,0,0.495,0.44184,0.072021
18.722,-24.957,30.203,-0.93809,-0.33546,0.0055125,0.00015737,1.0136,-2.8107,-2.7979,1.2089,-2.4465,0,0.495,0.44184,0.080004
20.203,-28.202,30.156,-0.96996,-0.36782,0.0055202,0.00014707,1.1368,-2.5512,1.224,1.6939,-3.2404,0,0.495,0.42986,0.087986
32.732,-35.601,30.083,-1.0315,-0.44286,0.0055403,0.00013226,1.5239,-1.77,4.0903,2.5676,-1.3753,0,0.495,0.41388,0.087979
20.751,-27.546,30.179,-0.96988,-0.39771,0.0055155,0.00015182,1.0647,-2.8042,1.2503,1.994,-2.5866,0,0.495,0.42986,0.095971
18.191,-22.984,30.231,-0.91499,-0.39627,0.0055051,0.00017292,0.88552,-3.2523,-0.2844,1.1654,-1.6689,0,0.495,0.44184,0.095972
18.571,-23.914,30.217,-0.91423,-0.3658,0.0055087,0.00016356,0.94352,-3.0269,-1.1675,0.95342,-2.2163,0,0.495,0.44184,0.087988
33.425,-35.874,30.116,-1.0277,-0.47491,0.0055334,0.00013211,1.411,-2.0711,4.006,2.7488,-1.0197,0,0.495,0.4139,0.095976
41.011,-47.49,30.148,-1.0037,-0.50214,0.0055291,0.00012135,1.3621,-2.3791,2.1918,2.2806,-0.88366,0,0.495,0.4139,0.10396
45.563,-51.265,30.174,-0.96476,-0.53141,0.0055242,0.00011586,1.2789,-2.6951,2.8743,1.8478,-0.95515,0,0.495,0.4139,0.11195
22.743,-30.176,30.204,-0.95062,-0.42274,0.0055128,0.0001504,1.0364,-3.0638,-1.539,1.9194,-2.1758,0,0.495,0.42987,0.10395
23.053,-29.162,30.227,-0.90635,-0.44321,0.0055099,0.00015376,0.98454,-3.3306,-1.8743,1.7065,-1.9931,0,0.495,0.42987,0.11194
16.041,-19.785,30.249,-0.90552,-0.42339,0.0055025,0.0001791,0.85174,-3.48,-2.8567,1.3778,-1.2903,0,0.495,0.44184,0.10395
13.092,-15.411,30.267,-0.86612,-0.4443,0.0055004,0.00018876,0.81472,-3.7154,-4.3604,1.0255,-1.0914,0,0.495,0.44184,0.11194
21.284,-25.396,30.248,-0.87769,-0.46686,0.0055059,0.00016595,0.9046,-3.6023,0.53781,1.6135,-1.6361,0,0.495,0.42987,0.11992
42.662,-45.727,30.199,-0.94261,-0.56563,0.0055182,0.0001192,1.1619,-3.0178,4.7816,1.8193,-1.0805,0,0.495,0.4139,0.11996
24.916,-28.799,30.269,-0.86586,-0.49263,0.0055033,0.00016364,0.87199,-3.8754,0.44098,2.0103,-0.87646,0,0.495,0.42987,0.12792
13.171,-14.509,30.286,-0.82006,-0.48913,0.0054955,0.00022494,0.73078,-4.204,-2.1585,0.4792,0.10951,0,0.495,0.44184,0.12791
11.849,-13.524,30.279,-0.83332,-0.46661,0.0054977,0.00021258,0.76181,-3.9586,-2.7526,0.29099,-0.70504,0,0.495,0.44184,0.11992
47.541,-53.528,30.226,-0.92535,-0.59779,0.0055141,0.00011332,1.1046,-3.3414,3.6501,2.1191,-1.1069,0,0.495,0.41387,0.12803
57.981,-68.57,30.256,-0.87952,-0.6226,0.0055115,0.00010227,1.0821,-3.6665,1.3542,2.3564,-1.2724,0,0.495,0.4138,0.13619
54.31,-63.617,30.287,-0.82228,-0.64496,0.0055076,0.00010492,1.004,-3.9923,2.4201,2.0985,-1.6482,0,0.495,0.41371,0.1444
31.056,-36.023,30.297,-0.83016,-0.5144,0.0055021,0.00014701,0.87361,-4.1486,-2.125,2.7757,-0.38891,0,0.495,0.42985,0.13594
28.826,-33.354,30.331,-0.77463,-0.52933,0.0055,0.00015267,0.83251,-4.4232,-1.8188,2.612,-0.55868,0,0.495,0.42983,0.144
13.312,-14.849,30.302,-0.79379,-0.5097,0.0054941,0.00020432,0.72171,-4.4447,-4.2053,2.0359,0.79589,0,0.495,0.44184,0.1359
10.371,-12.075,30.333,-0.74475,-0.5229,0.0054927,0.00020388,0.69542,-4.6881,-4.816,2.4428,0.86867,0,0.495,0.44184,0.14391
21.242,-24.288,30.357,-0.73903,-0.54543,0.0054964,0.000192,0.75573,-4.6953,1.0293,1.503,-0.55028,0,0.495,0.42977,0.15212
42.023,-47.854,30.313,-0.78831,-0.66945,0.0055027,0.00011632,0.9002,-4.3146,4.7953,1.6219,-1.7186,0,0.495,0.41364,0.15256
22.441,-25.761,30.373,-0.7236,-0.56201,0.0054939,0.00020025,0.72192,-4.9612,1.118,1.1717,-0.056971,0,0.495,0.42966,0.16036
8.4244,-9.3133,30.364,-0.69397,-0.54992,0.0054882,0.00030715,0.61436,-5.1703,-1.5501,0.51787,1.4089,0,0.495,0.44184,0.16004
7.8052,-8.8684,30.356,-0.70658,-0.53637,0.0054903,0.00027528,0.64499,-4.931,-2.4828,0.99535,0.94739,0,0.495,0.44184,0.15195
44.807,-51.937,30.336,-0.76346,-0.68964,0.0054997,0.00011402,0.85866,-4.6254,4.0792,1.4703,-1.3985,0,0.495,0.41356,0.16074
55.297,-66.136,30.359,-0.71467,-0.69988,0.0054982,0.00010373,0.85217,-4.9294,2.1398,1.3817,-1.2542,0,0.495,0.41346,0.16879
47.653,-56.621,30.38,-0.65712,-0.70618,0.0054958,0.00011186,0.80273,-5.2266,3.3902,0.64641,-1.494,0,0.495,0.41341,0.17677
29.199,-34.342,30.393,-0.68527,-0.5715,0.005493,0.00016477,0.72827,-5.2189,-1.3635,1.6239,0.18414,0,0.495,0.42957,0.16856
23.634,-27.777,30.416,-0.62854,-0.57513,0.0054915,0.00018106,0.69946,-5.4708,-0.60852,1.0312,-0.10272,0,0.495,0.42951,0.17676
9.3608,-11.079,30.379,-0.66797,-0.55908,0.0054871,0.00025029,0.61189,-5.3993,-3.6973,1.5558,1.7521,0,0.495,0.44184,0.16812
6.0296,-7.4266,30.404,-0.61926,-0.56181,0.0054861,0.00025438,0.59591,-5.625,-4.2276,1.4425,1.6079,0,0.495,0.44184,0.17629
8.8262,-11.037,30.426,-0.60048,-0.57742,0.0054889,0.00027457,0.63531,-5.7156,3.1691,-0.60645,-0.28758,0,0.495,0.42944,0.18488
31.443,-36.62,30.39,-0.62534,-0.71494,0.0054925,0.00013035,0.72999,-5.5142,6.117,-0.34045,-1.627,0,0.495,0.41339,0.18473
7.4465,-10.442,30.422,-0.6003,-0.58114,0.0054868,0.00029813,0.60433,-5.9492,3.9605,-0.97548,0.049888,0,0.495,0.42937,0.19295
1.1494,-0.80186,30.41,-0.57587,-0.56517,0.0054827,0.00044068,0.53291,-6.0544,-0.86058,-1.0046,1.4954,0,0.495,0.44184,0.19277
1.25,-0.48374,30.416,-0.58483,-0.56118,0.0054844,0.00041034,0.55618,-5.8428,-1.9162,-0.45072,1.398,0,0.495,0.44184,0.18454
37.089,-43.735,30.394,-0.6048,-0.71943,0.0054903,0.00012626,0.7011,-5.7817,6.0057,-0.36305,-1.3048,0,0.495,0.41338,0.19278
-14539,13100,9.2147,-4.7681,3.7097,19.792,0.026615,743.81,-26.738,-279.73,-76.325,-24.379,0,0.495,0.039466,0.043897
-16135,14365,9.514,-5.2701,2.3604,20.044,0.027232,736.1,-32.198,-266.67,-82.821,-43.069,0,0.495,0.04738,0.043897
-14605,13749,9.5388,-5.1947,3.54,19.646,0.025972,756.62,-22.977,-282.46,-74.844,-25.842,0,0.495,0.039466,0.039905
-16459,15305,9.8452,-5.7223,2.2807,19.837,0.026526,747.92,-29.004,-271.29,-80.511,-42.152,0,0.495,0.04738,0.039905
-3624.6,9405.4,8.7589,-3.7559,5.4318,19.97,0.026154,764.17,-24.167,-283.94,-66.904,-2.7565,0,0.495,0.03155,0.04789
-14133,12295,8.8853,-4.3935,3.86,20.025,0.027259,734.78,-30.405,-277.95,-77.055,-23.363,0,0.495,0.039466,0.047892
-4337.3,9820,9.0629,-4.0948,5.2009,19.838,0.025642,774.24,-19.835,-284.84,-66.697,-5.4484,0,0.495,0.03155,0.043896
-5216.3,9980.1,9.3629,-4.4799,4.9431,19.775,0.025135,787.31,-15.355,-286.33,-65.696,-8.6239,0,0.495,0.031551,0.039905
-15776,13380,9.1749,-4.876,2.4269,20.353,0.027924,728.89,-35.337,-263.77,-84.302,-44.437,0,0.495,0.04738,0.047893
-16456,15901,10.168,-6.2416,2.1851,19.738,0.025823,764.47,-25.775,-277.04,-78.123,-39.524,0,0.495,0.04738,0.035915
-16636,15557,10.61,-6.6059,1.1667,20.145,0.026198,769.04,-30.248,-264.74,-74.773,-57.091,0,0.495,0.055295,0.035914
-16342,14747,10.303,-6.0662,1.1712,20.28,0.026921,753.35,-32.942,-255.85,-78.211,-62.379,0,0.495,0.055295,0.039905
-15272,13778,11.171,-6.7913,0.2953,20.661,0.026423,782.01,-32.815,-250.31,-67.357,-70.699,0,0.495,0.063229,0.035914
-14926,12902,10.902,-6.2392,0.21847,20.832,0.027137,767.73,-35.103,-238.06,-71.966,-78.989,0,0.495,0.06323,0.039905
-14203,13976,9.8566,-5.6803,3.3477,19.587,0.025338,773.25,-19.137,-285.63,-73.447,-25.846,0,0.495,0.039466,0.035915
-6129.3,9614.4,9.6585,-4.9167,4.6545,19.778,0.024634,803.37,-10.735,-287.74,-64.965,-10.597,0,0.495,0.031551,0.035915
-15874,13713,9.9833,-5.601,1.1641,20.54,0.027635,743.25,-35.63,-249.02,-81.488,-65.776,0,0.495,0.055296,0.043897
-14332,11072,10.317,-5.3625,0.034623,21.579,0.028481,757.61,-39.708,-223.25,-79.666,-92.003,0,0.495,0.06325,0.047902
-14543,11912,10.616,-5.7676,0.13123,21.145,0.027833,759.73,-37.402,-228.89,-76.386,-85.227,0,0.495,0.063234,0.043899
-15494,12754,9.653,-5.1988,1.147,20.912,0.028318,738.45,-38.298,-244.85,-83.897,-69.71,0,0.495,0.055298,0.047895
6957.8,4557.3,8.5027,-2.7326,7.368,20.015,0.024126,830.39,-21.475,-278.66,-53.069,13.99,0,0.495,0.023632,0.05189
8766.7,-462.07,8.6251,-1.8953,9.1083,19.094,0.018667,1052.6,-14.286,-265.76,-41.086,32.285,0,0.495,0.015711,0.051889
7398.1,4567,8.2297,-2.5068,7.6192,20.096,0.024324,824.56,-26.166,-279.97,-52.858,18.067,0,0.495,0.023618,0.055904
8826.3,200.92,8.3927,-1.7267,9.4204,18.986,0.018636,1047.6,-19.635,-268.96,-41.179,37.713,0,0.495,0.015698,0.055901
6432.4,4441,8.7735,-2.9862,7.091,19.978,0.023871,838.36,-16.595,-277.76,-52.552,9.3289,0,0.495,0.023632,0.047889
-2381.4,8883.8,8.4533,-3.4559,5.6404,20.165,0.026622,756.9,-28.346,-283.73,-67.231,0.74535,0,0.495,0.03155,0.051892
8777.6,-1433.3,8.8548,-2.0845,8.7622,19.24,0.018686,1059.5,-8.6748,-262.21,-40.121,26.51,0,0.495,0.015712,0.047889
234.97,8383.5,8.1463,-3.1885,5.8298,20.411,0.027017,752.15,-32.39,-284.38,-66.882,3.7455,0,0.495,0.031534,0.055908
8840.2,733.28,8.161,-1.576,9.6987,18.911,0.018608,1044.1,-24.716,-272.08,-41.592,43.395,0,0.495,0.015695,0.059904
24283,-28828,8.6521,-0.87213,11.579,14.567,0.0079147,2530.4,-17.974,604.93,-25.512,1402.6,0,0.495,0.0077702,0.059903
26074,-32773,8.8344,-0.96553,11.243,14.729,0.007984,2542.4,-12.249,583.31,-24.92,1385.4,0,0.495,0.0077739,0.055899
22923,-25591,8.4691,-0.78842,11.879,14.426,0.0078509,2519.8,-23.359,624.48,-25.7,1419.7,0,0.495,0.0077643,0.0639
37297,-51936,8.8903,-0.49936,12.859,11.1,0.0010783,3825.5,-19.924,1519.6,2.4429,2768.7,0,0.495,0,0.063893
39859,-57813,9.0476,-0.55835,12.533,11.239,0.0011061,3845.2,-14.248,1477,2.0604,2740.3,0,0.495,0,0.059898
8858.3,1120.8,7.9293,-1.4403,9.9474,18.865,0.018576,1041.9,-29.516,-274.9,-41.616,48.695,0,0.495,0.015692,0.063898
43209,-64879,9.2041,-0.62411,12.166,11.391,0.0011362,3866.6,-8.205,1429.7,1.9802,2712,0,0.495,0,0.055897
7700.5,4597.3,7.9584,-2.3044,7.8437,20.21,0.024418,820.51,-30.664,-281.81,-52.844,22.464,0,0.495,0.023615,0.059907
4673,7695.2,7.5392,-2.7308,6.1489,20.986,0.027177,748.45,-40.095,-288.05,-66.293,10.125,0,0.495,0.031528,0.063907
2735.3,7993,7.842,-2.9486,5.9987,20.689,0.027159,749.46,-36.316,-285.93,-66.678,7.1847,0,0.495,0.031531,0.059914
7948.5,4605.8,7.6879,-2.1211,8.0447,20.349,0.024469,818.02,-34.948,-283.8,-52.514,26.437,0,0.495,0.023613,0.063898
28041,-36993,9.0174,-1.07,10.865,14.915,0.00806,2556.4,-6.1737,559.52,-24.92,1368.9,0,0.495,0.007787,0.051888
50817,-80938,9.5165,-0.77913,11.291,11.733,0.001203,3918.5,5.0719,1320.5,1.1389,2659.5,0,0.495,0,0.047889
46887,-72273,9.3616,-0.69739,11.754,11.557,0.0011689,3890.7,-1.7554,1377.5,1.2405,2684.8,0,0.495,0,0.051888
30215,-42065,9.1978,-1.1869,10.442,15.123,0.0081399,2573.2,0.23824,533.67,-24.033,1353.2,0,0.495,0.0077872,0.047889
-15413,12425,8.8311,-4.5297,2.4832,20.743,0.028582,725.7,-38.439,-262.75,-85.346,-44.634,0,0.495,0.047377,0.0519
-13040,11443,8.5529,-4.0628,3.9946,20.334,0.027849,729.18,-33.978,-277.31,-77.615,-21.304,0,0.495,0.039463,0.051897
-15193,11660,8.4843,-4.2216,2.5312,21.188,0.029188,725.85,-41.511,-263.62,-85.518,-45.27,0,0.495,0.047362,0.055923
-10545,10692,8.2189,-3.7682,4.1163,20.699,0.028389,726.54,-37.465,-277.89,-77.481,-19.662,0,0.495,0.039448,0.055917
-15135,11298,8.9738,-4.5344,1.0907,21.871,0.029494,741.5,-43.653,-244.71,-86.157,-75.615,0,0.495,0.055288,0.05593
-15253,10963,8.6325,-4.2512,1.052,22.39,0.029955,747.4,-46.351,-248.36,-86.265,-78.226,0,0.495,0.055269,0.059953
-15115,11134,8.1388,-3.9443,2.5684,21.659,0.029729,728.49,-44.573,-266.39,-85.28,-45.308,0,0.495,0.047345,0.05994
-15393,9987.6,9.0737,-4.1417,-0.42504,23.744,0.030185,786.66,-49.209,-232.3,-83.066,-115.47,0,0.495,0.063256,0.063963
-14795,9821.9,9.382,-4.4093,-0.29952,23.21,0.029914,775.88,-46.798,-226.12,-83.09,-109.42,0,0.495,0.063261,0.059964
-15630,10952,8.2961,-3.9887,1.004,22.896,0.030326,754.98,-49.036,-254.05,-86.131,-81.209,0,0.495,0.055267,0.063952
-14423,9966.4,9.6972,-4.6954,-0.18211,22.649,0.029538,766.75,-44.392,-222.23,-82.655,-103.77,0,0.495,0.063289,0.055935
-15258,10890,7.7998,-3.6897,2.5936,22.131,0.030197,732.82,-47.576,-270.72,-84.785,-45.702,0,0.495,0.047357,0.063927
-15208,11896,9.3157,-4.847,1.1219,21.367,0.028944,738.18,-40.973,-243.47,-85.539,-72.42,0,0.495,0.055301,0.051905
-14260,10378,10.009,-5.0095,-0.07069,22.093,0.029057,760.31,-42.043,-221.14,-81.736,-97.603,0,0.495,0.063276,0.051916
-8136.5,10125,7.8865,-3.5039,4.2228,21.097,0.028754,726.21,-40.897,-279.81,-77.216,-17.481,0,0.495,0.039432,0.05993
-6402.1,9760.1,7.5597,-3.2631,4.314,21.505,0.028994,727.59,-44.223,-282.79,-76.755,-15.857,0,0.495,0.039443,0.063917
4471.1,-1026.6,15.705,-4.8015,-2.4833,20.932,0.024271,862.7,-27.683,-139.92,46.894,-150.62,0,0.495,0.10296,0.043897
4608.8,-1869.8,16.879,-4.4551,-2.5939,19.758,0.022437,881.02,-24.587,-131.87,88.164,-148.41,0,0.495,0.11089,0.043897
3591.3,-549.1,15.484,-5.3232,-2.2049,20.869,0.023925,872.59,-26.597,-164.79,59.792,-129.77,0,0.495,0.10296,0.039905
3653.6,-1518.5,16.485,-4.9898,-2.3226,19.997,0.022357,894.84,-23.617,-160.31,102.93,-124.22,0,0.495,0.11089,0.039905
-158.08,216.85,14.568,-4.7071,-2.5531,22.173,0.026273,844.14,-32.014,-136.25,1.2535,-163.86,0,0.495,0.095039,0.047896
5209.7,-1359,15.873,-4.3675,-2.7689,21.213,0.024698,859.11,-28.812,-120.32,34.286,-170.74,0,0.495,0.10296,0.047897
569.87,657.03,14.533,-5.1356,-2.2711,21.733,0.025741,844.5,-30.728,-152.44,10.353,-146.57,0,0.495,0.095041,0.043897
1319.2,1257,14.458,-5.645,-1.9985,21.48,0.025235,851.47,-29.488,-173.64,20.976,-128.84,0,0.495,0.095039,0.039905
5485.7,-2085.9,17.205,-4.0171,-2.8695,19.757,0.022658,872.27,-25.609,-108.89,70.822,-172.26,0,0.495,0.11089,0.047897
2734.6,-1043.9,16.046,-5.6433,-2.0557,20.396,0.022391,911.24,-22.734,-192.88,108.89,-98.662,0,0.495,0.11088,0.035914
2418.8,-1434.8,16.783,-5.3477,-2.1318,19.697,0.021056,935.71,-20.08,-195.75,151.18,-84.326,0,0.495,0.1188,0.035914
3310.6,-1818.6,17.406,-4.6698,-2.388,19.002,0.02068,919.28,-20.876,-160.53,151.63,-110.15,0,0.495,0.11881,0.039905
1619.5,-1267.1,17.375,-5.0803,-2.1898,18.991,0.019805,959.07,-17.311,-201.88,187.64,-65.201,0,0.495,0.12673,0.035914
2180.1,-1558.8,18.17,-4.3735,-2.4317,18.049,0.019091,945.73,-18.012,-164.98,199.86,-87.552,0,0.495,0.12673,0.039905
2759.1,12.144,15.218,-5.9544,-1.9339,21.007,0.023678,887.49,-25.593,-194.09,68.044,-106.49,0,0.495,0.10296,0.035914
1603.6,1898.1,14.344,-6.2558,-1.7356,21.43,0.024791,864.72,-28.321,-199.33,29.53,-108.38,0,0.495,0.095034,0.035914
4256.8,-2062.4,17.999,-4.1204,-2.6451,18.363,0.020383,901.41,-21.737,-128.77,137.65,-136.87,0,0.495,0.11881,0.043897
3901.6,-1819.2,19.715,-3.3542,-2.9065,15.997,0.017738,902.35,-19.512,-100.69,170.07,-144.78,0,0.495,0.12673,0.047898
2940.1,-1751.4,18.974,-3.8039,-2.6706,16.976,0.018346,925.82,-18.738,-130.41,192.38,-113.71,0,0.495,0.12674,0.043897
5181.4,-2172.5,18.515,-3.6788,-2.9029,17.936,0.020261,885.65,-22.643,-102.41,116.06,-164.98,0,0.495,0.11881,0.047898
-10688,5076.8,11.992,-4.8848,-1.8728,23.199,0.028592,811.42,-39.361,-172.02,-52.635,-146.71,0,0.495,0.079177,0.051909
-11198,4869.9,11.802,-4.5639,-2.1131,23.84,0.029004,822.01,-41.141,-169.98,-53.685,-157.97,0,0.495,0.079166,0.055936
-8574.7,2228.6,13.223,-4.6472,-2.4605,23.237,0.027899,832.99,-36.461,-147.24,-28.775,-165.64,0,0.495,0.0871,0.051911
-9206.2,2061.3,13.119,-4.3225,-2.7399,23.896,0.028312,844.12,-37.986,-142.56,-29.738,-178.64,0,0.495,0.087087,0.055941
-7954.6,2621.5,13.322,-5.0125,-2.1884,22.619,0.027382,826.16,-34.937,-155.79,-25.076,-152.76,0,0.495,0.087116,0.047895
-239.76,-110.94,14.574,-4.3377,-2.8449,22.749,0.026774,849.77,-33.379,-124.59,-4.3901,-178.51,0,0.495,0.095022,0.051913
-10340,5543.4,12.179,-5.2449,-1.6401,22.591,0.028071,804.84,-37.59,-177.78,-49.744,-135.87,0,0.495,0.079191,0.047895
-255.67,-237.64,14.569,-4.011,-3.1428,23.384,0.027193,860.02,-34.738,-116.94,-6.4265,-192.68,0,0.495,0.095009,0.055945
-11833,4870.9,11.608,-4.269,-2.3608,24.483,0.029298,835.75,-43.005,-170.9,-53.812,-168.93,0,0.495,0.079115,0.059979
-13458,7626.7,10.377,-4.4084,-1.4499,23.974,0.029702,807.17,-45.258,-199.97,-69.902,-142.53,0,0.495,0.071196,0.059971
-12927,7652,10.644,-4.6986,-1.2601,23.37,0.029384,795.33,-43.157,-197.01,-69.46,-133.93,0,0.495,0.07124,0.055933
-14128,7865.1,10.121,-4.1355,-1.648,24.542,0.029904,820.77,-47.366,-205.18,-69.476,-151.65,0,0.495,0.071189,0.06397
-12526,5087.1,11.427,-3.9911,-2.6161,25.087,0.029466,851.47,-44.873,-173.81,-52.623,-180.49,0,0.495,0.07911,0.063976
-12593,7925.3,10.903,-5.0155,-1.0768,22.768,0.028953,786.38,-41.145,-197.04,-68.54,-124.93,0,0.495,0.071241,0.051911
-12467,8474.8,11.162,-5.3712,-0.90041,22.199,0.028415,781.23,-39.133,-200.57,-66.292,-116.51,0,0.495,0.071247,0.047896
-9845.1,2052.9,13.011,-4.0242,-3.0257,24.562,0.028606,858.72,-39.592,-140.76,-29.263,-191.1,0,0.495,0.087034,0.059986
-290.04,-257.51,14.558,-3.7118,-3.4454,24.034,0.027499,874.1,-36.162,-112.08,-6.0409,-205.74,0,0.495,0.094957,0.059991
-10454,2207.9,12.922,-3.7434,-3.317,25.184,0.028768,875.54,-41.193,-140.68,-27.103,-204,0,0.495,0.087039,0.063974
6179.4,-2157.7,17.465,-3.6499,-3.1497,19.984,0.022977,869.88,-26.741,-91.138,56.092,-191.78,0,0.495,0.11087,0.051921
5709,-1568.8,15.995,-3.9972,-3.062,21.669,0.025147,861.81,-30.036,-105.54,25.186,-187.31,0,0.495,0.10294,0.051919
6601,-2112.5,17.682,-3.3327,-3.4312,20.359,0.023315,873.22,-27.841,-78.139,46.322,-208.49,0,0.495,0.11088,0.05596
6099.7,-1625.1,16.096,-3.6726,-3.3591,22.218,0.025552,869.59,-31.243,-95.053,20.866,-202.31,0,0.495,0.10293,0.055955
6243.3,-1942,19.292,-3.0134,-3.4169,17.872,0.020504,871.4,-24.658,-66.765,76.447,-209.13,0,0.495,0.11881,0.055964
6462.1,-1776.7,19.587,-2.7417,-3.6696,18.107,0.020709,873.84,-25.745,-55.825,66.859,-224.16,0,0.495,0.11883,0.060038
6892.6,-2044.6,17.87,-3.0457,-3.7127,20.812,0.023602,881.64,-29.025,-68.542,42.737,-221.82,0,0.495,0.11088,0.06003
5232.7,-1090.4,21.295,-2.4571,-3.5872,14.818,0.017263,857.18,-22.326,-48.308,93.522,-218.91,0,0.495,0.12676,0.060049
5012,-1388.4,20.873,-2.7091,-3.3661,14.918,0.017241,864.79,-21.294,-60.184,112.99,-199.53,0,0.495,0.12675,0.055968
5858.4,-2092.4,18.94,-3.3179,-3.1613,17.788,0.020324,875.31,-23.667,-81.767,94.017,-188.94,0,0.495,0.1188,0.051923
4577.2,-1636.3,20.35,-2.9984,-3.1394,15.293,0.01737,880.62,-20.416,-77.094,140.75,-173.78,0,0.495,0.12672,0.051925
6423,-1623.2,16.186,-3.3771,-3.6585,22.801,0.025862,881.62,-32.513,-87.466,20.482,-215.25,0,0.495,0.10289,0.060009
2187.5,413.74,20.114,-3.1177,-2.9359,13.915,0.014291,973.45,-5.6061,-173.74,209.91,-28.822,0,0.495,0.16651,0.043898
2901.4,1293.9,20.458,-3.2463,-3.088,13.004,0.013635,953.36,-2.9014,-178.97,165.57,-72.841,0,0.495,0.17448,0.043899
2597.9,1106.8,19.356,-3.8077,-2.7836,14.384,0.014966,960.79,-4.8047,-203.92,161.37,-49.546,0,0.495,0.16651,0.039905
2996.5,1848.2,19.877,-3.9243,-2.9479,13.262,0.01406,942.81,-1.9394,-204.5,118.33,-90.266,0,0.495,0.17448,0.039905
-616.78,-758.33,21.193,-2.5195,-2.9979,13.261,0.013358,992.4,-8.9705,-131.51,285.6,10.228,0,0.495,0.15857,0.047901
1072.2,-64.207,21.05,-2.542,-3.0762,13.073,0.013318,981.36,-6.3422,-142.41,247.24,-9.4752,0,0.495,0.16651,0.047904
1059.6,-399.18,20.09,-3.0768,-2.838,14.538,0.01467,990.9,-8.3865,-165.49,254.34,-3.7365,0,0.495,0.15857,0.043898
2083.8,212.57,19.15,-3.7601,-2.6674,15.336,0.015646,979.98,-7.7318,-199.14,207.74,-21.91,0,0.495,0.15857,0.039905
2751,888.25,21.213,-2.6672,-3.2132,12.458,0.01295,961.64,-3.7811,-151.85,205.26,-55.638,0,0.495,0.17448,0.04791
3357.9,1981.3,19.49,-4.6943,-2.7895,13.264,0.014209,933.02,-0.74962,-226.66,67.716,-103.46,0,0.495,0.17448,0.035914
3184.5,2033.3,20.482,-4.7858,-2.9993,11.825,0.01285,919.68,2.8812,-214.97,41.331,-136.04,0,0.495,0.18259,0.035915
2933.3,2185.9,20.753,-4.0626,-3.156,11.932,0.012862,927.14,1.5594,-198.37,84.198,-129.05,0,0.495,0.18259,0.039906
4062.3,763.52,21.718,-4.8396,-3.2106,10.13,0.011225,901.26,6.3743,-194.87,28.098,-155.62,0,0.495,0.19057,0.035915
3830.7,1217.1,21.929,-4.1785,-3.3733,10.312,0.011349,907.41,4.9019,-183.35,62.526,-154.52,0,0.495,0.19057,0.039906
2872.3,1414,18.809,-4.6062,-2.6161,14.534,0.015325,947.95,-3.7793,-231.16,105.43,-67.039,0,0.495,0.16651,0.035914
2743,512.99,18.422,-4.5659,-2.4843,15.703,0.016254,965.76,-6.8523,-230.44,149.75,-38.873,0,0.495,0.15857,0.035914
2662,1859.8,21.191,-3.4125,-3.2904,11.805,0.012623,934.63,0.45786,-178.21,126.74,-116.98,0,0.495,0.18259,0.043905
2716.9,1105.9,22.757,-3.0308,-3.6195,9.9751,0.010903,913.42,2.4513,-150.97,130.48,-138.16,0,0.495,0.19056,0.047906
3262.4,1194,22.277,-3.5723,-3.5087,10.262,0.011237,911.95,3.6313,-168.37,97.701,-148.08,0,0.495,0.19057,0.0439
2382.9,1562.9,21.805,-2.8462,-3.4045,11.401,0.012133,939.07,-0.54108,-155.73,164.84,-103.08,0,0.495,0.18254,0.047905
1394.6,-1263.4,22.371,-2.4162,-3.111,11.409,0.012456,915.48,-14.446,-80.946,260.79,-74.416,0,0.495,0.14261,0.051928
2012.9,-1147.4,23.373,-2.1356,-3.2869,9.644,0.011162,863.39,-15.036,-58.064,223.54,-103.7,0,0.495,0.14262,0.055999
408.53,-1585.7,22.61,-2.194,-3.1153,11.116,0.01165,952.53,-12.103,-89.126,299.58,-10.175,0,0.495,0.15057,0.051934
1251.8,-1672.5,23.807,-1.8964,-3.2731,8.946,0.0099248,899.1,-12.628,-63.313,276.02,-25.435,0,0.495,0.15058,0.056006
278.22,-1323,21.367,-2.5986,-2.947,13.195,0.013399,984.04,-11.572,-120.91,302.28,-4.9298,0,0.495,0.15057,0.047901
-729.69,-1168.6,22.395,-2.0845,-3.1479,11.544,0.011787,978.24,-9.4426,-99.648,299.45,21.122,0,0.495,0.15857,0.051933
1107.7,-1266.1,21.252,-2.7915,-2.9241,13.377,0.013984,956.23,-13.895,-110.86,281.67,-51.957,0,0.495,0.1426,0.047899
-75.623,-1379.1,23.625,-1.7588,-3.2883,9.5283,0.010076,942.86,-9.8863,-72.52,294.76,23.292,0,0.495,0.15857,0.056004
2230.6,-735.11,24.207,-1.921,-3.4509,8.3101,0.010238,809.75,-15.764,-42.677,180.39,-132.93,0,0.495,0.14263,0.060074
4309,-791.59,22.916,-2.1915,-3.5076,11.282,0.013534,831.37,-19.317,-44.102,129.1,-193.14,0,0.495,0.1347,0.060058
4099.5,-1224.7,22.318,-2.4198,-3.3173,11.909,0.013875,857.52,-18.438,-57.318,162.15,-167.2,0,0.495,0.13468,0.055993
4262.7,-448.46,23.394,-1.9918,-3.6866,10.956,0.013385,814.68,-20.205,-35.001,106.14,-212.41,0,0.495,0.13469,0.064098
2304.5,-371.19,24.862,-1.7435,-3.6007,7.4415,0.0096733,764.33,-16.534,-33.286,141.57,-158.91,0,0.495,0.14263,0.064117
3522.9,-1491.6,21.574,-2.6987,-3.1168,12.94,0.014523,891.11,-17.656,-76.862,199.52,-135.84,0,0.495,0.13467,0.051926
2796.1,-1660.1,20.689,-3.0561,-2.9076,14.335,0.015487,925.84,-16.898,-103.66,230.4,-105.23,0,0.495,0.13466,0.047899
1540.6,-1461.9,24.874,-1.6799,-3.4202,6.9996,0.0084297,828.41,-13.268,-44.95,237.29,-46.567,0,0.495,0.15059,0.060087
177.34,-1429.7,24.801,-1.5225,-3.4194,7.447,0.0083826,883.48,-10.388,-51.767,272.89,18.409,0,0.495,0.15858,0.060088
1674.8,-1175.2,25.759,-1.5151,-3.5517,5.4822,0.0072883,750.52,-13.888,-33.926,191.65,-71.973,0,0.495,0.15061,0.064117
2182.9,264.93,22.112,-2.1882,-3.3266,11.592,0.012025,963.49,-4.5004,-125.1,234.27,-36.234,0,0.495,0.1745,0.051962
266.06,-665.13,22.118,-2.0801,-3.2067,11.841,0.012086,979.3,-6.9367,-112.06,271.98,9.3342,0,0.495,0.16653,0.05195
910.2,-174.93,23.127,-1.8078,-3.4324,10.377,0.010877,953.2,-5.1384,-99.941,251.95,-18.716,0,0.495,0.17454,0.056029
-775.47,-1011.8,23.265,-1.7247,-3.3294,10.25,0.010649,961.32,-7.4844,-85.247,281.77,21.78,0,0.495,0.16656,0.056029
2580.9,469.35,23.388,-1.9636,-3.5919,9.8108,0.01053,930.56,-2.2001,-110.76,214.8,-69.022,0,0.495,0.18251,0.056002
2668.2,-101.57,24.313,-1.6418,-3.6707,8.5898,0.0094426,907.92,-2.889,-89.914,227.39,-51.732,0,0.495,0.18252,0.060077
711.28,-615.23,24.188,-1.5138,-3.5307,8.8852,0.0095706,926.76,-5.7021,-78.175,257.6,-3.5461,0,0.495,0.17456,0.060074
2388.5,-171.6,24.851,-1.821,-3.841,7.5793,0.0086892,869.19,-0.32441,-93.877,190.47,-93.324,0,0.495,0.19047,0.060053
2406.5,301.43,24.08,-2.1583,-3.7811,8.6084,0.0095996,894.5,0.49398,-112.58,177.08,-109.76,0,0.495,0.19048,0.055956
2604.9,935.32,22.559,-2.3664,-3.5022,10.719,0.011418,938.03,-1.3736,-133,193.91,-85.967,0,0.495,0.18248,0.05191
2629.7,660.44,23.358,-2.5582,-3.7096,9.4385,0.010361,909.23,1.422,-132.11,158.16,-124.28,0,0.495,0.19055,0.051935
-790.68,-1288.5,24.421,-1.4607,-3.444,8.4261,0.0091035,922.72,-8.0201,-63.629,275.83,29.559,0,0.495,0.16658,0.060083
5134.2,-4619.5,27.537,-3.5051,-3.1054,0.89142,0.0018435,471.17,14.946,-24.95,42.377,-53.025,0,0.495,0.23053,0.043902
3823.7,-3565.2,27.904,-3.3843,-2.7672,0.48371,0.0011797,405.72,15.235,-14.807,35.701,-32.298,0,0.495,0.23848,0.0439
5831,-5181.1,27.311,-3.78,-2.9832,0.99596,0.0019146,509.88,16.183,-29.042,43.006,-55.01,0,0.495,0.23054,0.039907
4335.7,-3997.4,27.707,-3.6081,-2.6541,0.57354,0.0012647,449.78,16.36,-17.779,37.802,-34.793,0,0.495,0.23848,0.039906
4912.7,-4471.4,27.208,-3.2937,-3.5361,1.7374,0.0030917,542.17,12.931,-41.668,53.009,-82.019,0,0.495,0.22251,0.047949
4400.3,-4087.3,27.76,-3.2427,-3.1958,0.76819,0.0017307,429.73,13.703,-21.221,40.767,-49.306,0,0.495,0.23053,0.047913
5765.7,-5038,26.939,-3.6155,-3.4407,1.9122,0.0032223,575.84,14.262,-47.386,50.831,-85.298,0,0.495,0.22254,0.043928
6639.6,-5688.2,26.688,-3.9543,-3.3077,2.0171,0.0032597,603.81,15.605,-52.275,47.228,-86.242,0,0.495,0.22257,0.039918
3311.3,-3165.5,28.091,-3.1686,-2.854,0.39447,0.0010784,361.02,14.097,-12.286,32.397,-29.394,0,0.495,0.23848,0.047909
4868.6,-4449.7,27.506,-3.8392,-2.5128,0.65978,0.001332,492.25,17.463,-21.164,38.884,-36.675,0,0.495,0.23848,0.035915
3755.6,-3457.3,27.827,-3.6276,-2.2306,0.50304,0.0010897,460.04,17.032,-14.208,33.159,-27.785,0,0.495,0.24642,0.035915
3329.1,-3103.6,28,-3.4391,-2.3607,0.42724,0.0010215,416.47,16.049,-11.783,31.881,-25.519,0,0.495,0.24642,0.039906
2850.5,-2675.8,28.1,-3.429,-1.9793,0.41978,0.00096154,435.23,16.407,-8.7723,27.878,-23.882,0,0.495,0.25436,0.035915
2536.6,-2412.7,28.247,-3.2749,-2.1009,0.35628,0.00090243,393.35,15.535,-7.1272,26.767,-21.567,0,0.495,0.25436,0.039906
6539.8,-5772.3,27.085,-4.0645,-2.8269,1.0775,0.0019444,546,17.413,-33.209,42.736,-55.406,0,0.495,0.23054,0.035915
7552.4,-6430,26.452,-4.3067,-3.1347,2.0553,0.0032095,627.96,16.971,-56.391,42.449,-84.654,0,0.495,0.22258,0.035919
2930.2,-2769.7,28.168,-3.2552,-2.4684,0.3521,0.00094302,371.43,15.04,-9.8671,29.625,-23.124,0,0.495,0.24642,0.0439
1968.6,-1946.3,28.522,-2.9734,-2.291,0.23321,0.00075957,305.33,13.709,-5.2567,22.019,-17.121,0,0.495,0.25436,0.047908
2244.9,-2168.4,28.389,-3.1232,-2.2044,0.29302,0.0008348,349.43,14.633,-5.9623,24.814,-19.26,0,0.495,0.25436,0.0439
2535.9,-2462.3,28.325,-3.0761,-2.5548,0.28115,0.00085567,326.46,14.011,-8.4458,26.359,-20.79,0,0.495,0.24642,0.047909
3282.7,-2169.7,25.644,-2.8711,-3.9438,5.3284,0.0068461,769.26,7.5998,-92.382,93.261,-142.43,0,0.495,0.20636,0.052016
2601.1,-2023.2,26.097,-2.5123,-3.99,4.7664,0.0063463,740.67,6.432,-79.339,102.85,-130.45,0,0.495,0.20638,0.056045
4241.2,-3547.6,26.708,-2.9537,-3.8446,3.1372,0.0047537,642.88,9.8165,-61.406,71.371,-114.79,0,0.495,0.2143,0.052001
3500.4,-3208.9,27.059,-2.6381,-3.8803,2.7282,0.0043728,604.89,8.593,-50.678,73.132,-105.93,0,0.495,0.2143,0.056012
5009.4,-3900.8,26.373,-3.306,-3.7759,3.4575,0.0050295,672.31,11.106,-71.404,65.99,-120.71,0,0.495,0.21432,0.047991
4206.3,-4008.4,27.486,-2.9936,-3.5915,1.5056,0.0028774,501.58,11.631,-34.977,53.002,-75.735,0,0.495,0.22238,0.051959
3912.7,-2316.8,25.241,-3.2758,-3.8677,5.7267,0.0071954,787.96,8.8512,-104.29,79.446,-150.64,0,0.495,0.20637,0.048008
3536.2,-3563.6,27.758,-2.7208,-3.617,1.2446,0.002599,455.13,10.367,-27.756,50.528,-68.385,0,0.495,0.22226,0.055957
2297.5,-2101.7,26.585,-2.1989,-4.0135,4.0654,0.0057139,699.07,5.2927,-65.564,111.71,-114.81,0,0.495,0.20646,0.060099
1902.6,-799.86,25.671,-2.0208,-3.978,5.9703,0.0073841,802.31,2.6237,-85.704,151.52,-114.77,0,0.495,0.19844,0.060051
1976,-444.44,25.032,-2.3534,-3.9416,6.8776,0.0081716,836.72,3.584,-102.36,140.51,-131.89,0,0.495,0.19851,0.056008
1589.1,-999.31,26.337,-1.7448,-3.9924,4.9111,0.0064695,751.31,1.7392,-69.411,151.88,-97.202,0,0.495,0.19842,0.064087
1882.3,-2063.1,27.107,-1.9373,-4.0012,3.2282,0.0049481,637.78,4.2718,-51.556,110.01,-97.046,0,0.495,0.20639,0.064078
2449.6,-328.28,24.458,-2.7438,-3.8833,7.5717,0.0087914,857.22,4.6427,-118.33,124.68,-146.5,0,0.495,0.19854,0.051955
2843.8,-157.31,23.957,-3.1899,-3.8029,8.0557,0.0092372,868.59,5.7825,-133.47,102.95,-157.91,0,0.495,0.1986,0.047938
3034.9,-3018.5,27.427,-2.3596,-3.8868,2.2323,0.0038799,553.99,7.4032,-39.809,75.569,-92.452,0,0.495,0.21433,0.060027
3045.3,-3192.7,28.018,-2.4771,-3.6238,0.96891,0.0022666,402.76,9.138,-20.304,47.341,-58.635,0,0.495,0.22225,0.059976
2455.4,-2715.8,27.788,-2.1191,-3.8688,1.7047,0.0033182,490.86,6.2688,-29.742,72.165,-76.722,0,0.495,0.21433,0.064062
2870.2,-2808,28.266,-2.9609,-2.9165,0.30967,0.00096329,316.41,12.946,-10.3,28.985,-26.086,0,0.495,0.23848,0.051957
3780.3,-3617.6,27.974,-2.9944,-3.2574,0.6346,0.0015814,385.81,12.459,-17.954,38.632,-44.186,0,0.495,0.23051,0.051957
2471.4,-2485.7,28.427,-2.7624,-2.9592,0.23305,0.00083878,272.75,11.79,-9.1646,25.43,-22.509,0,0.495,0.23847,0.056043
3187.7,-3186.4,28.177,-2.7615,-3.2938,0.49734,0.001399,339.38,11.225,-14.929,35.5,-38.668,0,0.495,0.23047,0.056019
1908.5,-1941.6,28.605,-2.7313,-2.6718,0.16137,0.00066268,241.18,11.91,-7.1465,19.612,-16.354,0,0.495,0.24642,0.05605
1673.8,-1729.6,28.725,-2.5673,-2.7059,0.11582,0.00056428,202.97,10.862,-7.0424,16.566,-14.424,0,0.495,0.24641,0.06013
2150.1,-2202.3,28.57,-2.5749,-2.9851,0.16863,0.00071313,231.66,10.654,-8.4601,21.801,-18.899,0,0.495,0.23844,0.060111
1353.5,-1403.9,28.86,-2.5349,-2.4628,0.094583,0.00050499,185.42,10.851,-5.3207,13.647,-12.005,0,0.495,0.25436,0.060132
1530.6,-1567.5,28.759,-2.6784,-2.4191,0.13256,0.0005917,222.13,11.807,-5.0793,16.262,-13.485,0,0.495,0.25436,0.05605
2196.5,-2183.7,28.472,-2.9014,-2.6221,0.21695,0.00076133,282.72,12.963,-7.55,23.055,-18.478,0,0.495,0.24642,0.051957
1735.5,-1746.2,28.646,-2.8251,-2.3621,0.17916,0.00067786,262.49,12.763,-4.9831,19.194,-15.171,0,0.495,0.25436,0.051957
2684.3,-2779.6,28.369,-2.5456,-3.2967,0.36414,0.0011916,290.44,10.049,-11.325,30.547,-32.109,0,0.495,0.23021,0.059958
697.29,-769.69,29.233,-2.4299,-1.2416,0.077486,0.00039919,191.43,10.677,2.5424,9.5483,-7.8023,0,0.495,0.29428,0.0439
596.69,-630.12,29.328,-2.2913,-1.114,0.049351,0.00032589,148.84,9.7739,3.2867,9.5198,-4.3414,0,0.495,0.30222,0.043899
745.97,-828.14,29.172,-2.486,-1.1575,0.093418,0.00043367,212.59,11.157,3.3649,11.759,-8.0641,0,0.495,0.29428,0.039907
634.93,-670.16,29.27,-2.3358,-1.0335,0.059122,0.00035358,164.36,10.195,4.0196,11.447,-4.4482,0,0.495,0.30222,0.039907
790.29,-864.32,29.166,-2.4941,-1.4664,0.090534,0.00043812,204.25,11.021,0.72154,8.3106,-10.325,0,0.495,0.28634,0.047908
655.49,-719.35,29.286,-2.3685,-1.3187,0.061941,0.00036291,168.2,10.171,1.5321,7.1003,-7.5012,0,0.495,0.29428,0.047907
840.26,-928.78,29.106,-2.5689,-1.3874,0.1135,0.00048101,233.47,11.597,1.5947,10.626,-11.186,0,0.495,0.28634,0.0439
901.88,-1004.9,29.038,-2.6389,-1.3002,0.13702,0.00052086,260.53,12.146,2.2728,12.794,-11.892,0,0.495,0.28634,0.039906
560.24,-594.49,29.378,-2.2416,-1.1887,0.039857,0.0002978,131.59,9.3273,2.3475,7.1969,-4.3645,0,0.495,0.30222,0.047903
667.04,-707.3,29.207,-2.3755,-0.94714,0.068446,0.00037989,177.17,10.586,4.5237,12.82,-4.86,0,0.495,0.30222,0.035916
563.1,-575.68,29.281,-2.2217,-0.84567,0.040202,0.00030517,129.13,9.5596,4.5398,11.668,-2.0667,0,0.495,0.31016,0.035916
541.67,-552.03,29.34,-2.1904,-0.9263,0.035005,0.00028533,120.32,9.2157,4.3051,10.875,-1.5408,0,0.495,0.31016,0.039907
460.11,-459.01,29.335,-2.0787,-0.7587,0.022873,0.00025022,89.888,8.5769,4.4143,10.317,-0.58092,0,0.495,0.3181,0.035916
448.89,-444.7,29.387,-2.0535,-0.83286,0.020278,0.00023784,84.027,8.2737,4.4671,10.078,0.11642,0,0.495,0.3181,0.039907
792.51,-885.99,29.103,-2.5371,-1.0662,0.10851,0.00046531,230.29,11.605,3.989,13.52,-8.4839,0,0.495,0.29428,0.035916
966.53,-1084.6,28.963,-2.7045,-1.2042,0.15939,0.0005568,283.67,12.661,2.7689,14.62,-12.588,0,0.495,0.28634,0.035915
512.85,-524.57,29.395,-2.1552,-1.0026,0.0297,0.000266,109.66,8.8449,3.8507,9.5049,-1.381,0,0.495,0.31016,0.0439
411.87,-409.17,29.486,-1.9933,-0.97092,0.015395,0.00022071,69.297,7.5989,4.0237,8.0515,0.55691,0,0.495,0.3181,0.047903
431.28,-426.83,29.438,-2.0252,-0.90378,0.017753,0.00022784,77.058,7.947,4.3795,9.3514,0.48066,0,0.495,0.3181,0.0439
482.94,-498.93,29.444,-2.1152,-1.0741,0.02461,0.00024792,97.727,8.451,3.1461,7.61,-1.4669,0,0.495,0.31016,0.047903
1135.3,-1199.3,28.951,-2.6318,-1.9058,0.12348,0.00054286,225.56,11.808,-1.3226,12.182,-12.088,0,0.495,0.27027,0.051954
1048.9,-1106.7,29.027,-2.5204,-1.9697,0.091118,0.00047762,188.88,11.034,-1.7241,10.286,-10.441,0,0.495,0.27027,0.05603
915.16,-990.15,29.09,-2.5245,-1.7094,0.095497,0.00046747,202.15,11.14,-0.64507,8.7476,-10.968,0,0.495,0.27836,0.051951
857.74,-921.08,29.15,-2.4272,-1.7736,0.070512,0.00041219,169.04,10.449,-1.1885,7.1497,-9.4985,0,0.495,0.27836,0.056021
978.25,-1066.1,29.024,-2.6183,-1.6369,0.12436,0.00052017,236.91,11.814,0.022293,10.528,-12.432,0,0.495,0.27836,0.047907
741.91,-806.06,29.218,-2.414,-1.5378,0.069514,0.00039313,174.57,10.419,-0.26139,6.3984,-9.4254,0,0.495,0.28634,0.051952
1231,-1300.6,28.867,-2.741,-1.8323,0.16075,0.00060398,264.29,12.566,-0.93512,14.075,-13.881,0,0.495,0.27027,0.047909
698.46,-753.51,29.264,-2.3293,-1.6018,0.05146,0.0003475,146.05,9.7979,-1.0534,4.8303,-8.4254,0,0.495,0.28633,0.056026
960.23,-1015.7,29.097,-2.4091,-2.0243,0.064867,0.00041144,155.89,10.252,-1.9207,8.6299,-9.0144,0,0.495,0.27027,0.060083
1143.6,-1203.2,28.984,-2.4792,-2.2367,0.079324,0.00045991,170.71,10.626,-3.2999,11.054,-10.413,0,0.495,0.2623,0.060125
1273.1,-1327.7,28.898,-2.6055,-2.186,0.11151,0.00053674,205.92,11.494,-3.0295,13.168,-11.784,0,0.495,0.26231,0.056049
1024.3,-1084.4,29.06,-2.3564,-2.2772,0.054856,0.00038695,140.17,9.769,-3.4487,8.9989,-9.3087,0,0.495,0.2623,0.064154
872.53,-924.74,29.16,-2.3002,-2.0705,0.045,0.00034874,127.5,9.475,-1.9072,7.0373,-7.8236,0,0.495,0.27026,0.064118
1407.6,-1458.4,28.803,-2.7332,-2.1243,0.15107,0.00061239,244.92,12.356,-2.74,15.535,-13.383,0,0.495,0.2623,0.051957
1564.7,-1603.4,28.7,-2.8602,-2.051,0.19677,0.0006833,286.28,13.204,-2.6314,17.809,-15.226,0,0.495,0.2623,0.047909
795.2,-852.6,29.204,-2.3292,-1.83,0.050391,0.00035719,139.28,9.7474,-1.4009,5.9023,-8.1756,0,0.495,0.27833,0.060046
650.62,-700.92,29.305,-2.2425,-1.6586,0.03708,0.00030389,120.33,9.163,-1.3735,3.7844,-7.4873,0,0.495,0.28632,0.060069
732.58,-783.72,29.253,-2.2323,-1.8793,0.035295,0.00030625,113.77,9.0448,-1.3214,4.7784,-7.0361,0,0.495,0.27828,0.064053
522.76,-558.24,29.42,-2.1861,-1.2578,0.031277,0.00027081,113.68,8.8526,1.2996,5.0171,-4.5513,0,0.495,0.30222,0.051946
613.9,-671.34,29.33,-2.3015,-1.389,0.047796,0.00032619,144.33,9.6368,0.40555,4.9893,-7.2298,0,0.495,0.29428,0.051951
489.86,-525.77,29.455,-2.1253,-1.321,0.024048,0.00024682,96.111,8.3575,0.2916,3.1705,-4.6776,0,0.495,0.30223,0.056034
577.47,-628.81,29.368,-2.229,-1.4527,0.035766,0.00029079,121.17,9.0832,-0.61497,3.2962,-6.8334,0,0.495,0.29428,0.056029
422.18,-447.93,29.522,-2.0194,-1.2027,0.016195,0.00022085,72.804,7.5926,1.4965,3.7602,-2.2701,0,0.495,0.31017,0.056036
392.49,-420.4,29.551,-1.9651,-1.2584,0.013185,0.00021527,61.156,7.1391,0.98919,2.3881,-2.7396,0,0.495,0.31018,0.060085
453.07,-489.97,29.483,-2.0607,-1.3775,0.018396,0.00022812,79.86,7.8468,-0.34843,1.9562,-4.8025,0,0.495,0.30224,0.060079
344.81,-356.91,29.599,-1.8697,-1.1458,0.010025,0.00022439,45.09,6.4316,2.5208,3.4034,-0.68845,0,0.495,0.31813,0.060102
368.03,-374.56,29.567,-1.9152,-1.0926,0.011493,0.00021812,52.926,6.8372,2.8899,4.7953,-0.13576,0,0.495,0.31811,0.05604
451.52,-471.96,29.486,-2.0699,-1.141,0.020036,0.00023233,85.211,8.0315,2.3067,5.6242,-1.8437,0,0.495,0.31016,0.051945
391.47,-390.44,29.53,-1.9567,-1.034,0.013287,0.00021715,61.116,7.2276,3.4713,6.4758,0.28475,0,0.495,0.3181,0.051945
536.77,-584.95,29.4,-2.1532,-1.5094,0.026282,0.00025919,100.05,8.5134,-1.1633,2.2456,-6.4557,0,0.495,0.29428,0.060077
141.74,-157.35,29.618,-1.5253,-0.51678,0.0062772,0.0004211,12.944,3.8611,5.4107,4.7632,-2.92,0,0.495,0.35781,0.043901
119.52,-138.53,29.673,-1.4499,-0.45899,0.0060351,0.00033315,9.7861,3.1592,5.1526,4.2625,-3.5008,0,0.495,0.36574,0.043901
142.67,-162.24,29.594,-1.5353,-0.47417,0.0063576,0.00043744,13.882,4.0461,4.6334,4.2325,-3.2242,0,0.495,0.35781,0.039908
118.38,-140.8,29.651,-1.4593,-0.41953,0.0060875,0.00037867,10.453,3.325,4.3538,3.8259,-3.7539,0,0.495,0.36574,0.039908
171.16,-174.6,29.6,-1.5953,-0.62593,0.0065376,0.00041376,16.139,4.3808,6.4142,5.9834,-1.4383,0,0.495,0.34986,0.0479
136.59,-148.39,29.646,-1.5173,-0.5584,0.0061941,0.00040881,11.928,3.6616,6.281,5.3892,-2.6561,0,0.495,0.35781,0.047901
176.77,-185.26,29.569,-1.6061,-0.58061,0.0066661,0.00038764,17.554,4.604,5.6662,5.5284,-1.8207,0,0.495,0.34986,0.043901
179.11,-192.55,29.54,-1.618,-0.53375,0.0067925,0.00036705,18.878,4.8113,4.8759,4.9737,-2.2732,0,0.495,0.34986,0.039908
116.36,-131.34,29.698,-1.4434,-0.49794,0.0059799,0.00028923,9.0455,2.9803,6.2313,5.0031,-3.234,0,0.495,0.36574,0.047901
113.49,-136.24,29.63,-1.469,-0.38071,0.0061352,0.00040889,11.022,3.4789,4.7167,4.084,-3.8961,0,0.495,0.36574,0.035916
92.72,-114.59,29.689,-1.3981,-0.33232,0.0059423,0.00027679,8.3682,2.7831,4.6732,3.9309,-3.9199,0,0.495,0.37368,0.035916
100.56,-122.76,29.708,-1.388,-0.36718,0.0059125,0.00024897,7.9898,2.6454,3.9354,3.4499,-3.7807,0,0.495,0.37367,0.039908
72.341,-91.833,29.745,-1.3349,-0.28701,0.0058129,0.00019215,6.37,2.1243,4.1551,3.7941,-3.7979,0,0.495,0.3816,0.035916
80.745,-102.06,29.763,-1.3238,-0.31747,0.0057953,0.00017568,6.1405,2.0008,2.8622,3.1083,-3.6318,0,0.495,0.3816,0.039908
140.37,-161.69,29.571,-1.5457,-0.43133,0.0064315,0.00044139,14.702,4.2174,4.6673,4.2858,-3.4474,0,0.495,0.35781,0.035916
178.39,-195.16,29.514,-1.6301,-0.48597,0.0069108,0.00035147,20.044,5.0033,4.642,4.8252,-2.6807,0,0.495,0.34986,0.035916
104.02,-122.46,29.728,-1.3781,-0.40361,0.0058791,0.00022146,7.5287,2.4967,4.8331,3.681,-3.5113,0,0.495,0.37368,0.043901
86.048,-99.103,29.797,-1.3046,-0.38228,0.0057521,0.00014492,5.4812,1.7229,5.4107,3.6691,-2.8821,0,0.495,0.3816,0.047901
84.522,-102.49,29.779,-1.3124,-0.35012,0.0057749,0.00016023,5.8399,1.8676,3.7916,3.0178,-3.3658,0,0.495,0.38161,0.043901
103.46,-117,29.75,-1.3717,-0.43977,0.0058432,0.00019495,7.0021,2.3359,6.2095,4.4511,-3.1422,0,0.495,0.37368,0.047901
265.03,-255.09,29.578,-1.7527,-0.83885,0.007817,0.00027407,29.147,5.6352,5.7244,6.9063,1.393,0,0.495,0.33398,0.051938
254.21,-245.7,29.616,-1.7272,-0.88804,0.0074463,0.00029346,25.951,5.325,5.3846,5.9766,1.425,0,0.495,0.33398,0.056028
212.54,-203.68,29.601,-1.6644,-0.75008,0.0069082,0.00034645,20.404,4.8785,6.4497,6.4652,0.40884,0,0.495,0.34192,0.051937
202.72,-195.51,29.637,-1.646,-0.79459,0.0067177,0.00037392,18.386,4.5993,6.1447,5.8398,0.58574,0,0.495,0.34191,0.056027
222.92,-215.41,29.564,-1.6801,-0.70221,0.0071145,0.00032358,22.482,5.1423,6.289,6.6723,0.12155,0,0.495,0.34192,0.0479
162.86,-163.86,29.634,-1.5849,-0.66947,0.0064127,0.00042264,14.71,4.1435,6.7149,6.061,-1.1761,0,0.495,0.34986,0.051937
276.73,-267.68,29.537,-1.7745,-0.78588,0.0082283,0.00025914,32.395,5.9293,5.7711,7.476,1.2062,0,0.495,0.33398,0.047901
154.68,-156.61,29.667,-1.5727,-0.71014,0.006297,0.00040996,13.343,3.8925,6.3746,5.6683,-0.99681,0,0.495,0.34985,0.056028
243.42,-237.52,29.65,-1.6975,-0.9326,0.007126,0.00031776,22.936,5.0019,5.0075,4.9888,1.2601,0,0.495,0.33398,0.060075
294.15,-296.25,29.63,-1.7793,-1.0368,0.0081726,0.00025773,32.288,5.7081,3.9019,4.3589,0.85311,0,0.495,0.32607,0.060107
310.62,-307.94,29.596,-1.8167,-0.98772,0.0088577,0.00024162,37.248,6.0709,4.2327,5.589,1.2715,0,0.495,0.32605,0.056041
276.82,-283.83,29.659,-1.7395,-1.0814,0.0076107,0.00027925,27.777,5.3401,4.0084,3.2637,0.39937,0,0.495,0.32607,0.064131
230.21,-228.92,29.681,-1.6649,-0.97292,0.006856,0.00034718,20.183,4.673,5.0057,3.9927,1.0396,0,0.495,0.33399,0.064085
326.25,-319.54,29.557,-1.85,-0.93362,0.0096484,0.00023041,42.417,6.4192,4.6633,6.9069,1.4931,0,0.495,0.32604,0.051944
340.54,-334.25,29.514,-1.8788,-0.87539,0.01055,0.0002237,47.593,6.7497,4.9457,7.9575,1.5335,0,0.495,0.32604,0.047903
193.92,-190.02,29.67,-1.6233,-0.83494,0.0065465,0.00040596,16.495,4.3083,5.6142,5.0633,0.60642,0,0.495,0.34192,0.060069
147.95,-152.83,29.699,-1.5563,-0.74724,0.0061939,0.00039857,12.087,3.6306,5.5903,5.0173,-0.92633,0,0.495,0.34986,0.060069
185.62,-184.93,29.701,-1.597,-0.87145,0.0063964,0.0004162,14.764,4.011,5.3788,4.2103,0.59505,0,0.495,0.34192,0.064074
111.3,-122.91,29.727,-1.44,-0.53679,0.005925,0.00024876,8.2721,2.7909,6.9651,5.4904,-3.0275,0,0.495,0.36574,0.051938
129.04,-138.7,29.677,-1.511,-0.59899,0.0061125,0.00037926,10.893,3.4499,6.7293,5.6829,-2.4789,0,0.495,0.35781,0.051938
104.95,-115.9,29.758,-1.4376,-0.57389,0.0058745,0.00021527,7.5339,2.5901,6.8731,5.3725,-2.9261,0,0.495,0.36574,0.056031
121.27,-131.42,29.709,-1.5043,-0.63726,0.0060372,0.00032988,9.9086,3.2261,6.417,5.4317,-2.3714,0,0.495,0.3578,0.056028
98.134,-104.69,29.805,-1.3699,-0.5131,0.005772,0.00014897,5.8903,1.9866,7.6462,5.2661,-2.6318,0,0.495,0.37367,0.056031
95.613,-104.22,29.833,-1.3684,-0.54799,0.0057431,0.00013367,5.4223,1.799,6.7666,4.7728,-2.5733,0,0.495,0.37368,0.060071
99.477,-112.89,29.786,-1.4324,-0.6087,0.0058317,0.00018917,6.8936,2.3803,5.7877,4.7632,-2.9116,0,0.495,0.36574,0.060069
90.154,-91.587,29.873,-1.3032,-0.48435,0.0056842,0.0001072,4.3509,1.2432,7.4817,4.7155,-1.8349,0,0.495,0.3816,0.060067
88.945,-90.62,29.846,-1.3028,-0.45062,0.0057044,0.00011635,4.6912,1.4107,7.8345,5.0203,-2.0429,0,0.495,0.3816,0.056029
101.83,-110.34,29.776,-1.3694,-0.47696,0.0058065,0.00016956,6.4392,2.1663,7.3383,5.1665,-2.8009,0,0.495,0.37368,0.051938
88.769,-94.674,29.82,-1.3015,-0.41666,0.005728,0.00012897,5.0896,1.5714,6.9988,4.628,-2.343,0,0.495,0.38161,0.051937
114.99,-127.67,29.739,-1.4937,-0.6725,0.0059718,0.0002838,9.0274,2.9925,5.4058,4.7963,-2.3412,0,0.495,0.3578,0.060067
52.647,-54.966,29.911,-1.1786,-0.35455,0.0056206,0.00011375,3.0114,0.29097,4.0645,3.9127,-1.3005,0,0.495,0.39751,0.055993
72.803,-73.048,29.882,-1.2387,-0.39208,0.005655,0.00010759,3.72,0.85831,6.1996,4.4731,-1.3139,0,0.495,0.38954,0.056022
54.838,-53.673,29.928,-1.1907,-0.38645,0.0056139,0.00011138,2.905,0.26644,4.9135,4.2686,-1.0119,0,0.495,0.39753,0.060049
73.732,-72.104,29.906,-1.2402,-0.42226,0.0056406,0.00010347,3.4699,0.70406,6.4145,4.3691,-1.0145,0,0.495,0.38954,0.060062
72.554,-74.297,29.929,-1.2397,-0.45079,0.0056295,0.00010163,3.2906,0.54289,5.5899,3.9412,-0.74575,0,0.495,0.38956,0.064071
50.944,-52.568,29.953,-1.182,-0.40573,0.0056013,0.00011337,2.6821,0.00072766,4.0449,3.8909,-0.74678,0,0.495,0.39758,0.064088
54.061,-59.731,29.885,-1.1887,-0.33057,0.0056375,0.00011552,3.3266,0.54642,3.0055,3.309,-1.5324,0,0.495,0.3975,0.051927
71.311,-76.532,29.858,-1.2379,-0.36212,0.0056712,0.00011415,4.0043,1.0037,4.9346,3.7492,-1.6192,0,0.495,0.38954,0.051935
65.259,-78.28,29.841,-1.2435,-0.33233,0.0056869,0.00012437,4.2692,1.1407,2.9904,2.5837,-2.2151,0,0.495,0.38954,0.0479
48.076,-58.893,29.878,-1.1868,-0.30289,0.0056432,0.00012168,3.4122,0.54929,1.0787,2.2404,-1.9716,0,0.495,0.39751,0.0479
-4539.8,10158,6.5985,-2.6193,4.5094,22.654,0.029475,737.32,-53.764,-297.83,-74.895,-10.745,0,0.495,0.039431,0.075887
-16898,11846,6.8035,-2.9891,2.6054,23.386,0.031178,750.09,-56.346,-291.34,-82.873,-46.339,0,0.495,0.047346,0.075893
-5047.5,9746.2,6.9143,-2.8265,4.458,22.296,0.029297,733.62,-50.669,-291.81,-75.661,-12.416,0,0.495,0.039436,0.071896
-16148,11239,7.1309,-3.2183,2.6131,23.009,0.030916,744.2,-53.477,-283.38,-83.604,-46.131,0,0.495,0.04735,0.071904
7190,8216.6,6.3621,-1.9864,6.5846,22.14,0.027153,754.13,-53.75,-302.65,-63.111,21.691,0,0.495,0.031511,0.07987
-4975.1,10796,6.2887,-2.4131,4.5457,22.975,0.029663,740.97,-56.731,-304.57,-73.656,-9.1837,0,0.495,0.039427,0.079875
7322.8,7775.9,6.6494,-2.1624,6.5013,21.874,0.027044,751.89,-50.575,-298,-64.43,18.992,0,0.495,0.031516,0.075879
6524.3,7528.3,6.942,-2.3423,6.4002,21.587,0.026998,750,-47.229,-293.97,-65.203,16.09,0,0.495,0.031522,0.071887
-17812,12681,6.4819,-2.7577,2.5852,23.712,0.031386,755.49,-59.121,-300.04,-81.788,-46.529,0,0.495,0.047343,0.079881
-15595,10920,7.4632,-3.45,2.6087,22.586,0.030591,738.28,-50.546,-276.42,-84.376,-45.842,0,0.495,0.047354,0.067915
-16244,11238,7.9639,-3.7383,0.94674,23.37,0.03061,763.53,-51.708,-261.41,-86.035,-84.069,0,0.495,0.055265,0.067939
-17083,11812,7.6375,-3.4929,0.88013,23.799,0.030816,772.36,-54.347,-270.11,-85.672,-87.093,0,0.495,0.055278,0.071916
-16234,10453,8.7709,-3.884,-0.5598,24.237,0.030359,798.42,-51.625,-240.3,-83.029,-121.63,0,0.495,0.063257,0.06795
-17271,11183,8.4757,-3.6286,-0.7021,24.674,0.030449,810.45,-54.023,-249.64,-82.884,-128.06,0,0.495,0.063279,0.071922
-5664.2,9618.4,7.2351,-3.0393,4.3924,21.91,0.02915,730.23,-47.483,-286.75,-76.429,-14.021,0,0.495,0.03944,0.067906
5631.3,7525.4,7.239,-2.5302,6.2824,21.288,0.027061,748.74,-43.736,-290.68,-66,13.246,0,0.495,0.031525,0.067897
-18132,12665,7.3132,-3.2461,0.80405,24.172,0.030956,780.95,-56.955,-279.83,-85.256,-90.087,0,0.495,0.055274,0.075903
-18534,12198,8.1812,-3.3686,-0.85148,25.049,0.03047,822.3,-56.413,-260.05,-82.683,-134.77,0,0.495,0.063279,0.075911
-19332,13737,6.9941,-2.9937,0.71859,24.481,0.031043,788.78,-59.505,-290.27,-84.493,-93.044,0,0.495,0.055269,0.079895
7539.4,5817.8,6.3798,-1.3696,8.7402,21.126,0.024699,820.52,-53.059,-296.97,-49.665,45.346,0,0.495,0.023585,0.083859
7860,2914.1,6.8004,-0.90254,10.807,18.863,0.01852,1045.3,-49.366,-288.22,-41.638,74.173,0,0.495,0.015663,0.083856
7140.3,6377.1,6.133,-1.2316,8.8176,21.257,0.024811,822.66,-55.984,-300.54,-48.463,48.521,0,0.495,0.023577,0.087851
7418.8,3376.4,6.5848,-0.80804,10.909,18.875,0.018506,1048,-52.507,-291.22,-41.125,78.692,0,0.495,0.015655,0.087849
7850.7,5343.2,6.6325,-1.5082,8.6418,20.981,0.024591,818.75,-49.89,-293.69,-50.358,41.907,0,0.495,0.023591,0.079869
7339,8837.8,6.0817,-1.8108,6.65,22.382,0.027315,756.5,-56.733,-307.74,-61.96,24.279,0,0.495,0.031504,0.083862
8232.4,2482.7,7.02,-0.99876,10.682,18.85,0.018524,1043.1,-45.942,-285.4,-41.648,69.393,0,0.495,0.01567,0.079863
6980,9579.9,5.8089,-1.6329,6.6965,22.593,0.027499,758.86,-59.503,-313.14,-60.282,26.713,0,0.495,0.031497,0.087855
6832,3895.9,6.3746,-0.71381,10.987,18.882,0.01849,1051.2,-55.355,-294.42,-40.92,82.98,0,0.495,0.015646,0.091842
14982,-9889.5,7.2293,-0.35868,13.15,13.815,0.0074955,2474.1,-51.846,702.24,-27.76,1528.3,0,0.495,0.00772,0.091841
16395,-11621,7.3983,-0.41202,13.046,13.882,0.0075462,2477.4,-48.742,695.88,-27.405,1512.8,0,0.495,0.0077287,0.087847
11821,-8308.4,7.0631,-0.30538,13.229,13.749,0.0074422,2471.4,-54.62,706.93,-27.479,1543.8,0,0.495,0.007711,0.095841
17801,-20702,7.6795,-0.16565,14.349,10.315,0.00092891,3711.3,-52.557,1709.8,2.5652,2973.6,0,0.495,0,0.095842
23557,-23439,7.8231,-0.20052,14.257,10.396,0.00094371,3721.3,-49.675,1697,2.2051,2947.4,0,0.495,0,0.09184
6061.7,4434.3,6.1695,-0.61829,11.042,18.883,0.018461,1054.9,-57.896,-297.81,-40.154,87.008,0,0.495,0.015638,0.095839
25897,-26472,7.9687,-0.23618,14.138,10.479,0.00095932,3731.8,-46.449,1681,2.4924,2921.3,0,0.495,0,0.087846
6586.6,7032,5.8936,-1.0922,8.8732,21.37,0.024931,825.05,-58.645,-304.35,-47.495,51.419,0,0.495,0.023569,0.091844
6532.7,10437,5.5452,-1.4508,6.7229,22.774,0.0277,761.09,-62.033,-318.74,-58.74,28.883,0,0.495,0.03149,0.091848
5854.3,7730.4,5.6616,-0.94966,8.9054,21.463,0.025037,827.68,-61.025,-308.37,-45.969,54.059,0,0.495,0.023561,0.09584
17472,-13428,7.5713,-0.46638,12.917,13.951,0.0075954,2481.4,-45.315,687.96,-27.461,1497.1,0,0.495,0.0077371,0.083854
29271,-33336,8.2687,-0.31211,13.825,10.658,0.00099371,3756,-38.995,1640,2.5151,2869.1,0,0.495,0,0.07986
27620,-29686,8.1178,-0.27324,13.995,10.566,0.00097599,3743.2,-42.892,1662,2.3021,2895.1,0,0.495,0,0.083853
18486,-15458,7.7467,-0.52256,12.764,14.027,0.0076438,2486.5,-41.568,678.49,-27.035,1481.4,0,0.495,0.0077448,0.079861
-18868,13738,6.1668,-2.5202,2.5519,23.982,0.031553,760.1,-61.766,-309.25,-80.737,-46.763,0,0.495,0.047338,0.083872
-5145.7,11643,5.9862,-2.2041,4.5665,23.255,0.029861,744.31,-59.543,-311.79,-72.508,-7.6629,0,0.495,0.039421,0.083866
-19997,14931,5.8595,-2.2741,2.5043,24.195,0.031685,763.69,-64.254,-318.72,-79.108,-46.848,0,0.495,0.047332,0.087864
-5810,12625,5.6917,-1.9897,4.5708,23.49,0.03005,747.13,-62.172,-319.3,-70.819,-6.1247,0,0.495,0.039415,0.087859
-22146,16505,6.3756,-2.4581,0.51513,24.902,0.031105,800.88,-64.279,-312.19,-82.472,-99.049,0,0.495,0.055259,0.087878
-23639,18103,6.0799,-2.1703,0.39626,25.018,0.031097,804.9,-66.413,-323.08,-80.727,-102.33,0,0.495,0.055254,0.091869
-21179,16262,5.5623,-2.0173,2.442,24.355,0.031792,766.15,-66.543,-328.18,-77.329,-47.128,0,0.495,0.047326,0.091856
-20712,15059,6.6811,-2.7318,0.62267,24.724,0.03109,795.48,-61.962,-301.15,-83.798,-96.123,0,0.495,0.055262,0.083888
-6548.5,13728,5.4074,-1.7677,4.5574,23.682,0.030236,749.32,-64.582,-326.93,-69.137,-4.8021,0,0.495,0.039408,0.091852
495.12,-530.42,29.931,0.15877,-3.3988,0.010879,0.00033385,30.026,-15.942,3.3661,4.0455,-2.9822,0,0.495,0.16654,0.14004
445.86,-466.77,29.903,0.053712,-3.2623,0.0080832,0.00026425,24.334,-14.136,3.3599,3.9924,-1.6992,0,0.495,0.17457,0.14004
495.33,-524.35,29.906,0.1006,-3.465,0.013079,0.00037845,33.788,-15.931,3.3422,4.3523,-3.3353,0,0.495,0.16654,0.13604
448.32,-465.27,29.877,0.0019094,-3.3254,0.0087347,0.00030389,26.943,-14.046,3.3404,3.9884,-1.9044,0,0.495,0.17457,0.13605
614.06,-669.1,29.978,0.33258,-3.4688,0.017116,0.00040157,35.911,-17.775,2.8771,4.5831,-3.1404,0,0.495,0.15858,0.14402
497.66,-537.29,29.954,0.21542,-3.3291,0.0094071,0.00027392,26.854,-15.922,2.7329,4.2879,-2.7938,0,0.495,0.16654,0.14403
606.8,-657.52,29.956,0.26738,-3.5461,0.023171,0.00051324,41.51,-17.886,3.411,4.8969,-3.8826,0,0.495,0.15858,0.14003
599.06,-642.74,29.93,0.19907,-3.6181,0.031965,0.00061702,48.394,-17.963,3.3709,5.747,-4.9884,0,0.495,0.15858,0.13604
445.56,-469.84,29.929,0.10506,-3.1975,0.0076059,0.00021668,21.999,-14.196,2.7907,4.5494,-1.6099,0,0.495,0.17457,0.14403
454.14,-464.03,29.849,-0.051989,-3.386,0.0096413,0.00031917,29.917,-13.924,2.7452,4.6254,-2.1762,0,0.495,0.17457,0.13205
436.68,-443.9,29.809,-0.14344,-3.2598,0.0079359,0.00029671,25.279,-12.158,2.7276,3.9085,-0.79776,0,0.495,0.18255,0.1321
428.63,-440.53,29.838,-0.09341,-3.199,0.0075603,0.00026293,22.918,-12.351,3.1687,3.5407,-0.58531,0,0.495,0.18255,0.1361
438.57,-445.87,29.767,-0.23806,-3.1356,0.0073529,0.00026767,22.221,-10.489,2.7368,3.4092,-1.1114,0,0.495,0.19055,0.13218
423.59,-432.48,29.796,-0.18927,-3.0743,0.0071039,0.00022585,20.14,-10.744,3.1157,3.3431,-0.90813,0,0.495,0.19058,0.13623
496.32,-517.64,29.878,0.039306,-3.5268,0.016302,0.00041301,38.271,-15.889,2.8163,5.2718,-3.8007,0,0.495,0.16654,0.13205
592.44,-627.47,29.899,0.12648,-3.6837,0.044298,0.00072281,56.737,-18.005,2.9451,7.229,-6.3932,0,0.495,0.15858,0.13204
423.8,-436.73,29.865,-0.044689,-3.1373,0.0072562,0.00021908,20.773,-12.511,3.11,3.8427,-0.45084,0,0.495,0.18255,0.14009
403.21,-413.13,29.855,-0.094153,-2.9542,0.006701,0.00015593,16.423,-11.157,2.5684,5.0836,-0.73071,0,0.495,0.19059,0.14423
411.34,-420.52,29.824,-0.1418,-3.0138,0.0068882,0.00018837,18.21,-10.966,3.0656,3.93,-0.7776,0,0.495,0.19059,0.14023
421.79,-436.12,29.893,0.0041671,-3.0753,0.007004,0.00018064,18.789,-12.64,2.5584,4.7075,-0.41739,0,0.495,0.18255,0.14408
1069.3,-1202.9,30.027,0.71726,-3.7232,0.13376,0.001282,88.604,-21.452,5.7746,10.868,-10.779,0,0.495,0.14258,0.14823
1086.7,-1202.4,30.06,0.79838,-3.6101,0.087823,0.00095205,70.942,-21.065,4.6604,9.1431,-6.9609,0,0.495,0.14258,0.15222
797.61,-887.96,30.022,0.5471,-3.5388,0.035865,0.00057025,47.742,-19.502,3.3675,5.6466,-4.0725,0,0.495,0.15062,0.14805
805.36,-889.92,30.044,0.6177,-3.4414,0.024331,0.0003986,40.091,-19.228,2.0863,5.6412,-2.9506,0,0.495,0.15062,0.15204
777.39,-871.88,29.999,0.4741,-3.6319,0.053015,0.00078853,57.432,-19.749,4.23,6.1811,-5.8864,0,0.495,0.15062,0.14405
618.42,-675.67,30,0.3963,-3.3874,0.013153,0.00030549,31.42,-17.636,1.7582,4.9315,-2.7025,0,0.495,0.15858,0.14802
968.19,-1177.4,29.984,0.6307,-3.831,0.19785,0.0015935,110.21,-21.807,6.6527,13.337,-15.918,0,0.495,0.14258,0.14423
616.98,-675.55,30.023,0.46003,-3.3032,0.01065,0.00023918,27.817,-17.47,0.23989,5.661,-2.5895,0,0.495,0.15858,0.15201
1087,-1186.2,30.089,0.87462,-3.493,0.056193,0.00064411,56.944,-20.664,3.3371,8.218,-4.1892,0,0.495,0.14258,0.15622
1333.2,-1558.8,30.072,1.1018,-3.6843,0.21656,0.0015731,113.42,-22.534,7.2861,15.272,-16.199,0,0.495,0.13463,0.15624
1156,-1573,30.015,1.0175,-3.8244,0.32837,0.0020053,144.11,-23.112,8.8097,18.956,-23.809,0,0.495,0.13463,0.15225
1328.8,-1503.5,30.117,1.178,-3.542,0.13746,0.0011598,88.28,-21.946,5.8265,12.493,-10.523,0,0.495,0.13463,0.16024
1051.3,-1143,30.114,0.9464,-3.374,0.035582,0.0004274,46.186,-20.241,1.963,7.808,-2.5009,0,0.495,0.14258,0.16022
919.63,-1577.9,29.94,0.92531,-3.9604,0.48062,0.0024242,180.25,-23.691,10.373,23.721,-33.12,0,0.495,0.13463,0.14825
605.26,-1530.2,29.844,0.82541,-4.0908,0.68126,0.0028173,221.44,-24.243,11.865,29.364,-44.322,0,0.495,0.13463,0.14425
798.3,-876.3,30.067,0.68661,-3.3412,0.017087,0.00029059,34.231,-18.934,0.5653,6.1265,-2.3478,0,0.495,0.15062,0.15604
606.17,-664.83,30.049,0.52422,-3.2169,0.0091141,0.00019338,24.922,-17.282,-1.3226,6.6223,-2.7097,0,0.495,0.15858,0.156
777.29,-850.36,30.091,0.75403,-3.2395,0.012745,0.00022249,29.816,-18.624,-0.87318,6.7744,-2.2271,0,0.495,0.15062,0.16003
447.99,-473.21,29.957,0.15754,-3.1315,0.0072495,0.00017763,19.894,-14.23,1.7446,5.5982,-1.6459,0,0.495,0.17457,0.14803
499.98,-541.87,29.979,0.27242,-3.2568,0.0084328,0.00022125,24.15,-15.873,1.5367,5.0996,-2.7761,0,0.495,0.16654,0.14802
448.94,-477.29,29.989,0.21227,-3.0646,0.0069802,0.00014636,18.029,-14.239,0.49352,6.8136,-1.7785,0,0.495,0.17457,0.15202
499.27,-543.49,30.006,0.33093,-3.1827,0.0077881,0.00018113,21.83,-15.799,0.088436,6.1726,-2.9104,0,0.495,0.16653,0.15202
422.99,-440.59,29.961,0.10727,-2.9504,0.0066202,0.00012274,15.37,-12.823,0.61972,7.3032,-0.65419,0,0.495,0.18255,0.15206
421.91,-440.92,30.001,0.16146,-2.8869,0.0064796,0.0001034,14.002,-12.88,-0.1077,8.3628,-0.86407,0,0.495,0.18255,0.15606
446.46,-476.04,30.025,0.26902,-2.9967,0.0067743,0.00012266,16.418,-14.225,-0.56574,7.899,-1.9984,0,0.495,0.17457,0.15601
380.7,-392.61,29.973,0.05525,-2.7785,0.0062951,9.2374e-05,12.183,-11.578,0.606,8.9081,-0.99815,0,0.495,0.19059,0.15621
389.89,-401.45,29.929,0.0049414,-2.8372,0.0064055,0.00010779,13.385,-11.461,1.0406,7.9125,-0.88568,0,0.495,0.19059,0.15221
422.72,-437.34,29.925,0.054585,-3.0131,0.0067935,0.00014849,16.973,-12.743,1.6347,5.9718,-0.5043,0,0.495,0.18255,0.14807
397.31,-406.92,29.89,-0.045272,-2.8955,0.0065403,0.00012895,14.802,-11.321,1.7975,6.5278,-0.78223,0,0.495,0.19059,0.14822
492.03,-537.48,30.038,0.39085,-3.1071,0.0073562,0.00015115,19.851,-15.703,-1.2649,7.2802,-3.1623,0,0.495,0.16653,0.15601
315.76,-355.09,29.823,-0.58557,-2.523,0.0060684,9.8623e-05,10.142,-5.3044,-0.79011,4.4902,-5.3198,0,0.495,0.23029,0.14032
311.95,-347.66,29.844,-0.65845,-2.4061,0.0060055,9.4074e-05,9.4563,-4.5299,-1.2042,4.7536,-3.906,0,0.495,0.23823,0.14033
324.98,-364.76,29.787,-0.64581,-2.5663,0.0061728,0.00012127,11.491,-4.8843,-0.59272,3.4891,-5.2539,0,0.495,0.23029,0.13633
318.38,-354.56,29.808,-0.7193,-2.447,0.0060972,0.00011528,10.697,-4.0939,-0.99934,3.871,-3.8698,0,0.495,0.23823,0.13634
291.54,-329.7,29.838,-0.44838,-2.586,0.0060611,9.2024e-05,9.8539,-6.5842,-2.3611,5.6121,-5.1202,0,0.495,0.22236,0.14431
306.85,-345.42,29.862,-0.52613,-2.4802,0.0059813,8.1708e-05,8.9582,-5.6966,-0.76974,5.6615,-5.3604,0,0.495,0.23029,0.14432
301.99,-341.04,29.8,-0.507,-2.6316,0.0061612,0.00011149,11.139,-6.2167,-2.1522,4.2963,-5.0884,0,0.495,0.22236,0.14031
313.98,-354.19,29.765,-0.56606,-2.6782,0.0062805,0.00013673,12.599,-5.8203,-1.7549,3.194,-5.0525,0,0.495,0.22236,0.13632
304.55,-339.54,29.884,-0.59833,-2.3652,0.005929,7.8447e-05,8.3656,-4.9397,-1.1497,5.7601,-3.9489,0,0.495,0.23823,0.14433
326.1,-362.49,29.773,-0.78038,-2.4879,0.0062054,0.00014246,12.096,-3.632,-0.66837,3.3209,-3.8247,0,0.495,0.23823,0.13235
286.28,-318.58,29.782,-0.85044,-2.3772,0.0061336,0.00014174,11.276,-2.9608,-2.3543,3.2066,-3.427,0,0.495,0.24616,0.13236
280.81,-312.44,29.816,-0.78988,-2.3397,0.0060384,0.00011535,9.9941,-3.4327,-2.8659,3.7879,-3.154,0,0.495,0.24616,0.13635
224.88,-261.23,29.801,-0.91497,-2.2843,0.0060488,0.00013607,10.154,-2.4057,-3.5446,2.3757,-4.3064,0,0.495,0.2541,0.13236
220.67,-254.8,29.832,-0.85575,-2.2517,0.0059655,0.00011127,8.9681,-2.8776,-4.2633,3.0184,-3.6826,0,0.495,0.2541,0.13636
336.69,-376.94,29.754,-0.7065,-2.6101,0.0062957,0.00014974,13.006,-4.4365,-0.27236,2.8686,-5.1486,0,0.495,0.23029,0.13234
328.86,-370.15,29.733,-0.62529,-2.7259,0.0064201,0.00016785,14.228,-5.3941,-1.2401,2.5231,-5.0234,0,0.495,0.22236,0.13233
276.05,-306.82,29.853,-0.72939,-2.3015,0.005958,9.4935e-05,8.8607,-3.8792,-3.2376,4.6656,-2.919,0,0.495,0.24616,0.14034
208.61,-238.89,29.901,-0.73819,-2.1846,0.0058375,7.9477e-05,7.0061,-3.7486,-5.1308,5.0272,-2.5793,0,0.495,0.2541,0.14434
216.36,-248.21,29.865,-0.79654,-2.2184,0.0058954,9.2515e-05,7.921,-3.3244,-4.8233,3.9755,-3.0966,0,0.495,0.2541,0.14035
269.19,-299.44,29.892,-0.66973,-2.2629,0.0058909,8.0069e-05,7.8667,-4.3011,-3.3143,5.6262,-2.7446,0,0.495,0.24616,0.14433
282.27,-310.76,29.864,-0.22556,-2.701,0.006208,0.00010509,11.348,-8.9166,-3.7136,7.1043,-3.6363,0,0.495,0.20649,0.14828
269.22,-297.96,29.908,-0.17147,-2.6509,0.0061136,8.9451e-05,10.181,-9.154,-3.8269,8.3078,-3.7138,0,0.495,0.20649,0.15227
274.86,-305.18,29.868,-0.31349,-2.6259,0.0060796,9.039e-05,9.9175,-7.8555,-3.8524,7.0903,-4.1866,0,0.495,0.21442,0.14829
263.51,-294.47,29.913,-0.25859,-2.5786,0.006001,7.7807e-05,8.8801,-8.1372,-3.7233,8.1021,-4.183,0,0.495,0.21442,0.15228
286.29,-317.39,29.826,-0.36957,-2.6738,0.0061763,0.00010794,11.139,-7.5489,-3.6259,5.7375,-4.1679,0,0.495,0.21442,0.1443
280.98,-317.77,29.88,-0.39084,-2.5413,0.0059787,7.7735e-05,8.7418,-6.9232,-2.2855,6.8157,-5.0889,0,0.495,0.22236,0.1483
295.44,-325.28,29.824,-0.28004,-2.7522,0.0063225,0.000126,12.705,-8.6534,-3.2548,5.6327,-3.5469,0,0.495,0.20648,0.14428
268.47,-304.91,29.926,-0.33559,-2.4967,0.0059122,6.804e-05,7.7976,-7.2368,-1.8255,7.6488,-5.0399,0,0.495,0.22236,0.15229
255.33,-283.79,29.955,-0.11919,-2.6012,0.0060367,7.8549e-05,9.1881,-9.3656,-3.5238,8.9933,-3.6943,0,0.495,0.20649,0.15627
301.27,-321.19,29.956,-0.039675,-2.6769,0.006155,8.6229e-05,10.577,-10.421,-1.2797,9.1007,-2.5402,0,0.495,0.19855,0.15625
317.11,-338.39,29.91,-0.090457,-2.7297,0.0062471,9.9085e-05,11.683,-10.254,-1.1782,8.2163,-2.4873,0,0.495,0.19855,0.15226
279.51,-300.99,30.003,0.0083391,-2.6243,0.0060796,7.7552e-05,9.6332,-10.566,-1.0332,9.3608,-2.5808,0,0.495,0.19855,0.16025
241.12,-269.86,30.003,-0.070179,-2.5517,0.0059736,7.1245e-05,8.3387,-9.5554,-2.846,9.0377,-3.6569,0,0.495,0.20649,0.16026
331.64,-352.75,29.867,-0.14214,-2.7832,0.0063594,0.00011717,12.979,-10.064,-0.71557,6.8567,-2.3829,0,0.495,0.19855,0.14826
344.79,-368.14,29.83,-0.19335,-2.8381,0.0064939,0.00014061,14.469,-9.848,-0.082523,5.3305,-2.3011,0,0.495,0.19855,0.14427
251.07,-282.53,29.961,-0.20628,-2.5311,0.0059376,6.944e-05,8.005,-8.3938,-3.1624,8.5901,-4.072,0,0.495,0.21442,0.15628
253.11,-289.59,29.973,-0.28411,-2.4515,0.0058588,6.2057e-05,6.9977,-7.526,-1.0043,7.9815,-4.8756,0,0.495,0.22236,0.15629
238.84,-270.85,30.008,-0.15818,-2.4829,0.0058857,6.4112e-05,7.2567,-8.6268,-2.1927,8.4778,-3.9623,0,0.495,0.21442,0.16027
294.62,-328.51,29.926,-0.54006,-2.3244,0.0058661,6.7498e-05,7.4163,-5.3239,-0.74331,6.6375,-3.9327,0,0.495,0.23823,0.14832
295.9,-333.28,29.904,-0.46841,-2.4378,0.0059096,6.9686e-05,7.9288,-6.0612,-0.41939,6.7055,-5.3169,0,0.495,0.23029,0.14831
280.79,-313.95,29.97,-0.48483,-2.2833,0.0058151,6.0539e-05,6.6003,-5.685,-0.017489,7.1662,-3.9407,0,0.495,0.23823,0.15231
281,-317.77,29.949,-0.41376,-2.3952,0.0058516,6.1903e-05,7.0455,-6.401,0.27988,7.3946,-5.2633,0,0.495,0.23029,0.1523
245.77,-274.82,29.979,-0.55793,-2.184,0.0057916,6.3656e-05,6.2726,-5.0748,-2.4717,6.9327,-2.4788,0,0.495,0.24617,0.15232
228.94,-258.14,30.023,-0.50838,-2.1433,0.0057559,6.048e-05,5.6483,-5.4299,-1.5338,6.9797,-2.3464,0,0.495,0.24617,0.15631
262.93,-295.78,30.015,-0.43375,-2.2419,0.005774,5.6714e-05,5.901,-6.0242,1.0313,7.2548,-3.8553,0,0.495,0.23823,0.1563
161.3,-187.72,30.023,-0.5811,-2.0812,0.0057214,6.6981e-05,4.9635,-4.8917,-4.1487,6.6512,-1.4018,0,0.495,0.2541,0.15632
181.11,-208.28,29.981,-0.62889,-2.116,0.0057523,6.7405e-05,5.5407,-4.5307,-4.8047,6.5371,-1.7544,0,0.495,0.2541,0.15233
259.3,-288.81,29.934,-0.61219,-2.2238,0.0058359,6.9888e-05,7.0068,-4.6989,-3.0546,6.459,-2.5656,0,0.495,0.24616,0.14833
197.22,-225.82,29.94,-0.68184,-2.1504,0.0057903,7.1319e-05,6.2167,-4.1501,-5.1434,5.9598,-2.101,0,0.495,0.2541,0.14834
261.62,-298.17,29.995,-0.36342,-2.3524,0.0058048,5.7514e-05,6.2882,-6.7177,1.251,7.6121,-5.0895,0,0.495,0.2303,0.1563
197.86,-232.94,30.01,-1.0043,-1.6722,0.0057034,6.6676e-05,5.0512,-1.8686,4.6611,2.275,-4.966,0,0.495,0.29427,0.14051
125.27,-152.21,30.045,-1.0377,-1.5624,0.0056772,7.8032e-05,4.3751,-1.8135,-0.50167,2.9478,-2.8308,0,0.495,0.30221,0.14052
185.49,-218.8,29.985,-1.0481,-1.6912,0.0057349,7.5522e-05,5.5921,-1.4673,5.4862,2.1064,-4.8198,0,0.495,0.29427,0.13651
116.65,-143.6,30.02,-1.0781,-1.5805,0.0057031,8.5624e-05,4.8281,-1.4296,0.63353,2.8334,-2.9959,0,0.495,0.30221,0.13652
246.23,-285.08,29.988,-0.91767,-1.796,0.0056951,5.7896e-05,4.9622,-2.3916,4.7553,2.311,-5.5612,0,0.495,0.28633,0.14449
212.9,-249.99,30.036,-0.95709,-1.6512,0.0056771,6.0226e-05,4.5845,-2.2549,3.6723,2.7197,-4.9862,0,0.495,0.29427,0.1445
235.85,-271.93,29.963,-0.96866,-1.8179,0.0057269,6.489e-05,5.5268,-1.9884,5.3497,1.5985,-5.4312,0,0.495,0.28633,0.14049
225.91,-259.29,29.939,-1.0177,-1.838,0.0057653,7.5066e-05,6.1734,-1.5684,5.9943,1.1486,-5.1189,0,0.495,0.28631,0.13645
136.94,-164.44,30.071,-0.99298,-1.5424,0.0056557,7.1752e-05,3.9989,-2.1845,-1.9297,3.3557,-2.6231,0,0.495,0.30221,0.14451
114,-141.28,29.995,-1.1161,-1.5964,0.0057343,9.4595e-05,5.3771,-1.0329,1.2608,3.0467,-3.1652,0,0.495,0.30221,0.13253
64.704,-85.402,30.017,-1.1405,-1.5368,0.0056876,0.00010568,4.3728,-1.0728,-2.4515,2.1511,-1.8403,0,0.495,0.31015,0.13254
61.239,-80.066,30.039,-1.106,-1.5249,0.0056628,0.00010329,3.9098,-1.4534,-3.5002,1.9559,-1.3068,0,0.495,0.31015,0.13653
61.894,-78.809,30.034,-1.1519,-1.4972,0.0056434,0.00010098,3.5497,-1.1229,-0.52611,0.56605,-1.8706,0,0.495,0.31809,0.13255
52.888,-67.815,30.05,-1.1211,-1.4944,0.0056235,0.00010496,3.1507,-1.4863,-1.6931,0.29768,-1.3241,0,0.495,0.31809,0.13654
180.51,-212.09,29.959,-1.0898,-1.7078,0.0057727,8.6933e-05,6.2308,-1.0498,5.9055,2.2997,-4.5953,0,0.495,0.29427,0.1325
220.98,-251.49,29.915,-1.0652,-1.8558,0.0058114,8.8818e-05,6.9248,-1.1303,6.5023,1.1391,-4.6771,0,0.495,0.28628,0.13236
61.981,-79.111,30.061,-1.0693,-1.5107,0.0056424,9.9192e-05,3.5407,-1.8232,-5.1553,2.1197,-0.77993,0,0.495,0.31015,0.14052
48.563,-58.942,30.083,-1.0519,-1.4824,0.0055941,0.00010254,2.6098,-2.1838,-6.1755,0.98207,0.029593,0,0.495,0.31809,0.14453
49.01,-62.121,30.066,-1.0888,-1.4896,0.0056072,0.00010574,2.8438,-1.8403,-3.635,0.43689,-0.7059,0,0.495,0.31809,0.14053
64.556,-80.115,30.084,-1.0282,-1.4942,0.0056256,9.3425e-05,3.2479,-2.1817,-7.2241,2.621,-0.20994,0,0.495,0.31015,0.14452
195.77,-224.03,29.957,-0.77769,-2.0092,0.0056972,6.2067e-05,4.727,-3.2975,-3.0263,3.6436,-2.3055,0,0.495,0.2701,0.1484
188.05,-215.15,29.991,-0.72296,-1.9828,0.0056692,6.0442e-05,4.1869,-3.6796,-2.4063,4.4311,-2.0959,0,0.495,0.2701,0.15239
229.46,-263.19,29.976,-0.8229,-1.9093,0.0056797,5.7109e-05,4.5589,-2.9962,1.1455,3.2329,-3.9912,0,0.495,0.27834,0.14848
220.78,-254.13,30.007,-0.76985,-1.884,0.0056545,5.5548e-05,4.0554,-3.3758,1.6915,3.9972,-3.9161,0,0.495,0.27834,0.15247
228.45,-261.87,29.947,-0.87771,-1.9337,0.0057106,6.167e-05,5.1358,-2.6003,1.1547,2.2002,-4.0695,0,0.495,0.27834,0.14447
250.79,-291,30.016,-0.86522,-1.7728,0.0056685,5.367e-05,4.4581,-2.7783,4.442,3.1211,-5.5895,0,0.495,0.28633,0.14848
196.78,-226.27,29.927,-0.83468,-2.0351,0.0057321,6.7108e-05,5.3678,-2.8972,-3.0966,2.5338,-2.5924,0,0.495,0.2701,0.1444
243.35,-283.64,30.047,-0.81296,-1.7489,0.0056462,5.203e-05,3.9993,-3.1502,4.65,3.769,-5.5711,0,0.495,0.28633,0.15248
174.54,-200.25,30.026,-0.67245,-1.9559,0.0056467,6.1275e-05,3.7316,-4.0444,-1.2885,4.7751,-1.8714,0,0.495,0.27011,0.15638
146.8,-169.08,30.023,-0.62907,-2.0316,0.0056755,6.6705e-05,4.1302,-4.4158,-3.9582,5.7486,-1.2913,0,0.495,0.26205,0.15633
163.8,-187.86,29.985,-0.67877,-2.0595,0.0057017,6.5401e-05,4.6491,-4.0527,-4.7827,5.5079,-1.6613,0,0.495,0.26205,0.15234
128.12,-148.09,30.061,-0.58525,-2.0041,0.0056537,7.0459e-05,3.6864,-4.7606,-2.9381,5.5394,-1.0637,0,0.495,0.26205,0.16032
157.91,-181.63,30.061,-0.62772,-1.9287,0.005628,6.3643e-05,3.3443,-4.3925,0.15329,4.6899,-1.777,0,0.495,0.27011,0.16038
176.78,-202.8,29.948,-0.73314,-2.0876,0.005734,6.7308e-05,5.2614,-3.6708,-5.2237,4.7918,-2.0386,0,0.495,0.26205,0.14835
184.39,-212.48,29.914,-0.79038,-2.1158,0.0057742,7.3271e-05,5.9818,-3.2688,-5.214,3.7378,-2.5438,0,0.495,0.26205,0.14435
201.99,-234.35,30.041,-0.72082,-1.8583,0.0056337,5.6356e-05,3.6145,-3.7395,2.7638,4.3696,-3.7869,0,0.495,0.27834,0.15646
221.99,-261.13,30.078,-0.76347,-1.7251,0.0056271,5.2684e-05,3.5765,-3.5077,5.4619,4.0979,-5.4993,0,0.495,0.28633,0.15647
176.87,-206.95,30.074,-0.67788,-1.8321,0.0056163,5.8862e-05,3.2293,-4.0876,4.1591,4.336,-3.7488,0,0.495,0.27834,0.16046
147.27,-174.77,30.098,-0.94337,-1.5207,0.0056377,6.7125e-05,3.677,-2.5431,-3.2258,3.9854,-2.5228,0,0.495,0.30222,0.1485
223.72,-261.71,30.064,-0.9063,-1.6288,0.005655,5.6055e-05,4.1696,-2.6271,2.8889,3.3349,-5.0037,0,0.495,0.29428,0.14849
150.6,-178.17,30.127,-0.89021,-1.4981,0.0056226,6.4832e-05,3.3875,-2.89,-3.8957,4.5596,-2.4883,0,0.495,0.30222,0.15249
223.31,-261.48,30.093,-0.85362,-1.606,0.0056362,5.4223e-05,3.788,-2.9864,2.7,3.8715,-5.0161,0,0.495,0.29428,0.15249
66.252,-76.371,30.137,-0.93005,-1.4554,0.0056004,8.4746e-05,2.8026,-2.8653,-10.804,4.1341,0.57854,0,0.495,0.31016,0.1525
62.57,-68.863,30.167,-0.8769,-1.4343,0.0055909,8.561e-05,2.6082,-3.1911,-11.337,4.5788,0.79241,0,0.495,0.31016,0.15649
144.53,-171.87,30.158,-0.83658,-1.4754,0.0056096,6.5095e-05,3.1135,-3.2257,-3.6202,4.8762,-2.5464,0,0.495,0.30222,0.15649
41.453,-36.939,30.151,-0.90786,-1.4491,0.0055676,9.6364e-05,2.119,-3.152,-12.251,3.3433,1.852,0,0.495,0.3181,0.1565
46.847,-47.801,30.125,-0.95981,-1.4616,0.0055749,9.4562e-05,2.2699,-2.8393,-11.086,2.763,1.3396,0,0.495,0.3181,0.15251
66.84,-80.073,30.109,-0.98149,-1.4755,0.0056118,8.7786e-05,3.0096,-2.5287,-9.2876,3.3998,0.22202,0,0.495,0.31016,0.14851
49.065,-55.233,30.102,-1.0088,-1.4729,0.0055835,9.7559e-05,2.4264,-2.5163,-8.8697,1.878,0.69029,0,0.495,0.31809,0.14852
208.85,-246.2,30.124,-0.802,-1.5837,0.0056199,5.4599e-05,3.4258,-3.3332,3.3204,4.1421,-5.0364,0,0.495,0.29428,0.15648
65.155,-78.1,30.17,-0.99893,-0.97163,0.0055565,9.1408e-05,1.9429,-2.4332,5.4667,3.375,-3.3097,0,0.495,0.35778,0.14057
28.775,-38.116,30.208,-0.98758,-0.9064,0.0055447,0.00013486,1.6283,-2.6132,-1.071,3.9789,-1.6981,0,0.495,0.36572,0.14057
74.873,-90.201,30.148,-1.0228,-0.9672,0.0055646,8.768e-05,2.122,-2.1757,3.6241,3.1198,-3.2419,0,0.495,0.35778,0.13657
34.3,-44.271,30.185,-1.0131,-0.90507,0.0055509,0.00012431,1.7649,-2.3713,-2.8532,3.6708,-1.7478,0,0.495,0.36572,0.13658
92.911,-95.959,30.161,-0.99448,-1.0851,0.005558,7.8331e-05,2.0212,-2.534,9.3646,2.5838,-2.0649,0,0.495,0.34985,0.14455
59.602,-71.673,30.194,-0.98006,-0.97616,0.0055494,9.3452e-05,1.7954,-2.6853,6.5498,3.3168,-3.4895,0,0.495,0.35778,0.14456
97.494,-98.854,30.139,-1.0144,-1.0781,0.0055664,7.8117e-05,2.1903,-2.2668,8.9187,2.8308,-1.5658,0,0.495,0.34985,0.14056
109.03,-112.42,30.117,-1.0375,-1.0705,0.0055764,7.5931e-05,2.4091,-1.9933,7.4944,2.9078,-1.1902,0,0.495,0.34984,0.13657
25.202,-33.61,30.231,-0.9683,-0.90799,0.0055389,0.00014505,1.5088,-2.8508,0.26881,4.0042,-1.6766,0,0.495,0.36572,0.14456
39.416,-49.983,30.164,-1.0454,-0.90451,0.005557,0.00011559,1.9011,-2.1257,-4.3893,3.4514,-1.664,0,0.495,0.36572,0.13259
16.642,-17.1,30.172,-1.0405,-0.89627,0.0055402,0.00014241,1.5308,-2.3705,-8.0786,3.0641,1.3377,0,0.495,0.37365,0.13259
12.187,-13.458,30.192,-1.0072,-0.89763,0.0055357,0.00015774,1.4296,-2.6018,-7.1971,3.2006,1.4283,0,0.495,0.37366,0.13658
44.256,-48.964,30.163,-1.0295,-0.89399,0.0055289,0.00011961,1.3717,-2.5893,-4.8621,1.8175,1.0687,0,0.495,0.38159,0.13259
36.957,-41.645,30.181,-0.99508,-0.90039,0.005525,0.00013162,1.2826,-2.8064,-4.3809,1.9295,1.2623,0,0.495,0.38159,0.13659
84.367,-102.1,30.126,-1.0532,-0.9635,0.005573,8.4079e-05,2.3108,-1.9135,1.6993,2.8293,-3.1482,0,0.495,0.35778,0.13258
121.87,-128.92,30.095,-1.0662,-1.0631,0.0055874,7.3405e-05,2.6555,-1.7143,5.6709,2.864,-0.93525,0,0.495,0.34984,0.13258
7.8714,-10.729,30.213,-0.98072,-0.89959,0.005531,0.00017839,1.3247,-2.8302,-5.8313,3.402,1.672,0,0.495,0.37366,0.14058
20.849,-24.923,30.216,-0.94909,-0.91548,0.0055169,0.00016712,1.0969,-3.2332,-2.2323,2.0803,2.0213,0,0.495,0.38159,0.14457
26.762,-31.896,30.198,-0.96817,-0.90786,0.0055209,0.00015081,1.1843,-3.0212,-3.1035,2.0247,1.6347,0,0.495,0.38159,0.14058
5.1987,-8.6344,30.235,-0.96134,-0.9014,0.0055265,0.00019763,1.232,-3.0552,-4.7995,3.4138,1.9087,0,0.495,0.37366,0.14457
124.5,-142.63,30.138,-1.0016,-1.3314,0.0055637,7.025e-05,2.1872,-2.559,4.6435,0.20586,-2.3151,0,0.495,0.33397,0.14853
142.38,-164.54,30.152,-0.9608,-1.3322,0.0055574,6.6282e-05,2.0902,-2.8512,2.5636,0.92371,-2.2903,0,0.495,0.33397,0.15252
119.93,-130.53,30.161,-0.98722,-1.2127,0.0055587,7.111e-05,2.0815,-2.6592,7.6446,1.1009,-1.7332,0,0.495,0.34191,0.14854
141.37,-158.99,30.177,-0.95337,-1.215,0.0055534,6.6241e-05,2.0122,-2.9327,5.6131,1.5077,-2.0162,0,0.495,0.34191,0.15253
108.1,-112.14,30.146,-1.0136,-1.207,0.0055659,7.4466e-05,2.2001,-2.3792,9.0949,0.98677,-1.1813,0,0.495,0.34191,0.14455
100.48,-109.66,30.181,-0.97308,-1.0902,0.0055518,7.531e-05,1.9173,-2.7956,8.4693,2.4069,-2.5205,0,0.495,0.34985,0.14854
110.35,-123.83,30.125,-1.0346,-1.3273,0.0055719,7.3703e-05,2.3219,-2.2594,6.6711,-0.27418,-2.1447,0,0.495,0.33397,0.14454
122.17,-139.19,30.2,-0.94493,-1.0925,0.0055476,6.9634e-05,1.8717,-3.0514,6.4844,2.4334,-2.7366,0,0.495,0.34985,0.15254
153.11,-176.72,30.17,-0.91363,-1.3302,0.0055518,6.4121e-05,1.9922,-3.1359,1.3094,1.5627,-2.3138,0,0.495,0.33397,0.15652
102.21,-113.01,30.147,-0.91438,-1.4261,0.0055546,8.0014e-05,1.961,-3.1094,-5.1884,2.2214,-0.64654,0,0.495,0.32604,0.15651
101.66,-114.34,30.127,-0.96518,-1.4305,0.0055609,7.9749e-05,2.0884,-2.8117,-3.9996,1.5616,-1.0348,0,0.495,0.32603,0.15252
92.984,-101.49,30.168,-0.86396,-1.4207,0.0055484,8.5806e-05,1.8176,-3.3996,-5.0208,2.4098,-0.35994,0,0.495,0.32604,0.1605
147.35,-170.52,30.189,-0.86473,-1.3263,0.0055462,6.5225e-05,1.8665,-3.4144,1.4523,1.8055,-2.3691,0,0.495,0.33397,0.16051
94.06,-107.86,30.11,-1.0114,-1.4331,0.0055682,8.2832e-05,2.2146,-2.5051,-1.7644,0.67588,-1.5277,0,0.495,0.32603,0.14852
84.987,-99.24,30.096,-1.0504,-1.4333,0.0055771,8.6433e-05,2.3686,-2.1904,0.79963,-0.11768,-1.9252,0,0.495,0.32603,0.14453
159.43,-181.14,30.196,-0.91149,-1.2143,0.005549,6.269e-05,1.9499,-3.2002,4.0082,1.9804,-2.2867,0,0.495,0.34191,0.15652
147.13,-169.13,30.22,-0.90724,-1.092,0.0055445,6.441e-05,1.8468,-3.3022,4.4398,2.6309,-2.9553,0,0.495,0.34985,0.15653
159.89,-182.47,30.215,-0.8656,-1.2116,0.0055444,6.2462e-05,1.8547,-3.463,3.7366,2.1413,-2.5145,0,0.495,0.34191,0.16051
25.587,-34.289,30.253,-0.95212,-0.90918,0.0055342,0.00014827,1.4256,-3.0846,0.35692,3.7563,-1.5943,0,0.495,0.36572,0.14856
63.324,-78.206,30.216,-0.96213,-0.97972,0.0055439,9.1236e-05,1.701,-2.9327,6.2488,3.0353,-3.634,0,0.495,0.35778,0.14855
33.093,-43.224,30.273,-0.93252,-0.90898,0.0055311,0.00013586,1.3913,-3.3137,-1.3181,3.6475,-1.4548,0,0.495,0.36572,0.15255
81.287,-101.24,30.237,-0.93888,-0.98115,0.0055404,8.3615e-05,1.6665,-3.1744,4.4328,2.8411,-3.6237,0,0.495,0.35779,0.15254
0.29431,-1.6108,30.276,-0.92911,-0.90356,0.0055199,0.00019762,1.1263,-3.4954,-6.8387,3.3583,2.4755,0,0.495,0.37366,0.15255
-4.2303,5.7171,30.297,-0.90269,-0.90277,0.0055181,0.00017233,1.1182,-3.7092,-9.9845,3.7978,2.5864,0,0.495,0.37366,0.15654
46.019,-56.43,30.294,-0.90256,-0.90678,0.0055293,0.00011494,1.3955,-3.5384,-4.0813,3.8556,-1.5377,0,0.495,0.36572,0.15654
9.6113,-8.7588,30.269,-0.89535,-0.93757,0.0055095,0.0001603,0.98136,-3.8458,-7.7224,2.6814,3.1834,0,0.495,0.3816,0.15655
13.575,-15.405,30.25,-0.91915,-0.9311,0.0055111,0.00017467,0.99466,-3.6459,-4.5395,2.2451,2.8378,0,0.495,0.3816,0.15256
3.5073,-6.1171,30.256,-0.94617,-0.90293,0.0055227,0.00020737,1.1633,-3.2774,-4.9402,3.269,2.1873,0,0.495,0.37366,0.14856
16.515,-20.222,30.233,-0.93452,-0.92352,0.0055136,0.00017671,1.032,-3.4419,-2.5422,2.0773,2.4272,0,0.495,0.3816,0.14857
107.53,-130.3,30.257,-0.9052,-0.98004,0.0055383,7.4717e-05,1.667,-3.4116,2.008,2.8862,-3.7348,0,0.495,0.35779,0.15653
54.981,-61.71,30.274,-0.84819,-0.81184,0.0055065,0.00010107,0.98819,-3.9432,5.5886,1.9639,-1.9959,0,0.495,0.39748,0.15257
48.781,-53.417,30.248,-0.88852,-0.89773,0.0055075,0.00011372,0.98809,-3.7669,2.6398,1.8186,-0.37026,0,0.495,0.38953,0.15256
61.855,-71.644,30.282,-0.83697,-0.84058,0.0055051,9.6983e-05,0.97528,-4.0776,4.3576,2.09,-1.9767,0,0.495,0.39747,0.15656
54.132,-60.962,30.263,-0.8672,-0.9104,0.0055061,0.00010727,0.97622,-3.9528,0.19576,2.0402,-0.10155,0,0.495,0.38953,0.15655
60.215,-67.84,30.279,-0.83717,-0.92085,0.0055053,0.00010124,0.97935,-4.1351,-2.2244,2.2584,0.37696,0,0.495,0.38953,0.16055
69.114,-81.374,30.301,-0.80811,-0.8352,0.0055039,9.3534e-05,0.9677,-4.2908,2.866,2.0922,-1.5514,0,0.495,0.39748,0.16056
56.523,-63.066,30.255,-0.86797,-0.81163,0.0055091,9.8995e-05,1.036,-3.719,5.92,2.0216,-2.2513,0,0.495,0.39748,0.14857
48.103,-52.722,30.234,-0.90272,-0.88369,0.0055099,0.00011391,1.0266,-3.5771,3.7987,1.7085,-0.66195,0,0.495,0.38953,0.14857
54.728,-60.575,30.219,-0.91848,-0.86985,0.0055132,0.00010801,1.096,-3.3819,3.309,1.6166,-0.93819,0,0.495,0.38953,0.14458
62.95,-72.569,30.248,-0.88026,-0.78282,0.0055121,9.5621e-05,1.101,-3.5794,4.4132,1.9467,-2.1811,0,0.495,0.39749,0.14457
4040.7,9194.4,4.8023,3.8488,0.37576,17.49,0.016251,1079.3,-41.42,-311.41,70.689,-151.35,0,0.495,0.039233,0.17211
6308.1,11194,6.4013,4.3189,-1.4691,18.58,0.015018,1205,-43.101,-272.72,152.71,-291.22,0,0.495,0.047158,0.17212
2584.2,10950,4.4671,3.5849,0.69889,18.434,0.018149,1017.9,-45.299,-325.52,48.854,-123.52,0,0.495,0.039236,0.16812
3652.8,13038,5.777,4.0521,-1.2589,19.125,0.016923,1117.9,-46.882,-295.26,111.35,-249.94,0,0.495,0.047161,0.16813
2229.8,4875.5,4.4026,3.4828,2.0391,15.923,0.014213,1123.1,-35.876,-313.74,38.045,-72.386,0,0.495,0.031305,0.1761
6391.7,7223.1,5.2416,4.1028,0.065693,16.601,0.014395,1156.2,-37.517,-293.67,102.87,-187.64,0,0.495,0.03923,0.17611
1413.7,6469.9,4.1773,3.248,2.4403,17.06,0.016004,1068.5,-39.846,-324.76,24.224,-52.867,0,0.495,0.031308,0.17211
988.7,7970.4,4.0014,3.008,2.8344,18.117,0.017775,1021.6,-43.76,-333.71,15.004,-38.135,0,0.495,0.031311,0.16811
9774,9264.7,7.2083,4.5651,-1.638,18.208,0.013332,1312.1,-39.337,-245.83,207.56,-339.77,0,0.495,0.047155,0.17612
2069.5,14871,5.2914,3.7658,-1.0221,19.773,0.018919,1046.8,-50.561,-314.11,81.047,-215.11,0,0.495,0.047165,0.16413
7911.4,13685,7.3801,4.0994,-2.793,21.097,0.016592,1206.6,-49.629,-264.36,161.94,-349.02,0,0.495,0.055094,0.16414
11304,11644,8.1891,4.3681,-2.8881,20.824,0.015027,1293.5,-46.06,-238.5,206.17,-387.62,0,0.495,0.05509,0.16814
9221.5,12644,10.606,4.2493,-4.1149,22.908,0.015452,1377.2,-48.775,-192.55,237.02,-463.91,0,0.495,0.063072,0.16415
12458,10740,11.701,4.4799,-4.0471,22.636,0.014628,1456.3,-45.373,-164.6,282.18,-490.63,0,0.495,0.063066,0.16815
1718.9,12625,4.2079,3.3107,1.026,19.359,0.020043,967.37,-49.061,-337.05,33.454,-101.81,0,0.495,0.03924,0.16412
629.81,9390.3,3.8653,2.7633,3.2178,19.062,0.019482,980.59,-47.545,-341.09,8.0559,-26.405,0,0.495,0.031315,0.16411
16053,9585.3,9.181,4.6062,-2.9322,20.642,0.01365,1393.1,-42.406,-209.15,259.97,-427.71,0,0.495,0.055086,0.17213
17231,8738,12.967,4.6723,-3.9184,22.26,0.013754,1537.3,-41.859,-134.91,331.93,-513.36,0,0.495,0.063055,0.17214
20332,7680.7,10.39,4.8094,-2.9127,20.536,0.012577,1503.9,-38.815,-176.68,321.66,-468.17,0,0.495,0.055082,0.17613
1979.2,-971.71,4.4067,2.971,3.6413,13.984,0.01097,1285.9,-28.896,-309.52,20.174,-9.0853,0,0.495,0.023375,0.18009
8238.8,-6863.8,4.6468,2.109,5.7539,12.343,0.0079772,1601.6,-26.49,-314.13,-0.28588,63.722,0,0.495,0.015447,0.18008
3214.6,-2738.2,4.6157,3.1697,3.1505,12.79,0.009579,1345.8,-24.759,-299.28,36.411,-26.949,0,0.495,0.023371,0.18409
9312.5,-8659.4,4.7688,2.2637,5.1973,11.398,0.0071175,1651.3,-22.194,-306.16,6.2657,54.417,0,0.495,0.015444,0.18408
653.68,693.18,4.2468,2.7716,4.1196,15.126,0.012395,1231.8,-33.059,-318.17,11.162,3.1013,0,0.495,0.023378,0.17609
4138.1,3239.6,4.7021,3.7117,1.6361,14.762,0.012451,1188.9,-31.878,-300.27,60.768,-99.271,0,0.495,0.031302,0.1801
7116.9,-5016.1,4.5501,1.9566,6.2887,13.217,0.0088464,1552.1,-30.802,-320.87,-4.3813,70.963,0,0.495,0.01545,0.17609
6553.4,1617.3,5.119,3.9366,1.2395,13.703,0.010786,1274.4,-27.96,-283.48,100.33,-138.29,0,0.495,0.031298,0.18409
11376,-10490,4.9287,2.4227,4.6185,10.41,0.0062821,1701.9,-17.969,-296.92,18.454,40.621,0,0.495,0.01544,0.18808
-35896,-15498,5.6193,1.3818,6.6845,8.6331,0.0028653,2596.9,-15.784,286.01,-4.7291,1666.5,0,0.495,0.0075107,0.18808
-35224,-10528,5.5386,1.2738,7.3534,9.154,0.0031464,2599.2,-20.216,327.73,-7.9359,1676.3,0,0.495,0.0075146,0.18408
67462,-22035,5.7274,1.5058,5.9686,8.0885,0.0025903,2591,-11.476,240.46,6.0082,1651.4,0,0.495,0.0075062,0.19209
1.2326e+05,-27891,6.2256,0.93465,6.9384,7.3798,0.00068283,3224.8,-10.371,768.61,11.796,3243,0,0.495,0,0.19209
-88387,-16527,6.164,0.83483,7.7392,7.6292,0.00069934,3277.2,-14.862,872.05,4.6087,3256.6,0,0.495,0,0.18807
13014,-12048,5.1592,2.5894,4.0187,9.4657,0.0055003,1759.6,-13.883,-284.43,54.213,17.066,0,0.495,0.015435,0.1921
-86998,-8348.9,6.1201,0.75768,8.4657,7.8582,0.00071428,3324.1,-19.393,964.96,4.9436,3265.4,0,0.495,0,0.18407
7806.7,-4800.2,4.9128,3.3684,2.6485,11.649,0.0082706,1418.3,-20.687,-286.8,69.353,-55.198,0,0.495,0.023368,0.18809
12137,-300.15,5.7386,4.1573,0.86327,12.951,0.0092591,1397.1,-24.13,-260.43,172.92,-193.71,0,0.495,0.031295,0.18809
16460,-7472.4,5.3894,3.5711,2.1453,10.793,0.0071079,1526.4,-16.728,-268.21,155.67,-102.39,0,0.495,0.023363,0.1921
-34664,-7306.9,5.4779,1.1759,7.9821,9.639,0.0034282,2598.2,-24.686,366.71,-10.392,1683.5,0,0.495,0.0075182,0.18008
-81123,-724.96,6.0753,0.63521,9.7551,8.2615,0.000739,3404.9,-28.368,1130.2,5.0566,3275.2,0,0.495,0,0.17608
-84545,-3735.1,6.0913,0.69273,9.1352,8.0684,0.00072741,3366.5,-23.916,1050.6,4.8403,3271.2,0,0.495,0,0.18008
-33697,-4799.9,5.4336,1.0841,8.5733,10.085,0.0037091,2594.4,-29.128,403.43,-11.985,1689,0,0.495,0.0075216,0.17608
15652,7107.1,8.256,4.7825,-1.7483,18.055,0.011726,1442.2,-35.561,-213.23,281.27,-393.52,0,0.495,0.047152,0.18011
10706,4898.8,5.8355,4.3419,-0.2191,15.855,0.01246,1255.8,-33.594,-270.87,153.13,-234.21,0,0.495,0.039227,0.1801
21657,4959.3,9.6215,4.9601,-1.781,18.125,0.010379,1596.7,-31.939,-174.45,374.19,-449.79,0,0.495,0.047149,0.18411
16604,2527.6,6.6684,4.5614,-0.46139,15.402,0.01063,1389.1,-29.803,-241.97,229.14,-293.61,0,0.495,0.039224,0.1841
30313,4027.6,13.584,5.0791,-2.6318,20.154,0.011049,1737.2,-31.74,-102.91,468.74,-532.05,0,0.495,0.055076,0.18412
34092,2149,15.613,5.1222,-2.3517,19.454,0.010307,1835.6,-28.306,-62.366,547.89,-543.78,0,0.495,0.055074,0.18812
30767,2894.9,11.378,5.0829,-1.7133,18.329,0.0094318,1769.4,-28.375,-129.81,489.08,-501.21,0,0.495,0.047148,0.18811
26345,5780,11.847,4.9702,-2.8163,20.43,0.011741,1621.5,-35.195,-141.19,392.81,-504.29,0,0.495,0.055079,0.18012
26222,-33.212,7.8543,4.7536,-0.63232,15.401,0.0091596,1568.9,-26.117,-204.67,343.35,-364.2,0,0.495,0.039223,0.1881
290.68,-230.18,30.357,0.32096,0.80716,0.0066281,4.8771e-05,39.776,-6.5141,30.18,1.2244,-13.163,0,0.495,0.01538,0.29636
357.6,-231.67,30.318,0.27009,0.7243,0.0066113,3.0244e-05,53.061,-6.7351,54.732,2.9022,-23.291,0,0.495,0,0.29634
271.16,-280.94,30.377,0.31911,0.725,0.0065252,5.3057e-05,35.407,-7.0935,21.949,0.24231,-13.642,0,0.495,0.015379,0.30436
332.06,-344.16,30.363,0.3092,0.63567,0.0065047,3.9703e-05,41.216,-7.3826,34.172,1.6421,-20.102,0,0.495,0,0.30434
54032,-65456,10.839,-5.0895,2.1195,20.858,0.012281,1191.9,47.413,-115.87,-24.216,-23.887,0,0.495,0.015712,0.007981
43734,-56003,10.699,-4.7797,3.1112,20.919,0.013005,1181.9,44.238,-151.45,-30.169,-20.228,0,0.495,0.015712,0.011971
32993,-48362,11.164,-7.2055,1.7399,19.956,0.013433,1000.3,32.156,-140.09,-32.131,-25.563,0,0.495,0.023633,0.007981
23653,-39180,10.991,-6.779,2.5513,20.23,0.014405,989.62,29.342,-184.27,-40.978,-23.137,0,0.495,0.023633,0.011971
1742.8,-1.3524e+05,10.724,-2.962,2.4862,17.192,0.0067577,2750,64.38,91.929,-15.393,1222.7,0,0.495,0.0077878,0.007981
60185,-1.4506e+05,10.791,-3.1253,1.2973,17.239,0.0065299,2758.8,66.151,40.529,-10.299,1216,0,0.495,0.0077879,0.0039907
65470,-73185,10.934,-5.3278,1.0868,20.778,0.011768,1198.4,49.063,-67.605,-15.152,-27.728,0,0.495,0.015713,0.0039907
43317,-2.1039e+05,10.868,-2.1143,1.407,13.353,0.0015858,4179.7,75.228,142.87,-5.1127,2438,0,0.495,0,0.0039907
-66500,-1.9873e+05,10.816,-1.9853,2.6615,13.277,0.0015693,4168,73.394,286.02,-6.9929,2448,0,0.495,0,0.007981
-16569,-1.259e+05,10.618,-2.7696,3.6483,17.119,0.0070653,2739,60.809,150.64,-18.443,1231.8,0,0.495,0.0077878,0.011971
-93506,-1.8956e+05,10.728,-1.8473,3.9058,13.188,0.0015433,4154,69.605,434.08,-7.398,2462.8,0,0.495,0,0.011971
44786,-55701,11.282,-7.5189,0.89009,19.697,0.012791,1005.9,33.705,-78.692,-18.904,-29.034,0,0.495,0.023633,0.0039907
-983.14,1124.6,13.944,-13.318,-0.028257,17.359,0.018544,935.88,-22.696,-242.7,-82.408,-32.105,0,0.495,0.079184,0.007981
-4451.9,4237,13.593,-12.292,-0.098117,19.181,0.020442,938.46,-23.814,-290.58,-81.326,-33.957,0,0.495,0.079184,0.011971
-1020.1,359.98,14.43,-13.428,-0.14273,17.106,0.017984,950.91,-22.399,-255.84,-92.394,-34.74,0,0.495,0.087109,0.007981
-3613.3,2703.8,14.047,-12.335,-0.26684,19.137,0.020051,954.57,-23.393,-300.67,-85.411,-35.929,0,0.495,0.087109,0.011971
-675.71,1338.6,13.475,-13.089,0.11717,17.475,0.018991,920.04,-21.487,-228.15,-73.517,-31.4,0,0.495,0.071234,0.007981
1748.1,-2135.2,13.746,-13.799,0.07511,15.909,0.017502,908.8,-20.622,-132.92,-47.361,-35.262,0,0.495,0.071234,0.0039908
1378.6,-1719.9,14.254,-14.099,0.0028637,15.521,0.016833,921.8,-21.904,-143.8,-55.101,-36.475,0,0.495,0.079184,0.0039908
-4985.5,5254.9,13.153,-12.139,0.1187,19.068,0.020692,921.6,-22.772,-278.62,-77.415,-33.377,0,0.495,0.071234,0.011971
1146.1,-1833.8,14.789,-14.276,-0.054433,15.006,0.016062,933.8,-21.658,-154.26,-64.031,-39.826,0,0.495,0.087109,0.0039908
-1669.3,-4137.9,18.55,-12.635,-0.57193,10.79,0.011113,969.29,-4.4175,-279.72,-194.26,-56.301,0,0.495,0.14258,0.007981
-2751.6,-2407.1,17.771,-11.447,-0.8477,13.395,0.013683,978.68,-5.7442,-315.65,-177.21,-59.704,0,0.495,0.14258,0.011971
-1941.6,-4845.1,19.283,-12.352,-0.64129,9.4622,0.0098778,955.91,-0.94368,-265.53,-195.76,-60.822,0,0.495,0.15056,0.0079811
-3262.8,-2708.2,18.489,-11.226,-0.93646,11.965,0.012368,966.88,-2.3515,-302.28,-185.19,-67.862,0,0.495,0.15056,0.011971
-1263.2,-3610.5,17.856,-12.868,-0.51098,12.071,0.012318,978.61,-7.7361,-288.48,-185.6,-52.698,0,0.495,0.13465,0.007981
-3.563,-5174.2,18.59,-13.883,-0.25187,9.1776,0.0096838,944.27,-6.7265,-184.55,-134.71,-54.084,0,0.495,0.13465,0.003991
-146,-5978.8,19.308,-13.614,-0.28723,8.0076,0.0085394,933.74,-3.3184,-178.78,-139.07,-54.039,0,0.495,0.14259,0.0039911
-2160,-2176.3,17.118,-11.639,-0.77028,14.722,0.014915,986.9,-8.9351,-324,-163.72,-53.127,0,0.495,0.13465,0.011971
-291.24,-7002.8,20.035,-13.274,-0.32722,6.8838,0.007445,920.32,0.19921,-168.8,-137.67,-54.644,0,0.495,0.15056,0.0039918
6769.1,-14928,24.553,-8.2379,-1.0206,2.2207,0.0028252,784.08,23.109,-82.001,-28.666,-46.937,0,0.495,0.20646,0.0079814
2582.4,-13217,24.425,-7.8348,-1.4853,2.6581,0.0033518,790.34,22.102,-105.24,-37.56,-63.492,0,0.495,0.20646,0.011971
11781,-13939,25.124,-7.4609,-0.9768,1.7587,0.0023356,751.33,24.287,-60.929,-6.4557,-39.531,0,0.495,0.21439,0.0079814
7884.3,-12781,25.09,-7.1329,-1.4236,1.9526,0.0025815,753.84,23.438,-80.36,-14.002,-52.316,0,0.495,0.21439,0.011971
1824.5,-14729,23.89,-9.0314,-1.0307,2.8568,0.0034895,816.23,20.979,-107.78,-56.417,-53.743,0,0.495,0.19864,0.0079813
9516.4,-16644,24.064,-9.3875,-0.53474,2.3783,0.0029485,805.26,21.829,-61.686,-31.078,-38.49,0,0.495,0.19864,0.0039926
12676,-16345,24.622,-8.5164,-0.52862,1.9983,0.0025664,777.62,23.794,-45.521,-12.182,-34.459,0,0.495,0.20646,0.0039921
-401.9,-12333,23.644,-8.5369,-1.4944,3.6175,0.0043619,826.47,19.752,-135.91,-66.81,-73.354,0,0.495,0.19864,0.011971
14289,-15011,25.11,-7.6743,-0.50582,1.7085,0.0022806,748.27,24.858,-32.153,2.8804,-29.943,0,0.495,0.21439,0.0039921
1663.7,-2713.2,27.884,-3.533,-0.41198,0.48875,0.0011076,439.68,17.886,13.324,32.719,-24.484,0,0.495,0.27027,0.0079818
2039.5,-2638.2,28.013,-3.5346,-0.61331,0.43479,0.00098644,439.22,17.66,8.1578,25.658,-22.999,0,0.495,0.27027,0.011972
1230.1,-2017.2,28.162,-3.2118,-0.34524,0.37998,0.00099514,379.87,16.396,12.353,27.501,-22.49,0,0.495,0.27836,0.0079826
1475.2,-2008.4,28.273,-3.2197,-0.51863,0.33553,0.00088234,378.42,16.208,9.4026,22.84,-20.109,0,0.495,0.27836,0.011972
2612,-3682.3,27.585,-3.9064,-0.48749,0.60485,0.0012174,495.54,19.352,11.71,35.831,-25.345,0,0.495,0.2623,0.0079817
2847.2,-3817.6,27.42,-3.8769,-0.24839,0.6873,0.0013759,498.22,19.516,11.947,30.151,-27.439,0,0.495,0.2623,0.0039935
1868.6,-2753.6,27.738,-3.4992,-0.20816,0.55795,0.0012532,443.61,18.016,11.78,26.561,-27.695,0,0.495,0.27027,0.0039941
3053.4,-3500.5,27.723,-3.8913,-0.7192,0.54308,0.0010925,495.74,19.073,3.9935,26.459,-25.264,0,0.495,0.2623,0.011972
1359.1,-2006.7,28.042,-3.1816,-0.17318,0.43531,0.0011245,385.11,16.506,10.125,21.669,-26.129,0,0.495,0.27836,0.0039964
311.95,-337.91,29.237,-1.8748,-0.14059,0.012073,0.00024928,48.23,7.7457,2.4404,3.55,-3.9528,0,0.495,0.33397,0.0079854
314.46,-339.06,29.249,-1.8709,-0.2106,0.011767,0.00024597,47.745,7.6726,1.7329,2.4284,-3.7291,0,0.495,0.33398,0.011972
248.83,-275.11,29.309,-1.7537,-0.12521,0.0087009,0.00026039,33.776,6.7588,2.3651,3.2225,-3.8445,0,0.495,0.34191,0.0079856
250.77,-276.6,29.319,-1.7501,-0.1877,0.0086219,0.00026099,33.414,6.6939,1.6274,1.8191,-3.7608,0,0.495,0.34191,0.011973
387.49,-420.47,29.16,-2.0093,-0.15685,0.020799,0.000288,70.645,8.7897,2.4773,4.1485,-4.6128,0,0.495,0.32604,0.0079846
387.84,-421.91,29.138,-2.0022,-0.079126,0.022539,0.00030152,72.861,8.8377,2.8976,4.2646,-5.0458,0,0.495,0.32604,0.0040013
312.33,-337.72,29.217,-1.8674,-0.070853,0.01262,0.00025274,49.594,7.7879,2.8876,3.9819,-4.2002,0,0.495,0.33397,0.0040029
392.57,-421.35,29.175,-2.0052,-0.23499,0.019605,0.00027572,69.799,8.7076,1.8269,3.3237,-4.1528,0,0.495,0.32604,0.011972
248.55,-273.82,29.289,-1.7462,-0.063057,0.0088761,0.00025895,34.621,6.7953,2.7827,3.8066,-4.0195,0,0.495,0.34191,0.0040034
41.877,-56.961,29.751,-1.2237,-0.022049,0.0057451,0.00017612,5.008,1.4611,0.93046,1.7853,-3.5208,0,0.495,0.3975,0.0040034
47.379,-67.719,29.706,-1.2691,-0.026206,0.005817,0.00021897,6.1733,1.9921,1.5385,2.1384,-4.1481,0,0.495,0.38954,0.0040043
45.384,-59.118,29.772,-1.2141,-0.050595,0.0057304,0.00016364,4.7843,1.3022,0.32957,2.225,-3.3211,0,0.495,0.39751,0.007986
52.789,-72.12,29.72,-1.272,-0.05393,0.0058105,0.00020884,6.1065,1.9775,0.80957,2.8865,-3.9351,0,0.495,0.38954,0.007986
42.911,-57.268,29.775,-1.2248,-0.080018,0.005735,0.00016995,4.8744,1.4154,-0.75845,0.99095,-3.3893,0,0.495,0.3975,0.011973
49.283,-69.701,29.731,-1.2703,-0.082559,0.0058017,0.00020678,5.9761,1.9421,-0.62465,0.88552,-4.0626,0,0.495,0.38954,0.011973
5811.4,4069.6,9.0428,-3.2723,6.7845,19.991,0.023588,848.66,-11.499,-277.01,-52.421,5.2504,0,0.495,0.023633,0.043896
4997.3,3204.4,9.308,-3.5966,6.4433,20.054,0.023246,861.38,-6.213,-276.14,-51.48,0.70644,0,0.495,0.023633,0.039905
9039.6,-2885.3,9.0826,-2.2969,8.3777,19.425,0.018677,1068.4,-2.7858,-257.91,-39.852,21.254,0,0.495,0.015712,0.043896
9886.8,-5101.2,9.3064,-2.5348,7.948,19.646,0.018611,1079.2,3.3389,-252.47,-38.688,15.687,0,0.495,0.015712,0.039905
35546,-54106,9.553,-1.4607,9.4414,15.599,0.0083083,2612.2,14.041,474.28,-23.14,1323.7,0,0.495,0.0077876,0.039905
38784,-61205,9.726,-1.6181,8.8487,15.862,0.0083943,2633.4,21.331,439.94,-23.271,1309.4,0,0.495,0.0077876,0.035915
11671,-8342.4,9.5267,-2.7986,7.4667,19.895,0.018343,1092,9.6712,-245.43,-38.411,10.71,0,0.495,0.015712,0.035915
62954,-1.1032e+05,9.9708,-1.0788,9.5425,12.295,0.0013177,4011.1,27.582,1108.8,-1.6788,2587.9,0,0.495,0,0.035915
59089,-1.0003e+05,9.8221,-0.96968,10.193,12.103,0.0012773,3979.7,19.798,1187.2,-0.21736,2611.3,0,0.495,0,0.039905
4262.4,1504.3,9.5695,-3.9622,6.0616,20.157,0.022704,876.55,-0.73909,-274.33,-51.141,-2.9074,0,0.495,0.023633,0.035915
32458,-47506,9.3773,-1.3168,9.9706,15.351,0.0082225,2592,6.9928,505.44,-24.097,1338.4,0,0.495,0.0077876,0.043896
54436,-89757,9.6712,-0.86964,10.774,11.915,0.0012392,3948.6,12.278,1257.5,0.011464,2635.3,0,0.495,0,0.043896
-6524.5,3138.9,13.4,-5.4336,-1.9271,22.109,0.026805,824.97,-33.491,-168.69,-18.573,-137.95,0,0.495,0.087118,0.043897
-5106.3,3824.7,13.449,-5.9307,-1.6761,21.759,0.026209,830.39,-32.085,-186.34,-10.216,-123.09,0,0.495,0.087116,0.039905
-10048,6149.9,12.351,-5.6589,-1.4183,22.074,0.027472,803.61,-35.893,-187.72,-44.621,-123.54,0,0.495,0.079192,0.043897
-9968.2,6935.2,12.501,-6.1452,-1.2067,21.698,0.026831,808.82,-34.234,-202.15,-37.763,-111.52,0,0.495,0.07919,0.039905
-12696,10064,11.639,-6.2572,-0.57797,21.356,0.027127,787.34,-35.257,-219.73,-56.935,-97.671,0,0.495,0.071241,0.039905
-12966,10903,11.848,-6.8204,-0.43205,21.155,0.026441,800.2,-33.372,-235.18,-51.315,-86.285,0,0.495,0.071236,0.035914
-9511.9,7699.1,12.625,-6.7214,-1.0058,21.495,0.02619,820.87,-32.633,-220.71,-30.933,-97.103,0,0.495,0.079186,0.035914
-3766.2,4522,13.466,-6.523,-1.4357,21.599,0.025641,842.57,-30.742,-208.4,-2.5152,-105.61,0,0.495,0.087111,0.035914
-12480,9178.1,11.409,-5.7795,-0.73432,21.713,0.027797,781.17,-37.181,-208.09,-62.336,-106.85,0,0.495,0.071244,0.043897
971.06,-1006.2,20.168,-3.1284,-2.769,14.906,0.01497,995.53,-10.998,-156,283.05,-5.579,0,0.495,0.15056,0.043898
1589.9,-467.11,19.094,-3.7914,-2.5813,16.094,0.016217,992.31,-10.384,-191.79,244.06,-13.925,0,0.495,0.15056,0.039905
984.16,-1096.6,20.099,-3.2872,-2.7278,15.219,0.01552,980.47,-13.371,-145.66,280.44,-35.607,0,0.495,0.1426,0.043897
1131.3,-754.53,19.004,-3.918,-2.5228,16.665,0.016855,988.72,-12.834,-182.46,256.26,-29.157,0,0.495,0.14259,0.039905
1477.8,-1293.8,18.719,-4.1189,-2.4701,17.27,0.017786,971.11,-15.565,-172.86,239.17,-57.475,0,0.495,0.13466,0.039905
1501.8,-1030.2,17.798,-4.8571,-2.2423,18.31,0.018734,977.41,-14.861,-210.14,210.77,-43.582,0,0.495,0.13465,0.035914
1616.5,-550.95,18.049,-4.6888,-2.3088,17.592,0.017848,985.61,-12.17,-218.82,211.99,-27.549,0,0.495,0.14259,0.035914
2237.4,-158.97,18.21,-4.5877,-2.3831,16.749,0.017068,981.15,-9.5878,-226.11,189.31,-24.227,0,0.495,0.15056,0.035914
1868.4,-1557.5,19.712,-3.5223,-2.6919,15.872,0.016641,954,-16.223,-136.48,245.49,-76.973,0,0.495,0.13466,0.043897
5967.2,-4432.9,26.069,-3.6914,-3.6719,3.6598,0.0051767,693.91,12.455,-79.931,59.223,-122.09,0,0.495,0.21433,0.043962
6949.7,-5083.8,25.79,-4.1065,-3.5366,3.753,0.0051961,710.8,13.858,-86.942,50.816,-121.06,0,0.495,0.21449,0.039944
4900.4,-2745.7,24.901,-3.7234,-3.7592,5.9382,0.0073712,798.54,10.202,-114.75,64.195,-153.4,0,0.495,0.20638,0.043989
5911.8,-3287.8,24.631,-4.2082,-3.6142,5.9618,0.0073648,803.1,11.611,-123.06,47.832,-152.06,0,0.495,0.2064,0.039945
4692,-702,23.259,-4.2412,-3.5547,8.3136,0.0095107,871.09,8.4038,-157.26,51.116,-166.1,0,0.495,0.19863,0.039921
5419.6,-1439.4,23.068,-4.831,-3.3817,8.1076,0.0093219,866.72,9.9115,-164.98,26.065,-162.69,0,0.495,0.19864,0.035921
6933.5,-4132,24.424,-4.7204,-3.4323,5.8169,0.007182,804.2,13.144,-128.16,30.859,-145.95,0,0.495,0.2064,0.035923
7988.7,-5943.5,25.555,-4.5403,-3.3549,3.7151,0.0050718,722.38,15.35,-91.022,39.537,-116.57,0,0.495,0.21451,0.035926
3726.5,-359.21,23.555,-3.6905,-3.6946,8.3001,0.0094799,872.36,7.0559,-146.58,77.942,-163.87,0,0.495,0.19862,0.04393
1047.5,-1152.1,28.952,-2.7081,-1.5555,0.15578,0.00056908,271.55,12.462,0.55163,12.636,-13.881,0,0.495,0.27836,0.0439
1134.6,-1252.9,28.873,-2.7943,-1.4647,0.18806,0.00061368,304.25,13.084,0.86184,14.553,-15.152,0,0.495,0.27836,0.039906
1344,-1415.4,28.777,-2.8476,-1.7484,0.20136,0.00065977,303.37,13.3,-0.77948,16.13,-15.768,0,0.495,0.27027,0.0439
1480.7,-1546.7,28.68,-2.9522,-1.6532,0.24334,0.0007099,340.98,14.009,-0.92492,17.808,-17.584,0,0.495,0.27027,0.039906
1965.8,-1946.2,28.471,-3.1123,-1.8657,0.29927,0.00080569,369.94,14.827,-3.4672,21.79,-19.381,0,0.495,0.2623,0.039906
2218.6,-2143.4,28.349,-3.2385,-1.7516,0.35099,0.00085617,408.49,15.595,-4.484,22.841,-21.464,0,0.495,0.2623,0.035915
1649.6,-1690.9,28.579,-3.0551,-1.546,0.28411,0.00075402,375.02,14.685,-1.3619,19.056,-19.284,0,0.495,0.27027,0.035915
1233.2,-1362,28.787,-2.8772,-1.3635,0.21902,0.00065341,333,13.673,0.96748,16.149,-16.305,0,0.495,0.27836,0.035915
1748.8,-1765.3,28.589,-2.9864,-1.9652,0.2469,0.00074793,328.52,14.027,-2.8524,20.105,-17.264,0,0.495,0.2623,0.0439
230.25,-227.1,29.528,-1.6948,-0.65194,0.0073318,0.00030534,24.526,5.3901,5.7174,6.4666,-0.3406,0,0.495,0.34192,0.0439
233.88,-236.07,29.494,-1.7096,-0.59965,0.0075547,0.00029148,26.441,5.6208,5.0045,5.9863,-0.92114,0,0.495,0.34192,0.039907
286.79,-280.19,29.496,-1.794,-0.72997,0.0086656,0.00024828,35.531,6.2054,5.4618,7.6332,0.76471,0,0.495,0.33398,0.0439
294.37,-290.82,29.456,-1.8124,-0.67154,0.0091286,0.00024124,38.42,6.4637,4.9325,7.3706,0.13575,0,0.495,0.33398,0.039907
368.57,-361.96,29.423,-1.9268,-0.74894,0.01263,0.00022179,56.99,7.3494,4.6913,8.7755,0.70553,0,0.495,0.32604,0.039907
375.42,-371.84,29.378,-1.9477,-0.68169,0.01379,0.00022601,60.829,7.6186,4.4208,8.621,-0.072168,0,0.495,0.32604,0.035916
296.16,-297.84,29.419,-1.8297,-0.61118,0.0096152,0.00023772,40.947,6.7039,4.5471,7.0494,-0.61332,0,0.495,0.33398,0.035916
232.95,-240.94,29.463,-1.7241,-0.54592,0.0077749,0.00028155,28.135,5.835,4.6289,5.6939,-1.5218,0,0.495,0.34191,0.035916
354.83,-348.6,29.469,-1.904,-0.8137,0.011546,0.00022093,52.52,7.0594,4.9478,8.6307,1.247,0,0.495,0.32604,0.043901
46.627,-55.964,29.835,-1.233,-0.23101,0.0056748,0.00013275,3.9306,1.009,2.0975,3.394,-2.4992,0,0.495,0.3975,0.035916
57.028,-71.859,29.798,-1.2782,-0.25061,0.0057238,0.00014657,4.8346,1.5034,2.8637,3.4816,-2.9404,0,0.495,0.38954,0.035916
47.284,-58.902,29.856,-1.2102,-0.25407,0.0056611,0.00012761,3.7082,0.77741,0.097906,2.612,-2.3377,0,0.495,0.39751,0.039908
61.946,-79.843,29.814,-1.2658,-0.27687,0.0057137,0.00013846,4.7015,1.3931,0.81119,2.6971,-2.7838,0,0.495,0.38954,0.039908
48.709,-60.573,29.862,-1.2075,-0.28276,0.0056601,0.0001261,3.717,0.7982,-0.0807,2.0745,-2.2844,0,0.495,0.3975,0.043901
63.337,-79.518,29.828,-1.2533,-0.30524,0.0057016,0.00013207,4.5139,1.2724,1.5127,2.2505,-2.6161,0,0.495,0.38954,0.043901
8051.2,4991.9,6.8908,-1.6496,8.5233,20.825,0.024509,817.44,-46.486,-290.71,-51.316,38.333,0,0.495,0.023594,0.07588
8135.8,4755.2,7.1534,-1.7968,8.3839,20.663,0.024451,816.74,-42.859,-288.13,-51.728,34.451,0,0.495,0.023603,0.071884
8509.4,2111.9,7.2439,-1.0985,10.535,18.839,0.018534,1041.6,-42.244,-282.69,-41.952,64.482,0,0.495,0.015676,0.075872
8691.7,1776.8,7.4702,-1.2038,10.364,18.834,0.018542,1040.8,-38.28,-280.11,-41.737,59.291,0,0.495,0.015682,0.071881
20516,-20028,8.1051,-0.6447,12.379,14.201,0.0077419,2500.7,-33.121,655.4,-26.393,1451,0,0.495,0.0077571,0.071879
21538,-22544,8.287,-0.71309,12.145,14.306,0.0077936,2510.2,-28.406,641.45,-26.354,1436.2,0,0.495,0.0077592,0.067893
8800.5,1473.2,7.699,-1.317,10.169,18.842,0.01856,1040.9,-34.039,-277.56,-41.938,54.142,0,0.495,0.015684,0.067893
34696,-46341,8.7338,-0.44623,13.148,10.976,0.0010538,3806.8,-25.229,1556.8,2.2333,2795.7,0,0.495,0,0.067885
32781,-41698,8.5772,-0.39791,13.404,10.862,0.0010324,3787.7,-30.175,1587.8,2.5691,2819.6,0,0.495,0,0.071876
8085.9,4658.2,7.4195,-1.9529,8.2243,20.502,0.024449,816.85,-39.014,-285.9,-52.349,30.608,0,0.495,0.023608,0.067891
19466,-17574,7.9253,-0.58162,12.585,14.109,0.0076923,2492.7,-37.503,667.51,-26.96,1465.8,0,0.495,0.0077515,0.075869
30921,-37184,8.4226,-0.35345,13.629,10.756,0.0010127,3770.3,-34.758,1615,2.3307,2843.4,0,0.495,0,0.075868
-9043.6,3647,12.765,-2.9198,-4.2056,26.719,0.028586,934.87,-45.986,-147.6,-15.339,-246.92,0,0.495,0.087048,0.076075
-10141,2988.3,12.799,-3.1962,-3.9104,26.267,0.028743,914.03,-44.397,-144.74,-18.752,-231.67,0,0.495,0.087052,0.072031
-15352,7039.3,10.964,-3.1751,-3.4109,26.574,0.029357,905.42,-50.466,-190.56,-47.313,-219.37,0,0.495,0.079122,0.075954
-14248,6153.3,11.108,-3.4503,-3.1437,26.137,0.02948,886.75,-48.597,-184,-48.93,-205.56,0,0.495,0.079116,0.071968
-16017,9110.7,9.6323,-3.6066,-2.0667,25.527,0.030008,850.81,-51.595,-220.47,-68.157,-171.24,0,0.495,0.07119,0.071949
-15003,8372.7,9.8733,-3.8708,-1.8544,25.063,0.030001,835.52,-49.473,-212.16,-68.791,-161.18,0,0.495,0.071189,0.067959
-13350,5527.4,11.262,-3.7205,-2.8783,25.64,0.029522,868.64,-46.723,-178.35,-50.712,-192.59,0,0.495,0.079116,0.067962
-10866,2531,12.854,-3.4701,-3.6126,25.752,0.028807,894.06,-42.775,-142.28,-23.056,-217.33,0,0.495,0.087072,0.067951
-17258,10139,9.3973,-3.3371,-2.2837,25.927,0.029939,866.2,-53.702,-229.8,-67.585,-181.81,0,0.495,0.07119,0.075939
1425.8,-36.536,27.408,-1.1226,-3.8597,3.2033,0.0055681,560.49,-16.152,-18.039,90.295,-123.49,0,0.495,0.1506,0.076172
1612.4,-342.13,26.988,-1.2454,-3.7713,3.7014,0.0059557,612.73,-15.384,-22.403,114.48,-113.15,0,0.495,0.1506,0.072151
1706.8,543.29,26.179,-1.2923,-3.9792,6.1642,0.0088287,683.87,-19.029,-16.247,87.048,-191.71,0,0.495,0.14265,0.076166
1895.2,359.19,25.802,-1.4361,-3.8647,6.5149,0.009091,704.76,-18.201,-21.238,95.796,-188.08,0,0.495,0.14265,0.07214
3853.9,86.803,24.168,-1.6328,-4.0117,10.568,0.013137,798.21,-22.034,-21.601,88.216,-230.15,0,0.495,0.13465,0.072162
4107.3,-130.32,23.797,-1.8074,-3.8548,10.764,0.013289,804.88,-21.142,-27.837,93.201,-224.12,0,0.495,0.13467,0.068136
2154.1,68.583,25.376,-1.5837,-3.7387,6.9026,0.0093402,730.36,-17.419,-26.671,113.16,-177.38,0,0.495,0.14263,0.068143
1698,-695.3,26.452,-1.3732,-3.6691,4.4193,0.0064934,676.88,-14.681,-27.302,148.91,-95.283,0,0.495,0.15059,0.068149
3648.7,226.9,24.535,-1.4658,-4.1559,10.292,0.012881,791.79,-22.875,-15.742,88.747,-231.83,0,0.495,0.13466,0.076163
1517.9,-1843.4,28.654,-1.6057,-3.6924,0.44446,0.0015774,260,3.128,-7.0137,39.88,-30.703,0,0.495,0.21432,0.076068
1760.6,-2147.5,28.417,-1.7459,-3.7627,0.76715,0.0021238,337.56,4.1449,-12.697,52.546,-44.317,0,0.495,0.21433,0.072078
1242,-1755.9,28.406,-1.4056,-3.856,1.0014,0.0025229,376.31,1.341,-15.963,69.149,-42.2,0,0.495,0.20641,0.076185
1366.4,-1922.8,28.039,-1.5427,-3.9228,1.631,0.0033084,473.57,2.2962,-25.873,88.131,-59.579,0,0.495,0.20646,0.072218
1141.8,-1366.1,27.589,-1.3423,-3.9653,2.6902,0.0044457,592.82,0.050639,-39.152,128.81,-59.388,0,0.495,0.19854,0.072225
1435.1,-1273.9,26.985,-1.5184,-3.9898,3.7946,0.0054784,682.53,0.86973,-53.885,144.45,-77.758,0,0.495,0.19851,0.068212
1638.5,-2055.7,27.593,-1.7175,-3.9742,2.4073,0.004143,563.64,3.2576,-38.447,101.57,-78.255,0,0.495,0.20646,0.068204
2137.1,-2472.5,28.124,-1.9157,-3.8242,1.201,0.0027211,417.18,5.1869,-20.623,63.407,-59.959,0,0.495,0.21433,0.06808
994.98,-1391.3,28.1,-1.2065,-3.9232,1.7395,0.0034574,488.5,-0.79627,-26.722,104.43,-42.731,0,0.495,0.19854,0.076222
564.27,-604.88,29.381,-1.955,-1.9843,0.013328,0.0002158,61.55,6.9332,-0.64568,2.997,-4.675,0,0.495,0.27834,0.076097
615.26,-659.11,29.341,-2.0447,-1.9556,0.01766,0.00023253,75.34,7.6333,-0.93409,3.3728,-5.3158,0,0.495,0.27832,0.072089
648.78,-693.52,29.318,-1.9931,-2.1627,0.015645,0.00022596,68.853,7.1714,-1.5384,4.2943,-5.4369,0,0.495,0.27027,0.076062
715.34,-762.44,29.269,-2.0919,-2.1386,0.021518,0.00025251,84.429,7.9329,-1.6993,4.8776,-6.0736,0,0.495,0.27027,0.072096
809.08,-868.49,29.19,-2.1238,-2.3319,0.025728,0.00027282,93.371,8.0808,-3.2881,6.0665,-7.9133,0,0.495,0.2623,0.072134
912.62,-974.49,29.128,-2.2377,-2.3087,0.037423,0.00032315,114.5,8.919,-3.4226,7.3644,-8.4511,0,0.495,0.2623,0.06815
788.81,-839.63,29.217,-2.1943,-2.1084,0.030897,0.0002943,103.79,8.7005,-1.8069,5.826,-6.8206,0,0.495,0.27026,0.06812
670.83,-718.71,29.298,-2.1374,-1.921,0.024663,0.0002634,92.573,8.3383,-1.1248,3.9845,-6.0681,0,0.495,0.27828,0.068063
716.03,-774.75,29.247,-2.0154,-2.3484,0.018296,0.00023842,76.205,7.2528,-3.1771,5.2725,-7.4278,0,0.495,0.2623,0.076116
153.28,-154.5,29.777,-1.5162,-0.96362,0.0060628,0.00032252,10.531,3.0717,6.508,2.8347,0.17551,0,0.495,0.34192,0.076042
164.11,-165.18,29.753,-1.5424,-0.93563,0.0061565,0.00037429,11.786,3.3914,6.0586,3.1105,0.36293,0,0.495,0.34192,0.072055
188.88,-190.63,29.757,-1.5683,-1.0732,0.0063005,0.00039623,13.77,3.6403,6.6884,2.4631,0.17408,0,0.495,0.33398,0.076036
201.32,-202.9,29.733,-1.5994,-1.043,0.0064503,0.0004025,15.608,3.9916,6.0728,2.7274,0.46126,0,0.495,0.33398,0.072056
240.13,-249.77,29.708,-1.6615,-1.1591,0.0068718,0.00033917,20.627,4.5853,5.328,2.0622,-0.47148,0,0.495,0.32605,0.072074
258.2,-267.12,29.685,-1.6998,-1.1221,0.0071886,0.00030649,23.9,4.9652,4.5586,2.5167,-0.051161,0,0.495,0.32606,0.068118
215.71,-216.19,29.708,-1.6317,-1.0097,0.0066332,0.00038174,17.74,4.3357,5.4494,3.2349,0.76613,0,0.495,0.33399,0.068076
175.28,-175.88,29.728,-1.5694,-0.90496,0.0062671,0.0004024,13.197,3.7049,5.6155,3.552,0.51246,0,0.495,0.34192,0.068067
223.84,-232.94,29.731,-1.6248,-1.1926,0.006628,0.00037692,17.88,4.1985,6.1597,1.8753,-0.80804,0,0.495,0.32604,0.076043
55.086,-61.271,29.969,-1.1879,-0.43306,0.0055979,0.00010909,2.6562,-0.038886,2.2882,3.5584,-0.61999,0,0.495,0.39757,0.068097
77.199,-85.194,29.949,-1.2307,-0.47671,0.0056205,9.7106e-05,3.1585,0.37922,3.5775,3.2888,-0.74566,0,0.495,0.38956,0.068066
57.421,-65.753,29.989,-1.1582,-0.44834,0.005589,0.00010697,2.4998,-0.30555,1.2092,3.0281,-0.5581,0,0.495,0.39754,0.07207
85.42,-95.71,29.967,-1.2106,-0.50121,0.0056129,9.1434e-05,3.0401,0.2072,2.85,2.7949,-0.69,0,0.495,0.38955,0.072052
61.877,-68.986,30.002,-1.1475,-0.47724,0.0055864,0.00010317,2.4731,-0.36209,1.9387,2.8117,-0.48295,0,0.495,0.39751,0.076053
87.047,-93.793,29.985,-1.192,-0.5277,0.005604,9.0119e-05,2.8759,0.029852,4.1121,2.6274,-0.59469,0,0.495,0.38954,0.076041
2392.8,9638.1,5.0199,-0.48962,8.8608,21.613,0.025107,837.54,-66.2,-320.29,-40.855,59.819,0,0.495,0.023515,0.10801
3582.7,9051.3,5.2229,-0.64824,8.9022,21.584,0.025126,833.92,-64.816,-316.38,-42.901,58.33,0,0.495,0.023529,0.10391
2438,5899.5,5.5948,-0.31311,11.06,18.814,0.018244,1070.2,-63.48,-308.33,-37.472,97.283,0,0.495,0.015591,0.10803
3696.3,5442.4,5.7778,-0.41791,11.081,18.848,0.018335,1064.6,-61.968,-304.81,-38.714,94.281,0,0.495,0.015606,0.10394
1292.1,-5470.3,6.7446,-0.19543,13.315,13.601,0.0073124,2469,-59.101,712.22,-27.285,1574.9,0,0.495,0.0076713,0.10399
7117.7,-6834.2,6.9023,-0.25107,13.284,13.676,0.0073803,2469.5,-57.034,710.34,-27.787,1559.4,0,0.495,0.0077024,0.099875
5164.6,4967.1,5.971,-0.51988,11.073,18.871,0.018413,1059.4,-60.095,-301.31,-39.902,90.798,0,0.495,0.015629,0.099857
8956.1,-18166,7.5414,-0.13088,14.418,10.226,0.00091379,3702,-55.079,1720.2,2.384,3000.3,0,0.495,0,0.09988
-2040.9,-15795,7.4053,-0.096125,14.461,10.139,0.0008994,3694.8,-57.228,1727.5,2.5534,3027.2,0,0.495,0,0.10399
4986,8429.1,5.4386,-0.80195,8.9155,21.534,0.025112,830.61,-63.078,-312.4,-44.831,56.314,0,0.495,0.023553,0.099849
-2206.7,-4296.5,6.5952,-0.1383,13.315,13.526,0.0072408,2468.2,-60.771,711.79,-26.903,1589.1,0,0.495,0.0076655,0.10804
-8337.2,-13777,7.2756,-0.0607,14.472,10.059,0.00088684,3686.4,-58.957,1730.3,2.5878,3051.9,0,0.495,0,0.10804
-281.82,10284,13.344,-0.3802,-6.1592,28.251,0.025258,1114.5,-55.544,-156.27,38.552,-382.15,0,0.495,0.087083,0.10816
-63.394,9647.8,13.159,-0.72946,-5.9826,28.269,0.025816,1091.5,-54.87,-158.62,27.012,-365.64,0,0.495,0.087085,0.10413
-10043,16004,10.512,-0.51545,-5.3721,28.086,0.026389,1060.9,-61.814,-226.29,-1.3951,-349.81,0,0.495,0.079153,0.10808
-10153,15127,10.461,-0.89705,-5.1665,28.071,0.026907,1040.2,-61.031,-226.27,-13.04,-332.17,0,0.495,0.079159,0.10394
-25087,19812,8.1193,-1.0603,-3.8502,27.03,0.028075,963.7,-65.645,-287.83,-40.395,-268.98,0,0.495,0.071186,0.10395
-24549,18594,8.2319,-1.4356,-3.6298,27.028,0.02847,950.12,-64.484,-282.89,-48.41,-254.83,0,0.495,0.071172,0.099918
-11609,14165,10.451,-1.2647,-4.9454,28.01,0.027419,1020.3,-60.001,-224.46,-22.061,-314.76,0,0.495,0.079151,0.099914
-1384.6,8969.3,13.016,-1.0713,-5.7818,28.221,0.026372,1068.6,-53.99,-159.68,17.641,-348.7,0,0.495,0.08708,0.10013
-25147,20951,8.0483,-0.66884,-4.064,26.993,0.027627,978.16,-66.502,-291.07,-29.733,-283.89,0,0.495,0.071212,0.10807
-309.72,-341.06,29.3,-0.34226,-4.1242,0.8713,0.0029675,272.02,-20.132,5.7992,35.751,-60.134,0,0.495,0.15063,0.10809
-549.84,-203.25,29.137,-0.43391,-4.1333,1.0906,0.0032989,307.72,-19.879,5.4542,40.195,-71.126,0,0.495,0.15063,0.10411
-1464.4,-44.033,28.717,-0.34012,-4.3878,2.3602,0.0050092,445.81,-22.849,10.728,62.519,-112.31,0,0.495,0.14272,0.10807
-1834.5,164.07,28.45,-0.4512,-4.3899,2.8292,0.0055404,485.93,-22.643,9.7027,67.912,-126.23,0,0.495,0.14272,0.10408
-3915.8,198.54,27.301,-0.45342,-4.7285,5.9694,0.0086618,670.56,-26.495,13.807,95.018,-187.12,0,0.495,0.13478,0.10405
-4381.3,341.72,26.908,-0.58891,-4.6998,6.7246,0.0093989,699.04,-26.246,11.265,97.671,-197.88,0,0.495,0.13478,0.10007
-2195.1,345.83,28.161,-0.56178,-4.3773,3.3315,0.0060868,523.61,-22.37,7.9885,72.524,-139.9,0,0.495,0.14271,0.10009
-732.99,-72.178,28.954,-0.52497,-4.1312,1.3371,0.003639,343.56,-19.54,4.4347,44.645,-82.705,0,0.495,0.15062,0.1001
-3396.2,12.258,27.678,-0.31823,-4.7385,5.2211,0.0079282,637.74,-26.653,15.727,91.007,-175.11,0,0.495,0.13478,0.10805
525.58,-565.52,29.467,-0.90775,-3.1584,0.0084709,0.0002611,32.566,-3.3712,-1.4965,7.1855,-5.6038,0,0.495,0.21442,0.10825
578.06,-620.19,29.404,-0.97901,-3.2152,0.009244,0.0002447,37.903,-2.7099,-1.4038,7.9585,-5.9219,0,0.495,0.21435,0.1041
522.35,-557.69,29.462,-0.79458,-3.2743,0.0089533,0.00025132,35.743,-4.8152,-1.8758,7.7952,-5.2508,0,0.495,0.20638,0.10811
563.77,-602.32,29.397,-0.85944,-3.3372,0.0098879,0.00023777,41.699,-4.2101,-1.7103,8.5508,-5.5868,0,0.495,0.20636,0.10407
531.54,-555.72,29.402,-0.74032,-3.4482,0.010647,0.00023337,45.703,-5.8952,-1.4577,9.2571,-4.6275,0,0.495,0.1984,0.10412
563.15,-596.26,29.333,-0.79752,-3.5115,0.01356,0.00024243,55.52,-5.2868,-1.6309,10.634,-4.9935,0,0.495,0.1984,0.10013
616.93,-662.2,29.329,-0.92422,-3.4022,0.011782,0.00023507,50.038,-3.5715,-1.632,9.4961,-5.9447,0,0.495,0.20635,0.10012
640.72,-688.73,29.337,-1.052,-3.2743,0.010536,0.00023449,44.997,-2.0219,-1.2487,8.6951,-6.2468,0,0.495,0.21433,0.10006
508.9,-532.01,29.467,-0.6822,-3.3861,0.009537,0.00024391,39.205,-6.4569,-1.267,8.4148,-4.3435,0,0.495,0.1984,0.10812
314.5,-334.21,29.701,-1.3603,-2.0604,0.0064944,0.00034227,16.313,1.8167,2.8661,4.1104,-1.6075,0,0.495,0.27818,0.10805
338.98,-359.35,29.66,-1.4225,-2.0616,0.0066953,0.00035524,18.757,2.3976,2.5801,4.2363,-1.6456,0,0.495,0.27823,0.10403
298.22,-330.75,29.684,-1.3463,-2.1971,0.0066235,0.0003539,17.752,1.6711,0.61933,3.8884,-3.3058,0,0.495,0.27003,0.1083
331.83,-364.96,29.641,-1.4123,-2.2043,0.0068514,0.00033677,20.456,2.2844,0.45777,4.3803,-3.2789,0,0.495,0.27011,0.10421
329.81,-379.66,29.601,-1.3898,-2.337,0.0070448,0.00031564,22.442,2.0353,-1.0492,4.5651,-6.4671,0,0.495,0.26209,0.1043
374.72,-425.09,29.553,-1.4648,-2.3485,0.0073798,0.00028496,26.038,2.7115,-1.5698,5.0185,-6.3653,0,0.495,0.26225,0.10017
371.88,-404.6,29.595,-1.4832,-2.2087,0.0071427,0.00030243,23.749,2.9264,0.059808,4.7473,-3.2622,0,0.495,0.27025,0.10009
366.07,-387.78,29.618,-1.4883,-2.0597,0.0069487,0.00032179,21.719,3.0011,2.0757,4.2192,-1.8277,0,0.495,0.27832,0.099993
294.7,-341.51,29.645,-1.3205,-2.3239,0.0067857,0.00034837,19.496,1.3915,-0.74841,4.0284,-6.4368,0,0.495,0.26205,0.10839
139.67,-137.92,29.951,-1.2946,-1.117,0.0056991,9.3395e-05,4.8443,0.38565,7.2813,2.4284,0.91956,0,0.495,0.3419,0.10862
135.94,-134.82,29.928,-1.3225,-1.1019,0.0057239,0.00010438,5.2862,0.71548,7.596,2.041,0.63505,0,0.495,0.3419,0.1046
164.73,-163.65,29.947,-1.325,-1.2397,0.0057446,0.00010229,5.7443,0.71197,8.2029,2.9097,0.50776,0,0.495,0.33396,0.10861
161.55,-159.1,29.921,-1.3554,-1.2249,0.0057786,0.00011862,6.3192,1.0679,8.8144,2.6137,0.31943,0,0.495,0.33396,0.1046
168.01,-177.04,29.902,-1.3879,-1.3582,0.0058363,0.00013906,7.3044,1.3814,7.6283,2.5435,-1.6661,0,0.495,0.32602,0.10459
173.24,-180.88,29.876,-1.4211,-1.3411,0.0058948,0.00016922,8.2274,1.7825,8.0952,2.3536,-1.7006,0,0.495,0.32603,0.10046
161.84,-159.95,29.897,-1.385,-1.2076,0.0058202,0.00014006,7.0093,1.4361,8.9122,2.3598,0.075861,0,0.495,0.33397,0.10047
135.75,-136.49,29.907,-1.3506,-1.0853,0.0057536,0.00011853,5.8112,1.0566,7.4149,1.7966,0.35461,0,0.495,0.34191,0.10047
164.76,-176.54,29.929,-1.3538,-1.3719,0.0057898,0.00011689,6.5392,0.99408,6.8032,2.6884,-1.677,0,0.495,0.32602,0.1086
62.873,-65.324,30.109,-1.1014,-0.60697,0.0055504,9.9663e-05,1.8164,-1.4329,6.0664,2.7346,-0.77764,0,0.495,0.39751,0.10002
78.919,-83.327,30.089,-1.1406,-0.68215,0.0055587,8.7632e-05,2.0098,-1.1351,7.1626,1.1781,-1.451,0,0.495,0.38956,0.10006
63.784,-68.678,30.127,-1.075,-0.61313,0.0055452,9.8982e-05,1.7164,-1.7005,5.4211,2.3144,-0.92167,0,0.495,0.39752,0.10402
79.744,-85.516,30.101,-1.1238,-0.70312,0.0055534,8.6223e-05,1.9068,-1.3413,7.1025,0.81931,-1.8939,0,0.495,0.38956,0.10411
66.727,-71.133,30.137,-1.0676,-0.64507,0.0055428,9.4296e-05,1.6807,-1.8098,6.4826,1.7639,-1.5664,0,0.495,0.39751,0.10804
74.334,-78.2,30.112,-1.1093,-0.72497,0.0055477,8.8017e-05,1.7846,-1.5487,7.8619,0.51367,-2.1738,0,0.495,0.38955,0.10819
-1135.7,10441,3.9685,0.94374,7.544,20.819,0.022298,916.23,-62.599,-343.92,-21.129,52.594,0,0.495,0.023441,0.1401
-1066,10857,4.038,0.75073,7.8058,21.049,0.022941,898.3,-64.406,-342.49,-23.616,55.459,0,0.495,0.02345,0.13609
-643.43,6122,4.5616,0.6457,9.8753,17.774,0.015652,1196.3,-60.671,-333.26,-26.774,104.12,0,0.495,0.015514,0.14009
-823.69,6546.9,4.6449,0.51387,10.127,18.001,0.01619,1170.8,-62.399,-330.97,-28.223,105.21,0,0.495,0.015524,0.13609
-18756,1808.4,5.762,0.30147,12.51,12.765,0.0062223,2497.6,-60.703,656.24,-24.318,1666.1,0,0.495,0.0075955,0.13608
-16759,1360.2,5.8574,0.2342,12.717,12.905,0.0064185,2489.1,-61.927,670.09,-25.197,1657.5,0,0.495,0.0076055,0.13208
-846.87,6835.8,4.7431,0.38508,10.348,18.194,0.016673,1148.3,-63.737,-328.36,-30.066,105.69,0,0.495,0.015533,0.13208
-35086,-2343,6.6102,0.15655,13.93,9.5842,0.00082777,3626.8,-60.608,1666.3,2.2129,3177.4,0,0.495,0,0.13207
-39243,-985.41,6.519,0.19372,13.731,9.5032,0.0008201,3616.1,-59.469,1641.2,2.5495,3194.6,0,0.495,0,0.13608
-930.82,11144,4.1268,0.56047,8.0402,21.232,0.023519,883.18,-65.831,-340.55,-26.531,57.749,0,0.495,0.023459,0.13209
-20707,2004.6,5.677,0.37036,12.271,12.609,0.0060127,2507,-59.079,640.3,-23.874,1673.5,0,0.495,0.007586,0.14008
-43560,8.4506,6.4355,0.23151,13.498,9.4182,0.00081275,3604.4,-57.929,1611.7,2.3874,3210.3,0,0.495,0,0.14008
2258.9,8777.3,16.764,2.2889,-6.4723,25.206,0.01936,1302,-51.222,-92.894,168.76,-474.12,0,0.495,0.087075,0.14017
812.07,9504.4,16.106,1.9916,-6.5538,25.928,0.020276,1279.1,-52.813,-105.25,148.06,-467.27,0,0.495,0.087078,0.13617
333.65,13521,13.098,2.4328,-6.0997,26.478,0.02019,1275.1,-57.153,-162.68,139.99,-468.07,0,0.495,0.079148,0.14015
-1137.6,14459,12.522,2.0986,-6.1094,26.849,0.021022,1241.5,-58.903,-176.69,116.88,-454.89,0,0.495,0.079151,0.13615
-1146.6,19413,9.1988,2.0828,-5.105,26.001,0.0218,1139.4,-63.409,-253.72,83.249,-392.65,0,0.495,0.071214,0.13614
-1976.8,20350,8.8318,1.7081,-5.0088,26.196,0.022809,1106.3,-64.905,-265.3,62.988,-374.92,0,0.495,0.071217,0.13214
-2216.8,15240,12.027,1.7485,-6.0862,27.157,0.021783,1209.7,-60.306,-189.02,95.767,-440.77,0,0.495,0.079153,0.13215
-465.22,10082,15.523,1.6775,-6.5976,26.525,0.021077,1255.3,-54.096,-116.38,128.76,-458.45,0,0.495,0.08708,0.13217
102.91,18333,9.6481,2.4441,-5.1778,25.79,0.020771,1176.9,-61.549,-240.07,105.98,-410.89,0,0.495,0.07121,0.14014
752.32,-851.13,29.97,0.39728,-3.7192,0.077286,0.00099776,69.451,-19.97,4.647,7.4886,-8.3506,0,0.495,0.15063,0.14006
721.24,-822.26,29.935,0.3154,-3.7995,0.11061,0.0011883,84.104,-20.157,4.7107,9.3981,-11.614,0,0.495,0.15063,0.13606
813.1,-1147.3,29.929,0.53787,-3.9322,0.28475,0.0018915,135.96,-22.136,7.3987,16.774,-22.272,0,0.495,0.14259,0.14023
581,-1081.6,29.858,0.43853,-4.0255,0.3998,0.0021857,165.96,-22.422,8.1447,20.955,-30.041,0,0.495,0.14261,0.1362
-42.7,-1366.9,29.573,0.60207,-4.3285,1.2586,0.0036981,315.87,-25.254,14.578,43.007,-71.048,0,0.495,0.13464,0.13625
-419.65,-1248.9,29.394,0.48017,-4.4318,1.6438,0.0041916,366.49,-25.692,15.838,50.469,-85.998,0,0.495,0.13466,0.13223
352.15,-1010.8,29.768,0.33331,-4.1097,0.54869,0.0025016,199.95,-22.659,8.9073,25.965,-39.001,0,0.495,0.14267,0.13211
684.41,-794.7,29.89,0.22819,-3.8717,0.15583,0.0013854,101.72,-20.308,4.625,12.066,-15.583,0,0.495,0.15064,0.13205
308.46,-1482.8,29.723,0.7176,-4.2141,0.93854,0.0032408,267,-24.774,13.243,35.978,-56.985,0,0.495,0.13464,0.14026
299.67,-331.1,29.789,-0.42594,-2.723,0.0062927,0.00013086,12.545,-7.2134,-3.202,4.3427,-4.1195,0,0.495,0.21442,0.1403
316.18,-348.51,29.756,-0.4824,-2.7737,0.00643,0.00015926,14.126,-6.8481,-2.7118,3.2535,-4.1023,0,0.495,0.21442,0.13631
310.25,-340.75,29.789,-0.33402,-2.8053,0.0064582,0.00015239,14.244,-8.3606,-2.6427,4.2277,-3.4712,0,0.495,0.20648,0.14029
328.26,-359.72,29.758,-0.38749,-2.8602,0.0066159,0.00018399,15.947,-8.0367,-2.0648,3.2595,-3.4627,0,0.495,0.20648,0.1363
378.08,-403.42,29.768,-0.29368,-2.9539,0.0068321,0.00020269,17.941,-9.3261,0.78786,3.1797,-2.322,0,0.495,0.19854,0.13628
399.02,-425.05,29.738,-0.34424,-3.0147,0.0070379,0.00024111,19.883,-9.018,0.79922,2.9819,-2.4445,0,0.495,0.19854,0.13228
349.02,-381.23,29.728,-0.44096,-2.917,0.006796,0.0002206,17.789,-7.6795,-1.606,2.8409,-3.5485,0,0.495,0.20648,0.1323
335.78,-369.16,29.725,-0.53911,-2.826,0.0065888,0.00019304,15.868,-6.4512,-2.2155,2.6531,-4.1488,0,0.495,0.21442,0.13231
360.06,-384.07,29.797,-0.24372,-2.895,0.0066513,0.00016923,16.131,-9.6021,0.48215,3.9836,-2.2754,0,0.495,0.19855,0.14028
222.24,-254.2,29.922,-0.93252,-1.9569,0.0057485,6.9769e-05,5.8001,-2.1855,1.5742,1.1731,-4.0628,0,0.495,0.27832,0.14042
214.69,-245.4,29.9,-0.98639,-1.9787,0.0057946,8.2196e-05,6.5674,-1.7513,2.2121,0.37581,-3.9245,0,0.495,0.27827,0.13628
194.01,-224.03,29.9,-0.89224,-2.0603,0.0057755,7.6416e-05,6.121,-2.4764,-2.7144,1.3645,-2.878,0,0.495,0.2701,0.1404
189.34,-220.45,29.877,-0.94924,-2.0844,0.0058287,9.0942e-05,6.9945,-2.0338,-2.0591,0.3893,-3.1396,0,0.495,0.27009,0.13638
189,-221.3,29.856,-0.90743,-2.1714,0.0058848,0.00010053,7.7898,-2.4007,-4.1635,1.5865,-3.701,0,0.495,0.26205,0.13636
190.71,-225.33,29.832,-0.96542,-2.1981,0.0059576,0.00012296,8.8894,-1.9315,-3.369,0.97364,-4.3254,0,0.495,0.26204,0.13237
187.27,-218.75,29.857,-1.0051,-2.1069,0.0058926,0.00011115,7.9939,-1.5663,-1.301,-0.12498,-3.3709,0,0.495,0.27008,0.13236
209.87,-238.68,29.88,-1.0388,-1.9983,0.00585,9.9526e-05,7.4506,-1.2943,2.899,0.064763,-3.6891,0,0.495,0.27823,0.13215
188.32,-218.15,29.883,-0.84886,-2.1439,0.005824,8.4053e-05,6.8225,-2.8454,-4.822,2.5875,-3.0951,0,0.495,0.26205,0.14036
109.39,-109.25,30.13,-1.0364,-1.1988,0.0055756,7.5004e-05,2.3885,-2.0927,9.4439,1.2774,-0.52535,0,0.495,0.34191,0.14055
121.38,-120.2,30.112,-1.06,-1.1891,0.0055876,7.3206e-05,2.6432,-1.7987,8.7495,1.7231,0.14556,0,0.495,0.34191,0.13656
106.73,-116.1,30.114,-1.0621,-1.3203,0.0055826,7.4893e-05,2.5235,-1.9519,7.9529,-0.22767,-1.8627,0,0.495,0.33397,0.14055
114.63,-121.92,30.102,-1.0878,-1.3112,0.0055961,7.361e-05,2.8017,-1.6365,8.2547,0.21891,-1.4033,0,0.495,0.33397,0.13655
85.952,-99.311,30.074,-1.1118,-1.4261,0.005603,8.5541e-05,2.8644,-1.5324,4.3452,-0.34352,-2.4377,0,0.495,0.32603,0.13655
98.261,-112.42,30.061,-1.1404,-1.42,0.0056207,8.1547e-05,3.2377,-1.1912,4.8668,0.15704,-2.4497,0,0.495,0.32603,0.13256
130.18,-137.37,30.087,-1.1154,-1.3013,0.0056123,7.1332e-05,3.1538,-1.3154,7.7513,0.91375,-0.8691,0,0.495,0.33397,0.13256
137.83,-137.99,30.092,-1.0877,-1.1792,0.0056014,7.0755e-05,2.9491,-1.4994,7.4081,2.185,0.73111,0,0.495,0.34191,0.13257
81.3,-95.019,30.085,-1.083,-1.4308,0.0055885,8.7667e-05,2.5787,-1.8659,2.9733,-0.45596,-2.2894,0,0.495,0.32603,0.14054
84.104,-99.613,30.201,-0.97737,-0.75978,0.0055217,8.506e-05,1.3157,-2.967,2.1139,2.0573,-1.9934,0,0.495,0.3975,0.13235
82.313,-96.457,30.176,-1.0051,-0.83474,0.0055241,8.6662e-05,1.3522,-2.7826,0.3756,1.5197,-1.2668,0,0.495,0.38953,0.13255
80.981,-95.655,30.221,-0.93545,-0.75701,0.0055185,8.6797e-05,1.2471,-3.2079,1.9021,2.1006,-2.0109,0,0.495,0.39751,0.13644
78.553,-91.35,30.191,-0.96905,-0.84521,0.0055209,8.9713e-05,1.2798,-2.9838,0.43003,1.6236,-1.288,0,0.495,0.38953,0.13657
74.249,-88.254,30.23,-0.9092,-0.78412,0.0055161,8.8735e-05,1.1941,-3.3447,2.9977,2.0122,-2.356,0,0.495,0.39749,0.14054
64.588,-74.922,30.205,-0.93964,-0.85734,0.0055171,9.9185e-05,1.1877,-3.1843,1.9503,1.5603,-1.1552,0,0.495,0.38953,0.14058
-6.81,2283.8,4.1229,2.5703,4.5825,16.174,0.013821,1181.8,-37.165,-325.54,4.8942,12.165,0,0.495,0.023381,0.1721
-483.02,3832.7,4.0261,2.3672,5.0278,17.111,0.015223,1135.5,-41.173,-331.72,0.40449,19.525,0,0.495,0.023384,0.1681
5948.4,-3203,4.4766,1.8052,6.7994,14.011,0.0097141,1503.4,-35.037,-326.44,-8.0767,76.926,0,0.495,0.015454,0.17209
4785.7,-1426.9,4.4228,1.6546,7.284,14.724,0.010571,1456,-39.145,-330.84,-10.931,82.18,0,0.495,0.015457,0.1681
-31513,-1576.4,5.3925,0.91042,9.645,10.865,0.0042642,2580.6,-37.646,470.51,-15.383,1695.3,0,0.495,0.0075277,0.16809
-30371,-447.87,5.3949,0.8271,10.126,11.202,0.0045356,2571.5,-41.617,501.04,-17.252,1696.3,0,0.495,0.0075322,0.1641
3648.7,198.38,4.3899,1.5044,7.7413,15.358,0.011408,1410.8,-43.068,-334.13,-13.989,86.796,0,0.495,0.015461,0.1641
-69610,2164.5,6.1032,0.48394,11.353,8.75,0.00076748,3498,-40.807,1336.5,3.8685,3272.8,0,0.495,0,0.16409
-73502,1725.8,6.0819,0.53161,10.862,8.6012,0.00075881,3470.4,-36.869,1272.9,4.541,3275.9,0,0.495,0,0.16809
-968.91,5281.1,3.9551,2.1622,5.454,17.933,0.016578,1093,-45.02,-336.82,-3.6797,25.818,0,0.495,0.023388,0.16411
-32717,-3073.9,5.4058,0.99597,9.1275,10.494,0.0039882,2588.4,-33.466,437.95,-14.002,1692.8,0,0.495,0.0075248,0.17209
-77536,722.21,6.0728,0.58191,10.33,8.4387,0.00074942,3439.4,-32.701,1204.1,4.5823,3276.4,0,0.495,0,0.17209
-12713,-1209.9,24.517,3.7302,-4.3742,12.672,0.010074,1239.1,-32.337,15.399,293.14,-387.61,0,0.495,0.087059,0.17214
-7451,336.33,23.384,3.6648,-4.7689,14.97,0.011418,1297.9,-34.954,4.4705,291.72,-420.45,0,0.495,0.08706,0.16815
8772.4,1415.1,21.086,4.1804,-4.5286,17.977,0.01226,1459.1,-35.475,-16.802,344.88,-477.53,0,0.495,0.079129,0.17213
13592,3350.9,19.765,4.0828,-4.8871,19.928,0.013533,1468.7,-38.612,-35.32,324.31,-495.02,0,0.495,0.07913,0.16814
15929,7637.9,15.743,4.3593,-4.6769,22.688,0.014831,1523.2,-42.239,-92.85,325.46,-521.61,0,0.495,0.071168,0.16813
13782,9297,14.504,4.1768,-4.8891,23.53,0.015677,1474.6,-45.429,-117.83,288.9,-513.26,0,0.495,0.07117,0.16413
14046,5036.9,18.522,3.9444,-5.1988,21.551,0.014734,1461,-41.698,-54.696,299.88,-504.05,0,0.495,0.079131,0.16414
-4571.8,1715.8,22.264,3.5627,-5.1323,17.09,0.01272,1334.6,-37.587,-8.1937,283.51,-444.75,0,0.495,0.087061,0.16416
19069,5810.6,17.114,4.5007,-4.4081,21.542,0.013771,1563,-38.958,-67.644,362.54,-523.13,0,0.495,0.071165,0.17212
675.99,-744.5,30.176,0.93362,-2.9296,0.0079294,0.00012881,21.917,-17.634,-2.4361,8.0547,-2.7769,0,0.495,0.15062,0.17201
709.7,-778.09,30.147,0.8792,-3.0336,0.0087669,0.0001496,23.935,-17.97,-2.42,7.8457,-2.5958,0,0.495,0.15062,0.16802
866.59,-945.1,30.189,1.1302,-3.0167,0.011595,0.00017212,28.362,-18.918,-0.80326,7.8905,-1.102,0,0.495,0.14258,0.1722
934.88,-1015.2,30.163,1.075,-3.135,0.015655,0.00021894,32.475,-19.363,-0.30104,7.8373,-1.1834,0,0.495,0.14258,0.1682
1203.3,-1340.8,30.181,1.3059,-3.2565,0.050007,0.00048439,53.587,-20.78,3.1463,9.2918,-3.7012,0,0.495,0.13463,0.16823
1278.3,-1436.2,30.152,1.246,-3.3988,0.083997,0.00077053,68.491,-21.363,4.42,10.581,-6.3477,0,0.495,0.13463,0.16423
997.99,-1083.5,30.139,1.0133,-3.2543,0.022947,0.00029655,38.205,-19.805,0.68973,7.7703,-1.5016,0,0.495,0.14258,0.16421
744.49,-814.24,30.118,0.8188,-3.1369,0.010217,0.00017891,26.487,-18.301,-1.9112,7.417,-2.3156,0,0.495,0.15062,0.16402
1114.9,-1236.3,30.207,1.357,-3.1165,0.029762,0.00031669,42.817,-20.203,2.085,8.4314,-1.9946,0,0.495,0.13463,0.17222
213.18,-247.84,30.134,-0.044692,-2.33,0.0057701,5.7099e-05,5.4515,-9.2111,0.80817,6.8744,-3.2024,0,0.495,0.21443,0.17225
218.23,-251.92,30.095,-0.07776,-2.3824,0.0058044,5.8674e-05,6.0095,-9.0344,0.053329,7.3957,-3.5136,0,0.495,0.21443,0.16826
205.97,-236.76,30.132,0.049892,-2.3995,0.0058342,6.0926e-05,6.2741,-10.02,0.040223,7.5104,-3.1039,0,0.495,0.20649,0.17224
215.01,-245.05,30.092,0.014399,-2.4507,0.0058755,6.3212e-05,6.9199,-9.8813,-0.91967,8.0779,-3.3301,0,0.495,0.20649,0.16825
229.13,-254.6,30.093,0.090491,-2.5181,0.0059626,6.8426e-05,8.0617,-10.805,-0.23546,8.5892,-2.4176,0,0.495,0.19855,0.16823
254.77,-278.38,30.049,0.051926,-2.5713,0.0060168,7.1932e-05,8.8109,-10.695,-0.5818,9.1278,-2.4865,0,0.495,0.19855,0.16424
226.81,-257.04,30.049,-0.025544,-2.5015,0.0059212,6.6406e-05,7.5978,-9.7279,-1.9268,8.6632,-3.4804,0,0.495,0.20649,0.16425
227.01,-260.53,30.053,-0.11531,-2.4333,0.0058422,6.0795e-05,6.6033,-8.8409,-1.0432,8.0071,-3.7296,0,0.495,0.21443,0.16426
204.61,-232.87,30.134,0.12458,-2.4653,0.0059138,6.6213e-05,7.3483,-10.901,-0.232,8.0188,-2.2805,0,0.495,0.19855,0.17222
126.32,-151.59,30.162,-0.58659,-1.7488,0.0055771,6.6798e-05,2.3772,-5.0353,6.2088,3.2555,-3.2726,0,0.495,0.27836,0.17243
133.24,-159.15,30.135,-0.6125,-1.7776,0.0055884,6.5243e-05,2.6118,-4.735,6.2848,3.5738,-3.5021,0,0.495,0.27835,0.16844
128.44,-148.76,30.153,-0.52746,-1.842,0.0055858,6.9163e-05,2.4788,-5.3465,3.4879,3.6362,-1.3865,0,0.495,0.27021,0.17244
131.33,-152.19,30.125,-0.55669,-1.8718,0.0055981,6.8619e-05,2.7239,-5.0407,2.825,3.9027,-1.5399,0,0.495,0.27015,0.16839
97.106,-113.83,30.128,-0.51559,-1.9502,0.0056179,8.1201e-05,2.9557,-5.3972,-1.3058,4.4781,-0.6169,0,0.495,0.26206,0.16831
110.24,-128.96,30.096,-0.54768,-1.977,0.0056349,7.57e-05,3.2992,-5.0882,-1.957,5.0445,-0.79947,0,0.495,0.26205,0.16432
141.65,-164.32,30.094,-0.5894,-1.9007,0.0056121,6.6472e-05,3.0111,-4.7237,1.6367,4.3281,-1.6293,0,0.495,0.27011,0.16437
151.42,-179.57,30.105,-0.64204,-1.8053,0.0056013,6.2223e-05,2.8956,-4.4201,5.4888,4.0126,-3.6151,0,0.495,0.27835,0.16445
89.038,-104.63,30.157,-0.48689,-1.9239,0.0056025,8.5638e-05,2.6523,-5.691,-1.2426,4.0599,-0.41154,0,0.495,0.26207,0.1723
73.535,-84.021,30.267,-0.76332,-1.2025,0.0055275,8.3195e-05,1.407,-4.2174,8.9351,0.8297,-3.0572,0,0.495,0.34191,0.17249
105.18,-120.4,30.252,-0.78768,-1.2055,0.0055331,7.3829e-05,1.5554,-3.9726,7.0779,1.4632,-2.9793,0,0.495,0.34191,0.1685
73.478,-87.051,30.24,-0.75721,-1.3108,0.0055288,8.5314e-05,1.4233,-4.2074,6.7725,0.79447,-2.5228,0,0.495,0.33398,0.17248
97.362,-114.27,30.225,-0.78403,-1.3166,0.0055343,7.7495e-05,1.5574,-3.9509,4.9939,1.2658,-2.5371,0,0.495,0.33398,0.16849
57.437,-63.381,30.208,-0.78304,-1.4098,0.0055364,0.00011757,1.5162,-3.9561,-2.1275,1.6538,0.053225,0,0.495,0.32604,0.16849
75.758,-83.193,30.189,-0.81913,-1.4152,0.0055424,9.8223e-05,1.6636,-3.6823,-3.7679,2.167,-0.076058,0,0.495,0.32604,0.16449
125.58,-146.7,30.208,-0.8201,-1.3217,0.0055402,6.9934e-05,1.7139,-3.6867,2.9106,1.66,-2.4034,0,0.495,0.33398,0.1645
138.6,-159.06,30.235,-0.82241,-1.2085,0.005539,6.6287e-05,1.7159,-3.7211,4.9791,1.9361,-2.7101,0,0.495,0.34191,0.16451
43.612,-48.063,30.224,-0.75548,-1.4046,0.0055309,0.00013881,1.3907,-4.2216,-0.91658,1.0956,0.24239,0,0.495,0.32604,0.17248
84.867,-98.889,30.31,-0.78011,-0.8576,0.0055035,8.5645e-05,0.98005,-4.4193,0.90082,2.3025,-1.3737,0,0.495,0.39747,0.16455
63.763,-71.428,30.295,-0.79904,-0.92793,0.0055045,9.9568e-05,0.97151,-4.3123,-3.7557,2.2544,0.6961,0,0.495,0.38954,0.16454
79.544,-92.832,30.328,-0.7406,-0.84514,0.005502,8.84e-05,0.94527,-4.6233,1.5009,1.8751,-1.3547,0,0.495,0.39747,0.16855
58.155,-65.851,30.311,-0.75911,-0.93294,0.0055032,0.0001084,0.94078,-4.4895,-3.1419,1.7083,0.8411,0,0.495,0.38954,0.16853
69.497,-81.918,30.336,-0.70606,-0.86538,0.0055008,9.2723e-05,0.91713,-4.754,2.9774,1.3376,-1.5173,0,0.495,0.39747,0.17253
42.607,-49.511,30.323,-0.72705,-0.93875,0.0055015,0.00013524,0.89229,-4.6667,-0.92014,0.72454,0.93393,0,0.495,0.38954,0.17252
56467,-25648,7.5819,2.8738,2.876,8.5355,0.0033104,1878.6,-5.8226,-146.34,522.99,115.22,0,0.495,0.015427,0.20018
29470,-16599,5.6074,2.7584,3.4306,8.8721,0.0045255,1863.6,-9.8118,-261.6,248.85,-33.833,0,0.495,0.015431,0.19614
1.6837e+05,-62245,6.4733,1.8011,4.5762,7.1156,0.0020428,2319,-4.2456,165.72,226.75,1523.6,0,0.495,0.0074973,0.20017
1.8274e+05,-44121,5.9113,1.6574,5.2305,7.5766,0.0023497,2580.5,-7.3258,195.38,81.954,1622.2,0,0.495,0.0075014,0.19614
3.4926e+05,-65135,6.3626,1.0773,6.1121,7.1038,0.00066239,3166,-5.8712,637.99,71.131,3219.8,0,0.495,0,0.19614
2.5918e+05,-82712,7.009,1.472,4.9329,6.7354,0.00091016,2517.5,-2.5399,406.57,261.26,2489.9,0,0.495,0,0.20017
65198,-16923,8.3971,3.8454,1.3779,10.615,0.0041602,1935.5,-9.221,-182.66,692.82,-274.43,0,0.495,0.023356,0.20018
42830,-13607,6.369,3.758,1.6599,10.63,0.0055154,1739.5,-12.73,-234.2,424.34,-185.22,0,0.495,0.023359,0.19615
-3728.3,-5658,29.064,3.5908,-1.5039,1.7968,0.0031751,516.77,-18.38,24.746,123.37,-114.3,0,0.495,0.079096,0.20022
-7065.2,-6853.7,28.549,3.7908,-1.8718,3.0093,0.0040246,697.45,-19.998,36.174,182.62,-166.66,0,0.495,0.079113,0.19616
-11510,-5378.6,27.786,4.0223,-1.426,4.1052,0.0044232,877.02,-19.013,40.632,260.43,-208.28,0,0.495,0.071152,0.20023
-15383,-5289.9,26.818,4.2286,-1.8012,6.264,0.0054805,1093.6,-21.054,45.176,335.28,-277.7,0,0.495,0.07116,0.19616
980.05,-3750.4,29.732,3.2511,-1.7237,0.73848,0.0023596,291.56,-18.799,12.576,58.509,-59.831,0,0.495,0.087027,0.20023
-1223,-4516.7,29.524,3.3652,-1.9639,1.2021,0.0028214,390.8,-19.965,21.304,89.258,-85.753,0,0.495,0.087043,0.19617
472.57,-548.85,30.371,1.3337,-2.2411,0.0071653,8.3862e-05,16.657,-15.989,-1.961,7.0222,-2.6294,0,0.495,0.14258,0.20017
489.88,-573.72,30.344,1.3143,-2.3496,0.0070775,8.7226e-05,17.314,-16.475,-1.4836,7.3767,-2.4539,0,0.495,0.14258,0.19617
625.79,-674.72,30.359,1.4982,-2.2666,0.0079351,9.7838e-05,20.397,-16.613,-4.4236,7.5094,-2.4385,0,0.495,0.13463,0.20024
640.45,-713.05,30.338,1.492,-2.3609,0.00788,0.00010204,21.225,-17.069,-4.5419,7.1097,-2.0407,0,0.495,0.13463,0.19622
422.35,-460.19,30.376,1.1675,-2.2321,0.0065537,7.0284e-05,13.557,-15.408,-3.7908,7.3682,-2.8658,0,0.495,0.15062,0.19997
462.62,-514.23,30.352,1.1419,-2.3103,0.0065908,7.1291e-05,14.177,-15.694,-3.9947,7.7432,-2.7742,0,0.495,0.15062,0.19597
162.2,-197.75,30.371,0.27591,-2.0342,0.005673,6.2295e-05,3.5038,-10.65,0.94095,3.7589,-1.3931,0,0.495,0.20651,0.20032
181.19,-220.26,30.345,0.24384,-2.0896,0.0056827,5.8593e-05,3.6858,-10.596,0.78207,5.2468,-1.2987,0,0.495,0.2065,0.19624
139.97,-174.71,30.373,0.34568,-2.1088,0.005712,6.4594e-05,4.0532,-11.251,-2.9297,4.3889,-1.632,0,0.495,0.19855,0.20021
142.61,-186.2,30.351,0.32458,-2.1563,0.0057238,6.1793e-05,4.249,-11.245,-4.6052,5.6666,-1.5928,0,0.495,0.19855,0.19619
182.36,-216.41,30.362,0.19953,-1.9699,0.005639,5.8517e-05,3.0324,-10.009,0.38115,3.9353,-1.7833,0,0.495,0.21445,0.20034
188.4,-228.55,30.341,0.16702,-2.0138,0.0056458,5.6745e-05,3.1758,-9.9525,-0.90994,5.0256,-1.6748,0,0.495,0.21443,0.19625
90.655,-116.74,30.333,-0.28019,-1.6383,0.0055383,8.23e-05,1.4802,-7.1208,2.623,0.97592,-0.89847,0,0.495,0.27021,0.20065
54.532,-73.962,30.332,-0.26465,-1.7364,0.0055433,9.0651e-05,1.517,-7.3727,-2.3629,0.84055,0.1949,0,0.495,0.26213,0.20046
64.402,-83.761,30.319,-0.28477,-1.7654,0.0055471,8.2609e-05,1.5974,-7.1883,-3.1875,1.9947,0.26847,0,0.495,0.26211,0.1964
