"Lambda2","Q","U:0","U:1","U:2","k","nut","omega","p","vorticity:0","vorticity:1","vorticity:2","yPlus","Points:0","Points:1","Points:2"
33940,-27959,0.6661,3.4463,1.8218,9.8927,0.0045259,2205.4,-36.336,-311.39,184.99,-88.918,0,0.33,0.015487,0.16815
43634,-15800,2.0723,4.6867,-0.0055997,12.48,0.0055149,2181.1,-41.561,-220.88,457.48,-300.62,0,0.33,0.023439,0.16817
23131,-23220,0.12075,3.2337,2.589,10.523,0.0051505,2074.3,-41.768,-350.03,57.094,-20.367,0,0.33,0.015508,0.16412
23986,-11392,0.76506,4.5047,0.43098,11.897,0.0063055,1893.2,-46.57,-290.97,219.67,-193.05,0,0.33,0.023462,0.16415
22459,-1441.8,1.487,5.2545,-0.98786,14.568,0.0081955,1776.3,-56.756,-257.84,286.72,-291.07,0,0.33,0.031402,0.16017
15265,-8308.6,0.036505,4.273,0.99322,12.463,0.0072612,1726.5,-52.083,-334.47,108.15,-119.52,0,0.33,0.023479,0.16013
37131,-5246.5,2.9912,5.4074,-1.2093,15.478,0.0073579,2049.7,-51.588,-188.69,465.96,-384.18,0,0.33,0.031388,0.16419
21049,-19640,-0.18195,3.0239,3.3648,11.613,0.0059265,1997,-47.698,-371.65,17.063,16.291,0,0.33,0.015528,0.1601
43602,-9949.9,5.3257,5.4436,-1.208,17.418,0.0065846,2415.5,-46.903,-100.57,736.91,-485.69,0,0.33,0.031374,0.1682
-2.1584e+05,-79899,0.83594,1.9318,4.1356,9.1508,0.0023393,2940.4,-33.189,85.609,20.889,1930.2,0,0.33,0.0075603,0.16813
69158,-94605,1.2823,2.1086,3.1186,8.8353,0.0021263,2995.5,-28.112,44.129,198.55,1851.1,0,0.33,0.0075396,0.17215
64706,-33689,1.9791,3.6207,1.183,10.372,0.0038889,2516.6,-31.529,-234.17,522.5,-217.31,0,0.33,0.015465,0.17217
2.7916e+05,-98183,2.9206,2.2557,2.2489,8.8301,0.0017656,3148.7,-23.846,54.16,705.97,1657.2,0,0.33,0.0075199,0.17617
4.6025e+05,-1.5073e+05,2.3462,1.4671,3.0343,7.9874,0.00065888,3347.2,-22.961,273.98,529.59,3596.1,0,0.33,0,0.17616
80349,-1.4699e+05,1.3885,1.2963,4.2263,8.6575,0.00068848,3477.4,-27.277,375.96,67.274,3799.6,0,0.33,0,0.17214
66287,-36036,5.1342,3.6571,0.97463,11.506,0.0030959,3006.5,-27.53,-106.8,1040.9,-381.56,0,0.33,0.015445,0.17619
-4.6385e+05,-1.2426e+05,1.225,1.1364,5.3991,9.0182,0.00070811,3539.4,-32.447,515.22,-32.385,3849.2,0,0.33,0,0.16811
43280,-20624,4.6321,4.7426,-0.14374,14.32,0.0046441,2648.9,-37.064,-115.14,867.53,-431.13,0,0.33,0.023412,0.17219
-51439,-17456,13.663,4.926,-0.17666,18.15,0.0052214,2902.1,-39.177,69.059,1223.6,-535.45,0,0.33,0.031342,0.17624
-3941.5,-14381,8.8916,5.2992,-0.87188,19.215,0.0058626,2791.8,-42.676,-2.3652,1060.2,-554.64,0,0.33,0.031356,0.17222
-6690.4,-22818,9.0577,4.5668,0.22617,15.324,0.0038938,3053.1,-33.393,-0.26671,1242.2,-517.47,0,0.33,0.023389,0.17621
-15959,-4888.6,11.433,5.8147,-2.6117,25.346,0.010479,2343.2,-59.684,14.953,772.73,-575.68,0,0.33,0.047201,0.16428
26933,-4282.9,6.7827,5.8229,-2.1835,20.954,0.0087148,2274,-56.03,-72.314,678.57,-526.64,0,0.33,0.039297,0.16423
-43135,-7623.9,14.673,5.5588,-2.0231,24.677,0.0098126,2442.8,-55.522,61.663,881.67,-564.21,0,0.33,0.047191,0.1683
-3679.4,-8425.3,9.8487,5.6851,-1.8066,22.503,0.0081438,2541.5,-51.601,2.5429,885.41,-573.87,0,0.33,0.039285,0.16825
35999,-41.912,4.4796,5.8198,-2.3423,19.16,0.0093296,1997.4,-60.918,-145.69,495.46,-455.63,0,0.33,0.039309,0.16022
21635,-1447.5,8.6713,5.9495,-3.053,24.473,0.010937,2168.1,-64.252,-41.375,642.32,-551.82,0,0.33,0.047211,0.16027
-44554,-9485.5,18.249,5.1882,-1.3238,21.48,0.0087336,2393.6,-51.764,90.125,925,-505.02,0,0.33,0.047181,0.17231
-38515,-6228.4,19.138,5.2206,-2.0527,22.722,0.010375,2182.8,-58.573,84.763,787.02,-502.09,0,0.33,0.055098,0.16835
-33475,-7069.5,22.165,4.8487,-1.3806,17.583,0.0086331,2010.7,-54.989,90.713,756.53,-424.37,0,0.33,0.055089,0.17235
-16312,-4750.8,27.395,4.1109,-0.91057,7.1692,0.0054331,1256.1,-54.275,60.293,456.48,-246.12,0,0.33,0.063012,0.17641
-23167,-4770,25.398,4.4451,-1.4106,12.144,0.0074242,1589,-57.332,78.056,577.7,-337.23,0,0.33,0.06302,0.1724
-25582,-7307.2,24.928,4.4427,-0.76399,11.604,0.0066539,1693.3,-51.792,79.528,647.92,-326.13,0,0.33,0.05508,0.17636
-36668,-10528,21.804,4.7331,-0.60771,15.845,0.0072462,2132.2,-48.452,92.394,850.97,-403.97,0,0.33,0.047171,0.17632
-28821,-4398.1,23.008,4.7768,-2.0006,17.638,0.0094822,1834.4,-60.737,85.803,652.01,-420.53,0,0.33,0.063026,0.16839
-36558,-11680,13.714,5.3836,-1.1926,22.154,0.0075284,2688.9,-47.628,65.304,1053.1,-564.08,0,0.33,0.039273,0.17226
-48867,-13982,18.033,4.9249,-0.42186,18.36,0.0066447,2555.5,-44.226,93.679,1058.6,-480.12,0,0.33,0.039261,0.17628
-16475,-31230,16.094,3.0043,1.9694,8.6386,0.0019938,2861.2,-23.926,64.313,1320.3,-325.26,0,0.33,0.015416,0.18423
13690,-34242,10.373,3.4382,1.3566,11.1,0.0024152,3221.6,-24.931,12.995,1385.6,-429.37,0,0.33,0.015427,0.18021
1.698e+05,-32475,13.596,1.955,2.3362,5.956,0.0010205,2692.5,-20.15,212.14,1509.4,957.56,0,0.33,0.0074918,0.18421
1.8499e+05,-68904,7.2968,2.2254,1.9911,8.006,0.0013075,3128.5,-20.985,129.64,1323.8,1328.7,0,0.33,0.0075019,0.18019
3.1034e+05,-96156,6.1541,1.5176,2.3805,6.3461,0.0005735,2976.7,-20.014,281.54,1255.2,3033.7,0,0.33,0,0.18018
3.4291e+05,-29206,12.618,1.3463,2.5051,4.0877,0.00044577,2377.6,-19.173,369.64,1584.6,2207.2,0,0.33,0,0.1842
-7680.8,-25828,20.804,2.5264,2.418,5.7923,0.0016886,2210.3,-23.828,66.566,1026,-199.81,0,0.33,0.015421,0.18824
-15971,-19309,22.917,3.1333,1.9939,6.1163,0.0023352,1898.8,-28.598,62.568,813.65,-236.67,0,0.33,0.023356,0.18826
-30000,-23300,19.2,3.6379,1.5654,9.5488,0.0028699,2500.3,-29.464,76.077,1080.1,-352.08,0,0.33,0.023359,0.18425
-7736.2,-10875,27.081,3.0041,1.7764,3.1281,0.0021731,1096.4,-32.279,35.944,437.2,-148.56,0,0.33,0.031298,0.1923
-15620,-13921,25.038,3.4154,1.5464,5.4969,0.0029215,1542.4,-33.266,53.784,620.04,-222.94,0,0.33,0.031305,0.18828
-6722.5,-14655,25.633,2.6937,2.2329,3.6459,0.0018427,1360.2,-28.154,46.041,578.96,-153.2,0,0.33,0.023363,0.19227
740.06,-19106,24.248,2.1045,2.6341,3.5611,0.0014136,1582.1,-24.125,55.396,727.06,-112.76,0,0.33,0.015438,0.19225
-27423,-17119,22.21,3.8889,1.1608,9.0959,0.0037635,2067.6,-34.684,73.556,843.5,-321.76,0,0.33,0.031316,0.18427
-40420,-23907,14.422,4.1565,0.92955,13.315,0.0033753,2990.1,-30.929,66.584,1293.4,-477.1,0,0.33,0.023372,0.18023
-44099,-18739,18.436,4.4105,0.58784,13.853,0.0045478,2593.3,-36.597,87.4,1095.5,-437.64,0,0.33,0.031328,0.18025
-9298.2,-5685.6,28.625,3.7172,0.059795,3.3172,0.0034815,902.57,-46.662,33.674,321.92,-157.97,0,0.33,0.055063,0.18438
-16625,-6774.6,27.121,4.0525,-0.27767,6.5193,0.0048375,1286.8,-49.033,57.047,483.68,-231.78,0,0.33,0.055071,0.18037
-14765,-8446.6,26.97,3.8585,0.40583,5.4416,0.0041714,1257.2,-43.369,48.096,470.32,-215.32,0,0.33,0.047151,0.18434
-25021,-10131,24.805,4.267,-0.011052,9.8104,0.0055884,1705.1,-45.677,73.362,669.79,-299.31,0,0.33,0.047161,0.18033
-9815.7,-4370,28.853,3.8047,-0.53399,3.6684,0.0038155,900.42,-51.586,38.772,317.69,-164.61,0,0.33,0.063005,0.18041
-4844.1,-3820.4,29.785,3.5414,-0.27177,1.7343,0.0026861,601.61,-49.215,20.545,198.93,-104.15,0,0.33,0.062998,0.18442
-21061,-12200,24.825,3.9322,0.77307,7.5754,0.0043199,1647.5,-39.35,62.19,641.6,-270.95,0,0.33,0.039238,0.1843
-7930.1,-6808,28.436,3.5167,0.67844,2.8872,0.003102,883.77,-41.43,26.925,316.43,-147.32,0,0.33,0.047141,0.18835
-11960,-9871.2,26.91,3.5212,1.1024,4.2982,0.0032579,1199.2,-37.6,40.322,455.36,-189.1,0,0.33,0.039227,0.18831
-5693.4,-7819.7,28.375,3.1668,1.3048,2.3158,0.0023346,836.52,-36.238,22.996,312.61,-125.56,0,0.33,0.039217,0.19233
-2770.3,-5434.9,29.412,3.2248,0.85385,1.474,0.0022062,600.61,-39.828,12.588,207.38,-94.716,0,0.33,0.047131,0.19236
-34729,-14244,21.918,4.4064,0.27748,12.539,0.0054945,2144.5,-41.517,85.209,874.94,-368.33,0,0.33,0.03925,0.18029
-11910,-1588,28.462,3.8768,-1.8927,6.2747,0.0058048,1023.5,-62.523,50.554,337.96,-227.87,0,0.33,0.078995,0.16848
-6097.3,-1190.4,29.946,3.5128,-1.9202,2.8541,0.0040329,654.03,-62.392,29.203,200.21,-139.92,0,0.33,0.086911,0.16853
-15974,-986.37,27.033,4.0829,-2.3302,10.138,0.0077419,1263.5,-65.69,63.71,416.83,-300.57,0,0.33,0.078995,0.16448
-9252.5,-562.26,29.086,3.6628,-2.2438,5.1584,0.0055652,873.21,-65.249,42.451,273.61,-201.87,0,0.33,0.086914,0.16453
-6788.9,74.726,29.672,3.424,-2.5189,3.9333,0.0051137,720.09,-67.079,33.597,213.53,-169.43,0,0.33,0.09483,0.16059
-12444,221.3,27.943,3.8122,-2.6271,8.3026,0.0073538,1083,-68.276,54.365,340.35,-267.09,0,0.33,0.086915,0.16053
-4441.5,-634.5,30.324,3.3185,-2.2386,2.198,0.0037576,538.24,-64.341,23.073,155.35,-116.98,0,0.33,0.094828,0.16458
-19357,-316.07,25.332,4.2806,-2.8249,14.557,0.0097877,1455.5,-69.052,71.731,471.19,-366.63,0,0.33,0.078985,0.16046
-2256.2,-1114.7,30.759,3.2129,-2.0039,1.1126,0.0026714,377.92,-61.755,13.804,103.7,-74.317,0,0.33,0.094826,0.16858
-19658,-2672.4,26.154,4.3074,-1.9288,11.518,0.0077789,1435.3,-62.038,72.08,496.47,-326.36,0,0.33,0.071051,0.16843
-14415,-3006.8,27.871,4.0388,-1.4502,7.0292,0.00577,1157.6,-58.852,57.261,401.28,-244.79,0,0.33,0.07105,0.17244
-7786.4,-2017.8,29.543,3.6757,-1.5322,3.4117,0.0041457,763.42,-59.594,34.787,246.67,-157.43,0,0.33,0.078992,0.17249
-9158.6,-3087.7,29.163,3.7828,-1.0685,3.7199,0.0040672,851.58,-55.973,38.746,288.83,-166.56,0,0.33,0.071045,0.17644
-4153.7,-2202.5,30.267,3.489,-1.2526,1.6482,0.0028685,525.35,-56.919,20.008,161.36,-98.998,0,0.33,0.078988,0.17649
-3219.5,-1583.6,30.523,3.369,-1.6589,1.4139,0.0028254,455.57,-59.729,17.048,132.59,-88.665,0,0.33,0.086908,0.17253
816.06,-1452.5,31.153,3.0087,-1.6434,0.23775,0.0012684,169.81,-57.077,2.0732,37.838,-24.771,0,0.33,0.094821,0.17658
-367.85,-1368.7,31.017,3.1094,-1.8086,0.5221,0.0018529,254.12,-59.334,6.7508,64.151,-43.881,0,0.33,0.094824,0.17258
-757.09,-1748,30.866,3.234,-1.4511,0.64725,0.001943,301.69,-57.265,7.7661,80.405,-52.06,0,0.33,0.086906,0.17653
257.66,-962.43,31.205,2.8022,-2.3675,0.27297,0.001499,163.97,-61.263,4.5383,36.053,-24.942,0,0.33,0.11066,0.16468
-1383.3,-827.23,30.951,3.0389,-2.29,0.80948,0.0024264,302,-62.976,10.512,77.528,-58.349,0,0.33,0.10274,0.16463
759.98,-1082.9,31.266,2.7415,-2.2178,0.13213,0.0010379,115.31,-59.225,2.4772,22.971,-13.339,0,0.33,0.11066,0.16867
-1.8058,-1106.9,31.134,2.962,-2.1107,0.3904,0.0017007,206.68,-60.667,5.641,49.077,-34.352,0,0.33,0.10274,0.16863
-2992.8,-338.64,30.641,3.1132,-2.4958,1.5685,0.0033653,427.01,-65.413,17.03,115.37,-92.246,0,0.33,0.10274,0.16064
-611.87,-698.18,31.083,2.859,-2.5304,0.54954,0.0021185,234.45,-63.406,7.3895,55.639,-43.059,0,0.33,0.11066,0.16068
817.46,-1103.6,31.29,2.6791,-2.0785,0.065145,0.00070803,83.621,-57.293,1.0496,15.062,-6.5245,0,0.33,0.11066,0.17267
814.54,-1048.7,31.274,2.5418,-2.314,0.046892,0.00061056,70.184,-57.502,2.2293,11.383,-3.3902,0,0.33,0.11859,0.16868
812.93,-1027.6,31.272,2.4889,-2.1839,0.026018,0.00041665,54.771,-55.801,1.5761,8.6172,-0.41877,0,0.33,0.11859,0.17267
745.63,-884.01,31.206,2.2499,-2.1517,0.010122,0.00020133,34.234,-52.727,1.2733,6.4984,2.2792,0,0.33,0.12665,0.17655
801.17,-947.24,31.215,2.2979,-2.2708,0.013217,0.00026563,39.97,-54.145,1.9937,5.9791,1.9005,0,0.33,0.12664,0.17252
784.12,-981.35,31.264,2.4344,-2.0589,0.016186,0.00028682,44.502,-54.184,1.1682,7.5455,1.0848,0,0.33,0.1186,0.17667
791.57,-1068.6,31.295,2.6156,-1.9479,0.034291,0.00047311,63.451,-55.467,0.10755,10.784,-2.835,0,0.33,0.11066,0.17666
841.93,-998.2,31.226,2.3452,-2.3943,0.019605,0.00036887,47.984,-55.626,2.9038,6.2834,0.72879,0,0.33,0.12663,0.16856
757.58,-1221.1,31.228,2.8841,-1.9522,0.18256,0.0011693,141.22,-58.493,2.3264,30.077,-19.172,0,0.33,0.10274,0.17263
917.52,-1229.4,31.27,2.8056,-1.8096,0.087016,0.0007914,99.629,-56.453,0.29535,18.698,-10.499,0,0.33,0.10274,0.17662
1051.4,-2084.7,30.919,3.166,-0.87814,0.3326,0.0013643,223.52,-52.267,1.9756,54.056,-32.447,0,0.33,0.078981,0.18449
-1088.9,-2196.9,30.693,3.32,-1.0416,0.74166,0.0019708,343.13,-54.484,8.9,96.132,-57.815,0,0.33,0.078985,0.18049
-1208.9,-2723.9,30.513,3.3517,-0.5842,0.79423,0.0019579,373.6,-51.078,9.6614,109,-61.162,0,0.33,0.071035,0.18445
-4761.6,-2950.7,30.015,3.5534,-0.7871,1.7572,0.0028075,576.39,-53.393,21.734,185.27,-103.86,0,0.33,0.071041,0.18045
1686.5,-1949.8,31.026,3.0221,-0.7482,0.1548,0.00091857,151.54,-50.264,-1.6711,29.911,-18.064,0,0.33,0.078979,0.1885
1226.5,-1563.3,31.161,2.8717,-1.0192,0.065734,0.00057849,97.625,-51.019,-3.7724,15.327,-9.9706,0,0.33,0.086898,0.18854
1413.4,-1682.6,31.129,2.9873,-1.1415,0.13428,0.00090021,135.25,-52.918,-1.8442,25.983,-16.515,0,0.33,0.0869,0.18454
877.95,-1218.9,31.235,2.6218,-1.1513,0.017884,0.00023619,53.309,-49.613,-2.5474,7.5746,-5.2589,0,0.33,0.094817,0.19258
916.62,-1268,31.238,2.7177,-1.2563,0.029685,0.0003558,66.011,-51.259,-3.3871,9.9317,-6.1042,0,0.33,0.094815,0.18858
1094.9,-1478.2,31.169,2.7597,-0.911,0.034436,0.00035752,74.568,-49.292,-3.8322,9.8871,-6.9959,0,0.33,0.0869,0.19254
1499.1,-1796.8,31.072,2.8834,-0.63674,0.074875,0.00056958,108.62,-48.443,-2.7461,16.96,-10.392,0,0.33,0.078982,0.19251
1019,-1360.7,31.235,2.8131,-1.3716,0.055154,0.00056034,85.708,-53.046,-2.4779,14.014,-8.5446,0,0.33,0.094817,0.18458
916.12,-1757.9,31.046,3.1075,-1.283,0.28994,0.0013312,198.32,-54.998,1.717,45.997,-29.267,0,0.33,0.086903,0.18053
1135.2,-1434.8,31.213,2.9101,-1.4998,0.11101,0.00085887,117.39,-54.984,-0.74561,22.304,-14.025,0,0.33,0.094819,0.18058
681,-862.98,31.254,2.3249,-1.8229,0.0092814,0.00016114,32.319,-51.222,0.019864,7.9801,1.8512,0,0.33,0.11861,0.18471
736.31,-922.91,31.257,2.3789,-1.9388,0.011536,0.00020833,37.416,-52.659,0.56014,7.5241,1.726,0,0.33,0.1186,0.18069
664.95,-909.16,31.286,2.4897,-1.7087,0.013363,0.00022556,41.646,-52.135,-1.3515,8.2293,-0.31753,0,0.33,0.11065,0.18466
737.89,-998.79,31.291,2.5518,-1.8247,0.020041,0.00031682,50.403,-53.748,-0.73075,8.8493,-1.0231,0,0.33,0.11065,0.18066
676.08,-816.35,31.2,2.2002,-2.0404,0.0085829,0.00016051,29.91,-51.305,0.28161,7.437,2.2162,0,0.33,0.12673,0.18043
614.1,-758.63,31.201,2.1532,-1.9315,0.0077651,0.00013255,26.573,-50.01,-0.48601,8.4138,1.9467,0,0.33,0.12676,0.18443
771.05,-1084.3,31.282,2.6483,-1.5593,0.024668,0.00034433,57.705,-52.771,-1.9953,9.6569,-3.8936,0,0.33,0.10273,0.18462
606.56,-836.25,31.282,2.4287,-1.5997,0.010186,0.00017223,35.607,-50.624,-0.70718,7.8417,-0.22779,0,0.33,0.11065,0.18866
695.44,-987.13,31.278,2.5714,-1.4491,0.015524,0.00023843,47.041,-51.117,-2.2967,8.3362,-3.1596,0,0.33,0.10273,0.18862
664.46,-956.09,31.274,2.4921,-1.3491,0.011257,0.00017518,39.866,-49.585,-0.66607,6.9506,-2.9912,0,0.33,0.10274,0.19262
600.22,-823.38,31.279,2.3622,-1.4969,0.0086458,0.00013619,31.335,-49.218,2.6882,6.3718,-0.35357,0,0.33,0.11066,0.19266
852.7,-1175.4,31.282,2.7266,-1.6793,0.04421,0.00052322,73.942,-54.547,-0.98971,12.565,-5.9779,0,0.33,0.10274,0.18062
65.905,-133.47,30.138,-1.5344,-0.032079,0.0055346,7.3012e-05,1.9593,-7.6717,-0.5912,1.0568,-6.2843,0,0.33,0.43036,0
71.631,-137.92,30.148,-1.5294,-0.063484,0.0055347,7.2053e-05,1.9705,-7.6865,0.011015,0.84211,-6.0633,0,0.33,0.43036,0.0079762
52.271,-105.94,30.251,-1.4295,0.028093,0.0055181,8.1978e-05,1.5394,-8.7501,-0.45604,0.73713,5.034,0,0.33,0.44184,0
58.288,-111.45,30.244,-1.4431,-0.050502,0.0055206,7.9798e-05,1.6034,-8.558,-0.12297,0.66851,-5.2672,0,0.33,0.44184,0.007976
69.811,-128.58,30.163,-1.4943,-0.1971,0.0055301,7.3889e-05,1.8542,-7.9396,1.5781,0.90653,-5.9392,0,0.33,0.43037,0.023926
65.599,-120.21,30.183,-1.5047,-0.25788,0.0055253,7.5839e-05,1.7372,-8.1705,3.8152,1.8835,-5.4542,0,0.33,0.43037,0.031904
57.36,-103.89,30.258,-1.4092,-0.18475,0.0055174,8.1718e-05,1.5226,-8.7762,0.94105,0.6741,-5.243,0,0.33,0.44184,0.023926
53.765,-97.467,30.284,-1.4024,-0.23208,0.0055116,8.4612e-05,1.392,-9.1653,2.5395,1.3083,-4.4399,0,0.33,0.44184,0.031903
71.927,-129.94,30.209,-1.5004,-0.31688,0.0055215,7.4012e-05,1.6663,-8.4257,1.1854,1.5126,-4.959,0,0.33,0.43037,0.039899
59.947,-106.71,30.294,-1.4193,-0.28171,0.0055107,8.166e-05,1.3858,-9.1991,0.54399,1.2977,-4.3629,0,0.33,0.44184,0.039893
65.884,-111.1,30.248,-1.4179,-0.43084,0.0055139,7.8673e-05,1.4691,-9.0998,3.0268,1.8536,-4.7149,0,0.33,0.43025,0.056013
59.399,-99.789,30.282,-1.4203,-0.48289,0.0055089,8.1826e-05,1.3489,-9.5031,4.5984,2.5188,-4.1468,0,0.33,0.43021,0.064027
54.697,-91.606,30.329,-1.3368,-0.39809,0.0055053,8.6511e-05,1.246,-9.7881,1.3991,1.546,-4.3059,0,0.33,0.44184,0.056002
49.94,-83.554,30.364,-1.3239,-0.43931,0.0054998,9.0725e-05,1.1235,-10.287,2.7215,1.9462,-3.4297,0,0.33,0.44184,0.064019
66.617,-115.69,30.316,-1.3962,-0.52759,0.0055055,7.8466e-05,1.2922,-9.9071,0.95762,1.8818,-3.7075,0,0.33,0.4302,0.072008
55.104,-94.815,30.386,-1.3233,-0.47991,0.0054985,8.6908e-05,1.11,-10.491,-0.085584,1.7479,-3.3275,0,0.33,0.44184,0.071989
51.195,-85.504,30.368,-1.2845,-0.60507,0.0054986,9.0216e-05,1.1065,-10.796,2.9289,1.8921,-3.3979,0,0.33,0.43014,0.088024
47.878,-77.88,30.402,-1.2728,-0.63888,0.0054949,9.3917e-05,1.0239,-11.257,3.6264,2.4252,-2.7375,0,0.33,0.43013,0.096026
41.254,-70.528,30.433,-1.2149,-0.56482,0.0054932,9.9108e-05,0.96852,-11.282,0.82393,1.47,-3.281,0,0.33,0.44184,0.088013
38.354,-64.083,30.462,-1.192,-0.59448,0.005489,0.00010428,0.87937,-11.789,1.5338,1.7109,-2.3681,0,0.33,0.44184,0.096033
62.785,-101.47,30.438,-1.2313,-0.66411,0.0054928,8.5407e-05,0.99971,-11.704,-0.67753,2.3171,-2.1907,0,0.33,0.43014,0.10402
45.117,-75.636,30.488,-1.1739,-0.61937,0.0054881,9.7243e-05,0.87426,-12.076,-2.0542,1.9155,-2.0882,0,0.33,0.44184,0.10407
49.291,-72.3,30.501,-1.0887,-0.7093,0.0054881,0.00010357,0.86872,-12.61,2.5395,1.9559,-2.0076,0,0.33,0.43018,0.12014
51.653,-72.619,30.532,-1.0698,-0.73182,0.0054857,0.00010403,0.818,-13.047,3.372,2.3608,-1.479,0,0.33,0.43023,0.12828
30.312,-50.757,30.542,-1.0372,-0.66825,0.0054844,0.00012068,0.77252,-12.87,-0.4394,1.1912,-1.7899,0,0.33,0.44184,0.12028
32.605,-50.939,30.556,-1.0073,-0.6869,0.0054816,0.00012252,0.71777,-13.305,0.45437,1.3618,-0.89223,0,0.33,0.44184,0.12839
76.647,-107.55,30.568,-1.0151,-0.74922,0.0054846,8.5689e-05,0.81995,-13.456,-1.1256,3.1632,-0.96506,0,0.33,0.43026,0.1364
48.769,-70.311,30.587,-0.97122,-0.69783,0.0054814,0.00010365,0.73058,-13.614,-2.907,2.6882,-0.20998,0,0.33,0.44184,0.13645
-321.57,625.64,9.6725,-19.193,0.0057468,11.962,0.0096111,1234.9,-83.146,-285.85,-83.531,-22.314,0,0.33,0.078982,0.0039878
-346.97,531.37,9.2667,-18.969,0.072959,12.18,0.009953,1216.7,-83.715,-271.41,-75.55,-24.343,0,0.33,0.071037,0.0039877
-4003.8,4380.8,9.2502,-17.648,-0.025016,16.723,0.012624,1322.6,-84.166,-423.6,-96.881,-21.604,0,0.33,0.07898,0.0079742
-5480.8,6119.3,8.8806,-17.517,0.10311,16.412,0.012698,1291,-84.953,-407.76,-93.828,-26.409,0,0.33,0.071036,0.0079741
1990.2,-4727.8,9.0061,-19.164,-0.091779,10.467,0.0091087,1149.4,-80.778,-153.58,-45.075,26.254,0,0.33,0.063138,0
162.94,-822.88,8.8316,-18.579,0.16624,12.337,0.010267,1196.6,-81.352,-257.07,-69.93,-27.064,0,0.33,0.063134,0.0039876
1984.9,-2455.6,9.4615,-19.601,-0.043636,10.036,0.0086551,1159.7,-83.214,-163.8,-50.309,24.427,0,0.33,0.071042,0
1754.8,-1536.9,9.8937,-19.872,-0.0082611,9.546,0.0081775,1167.5,-82.711,-174,-57.082,23.619,0,0.33,0.078986,0
-5570.8,6805.8,8.4683,-17.223,0.28472,16.053,0.012742,1258.7,-82.839,-392.52,-93.597,-30.966,0,0.33,0.063133,0.0079741
-14774,10811,8.4651,-9.9092,-0.7698,23.754,0.020043,1186.3,-92.015,-355.29,-82.763,-122.8,0,0.33,0.078978,0.027908
-10872,10307,8.6642,-11.228,-0.55056,23.895,0.019241,1242.7,-90.085,-382.51,-42.629,-90.46,0,0.33,0.078979,0.023921
-21824,18245,7.5026,-10.038,-0.37165,23.237,0.020447,1137.5,-95.735,-369.12,-126.88,-119.06,0,0.33,0.071033,0.027908
-19345,17344,7.8884,-11.33,-0.20009,23.126,0.019374,1194.6,-93.172,-392.91,-89.375,-94.929,0,0.33,0.071034,0.023921
-30582,25961,5.9963,-8.8901,0.053498,22.835,0.021909,1043.1,-100.27,-362.11,-180.48,-120.29,0,0.33,0.06313,0.031895
-24125,18552,6.9622,-8.8752,-0.58521,23.459,0.021727,1080.8,-98.404,-344.13,-162.6,-138.53,0,0.33,0.071033,0.031895
-28331,25481,6.6216,-10.019,0.20011,22.595,0.020586,1098.5,-96.968,-383.64,-153.29,-109.05,0,0.33,0.063131,0.027908
-17477,11054,8.0812,-8.7203,-1.0286,23.811,0.02113,1128.3,-94.159,-327.85,-128.05,-152.23,0,0.33,0.078978,0.031895
-25447,24068,7.1266,-11.275,0.30254,22.37,0.01939,1154.6,-93.674,-403.63,-121.52,-92.816,0,0.33,0.063131,0.023921
553.18,-469.5,10.528,-17.535,-0.16495,15.745,0.01107,1414,-63.196,-507.13,-203.07,-10.252,0,0.33,0.11874,0.0079741
128.37,-562.5,11.403,-19.394,-0.09907,9.1489,0.0071113,1259.4,-62.61,-333.04,-163.93,-23.907,0,0.33,0.11874,0.0039877
816.42,-561.65,10.319,-17.535,-0.16638,16.426,0.011602,1409.3,-67.671,-493.76,-169.78,-9.2079,0,0.33,0.11082,0.0079741
211.33,-578.12,11.078,-19.37,-0.090593,9.9241,0.0076991,1264.7,-67.068,-330.51,-145.22,-22.156,0,0.33,0.11083,0.0039877
275.56,-1262.9,12.188,-20.203,0.069991,5.5591,0.0048806,1138.5,-58.441,-193.41,-113.5,31.319,0,0.33,0.12666,0
383.57,-1116.5,11.824,-20.18,0.060459,6.1865,0.0053867,1147.9,-62.372,-198.41,-106.7,29.391,0,0.33,0.11874,0
-56.53,-560.51,11.738,-19.438,-0.11162,8.332,0.0065155,1250.5,-58.67,-330.04,-180.25,-26.5,0,0.33,0.12666,0.0039878
-81.423,-2.8291,10.755,-17.589,-0.17248,14.794,0.010411,1410.9,-59.286,-514.4,-237.74,-13.701,0,0.33,0.12666,0.0079742
543.96,-1108.6,11.46,-20.162,0.052456,6.8827,0.0059425,1157.7,-66.805,-199.57,-97.303,27.733,0,0.33,0.11083,0
565.54,-10967,10.344,-9.2131,-0.74044,32.114,0.021225,1513.2,-64.11,-429.2,226.95,45.423,0,0.33,0.11874,0.023921
3845,-9503.9,10.538,-9.7114,-0.85134,29.954,0.020313,1474.7,-68.672,-396.49,201.99,10.326,0,0.33,0.11082,0.023921
4206,-14239,11.472,-7.5535,-1.0248,31.553,0.020634,1529.1,-63.751,-364.47,318.53,35.086,0,0.33,0.11874,0.027908
8875,-11469,11.502,-8.2001,-1.1465,28.718,0.019598,1464.9,-68.574,-339.68,247.63,-18.799,0,0.33,0.11082,0.027908
394.63,-18304,12.544,-5.3471,-1.1645,32.57,0.020405,1596.5,-59.65,-333.23,443.38,79.903,0,0.33,0.12665,0.031894
-456.79,-13760,10.954,-6.9431,-0.84639,34.295,0.021948,1563.2,-60.311,-410.27,342.95,83.909,0,0.33,0.12665,0.027908
8910.8,-17023,12.897,-6.1564,-1.367,28.895,0.018916,1526.5,-63.352,-296.3,361.55,0.65517,0,0.33,0.11874,0.031894
-473.82,-9576.2,9.8496,-8.7996,-0.60088,33.692,0.02208,1526.1,-60.693,-475.38,213.02,71.638,0,0.33,0.12665,0.023921
14004,-12542,12.554,-6.9184,-1.4831,26.112,0.018232,1431.6,-68.666,-285.81,237.59,-71.513,0,0.33,0.11082,0.031895
-1507.5,797.29,11.026,-17.692,-0.20095,13.633,0.0096468,1401.1,-55.981,-514.01,-269.71,-19.131,0,0.33,0.13457,0.0079742
-3453.7,1688.9,11.37,-17.821,-0.26221,12.345,0.0088178,1386.3,-53.002,-505.63,-295.16,-26.089,0,0.33,0.14251,0.0079742
-437.22,-639.92,12.098,-19.498,-0.13317,7.5236,0.0059376,1239.5,-55.263,-321.58,-192.28,-29.53,0,0.33,0.13457,0.0039878
-939.9,-957.54,12.5,-19.553,-0.1689,6.7659,0.0053981,1228.4,-52.12,-308.44,-198.72,-32.781,0,0.33,0.14251,0.003988
189.23,-1631.6,12.565,-20.227,0.083271,5.0265,0.0044413,1131.4,-55.012,-185.08,-116.95,33.185,0,0.33,0.13458,0
126.61,-2359,12.969,-20.236,0.10288,4.5954,0.0040738,1127.9,-51.818,-174.32,-116.81,34.863,0,0.33,0.14251,0
-6620.1,-7888.7,14.767,-17.533,-1.0294,6.1133,0.0047211,1285,-26.762,-359.39,-258.57,-67.75,0,0.33,0.1825,0.0079745
331.04,-15485,15.606,-18.618,-0.55669,4.1022,0.0034121,1197.8,-24.962,-196.2,-137.63,-49.709,0,0.33,0.18249,0.0039879
-7262.5,-3263.4,13.839,-17.847,-0.83649,7.1896,0.0054519,1306.4,-35.092,-400.72,-289.12,-62.201,0,0.33,0.17443,0.0079746
-1184.1,-10298,14.809,-19.086,-0.46009,4.4868,0.0037129,1200.7,-33.451,-223.13,-160.77,-48.301,0,0.33,0.17443,0.0039896
10387,-25451,16.629,-18.328,0.35806,3.3882,0.0029015,1167.9,-14.549,-86.697,-51.676,43.509,0,0.33,0.19061,0
3543.6,-18763,15.881,-19.003,0.30571,3.5016,0.0030231,1158.5,-24.286,-102.84,-68.022,42.622,0,0.33,0.18249,0
4181.9,-21982,16.421,-18.008,-0.65336,3.7647,0.0031397,1196.8,-15.298,-168.16,-110.81,-51.578,0,0.33,0.19061,0.0039877
-5552.4,-14087,15.736,-17.081,-1.2222,5.1567,0.0040472,1266.8,-17.239,-315.29,-220.07,-72.268,0,0.33,0.19062,0.0079741
1118.7,-13299,15.145,-19.533,0.25463,3.6287,0.0031576,1149.4,-32.839,-118.43,-82.674,42.732,0,0.33,0.17444,0
-2696.1,-4229.2,9.1629,-8.5707,-0.485,34.076,0.022569,1509.8,-58.635,-526.58,158.92,80.896,0,0.33,0.13457,0.023921
-3567.5,-7807.7,10.041,-6.5196,-0.6639,35.846,0.023083,1553.7,-58.566,-470.6,307.17,111.46,0,0.33,0.13457,0.027908
-4032.7,4078.8,8.4752,-8.5662,-0.4731,33.11,0.022472,1472.9,-57.393,-570.88,79.267,70.625,0,0.33,0.1425,0.023921
-9294.2,2626.6,8.9995,-6.3798,-0.58859,35.549,0.023595,1506.6,-57.826,-528.61,227.56,109.29,0,0.33,0.1425,0.027908
-3536.8,-12499,11.498,-4.689,-0.91385,35.68,0.022185,1610.2,-58.09,-397.67,442.99,136.9,0,0.33,0.13457,0.031894
-9817.4,-239.44,10.107,-4.3651,-0.7577,36.65,0.02348,1562.3,-57.801,-469.09,371.21,149.75,0,0.33,0.1425,0.031894
-24821,24831,7.6934,-7.5558,-1.826,25.712,0.019175,1341.3,-48.62,-597.42,-135.59,-75.84,0,0.33,0.17445,0.027908
-31995,24609,8.655,-8.0198,-2.381,22.989,0.017114,1344.5,-42.421,-574.7,-187.85,-141.39,0,0.33,0.18255,0.027908
-29190,21632,8.5117,-9.7117,-1.7042,23.451,0.017132,1369.9,-46.276,-603.39,-224.34,-90.93,0,0.33,0.17445,0.023921
-30532,20813,9.6139,-10.049,-2.2163,20.568,0.015033,1369.3,-39.508,-575.14,-253.57,-140.38,0,0.33,0.18255,0.023922
-33195,26464,9.3425,-6.6468,-3.1475,22.181,0.016466,1348.6,-37.806,-534.57,-146.21,-209.5,0,0.33,0.19061,0.031895
-33118,23356,10.103,-8.4756,-2.9847,20.216,0.014838,1363.7,-34.838,-541.14,-204.98,-199.66,0,0.33,0.19061,0.027908
-30534,26581,7.9807,-6.0387,-2.5024,24.534,0.018603,1319.6,-44.739,-561.53,-107.67,-131.96,0,0.33,0.18255,0.031895
-17472,26365,7.2498,-5.4629,-1.9228,27.089,0.020514,1320.3,-50.365,-577.95,-32.389,-50.318,0,0.33,0.17445,0.031894
-30888,18477,11.067,-10.339,-2.7628,17.556,0.012771,1375.3,-31.332,-536.55,-251.06,-181.31,0,0.33,0.19061,0.023921
-19904,11059,7.5305,-7.6574,-1.326,24.202,0.022517,1076.2,-96.45,-302.05,-162.41,-174.73,0,0.33,0.078977,0.035881
-25983,18429,6.3029,-7.8391,-0.83772,23.838,0.023165,1030,-101.1,-320.72,-185.95,-152.11,0,0.33,0.071032,0.035881
-21697,10889,6.8827,-6.7096,-1.6563,24.798,0.024012,1033.8,-98.792,-279.64,-178.14,-190.14,0,0.33,0.078976,0.039868
-27188,18059,5.5879,-6.9188,-1.1221,24.262,0.02459,987.34,-103.75,-300.94,-193.74,-161.04,0,0.33,0.071031,0.039868
-32125,25801,5.2877,-7.8859,-0.13195,23.112,0.023302,992.55,-103.5,-342.13,-196.62,-126.97,0,0.33,0.063129,0.035881
-32925,25270,4.5464,-6.9952,-0.34833,23.363,0.02464,948.61,-106.61,-325.6,-200.43,-130.7,0,0.33,0.063128,0.039868
-23138,10295,4.2218,-3.1116,-3.557,26.625,0.02788,955.01,-109.16,-224.45,-91.812,-237.74,0,0.33,0.079041,0.059869
-23279,10121,4.581,-3.7292,-3.1632,26.479,0.027711,955.67,-107.34,-229.57,-117.32,-227.2,0,0.33,0.079036,0.055861
-27672,17214,2.6658,-3.4392,-2.7959,24.894,0.027896,892.35,-115.28,-265.2,-112,-195.64,0,0.33,0.070972,0.059951
-27756,16944,3.0943,-4.0392,-2.443,24.945,0.0278,897.28,-113.25,-265.42,-134.01,-186.62,0,0.33,0.070999,0.05591
-31976,24139,1.0881,-3.1064,-1.9555,23.128,0.027891,829.26,-121.74,-308.39,-109.64,-156.24,0,0.33,0.063065,0.06396
-27693,17788,2.3286,-2.866,-3.1483,24.828,0.0278,893.09,-117.07,-266.95,-90.715,-206.19,0,0.33,0.07097,0.063958
-31941,23593,1.486,-3.6545,-1.6676,23.268,0.027895,834.08,-119.72,-303.57,-127.49,-148.68,0,0.33,0.063066,0.059955
-22991,10750,3.9616,-2.5242,-3.9451,26.727,0.027828,960.41,-110.8,-221.14,-66.512,-249.87,0,0.33,0.079032,0.063879
-32105,23367,1.9626,-4.2281,-1.3853,23.411,0.027735,844.05,-117.44,-300.88,-145.82,-142.7,0,0.33,0.063092,0.055911
16092,-12208,13.449,-5.8469,-1.8532,23.217,0.016942,1371.2,-69.255,-241.63,170.85,-144.95,0,0.33,0.11082,0.035881
10882,-10092,13.982,-4.9381,-2.2443,21.343,0.016469,1299.5,-70.548,-211.65,74.547,-224.79,0,0.33,0.11083,0.039867
16331,-18621,14.381,-5.0306,-1.7599,24.746,0.016617,1487.3,-63.24,-233.66,335.34,-64.079,0,0.33,0.11874,0.035881
22973,-17753,15.618,-4.1427,-2.1902,20.66,0.014663,1409.9,-63.831,-188.2,242.11,-155,0,0.33,0.11875,0.039867
7256.4,-22724,14.462,-4.0581,-1.556,28.296,0.01765,1600.8,-58.903,-250.02,486.87,49.35,0,0.33,0.12666,0.035881
15355,-25744,16.421,-3.0936,-2.0176,22.336,0.014367,1549.1,-58.539,-174.14,445.83,-16.576,0,0.33,0.12667,0.039867
-5462.3,1490,16.712,-1.5731,-3.7573,20.277,0.016566,1226.4,-72.956,-144.42,-10.535,-413.23,0,0.33,0.11872,0.055942
-17542,643.02,13.606,-2.0763,-3.7402,24.807,0.020952,1186.7,-79.881,-150.19,-40.129,-385.39,0,0.33,0.11079,0.055934
-963.24,3685,16.735,-1.0346,-4.0494,21.465,0.017558,1224.5,-75.552,-130.58,6.9503,-434.33,0,0.33,0.11865,0.060027
-8768.8,1735,13.524,-1.4956,-4.0619,25.972,0.021934,1186.5,-82.174,-132.9,-12.432,-398.61,0,0.33,0.11076,0.059966
2051.3,5454,20.36,-0.068429,-4.3439,15.529,0.012893,1197.2,-71.176,-107.83,45.699,-422.07,0,0.33,0.12668,0.06407
5440.9,2953.7,20.135,-0.49027,-4.1273,14.742,0.012166,1205.2,-68.754,-117.24,38.44,-399,0,0.33,0.12668,0.059963
3441.8,4955.5,16.854,-0.5477,-4.2985,22.388,0.018328,1223,-77.779,-113.69,32.529,-446.87,0,0.33,0.11866,0.064082
9779.2,-1698.6,19.923,-0.94055,-3.8493,13.856,0.011335,1217.9,-66.149,-119.56,45.909,-360.69,0,0.33,0.12666,0.055905
2678.9,2557.4,13.568,-0.96804,-4.3553,26.874,0.022626,1189.8,-84.207,-115.01,19.687,-408.84,0,0.33,0.11075,0.063986
-9493,-4902.6,11.758,-2.5859,-0.99639,35.775,0.022009,1629,-57.24,-389.15,496.41,188.95,0,0.33,0.14251,0.03588
-2651.2,-18226,13.459,-3.1443,-1.2459,32.862,0.019816,1660,-57.215,-307.67,546.16,150.27,0,0.33,0.13457,0.035881
-7720.6,-11602,13.856,-1.1229,-1.3237,32.246,0.019173,1686.6,-56.186,-285.92,582.53,221.21,0,0.33,0.14252,0.039867
396.43,-24600,15.748,-1.9532,-1.6719,27.169,0.016214,1671.2,-56.206,-205.92,583.97,140.55,0,0.33,0.13458,0.039867
-11779,25846,7.2307,-3.4796,-1.999,27.775,0.021121,1314.4,-51.412,-542.83,79.87,-15.764,0,0.33,0.17445,0.035881
-7313.7,22948,7.6612,-1.6635,-2.0596,27.898,0.020998,1327.9,-51.71,-488.65,193.5,25.001,0,0.33,0.17445,0.039868
-18185,26482,7.6445,-4.1477,-2.5847,25.334,0.019465,1301.9,-46.358,-534.34,-15.549,-112.15,0,0.33,0.18255,0.035881
887.13,24134,7.6894,-2.3978,-2.6326,25.585,0.019711,1298,-47.24,-490.82,84.277,-83.306,0,0.33,0.18254,0.039869
-30285,27510,8.8357,-4.8907,-3.2555,23.455,0.017589,1335,-40.107,-515.77,-75.036,-210.11,0,0.33,0.19061,0.035881
-10509,26403,8.6312,-3.2518,-3.3144,24.163,0.018202,1328.8,-41.685,-483.36,7.0562,-201.51,0,0.33,0.19061,0.039868
14060,-11519,22.189,-0.15316,-3.8645,8.7842,0.0071387,1239.5,-60.116,-47.216,167.9,-157.64,0,0.33,0.13462,0.05598
7170.8,-3831.2,22.787,0.12668,-4.212,8.7,0.0074144,1174.2,-62.519,-66.822,114.97,-222.14,0,0.33,0.13465,0.060063
18939,-19820,22.165,0.7738,-3.5756,9.2898,0.006457,1417.9,-55.54,44.889,343.17,105.7,0,0.33,0.14256,0.056004
11428,-12840,23.382,0.79651,-4.0746,7.4624,0.0057037,1303.2,-57.26,21.631,262.11,39.349,0,0.33,0.14259,0.060101
2646.1,981.84,23.247,0.42264,-4.4468,8.994,0.0078959,1132.1,-64.809,-77.559,91.133,-270.34,0,0.33,0.13466,0.064107
5881.1,-7001.6,24.349,0.88818,-4.4252,6.5319,0.0054446,1205.9,-59.136,-10.425,210.07,-23.235,0,0.33,0.1426,0.064139
14057,-5969.3,14.478,2.3953,-2.6812,22.476,0.014155,1590.6,-47.092,18.288,438.68,173.24,0,0.33,0.17458,0.060112
11961,-2108.2,13.111,1.9905,-2.8877,23.983,0.015456,1553.2,-44.633,-56.105,433.41,51.203,0,0.33,0.18254,0.060115
3106.1,-3662.8,12.832,2.3892,-2.4296,23.459,0.015431,1523.3,-47.857,-72.243,427.58,159.35,0,0.33,0.17455,0.056048
6819.2,829.4,11.537,1.8332,-2.738,24.155,0.016432,1471.5,-45.29,-138.96,391.9,40.008,0,0.33,0.18253,0.056007
17566,2347,14.701,1.4309,-3.6146,25.293,0.015363,1647.1,-41.076,-87.393,493.64,-103.33,0,0.33,0.1905,0.064232
18266,4271.2,12.909,1.35,-3.427,25.217,0.016155,1561.6,-41.465,-137.76,424.44,-105.91,0,0.33,0.1905,0.060095
15224,-2701.3,14.856,1.9065,-3.1283,23.918,0.014622,1636.8,-44.272,-4.0992,480.13,53.126,0,0.33,0.18255,0.064244
17022,-5770.2,16.164,2.181,-3.0055,21.887,0.013218,1657.7,-46.897,69.264,462.49,178.48,0,0.33,0.1746,0.064237
17406,7781.1,11.425,1.026,-3.3405,24.941,0.016883,1477.9,-41.793,-207.4,358.1,-117.41,0,0.33,0.1905,0.055939
-22527,11427,3.7853,-1.9517,-4.3257,26.805,0.027602,971.07,-112.4,-218.71,-41.895,-263.79,0,0.33,0.078932,0.06793
-27822,18598,2.0722,-2.3081,-3.4971,24.768,0.027565,898.55,-118.66,-269.79,-70.369,-218.18,0,0.33,0.070963,0.067958
-17538,12227,3.7095,-1.3986,-4.6908,26.903,0.027274,986.31,-113.74,-215.84,-18.716,-279.01,0,0.33,0.078884,0.07196
-27936,19549,1.8935,-1.7591,-3.8409,24.73,0.027235,908.1,-120.03,-272.56,-50.504,-231.44,0,0.33,0.070958,0.071953
-32213,24972,0.76133,-2.5722,-2.247,23.005,0.027768,828.64,-123.52,-314.75,-92.272,-165.08,0,0.33,0.063064,0.06795
-32531,25988,0.50254,-2.0439,-2.5402,22.915,0.027566,831.59,-125.03,-321.67,-74.934,-174.82,0,0.33,0.063062,0.071939
-6225.4,15565,4.5935,1.1744,-6.1554,27.963,0.025045,1116.3,-116.51,-186.08,83.668,-359.36,0,0.33,0.078876,0.091923
-4903.7,15226,4.2719,0.68801,-5.9217,27.667,0.025522,1083.9,-116.56,-194.93,65.168,-343.63,0,0.33,0.078873,0.087927
-7091.5,23013,2.1524,0.91508,-5.3551,25.251,0.024971,1011.6,-122.6,-265.75,46.553,-306.19,0,0.33,0.070955,0.0919
-8307,22897,1.9577,0.39583,-5.0918,25.048,0.025473,983.7,-122.72,-271.79,29.241,-291.57,0,0.33,0.070953,0.087907
-7283.1,29569,0.38674,1.1267,-4.2372,23.335,0.025211,927.31,-126.88,-334.16,29.516,-247.51,0,0.33,0.063066,0.095913
-7871.7,22929,2.4136,1.4234,-5.5957,25.501,0.024438,1044,-122.01,-258.13,64.503,-321.5,0,0.33,0.070964,0.095919
-13245,29828,0.24128,0.6043,-3.9726,23.171,0.025759,901.03,-127.55,-338.23,13.78,-234.63,0,0.33,0.063059,0.091887
-7645.2,15740,4.9894,1.6468,-6.3553,28.312,0.024556,1152.8,-116.02,-175.96,104.02,-375.55,0,0.33,0.078886,0.095948
-21717,29756,0.15612,0.076096,-3.6972,23.029,0.026236,879.07,-127.76,-340.1,-2.7584,-222.13,0,0.33,0.063056,0.0879
5266.4,3319.7,13.738,-0.48284,-4.6195,27.512,0.023026,1196.5,-86.06,-97.972,51.79,-417.71,0,0.33,0.1107,0.068054
4122.7,4023.1,14.035,-0.043914,-4.8506,27.918,0.023194,1205.1,-87.596,-81.139,79.538,-424.07,0,0.33,0.11071,0.072069
2385.5,5748.2,17.082,-0.10512,-4.5116,22.997,0.01883,1222.2,-79.758,-96.622,59.431,-453.53,0,0.33,0.11865,0.068153
884.17,6278.4,17.407,0.29022,-4.6906,23.341,0.019113,1221.3,-81.438,-79.5,82.75,-455.53,0,0.33,0.11867,0.072174
-542.46,6689.6,20.621,0.31124,-4.5103,16.132,0.01349,1188.2,-73.286,-94.798,59.576,-433.82,0,0.33,0.12668,0.068142
-2488.3,7328.9,20.937,0.65158,-4.6385,16.51,0.013924,1177.7,-75.1,-80.543,77.05,-438.93,0,0.33,0.12666,0.072181
-3875.6,8161.5,19.537,1.512,-5.1126,22.647,0.018547,1217.5,-85.551,-24,173.59,-451.03,0,0.33,0.11863,0.088276
-649.21,6918.8,16.136,1.3658,-5.4638,27.946,0.022299,1253.1,-91.442,-26.457,173.56,-442.71,0,0.33,0.1107,0.088268
-4871.7,8557.6,20.262,1.7454,-5.1391,21.958,0.018037,1212.6,-85.884,-13.181,192.14,-446.38,0,0.33,0.11863,0.092274
-1885.1,7606.3,16.862,1.6451,-5.527,27.57,0.021781,1265.1,-91.732,-15.303,194.73,-446.3,0,0.33,0.1107,0.092267
-7254.4,8238.7,24.246,2.0471,-4.8275,13.957,0.012958,1060.6,-79.896,-8.7679,179.76,-391.7,0,0.33,0.12659,0.096231
-7141.7,8319.6,23.555,1.881,-4.8598,14.898,0.013493,1089.6,-79.789,-17.731,168.38,-407.59,0,0.33,0.12661,0.09221
-7255.5,8853.7,21.047,1.9536,-5.133,21.058,0.017398,1204,-85.943,-3.4609,208.62,-439.56,0,0.33,0.11862,0.096268
-6765.7,8285.2,22.907,1.6902,-4.8672,15.656,0.013896,1113.8,-79.412,-28.052,154.28,-420.52,0,0.33,0.12662,0.088194
-4621.7,8205.7,17.659,1.898,-5.5516,27.009,0.021158,1275.2,-91.74,-4.7806,214.5,-448.66,0,0.33,0.1107,0.096257
1871.1,-2897.7,25.156,1.0405,-4.6448,5.9659,0.0053875,1117.2,-60.933,-35.331,174.9,-80.75,0,0.33,0.1426,0.068136
-686.24,3720,23.645,0.71381,-4.5993,9.3468,0.0084059,1099.4,-66.876,-79.063,83.719,-305.84,0,0.33,0.13466,0.068115
-224.34,-168.03,25.848,1.2286,-4.7635,5.5582,0.0054197,1031.6,-62.555,-49.739,148.78,-131.17,0,0.33,0.1426,0.072126
-3131.1,5236.9,24.03,0.99008,-4.6931,9.6134,0.0088527,1069.6,-68.668,-74.381,86.224,-330.7,0,0.33,0.13465,0.072113
13792,-4866.6,18,1.884,-3.3873,21.118,0.012361,1708.9,-46.862,81.448,495.81,176.05,0,0.33,0.1746,0.068252
10448,-4237.5,19.963,1.6355,-3.773,19.62,0.011327,1730.4,-47.037,66.795,522.77,166.87,0,0.33,0.1746,0.072243
13121,-2277.7,16.796,1.7143,-3.4427,23.452,0.013748,1706.4,-44.068,16.035,525.51,48.774,0,0.33,0.18254,0.06826
11789,-1784.4,18.885,1.5347,-3.7896,22.088,0.012636,1747.8,-44.072,12.806,559.96,41.873,0,0.33,0.18254,0.07225
16244,1665.3,16.732,1.39,-3.8692,24.647,0.014372,1715.5,-40.79,-62.836,543.72,-104.62,0,0.33,0.19049,0.06825
15482,1410.3,18.908,1.33,-4.1619,22.902,0.01307,1751.9,-40.673,-55.234,577,-103.57,0,0.33,0.19049,0.072236
-6211.2,6557.4,25.828,1.8612,-4.7502,8.9466,0.0093198,935.79,-73.094,-32.416,122.62,-336.08,0,0.33,0.13462,0.088181
-6009.4,6394.3,26.346,2.0116,-4.7128,8.3765,0.0091002,895.11,-73.513,-22.638,129.69,-320.77,0,0.33,0.13459,0.09225
-3009.9,3603.2,27.871,1.9503,-4.73,4.3224,0.0056632,737.87,-66.829,-34.903,97.595,-216.39,0,0.33,0.14262,0.0882
-2899.4,3585.2,28.275,2.0721,-4.6712,3.963,0.0055952,680.62,-67.341,-25.155,93.884,-208.79,0,0.33,0.1426,0.092228
-5575.2,6094.2,26.881,2.1375,-4.6586,7.6826,0.0087587,850.74,-73.689,-14.144,134.49,-301.43,0,0.33,0.13457,0.096286
-2628.8,3353.4,28.66,2.165,-4.6006,3.5614,0.0054389,626.41,-67.593,-16.782,91.108,-194.29,0,0.33,0.1426,0.096229
2132.6,-1239,27.346,1.4828,-4.86,6.3908,0.0050457,1230.1,-44.21,-35.508,399.25,7.0213,0,0.33,0.18256,0.088232
23.601,-2323.6,27.74,1.556,-4.7913,5.3706,0.0044953,1150.7,-47.894,-27.357,358.63,58.678,0,0.33,0.1746,0.088195
1186.4,-1206.5,28.711,1.5581,-4.9094,2.898,0.0030977,878.33,-44.259,-30.927,272.22,1.4475,0,0.33,0.18256,0.092222
94.247,-1650.2,28.961,1.6559,-4.823,2.4116,0.0027607,811.97,-48.076,-29.607,242.01,27.946,0,0.33,0.1746,0.092184
1159.7,-1537.9,29.504,1.4571,-5.0062,0.77139,0.0014238,470.59,-40.243,-15.656,135.02,-13.976,0,0.33,0.19058,0.096342
3112.6,-1216,28.742,1.4505,-5.0773,2.5362,0.0028916,813.53,-40.223,-29.464,250.61,-28.402,0,0.33,0.19059,0.092344
532.46,-1209.9,29.55,1.603,-4.8716,0.92517,0.0015638,522.13,-44.297,-20.36,151.34,-1.8443,0,0.33,0.18256,0.096213
5969.6,-681.1,27.456,1.4092,-5.0662,5.8576,0.0048263,1170.3,-40.226,-43.303,379.41,-48.113,0,0.33,0.19058,0.088339
323.51,-1208.6,29.705,1.7273,-4.7799,0.77746,0.001413,485.48,-48.207,-22.503,134.45,6.8977,0,0.33,0.1746,0.096172
-3933.4,-21444,16.814,-16.403,-1.4095,4.3652,0.0034859,1247.2,-6.0428,-269.03,-176.25,-75.53,0,0.33,0.19859,0.007974
-1676.6,-29351,17.884,-15.575,-1.5724,3.7131,0.0030152,1228.3,5.2992,-222.7,-131.06,-75.381,0,0.33,0.20671,0.0079745
11424,-29301,17.333,-17.173,-0.74804,3.4834,0.0029174,1193.1,-4.0325,-139.97,-82.07,-53.532,0,0.33,0.19859,0.0039879
19153,-36667,18.237,-16.193,-0.82929,3.2351,0.002725,1186.9,7.2871,-111.08,-53.643,-53.486,0,0.33,0.20671,0.0039902
23628,-32912,17.472,-17.43,0.41052,3.2847,0.0028013,1172.6,-3.2401,-70.838,-34.583,44.991,0,0.33,0.19859,0
37003,-40194,18.308,-16.386,0.45362,3.174,0.0027066,1172.7,8.0939,-53.897,-18.001,45.112,0,0.33,0.2067,0
-28522,12931,12.904,-10.487,-3.3383,14.37,0.010446,1375,-20.899,-483.91,-217.03,-209,0,0.33,0.19858,0.023921
-31538,19003,12.075,-8.8299,-3.6368,17.097,0.012378,1381.7,-24.863,-492.13,-183.87,-241.14,0,0.33,0.19858,0.027908
-23078,3447,14.873,-10.461,-3.8723,11.13,0.0081394,1364.8,-9.5599,-422.42,-165.96,-219.22,0,0.33,0.20671,0.023921
-26461,10182,14.263,-9.0116,-4.2618,13.609,0.0098021,1386.8,-13.789,-432.69,-136.95,-258.98,0,0.33,0.20671,0.027908
-32836,23632,11.393,-7.196,-3.8675,19.446,0.014048,1385.8,-28.41,-491.73,-140.75,-268.48,0,0.33,0.19858,0.031895
-28584,15949,13.781,-7.5768,-4.5815,16.001,0.011351,1409.2,-17.725,-436.53,-101.47,-297.45,0,0.33,0.20671,0.031894
40904,-42468,21.925,-11.131,-0.86965,2.2989,0.0021468,1070.1,40.02,-7.8116,43.889,-50.707,0,0.33,0.23862,0.0039904
35332,-38988,22.145,-11.012,-1.6744,2.0797,0.0019245,1079.7,38.71,-50.269,21.043,-62.455,0,0.33,0.23862,0.0079747
33629,-36908,22.753,-9.8841,-0.80539,2.0543,0.0020208,1015.6,42.56,10.429,57.044,-50.741,0,0.33,0.24658,0.003991
32959,-34393,23.052,-9.8549,-1.557,1.8163,0.0017771,1021,41.443,-17.665,43.634,-58.111,0,0.33,0.24658,0.0079748
26623,-31066,23.349,-8.6705,0.38149,1.9348,0.002032,950.79,43.312,21.099,48.296,52.377,0,0.33,0.25467,0
35415,-38342,22.561,-9.8464,0.42979,2.2043,0.0021693,1015.1,43.033,14.76,45.541,48.867,0,0.33,0.24659,0
22629,-30160,23.551,-8.7283,-0.71982,1.7989,0.0018906,950.07,42.925,23.408,64.173,-52.068,0,0.33,0.25468,0.0039932
41501,-44419,21.761,-11.126,0.46636,2.4532,0.0022944,1068.5,40.575,5.0145,38.694,46.727,0,0.33,0.23862,0
23221,-28620,23.896,-8.7649,-1.4001,1.5665,0.0016437,951.56,42.005,7.9175,58.974,-54.85,0,0.33,0.25468,0.0079755
28746,-24724,22.165,-7.8108,-4.8305,2.4566,0.0021619,1130.6,25.975,-159.49,31.4,-138.11,0,0.33,0.23862,0.027908
25581,-22918,23.4,-7.3301,-4.4914,1.8197,0.0017196,1055,30.152,-115.28,31.621,-109.42,0,0.33,0.24659,0.027908
22243,-26786,22.009,-8.589,-4.3191,2.3703,0.0020758,1137.6,29.027,-162.68,2.5562,-126.18,0,0.33,0.23862,0.023922
24691,-24678,23.226,-7.9776,-4.0233,1.8275,0.0017061,1068.3,32.913,-117.92,8.4386,-103.55,0,0.33,0.24659,0.023922
20379,-18535,24.698,-6.3166,-4.4456,1.3988,0.0014584,956.32,29.597,-72.893,43.752,-89.409,0,0.33,0.25469,0.031895
21851,-19994,24.45,-6.8484,-4.0762,1.4539,0.0014742,983.5,32.198,-78.377,26.994,-89.069,0,0.33,0.25469,0.027909
23899,-21238,23.676,-6.6832,-4.8999,1.7743,0.0017165,1029.8,27.271,-108.18,53.201,-112.83,0,0.33,0.24659,0.031895
27049,-22788,22.444,-7.0382,-5.281,2.5113,0.0022347,1115.8,22.833,-151.63,58.201,-148.05,0,0.33,0.23862,0.031895
22414,-21467,24.284,-7.3758,-3.652,1.4748,0.0014762,996.37,34.657,-79.67,9.6414,-86.354,0,0.33,0.25469,0.023922
-16340,27219,10.644,-4.1386,-4.1374,22.717,0.016281,1397.7,-33.718,-459.98,-21.134,-302.81,0,0.33,0.19857,0.039868
-13895,23089,13.312,-4.8685,-5.0116,20.017,0.013738,1458.5,-24.177,-420.88,-5.9245,-361.77,0,0.33,0.2067,0.039867
-32107,26401,10.901,-5.62,-4.0318,21.318,0.015361,1389.9,-31.394,-481.23,-86.741,-289.36,0,0.33,0.19858,0.035881
-28715,20326,13.452,-6.1865,-4.8287,18.165,0.012684,1432.7,-21.228,-432.68,-58.567,-332.31,0,0.33,0.20671,0.035881
15643,15960,12.763,0.073176,-4.2401,25.455,0.016525,1541.8,-37.064,-270.36,322.12,-286.1,0,0.33,0.19845,0.055927
18462,12244,14.101,0.57093,-4.2952,25.68,0.015949,1611.5,-37.29,-214.58,400.26,-272.43,0,0.33,0.19847,0.06006
12163,19051,15.393,-0.85817,-5.3209,23.657,0.014771,1602.9,-30.33,-295.44,292.37,-400.26,0,0.33,0.20648,0.055938
14615,15841,16.706,-0.2726,-5.3748,23.269,0.014185,1640.2,-30.644,-252.9,358.55,-388.87,0,0.33,0.20639,0.059944
20558,8537.8,15.899,0.82581,-4.4439,25.237,0.015069,1675.7,-36.81,-164.55,479.17,-256.88,0,0.33,0.19847,0.064109
16985,11855,18.24,0.16416,-5.4571,22.212,0.013275,1670.6,-31.027,-209.1,419.8,-363.56,0,0.33,0.20646,0.06408
25041,-20931,22.832,-6.2863,-5.6674,2.5238,0.0022845,1093.7,19.667,-140.72,81.156,-155.58,0,0.33,0.23863,0.035881
22847,-19146,23.311,-5.5661,-5.9866,2.4819,0.0023014,1063.8,16.536,-127.6,99.581,-160.06,0,0.33,0.23863,0.039868
22074,-19599,24.041,-6.052,-5.2472,1.6926,0.0016944,994.16,24.323,-98.44,70.941,-113.77,0,0.33,0.24659,0.035882
20161,-17990,24.475,-5.4464,-5.5313,1.5773,0.0016523,948.87,21.356,-87.085,84.03,-112.13,0,0.33,0.24659,0.039868
18764,-17066,25.016,-5.7951,-4.7592,1.3126,0.0014277,916.33,26.9,-65.202,57.352,-87.686,0,0.33,0.25469,0.035882
17068,-15592,25.387,-5.293,-5.0163,1.2008,0.0013822,865.34,24.146,-56.474,66.855,-84.106,0,0.33,0.25469,0.039869
11595,-12204,26.4,-2.6665,-6.5333,1.3359,0.0017275,744.44,2.5143,-51.226,118.3,-117.3,0,0.33,0.23863,0.060179
10646,-10840,27.02,-2.976,-6.0252,0.69508,0.0011513,594.41,7.2007,-30.391,83.511,-67.73,0,0.33,0.24659,0.060173
13503,-13290,25.76,-3.1389,-6.5616,1.6628,0.0019282,834.22,5.0271,-65.309,124.51,-134.75,0,0.33,0.23863,0.056063
12339,-12082,26.522,-3.3865,-6.0426,0.88484,0.0012853,679.24,9.8587,-39.36,90.775,-80.562,0,0.33,0.2466,0.05606
7481.2,-7949.2,27.82,-2.8748,-5.4629,0.35947,0.00083053,427.11,7.8924,-13.989,52.143,-38.618,0,0.33,0.25463,0.064258
8727.2,-8963.3,27.461,-3.2001,-5.5019,0.48513,0.0009504,505.02,10.433,-17.514,59.956,-47.412,0,0.33,0.25467,0.060132
9123.7,-9647.8,27.476,-2.6116,-5.96,0.52075,0.0010069,508,4.6933,-23.109,73.527,-54.79,0,0.33,0.24659,0.064227
9897.2,-11024,26.994,-2.2582,-6.4476,1.0115,0.0015013,645.9,0.16949,-38.161,106.57,-97.889,0,0.33,0.23863,0.064214
10217,-10114,27.068,-3.5568,-5.5016,0.6259,0.0010614,584.56,13.088,-23.167,66.715,-56.271,0,0.33,0.25469,0.056033
18946,4198.3,20.094,1.0321,-4.8509,21.235,0.012311,1721.3,-36.243,-111.69,553.52,-219.32,0,0.33,0.19847,0.072135
17743,4491.9,22.062,0.64837,-5.6719,16.799,0.010296,1615.9,-30.841,-135.93,485.14,-284.73,0,0.33,0.20658,0.072298
20581,5940.5,17.938,0.95443,-4.6373,23.815,0.013861,1717.8,-36.43,-132.18,529.29,-239.18,0,0.33,0.19848,0.068122
18349,7771.1,20.103,0.44685,-5.5658,19.988,0.011942,1666.3,-30.834,-169.04,467.16,-325.39,0,0.33,0.20651,0.068187
5894.8,-1233.1,27.907,1.2592,-5.3585,4.2164,0.0040008,995.56,-35.856,-40.292,310.5,-79.875,0,0.33,0.19862,0.088386
2853.8,-1958.6,28.939,1.2654,-5.2893,1.6722,0.0023009,654.8,-35.922,-21.468,192.95,-43.64,0,0.33,0.19863,0.092421
4302.1,-2780,28.439,0.97463,-5.6268,2.3247,0.0028629,739.89,-30.952,-28.227,213.29,-78.27,0,0.33,0.20662,0.088345
2367,-3117.7,29.14,0.96566,-5.4668,0.83089,0.0015685,459.91,-31.171,-11.853,123.73,-39.508,0,0.33,0.20663,0.09235
1366.5,-2204.5,29.519,1.2348,-5.1577,0.46643,0.0010844,364.26,-35.922,-8.3867,98.54,-19.646,0,0.33,0.19858,0.096367
1915.7,-2955.5,29.525,0.93737,-5.2793,0.21704,0.00071162,256.98,-31.448,-3.3803,61.707,-17.551,0,0.33,0.20664,0.096374
8492.6,-9875.7,27.52,-1.9122,-6.3204,0.71875,0.0012624,544.06,-2.0634,-26.029,91.526,-77.319,0,0.33,0.23862,0.068208
7341.6,-8686.5,27.973,-1.6172,-6.1567,0.47573,0.001021,444.25,-4.1,-17.628,73.373,-58.369,0,0.33,0.23861,0.072208
7770.7,-8482.9,27.878,-2.2915,-5.8572,0.37062,0.00085631,423.96,2.3346,-16.974,61.583,-43.123,0,0.33,0.24659,0.068234
6580.8,-7361.4,28.222,-2.0106,-5.7267,0.25003,0.00070542,346.21,0.1201,-12.408,49.188,-33.078,0,0.33,0.2466,0.072227
6407.4,-6993.3,28.139,-2.5789,-5.3909,0.2533,0.00070472,353.61,5.4899,-11.657,43.515,-30.889,0,0.33,0.25464,0.06832
5449.9,-6073.9,28.413,-2.3127,-5.2949,0.16977,0.00057893,287.58,3.2186,-9.7684,34.704,-24.625,0,0.33,0.25467,0.072337
3432.5,-3915.6,29.116,-1.1841,-5.085,0.033808,0.00024706,133.59,-7.5755,-4.6517,15.629,-11.705,0,0.33,0.24663,0.088272
3885.8,-4471.8,29.103,-0.82634,-5.3603,0.049531,0.00029886,160.5,-11.121,-2.5569,21.919,-14.225,0,0.33,0.23852,0.088451
2929.5,-3346.1,29.257,-1.0347,-4.9215,0.020807,0.00019716,103.78,-9.2181,-3.6931,12.035,-9.6439,0,0.33,0.24667,0.092299
3291,-3769.7,29.264,-0.6962,-5.1678,0.028408,0.0002254,123.22,-12.618,-1.5511,16.316,-10.855,0,0.33,0.23853,0.092465
2166.3,-2521.9,29.391,-1.1705,-4.5331,0.01166,0.0001652,70.44,-8.0818,-5.5395,7.8542,-9.7669,0,0.33,0.25471,0.096302
2518.1,-2909,29.278,-1.3161,-4.665,0.015928,0.00017834,88.367,-6.4673,-6.3216,9.2125,-10.546,0,0.33,0.25471,0.092308
2508.1,-2870.4,29.38,-0.90271,-4.7634,0.014147,0.00017252,81.428,-10.746,-2.9087,9.8353,-8.2015,0,0.33,0.24671,0.096313
2926.2,-3361.5,29.152,-1.4777,-4.7985,0.024443,0.00021295,112.55,-4.7488,-6.9443,11.565,-11.742,0,0.33,0.25469,0.08831
2798.7,-3199.2,29.4,-0.58395,-4.9843,0.017966,0.00018646,95.176,-14.002,-0.72452,12.845,-8.8264,0,0.33,0.23853,0.096461
-10276,10506,8.5566,-15.873,0.083669,19.859,0.01524,1303.7,-86.61,-436.85,-75.1,-34.064,0,0.33,0.071035,0.011961
-6114.2,6927.1,8.9382,-15.92,-0.10244,20.588,0.015368,1340.2,-85.421,-445.93,-63.861,-26.387,0,0.33,0.07898,0.011961
-17760,18038,7.8199,-14.116,0.37522,21.014,0.016883,1245.5,-87.552,-429.91,-83.878,-54.788,0,0.33,0.063132,0.015948
-13812,13566,8.3314,-14.262,0.025169,21.909,0.017081,1283.5,-88.573,-430.15,-59.618,-48.736,0,0.33,0.071035,0.015948
-12462,13263,8.1213,-15.663,0.35077,19.126,0.015094,1267.8,-84.953,-428.97,-87.391,-40.091,0,0.33,0.063133,0.011961
-6503.9,8494.4,8.7895,-14.243,-0.21821,22.854,0.017269,1324.2,-86.825,-431.68,-32.46,-39.26,0,0.33,0.07898,0.015948
-1717.5,2489.1,9.5766,-17.666,-0.10548,16.933,0.012501,1351.8,-81.166,-440.39,-104.74,-16.496,0,0.33,0.086981,0.0079743
-74.643,245.26,10.053,-19.3,-0.038768,11.644,0.0092226,1249.7,-80.311,-299.87,-94.545,-20.617,0,0.33,0.086982,0.0039879
1043.7,-1179.8,10.697,-20.105,0.033271,8.2989,0.0070874,1170.8,-76.055,-191.52,-75.514,24.325,0,0.33,0.094934,0
1391.4,-1240.4,10.308,-20.021,0.016284,8.9773,0.0076638,1171.4,-79.933,-183.53,-65.564,23.315,0,0.33,0.086983,0
135.29,-192.6,10.403,-19.349,-0.066796,11.17,0.0087474,1260.2,-76.393,-312.79,-108.82,-20.315,0,0.33,0.094939,0.0039878
118.96,920.15,9.8517,-17.633,-0.14984,16.958,0.012276,1377.7,-77.127,-458.57,-119.12,-12.692,0,0.33,0.094939,0.0079742
-1322.8,3510.5,9.2546,-15.85,-0.21575,21.284,0.015478,1375.5,-82.124,-457.91,-57.039,-17.147,0,0.33,0.086981,0.011961
2259.6,-22.317,9.4281,-13.882,-0.43807,24.93,0.017732,1406.5,-78.537,-449.05,12.737,-11.833,0,0.33,0.094939,0.015948
1472.8,734.9,9.4874,-15.722,-0.27205,21.874,0.015527,1408.9,-77.88,-474.6,-58.301,-8.3856,0,0.33,0.094939,0.011961
69.37,3832,9.167,-14.099,-0.36625,23.875,0.01749,1365.7,-83.097,-437.19,-6.5122,-26.256,0,0.33,0.086981,0.015948
-7361.9,9549.1,8.7358,-12.674,-0.36768,23.787,0.018448,1290.2,-88.369,-408.44,-23.6,-61.125,0,0.33,0.078979,0.019935
-16719,15783,8.1399,-12.742,-0.068957,22.839,0.018355,1245.2,-90.773,-413.62,-63.922,-69.975,0,0.33,0.071035,0.019935
-21964,21588,7.5112,-12.646,0.35997,21.961,0.01823,1205.6,-90.498,-419.59,-95.53,-73.487,0,0.33,0.063132,0.019935
-5276.2,4085.9,9.4521,-9.6465,-1.0211,24.291,0.019532,1244.6,-86.614,-344.01,-19.633,-116.19,0,0.33,0.08698,0.027908
-1400.4,3961.9,9.3974,-10.99,-0.7698,24.828,0.019136,1298,-85.247,-375.48,16.847,-77.155,0,0.33,0.086981,0.023922
750.18,-1649.9,10.547,-8.0526,-1.4631,24.036,0.01918,1254.6,-81.786,-301.64,5.3172,-148.74,0,0.33,0.094938,0.031895
3645.7,-1795.8,10.359,-9.2713,-1.1574,25.071,0.019102,1313,-80.597,-335.88,60.619,-98.135,0,0.33,0.094937,0.027908
-10160,4265.4,9.3095,-8.44,-1.3084,23.938,0.02022,1185.5,-88.286,-313.86,-73.073,-156.39,0,0.33,0.08698,0.031895
4044.1,-1517,10.001,-10.644,-0.88412,26.065,0.019183,1359,-79.767,-373.49,83.297,-55.584,0,0.33,0.094938,0.023922
634.28,3904.2,9.2548,-12.474,-0.55175,24.902,0.018606,1339,-84.111,-407.28,21.643,-46.137,0,0.33,0.086981,0.019935
3029.4,-871.26,9.6367,-12.181,-0.64343,26.214,0.018872,1389.5,-79.132,-412.47,65.136,-26.697,0,0.33,0.094938,0.019935
225.5,-495.68,10.746,-19.36,-0.081722,10.609,0.0082512,1265.1,-71.804,-323.25,-126.16,-21.117,0,0.33,0.1029,0.0039877
806.71,-142.68,10.099,-17.575,-0.16553,16.821,0.011999,1396.9,-72.453,-476.68,-141.06,-10.322,0,0.33,0.1029,0.0079741
761.72,-1158.7,11.085,-20.141,0.044196,7.6038,0.0065199,1165.9,-71.508,-197.01,-86.452,26.17,0,0.33,0.1029,0
2323,-2137,9.7457,-15.433,-0.26398,22.537,0.015477,1455.8,-68.249,-519.74,-95.557,5.0946,0,0.33,0.11082,0.011961
1959.1,-2046.3,9.7945,-15.353,-0.23734,22.331,0.01521,1467.4,-63.8,-544.78,-132.48,7.2272,0,0.33,0.11874,0.011961
3409,-3143,9.3114,-13.07,-0.29926,27.227,0.018326,1485.7,-60.52,-559.26,-63.577,27.234,0,0.33,0.12666,0.015948
1299.3,-1021.1,9.8383,-15.354,-0.2211,21.66,0.014721,1470.4,-60.001,-566.63,-178.68,4.7788,0,0.33,0.12666,0.011961
2717.5,-4584.6,9.4761,-13.17,-0.35131,27.365,0.018458,1482.7,-64.169,-526.33,-17.081,25.278,0,0.33,0.11874,0.015948
2341.3,-4466.7,9.5785,-13.369,-0.40864,26.895,0.018332,1467.4,-68.599,-494.36,11.052,16.424,0,0.33,0.11082,0.015948
2269.8,-1222.5,9.6513,-15.568,-0.28182,22.343,0.015561,1435.8,-73.075,-495.36,-70.692,-0.70511,0,0.33,0.1029,0.011961
2771.2,-2899.8,9.5692,-13.622,-0.44509,26.005,0.018052,1441,-73.519,-467.84,20.055,3.0167,0,0.33,0.1029,0.015948
5933.1,-6146.5,10.408,-10.208,-0.9051,27.813,0.019588,1419.9,-74.033,-378.85,149.23,-25.492,0,0.33,0.1029,0.023921
8319.2,-7066.8,11.09,-8.787,-1.1936,26.496,0.019083,1388.3,-74.355,-332.39,154.32,-65.479,0,0.33,0.1029,0.027908
9921.6,-7203.5,11.695,-7.5529,-1.5149,24.598,0.018407,1336.9,-75.005,-290.67,111.24,-122.21,0,0.33,0.1029,0.031895
1586.8,-7637.9,9.6581,-11.101,-0.51679,30.651,0.020499,1495.3,-64.268,-484.77,108.95,39.826,0,0.33,0.11874,0.019935
2248.9,-7042.8,9.8572,-11.444,-0.60421,29.368,0.019946,1472.6,-68.722,-450.04,116.83,20.054,0,0.33,0.11082,0.019935
2051.5,-6003.7,9.2995,-10.862,-0.42196,31.246,0.020836,1499.6,-60.759,-525.96,72.61,50.878,0,0.33,0.12665,0.019935
3733.3,-4661.3,9.8502,-11.823,-0.65394,27.775,0.019355,1435.3,-73.809,-425.8,99.666,-3.7164,0,0.33,0.1029,0.019935
-5303.3,2175.6,11.81,-17.944,-0.36143,11.003,0.007955,1368.5,-49.955,-489.72,-311.29,-35.118,0,0.33,0.1505,0.0079743
-1425.8,-1808.4,12.961,-19.577,-0.22134,6.0775,0.0049031,1218.4,-48.887,-291.43,-198.87,-37.155,0,0.33,0.1505,0.003989
184.64,-5801,13.938,-20.091,0.16604,3.9963,0.0035284,1132.7,-44.307,-148.12,-106.09,38.944,0,0.33,0.15853,0
81.329,-3673.4,13.417,-20.206,0.13036,4.2546,0.0037703,1128.5,-48.517,-161.83,-113.1,37.407,0,0.33,0.15051,0
-1664.4,-3506.3,13.509,-19.52,-0.29019,5.477,0.004465,1210.2,-44.757,-271.11,-192.56,-40.81,0,0.33,0.15854,0.0039896
-6602.2,1686.2,12.378,-18.004,-0.49678,9.6772,0.0071008,1348,-46.026,-466.28,-316.16,-44.253,0,0.33,0.15854,0.0079744
408.61,952.21,9.9266,-15.444,-0.23683,20.529,0.013994,1465.6,-56.922,-581.61,-228.74,-2.1996,0,0.33,0.13457,0.011961
-3721.5,3492,10.111,-15.602,-0.30634,19.031,0.013061,1455.4,-54.25,-587.48,-276.19,-13.048,0,0.33,0.1425,0.011961
3401.8,9.5859,9.1585,-13.097,-0.28507,26.392,0.017856,1478.2,-57.756,-587.46,-123.02,21.214,0,0.33,0.13457,0.015948
926.43,4305.8,9.1025,-13.238,-0.34438,24.948,0.017038,1464.7,-55.514,-606.49,-186.51,7.7987,0,0.33,0.1425,0.015948
-9299.2,5788.9,10.432,-15.79,-0.4392,17.278,0.011963,1441.9,-51.523,-583.81,-315.6,-27.845,0,0.33,0.1505,0.011961
-16611,11174,9.5617,-13.676,-0.72817,20.898,0.014569,1435.2,-50.086,-611.14,-294.69,-36.499,0,0.33,0.15854,0.015948
-12314,6917.6,10.936,-15.95,-0.63214,15.373,0.010766,1424.8,-47.923,-569.55,-342.55,-44.201,0,0.33,0.15854,0.011961
-8185.8,8471.1,9.214,-13.451,-0.49362,23.07,0.015916,1450.1,-53.232,-614.95,-245.89,-12.446,0,0.33,0.1505,0.015948
-1544.3,-6189.8,14.118,-19.365,-0.37025,4.9388,0.0040611,1204.3,-39.609,-248.03,-179.49,-43.531,0,0.33,0.16648,0.0039898
-7173.4,-25.499,13.049,-17.982,-0.65667,8.381,0.0062484,1327.3,-41.074,-436.36,-308.63,-52.463,0,0.33,0.16648,0.0079745
536.58,-8831.8,14.506,-19.875,0.20762,3.7866,0.003322,1140.1,-39.076,-133.41,-95.653,39.651,0,0.33,0.16648,0
-14770,4560.8,12.458,-16.077,-1.1347,11.385,0.0081971,1384,-37.539,-512.93,-348.62,-78.045,0,0.33,0.17444,0.011961
-14295,763.85,13.511,-15.942,-1.4254,9.4619,0.0069399,1357.9,-29.435,-470.08,-324.97,-90.331,0,0.33,0.18252,0.011961
-20368,4151,13.401,-14.004,-2.134,10.929,0.0079696,1368.9,-23.662,-485.06,-302.91,-128.45,0,0.33,0.19062,0.015948
-13027,-4863.7,14.645,-15.681,-1.7194,7.6828,0.0057374,1333.4,-20.096,-421.83,-288.66,-99.461,0,0.33,0.19062,0.011961
-21503,8864.5,12.124,-14.073,-1.7455,13.438,0.0096745,1387.8,-32.714,-531.78,-331.34,-112.21,0,0.33,0.18254,0.015948
-21453,11518,10.99,-14.036,-1.3659,16.017,0.011381,1407.1,-40.479,-570.53,-341.4,-90.24,0,0.33,0.17445,0.015948
-13971,6575.7,11.606,-16.056,-0.86664,13.373,0.0094844,1405.9,-43.27,-545.9,-354.17,-60.274,0,0.33,0.16648,0.011961
-19653,12176,10.144,-13.881,-1.0222,18.521,0.013029,1421.9,-45.854,-596.35,-328.03,-61.829,0,0.33,0.16648,0.015948
2602.3,4534.5,8.5258,-10.87,-0.39618,29.602,0.020243,1462.3,-56.595,-597.36,-62.441,36.137,0,0.33,0.1425,0.019935
1034.8,-1679.6,8.8785,-10.783,-0.36351,30.883,0.020778,1486.2,-58.347,-566.03,11.604,49.716,0,0.33,0.13457,0.019935
-10909,13045,8.1002,-6.4837,-0.69195,33.754,0.023324,1446.5,-57.01,-572.25,132.63,82.548,0,0.33,0.1505,0.027908
613.54,12260,7.962,-8.7385,-0.60941,31.187,0.021769,1432.2,-56.107,-601.86,-7.9631,43.903,0,0.33,0.1505,0.023921
-22330,20587,7.8111,-4.5858,-1.0551,32.829,0.023289,1408.8,-56.211,-561.97,170.37,81.925,0,0.33,0.15854,0.031894
-7494.9,19828,7.5274,-6.7487,-0.96358,31.192,0.022386,1392.7,-55.379,-596.7,35.737,41.339,0,0.33,0.15854,0.027908
-17714,12413,8.7945,-4.3627,-0.80717,35.38,0.023826,1484.8,-57.404,-526.46,273.54,125.39,0,0.33,0.1505,0.031894
-1322.2,17702,7.7602,-9.0157,-0.88475,28.767,0.020573,1398.4,-53.991,-616.36,-92.642,6.7609,0,0.33,0.15854,0.023921
60.305,10629,8.3546,-11.078,-0.54701,27.69,0.019261,1438,-54.808,-616.82,-137.64,11.699,0,0.33,0.1505,0.019934
-13272,14738,8.4641,-11.341,-0.80927,25.399,0.017926,1417.7,-52.176,-622.19,-205.8,-19.556,0,0.33,0.15854,0.019934
-27006,15559,10.794,-12.082,-2.007,17.302,0.012482,1386.7,-36.182,-562.41,-302.58,-129.9,0,0.33,0.18255,0.019935
-26301,17172,9.6376,-11.888,-1.5532,20.187,0.014471,1396,-43.489,-595.96,-294.74,-95.358,0,0.33,0.17445,0.019934
-26534,12024,12.178,-12.199,-2.4805,14.364,0.01041,1379.3,-27.54,-519.63,-284.87,-156.49,0,0.33,0.19062,0.019935
-17755,20481,7.9183,-9.3481,-1.2544,26.164,0.018993,1378.1,-50.761,-616.34,-167.67,-37.288,0,0.33,0.16648,0.023921
-11978,23178,7.3562,-7.1143,-1.3475,28.439,0.020955,1356.9,-52.644,-604.12,-56.774,-10.015,0,0.33,0.16648,0.027908
-14192,24431,7.2506,-4.9617,-1.4342,29.91,0.022116,1351.5,-53.943,-577.75,65.651,25.781,0,0.33,0.16648,0.031894
-23535,16767,8.8757,-11.62,-1.1485,22.883,0.016302,1404.8,-48.435,-615.06,-260.48,-54.582,0,0.33,0.16648,0.019934
-27777,17609,4.8762,-6.0972,-1.4303,24.615,0.025833,953.24,-106.31,-285.68,-188.45,-167.45,0,0.33,0.07103,0.043856
-22761,10632,6.2153,-5.8602,-2.0118,25.403,0.025385,1001.4,-101.1,-261.45,-176.46,-200.87,0,0.33,0.078975,0.043856
-32772,23889,3.135,-5.4879,-0.84338,23.571,0.026716,882.36,-112.36,-304.78,-180.64,-135.32,0,0.33,0.063125,0.047852
-27930,17211,4.2096,-5.3551,-1.7562,24.841,0.026797,927.18,-108.75,-274.93,-174.44,-173.07,0,0.33,0.071028,0.047853
-33060,24561,3.8181,-6.2016,-0.58755,23.523,0.025803,911.85,-109.56,-313.08,-193.96,-133.07,0,0.33,0.063127,0.043856
-23247,10371,5.587,-5.0909,-2.3853,25.897,0.026486,978.17,-103.33,-247.4,-162.6,-209.57,0,0.33,0.078975,0.04785
-17012,4560.9,8.421,-6.3952,-1.9866,24.774,0.022842,1086.2,-92.379,-261.76,-151.01,-214.92,0,0.33,0.086978,0.039868
-14459,4448.7,8.9454,-7.3608,-1.6317,24.121,0.021372,1130.4,-90.244,-286.11,-121.99,-190.39,0,0.33,0.086979,0.035881
-6483,-1126.4,10.471,-6.9698,-1.8003,23.645,0.019828,1194.8,-83.395,-271.85,-59.269,-197.32,0,0.33,0.094941,0.035881
-13392,-440.77,10.153,-6.0015,-2.1642,24.075,0.021061,1145.4,-85.339,-246.58,-107.98,-235.32,0,0.33,0.094949,0.039867
-18633,4563.4,7.8329,-5.5263,-2.3655,25.622,0.024336,1054,-94.566,-241.09,-157.24,-231.52,0,0.33,0.086977,0.043856
-17282,525.48,9.2087,-4.3307,-2.943,26.135,0.024031,1089,-89.669,-205.76,-125.63,-278.22,0,0.33,0.094949,0.047855
-15922,152.54,9.6947,-5.1274,-2.5475,25.032,0.022573,1110.8,-87.479,-224.91,-129.15,-261.1,0,0.33,0.094952,0.043856
-19472,4487.2,7.2639,-4.7371,-2.7609,26.433,0.025626,1032.4,-96.71,-223.76,-146.16,-243.65,0,0.33,0.086979,0.047851
-23360,10185,5.0336,-4.3841,-2.7718,26.246,0.027258,963.13,-105.44,-236.87,-141.78,-218.04,0,0.33,0.078981,0.051855
-27863,16961,3.612,-4.6743,-2.0951,24.94,0.027448,908.68,-111.06,-268.3,-155.48,-179.16,0,0.33,0.071023,0.051869
-32392,23464,2.5146,-4.8356,-1.1104,23.524,0.027355,859.93,-114.98,-300.89,-163.89,-138.34,0,0.33,0.063119,0.051869
-19603,4637.1,6.0661,-2.7064,-3.9831,28.026,0.027586,1016.2,-102.59,-187.11,-68.825,-276,0,0.33,0.086929,0.059979
-19803,4462.1,6.362,-3.3372,-3.5769,27.626,0.027244,1014.4,-100.74,-197.47,-97.584,-264.69,0,0.33,0.086977,0.055918
-10470,1759.7,8.1296,-1.7196,-4.5086,29.257,0.027025,1083.2,-97.409,-144.58,-15.558,-324.62,0,0.33,0.094835,0.064028
-17261,1303.9,8.2197,-2.2977,-4.1356,28.697,0.026716,1074.8,-95.717,-158.51,-46.346,-313.27,0,0.33,0.094854,0.060014
-18422,5013.4,5.8923,-2.1171,-4.3759,28.352,0.027685,1024.3,-104.21,-177.98,-40.105,-288.33,0,0.33,0.086916,0.063992
-17889,987.86,8.4451,-2.9254,-3.7439,28.007,0.026139,1072.3,-93.774,-172.84,-77.254,-302.1,0,0.33,0.094932,0.055939
-19786,4433.6,6.7666,-4.0122,-3.1667,27.106,0.026603,1019.5,-98.761,-209.22,-124.71,-254.13,0,0.33,0.08699,0.051868
-17868,786.67,8.7733,-3.5983,-3.3456,27.15,0.025238,1076.9,-91.839,-188.23,-105.89,-291.07,0,0.33,0.094929,0.051886
6425,-6407.2,12.041,-6.48,-1.8649,23.142,0.018207,1273.3,-76.175,-256.71,36.37,-186.43,0,0.33,0.1029,0.035881
-4795,-4850.3,12.057,-5.5326,-2.2358,22.804,0.018828,1214.4,-77.881,-230.93,-37.862,-243.96,0,0.33,0.10291,0.039867
-1255.7,-6730.3,14.121,-4.1346,-2.6392,21.079,0.01704,1241.4,-72.507,-193.65,-8.7148,-292.18,0,0.33,0.11084,0.043856
17892,-13560,16.382,-3.4141,-2.6309,18.281,0.013869,1323.1,-65.347,-165.78,122.9,-251.65,0,0.33,0.11875,0.043856
25552,-18278,19.095,-1.8823,-3.042,13.85,0.010493,1324.2,-60.902,-108.98,186.26,-216.25,0,0.33,0.12667,0.047854
23006,-24753,18.047,-2.4068,-2.5307,16.871,0.011695,1440.9,-59.147,-124.39,326.13,-112.99,0,0.33,0.12667,0.043856
6627.7,-7487.4,16.687,-2.7628,-3.0485,17.992,0.0143,1262.9,-67.623,-159.07,32.063,-329.7,0,0.33,0.11875,0.047857
-12136,-3440.1,13.996,-3.3964,-3.0236,22.019,0.018286,1207.7,-74.885,-180.55,-52.126,-338.23,0,0.33,0.11083,0.047856
-13733,-3100.9,11.818,-4.6778,-2.618,23.51,0.0201,1172.6,-79.984,-210.68,-84.671,-285.77,0,0.33,0.10291,0.043856
-16347,-1709.7,11.462,-3.8949,-3.0035,24.744,0.021599,1148,-82.276,-192.73,-97.609,-312.63,0,0.33,0.10291,0.047856
-17424,-46.886,10.847,-2.5104,-3.7635,27.223,0.024115,1130.5,-86.799,-157.58,-59.122,-342.72,0,0.33,0.10286,0.055944
-13559,549.22,10.688,-1.8981,-4.1242,28.182,0.024922,1132.2,-88.94,-140.81,-27.756,-353.81,0,0.33,0.10277,0.060017
-1813.5,1134.8,10.67,-1.3409,-4.461,28.942,0.025441,1138.8,-90.777,-123.95,4.5908,-363.97,0,0.33,0.10275,0.064033
-2287.7,-2080.5,16.731,-2.1485,-3.4267,18.956,0.015376,1235.9,-70.314,-154.02,-8.9827,-381.5,0,0.33,0.11872,0.051892
-17527,-962.12,13.781,-2.7091,-3.3938,23.422,0.01969,1192.6,-77.457,-166.21,-57.964,-367.1,0,0.33,0.1108,0.05189
17331,-9217.4,19.638,-1.4074,-3.4902,13.251,0.010608,1249.6,-63.422,-113.95,88.069,-301.48,0,0.33,0.12666,0.051872
-17413,-717.1,11.11,-3.1727,-3.3891,26.053,0.022985,1135.5,-84.634,-174.81,-85.471,-330.2,0,0.33,0.10288,0.05189
-15903,4302.6,11.729,-0.77282,-1.194,34.144,0.021324,1604.7,-56.318,-370.49,505.69,212.68,0,0.33,0.1505,0.039867
-17574,9683.3,10.027,-2.4341,-0.96909,35.706,0.023181,1541.8,-57.187,-460.9,402.63,169.84,0,0.33,0.1505,0.035881
-23553,19302,8.6188,-2.5815,-1.1695,33.592,0.023214,1446.9,-56.377,-508.76,300.65,125.43,0,0.33,0.15853,0.035881
-21536,15351,9.9139,-0.80534,-1.3175,33.115,0.022101,1499.6,-55.805,-431.95,413.98,168.28,0,0.33,0.15853,0.039867
10744,-29404,18.042,-1.1513,-2.2003,19.894,0.012226,1611.5,-55.692,-109.94,530.04,96.216,0,0.33,0.13459,0.043856
-3666.9,-19396,16.206,-0.064895,-1.7617,26.131,0.015322,1705.8,-54.969,-163.41,606.71,235.29,0,0.33,0.14252,0.043856
23242,-28456,19.958,-0.68694,-2.8009,13.614,0.0090895,1484.9,-56.231,-47.271,403.55,17.455,0,0.33,0.13459,0.047858
11141,-25005,18.54,0.53365,-2.3221,18.94,0.011328,1657.7,-54.188,-45.51,557.47,218.2,0,0.33,0.14252,0.047859
-12349,-3414.2,13.777,0.52628,-1.503,30.309,0.018354,1656.2,-54.941,-252.48,568.73,248.53,0,0.33,0.1505,0.043856
-11619,-237.45,13.559,1.7026,-1.7872,27.259,0.017071,1601,-53.067,-198.71,531.37,239.59,0,0.33,0.15853,0.04786
-17434,8545.5,11.609,0.65379,-1.5157,30.983,0.019964,1555,-54.591,-327.72,495.29,206.82,0,0.33,0.15853,0.043856
-2473.3,-11830,16.005,1.3703,-1.9205,24.674,0.014728,1678.5,-53.516,-116.13,578.98,270.78,0,0.33,0.1505,0.047862
-20041,23687,7.6345,-2.9407,-1.5213,30.693,0.022436,1367.2,-54.552,-534.34,191.21,67.415,0,0.33,0.16648,0.035881
-23383,20445,8.5035,-1.1148,-1.6155,30.697,0.021885,1402.5,-54.404,-469.3,308.98,111.26,0,0.33,0.16648,0.039867
-11271,17506,8.5314,-0.086024,-2.1101,27.461,0.020182,1360.7,-51.279,-410.55,295.9,67.618,0,0.33,0.17444,0.043858
3493.3,19609,8.1362,-0.8493,-2.6522,25.469,0.019398,1312.9,-47.415,-427,186.51,-47.911,0,0.33,0.18253,0.043866
11797,18399,9.2674,-0.53029,-3.3226,24.655,0.018103,1362.7,-42.87,-369.99,193.08,-159.72,0,0.33,0.1906,0.047863
8658.4,23198,8.7672,-1.7798,-3.3327,24.497,0.018347,1336.2,-42.574,-435.24,98.293,-184.1,0,0.33,0.19061,0.043857
-64.822,13145,9.009,0.40662,-2.6634,25.079,0.018613,1347.8,-46.783,-339.55,278.46,-11.852,0,0.33,0.18248,0.047863
-12655,9917.4,9.7625,1.1649,-2.1673,26.405,0.01878,1407.2,-50.305,-307.81,370.2,105.77,0,0.33,0.17444,0.047873
-18729,14316,9.8069,0.4341,-1.7281,29.668,0.020469,1450.5,-53.553,-378.02,402.6,153.35,0,0.33,0.16648,0.043857
-12245,5868.5,11.421,1.6138,-1.8806,27.506,0.01835,1501.6,-52.228,-260.89,456.72,190.82,0,0.33,0.16648,0.047865
23287,-25036,20.574,0.74587,-2.9606,12.946,0.0082249,1547.1,-54.368,29.244,453.47,169.86,0,0.33,0.14253,0.051902
23024,-21058,21.311,-0.40626,-3.3842,10.031,0.00749,1344.6,-57.844,-31.933,266.28,-75.142,0,0.33,0.1346,0.051895
18348,-16160,21.842,1.5377,-3.6585,11.145,0.0071843,1530.6,-53.42,98.088,394.46,229.4,0,0.33,0.15055,0.060139
25041,-19036,20.157,1.7121,-3.0689,14.136,0.0087366,1605.7,-52.643,83.06,460.64,258.09,0,0.33,0.15052,0.056017
16939,-11356,20.949,1.8765,-3.6667,14.256,0.0087185,1625.7,-51.495,124.52,420.66,280.48,0,0.33,0.15856,0.064216
22229,-13139,19.277,2.1764,-3.1546,16.236,0.0098531,1645.1,-51.016,116.58,442.62,286.45,0,0.33,0.15855,0.060139
11967,-12118,23.317,1.3859,-4.1411,9.1293,0.00622,1441,-54.593,73.035,345.72,190.29,0,0.33,0.15059,0.064189
18979,-12916,17.51,2.3771,-2.6281,18.962,0.01154,1644.9,-51.002,53.95,481.16,280.78,0,0.33,0.15855,0.056013
16693,-17885,18.196,1.7294,-2.4569,18.762,0.011279,1660.1,-52.641,8.1127,534.32,273.79,0,0.33,0.15051,0.051911
2372.8,-8433.9,15.582,2.2713,-2.1573,22.836,0.014037,1630.9,-51.723,-60.641,520.96,265.12,0,0.33,0.15854,0.051908
4021.5,6255.6,10.214,1.2928,-2.6885,24.554,0.017541,1400.9,-45.76,-238.7,345.04,18.046,0,0.33,0.18247,0.051874
-6564.6,2069.6,11.224,2.0073,-2.2585,24.907,0.017065,1461.9,-49.105,-189.41,410.34,136.48,0,0.33,0.17448,0.05195
15017,12814,10.139,0.42747,-3.3108,24.786,0.017577,1410.8,-42.635,-289.22,285.46,-135.28,0,0.33,0.19059,0.051903
10304,-7613.1,14.946,2.5979,-2.4022,22.002,0.013819,1596.2,-49.678,-3.8425,460.69,241.79,0,0.33,0.16655,0.05605
21529,-9037.8,16.653,2.4768,-2.7871,20.107,0.012283,1640,-49.145,81.537,444.92,254.87,0,0.33,0.16657,0.060128
17530,-8301.4,18.34,2.1718,-3.2209,18.81,0.011229,1675.6,-49.153,118.67,447.07,261.45,0,0.33,0.16658,0.064215
-5707.9,-2397.9,13.178,2.3448,-2.0977,24.663,0.01595,1550.2,-50.805,-127.59,472.26,221.14,0,0.33,0.1665,0.051933
-26333,20590,1.7931,-1.2148,-4.1765,24.731,0.026843,921.46,-121.14,-275.03,-30.252,-245.84,0,0.33,0.070955,0.075942
-11135,13124,3.7275,-0.85946,-5.0371,27.034,0.02688,1005.6,-114.82,-212.76,4.1413,-295.27,0,0.33,0.078876,0.075959
-33140,28203,0.1886,-0.98738,-3.1249,22.868,0.027003,847.65,-127.1,-334.45,-39.136,-196.89,0,0.33,0.063055,0.079927
-21384,21615,1.7712,-0.67305,-4.4993,24.782,0.026412,938.53,-121.95,-276.38,-9.4863,-261.09,0,0.33,0.070954,0.079931
-32859,27092,0.3113,-1.5165,-2.8335,22.866,0.027308,837.89,-126.23,-328.45,-57.29,-185.39,0,0.33,0.063059,0.07593
-6333.1,14011,3.8324,-0.33052,-5.3604,27.204,0.026446,1028.6,-115.65,-208.54,26.443,-311.96,0,0.33,0.078874,0.079949
-2945.7,6282,5.8766,-1.0235,-5.106,28.907,0.02737,1056.2,-106.93,-161.94,14.571,-316.66,0,0.33,0.086901,0.071989
-12407,5566.6,5.8316,-1.5582,-4.7514,28.637,0.027595,1037.9,-105.65,-169.99,-11.865,-301.95,0,0.33,0.086906,0.067994
470.25,2346.4,8.1647,-1.1797,-4.8583,29.721,0.027109,1096.9,-98.917,-132.09,14.986,-336.57,0,0.33,0.094831,0.06802
4901.9,3061.6,8.3152,-0.67197,-5.1817,30.119,0.027023,1115,-100.23,-119.99,43.701,-349.13,0,0.33,0.094831,0.072009
1335.7,7109.7,6.0204,-0.50879,-5.4351,29.178,0.027055,1078.5,-108.02,-153.82,39.456,-332.14,0,0.33,0.086899,0.075978
2974.2,4692.6,8.9194,0.26362,-5.7364,30.768,0.026504,1161.2,-102.28,-96.17,91.736,-374.17,0,0.33,0.094842,0.080001
4082.7,3873.2,8.5718,-0.19167,-5.4752,30.465,0.02681,1136.7,-101.36,-108.03,69.56,-361.96,0,0.33,0.094836,0.075998
549.89,7930.2,6.2552,-0.012328,-5.7345,29.456,0.026678,1104.1,-108.9,-145.02,61.985,-347.48,0,0.33,0.086899,0.079968
-3818.9,14728,4.0174,0.18626,-5.6562,27.416,0.02599,1054.7,-116.24,-202.53,46.718,-328.13,0,0.33,0.078874,0.083937
-13983,22443,1.828,-0.13471,-4.8057,24.889,0.025953,959.33,-122.48,-275.49,10.711,-276.63,0,0.33,0.070953,0.083921
-29142,29176,0.13661,-0.45587,-3.4131,22.923,0.026649,861.24,-127.6,-338.73,-20.687,-209.36,0,0.33,0.063053,0.083921
-3598.7,9923.5,7.4002,1.3632,-6.4233,30.378,0.025378,1197,-109.9,-115.28,120.23,-391.81,0,0.33,0.08691,0.091978
-2077.2,9329.3,6.9475,0.92306,-6.2311,30.048,0.025828,1163.4,-109.89,-125.72,100.43,-376.78,0,0.33,0.086901,0.08796
-2513.5,7877.6,11.058,1.8556,-6.4002,31.736,0.024789,1280.6,-103.35,-51.206,175.61,-425.79,0,0.33,0.09486,0.096168
-1052.4,7153.9,10.406,1.4923,-6.298,31.537,0.025273,1248.2,-103.54,-62.62,153.32,-412.44,0,0.33,0.094849,0.092132
-5192.9,10409,7.9307,1.7863,-6.574,30.731,0.024912,1233.6,-109.57,-103.99,142.17,-407.3,0,0.33,0.086913,0.096038
390.76,6351.1,9.8363,1.1039,-6.1516,31.301,0.025723,1217.2,-103.38,-73.689,131.87,-399.14,0,0.33,0.094853,0.088065
-694.86,8666,6.5672,0.46497,-6.0006,29.744,0.026264,1132.5,-109.54,-135.56,81.64,-362.17,0,0.33,0.086899,0.083962
1748.5,5512.7,9.3423,0.69491,-5.9632,31.044,0.026136,1188.2,-102.96,-84.701,111.59,-386.29,0,0.33,0.094849,0.08403
6171.6,1787.9,10.782,-0.82809,-4.7707,29.532,0.025706,1149.9,-92.387,-108.28,36.249,-374.01,0,0.33,0.10275,0.068035
5615.2,2543.6,11.016,-0.35358,-5.0509,29.981,0.025762,1164.7,-93.788,-93.237,65.606,-384,0,0.33,0.10276,0.072026
2999.4,4692.5,14.433,0.35508,-5.0509,28.139,0.023171,1215.5,-88.916,-65.554,104.4,-428.83,0,0.33,0.11072,0.076063
-440.09,6732.5,17.815,0.644,-4.8401,23.468,0.019211,1220.9,-82.867,-63.578,105.91,-455.62,0,0.33,0.11868,0.076173
-5195.1,7977.1,21.781,1.229,-4.8053,16.546,0.014252,1151.1,-77.822,-52.438,118.09,-436.88,0,0.33,0.12664,0.080184
-4017.3,7715.8,21.322,0.95616,-4.7356,16.649,0.014179,1165.4,-76.605,-66.183,97.266,-439.78,0,0.33,0.12665,0.076188
-1656.2,7207.2,18.305,0.96245,-4.9614,23.399,0.019145,1220.7,-84.041,-49.075,129.82,-455.17,0,0.33,0.11868,0.080191
1849.5,5400.4,14.916,0.71989,-5.2221,28.218,0.023005,1227.3,-90.012,-51.391,128.15,-433.42,0,0.33,0.11072,0.0801
4605.3,3351.1,11.358,0.088775,-5.3,30.306,0.025645,1182.6,-95.024,-78.984,91.661,-393.45,0,0.33,0.10277,0.07603
3507,4165.2,11.791,0.49976,-5.5176,30.537,0.025407,1202.6,-96.021,-65.595,114.34,-402.17,0,0.33,0.10279,0.080063
985.14,5908.2,12.892,1.2428,-5.847,30.77,0.024667,1247.9,-97.307,-41.41,157.66,-421,0,0.33,0.10278,0.08822
-314.02,6735.7,13.561,1.5728,-5.9503,30.756,0.024191,1271.8,-97.531,-30.232,179.92,-430.75,0,0.33,0.10278,0.09223
-1667.4,7480.4,14.307,1.8771,-6.0111,30.624,0.023643,1295.5,-97.461,-19.125,201.56,-439.8,0,0.33,0.10279,0.096227
-2792.9,7695.3,18.881,1.2514,-5.0531,23.128,0.018921,1219.9,-84.94,-35.966,152.97,-453.83,0,0.33,0.11865,0.084252
605.08,6168.7,15.484,1.0583,-5.3615,28.158,0.022708,1240.3,-90.886,-38.5,151.56,-438.36,0,0.33,0.1107,0.084226
-6102.6,8161.9,22.312,1.4732,-4.8491,16.211,0.014154,1134.1,-78.758,-39.688,137.46,-430.36,0,0.33,0.12663,0.084189
2268.9,5032.2,12.302,0.88599,-5.7018,30.691,0.025073,1224.7,-96.814,-53.119,135.87,-411.35,0,0.33,0.10278,0.084178
4740.3,-5900.4,25.817,1.3744,-4.7106,5.9762,0.0048447,1211.6,-57.238,1.4638,268.7,87.852,0,0.33,0.15061,0.072197
7181.1,-8654,24.633,1.3336,-4.4892,7.4854,0.0054868,1336.4,-55.937,35.67,306.66,142.61,0,0.33,0.15061,0.068205
12054,-9518.2,22.577,1.6348,-4.1034,12.371,0.0077481,1578.1,-52.26,98.706,407.62,260.72,0,0.33,0.15857,0.068236
8532.8,-7985.5,24.173,1.5033,-4.4401,10.232,0.0067286,1490.5,-53.104,60.455,390.12,225.88,0,0.33,0.15857,0.072228
-4759.2,6045.8,24.434,1.2458,-4.7454,9.7193,0.0091821,1039.4,-70.172,-65.552,93.753,-345.14,0,0.33,0.13465,0.076105
-1380.5,1596.9,26.447,1.4304,-4.8094,5.2277,0.005493,949.07,-63.972,-54.659,128.49,-171.44,0,0.33,0.1426,0.076122
-5683.4,6448.8,24.867,1.4771,-4.7688,9.6392,0.0093702,1007.6,-71.41,-54.377,103.06,-349.9,0,0.33,0.13465,0.080103
-2405.7,2709.1,26.974,1.6275,-4.809,4.9298,0.0055753,871.73,-65.191,-51.69,113.04,-199.18,0,0.33,0.1426,0.080158
2746.5,-3681.4,26.85,1.4854,-4.823,4.6122,0.0042771,1068,-58.436,-23.835,226.64,30.712,0,0.33,0.15061,0.076185
3081.9,-4955.7,27.053,1.5526,-4.7944,5.4548,0.004479,1169.2,-54.731,-8.7968,304.86,119.84,0,0.33,0.15857,0.080203
5821,-6525.8,25.692,1.4835,-4.6688,7.8459,0.0056186,1354.6,-53.942,22.065,356.9,177.32,0,0.33,0.15857,0.076215
748.17,-1875.6,27.71,1.6361,-4.853,3.4766,0.0038075,913.71,-59.505,-37.749,182.15,-22.21,0,0.33,0.15061,0.080181
13204,-7239.3,20.09,1.8485,-3.6568,17.453,0.010314,1688.9,-49.436,114.69,461.11,257.9,0,0.33,0.16658,0.068231
9587,-6541.9,21.91,1.6106,-4.0483,15.525,0.0092685,1665.9,-49.882,86.948,470.73,242.04,0,0.33,0.16658,0.072222
7770.9,-3932.3,22.036,1.481,-4.1361,17.064,0.0099776,1704.3,-47.248,40.247,533.23,149.9,0,0.33,0.1746,0.07623
10299,-1512.8,21.105,1.4175,-4.1428,19.481,0.01116,1742.9,-44.115,-1.2836,576.24,32.255,0,0.33,0.18255,0.076233
11534,619.22,23.519,1.3018,-4.7449,15.412,0.0093121,1644.4,-40.339,-56.182,555.47,-87.338,0,0.33,0.1905,0.08015
14089,1129,21.198,1.2966,-4.4684,19.807,0.01138,1737,-40.589,-54.942,587.63,-98.839,0,0.33,0.19049,0.076198
6369.5,-1362.6,23.361,1.3788,-4.4599,15.614,0.0093099,1668.8,-44.148,-18.186,558.05,22.002,0,0.33,0.18255,0.080221
3878.2,-3583.3,24.124,1.4299,-4.4418,13.478,0.0083037,1609.4,-47.467,11.308,513.13,124.86,0,0.33,0.1746,0.080217
7221.1,-5997.3,23.768,1.4874,-4.3723,12.842,0.0079834,1590.1,-50.36,50.33,463.05,212.47,0,0.33,0.16658,0.076209
4855.9,-5206.8,25.566,1.4751,-4.609,9.583,0.0064853,1445.8,-50.838,14.508,427.08,170.01,0,0.33,0.16658,0.080196
-2899.3,3348,27.439,1.7977,-4.7763,4.6452,0.0056559,800.78,-66.064,-44.212,103.04,-214.1,0,0.33,0.14263,0.084155
-6118.8,6589.2,25.332,1.6824,-4.7695,9.3762,0.0094141,973.23,-72.388,-43.004,113.17,-346.32,0,0.33,0.13464,0.084129
-714.6,967.67,29.301,2.048,-4.6925,1.7015,0.0031405,525.21,-61.62,-27.389,80.42,-102.81,0,0.33,0.15057,0.092207
-276.08,474.97,28.913,1.9409,-4.7687,2.0602,0.0032441,629.12,-61.164,-36.371,105.42,-91.561,0,0.33,0.15059,0.088224
134.34,-382.34,29.936,2.0101,-4.6516,0.61272,0.0016329,368.12,-56.849,-20.872,65.905,-36.455,0,0.33,0.15855,0.096184
448.88,-881.45,29.586,1.9316,-4.7385,1.0146,0.0019479,512.33,-56.539,-29.734,107.8,-21.148,0,0.33,0.15855,0.09219
-814.3,1060.5,29.605,2.1245,-4.6087,1.4469,0.0030668,449.59,-61.926,-18.445,64.927,-101.03,0,0.33,0.15055,0.09622
1027.9,-1892.8,29.02,1.8136,-4.8055,1.8866,0.0025461,714.8,-56.056,-33.861,168.37,12.132,0,0.33,0.15856,0.088187
148.51,-475.25,28.394,1.7966,-4.8268,2.6282,0.0034599,762.07,-60.421,-41.18,140.17,-64.441,0,0.33,0.15061,0.084198
1595.3,-3332.1,28.178,1.6757,-4.8322,3.3845,0.0034169,946.52,-55.442,-27.85,238.47,61.587,0,0.33,0.15857,0.084193
3050.4,-1290.4,25.506,1.41,-4.7072,10.949,0.0071991,1501.6,-44.169,-31.022,498.95,13.918,0,0.33,0.18256,0.084234
590.73,-3035.3,26.082,1.4661,-4.6648,9.319,0.0064139,1426.5,-47.684,-12.957,454.47,93.133,0,0.33,0.1746,0.084207
8813,-20.842,25.657,1.3513,-4.952,10.474,0.0070567,1459.9,-40.298,-53.066,485.9,-69.381,0,0.33,0.19056,0.084294
1260.9,-2805.7,28.463,1.6655,-4.8014,3.385,0.0033658,945.03,-51.712,-28.596,269.27,67.21,0,0.33,0.16658,0.088172
787.82,-1714.1,29.363,1.7834,-4.7791,1.4735,0.002087,647.33,-52.054,-30.549,173.58,24.648,0,0.33,0.16658,0.092162
516.63,-1051.8,29.895,1.8675,-4.7089,0.52443,0.0012138,399.34,-52.29,-23.421,95.596,-1.5588,0,0.33,0.16658,0.096151
2451.6,-4081.2,27.173,1.5478,-4.7505,6.2314,0.0048913,1226.1,-51.296,-13.362,359.98,118.95,0,0.33,0.16658,0.084184
-10681,-12276,15.921,-15.201,-2.0071,6.1486,0.0046904,1305.6,-8.9829,-367.9,-241.89,-105.31,0,0.33,0.19859,0.011961
-7553.4,-20959,17.2,-14.56,-2.2587,4.869,0.0037955,1278.2,2.4301,-313.51,-189.56,-105.54,0,0.33,0.20671,0.011961
-17465,-3171.2,14.874,-13.736,-2.5193,8.6191,0.0063972,1343.9,-12.684,-429.1,-258.22,-138.98,0,0.33,0.19859,0.015948
-13165,-12452,16.383,-13.295,-2.8624,6.591,0.0049914,1316.3,-1.1912,-370.64,-203.7,-140.93,0,0.33,0.20671,0.015947
5643.4,-36657,19.012,-14.546,-1.694,3.1753,0.0026353,1202.9,16.237,-176.08,-86.122,-75.886,0,0.33,0.21468,0.0079746
28447,-42995,19.198,-15.023,-0.88713,3,0.0025592,1172.2,18.099,-82.384,-25.315,-54.692,0,0.33,0.21468,0.0039906
45592,-48915,20.076,-13.839,0.49287,2.8743,0.0025149,1142.6,28.341,-21.555,14.646,46.39,0,0.33,0.22272,0
43370,-46127,19.201,-15.157,0.48051,3.0389,0.0026135,1162.6,18.869,-36.828,-1.6075,46.511,0,0.33,0.21468,0
40076,-46177,20.141,-13.754,-0.91495,2.768,0.0024098,1148.5,27.64,-55.46,2.0999,-53.838,0,0.33,0.22273,0.0039904
17653,-40873,20.115,-13.406,-1.754,2.7329,0.0023325,1170.4,25.961,-130.86,-44.271,-72.994,0,0.33,0.22273,0.0079746
-4335.2,-29511,18.536,-13.709,-2.4479,3.8328,0.0030707,1244.2,13.601,-257.1,-137.6,-104.53,0,0.33,0.21468,0.011961
-3910.3,-29423,19.441,-11.839,-3.2579,3.5925,0.0029008,1234,20.648,-246.74,-100.01,-126.37,0,0.33,0.22273,0.015948
-1063.3,-35158,19.829,-12.735,-2.5423,3.033,0.0025131,1203.7,23.612,-201.7,-91.929,-98.297,0,0.33,0.22273,0.011961
-8366.3,-22147,17.948,-12.637,-3.1252,4.8947,0.0038128,1279.1,10.276,-308.23,-147.62,-137.71,0,0.33,0.21468,0.015947
-18513,-4325.4,15.588,-11.902,-3.4047,8.7325,0.0064871,1342.7,-5.2574,-403.71,-189.77,-179.51,0,0.33,0.20671,0.019934
-23685,5333.3,13.842,-12.14,-2.9652,11.462,0.0083901,1364.3,-16.771,-464.8,-243.39,-174.14,0,0.33,0.19859,0.019935
-17634,-2568.6,16.61,-8.9634,-4.7728,9.8121,0.0071874,1359.6,-1.6748,-360.63,-75.477,-255.02,0,0.33,0.21468,0.027908
-15269,-8784.7,16.948,-10.21,-4.2927,7.959,0.0059516,1331.8,2.4411,-351.53,-105.21,-213.92,0,0.33,0.21468,0.023921
13292,-10990,18.855,-7.6412,-5.5244,7.4162,0.0055598,1321.4,6.1347,-283.8,13.356,-257.27,0,0.33,0.22274,0.031894
3503.1,-15303,18.806,-8.7002,-5.0523,6.2995,0.0048156,1298.3,9.8823,-284.14,-18.052,-222.82,0,0.33,0.22274,0.027908
-13235,3126.4,16.399,-7.7275,-5.1836,11.731,0.0084053,1390.2,-5.6393,-364.55,-43.146,-296.33,0,0.33,0.21468,0.031894
-3650.6,-19813,18.889,-9.7697,-4.5148,5.2529,0.0040882,1277.3,13.647,-280.14,-49.907,-188.82,0,0.33,0.22273,0.023921
-12018,-15368,17.401,-11.446,-3.7429,6.2894,0.0047961,1306.3,6.5063,-336.08,-131.25,-174.46,0,0.33,0.21468,0.019934
-5543.7,-24478,19.105,-10.828,-3.9163,4.3401,0.0034364,1257.2,17.286,-269.64,-80.097,-156.46,0,0.33,0.22273,0.019935
44351,-45945,21.057,-12.436,-0.90828,2.5354,0.0022743,1114.4,35.036,-30.079,25.329,-52.166,0,0.33,0.23068,0.0039903
28492,-41549,21.167,-12.209,-1.7443,2.376,0.0021021,1129.3,33.544,-88.302,-8.3405,-67.875,0,0.33,0.23068,0.0079747
45096,-48342,20.936,-12.472,0.48853,2.6778,0.0024091,1111,35.666,-7.3254,28.191,46.331,0,0.33,0.23068,0
18522,-35405,22.157,-10.637,-2.4333,2.0451,0.0018561,1099.9,36.886,-103.73,-23.016,-79.203,0,0.33,0.23862,0.011961
26259,-31701,23.169,-9.6067,-2.2686,1.7249,0.0016619,1036.2,39.87,-62.56,1.3045,-70.548,0,0.33,0.24659,0.011961
21859,-24785,24.155,-8.308,-2.6386,1.4394,0.0014644,980.46,38.958,-57.271,-2.6387,-72.708,0,0.33,0.25469,0.015948
26281,-26838,24.089,-8.6231,-2.0494,1.4483,0.001502,962.33,40.688,-27.857,20.021,-62.953,0,0.33,0.25468,0.011961
15384,-28885,23.162,-9.1651,-2.912,1.7494,0.0016531,1055.9,37.841,-95.922,-17.687,-83.789,0,0.33,0.24659,0.015948
5414.7,-31865,22.054,-10.054,-3.1205,2.1376,0.0019009,1121.8,34.566,-140.45,-37.125,-96.581,0,0.33,0.23862,0.015948
6807.3,-37035,21.045,-11.691,-2.5316,2.457,0.0021219,1155.5,31.47,-150.19,-53.631,-89.012,0,0.33,0.23068,0.011961
-222.68,-32642,20.819,-10.956,-3.2467,2.7041,0.0022827,1181,28.851,-190.45,-63.386,-111.53,0,0.33,0.23068,0.015948
11441,-26005,20.583,-9.1998,-4.5062,3.3978,0.0027957,1208.6,22.656,-215.95,-14.22,-156.09,0,0.33,0.23069,0.023921
24623,-23126,20.665,-8.2831,-5.0494,3.8014,0.0031041,1214.9,19.283,-214.81,18.139,-178.13,0,0.33,0.23069,0.027908
28069,-20360,20.883,-7.3755,-5.5309,4.2123,0.0034169,1218.8,15.859,-209.28,48.689,-199.62,0,0.33,0.23069,0.031895
17665,-26634,23.155,-8.6021,-3.4972,1.7996,0.0016801,1068.5,35.499,-112.99,-11.204,-95.035,0,0.33,0.24659,0.019935
9572,-29118,21.98,-9.3496,-3.7493,2.2601,0.0019851,1135.2,31.918,-158.08,-23.626,-112.37,0,0.33,0.23862,0.019935
20626,-23046,24.196,-7.8747,-3.1733,1.4643,0.0014684,994.55,36.93,-73.837,-3.0749,-80.903,0,0.33,0.25469,0.019935
1018.8,-29123,20.64,-10.104,-3.9053,3.0277,0.0025163,1198.4,25.88,-209.74,-44.648,-133.9,0,0.33,0.23068,0.019935
3580.8,26132,10.666,-2.7916,-4.1933,23.732,0.016816,1413.6,-35.375,-427.47,54.762,-308.54,0,0.33,0.19857,0.043856
4163.6,24182,13.398,-3.652,-5.138,21.523,0.014482,1488.2,-26.527,-400.74,55.857,-384.42,0,0.33,0.2067,0.043857
9546.1,23618,11.004,-1.6165,-4.2154,24.484,0.017004,1441.9,-36.451,-384.68,139.27,-307.34,0,0.33,0.19857,0.047856
8119.5,23665,13.744,-2.5625,-5.2212,22.674,0.014908,1523.1,-28.328,-372.51,127.54,-399.1,0,0.33,0.20669,0.047863
3939.2,11699,16.404,-5.3767,-5.7916,15.26,0.010435,1457.6,-12.586,-356.35,34.598,-371.41,0,0.33,0.21468,0.039867
-5844.3,7995.4,16.324,-6.5253,-5.5219,13.586,0.0095126,1423.2,-9.3166,-363.26,-7.1614,-335.85,0,0.33,0.21468,0.035881
19492,-7035.6,19.033,-6.6095,-5.9276,8.5143,0.006255,1345.9,2.5291,-279.93,44.875,-290.68,0,0.33,0.22274,0.035881
18886,-3697.9,19.344,-5.6196,-6.2605,9.4931,0.0068388,1369.6,-0.83047,-272.25,77.501,-320.98,0,0.33,0.22274,0.039868
10457,14068,16.664,-4.3019,-5.9973,16.642,0.011119,1492,-15.378,-343.3,82.407,-400.79,0,0.33,0.21468,0.043858
11743,366.71,20.387,-3.8188,-6.7176,10.685,0.0074753,1402,-6.5396,-243.81,147.27,-362.75,0,0.33,0.22274,0.047868
15307,-1178,19.792,-4.6854,-6.5232,10.249,0.0072587,1389.6,-3.8691,-260.26,111.64,-345.84,0,0.33,0.22274,0.043858
8495.5,14941,17.128,-3.3182,-6.1463,17.637,0.011524,1525,-17.677,-323.78,137.31,-421.45,0,0.33,0.21468,0.047866
9425.7,21713,14.415,-1.6277,-5.2762,23.401,0.015003,1561.8,-29.504,-335.96,209.85,-403.57,0,0.33,0.2066,0.051899
12485,19969,11.676,-0.64533,-4.2229,25.075,0.016901,1485.4,-37.072,-329.49,236.62,-298.96,0,0.33,0.19855,0.051891
10407,10626,19.93,-1.0501,-6.3584,17.189,0.010828,1572.2,-22.272,-235.18,310.22,-417.87,0,0.33,0.21444,0.059959
9137.4,12939,18.733,-1.6768,-6.322,18.068,0.011407,1573.8,-21.28,-269.46,267.16,-431.28,0,0.33,0.21464,0.055993
6369.1,-1478.7,24.102,-1.2133,-6.8742,8.0512,0.0060637,1263.7,-14.041,-143.14,243.78,-313.48,0,0.33,0.22238,0.063957
7033.4,-727.4,23.062,-1.7225,-6.9223,9.3199,0.006718,1334.7,-12.559,-171.17,244.59,-341.85,0,0.33,0.22242,0.059957
11082,8046.6,21.26,-0.54373,-6.3722,15.652,0.0099574,1550.2,-23.03,-199.12,333.07,-391.51,0,0.33,0.21442,0.064
7808.1,279.08,22.025,-2.3247,-6.925,10.285,0.0072129,1383.8,-11.02,-199.19,226.77,-363.43,0,0.33,0.22268,0.056004
7755.6,14534,17.816,-2.4402,-6.2477,18.146,0.011625,1553.7,-19.571,-299.24,198.29,-431.57,0,0.33,0.21467,0.051917
8991.8,919.97,21.135,-3.0293,-6.8471,10.716,0.0074625,1402.1,-8.8648,-223.89,184.29,-369.59,0,0.33,0.22273,0.051924
25722,-17730,21.225,-6.492,-5.9468,4.5882,0.0037022,1220,12.475,-200.63,76.543,-219.54,0,0.33,0.23069,0.035881
22858,-15325,21.68,-5.6446,-6.2931,4.8782,0.0039265,1216.7,9.2094,-189.22,101.63,-236.49,0,0.33,0.23069,0.039868
20489,-17445,23.863,-4.8864,-6.2361,2.3757,0.0022774,1024.5,13.483,-112.72,113.04,-160.78,0,0.33,0.23863,0.043859
18174,-16408,24.958,-4.8737,-5.7518,1.4326,0.0015896,894.39,18.406,-74.726,92.189,-107.87,0,0.33,0.2466,0.043859
13561,-12712,26.219,-4.3672,-5.3632,0.92583,0.0012488,737.16,18.586,-38.447,73.402,-72.254,0,0.33,0.25469,0.047869
15320,-14131,25.793,-4.8161,-5.2172,1.0697,0.0013224,805.09,21.367,-47.364,72.097,-78.871,0,0.33,0.25469,0.043859
16155,-14869,25.472,-4.3383,-5.9092,1.264,0.0015069,830.99,15.495,-62.064,95.572,-101.04,0,0.33,0.2466,0.047871
18037,-15860,24.467,-4.2532,-6.4149,2.2006,0.0022077,974.26,10.538,-96.731,121.42,-157.08,0,0.33,0.23863,0.04787
19679,-13254,22.237,-4.8437,-6.5672,5.0304,0.0040608,1205.8,6.1215,-175,123.77,-248.74,0,0.33,0.23069,0.043859
16376,-11617,22.887,-4.0973,-6.7676,5.0016,0.0040838,1183.7,3.2509,-158.21,142.75,-254.46,0,0.33,0.23069,0.04787
10738,-10070,24.41,-2.7912,-6.9507,4.3125,0.0037611,1088.7,-1.8632,-119.06,172.75,-237.88,0,0.33,0.23069,0.056052
8717.8,-9715.9,25.222,-2.2465,-6.9335,3.6919,0.0034332,1009.8,-4.0947,-98.718,174,-215.81,0,0.33,0.23066,0.06015
7310.9,-9229.2,26.017,-1.7861,-6.8482,2.9633,0.0030229,909.39,-6.0794,-78.375,163.79,-188.85,0,0.33,0.23064,0.064176
14188,-13421,25.999,-3.842,-6.0053,1.0784,0.001405,758.96,12.638,-50.049,94.902,-91.845,0,0.33,0.2466,0.051937
15645,-14456,25.106,-3.6696,-6.5231,1.9591,0.0020907,911.2,7.7128,-80.657,125.21,-148.47,0,0.33,0.23863,0.051936
11852,-11374,26.648,-3.947,-5.4569,0.7756,0.0011616,663,15.817,-30.32,71.464,-64.614,0,0.33,0.25469,0.05193
13250,-10513,23.617,-3.4113,-6.8942,4.7634,0.003984,1146.1,0.60405,-139.63,158.81,-251.72,0,0.33,0.2307,0.051934
16340,2670.5,22.308,1.0945,-5.065,17.472,0.010425,1665.8,-36.1,-94.966,549.17,-193.2,0,0.33,0.19846,0.076117
15042,1769.6,24.028,0.78651,-5.7502,12.823,0.008403,1497.7,-30.781,-105.53,461.84,-237.32,0,0.33,0.20658,0.076309
12959,1272.8,24.454,1.1575,-5.2371,12.868,0.0082845,1531.5,-35.926,-79.494,501.5,-159.45,0,0.33,0.19848,0.080137
11275,-179.02,25.817,0.88745,-5.7751,8.6875,0.0064333,1306,-30.797,-77.928,400.19,-184.29,0,0.33,0.20659,0.080314
12144,935.16,24.339,0.12277,-6.3649,10.431,0.0073461,1376.3,-24.034,-119.78,368.16,-294.01,0,0.33,0.21454,0.072289
12339,4575.1,22.733,-0.15048,-6.387,13.415,0.0087961,1493.9,-23.752,-159.25,365.12,-351.01,0,0.33,0.21453,0.06822
6497.3,-3175,25.207,-0.81181,-6.791,6.417,0.0052261,1153.7,-15.286,-108.97,245.68,-273.12,0,0.33,0.22237,0.067974
6331.2,-4884.7,26.282,-0.50262,-6.6587,4.6463,0.0042836,1005.3,-16.38,-76.246,227.09,-218.52,0,0.33,0.22237,0.072006
10013,-1710.9,25.847,0.31853,-6.286,7.2786,0.0057896,1200.5,-24.32,-85.923,328.99,-226.99,0,0.33,0.21455,0.076321
4929.9,-6209.6,28.03,-0.10586,-6.2513,1.6825,0.0023668,632.49,-18.449,-28.386,146.83,-104.07,0,0.33,0.22257,0.08041
5663.2,-5816.7,27.242,-0.27555,-6.4647,2.9971,0.0033079,825.16,-17.281,-50.298,188.57,-157.59,0,0.33,0.2224,0.076109
7218.2,-3360.2,27.137,0.45042,-6.1562,4.4499,0.0042675,974.52,-24.698,-55.831,266.77,-159.96,0,0.33,0.21458,0.080362
7551.8,-1765.7,27.325,0.95083,-5.7357,4.9998,0.0045282,1042.1,-30.833,-51.388,312.77,-129.54,0,0.33,0.20661,0.084335
9443.8,-84.718,26.371,1.2223,-5.3427,8.1792,0.006073,1307.4,-35.922,-61.271,420.34,-121.27,0,0.33,0.19859,0.084329
2790.2,-4035.5,29.252,0.56235,-5.5517,0.31734,0.00091054,296.77,-26.174,-3.5375,68.212,-27.35,0,0.33,0.21466,0.092453
3320.1,-4428.9,28.831,0.55751,-5.7739,0.95832,0.0017411,481.56,-25.667,-13.327,121.81,-55.717,0,0.33,0.21465,0.088447
2949.6,-3532.9,29.456,0.15932,-5.29,0.038663,0.00026578,137.44,-22.102,0.1098,22.664,-11.538,0,0.33,0.22261,0.096476
3437.5,-4300.3,29.28,0.11763,-5.514,0.10561,0.00047466,198.05,-21.231,-0.68805,36.649,-18.545,0,0.33,0.22261,0.092487
2659.7,-3450,29.497,0.55808,-5.3303,0.087261,0.00042325,180.84,-26.712,-0.16355,35.976,-13.503,0,0.33,0.21466,0.09645
3812.3,-5178.9,29.021,0.067117,-5.7532,0.30779,0.00089245,298.34,-20.334,-4.5556,62.05,-33.77,0,0.33,0.22261,0.088496
4832.4,-4292.7,28.141,0.52563,-5.982,2.2955,0.0028856,720.93,-25.17,-30.629,193.33,-100.94,0,0.33,0.21461,0.084397
4229.1,-5971.3,28.624,-0.0030296,-6.0033,0.78513,0.0015316,446.03,-19.409,-12.622,101.09,-61.637,0,0.33,0.2226,0.084483
6538.1,-8985.1,26.768,-1.4072,-6.7188,2.2039,0.0025579,789.72,-7.9998,-55.989,149.99,-155.85,0,0.33,0.23061,0.068174
5970.3,-8492.4,27.452,-1.1111,-6.5172,1.4828,0.00206,651.66,-9.4469,-36.849,123.66,-118.33,0,0.33,0.23039,0.07209
6307.9,-7452.8,28.353,-1.3664,-5.9647,0.2912,0.00078863,352,-5.9718,-11.312,55.806,-42.507,0,0.33,0.2386,0.076254
5564.3,-6315.3,28.511,-1.7635,-5.5772,0.1598,0.00056111,277.47,-1.9649,-9.3553,37.848,-24.953,0,0.33,0.2466,0.076222
3968.1,-4515.3,28.842,-1.8544,-5.0603,0.066692,0.00035598,182.85,-0.98256,-7.9132,20.206,-16.087,0,0.33,0.25468,0.080324
4642.8,-5242.4,28.645,-2.0724,-5.1829,0.10853,0.00046026,230.58,1.0638,-8.5854,26.753,-19.718,0,0.33,0.25468,0.076334
4725.1,-5387.3,28.751,-1.546,-5.4166,0.097313,0.00043175,219.27,-3.9413,-7.1778,28.344,-18.932,0,0.33,0.24659,0.080226
5370.6,-6329,28.661,-1.1561,-5.7629,0.16614,0.00058195,272.89,-7.7911,-6.1674,41.817,-29.316,0,0.33,0.23857,0.080322
5635.8,-7801.2,28.012,-0.85752,-6.3155,0.91821,0.0015822,519.78,-11.159,-22.871,97.564,-85.075,0,0.33,0.23054,0.07636
5274.6,-6993.2,28.481,-0.67491,-6.0734,0.48353,0.0011077,389.48,-12.62,-10.825,73.576,-55.631,0,0.33,0.23055,0.080466
4181,-5001.7,29.083,-0.40984,-5.5969,0.098046,0.00044519,204.01,-15.382,-2.4567,33.475,-20.655,0,0.33,0.23055,0.088506
3530.4,-4122.9,29.273,-0.31092,-5.3758,0.044732,0.00028482,150,-16.632,-1.0965,22.672,-13.734,0,0.33,0.23055,0.092497
2959.9,-3422.3,29.423,-0.2272,-5.169,0.024001,0.00020832,112.82,-17.798,-0.39152,16.532,-10.444,0,0.33,0.23055,0.096486
4024.7,-4589.6,28.95,-1.3538,-5.2512,0.057418,0.00032547,171.7,-5.8137,-5.7427,20.96,-14.676,0,0.33,0.2466,0.084245
4576.8,-5318.9,28.907,-0.97822,-5.5596,0.090787,0.00041657,209.44,-9.5097,-3.8665,30.274,-19.935,0,0.33,0.23854,0.084399
3402.3,-3891.1,29.009,-1.6566,-4.9312,0.040126,0.0002724,143.83,-2.9208,-7.4208,15.164,-13.524,0,0.33,0.25468,0.084315
4809.2,-6021.2,28.831,-0.52957,-5.8309,0.22312,0.00071599,282.12,-14.044,-4.759,50.793,-33.972,0,0.33,0.23055,0.084502
31248,-1.2222e+05,5.3047,-7.987,3.0911,16.167,0.0066541,1460.9,29.728,-271.74,-64.374,-59.432,0,0.33,0.015706,0.0079741
93768,-1.5238e+05,5.5479,-8.6537,1.6283,15.155,0.0058402,1464.9,34.357,-175.81,-40.123,-61.269,0,0.33,0.015706,0.0039873
-3.3032e+05,-2.3048e+05,4.6975,-4.8997,3.8586,14.512,0.0037578,2793.6,62.877,73.463,-43.349,1587.6,0,0.33,0.007851,0.007974
-1.5316e+05,-2.6517e+05,4.8787,-5.3872,2.0862,14.027,0.0033869,2782.2,68.147,13.552,-27.195,1575.5,0,0.33,0.0078511,0.0039871
-1.1605e+05,-3.8445e+05,4.6183,-4.0627,-1.3898,12.133,0.0010934,3953,87.051,104.72,-11.115,-3206.8,0,0.33,0,0
-4.3742e+05,-3.5388e+05,4.558,-3.8684,2.3185,12.239,0.0011042,3970.2,85.828,192.33,-19.749,3215.1,0,0.33,0,0.003987
32133,-2.8956e+05,4.954,-5.6198,-1.2041,13.798,0.0032087,2776.3,69.492,-2.0138,-15.556,-1570.8,0,0.33,0.0078512,0
-7.1703e+05,-3.1774e+05,4.4146,-3.4764,4.2239,12.46,0.0011188,4005.8,80.46,395.06,-31.277,3235.5,0,0.33,0,0.007974
1.425e+05,-1.6817e+05,5.6479,-8.9534,-0.88285,14.677,0.0054782,1464.2,35.691,-110.44,-23.223,61.607,0,0.33,0.015706,0
2000.8,10595,2.4517,-3.2079,10.122,18.89,0.015401,1231.1,-58.517,-415.45,-88.153,-0.35152,0,0.33,0.015704,0.039869
-757.57,6616,2.8099,-3.6271,9.6595,18.911,0.014952,1254.8,-47.919,-411.46,-88.82,-10.584,0,0.33,0.015705,0.035882
-91642,-55467,2.5558,-1.9214,12.678,15.772,0.0072118,2742.9,-42.971,585.39,-56.773,1754.2,0,0.33,0.0078503,0.039869
-1.1489e+05,-65777,2.8227,-2.1741,12.077,15.822,0.00716,2754,-30.33,548.79,-57.138,1732.2,0,0.33,0.0078504,0.035882
-2.9555e+05,-1.4626e+05,3.118,-1.7167,12.515,13.126,0.0010762,4111.8,-5.751,1397,-40.344,3429.6,0,0.33,0,0.031895
-2.4489e+05,-1.2862e+05,2.8932,-1.5236,13.318,13.121,0.0010595,4111,-20.454,1493.1,-40.172,3463.7,0,0.33,0,0.035882
-1.4227e+05,-78647,3.0965,-2.4562,11.363,15.846,0.0069418,2764.9,-16.771,505.87,-57.334,1710,0,0.33,0.0078506,0.031895
-400.39,127.98,3.1761,-4.0989,9.1047,18.909,0.014163,1281.9,-36.557,-405.79,-88.991,-20.49,0,0.33,0.015705,0.031895
-1.9968e+05,-1.1334e+05,2.6749,-1.3494,13.998,13.094,0.0010426,4106.9,-34.161,1574.4,-39.844,3497,0,0.33,0,0.039869
8532.6,14708,0.093329,-1.0881,11.625,19.08,0.015769,1160.6,-112.12,-430.38,-69.484,68.742,0,0.33,0.015714,0.07182
9555.9,14885,0.32849,-1.2794,11.595,19.022,0.015794,1160,-108.32,-429.38,-72.468,62.277,0,0.33,0.015712,0.067828
8636.1,-18308,0.81534,-0.64938,14.741,15.399,0.0072327,2688.6,-106.3,714.14,-47.684,1901.3,0,0.33,0.0078503,0.071784
3318.1,-20400,0.98839,-0.76055,14.678,15.432,0.0072571,2692.1,-101.79,710.39,-49.085,1886.9,0,0.33,0.0078501,0.067797
-21286,-56758,1.565,-0.63097,16.172,12.768,0.00095754,4056.5,-92.141,1836.5,-36.066,3672.6,0,0.33,0,0.063791
-3276,-51752,1.4182,-0.5497,16.303,12.705,0.00094727,4045.7,-98.033,1851.5,-35.245,3695.2,0,0.33,0,0.067779
-5177.5,-22926,1.1748,-0.88074,14.571,15.466,0.007274,2696.5,-96.385,703.84,-50.447,1871.5,0,0.33,0.0078487,0.06381
10514,15057,0.5821,-1.4837,11.528,18.968,0.015825,1161.7,-103.74,-428.21,-75.272,55.061,0,0.33,0.015705,0.063835
8445,-47536,1.2828,-0.47541,16.386,12.64,0.00093775,4035,-102.99,1860.6,-34.384,3716.2,0,0.33,0,0.071767
17550,-23645,24.121,-7.6438,0.32677,1.6569,0.0018852,877.21,42.032,23.431,46.915,56.261,0,0.33,0.26269,0
12819,-23177,24.317,-7.7094,-0.62169,1.5398,0.0017561,875.02,41.725,30.038,64.975,-53.961,0,0.33,0.26269,0.0039944
13237,-22452,24.672,-7.7842,-1.2188,1.3273,0.0015181,872.53,40.988,24.481,66.446,-52.3,0,0.33,0.2627,0.0079759
6467.2,-16886,25.382,-6.9378,-1.0335,1.1017,0.0013979,785.91,38.871,31.656,65.999,-50.672,0,0.33,0.27064,0.0079759
7204.3,-17062,25.051,-6.8516,-0.52264,1.2866,0.0016187,792.57,39.457,30.66,59.953,-55.98,0,0.33,0.27064,0.0039946
11094,-17234,24.876,-6.7892,0.27234,1.3839,0.001733,796.54,39.695,22.242,41.973,59.735,0,0.33,0.27064,0
2644.3,-3445.2,28.151,-4.2814,-0.42002,0.18826,0.00067322,272.75,22.212,6.2067,13.502,-24.42,0,0.33,0.31069,0.0079752
2574.2,-3417.1,28.083,-4.2742,-0.21034,0.21929,0.00075181,284.25,22.434,6.0256,11.545,-28.318,0,0.33,0.31069,0.0039913
3000.2,-4715.9,27.737,-4.6652,-0.49054,0.32447,0.00084943,375.94,25.67,11.075,22.424,-34.142,0,0.33,0.30249,0.0079759
3001.4,-4631,27.631,-4.6474,-0.2447,0.38035,0.00095957,389.98,25.929,9.3064,18.459,-39.987,0,0.33,0.30249,0.0039937
2121,-2592.5,28.395,-3.9314,0.095204,0.11706,0.00056577,198.99,19.233,3.8994,5.4764,18.756,0,0.33,0.31869,0
2667.7,-3426.8,28.048,-4.2632,0.10846,0.23474,0.00078705,290.88,22.518,4.7284,8.0926,30.168,0,0.33,0.31068,0
2091.6,-2576.5,28.419,-3.9406,-0.18486,0.10975,0.00054386,193.98,19.161,4.5018,7.4082,-17.738,0,0.33,0.31869,0.0039907
2131.9,-2577,28.463,-3.9439,-0.36801,0.095429,0.00049452,185.85,18.972,3.7523,7.9875,-15.542,0,0.33,0.31869,0.0079751
3364.9,-4621.2,27.578,-4.6309,0.12589,0.40789,0.0010099,397.71,26.028,6.6497,12.58,42.823,0,0.33,0.30251,0
16699,-15416,25.554,-5.9496,-3.9495,1.1331,0.0012756,885.62,30.27,-45.788,33.886,-72.596,0,0.33,0.2627,0.031895
17823,-16579,25.345,-6.3816,-3.6171,1.1764,0.0012904,908.92,32.587,-49.578,21.349,-73.533,0,0.33,0.2627,0.027909
18423,-17724,25.198,-6.8034,-3.2361,1.1908,0.0012946,916.94,34.752,-49.251,9.5127,-72.248,0,0.33,0.2627,0.023922
14300,-14062,25.979,-6.2731,-2.8165,0.9425,0.0011353,826.8,33.619,-26.811,10.24,-60.519,0,0.33,0.27064,0.023922
13819,-13185,26.11,-5.9425,-3.1576,0.93569,0.0011297,824.99,31.733,-28.931,17.194,-61.544,0,0.33,0.27064,0.027909
13046,-12285,26.282,-5.5958,-3.456,0.90684,0.0011171,808.61,29.69,-27.163,25.886,-60.608,0,0.33,0.27064,0.031896
2877.8,-3378.4,28.404,-4.1119,-1.2554,0.13163,0.00048211,267.01,20.014,5.9637,11.852,-15.041,0,0.33,0.3107,0.023923
3884.5,-4666.7,28.092,-4.4754,-1.4727,0.22927,0.00060287,374.32,23.075,7.4153,14.078,-22.416,0,0.33,0.30249,0.023923
2795.7,-3275.2,28.486,-4.0345,-1.4473,0.12563,0.00045801,267.84,19.162,5.8842,12.936,-13.977,0,0.33,0.3107,0.02791
3758.5,-4492.3,28.188,-4.3745,-1.6929,0.22266,0.00057979,377.49,22.069,6.3201,14.697,-21.732,0,0.33,0.30249,0.02791
2053.3,-2330,28.786,-3.6606,-1.416,0.059803,0.00032655,177.13,15.551,4.4054,11.675,-7.3284,0,0.33,0.3187,0.031898
2110.4,-2408.5,28.71,-3.7326,-1.2576,0.064448,0.0003476,179.65,16.369,4.5663,10.816,-8.3831,0,0.33,0.3187,0.027911
2693.8,-3148.4,28.575,-3.9437,-1.6269,0.11898,0.00043597,265.95,18.206,5.5337,13.771,-12.996,0,0.33,0.3107,0.031897
2164.5,-2480.5,28.643,-3.7939,-1.0901,0.068532,0.00036848,180.37,17.096,4.2728,9.5266,-9.4107,0,0.33,0.3187,0.023923
3581.3,-4274.8,28.293,-4.2563,-1.8956,0.21455,0.0005597,376.31,20.945,5.3389,15.509,-21.111,0,0.33,0.30249,0.031897
1322.9,-1548.3,28.876,-3.3608,-0.28892,0.017608,0.00022766,74.475,13.083,2.7857,3.9474,-5.6927,0,0.33,0.33456,0.0079753
1319.7,-1549.3,28.85,-3.3568,-0.14515,0.019115,0.000237,77.273,13.222,3.9216,4.6729,-6.0748,0,0.33,0.33456,0.0039907
1680.8,-1981.4,28.696,-3.6384,-0.32591,0.042134,0.0003354,119.68,15.929,2.9309,5.153,-9.2775,0,0.33,0.32663,0.0079752
1668.4,-1986.2,28.664,-3.6354,-0.16389,0.047401,0.00036081,124.72,16.092,4.0247,5.4177,-10.293,0,0.33,0.32663,0.0039907
1685.2,-1998.5,28.645,-3.6263,0.083947,0.050256,0.00037243,128.1,16.152,3.6413,4.2847,10.751,0,0.33,0.32663,0
1328.8,-1554.7,28.833,-3.3476,0.073785,0.020049,0.00024186,79.33,13.273,3.5099,3.8685,6.2538,0,0.33,0.33456,0
372.42,-509.74,29.542,-2.3282,-0.15139,0.0059917,0.0001283,13.272,1.6338,2.1431,3.3365,-5.4716,0,0.33,0.37452,0.0079757
365.24,-503.89,29.52,-2.3227,-0.076632,0.0060093,0.00013368,13.539,1.6961,2.9999,3.7752,-5.6246,0,0.33,0.37452,0.0039913
485.56,-637.77,29.423,-2.4932,-0.17377,0.0062431,0.00019792,17.94,3.5435,2.2216,3.3033,-5.315,0,0.33,0.36659,0.0079757
480.47,-632.81,29.4,-2.4876,-0.087678,0.0062712,0.00020656,18.315,3.6172,3.0419,4.1286,-5.4023,0,0.33,0.36659,0.0039913
274.17,-400.05,29.624,-2.1713,-0.051844,0.0058409,8.9779e-05,9.9365,-0.052091,2.0773,1.9177,-6.1501,0,0.33,0.38245,0
374.54,-512.02,29.509,-2.3155,0.052614,0.006016,0.00013461,13.624,1.7221,1.8708,2.657,5.9436,0,0.33,0.37452,0
270.77,-396.67,29.633,-2.1787,-0.065498,0.0058382,8.9498e-05,9.9101,-0.074001,2.9435,3.2535,-5.7536,0,0.33,0.38246,0.0039914
282.89,-407.43,29.653,-2.1837,-0.13023,0.0058275,8.6019e-05,9.7354,-0.12671,1.9655,3.3601,-5.5352,0,0.33,0.38246,0.0079758
489.14,-639.03,29.386,-2.4805,0.052768,0.0062853,0.00020978,18.48,3.647,1.9117,3.1936,5.6235,0,0.33,0.36658,0
1655.8,-1886.2,28.83,-3.5091,-0.95951,0.032602,0.00027062,116.21,14.321,3.6838,7.672,-5.7243,0,0.33,0.32664,0.023924
1613.4,-1827.9,28.886,-3.4605,-1.1071,0.03057,0.00025675,114.99,13.697,4.0817,8.8959,-4.9368,0,0.33,0.32664,0.027911
1291.1,-1473.9,28.981,-3.2508,-0.84951,0.015308,0.00020566,72.632,11.702,3.902,6.335,-3.6521,0,0.33,0.33457,0.023924
1254.2,-1424.8,29.029,-3.2129,-0.98083,0.014608,0.00020002,71.523,11.165,4.4636,7.4115,-3.115,0,0.33,0.33457,0.027911
1575.4,-1772.7,28.948,-3.4027,-1.2474,0.028076,0.00024112,112.54,12.995,3.7926,9.5699,-4.0336,0,0.33,0.32664,0.031898
1223.1,-1383.4,29.081,-3.1669,-1.1058,0.013684,0.00019318,69.716,10.561,3.9914,7.7472,-2.4572,0,0.33,0.33457,0.031899
372.83,-503.01,29.583,-2.2705,-0.45124,0.0059325,0.0001104,12.202,0.9759,5.3401,3.0763,-5.1981,0,0.33,0.37453,0.023925
477.47,-618.41,29.471,-2.4305,-0.516,0.006164,0.00017459,16.702,2.7828,5.2521,3.5854,-4.8812,0,0.33,0.36659,0.023925
367.37,-483.75,29.609,-2.2652,-0.52627,0.0059044,0.00010191,11.624,0.71782,8.3716,4.7981,-4.9006,0,0.33,0.37453,0.027913
461.02,-590.96,29.5,-2.4225,-0.59959,0.0061257,0.00016352,16.018,2.4851,7.5894,5.1663,-4.6524,0,0.33,0.3666,0.027913
273.54,-374.8,29.741,-2.1281,-0.51899,0.0057444,6.4828e-05,7.9246,-1.1755,9.1042,4.9493,-4.6687,0,0.33,0.38247,0.031901
288.21,-392.28,29.711,-2.1229,-0.45571,0.0057663,6.9053e-05,8.426,-0.91981,8.4128,4.2762,-4.9793,0,0.33,0.38246,0.027913
348.23,-465.5,29.642,-2.265,-0.5973,0.0058738,9.4381e-05,11.005,0.42433,8.0793,5.1593,-4.7197,0,0.33,0.37453,0.0319
286.4,-407.23,29.689,-2.1288,-0.3893,0.0057857,7.4459e-05,8.8776,-0.69565,4.7899,2.5925,-5.3343,0,0.33,0.38246,0.023925
436.63,-569.18,29.536,-2.4147,-0.67833,0.0060835,0.00015236,15.286,2.1475,6.8131,5.2186,-4.5736,0,0.33,0.3666,0.0319
15402,-14217,25.819,-5.5227,-4.2334,1.0623,0.001249,847.93,27.838,-39.844,44.351,-69.879,0,0.33,0.2627,0.035882
14003,-12989,26.125,-5.1097,-4.4689,0.96877,0.0012102,797.78,25.325,-33.092,51.562,-65.752,0,0.33,0.2627,0.039869
10927,-10390,26.744,-4.9084,-3.9288,0.78198,0.001063,732.62,25.266,-18.09,39.134,-54.257,0,0.33,0.27065,0.039869
12058,-11352,26.497,-5.248,-3.7127,0.85464,0.0010951,777.37,27.525,-23.111,33.663,-58.05,0,0.33,0.27064,0.035882
3365.6,-4024,28.405,-4.1251,-2.0797,0.20268,0.00053897,368.78,19.719,4.7476,16.189,-20.334,0,0.33,0.3025,0.035884
3122.6,-3747.3,28.523,-3.9854,-2.2447,0.18571,0.00051451,353.61,18.404,4.5028,16.274,-19.36,0,0.33,0.3025,0.039871
2573.3,-3000.6,28.672,-3.8416,-1.7932,0.11085,0.00041447,260.13,17.158,5.2624,14.322,-11.998,0,0.33,0.3107,0.035885
2432.2,-2831.4,28.773,-3.7312,-1.9455,0.10066,0.00039167,249.54,16.031,5.1259,14.355,-11.01,0,0.33,0.31071,0.039872
1991.9,-2244.3,28.867,-3.5785,-1.5647,0.054578,0.00030569,172.27,14.653,4.272,12.273,-6.2151,0,0.33,0.3187,0.035885
1916.2,-2145,28.953,-3.4886,-1.7033,0.048804,0.00028519,164.75,13.683,4.3081,12.548,-5.1422,0,0.33,0.31871,0.039873
6025.4,-6558.3,28.103,-3.0487,-4.9632,0.27369,0.00073001,370.7,9.9307,-6.387,38.202,-29.223,0,0.33,0.26265,0.064299
7006.9,-7416,27.813,-3.3392,-4.9741,0.37447,0.00083712,443.36,12.41,-7.8658,44.4,-35.206,0,0.33,0.26268,0.060136
8247,-8402.7,27.495,-3.6517,-4.9534,0.48943,0.00093536,519.53,14.966,-11.136,50.126,-41.439,0,0.33,0.2627,0.056031
6368.3,-6848.1,27.845,-3.6827,-4.4181,0.39304,0.00083192,468.86,15.756,-3.7498,38.199,-32.783,0,0.33,0.27064,0.056033
5525.5,-6099.9,28.104,-3.4081,-4.4578,0.29845,0.00074638,396.06,13.366,-2.3171,34.009,-27.715,0,0.33,0.27063,0.06013
4839.2,-5423.3,28.34,-3.1487,-4.4718,0.21603,0.00065167,327.55,11.028,-1.758,29.182,-23.188,0,0.33,0.2706,0.064271
1823.9,-2119.4,29.158,-3.2329,-2.4192,0.045069,0.00026811,162.71,10.894,2.0394,7.1047,-8.255,0,0.33,0.31066,0.056083
2255.9,-2672.1,28.973,-3.3777,-2.7276,0.083356,0.00035939,225.66,12.479,1.6961,8.5076,-14.071,0,0.33,0.3025,0.056098
1696,-1975.4,29.235,-3.0935,-2.505,0.032749,0.00023365,135.86,9.5125,0.36272,4.5638,-7.9252,0,0.33,0.31057,0.060214
2086.5,-2455.4,29.066,-3.2134,-2.8069,0.059819,0.00031108,186.74,10.902,0.30179,5.8555,-12.619,0,0.33,0.30252,0.060255
1312.8,-1517.7,29.426,-2.834,-2.3172,0.013501,0.00017211,77.535,6.7919,-0.31707,2.919,-3.9329,0,0.33,0.31853,0.064173
1407.1,-1607.5,29.365,-2.9574,-2.2424,0.017682,0.00018483,93.574,8.0086,0.86768,5.0585,-3.4561,0,0.33,0.3186,0.060134
1565,-1831.8,29.302,-2.9504,-2.5769,0.023226,0.00020377,110.95,8.1236,-0.82651,2.3674,-7.7393,0,0.33,0.31051,0.06431
1496.4,-1693.6,29.294,-3.075,-2.1557,0.023097,0.00020301,110.45,9.2123,2.4672,7.2133,-3.2793,0,0.33,0.31868,0.056056
1924.3,-2255.8,29.147,-3.049,-2.8712,0.041295,0.00026508,151.23,9.3319,-0.80391,3.8114,-11.159,0,0.33,0.30253,0.064364
1183,-1309.2,29.196,-3.0473,-1.3373,0.011482,0.00017954,63.815,9.1707,3.5981,8.4096,-0.56058,0,0.33,0.33458,0.039874
1203.4,-1349.2,29.137,-3.1108,-1.2245,0.012604,0.00018587,67.162,9.8944,3.5019,7.9427,-1.5762,0,0.33,0.33458,0.035886
1504.8,-1658.3,29.088,-3.2601,-1.5054,0.022332,0.00020904,103.37,11.385,3.6379,10.553,-1.8728,0,0.33,0.32664,0.039873
1543.2,-1719.5,29.016,-3.335,-1.3802,0.025257,0.0002247,108.69,12.223,3.5373,10.078,-2.9719,0,0.33,0.32664,0.035885
357.04,-486.04,29.701,-2.2188,-0.72861,0.0058212,7.9894e-05,9.9767,-0.25449,3.8023,3.3169,-4.7045,0,0.33,0.37454,0.039876
349.47,-475.5,29.673,-2.2495,-0.66475,0.0058471,8.7286e-05,10.495,0.10135,5.1376,4.1283,-4.7042,0,0.33,0.37454,0.035888
432.96,-571.58,29.597,-2.3574,-0.82374,0.0060023,0.00012833,13.896,1.3645,3.565,3.4669,-4.516,0,0.33,0.3666,0.039876
432.76,-571.32,29.568,-2.3921,-0.75283,0.0060438,0.00014077,14.622,1.7741,4.4125,4.1178,-4.5752,0,0.33,0.3666,0.035888
280.97,-393.28,29.771,-2.1194,-0.57945,0.0057267,6.0808e-05,7.552,-1.454,5.8039,4.1092,-4.5456,0,0.33,0.38247,0.035888
297.83,-416.87,29.797,-2.0908,-0.63635,0.0057113,5.6657e-05,7.2206,-1.7631,3.8522,3.1984,-4.5056,0,0.33,0.38247,0.039876
1232.5,-1359.3,29.391,-2.9117,-1.9275,0.012372,0.00017242,71.159,7.4913,3.3457,7.5782,0.09561,0,0.33,0.32664,0.056079
1168.3,-1303.5,29.459,-2.8127,-2.0109,0.010511,0.00017106,61.636,6.4379,2.2083,5.9359,-0.09201,0,0.33,0.3266,0.060169
1005.6,-1092.8,29.463,-2.753,-1.7249,0.0082328,0.0001857,45.367,5.7698,4.4853,7.6097,1.7566,0,0.33,0.33459,0.056096
956.46,-1051.8,29.527,-2.6694,-1.8029,0.0077192,0.00019664,40.29,4.8368,3.8214,6.429,1.7094,0,0.33,0.33457,0.060236
1105.3,-1251.4,29.519,-2.7079,-2.0838,0.0090504,0.00017472,52.488,5.3742,1.1342,4.1805,-0.55933,0,0.33,0.32654,0.064149
913.12,-1018.9,29.586,-2.5808,-1.8713,0.0072931,0.00021178,35.399,3.8988,2.934,5.1411,1.5071,0,0.33,0.33452,0.06426
307.71,-407.07,29.834,-2.0961,-0.97156,0.0057004,5.3918e-05,7.0469,-1.9628,7.6089,5.7243,-4.0766,0,0.33,0.37449,0.056059
363.08,-473.71,29.744,-2.2136,-1.0847,0.0058088,7.6493e-05,9.8574,-0.59182,6.8598,5.8293,-3.8152,0,0.33,0.36654,0.05608
287.8,-383.43,29.875,-2.0718,-1.0265,0.0056737,5.0596e-05,6.3243,-2.4439,7.3618,5.3895,-4.0009,0,0.33,0.37441,0.060159
341.27,-449.16,29.788,-2.1802,-1.142,0.0057664,6.7146e-05,8.8579,-1.1418,6.4298,5.3884,-3.7117,0,0.33,0.36641,0.060234
256.97,-335.37,29.99,-1.9404,-0.96298,0.005606,4.6464e-05,4.3634,-4.1068,7.7662,4.619,-2.9638,0,0.33,0.38244,0.064085
269.51,-341.76,29.953,-1.9611,-0.91493,0.0056199,4.634e-05,4.744,-3.6733,9.4541,5.3201,-3.0786,0,0.33,0.38242,0.060091
273.21,-374.25,29.914,-2.0421,-1.0744,0.0056524,4.8638e-05,5.7546,-2.9404,5.3759,4.498,-3.9671,0,0.33,0.37445,0.064152
281.46,-362.67,29.915,-1.9795,-0.86142,0.0056375,4.6693e-05,5.2497,-3.2523,8.941,5.4411,-3.3145,0,0.33,0.38245,0.056031
326.76,-438.48,29.829,-2.1403,-1.191,0.0057313,6.0029e-05,8.0105,-1.7118,4.8292,4.5017,-3.5874,0,0.33,0.36642,0.064269
5238,-5792.8,28.361,-2.7784,-4.925,0.19013,0.00061702,303.81,7.5676,-6.1924,31.947,-23.91,0,0.33,0.26264,0.068368
4516.6,-5064.9,28.586,-2.5289,-4.8655,0.1255,0.00050381,244.84,5.3218,-6.0975,25.692,-19.74,0,0.33,0.26264,0.072374
3787,-4272.1,28.741,-2.6717,-4.4366,0.096534,0.00044786,211.55,6.628,-2.5158,19.806,-15.849,0,0.33,0.27058,0.072361
4294.8,-4829.6,28.553,-2.9033,-4.4637,0.14845,0.00055059,265.57,8.7788,-2.1197,24.448,-19.132,0,0.33,0.27059,0.06834
1778.7,-2076.3,29.221,-2.8867,-2.9222,0.027839,0.00022435,120.69,7.7882,-1.6292,2.708,-9.6582,0,0.33,0.30253,0.0684
1632.4,-1901.9,29.291,-2.7275,-2.9605,0.018676,0.00019148,95.411,6.2689,-1.974,2.3228,-8.2738,0,0.33,0.30253,0.072394
1434.5,-1685.8,29.361,-2.807,-2.636,0.016494,0.00018125,89.252,6.7409,-1.3742,1.0227,-7.4973,0,0.33,0.31048,0.068372
1304.3,-1537.8,29.417,-2.6663,-2.6834,0.012114,0.00016837,71.401,5.3702,-1.4006,0.5762,-7.0948,0,0.33,0.31047,0.072389
1203,-1407.5,29.481,-2.7079,-2.3807,0.010624,0.00016759,63.441,5.561,-0.4488,1.2087,-4.5555,0,0.33,0.31848,0.068253
1090.8,-1286.8,29.53,-2.5838,-2.4336,0.0088432,0.00017232,51.893,4.3246,0.15436,0.32434,-5.0095,0,0.33,0.31846,0.072323
1907.8,-2256.7,29.441,-1.3957,-4.2978,0.0099793,0.00016429,60.84,-6.024,-5.6913,7.0087,-10.157,0,0.33,0.26266,0.096314
2179.3,-2553.3,29.335,-1.5471,-4.4053,0.012703,0.00016786,75.272,-4.3759,-5.8701,7.6944,-10.659,0,0.33,0.26265,0.09232
2496.2,-2901.3,29.22,-1.7116,-4.5099,0.018219,0.00018962,94.645,-2.6381,-5.8995,9.1703,-11.485,0,0.33,0.26265,0.08833
2200.1,-2536.7,29.294,-1.8882,-4.2056,0.014023,0.00017336,80.102,-1.1154,-2.7018,7.4003,-9.1569,0,0.33,0.27059,0.088337
1938.5,-2250,29.398,-1.7272,-4.1289,0.010528,0.00016283,64.605,-2.8383,-2.8678,6.3759,-8.2727,0,0.33,0.27059,0.092333
1724.2,-2016,29.497,-1.5764,-4.0466,0.0088242,0.0001676,52.878,-4.4867,-3.2287,6.1339,-7.5558,0,0.33,0.2706,0.096362
829.32,-1021.8,29.641,-2.1617,-2.7679,0.0070524,0.00021465,33.41,0.055368,0.39095,1.5331,-5.9654,0,0.33,0.31051,0.08838
1061.1,-1267.8,29.558,-2.1609,-3.0049,0.0076502,0.00018367,42.115,0.44302,0.55178,1.8179,-5.7273,0,0.33,0.30255,0.088356
736.96,-923.84,29.696,-2.0527,-2.7679,0.0067365,0.00022972,28.359,-1.203,0.35414,1.4788,-5.9092,0,0.33,0.31052,0.092388
962.44,-1163.6,29.619,-2.0387,-2.9933,0.0071826,0.00020409,35.627,-0.92224,0.59564,1.6047,-5.5544,0,0.33,0.30255,0.092351
575.81,-736.48,29.828,-1.947,-2.5675,0.0061814,0.00016531,18.388,-2.7758,2.7159,1.3722,-5.6308,0,0.33,0.31853,0.096526
642.79,-806.73,29.778,-2.0402,-2.5635,0.0063545,0.00020306,21.723,-1.6467,2.919,1.3451,-5.507,0,0.33,0.31851,0.092456
664.17,-846.79,29.75,-1.9485,-2.7599,0.0064883,0.0002248,24.073,-2.4239,-0.10881,1.6212,-5.8687,0,0.33,0.31053,0.096396
719.69,-888.9,29.728,-2.1374,-2.552,0.0065695,0.00022568,25.578,-0.49161,2.6901,1.3583,-5.3775,0,0.33,0.31852,0.0884
888.33,-1084.6,29.678,-1.9216,-2.9735,0.0068361,0.00022802,30.185,-2.2379,0.32061,1.6869,-5.4837,0,0.33,0.30255,0.096351
787.77,-907.58,29.689,-2.392,-1.9789,0.0066532,0.00022757,26.561,1.9598,3.5901,2.4603,0.18889,0,0.33,0.33452,0.07232
856.97,-971.98,29.64,-2.487,-1.9298,0.0069403,0.00022771,30.773,2.9417,2.7964,3.7064,0.97406,0,0.33,0.33449,0.068224
936.36,-1091.6,29.622,-2.489,-2.1987,0.0073902,0.00020235,37.327,3.1763,2.0535,1.1774,-2.2319,0,0.33,0.32651,0.072241
1024.4,-1179.1,29.573,-2.5983,-2.1461,0.0080453,0.00018516,44.299,4.2861,1.1252,2.4255,-1.3636,0,0.33,0.3265,0.068146
259.52,-364.05,29.981,-1.9515,-1.1555,0.0056185,4.6485e-05,4.7995,-3.9948,2.3296,3.0202,-4.021,0,0.33,0.37453,0.072179
269.2,-376.09,29.949,-2.0004,-1.1159,0.0056346,4.7005e-05,5.2713,-3.4563,3.0355,3.5801,-3.9683,0,0.33,0.37451,0.068089
300.81,-409.94,29.903,-2.0363,-1.2707,0.0056745,5.081e-05,6.5118,-2.9112,3.1563,3.1695,-3.3973,0,0.33,0.36655,0.072292
317.57,-432.15,29.867,-2.0905,-1.2323,0.0057011,5.4377e-05,7.244,-2.3036,3.3088,3.6778,-3.4683,0,0.33,0.36652,0.068206
263.14,-353.59,30.024,-1.9064,-1.0052,0.0055949,4.5644e-05,4.0706,-4.5558,4.881,3.6653,-2.9714,0,0.33,0.38247,0.068048
267.97,-361.42,30.055,-1.8606,-1.0458,0.0055848,4.5156e-05,3.7842,-5.0293,3.7565,2.9396,-3.0396,0,0.33,0.38248,0.072102
671.27,-814.23,29.807,-2.0929,-2.3284,0.0062261,0.00017911,19.501,-1.1647,5.8646,1.5425,-3.7227,0,0.33,0.32657,0.088444
620.52,-758.26,29.854,-2.0051,-2.3454,0.0060843,0.00013733,16.676,-2.2156,6.6313,1.6102,-3.9362,0,0.33,0.32653,0.092542
585.98,-702.25,29.868,-2.0454,-2.1032,0.0059916,0.00011598,14.733,-1.9271,7.2235,1.7877,-1.5903,0,0.33,0.33456,0.088432
556.71,-669.75,29.912,-1.9663,-2.1194,0.0059043,9.1583e-05,12.782,-2.8769,7.9345,1.8757,-1.7241,0,0.33,0.33454,0.092514
573.57,-707.14,29.901,-1.9207,-2.3567,0.0059693,0.00010515,14.197,-3.2479,7.1263,1.6565,-4.1448,0,0.33,0.32652,0.096644
530.7,-638.94,29.957,-1.8891,-2.1307,0.0058336,7.3184e-05,11.079,-3.8094,8.6515,2.0094,-1.8153,0,0.33,0.3345,0.096639
167.45,-244.28,30.116,-1.7903,-1.2917,0.0055681,5.4228e-05,3.1617,-6.1707,2.9962,3.5926,-4.0254,0,0.33,0.37448,0.088522
193.25,-281.78,30.047,-1.85,-1.388,0.0056002,5.1647e-05,4.2008,-5.3522,3.9013,3.2696,-3.5664,0,0.33,0.36652,0.088588
147.41,-224.61,30.148,-1.7544,-1.3172,0.00556,5.6763e-05,2.9081,-6.7166,0.9703,2.6284,-4.0004,0,0.33,0.37449,0.092499
181.82,-271.86,30.081,-1.8059,-1.4054,0.0055891,5.2607e-05,3.8642,-5.9581,2.142,2.7226,-3.6542,0,0.33,0.36652,0.092574
164.12,-228.86,30.233,-1.6475,-1.2635,0.0055368,5.5882e-05,2.2601,-7.9411,3.4345,0.73298,-2.7354,0,0.33,0.38246,0.096571
187.06,-247.61,30.208,-1.6817,-1.2333,0.0055422,5.3458e-05,2.4169,-7.45,5.4974,2.1873,-2.706,0,0.33,0.38249,0.092316
131.42,-208.23,30.176,-1.7117,-1.3383,0.0055533,5.8909e-05,2.7106,-7.2646,-1.8313,1.5665,-3.757,0,0.33,0.37448,0.096587
208.78,-267.39,30.178,-1.7116,-1.199,0.0055488,5.1147e-05,2.6185,-6.96,6.565,3.3739,-2.7021,0,0.33,0.3825,0.088312
180.32,-270.64,30.113,-1.7553,-1.4186,0.00558,5.2883e-05,3.5963,-6.5615,-0.11526,2.2654,-3.5005,0,0.33,0.36652,0.096577
2352.1,13266,-1.0982,0.27612,10.661,19.343,0.015286,1230.4,-117.67,-438.56,-43.315,91.589,0,0.33,0.015701,0.10378
2554.9,13641,-1.0142,0.10385,10.903,19.36,0.015457,1212.7,-119.21,-437.16,-46.386,91.487,0,0.33,0.015701,0.09979
-50048,-13390,-0.075997,0.093788,13.878,14.973,0.0067109,2681.1,-114.94,657.39,-35.393,1977.4,0,0.33,0.0078467,0.10373
-41500,-12772,-0.011167,0.0035688,14.113,15.055,0.0068307,2678.4,-116.27,673.24,-36.554,1972.2,0,0.33,0.0078467,0.099742
-69215,-35159,0.71745,-0.12113,16.022,12.168,0.00088994,3960.7,-115.37,1811.8,-28.64,3813.4,0,0.33,0,0.0957
-85594,-35334,0.66366,-0.069566,15.831,12.071,0.00088313,3944.9,-114.83,1786.8,-28.272,3823.4,0,0.33,0,0.099691
-33103,-12553,0.065692,-0.084881,14.31,15.126,0.0069209,2678.5,-116.99,686.54,-37.829,1965.8,0,0.33,0.0078467,0.095751
2974.6,13857,-0.91243,-0.064632,11.108,19.353,0.015568,1199.4,-120.17,-435.68,-49.314,90.589,0,0.33,0.015701,0.095799
-1.0255e+05,-36182,0.61865,-0.017688,15.601,11.974,0.00087704,3929.1,-113.63,1756.8,-28.291,3831.6,0,0.33,0,0.10368
-18389,33315,-0.99825,0.79509,-2.3443,22.299,0.026913,830.2,-130.01,-388.08,1.3818,-167.02,0,0.33,0.05517,0.095923
-6598,29074,0.59229,1.643,-4.4917,23.513,0.024575,958.63,-125.68,-328,45.612,-261.56,0,0.33,0.063064,0.10001
-9405.6,32833,-0.89364,1.2995,-2.6133,22.431,0.026299,854.88,-128.76,-385.87,14.38,-178.05,0,0.33,0.055166,0.10002
-4579.2,32099,-0.73977,1.7943,-2.8818,22.526,0.025543,884.18,-126.96,-381.48,27.019,-190.1,0,0.33,0.055165,0.10407
-12228,32716,-1.6747,1.4046,-0.61072,22.401,0.027383,816.97,-128.09,-417.73,1.1121,-111.57,0,0.33,0.04726,0.104
-23070,33266,-1.7441,0.94456,-0.33962,22.3,0.028068,794.31,-129.87,-418.25,-8.9937,-102.64,0,0.33,0.047263,0.099983
-6797.1,28322,0.86006,2.1462,-4.7312,23.7,0.023857,995.42,-123.95,-319.3,62.568,-277.08,0,0.33,0.063064,0.10408
-32000,33534,-1.7711,0.47947,-0.078386,22.144,0.028555,775.75,-131.09,-417.12,-20.102,-94.22,0,0.33,0.047266,0.095913
4892,7870.3,-1.2329,1.2021,8.8847,18.616,0.013429,1402.5,-101.47,-440.72,-26.912,81.932,0,0.33,0.015711,0.12387
3955.3,9337.2,-1.2459,1.0092,9.3132,18.881,0.013919,1355.7,-105.81,-441.03,-30.137,85.014,0,0.33,0.015715,0.11983
-94633,-20845,-0.20635,0.58416,12.104,14.252,0.0056499,2742.7,-99.484,544.34,-29.199,1990.2,0,0.33,0.00783,0.12379
-85300,-18732,-0.20786,0.48092,12.541,14.456,0.0059211,2722.2,-103.73,570.31,-30.378,1986.9,0,0.33,0.0078466,0.11975
-1.9591e+05,-45658,0.52258,0.25937,13.822,11.447,0.00085006,3852,-98.71,1534.5,-29.035,3858.5,0,0.33,0,0.12375
-1.0405e+05,-23477,-0.19038,0.6902,11.624,14.01,0.0053623,2766.1,-94.736,516.01,-27.973,1993,0,0.33,0.007807,0.12782
-2.1645e+05,-48975,0.53315,0.31865,13.331,11.316,0.00084268,3840.3,-94.028,1476.8,-29.095,3866.5,0,0.33,0,0.12779
6023.6,6232.2,-1.2001,1.4001,8.4216,18.269,0.012893,1455,-96.673,-439.86,-23.678,78.294,0,0.33,0.015698,0.12789
-1.7582e+05,-43049,0.52319,0.20161,14.267,11.567,0.00085682,3864.4,-102.87,1586.6,-28.872,3850.1,0,0.33,0,0.1197
-3611.1,26767,0.40938,3.6535,-3.9142,22.499,0.021274,1061.1,-114.73,-339.16,91.052,-258.15,0,0.33,0.055165,0.12013
-1618.2,28014,-0.9933,3.2,-1.8147,21.941,0.022974,957.53,-115.56,-396.73,43.389,-159.93,0,0.33,0.047278,0.12019
-2802.6,24881,0.87323,4.0771,-4.1389,22.471,0.020027,1125.4,-110.6,-320.31,115.17,-283.02,0,0.33,0.055163,0.12415
-1366.4,26362,-0.70946,3.6234,-2.1269,21.589,0.021483,1008,-111.28,-385.44,57.829,-178.01,0,0.33,0.047277,0.1242
121.48,18193,4.1586,4.6988,-5.6051,25.654,0.01877,1366.7,-104.51,-201.15,222.87,-413.98,0,0.33,0.063052,0.12813
-2798.9,20459,3.34,4.3488,-5.5572,25.122,0.019588,1283.2,-108.65,-229.54,184.85,-385.2,0,0.33,0.063055,0.12412
-1343.6,22782,1.4381,4.477,-4.3343,22.51,0.018793,1200.8,-106.13,-297.18,145.06,-311.9,0,0.33,0.055161,0.12819
-4826.3,22534,2.6522,3.9623,-5.4597,24.706,0.020453,1209.2,-112.49,-254.37,152.55,-358.7,0,0.33,0.063056,0.12012
-930.51,24674,-0.36407,4.0343,-2.4341,21.177,0.019913,1067.2,-106.62,-371.17,75.999,-200.12,0,0.33,0.047274,0.12821
-8660.5,22604,2.7456,1.9216,-5.8113,25.802,0.023867,1081.5,-120.94,-248.41,84.102,-337.97,0,0.33,0.070968,0.09999
-9038.8,15667,5.4663,2.1054,-6.517,28.714,0.024051,1193.6,-115.1,-163.92,126.2,-391.96,0,0.33,0.07889,0.10003
-10203,15345,6.0301,2.5421,-6.6353,29.163,0.023535,1238.9,-113.75,-149.92,150.01,-408.62,0,0.33,0.078896,0.1041
-9226,22004,3.154,2.4023,-5.9965,26.154,0.023264,1124.6,-119.4,-236.17,105.43,-355.76,0,0.33,0.070973,0.10405
-7786.2,8026,24.967,2.19,-4.7708,12.853,0.012307,1025.8,-79.742,-1.0193,187.44,-372.68,0,0.33,0.12656,0.10027
-10296,9016.8,21.884,2.1378,-5.0945,19.943,0.016639,1190.4,-85.726,5.1411,222.3,-430.07,0,0.33,0.11862,0.10027
-9847.7,8687.1,18.523,2.1258,-5.5372,26.239,0.020429,1282.2,-91.466,4.9716,232.73,-449.28,0,0.33,0.1107,0.10025
-12919,9019.8,19.449,2.3285,-5.4837,25.237,0.01959,1284.9,-90.908,13.933,249.31,-447.51,0,0.33,0.1107,0.10424
-11246,9018.7,22.762,2.2984,-5.0245,18.617,0.015766,1170.5,-85.24,12.672,232.89,-417.53,0,0.33,0.11861,0.10426
-8529,7662.2,25.704,2.31,-4.691,11.613,0.011553,984.3,-79.329,5.605,191.19,-350.47,0,0.33,0.12655,0.10428
-4722.4,17029,5.6747,4.0635,-6.3447,28.112,0.020733,1355.4,-109.03,-159.47,214.92,-438.01,0,0.33,0.070951,0.12016
-1615.6,15245,6.5816,4.3891,-6.3099,28.737,0.020123,1427.4,-105.58,-133.79,250.72,-460.32,0,0.33,0.07095,0.12416
-3642.7,12267,9.2464,3.9706,-6.614,31.098,0.02137,1455.2,-104.7,-75.652,267.2,-477.83,0,0.33,0.078875,0.12024
-814.66,11090,10.33,4.2267,-6.4721,31.455,0.02078,1513.9,-101.67,-53.619,301.65,-492.95,0,0.33,0.078872,0.12424
2053.9,13334,7.6275,4.6694,-6.2155,29.382,0.019529,1503.9,-101.87,-106.16,290.42,-482.33,0,0.33,0.070948,0.12815
-2871.4,9829.4,11.543,4.4357,-6.2712,31.644,0.020143,1571.4,-98.408,-31.204,337.75,-505.7,0,0.33,0.078868,0.12824
-9239.2,7003.8,26.442,2.7088,-4.4681,11.578,0.011312,1000.4,-80.819,31.094,236.75,-328.18,0,0.33,0.11862,0.12024
-11493,8425.5,23.646,2.8867,-4.9003,18.556,0.015069,1219.2,-85.938,39.988,290.73,-405.6,0,0.33,0.11069,0.1203
-8542.2,6029.6,27.324,2.7566,-4.2744,9.5907,0.010034,928.96,-79.185,32.29,225.91,-295.76,0,0.33,0.11862,0.12426
-11249,7723.5,24.761,2.9626,-4.6735,16.237,0.013656,1173.1,-84.067,43.071,290.36,-382.68,0,0.33,0.11068,0.1244
-4461.8,2668.1,29.662,2.5991,-3.8522,3.5522,0.0058763,573.49,-72.507,19.457,132.51,-162.79,0,0.33,0.12661,0.12831
-5495.7,3662.9,29.133,2.5927,-4.0197,4.7302,0.0068546,659.54,-74.042,20.811,151.14,-197.61,0,0.33,0.1266,0.12429
-7654.2,4937.9,28.151,2.7852,-4.0679,7.6454,0.00874,844.59,-77.385,31.792,209.47,-259.77,0,0.33,0.11862,0.1283
-6458.4,4669.8,28.534,2.5746,-4.1807,6.0395,0.0078507,740.09,-75.474,20.596,166.66,-232.28,0,0.33,0.12656,0.12028
-10801,6794.9,25.857,3.0136,-4.4248,13.766,0.012169,1110.8,-81.997,44.253,283.4,-353.28,0,0.33,0.11067,0.12855
-5095.8,5675.5,27.422,2.2393,-4.5879,6.8954,0.0083129,802.16,-73.615,-6.8935,136.34,-278.96,0,0.33,0.13456,0.10029
-2294.2,2989.4,29.027,2.2326,-4.5191,3.1256,0.0051964,573.26,-67.608,-9.7509,87.955,-175.92,0,0.33,0.14259,0.10022
-2072.3,2540.6,29.374,2.2788,-4.4266,2.6705,0.0048778,519.84,-67.413,-3.9287,83.656,-155.52,0,0.33,0.14259,0.10421
-5113,5144.9,27.958,2.3193,-4.5014,6.0452,0.0077799,748.94,-73.306,-0.78247,134.92,-253.95,0,0.33,0.13455,0.10429
855.48,-1590.2,29.871,1.4322,-4.8875,0.15207,0.00054522,233.02,-40.274,-6.4276,59.434,-6.4875,0,0.33,0.19059,0.10034
579.15,-1208.9,29.962,1.6061,-4.7807,0.19069,0.00061479,261.99,-44.342,-10.127,67.982,-2.969,0,0.33,0.18257,0.10022
585.63,-1037.1,30.075,1.7538,-4.6924,0.18057,0.00062281,257.4,-48.277,-12.901,62.049,-2.7365,0,0.33,0.1746,0.10016
781.49,-1028.4,30.243,1.7471,-4.585,0.053373,0.00034518,150.21,-48.296,-6.0625,27.989,-4.9947,0,0.33,0.1746,0.10417
902.14,-1199.4,30.14,1.5854,-4.668,0.036075,0.0002482,137.82,-44.403,-3.9435,28.598,-3.0156,0,0.33,0.18259,0.10427
1178,-1516.5,30.033,1.396,-4.7531,0.028123,0.00021529,123.91,-40.324,-2.0876,25.337,-4.0102,0,0.33,0.1906,0.10435
-3594.5,2263.5,29.825,2.4455,-4.0277,2.673,0.0051283,492.68,-70.119,13.155,100.47,-140.82,0,0.33,0.13455,0.12032
-2739.6,1528.8,30.176,2.4395,-3.8889,1.9867,0.0044202,421.89,-68.94,13.095,87.148,-113.22,0,0.33,0.13456,0.12435
-1353.2,533.87,30.462,2.3001,-3.968,1.0206,0.0031429,302.53,-65.013,8.3557,53.449,-72.604,0,0.33,0.1425,0.12037
-786.14,143.09,30.642,2.2805,-3.8419,0.72571,0.0026729,251.52,-64.086,7.4544,45.129,-55.293,0,0.33,0.1425,0.12438
-1955.5,881.25,30.466,2.4279,-3.7481,1.4128,0.0037358,352.38,-67.672,11.431,72.996,-87.799,0,0.33,0.13456,0.12837
-339.02,-148.83,30.786,2.2618,-3.717,0.49383,0.0022209,204.84,-63.075,5.3164,37.339,-40.705,0,0.33,0.1425,0.12838
924.51,-1037.1,30.426,1.4621,-4.163,0.01108,0.00020005,55.299,-43.862,-2.0563,11.8,-2.0932,0,0.33,0.18258,0.12013
892.81,-971.17,30.526,1.6478,-4.1057,0.017013,0.00025548,65.359,-47.701,-2.2677,11.842,-3.3878,0,0.33,0.17462,0.12016
874.61,-980.02,30.487,1.4469,-4.0401,0.0097654,0.00020748,47.08,-43.71,-3.0704,12.371,-1.9523,0,0.33,0.18258,0.12412
841.23,-910.78,30.583,1.6306,-3.9876,0.013699,0.00024414,55.357,-47.438,-3.3327,12.462,-3.1204,0,0.33,0.17462,0.12416
910.78,-1032.6,30.464,1.2575,-3.9511,0.0079862,0.00022082,36.292,-40.25,-2.0445,12.138,-2.5883,0,0.33,0.19066,0.1284
951.23,-1079.8,30.399,1.2655,-4.0782,0.008557,0.00020575,41.737,-40.308,-1.8989,12.277,-2.7873,0,0.33,0.19066,0.12441
837.12,-936.61,30.55,1.4382,-3.9189,0.0088197,0.00021689,40.735,-43.534,-3.5464,12.591,-1.8279,0,0.33,0.18258,0.12811
1011.5,-1146.9,30.332,1.2791,-4.2074,0.0093522,0.00019194,48.897,-40.345,-1.2378,11.888,-2.9171,0,0.33,0.19066,0.12042
796.68,-862.2,30.641,1.6202,-3.8713,0.011323,0.0002369,47.422,-47.151,-3.9608,12.924,-2.9809,0,0.33,0.17462,0.12817
1362,-2075.4,29.797,1.1929,-5.0012,0.092164,0.0004193,187.18,-36.043,-2.2134,43.654,-8.6223,0,0.33,0.1986,0.10042
1957.8,-2556.6,29.725,0.90546,-5.0892,0.048727,0.00029935,146.95,-31.749,-0.39042,29.589,-8.6613,0,0.33,0.2067,0.10044
1796,-2188.5,29.848,0.87752,-4.9075,0.018208,0.00018221,98.611,-32.039,0.38107,17.102,-6.1704,0,0.33,0.20671,0.10446
1477,-1864.3,29.936,1.1494,-4.841,0.022186,0.00019493,110.18,-36.154,-0.12901,20.72,-5.2972,0,0.33,0.19861,0.10443
1870.4,-2197.7,29.495,-1.0392,-4.4039,0.0094981,0.00016667,57.162,-9.603,-4.7288,7.2784,-9.264,0,0.33,0.25472,0.1003
2161.4,-2478.7,29.491,-0.78513,-4.6116,0.010822,0.00016631,65.067,-12.173,-2.3649,8.7111,-7.1675,0,0.33,0.24672,0.10031
2400.3,-2742,29.519,-0.48584,-4.8098,0.012801,0.0001711,74.55,-15.289,-0.18267,10.933,-7.4831,0,0.33,0.23854,0.10046
2074.4,-2374.4,29.627,-0.39882,-4.6435,0.010144,0.00017087,59.484,-16.499,0.1093,10.12,-6.5075,0,0.33,0.23856,0.10448
1877.4,-2159.9,29.593,-0.67926,-4.4657,0.0090717,0.00017195,52.952,-13.519,-1.9305,8.3724,-6.4102,0,0.33,0.24673,0.10432
1626.1,-1929.9,29.593,-0.92023,-4.2773,0.0083163,0.00017751,47.116,-11.043,-3.913,7.2578,-8.954,0,0.33,0.25472,0.10433
1086.5,-1275.5,30.252,1.0548,-4.2417,0.0087145,0.00019623,44.59,-36.669,-1.1512,11.974,-4.5712,0,0.33,0.19862,0.12043
1013.9,-1187.5,30.323,1.0475,-4.104,0.0080588,0.00021232,38.099,-36.766,-1.6785,12.014,-4.5032,0,0.33,0.19861,0.12443
1111.3,-1353.9,30.185,0.82944,-4.269,0.0083158,0.00020252,41.24,-33.166,-1.3355,12.005,-5.4277,0,0.33,0.20659,0.1204
1020.3,-1245.2,30.262,0.82989,-4.1264,0.007732,0.00022019,35.26,-33.425,-1.8915,11.614,-5.1706,0,0.33,0.20657,0.12442
961.88,-1123.9,30.391,1.0441,-3.9696,0.0075971,0.00022984,33.171,-36.839,-1.6192,11.419,-4.2571,0,0.33,0.19861,0.12842
955.83,-1166.4,30.334,0.83166,-3.9871,0.0073225,0.00023295,30.651,-33.647,-1.9598,10.576,-4.7432,0,0.33,0.20657,0.12844
1146.9,-1346.6,29.964,-0.35439,-3.9337,0.0067651,0.00020837,26.847,-18.084,0.29939,8.6874,-4.3271,0,0.33,0.24658,0.12068
1242.6,-1445.1,30.009,-0.13456,-4.0545,0.0069633,0.00021712,28.993,-20.557,1.652,9.61,-4.2568,0,0.33,0.23863,0.12068
1032,-1220.2,30.044,-0.29692,-3.8129,0.0065351,0.00016775,23.18,-19.01,0.57453,8.1104,-3.8898,0,0.33,0.24657,0.12468
1115.7,-1304.7,30.091,-0.087027,-3.9239,0.0066886,0.00018485,24.997,-21.387,2.0024,8.8452,-3.8637,0,0.33,0.23863,0.12467
778.12,-987.2,30.1,-0.43436,-3.5894,0.0062323,0.00012001,18.191,-17.838,0.068688,6.1356,-7.1273,0,0.33,0.25457,0.12868
862.81,-1086.4,30.029,-0.49239,-3.6965,0.0063884,0.00015014,21.08,-16.917,0.055685,7.216,-7.677,0,0.33,0.25457,0.12469
933.41,-1110,30.118,-0.24522,-3.6951,0.0063525,0.00013414,20.04,-19.865,0.55784,7.0025,-3.4802,0,0.33,0.24657,0.12867
966.97,-1203.6,29.951,-0.5568,-3.8055,0.0065821,0.00018843,24.436,-15.922,-0.33649,7.8172,-8.1079,0,0.33,0.25457,0.12069
1004.5,-1180.9,30.165,-0.044577,-3.7975,0.0064759,0.00014787,21.615,-22.153,2.1178,7.4936,-3.5295,0,0.33,0.23863,0.12866
1671.1,-1999.7,29.541,-1.2562,-4.1887,0.008549,0.00017234,49.872,-7.5897,-5.3135,6.8746,-9.9193,0,0.33,0.26266,0.10034
1361.4,-1617.2,29.685,-1.3043,-3.8704,0.0072984,0.00020146,36.495,-7.5279,-3.4673,6.6752,-6.6925,0,0.33,0.27063,0.1046
1535.4,-1809.1,29.592,-1.4351,-3.9596,0.0078817,0.00018151,43.71,-6.0538,-3.4769,6.3234,-7.0481,0,0.33,0.27061,0.10047
1462.7,-1772.8,29.638,-1.128,-4.079,0.0077258,0.00018798,41.389,-9.0716,-4.7284,7.0647,-9.8658,0,0.33,0.26268,0.10445
829.94,-1021.1,29.737,-1.809,-2.9463,0.0065633,0.00022859,25.606,-3.4994,0.0059497,2.1155,-5.4787,0,0.33,0.30255,0.10034
780.83,-965.51,29.796,-1.7001,-2.9124,0.0063464,0.00018983,21.743,-4.7263,-0.051226,2.8091,-5.5178,0,0.33,0.30255,0.10435
606.65,-785.02,29.804,-1.8482,-2.7445,0.0062891,0.00019055,20.425,-3.6019,-0.78735,2.0361,-5.7905,0,0.33,0.31053,0.1004
562.05,-734,29.858,-1.7506,-2.7219,0.0061301,0.00014401,17.321,-4.7482,-1.5348,2.6589,-5.6579,0,0.33,0.31052,0.10442
516.38,-673.11,29.877,-1.8579,-2.5649,0.0060423,0.00012564,15.512,-3.8671,2.2733,1.5354,-5.7095,0,0.33,0.31855,0.10059
466.8,-617.67,29.925,-1.7724,-2.556,0.0059322,9.6255e-05,13.07,-4.921,1.5349,1.8984,-5.689,0,0.33,0.31857,0.10465
842.28,-1090.9,29.988,-0.73764,-3.6639,0.0063943,0.00015893,21.666,-14.078,-0.86932,7.1197,-9.623,0,0.33,0.26267,0.12068
740.72,-972.62,30.063,-0.66703,-3.5663,0.0062328,0.00012669,18.606,-15.119,-0.35668,6.1889,-9.1721,0,0.33,0.26267,0.12467
803.77,-1006,30.022,-0.89825,-3.5182,0.0062418,0.00013394,19.163,-12.572,-1.2361,6.3197,-5.8431,0,0.33,0.27064,0.12069
702.51,-890.12,30.092,-0.82152,-3.4323,0.0061056,0.00010667,16.374,-13.643,-0.99426,5.1281,-5.4977,0,0.33,0.27064,0.12469
656.41,-870.23,30.129,-0.60339,-3.4702,0.0061015,0.00010139,15.959,-16.09,-0.19327,4.8242,-8.5473,0,0.33,0.26267,0.12866
615.96,-787.48,30.154,-0.7515,-3.3471,0.0059945,8.5519e-05,13.955,-14.643,-1.0039,3.5248,-5.0984,0,0.33,0.27064,0.1287
421.87,-570.29,30.094,-1.3766,-2.5707,0.0057718,5.5757e-05,9.0953,-9.0564,-3.7641,5.0116,-4.1631,0,0.33,0.31039,0.12129
603.5,-762.21,30.056,-1.2976,-2.7253,0.0058451,6.3721e-05,11.149,-9.3379,2.1453,5.4565,-4.8112,0,0.33,0.30241,0.12134
384.47,-523.73,30.151,-1.2967,-2.5254,0.0057263,4.9033e-05,7.8198,-9.9869,-3.47,5.1692,-3.7433,0,0.33,0.31039,0.12532
554.68,-705.96,30.118,-1.2172,-2.6742,0.0057828,5.2293e-05,9.5113,-10.313,3.1613,5.5689,-4.6584,0,0.33,0.3024,0.12535
264.2,-378,30.227,-1.2891,-2.3922,0.0056326,4.5605e-05,5.0706,-10.619,-4.0334,3.4516,-3.4707,0,0.33,0.31851,0.12927
304.5,-429.72,30.18,-1.3612,-2.4283,0.0056581,4.4824e-05,5.8742,-9.7879,-4.0574,3.6457,-3.9985,0,0.33,0.31852,0.12517
345.83,-474.31,30.206,-1.2236,-2.4785,0.005689,4.562e-05,6.7163,-10.866,-2.8394,5.0485,-3.3095,0,0.33,0.31038,0.12933
339.74,-474.29,30.13,-1.4392,-2.4626,0.0056888,4.6437e-05,6.8073,-8.9093,-3.5279,3.6221,-4.4444,0,0.33,0.31854,0.12104
504.89,-648.06,30.178,-1.1443,-2.6222,0.0057329,4.4997e-05,8.1117,-11.234,4.2868,5.3219,-4.5762,0,0.33,0.3024,0.12934
470.5,-564.18,30.044,-1.7478,-2.1407,0.0057288,5.0791e-05,8.2837,-5.5803,10.374,2.4256,-1.8902,0,0.33,0.33452,0.10461
500.93,-602.65,30.001,-1.8159,-2.1376,0.0057759,5.9906e-05,9.5838,-4.7109,9.521,2.1897,-1.8751,0,0.33,0.3345,0.10067
482.56,-608.31,29.993,-1.7652,-2.3633,0.005803,6.4291e-05,10.201,-5.2046,7.5806,1.9582,-4.5934,0,0.33,0.32654,0.10472
526.38,-656.14,29.948,-1.8406,-2.3625,0.0058766,8.1269e-05,12.041,-4.2451,7.4858,1.747,-4.3754,0,0.33,0.32653,0.1007
110.09,-174.23,30.221,-1.607,-1.3656,0.0055415,6.3647e-05,2.3442,-8.3333,-5.3737,1.3022,-2.6256,0,0.33,0.37448,0.1046
120.68,-193.02,30.199,-1.6612,-1.3541,0.0055473,6.0813e-05,2.5305,-7.8045,-4.2492,0.99477,-3.2757,0,0.33,0.37448,0.10061
175.34,-256.7,30.172,-1.6391,-1.4348,0.0055641,5.4238e-05,3.0945,-7.7421,-1.8953,2.5056,-2.8678,0,0.33,0.3665,0.10454
180.61,-267.69,30.142,-1.6982,-1.4279,0.005572,5.3169e-05,3.3491,-7.1566,-1.6631,2.1578,-3.1704,0,0.33,0.36652,0.10056
153.24,-220.2,30.251,-1.6057,-1.2874,0.0055319,5.7464e-05,2.1195,-8.4224,1.0824,-0.32998,-2.749,0,0.33,0.38244,0.10066
141.57,-205.63,30.266,-1.5591,-1.307,0.0055271,5.979e-05,1.9707,-8.8927,-0.15884,-0.50139,-2.6166,0,0.33,0.38245,0.10461
385.78,-511.55,30.182,-1.4688,-2.3179,0.0056355,3.9534e-05,5.4363,-8.8725,3.3447,2.7577,-4.7158,0,0.33,0.3265,0.12121
355.79,-475.54,30.227,-1.3944,-2.2959,0.0056136,4.0017e-05,4.7339,-9.6946,2.5266,2.4676,-4.7,0,0.33,0.32649,0.12528
423.68,-520.1,30.23,-1.4796,-2.1189,0.0056135,3.8042e-05,4.8302,-8.9767,7.6319,3.3556,-1.5928,0,0.33,0.33444,0.12126
409.36,-505.95,30.274,-1.4085,-2.1041,0.0055972,3.82e-05,4.3096,-9.7347,6.5708,2.9752,-1.8334,0,0.33,0.33442,0.12532
312.96,-424.03,30.267,-1.3241,-2.2723,0.0055951,4.2008e-05,4.1132,-10.476,2.4415,1.999,-4.6125,0,0.33,0.32649,0.12931
376.05,-470.13,30.314,-1.3391,-2.0878,0.0055826,3.9407e-05,3.8164,-10.457,6.3808,2.3343,-2.1778,0,0.33,0.33442,0.12932
75.056,-106.73,30.344,-1.4276,-1.381,0.0055215,8.2643e-05,1.7163,-10.38,-3.6441,4.3037,-0.29673,0,0.33,0.37436,0.12081
137.84,-212.96,30.315,-1.4365,-1.4476,0.0055365,5.9438e-05,2.2249,-10.039,1.4327,4.4602,-3.9863,0,0.33,0.36623,0.12122
79.069,-109.48,30.379,-1.3866,-1.3758,0.0055189,7.9602e-05,1.6652,-10.866,-6.0175,4.5492,0.38096,0,0.33,0.37428,0.12497
153.94,-235.2,30.352,-1.3871,-1.4421,0.0055329,5.6666e-05,2.1469,-10.571,-0.29458,4.3483,-4.2043,0,0.33,0.36619,0.1253
82.776,-98.11,30.396,-1.336,-1.3561,0.0055054,7.8564e-05,1.3374,-11.575,-6.7291,2.8163,2.0583,0,0.33,0.38246,0.12833
75.83,-95.009,30.369,-1.3792,-1.3569,0.0055073,8.3643e-05,1.3662,-11.137,-2.3169,2.0635,0.99732,0,0.33,0.38247,0.12422
84.027,-112.77,30.414,-1.3347,-1.366,0.005517,7.4488e-05,1.6349,-11.343,-9.0286,4.4248,0.81908,0,0.33,0.37423,0.12907
75.003,-98.228,30.346,-1.4105,-1.353,0.00551,8.4408e-05,1.4265,-10.697,0.4864,1.4745,-0.11555,0,0.33,0.38248,0.12026
169.95,-254.8,30.388,-1.3293,-1.4323,0.0055299,5.4145e-05,2.0809,-11.087,-1.8926,3.7346,-4.4521,0,0.33,0.36617,0.12931
-78.477,22849,0.060258,4.4323,-2.7285,20.751,0.01831,1137.7,-101.6,-352.86,99.849,-227.2,0,0.33,0.04727,0.13222
1587.5,20598,0.58802,4.8113,-2.998,20.388,0.01674,1222.5,-96.309,-328.7,131.84,-260.01,0,0.33,0.047264,0.13622
1064.7,20404,2.1283,4.848,-4.489,22.675,0.017619,1289.3,-101.37,-269.15,182.32,-344.95,0,0.33,0.055158,0.13224
4721.8,17621,2.9724,5.1805,-4.5887,23.029,0.016552,1392.2,-96.398,-235.64,228.38,-381.74,0,0.33,0.055154,0.13626
3998.7,15724,5.131,5.0055,-5.5933,26.315,0.018019,1459.6,-100.13,-169.24,267.19,-444.37,0,0.33,0.063049,0.13215
8788.8,13028,6.2804,5.2603,-5.5112,27.093,0.017345,1560.8,-95.572,-134.15,317.82,-475.06,0,0.33,0.063045,0.13616
-6306.9,8510.4,12.892,4.5947,-6.0103,31.571,0.019433,1625.1,-94.949,-9.0026,374.72,-515.08,0,0.33,0.078866,0.13223
6110,11322,8.8281,4.8991,-6.0564,29.994,0.018941,1583.2,-97.955,-77.118,333.76,-503.03,0,0.33,0.070945,0.13215
-10504,7128,14.38,4.7015,-5.689,31.117,0.018619,1671.6,-91.319,12.255,411.07,-519.89,0,0.33,0.078867,0.13623
5612.1,9227.6,10.197,5.0727,-5.8275,30.482,0.018339,1662.3,-93.867,-47.434,379.81,-521.02,0,0.33,0.070942,0.13615
-10043,5697.5,26.904,3.0424,-4.1618,11.252,0.010645,1031.6,-79.793,43.506,269.28,-317.76,0,0.33,0.11067,0.13263
-8961.5,4516.3,27.874,3.0515,-3.8931,8.815,0.0091264,935.28,-77.498,40.931,248.24,-277.17,0,0.33,0.11068,0.13665
-6562.5,3792.3,28.898,2.7978,-3.8551,5.8348,0.0074663,748.72,-75.459,29.573,187.35,-220.75,0,0.33,0.11864,0.13234
-5331.1,2677.6,29.542,2.7961,-3.6444,4.2446,0.0062513,644.6,-73.418,25.895,161.5,-180.45,0,0.33,0.11868,0.13635
-3427.4,1759.2,30.109,2.5965,-3.6836,2.5467,0.0049417,485,-70.869,16.87,111.76,-129.3,0,0.33,0.12661,0.13232
-2462,984.31,30.471,2.5875,-3.5175,1.7325,0.0040658,397.53,-69.155,13.469,90.81,-98.529,0,0.33,0.12662,0.13635
298.28,-481.09,30.985,2.2344,-3.4763,0.2014,0.0014173,129.88,-60.89,0.83834,24.794,-20.368,0,0.33,0.1425,0.13637
19.941,-349.21,30.898,2.2466,-3.595,0.32201,0.0017994,164.03,-62.004,2.8114,30.547,-29.117,0,0.33,0.1425,0.13237
-627.95,-30.883,30.874,2.4011,-3.4728,0.62048,0.0024972,227.94,-64.934,5.9896,46.673,-47.24,0,0.33,0.13456,0.13636
-1234.3,359.77,30.697,2.4145,-3.6088,0.95993,0.0030924,286.99,-66.329,8.8083,59.151,-65.609,0,0.33,0.13456,0.13236
770.68,-833.56,30.7,1.6144,-3.756,0.0097335,0.00023509,41.27,-46.845,-3.5938,12.697,-2.9298,0,0.33,0.17462,0.13222
760.14,-822.76,30.751,1.6043,-3.6409,0.0086943,0.00023895,36.383,-46.41,-2.2843,11.373,-2.7637,0,0.33,0.1746,0.1362
817.43,-911.83,30.61,1.4329,-3.7984,0.0081573,0.00022846,35.801,-43.334,-3.035,11.936,-1.6695,0,0.33,0.18258,0.13211
811.34,-900.26,30.664,1.4267,-3.6778,0.0076813,0.00024212,31.827,-43.106,-1.6471,10.153,-1.3619,0,0.33,0.18258,0.13612
887.99,-1003.4,30.526,1.2518,-3.8247,0.0075688,0.000237,32.033,-40.167,-1.3937,11.021,-2.2653,0,0.33,0.19066,0.1324
871.95,-980.61,30.58,1.2448,-3.6982,0.0072467,0.00024084,28.552,-40.058,-0.095849,8.8229,-1.7986,0,0.33,0.19066,0.13639
860.06,-1041.4,30.451,0.83482,-3.7123,0.006774,0.00018576,23.8,-33.981,-1.8027,6.1915,-3.6097,0,0.33,0.20657,0.13659
905.86,-1104.3,30.398,0.8338,-3.8494,0.007017,0.00021983,26.94,-33.836,-1.8597,8.6806,-4.2155,0,0.33,0.20657,0.13249
892.73,-1039,30.508,1.0387,-3.7034,0.0069845,0.00021754,26.039,-36.909,-0.46671,7.4653,-3.2482,0,0.33,0.19861,0.13642
925.76,-1080,30.454,1.0418,-3.8366,0.0072551,0.0002373,29.275,-36.888,-1.0844,9.8656,-3.829,0,0.33,0.19861,0.13242
904.68,-1069.8,30.229,-0.0056372,-3.6747,0.0063058,0.00011888,18.703,-22.859,1.99,5.7119,-3.2836,0,0.33,0.23863,0.13265
814.33,-971.1,30.284,0.030895,-3.5549,0.006166,9.6002e-05,16.156,-23.514,1.6462,3.919,-3.1657,0,0.33,0.23863,0.13665
847.61,-1012,30.183,-0.19749,-3.5798,0.0062046,0.00010775,17.325,-20.656,0.35273,5.5301,-3.1389,0,0.33,0.24657,0.13267
772.19,-925.97,30.239,-0.15251,-3.4666,0.0060826,8.6807e-05,14.95,-21.394,-0.0016798,4.0684,-2.8869,0,0.33,0.24657,0.13668
708.79,-902.22,30.163,-0.38095,-3.4839,0.0061045,9.6223e-05,15.684,-18.693,-0.1933,4.7568,-6.5047,0,0.33,0.25457,0.13267
651.95,-829.88,30.218,-0.33072,-3.3796,0.005999,7.7487e-05,13.494,-19.49,-0.70381,3.4054,-5.8354,0,0.33,0.25457,0.13666
488.86,-628.95,30.247,-0.62592,-3.1791,0.0058287,5.7176e-05,10.04,-16.451,-1.8495,0.1287,-4.1421,0,0.33,0.27064,0.13677
544.57,-699.26,30.205,-0.6868,-3.2627,0.0059035,6.9316e-05,11.857,-15.576,-1.2714,1.743,-4.6476,0,0.33,0.27064,0.13273
534.31,-710.76,30.235,-0.49054,-3.2818,0.0059047,6.6176e-05,11.651,-17.839,-1.0244,1.71,-6.8551,0,0.33,0.26267,0.13665
587.77,-782.57,30.187,-0.54511,-3.3754,0.0059936,8.1561e-05,13.657,-16.994,-0.39163,3.2254,-7.7666,0,0.33,0.26267,0.13266
455.97,-591.18,30.234,-1.0785,-2.5692,0.0056924,4.0979e-05,6.9229,-12.103,5.4231,4.7628,-4.6036,0,0.33,0.30241,0.13333
412.14,-541.41,30.285,-1.0194,-2.515,0.0056596,3.9345e-05,5.9332,-12.923,6.3474,4.0045,-4.7273,0,0.33,0.30241,0.13732
308.48,-426.26,30.259,-1.1582,-2.4304,0.005658,4.474e-05,5.7738,-11.698,-2.0629,4.6741,-2.8966,0,0.33,0.31038,0.13333
276.04,-384.8,30.307,-1.1001,-2.3811,0.0056322,4.5454e-05,4.9881,-12.485,-1.4481,4.0972,-2.5057,0,0.33,0.31039,0.13732
223.98,-325.83,30.271,-1.2246,-2.355,0.0056111,4.81e-05,4.3828,-11.409,-3.7431,3.0639,-2.8617,0,0.33,0.3185,0.1333
188.81,-279.35,30.312,-1.1677,-2.3169,0.0055929,5.1596e-05,3.807,-12.159,-3.5784,2.5007,-2.1792,0,0.33,0.31851,0.13729
274.2,-353.34,30.38,-1.2168,-2.0552,0.0055567,4.4723e-05,2.912,-11.815,8.0094,0.77665,-2.9204,0,0.33,0.33443,0.1373
327.69,-415.13,30.349,-1.2745,-2.0713,0.0055691,4.1666e-05,3.3426,-11.15,7.0193,1.5803,-2.5403,0,0.33,0.33442,0.13331
215.55,-303.58,30.337,-1.2041,-2.2235,0.0055649,4.9266e-05,3.0864,-11.931,3.1975,0.70827,-4.1178,0,0.33,0.32649,0.1373
263.54,-363.41,30.304,-1.2604,-2.2481,0.0055789,4.5205e-05,3.5613,-11.221,2.8212,1.4087,-4.4134,0,0.33,0.32648,0.1333
72.644,-94.995,30.476,-1.211,-1.3397,0.0055124,7.7293e-05,1.5027,-12.248,-10.385,3.3518,0.89444,0,0.33,0.37417,0.13722
82.03,-107.74,30.447,-1.2732,-1.353,0.005515,7.3099e-05,1.585,-11.805,-10.685,3.8031,0.94102,0,0.33,0.37419,0.13317
156.96,-237.15,30.447,-1.2065,-1.4073,0.0055226,5.597e-05,1.8572,-12.07,-0.7142,2.6667,-4.8474,0,0.33,0.36617,0.13731
170.7,-254.77,30.419,-1.2666,-1.4199,0.0055266,5.3975e-05,1.9856,-11.588,-2.0058,2.9172,-4.7019,0,0.33,0.36617,0.13332
87.722,-98.117,30.424,-1.2772,-1.35,0.0055038,7.5091e-05,1.3042,-11.998,-10.323,2.9908,2.6947,0,0.33,0.38244,0.13256
80.111,-84.958,30.451,-1.2125,-1.3426,0.0055019,7.8769e-05,1.2432,-12.401,-11.282,2.757,2.9474,0,0.33,0.3824,0.13675
1922.1,-9492.4,8.5222,-18.503,-0.15454,10.88,0.0095573,1138.7,-74.642,-143.22,-40.898,28.737,0,0.33,0.05524,0
1145.9,-4561.3,8.3637,-17.967,0.28886,12.478,0.010572,1177,-75.295,-242.69,-65.71,-30.109,0,0.33,0.055237,0.0039876
-3992.9,5403.4,8.0157,-16.707,0.52552,15.694,0.01277,1228.1,-77.045,-377.78,-94.302,-35.048,0,0.33,0.055236,0.0079741
-992.48,340.26,7.5291,-15.906,0.83542,15.392,0.012479,1203.4,-66.693,-363.77,-94.484,-38.259,0,0.33,0.047339,0.0079741
2140.7,-12327,7.8648,-17.065,0.44457,12.662,0.010735,1161.7,-64.657,-228.65,-62.088,-32.941,0,0.33,0.04734,0.0039875
2642.6,-18359,8.01,-17.55,0.23334,11.33,0.010018,1131.2,-63.925,-132.99,-37.313,-31.241,0,0.33,0.047341,0
1782,-9774.6,3.5479,-4.6252,8.442,18.849,0.012981,1312.4,-24.612,-397.37,-88.56,-29.648,0,0.33,0.015705,0.027909
4686.4,-23642,3.9218,-5.2047,7.6571,18.691,0.01162,1345.9,-12.356,-385.71,-87.318,-37.777,0,0.33,0.015705,0.023922
-1.7149e+05,-95054,3.3757,-2.7693,10.521,15.827,0.0064718,2775.3,-2.5252,455.39,-57.296,1687.6,0,0.33,0.0078507,0.027909
-2.0216e+05,-1.1548e+05,3.6574,-3.1173,9.5358,15.749,0.0058961,2785.2,12.099,396.06,-56.841,1665.3,0,0.33,0.0078508,0.023922
-3.5131e+05,-1.6753e+05,3.347,-1.9315,11.574,13.105,0.0010919,4108.4,9.6953,1283.6,-40.283,3395,0,0.33,0,0.027909
-4.125e+05,-1.9308e+05,3.5773,-2.1733,10.481,13.054,0.001106,4100.3,25.546,1150.7,-39.949,3360.2,0,0.33,0,0.023922
-35843,32300,5.1906,-8.7296,0.90877,21.997,0.021677,1015.5,-98.929,-380.6,-184.88,-100.72,0,0.33,0.055233,0.031895
-33424,31530,5.8452,-9.8159,0.96393,21.806,0.020408,1069.3,-94.856,-397.77,-164.89,-95.758,0,0.33,0.055234,0.027908
-29949,29488,6.4117,-11.023,0.97231,21.556,0.019204,1123.3,-90.733,-413.42,-139.98,-86.126,0,0.33,0.055235,0.023921
-32018,32662,5.7655,-10.531,1.8304,20.71,0.018802,1102.2,-83.672,-423.01,-146.68,-76.342,0,0.33,0.047337,0.023922
-36256,35426,5.1828,-9.3856,1.9405,20.939,0.019941,1050.7,-88.795,-411.82,-164.91,-80.569,0,0.33,0.047337,0.027908
-39020,36564,4.54,-8.3544,1.9992,21.071,0.021104,999.07,-93.825,-399.01,-178.8,-80.693,0,0.33,0.047336,0.031895
-37252,32149,4.4791,-7.763,0.81358,22.166,0.022978,965.21,-102.86,-364.54,-196.07,-101.96,0,0.33,0.055233,0.035882
-37763,31438,3.7489,-6.9056,0.68652,22.288,0.024231,920.2,-106.61,-351.25,-197.87,-101.01,0,0.33,0.055232,0.039868
-40785,35606,3.1748,-6.6207,1.9927,21.215,0.023433,905.74,-103.23,-376.28,-186.49,-72.967,0,0.33,0.047335,0.039868
-40448,36474,3.8614,-7.4357,2.0138,21.16,0.022283,950.13,-98.655,-386.67,-186.05,-77.704,0,0.33,0.047335,0.035882
11400,15166,0.85339,-1.7045,11.422,18.92,0.015854,1165.7,-98.349,-426.88,-77.941,47.148,0,0.33,0.015701,0.059845
12209,15145,1.1416,-1.9458,11.27,18.885,0.015873,1172.4,-92.125,-425.3,-80.56,38.606,0,0.33,0.015702,0.055846
-15284,-25964,1.3742,-1.0119,14.416,15.504,0.0072837,2701.4,-90.052,693.49,-51.772,1853.8,0,0.33,0.0078475,0.059826
-26820,-29696,1.5865,-1.1565,14.205,15.547,0.0072869,2706.9,-82.748,679.39,-53.07,1834.4,0,0.33,0.0078487,0.055832
-42472,-62630,1.7231,-0.72041,15.987,12.829,0.00096939,4065.8,-85.258,1813.5,-36.83,3646,0,0.33,0,0.059804
-66477,-69656,1.8925,-0.81953,15.741,12.889,0.00098268,4074.1,-77.327,1782.4,-37.555,3616.5,0,0.33,0,0.055817
-34775,28450,0.25325,-3.2,-0.40512,21.873,0.028022,780.52,-124.31,-342.75,-120.18,-104.86,0,0.33,0.05517,0.063951
-34994,28158,0.6837,-3.7176,-0.19833,21.987,0.02783,789.97,-122,-337.01,-135.45,-101.11,0,0.33,0.055174,0.059942
-35441,28206,1.1814,-4.2606,-0.00091481,22.115,0.027502,804.06,-119.38,-333.32,-150.87,-98.61,0,0.33,0.055199,0.055903
-37229,30954,0.73279,-4.1165,1.6877,21.162,0.026911,786.38,-118.52,-362.27,-148.61,-57.546,0,0.33,0.047305,0.055894
-36307,30406,0.24077,-3.6085,1.5757,21.129,0.027432,770.2,-121.57,-364.99,-135.76,-56.678,0,0.33,0.04728,0.059936
-35555,30164,-0.1953,-3.1275,1.4505,21.115,0.027843,758.3,-124.24,-369.33,-122.61,-56.928,0,0.33,0.047256,0.063967
-34768,29032,-0.11492,-2.6975,-0.62049,21.785,0.028117,774.86,-126.33,-349.89,-105.09,-109.64,0,0.33,0.055167,0.067945
-34887,29802,-0.42237,-2.2025,-0.8435,21.735,0.028147,772.4,-128.03,-357.71,-89.901,-115.22,0,0.33,0.055163,0.071938
-34664,30504,-0.90154,-2.2163,1.1596,21.178,0.028434,744.77,-128.52,-381.11,-96.216,-60.44,0,0.33,0.047235,0.071973
-35007,30216,-0.57579,-2.6659,1.3117,21.128,0.02817,749.99,-126.56,-374.82,-109.4,-58.215,0,0.33,0.047241,0.067977
3596.1,14010,-0.79312,-0.23044,11.277,19.329,0.015638,1189.1,-120.51,-434.48,-52.35,88.911,0,0.33,0.015703,0.091806
4401.3,14158,-0.65529,-0.39567,11.412,19.294,0.015682,1180.3,-120.2,-433.65,-55.757,86.483,0,0.33,0.015706,0.087808
-24796,-12755,0.15549,-0.17277,14.471,15.188,0.0069937,2679.7,-117.04,696.95,-39.412,1957.7,0,0.33,0.0078469,0.091761
-16356,-13273,0.25922,-0.26163,14.598,15.242,0.0070577,2680.6,-116.38,704.37,-41.197,1947.7,0,0.33,0.0078473,0.087768
-53253,-35781,0.78183,-0.17338,16.176,12.261,0.00089732,3975.4,-115.22,1831.4,-29.521,3800.9,0,0.33,0,0.09171
-37216,-37021,0.85818,-0.22736,16.294,12.348,0.00090524,3988.2,-114.33,1845.4,-30.572,3785.1,0,0.33,0,0.087721
-28040,33492,-1.0517,0.28838,-2.0768,22.146,0.027385,810.04,-130.75,-388.21,-12.612,-156.7,0,0.33,0.05516,0.091892
-34577,33215,-1.0495,-0.21676,-1.8122,21.993,0.027722,794.39,-131.03,-385.64,-27.758,-146.62,0,0.33,0.055141,0.087915
-35064,32872,-1.6857,-0.43859,0.40557,21.752,0.028952,751.41,-132.09,-408.38,-44.892,-78.698,0,0.33,0.04723,0.087929
-35335,33399,-1.7539,0.017536,0.1714,21.952,0.028838,761.42,-131.82,-413.88,-32.24,-86.179,0,0.33,0.047238,0.091911
4347.2,-75563,5.9136,-10.903,2.358,15.503,0.007684,1284.9,-0.90804,-309.14,-79.388,-52.485,0,0.33,0.023564,0.0079741
41231,-99906,6.1974,-11.726,1.2276,14.022,0.0066258,1272.4,2.8096,-193.3,-49.246,-51.111,0,0.33,0.023565,0.0039874
35269,-62878,6.9143,-14.45,0.47355,12.408,0.007615,1167.4,-24.704,-119.7,-31.946,-40.177,0,0.33,0.03144,0
77236,-1.1157e+05,6.3134,-12.08,-0.64946,13.32,0.006202,1261,3.9299,-114.59,-28.509,50.203,0,0.33,0.023565,0
18794,-53937,6.7877,-14.051,0.90665,13.301,0.0080869,1186.2,-25.658,-206.11,-55.175,-41.839,0,0.33,0.031438,0.0039875
2451,-34436,6.4777,-13.099,1.745,15.183,0.0093876,1211.2,-28.666,-333.33,-88.85,-45.548,0,0.33,0.031438,0.0079741
-3.059e+05,-2.031e+05,4.468,-4.401,5.5572,14.979,0.0042032,2800.2,53.185,162.97,-50.199,1604,0,0.33,0.007851,0.011961
13183,-92806,4.9961,-7.2482,4.457,17.136,0.0076866,1443.9,21.706,-320.42,-75.507,-55.77,0,0.33,0.015706,0.011961
-2.7124e+05,-1.6987e+05,4.2104,-3.9327,7.0721,15.342,0.0047376,2799.5,40.664,249.43,-53.801,1623,0,0.33,0.0078509,0.015948
-5.5395e+05,-2.5753e+05,4.0263,-2.7538,7.763,12.843,0.0011238,4067,56.513,819.66,-38.019,3292.9,0,0.33,0,0.015948
-6.3391e+05,-2.9408e+05,4.2329,-3.0975,6.0923,12.671,0.0011241,4039.7,70.079,617.61,-35.691,3262.2,0,0.33,0,0.011961
7961.2,-64927,4.6535,-6.5218,5.6747,17.879,0.008914,1415.2,11.407,-350.34,-81.48,-50.893,0,0.33,0.015705,0.015948
3585.9,-50438,5.553,-9.9426,3.4096,16.902,0.0091186,1276.1,-7.2388,-365.39,-93.62,-53.084,0,0.33,0.023564,0.011961
-2946.5,2900.2,5.6571,-10.8,3.1882,18.175,0.013545,1187.5,-40.073,-419.5,-113.89,-53.677,0,0.33,0.031437,0.015948
1841.1,-14294,6.0867,-11.958,2.5127,16.929,0.011285,1210.2,-33.637,-392.45,-104.53,-49.765,0,0.33,0.031437,0.011961
3093.2,-27587,5.154,-8.9743,4.3468,17.946,0.010809,1249.8,-15.427,-395.63,-101.63,-52.834,0,0.33,0.023564,0.015948
-23937,25438,2.4892,-4.4437,7.7072,19.418,0.018759,1027.2,-72.631,-428.43,-117.11,-15.618,0,0.33,0.023562,0.039869
-25403,24129,2.9361,-5.0142,7.3669,19.377,0.018004,1058.9,-63.931,-430.57,-117.94,-25.415,0,0.33,0.023563,0.035882
-34642,33900,3.6651,-6.834,5.0055,19.618,0.019196,1023.1,-71.441,-431.15,-142.99,-46.224,0,0.33,0.031436,0.031895
-21404,20927,3.3901,-5.6589,6.9533,19.329,0.017067,1094.5,-54.594,-431.78,-117.26,-34.48,0,0.33,0.023563,0.031895
-37172,34854,3.1242,-6.0683,5.2788,19.663,0.020042,982.31,-78.936,-425.92,-145.28,-38.204,0,0.33,0.031435,0.035882
-38019,34508,2.5869,-5.3895,5.4965,19.71,0.020876,945.46,-85.929,-420.73,-144.69,-29.129,0,0.33,0.031435,0.039869
-72216,-47009,2.2975,-1.6964,13.18,15.713,0.007247,2732.3,-54.553,616.24,-56.184,1775.6,0,0.33,0.0078501,0.043856
9218.8,12922,2.1039,-2.8367,10.504,18.868,0.01567,1211.2,-68.249,-418.51,-86.968,9.8923,0,0.33,0.015704,0.043856
-55071,-40052,2.0491,-1.496,13.595,15.653,0.0072699,2722.5,-65.033,641.66,-55.35,1795.9,0,0.33,0.00785,0.047844
-1.2468e+05,-88196,2.2638,-1.0541,15.041,13.003,0.0010107,4092.2,-58.102,1698.9,-38.871,3559.4,0,0.33,0,0.047843
-1.5982e+05,-99896,2.4648,-1.1933,14.568,13.053,0.0010262,4100.4,-46.727,1642.6,-39.404,3529.2,0,0.33,0,0.043856
13550,14209,1.7684,-2.5069,10.817,18.857,0.015808,1194.9,-77.087,-421.08,-85.257,19.909,0,0.33,0.015704,0.047846
-12997,25623,2.0547,-3.9396,7.9848,19.474,0.019344,999.63,-80.64,-426.45,-115,-5.6967,0,0.33,0.023562,0.043856
-22563,32087,1.5615,-4.2523,5.7954,19.878,0.022481,885.68,-98.297,-413.49,-136.66,-10.935,0,0.33,0.031434,0.047849
-34714,33442,2.0634,-4.7881,5.6665,19.779,0.021693,913.19,-92.385,-416.45,-141.63,-19.832,0,0.33,0.031434,0.043856
3418.5,25253,1.6367,-3.4919,8.2082,19.554,0.019801,976.25,-87.952,-425.19,-111.82,3.8747,0,0.33,0.023561,0.047847
7804.5,21644,-0.40827,-1.5366,8.7046,20.364,0.019528,910.03,-117.61,-428.07,-84.26,44.187,0,0.33,0.02359,0.07188
8822.7,22006,-0.12926,-1.8062,8.704,20.21,0.019575,913.76,-114.36,-426.76,-89.729,39.825,0,0.33,0.023587,0.067883
6910.7,27553,-0.15461,-2.5567,5.9844,20.482,0.023661,818.52,-116.74,-413.86,-109.74,14.761,0,0.33,0.031472,0.063918
9747.6,22484,0.17646,-2.0911,8.6744,20.059,0.019667,920.01,-110.44,-425.58,-94.872,34.43,0,0.33,0.023578,0.063872
7319.4,26977,-0.50041,-2.203,5.9662,20.658,0.023524,810.51,-120.03,-416.13,-101.74,18.223,0,0.33,0.031472,0.067925
6423.9,26568,-0.81017,-1.8662,5.9245,20.844,0.023363,805.25,-122.77,-418.74,-93.61,20.538,0,0.33,0.031471,0.071913
7626.8,-16576,0.65569,-0.5454,14.762,15.365,0.0072007,2685.8,-109.99,715.07,-46.224,1914.3,0,0.33,0.0078501,0.075774
7463.7,14566,-0.12296,-0.90668,11.621,19.139,0.01575,1163,-115.19,-431.31,-66.286,74.41,0,0.33,0.015714,0.075808
868.59,-15160,0.50955,-0.44695,14.744,15.328,0.0071611,2683.4,-112.88,713.3,-44.672,1925.7,0,0.33,0.0078493,0.079768
-4820.8,-41101,1.047,-0.3434,16.42,12.503,0.00092111,4012,-110.28,1861.5,-32.589,3751.8,0,0.33,0,0.079743
7568.8,-44018,1.1591,-0.40698,16.424,12.573,0.00092904,4023.8,-107.05,1863.9,-33.504,3735.2,0,0.33,0,0.075755
6389.1,14440,-0.32013,-0.7322,11.584,19.196,0.015734,1167.2,-117.55,-432.15,-62.902,79.256,0,0.33,0.015713,0.079799
6738.6,21403,-0.66007,-1.2783,8.6771,20.521,0.019521,908.56,-120.22,-429.55,-78.548,47.515,0,0.33,0.023591,0.075866
4347.1,26355,-1.3226,-1.2216,5.7742,21.242,0.023221,801.92,-126.63,-425.46,-77.078,22.15,0,0.33,0.031462,0.079882
5383.9,26371,-1.084,-1.5409,5.8606,21.038,0.023269,802.46,-124.97,-421.87,-85.354,21.818,0,0.33,0.031468,0.075894
5682.3,21258,-0.88477,-1.0273,8.6219,20.678,0.019544,909.15,-122.21,-431.14,-72.692,49.835,0,0.33,0.023591,0.079852
3530.9,-12401,26.046,-6.2172,-0.85987,0.88748,0.0012773,691.96,36.003,31.1,58.852,-49.252,0,0.33,0.27857,0.007976
4568.2,-12293,25.763,-6.1398,-0.43133,1.0408,0.0014753,702.58,36.469,26.847,50.674,-56.825,0,0.33,0.27857,0.0039947
5374.6,-8759.6,26.332,-5.5166,0.18191,0.86413,0.0014039,612.22,33.253,14.155,26.542,59.258,0,0.33,0.2865,0
7328,-12309,25.618,-6.0882,0.22302,1.1189,0.0015738,708.43,36.655,18.686,34.681,61.281,0,0.33,0.27857,0
3549.7,-8794.8,26.443,-5.5547,-0.35371,0.80418,0.0013215,604.88,33.106,20.745,39.305,-54.849,0,0.33,0.2865,0.0039948
2803.9,-8979.6,26.665,-5.612,-0.70907,0.68425,0.0011503,591.27,32.731,25.514,47.304,-46.605,0,0.33,0.2865,0.0079761
20049,-20151,25.027,-7.5114,-2.3249,1.1704,0.0013041,894.88,38.458,-26.734,9.1336,-62.458,0,0.33,0.2627,0.015948
19803,-21482,24.91,-7.7215,-1.7961,1.1995,0.0013619,878.76,39.907,-2.069,32.981,-55.983,0,0.33,0.2627,0.011961
12245,-16513,25.632,-6.9238,-1.536,0.97647,0.0012366,787.44,37.991,13.69,39.711,-50.202,0,0.33,0.27064,0.011961
15002,-15762,25.78,-6.7926,-2.0033,0.9345,0.0011635,800.37,36.785,-5.4003,17.763,-53.45,0,0.33,0.27064,0.015948
7367.8,-12384,26.278,-6.2247,-1.2891,0.77427,0.0011196,688.95,35.285,20.401,40.156,-45.484,0,0.33,0.27857,0.011961
6937.3,-9018.2,27.002,-5.5703,-1.4209,0.54395,0.00091811,589.01,31.316,12.611,23.181,-38.75,0,0.33,0.2865,0.015948
5128.7,-9113.4,26.858,-5.6207,-1.0705,0.59028,0.0010042,584.59,32.142,20.011,35.233,-40.914,0,0.33,0.2865,0.011962
10174,-12043,26.434,-6.1459,-1.6966,0.72641,0.0010366,697.72,34.288,7.3754,22.61,-45.706,0,0.33,0.27857,0.015948
3244.1,-6343.7,27.074,-5.0679,-0.29176,0.58104,0.0011512,499.89,29.548,14.444,28.022,-49.306,0,0.33,0.29445,0.0039947
2946.4,-6495.5,27.233,-5.1033,-0.58601,0.4944,0.0010096,485.04,29.239,18.019,34.287,-41.804,0,0.33,0.29445,0.0079761
4228.5,-6312.6,26.995,-5.0421,0.1498,0.62386,0.0012176,507.89,29.666,9.8928,18.883,53.089,0,0.33,0.29445,0
3558.8,-4808.7,27.834,-4.6538,-0.74272,0.27808,0.0007463,367.15,25.257,9.6392,18.259,-29.008,0,0.33,0.30249,0.011962
2853.7,-3482.9,28.211,-4.2631,-0.63373,0.1625,0.00059764,265.71,21.861,4.9072,11.015,-20.83,0,0.33,0.31069,0.011962
2214.3,-2565.9,28.538,-3.8898,-0.73571,0.076697,0.00041316,179.78,18.254,2.6128,6.5313,-11.796,0,0.33,0.31869,0.015949
2205.7,-2584.3,28.5,-3.9235,-0.5531,0.083838,0.00044667,181.35,18.672,2.3084,6.3054,-13.429,0,0.33,0.31869,0.011962
2923.6,-3479.9,28.268,-4.2268,-0.84536,0.14689,0.00054513,263.65,21.372,5.0123,10.086,-18.224,0,0.33,0.31069,0.015949
3849.4,-4827.8,27.92,-4.6165,-0.99277,0.25101,0.00067666,365.68,24.679,8.8503,15.05,-25.582,0,0.33,0.30249,0.015949
4207.6,-6640.2,27.377,-5.1027,-0.88779,0.42388,0.00088222,476.29,28.75,15.441,27.078,-35.754,0,0.33,0.29445,0.011962
5059.6,-6648.7,27.494,-5.0632,-1.1851,0.38533,0.00080072,477.05,28.062,12.264,20.109,-32.337,0,0.33,0.29445,0.015949
18697,-18915,25.103,-7.1912,-2.8059,1.1823,0.001294,910.78,36.724,-42.395,3.1987,-68.44,0,0.33,0.2627,0.019935
14797,-14938,25.88,-6.5657,-2.432,0.93559,0.001141,816.67,35.317,-19.256,8.8912,-57.55,0,0.33,0.27064,0.019935
10215,-10263,26.773,-5.526,-2.7267,0.71687,0.00098008,727.4,29.977,-14.123,15.343,-51.151,0,0.33,0.27857,0.027909
10571,-10925,26.653,-5.7777,-2.4199,0.72027,0.00098907,724.25,31.605,-10.675,12.144,-50.038,0,0.33,0.27857,0.023922
6896.4,-7384.4,27.468,-4.9176,-2.5843,0.50984,0.00082559,612.66,26.12,-4.9997,17.937,-40.802,0,0.33,0.28651,0.031896
7281.9,-7899.6,27.338,-5.1267,-2.3379,0.52226,0.00084008,616.87,27.659,-3.4912,15.21,-40.78,0,0.33,0.28651,0.027909
9689.8,-9568.3,26.919,-5.2533,-2.9965,0.69852,0.00096746,718.04,28.197,-14.378,20.63,-50.803,0,0.33,0.27858,0.031896
7535.7,-8367.5,27.225,-5.3132,-2.0606,0.526,0.000854,611.39,29.054,0.10992,14.192,-39.948,0,0.33,0.2865,0.023922
10792,-11544,26.548,-5.9909,-2.0761,0.71781,0.0010026,712.31,33.053,-3.45,13.66,-47.852,0,0.33,0.27857,0.019935
7564.1,-8762.6,27.117,-5.4648,-1.7539,0.52903,0.00087549,600.23,30.281,5.6717,16.37,-38.908,0,0.33,0.2865,0.019935
2930.2,-3449.9,28.332,-4.176,-1.0539,0.13801,0.00050983,264.91,20.755,5.5881,10.695,-16.388,0,0.33,0.3107,0.019936
3938,-4785.3,28.003,-4.5565,-1.2381,0.23726,0.00063302,369.31,23.949,8.2708,13.969,-23.548,0,0.33,0.30249,0.019936
2204.2,-2535.2,28.585,-3.8462,-0.91551,0.072285,0.00038946,179.96,17.728,3.4769,7.9186,-10.516,0,0.33,0.3187,0.019936
5353.7,-6319.6,27.7,-4.8788,-1.7437,0.36188,0.00072679,492.71,26.157,5.9955,15.051,-30.71,0,0.33,0.29445,0.023923
5175.8,-6021,27.808,-4.7425,-1.9929,0.35637,0.0007077,497.9,24.97,3.4331,15.397,-30.799,0,0.33,0.29445,0.02791
4899.8,-5668.9,27.925,-4.5851,-2.2179,0.34682,0.00069054,496.3,23.649,1.8093,16.676,-30.649,0,0.33,0.29445,0.031897
5375.2,-6542.9,27.598,-4.9873,-1.473,0.36886,0.00075447,484.27,27.194,9.0799,16.339,-30.955,0,0.33,0.29445,0.019936
1037.2,-1227.1,29.027,-3.1096,-0.25533,0.0093567,0.00019693,47.796,10.421,2.7244,3.5052,-4.4033,0,0.33,0.3425,0.0079753
1033.9,-1223.4,29.003,-3.1047,-0.12807,0.0097152,0.00019796,49.248,10.54,3.769,4.4653,-4.5276,0,0.33,0.3425,0.0039908
806.51,-977.61,29.126,-2.8681,0.058413,0.0075522,0.00022141,34.653,8.0722,2.736,3.675,4.5908,0,0.33,0.35051,0
1037.5,-1223.7,28.986,-3.0957,0.065018,0.0099838,0.00019869,50.353,10.585,3.2081,3.7553,4.6162,0,0.33,0.3425,0
803.54,-977.95,29.141,-2.8764,-0.11283,0.0074782,0.00022277,34.109,8.0329,3.492,4.4001,-4.502,0,0.33,0.3505,0.0039909
807.64,-983.56,29.165,-2.8817,-0.22493,0.0073772,0.00022512,33.309,7.9302,2.5616,3.3473,-4.4551,0,0.33,0.3505,0.0079754
1705,-1979.6,28.72,-3.619,-0.48853,0.038213,0.00031163,117.4,15.671,1.4113,3.6824,-8.2087,0,0.33,0.32663,0.011962
1330.8,-1547,28.894,-3.3435,-0.43263,0.016722,0.00022002,73.563,12.861,1.2495,2.341,-5.2117,0,0.33,0.33456,0.011962
1698.9,-1959.5,28.747,-3.5891,-0.64866,0.03581,0.0002951,116.6,15.313,1.7724,4.3547,-7.2859,0,0.33,0.32663,0.015949
1323.7,-1531.9,28.914,-3.3174,-0.57421,0.016191,0.00021463,73.257,12.554,1.6602,3.0445,-4.6771,0,0.33,0.33457,0.015949
1041.1,-1228.6,29.041,-3.0944,-0.38244,0.009234,0.00019618,47.409,10.23,1.214,1.6201,-4.1927,0,0.33,0.3425,0.011962
807.77,-979.93,29.188,-2.848,-0.44785,0.0073146,0.00022701,32.789,7.5394,1.644,1.4745,-4.0871,0,0.33,0.3505,0.015949
811.2,-987.01,29.177,-2.8682,-0.33726,0.0073414,0.00022632,32.991,7.7663,1.0958,1.1586,-4.3714,0,0.33,0.3505,0.011962
1036.1,-1218.5,29.056,-3.0716,-0.50779,0.0091559,0.00019539,47.243,9.9659,1.6892,2.165,-3.8281,0,0.33,0.3425,0.015949
622.26,-784.8,29.273,-2.6703,-0.09946,0.0066909,0.00024798,24.764,5.7261,3.2116,4.3165,-4.9556,0,0.33,0.35861,0.0039912
626.52,-790.03,29.297,-2.6758,-0.19785,0.0066437,0.00024432,24.236,5.6388,2.358,3.2968,-4.9097,0,0.33,0.35861,0.0079756
627.89,-787.31,29.258,-2.6629,0.054348,0.00672,0.00024944,25.059,5.7602,2.2487,3.5125,5.0931,0,0.33,0.3586,0
489.64,-643.62,29.433,-2.482,-0.26171,0.0062222,0.0001907,17.621,3.4219,0.79643,0.68129,-5.4078,0,0.33,0.36659,0.011962
376.14,-515.99,29.553,-2.3179,-0.22887,0.005975,0.00012273,12.974,1.5284,0.70336,0.66698,-5.6305,0,0.33,0.37453,0.011963
285.08,-411.53,29.667,-2.1578,-0.26027,0.0058059,8.0053e-05,9.2955,-0.34587,1.1802,-0.12382,-5.6116,0,0.33,0.38246,0.01595
282.54,-408.91,29.665,-2.1743,-0.19794,0.0058151,8.2622e-05,9.4765,-0.21817,0.41271,0.74694,-5.7196,0,0.33,0.38246,0.011963
379.64,-519.04,29.556,-2.3018,-0.30235,0.0059626,0.0001188,12.763,1.3819,1.4874,0.15558,-5.5029,0,0.33,0.37453,0.01595
490.42,-642.94,29.439,-2.4653,-0.34668,0.0062063,0.00018577,17.391,3.253,1.498,0.47565,-5.2443,0,0.33,0.36659,0.01595
630.27,-794.71,29.308,-2.6636,-0.29717,0.0066181,0.00024126,23.911,5.4979,0.92043,0.8433,-4.917,0,0.33,0.35861,0.011962
628.48,-790.43,29.316,-2.6455,-0.39433,0.0065985,0.00023921,23.679,5.3024,1.5393,0.90619,-4.6964,0,0.33,0.35861,0.01595
1314.9,-1510.7,28.942,-3.286,-0.71345,0.015785,0.00021027,73.065,12.167,2.6631,4.6958,-4.169,0,0.33,0.33457,0.019936
1687,-1931.8,28.783,-3.552,-0.80613,0.034203,0.0002828,116.47,14.862,2.7023,5.9913,-6.4907,0,0.33,0.32663,0.019936
978.69,-1129.9,29.154,-2.987,-0.86923,0.0087684,0.0001948,45.596,8.7714,5.2653,6.4096,-2.7234,0,0.33,0.34251,0.027912
1011.7,-1172.7,29.112,-3.0156,-0.75212,0.0089511,0.00019451,46.513,9.2337,4.3897,5.3941,-3.0806,0,0.33,0.34251,0.023924
730.08,-875.55,29.312,-2.7545,-0.86726,0.0070625,0.00023912,30.197,6.0619,5.347,5.6197,-3.0488,0,0.33,0.35051,0.031899
757.04,-902.44,29.271,-2.7803,-0.76843,0.0071539,0.00023433,31.168,6.5109,6.0744,5.798,-3.2535,0,0.33,0.35051,0.027912
950.78,-1097.9,29.199,-2.9514,-0.98062,0.0085305,0.00019525,44.369,8.2507,4.6642,6.4165,-2.3097,0,0.33,0.34251,0.031899
787.08,-941.31,29.235,-2.8007,-0.66417,0.0072297,0.00023033,31.998,6.909,4.7948,4.6893,-3.4982,0,0.33,0.35051,0.023924
1030.1,-1202.8,29.08,-3.0446,-0.63121,0.0090684,0.00019474,46.996,9.6338,2.7829,3.7655,-3.458,0,0.33,0.34251,0.019937
802.91,-967.56,29.207,-2.8248,-0.55718,0.0072793,0.00022807,32.501,7.2537,2.7975,3.0143,-3.7946,0,0.33,0.35051,0.019937
379.02,-515.5,29.566,-2.2863,-0.37918,0.0059502,0.00011553,12.556,1.1993,2.7478,1.4395,-5.3368,0,0.33,0.37453,0.019938
487.88,-636.46,29.451,-2.4479,-0.43314,0.0061889,0.00018145,17.133,3.0409,2.6723,1.8539,-5.0683,0,0.33,0.36659,0.019938
287.46,-412.03,29.674,-2.1439,-0.32738,0.0057975,7.7804e-05,9.1423,-0.5028,2.6183,1.105,-5.408,0,0.33,0.38246,0.019938
610.7,-758.12,29.354,-2.6053,-0.58565,0.0065411,0.00023561,22.903,4.7587,5.0423,4.106,-4.2335,0,0.33,0.35862,0.023925
585.52,-723.76,29.387,-2.592,-0.67867,0.0064899,0.00023234,22.137,4.4149,6.7916,5.4387,-4.0336,0,0.33,0.35862,0.027912
558.81,-699.53,29.424,-2.5755,-0.76646,0.0064316,0.00022912,21.295,4.0261,5.9433,5.2828,-3.956,0,0.33,0.35862,0.0319
624.44,-780.84,29.331,-2.6255,-0.49134,0.0065749,0.00023773,23.389,5.0564,2.7022,2.3739,-4.4699,0,0.33,0.35862,0.019937
8071.2,-8109.9,27.292,-4.6955,-3.4298,0.60771,0.00091876,657.59,24.292,-9.3537,29.639,-46.219,0,0.33,0.27858,0.03987
8961.8,-8848.3,27.094,-4.9734,-3.2304,0.66184,0.00094746,694.66,26.293,-12.444,25.857,-49.071,0,0.33,0.27858,0.035883
6380.1,-6840.4,27.615,-4.6966,-2.8002,0.48452,0.00080579,596.41,24.46,-4.7908,20.927,-39.841,0,0.33,0.28651,0.035883
5754.1,-6280.2,27.778,-4.4722,-2.9867,0.44554,0.00077843,567.5,22.703,-3.5045,23.049,-37.974,0,0.33,0.28651,0.03987
11046,-10567,26.806,-4.3413,-4.7985,0.73808,0.0010971,669.65,20.166,-20.263,55.939,-54.463,0,0.33,0.2627,0.047869
12536,-11758,26.459,-4.7154,-4.6567,0.85856,0.0011595,737.56,22.761,-26.354,55.294,-60.514,0,0.33,0.2627,0.04386
9690.4,-9421.2,27.012,-4.5819,-4.1055,0.69397,0.0010209,676.71,22.941,-13.028,41.892,-49.553,0,0.33,0.27065,0.04386
8436.3,-8486.1,27.291,-4.2699,-4.2447,0.59635,0.00096881,612.39,20.568,-8.6816,42.264,-44.201,0,0.33,0.27065,0.04787
7083.2,-7368.8,27.506,-4.4249,-3.5965,0.53979,0.00088125,608.64,22.216,-5.949,31.404,-42.519,0,0.33,0.27858,0.043861
4474.3,-5183.6,28.125,-4.0298,-3.2782,0.33681,0.00069938,476.62,18.967,-0.23838,22.97,-32.163,0,0.33,0.28651,0.047872
5088.6,-5720.6,27.95,-4.2494,-3.1453,0.39503,0.00074289,526.86,20.868,-1.7919,23.723,-35.359,0,0.33,0.28651,0.043861
6119.5,-6653.7,27.727,-4.1632,-3.7325,0.46301,0.00083511,550.43,20.081,-2.9458,31.304,-38.195,0,0.33,0.27858,0.047871
4551.2,-5281.1,28.053,-4.4141,-2.4183,0.3295,0.00067047,485.41,22.216,1.1994,18.092,-29.985,0,0.33,0.29445,0.035884
4152.3,-4871.1,28.19,-4.236,-2.5942,0.30292,0.00064443,464.02,20.688,1.3263,18.869,-28.766,0,0.33,0.29445,0.039871
2871.8,-3456.2,28.642,-3.8404,-2.391,0.16365,0.00048446,330.56,17.013,4.3863,15.389,-18.222,0,0.33,0.3025,0.043862
2276,-2646.1,28.876,-3.6147,-2.0837,0.088273,0.00036597,233.89,14.833,4.9862,13.544,-10.115,0,0.33,0.31071,0.043864
1715.7,-1913.1,29.131,-3.2923,-1.9497,0.035983,0.00024434,141.77,11.552,4.2301,11.027,-3.6424,0,0.33,0.31871,0.047877
1823.5,-2032.9,29.042,-3.393,-1.8316,0.042557,0.00026488,154.53,12.647,4.3522,12.191,-4.2485,0,0.33,0.31871,0.043864
2113.6,-2455.3,28.977,-3.4932,-2.2084,0.074166,0.0003365,213.52,13.572,4.6088,11.838,-9.3696,0,0.33,0.31071,0.047877
2634.5,-3168.2,28.759,-3.6914,-2.5197,0.1378,0.00044821,300.41,15.555,4.0444,13.567,-16.947,0,0.33,0.3025,0.047875
3745.2,-4455.2,28.332,-4.055,-2.7467,0.26784,0.0006111,432.29,19.081,1.7725,18.533,-27.041,0,0.33,0.29446,0.043862
3376.3,-4055.3,28.473,-3.8728,-2.8774,0.22679,0.00057036,391.65,17.404,2.0644,17.117,-24.887,0,0.33,0.29446,0.047873
9610,-9456.1,27.155,-3.9868,-4.8964,0.61305,0.0010225,596.16,17.559,-15.281,54.165,-47.959,0,0.33,0.2627,0.051929
7317,-7633.2,27.571,-3.9706,-4.3483,0.49437,0.00090617,542.22,18.164,-5.6697,40.972,-38.463,0,0.33,0.27065,0.05193
4288.4,-4899.7,28.369,-3.4224,-3.9733,0.22729,0.00064077,350.18,13.532,0.032289,25.049,-23.599,0,0.33,0.27859,0.060085
4764.1,-5429.6,28.164,-3.662,-3.9195,0.30202,0.00071534,417.82,15.71,-0.19829,27.894,-28.37,0,0.33,0.27858,0.05603
3060.1,-3526.3,28.768,-3.1817,-3.5821,0.1117,0.00045085,242.66,11.118,-0.064605,14.202,-16.522,0,0.33,0.28658,0.064184
3311.8,-3865.3,28.624,-3.3867,-3.5365,0.15865,0.00052226,298.48,13.058,0.62941,16.556,-20.424,0,0.33,0.28659,0.060161
3875.2,-4418.9,28.558,-3.1922,-4.0058,0.16269,0.00055813,286.92,11.389,-0.15069,21.639,-19.408,0,0.33,0.27858,0.064119
3611.9,-4256.7,28.466,-3.5978,-3.4731,0.21432,0.00058872,358.78,15.031,0.92209,18.952,-24.561,0,0.33,0.28654,0.056065
5336.6,-6004.7,27.948,-3.9094,-3.8398,0.38224,0.00078009,485.83,17.903,-0.99782,29.986,-33.405,0,0.33,0.27858,0.051932
3980.8,-4693.2,28.299,-3.8128,-3.3873,0.27516,0.00064801,419.51,17.012,0.706,21.221,-28.537,0,0.33,0.28652,0.051939
1959.4,-2276.1,29.072,-3.3663,-2.3202,0.059329,0.0003034,189.3,12.253,3.6413,9.5806,-8.7586,0,0.33,0.3107,0.051948
2429.9,-2905.1,28.87,-3.5377,-2.6318,0.11021,0.00040609,264.68,14.038,3.112,11.187,-15.544,0,0.33,0.3025,0.051949
1600.9,-1795.5,29.216,-3.1864,-2.0579,0.029353,0.00022346,126.84,10.401,3.6814,9.2497,-3.3421,0,0.33,0.31871,0.051945
2829.8,-3369.9,28.74,-3.5009,-3.0785,0.14007,0.00046822,293.21,13.894,1.1868,12.384,-19.716,0,0.33,0.29449,0.056086
2609.7,-3075.8,28.86,-3.3125,-3.1497,0.10166,0.00040957,242.5,12.114,0.34256,9.8711,-16.867,0,0.33,0.29456,0.06024
2416.4,-2817,28.968,-3.1273,-3.205,0.070411,0.0003498,196.14,10.361,-0.57358,7.8816,-14.001,0,0.33,0.29458,0.064334
3074,-3692.8,28.61,-3.6885,-2.9879,0.18302,0.0005225,344.3,15.668,1.8507,14.966,-22.412,0,0.33,0.29446,0.051942
926.62,-1051.7,29.292,-2.8508,-1.1875,0.0079628,0.00019866,40.924,7.0493,3.9876,6.4219,-0.84992,0,0.33,0.34252,0.039874
937.79,-1077.4,29.245,-2.9049,-1.0865,0.0082558,0.0001962,42.847,7.6755,3.91,6.1675,-1.6775,0,0.33,0.34251,0.035886
721.04,-864.91,29.351,-2.7165,-0.96104,0.006962,0.00024458,29.134,5.565,4.196,4.9349,-2.6955,0,0.33,0.35051,0.035887
715,-850.16,29.389,-2.6701,-1.0507,0.0068491,0.00024448,27.846,5.0225,4.1394,4.8609,-2.1456,0,0.33,0.35051,0.039875
1453.8,-1587.3,29.163,-3.1801,-1.6228,0.019514,0.00019555,96.763,10.49,3.874,10.697,-0.91352,0,0.33,0.32665,0.043865
1154.5,-1259.9,29.259,-2.9796,-1.4439,0.010449,0.00017569,59.81,8.3942,4.0124,8.9035,0.41003,0,0.33,0.33458,0.043865
1388.7,-1510.1,29.241,-3.0954,-1.7325,0.016906,0.00018491,89.065,9.5377,4.0174,10.213,-0.2417,0,0.33,0.32665,0.047879
1115.8,-1205.1,29.326,-2.9081,-1.5443,0.0095738,0.00017526,55.324,7.5661,4.3958,9.0219,1.1708,0,0.33,0.33458,0.047879
910.09,-1016.1,29.344,-2.7932,-1.2836,0.0076749,0.00020355,38.6,6.3753,4.5903,7.0553,0.025178,0,0.33,0.34252,0.043866
688.62,-793.52,29.478,-2.5697,-1.2183,0.0065949,0.00022782,24.472,3.8094,5.7463,6.2251,-0.85395,0,0.33,0.35052,0.04788
704.2,-824.94,29.431,-2.6207,-1.1364,0.0067248,0.00023659,26.276,4.4374,4.8501,5.4571,-1.4878,0,0.33,0.35051,0.043867
886.77,-974.81,29.4,-2.7329,-1.3747,0.0074086,0.00021144,35.957,5.6535,5.2405,7.5935,0.78979,0,0.33,0.34252,0.04788
552.05,-695.68,29.459,-2.5455,-0.84953,0.0063723,0.00022565,20.461,3.5956,4.1955,4.294,-3.8418,0,0.33,0.35862,0.035887
548.69,-688.8,29.492,-2.5054,-0.92886,0.0063072,0.00021519,19.503,3.1245,3.7997,3.8919,-3.5852,0,0.33,0.35862,0.039875
425.19,-558,29.627,-2.3202,-0.89284,0.0059562,0.00011514,13.028,0.92216,4.0598,3.745,-4.3413,0,0.33,0.3666,0.043867
354.73,-479.01,29.728,-2.1856,-0.79221,0.0057926,7.2595e-05,9.3519,-0.63927,4.2566,3.3777,-4.5957,0,0.33,0.37454,0.043868
297.24,-403.13,29.846,-2.0293,-0.75055,0.0056762,5.0573e-05,6.3373,-2.4601,5.7526,3.5672,-3.9589,0,0.33,0.38248,0.047879
301.66,-415.62,29.821,-2.0594,-0.69468,0.0056942,5.3288e-05,6.8051,-2.0976,4.4327,2.9207,-4.3777,0,0.33,0.38247,0.043868
344.93,-461.96,29.758,-2.1528,-0.85334,0.0057625,6.5681e-05,8.6495,-1.0546,5.2806,4.1948,-4.3491,0,0.33,0.37454,0.047879
411.49,-536.47,29.661,-2.2828,-0.95911,0.0059074,0.00010175,12.048,0.44637,5.0245,4.6022,-4.1035,0,0.33,0.36661,0.047878
539.26,-670.33,29.526,-2.4628,-1.0053,0.0062341,0.00019501,18.351,2.6161,4.4447,4.3472,-3.2034,0,0.33,0.35863,0.043867
525.19,-645.17,29.566,-2.4193,-1.0785,0.0061562,0.00017211,17.037,2.0702,5.4397,5.1981,-2.7918,0,0.33,0.35863,0.047878
1063.4,-1146.9,29.395,-2.8327,-1.6383,0.0088455,0.00017858,50.459,6.6872,4.6009,8.5626,1.6185,0,0.33,0.33459,0.051953
1310.5,-1430.8,29.318,-3.006,-1.8343,0.014518,0.00017718,80.436,8.5328,3.9177,9.0862,0.075563,0,0.33,0.32665,0.051951
772.51,-852.3,29.582,-2.5336,-1.6123,0.0067225,0.00023069,27.016,3.2541,5.3644,6.4229,1.761,0,0.33,0.34251,0.060265
809.02,-884.85,29.522,-2.6036,-1.54,0.0069347,0.00023354,30.034,4.0787,5.8006,7.249,1.6278,0,0.33,0.34253,0.0561
586.17,-676.84,29.689,-2.3441,-1.4943,0.0061083,0.00015529,16.573,0.98222,5.5372,5.2654,0.50363,0,0.33,0.35043,0.064405
605.61,-691.76,29.638,-2.4067,-1.4357,0.0062156,0.00018788,18.446,1.7187,6.3799,6.0584,0.26254,0,0.33,0.35046,0.060278
742.51,-829.71,29.638,-2.4589,-1.6758,0.0065295,0.00021865,24.102,2.4218,4.5901,5.4839,1.8287,0,0.33,0.34248,0.06434
631.05,-718.24,29.584,-2.4637,-1.3688,0.0063351,0.00021089,20.434,2.4392,6.7757,6.6581,0.0024517,0,0.33,0.35051,0.056097
851.02,-928.58,29.46,-2.6699,-1.4606,0.0071637,0.0002228,33.066,4.8843,5.699,7.6924,1.3355,0,0.33,0.34253,0.051954
662.35,-755.42,29.53,-2.5176,-1.2961,0.0064636,0.00022038,22.489,3.1396,6.4964,6.7142,-0.34563,0,0.33,0.35053,0.051952
329.29,-437.05,29.794,-2.1223,-0.9137,0.0057312,5.917e-05,7.865,-1.4974,6.5686,5.2202,-4.1691,0,0.33,0.37453,0.051942
389.86,-506.7,29.701,-2.2469,-1.0235,0.0058572,8.8471e-05,10.966,-0.060697,6.1563,5.478,-3.927,0,0.33,0.3666,0.051944
291.85,-385.57,29.878,-2.0018,-0.80694,0.005657,4.8195e-05,5.8146,-2.846,7.3564,4.7564,-3.5536,0,0.33,0.38247,0.051937
474.73,-578.32,29.658,-2.3335,-1.2152,0.0059987,0.00012612,14.111,0.88065,6.9312,6.109,-2.1951,0,0.33,0.35857,0.056086
453.88,-554.72,29.706,-2.2891,-1.277,0.0059287,0.00010685,12.724,0.25177,6.5251,5.6146,-1.9683,0,0.33,0.35845,0.060271
438.92,-543.61,29.752,-2.2381,-1.3304,0.0058679,9.0444e-05,11.47,-0.39911,5.4153,4.8034,-1.7293,0,0.33,0.35841,0.064389
502.06,-612.17,29.61,-2.3762,-1.1488,0.0060763,0.00014866,15.593,1.4886,6.4383,5.9208,-2.4493,0,0.33,0.35862,0.051945
3155.4,-3573.7,28.885,-2.7549,-4.0167,0.07055,0.00037958,181.51,7.2794,-1.0636,14.701,-12.846,0,0.33,0.27856,0.072238
3516.1,-3991.6,28.73,-2.9697,-4.0196,0.1103,0.00046964,230.28,9.2992,-0.74448,18.179,-15.79,0,0.33,0.27858,0.068173
2831.2,-3228.7,28.901,-2.9807,-3.6115,0.074594,0.00037656,193.31,9.2164,-1.0031,12.007,-13.13,0,0.33,0.28658,0.068211
2579.7,-2927.6,29.024,-2.7838,-3.6264,0.047208,0.00030329,151.48,7.3589,-1.4409,9.8244,-10.472,0,0.33,0.28656,0.072219
3341.9,-3822.3,28.947,-2.0864,-4.7047,0.048107,0.00030626,153.62,1.1395,-6.0911,15.304,-14.264,0,0.33,0.26265,0.080353
3882.7,-4401.2,28.78,-2.2989,-4.7908,0.079079,0.00039776,194.83,3.1815,-6.0742,19.983,-16.564,0,0.33,0.26265,0.076364
3318.8,-3755.1,28.906,-2.4547,-4.3944,0.059758,0.00035124,166.48,4.568,-2.7811,15.521,-13.306,0,0.33,0.27059,0.076358
2901.9,-3300.6,29.051,-2.2515,-4.3397,0.035742,0.00026859,129.99,2.5864,-2.9829,12.092,-11.45,0,0.33,0.27061,0.080357
2807.7,-3171.9,29.023,-2.5512,-3.9994,0.04305,0.00029611,141.63,5.3298,-1.0867,11.449,-10.54,0,0.33,0.27858,0.076286
2071.9,-2351.6,29.238,-2.4152,-3.6178,0.017804,0.00018976,91.914,3.7745,-1.0191,6.0223,-7.1346,0,0.33,0.28663,0.080338
2317.7,-2623.3,29.136,-2.5947,-3.6279,0.02885,0.00023834,117.85,5.5461,-1.2521,7.6873,-8.5672,0,0.33,0.28657,0.076274
2492.7,-2821.6,29.147,-2.3586,-3.9696,0.025685,0.00022748,110.06,3.4394,-1.2184,8.9945,-8.7557,0,0.33,0.27864,0.080337
2245.4,-2590.6,29.067,-2.9455,-3.2465,0.046746,0.00029155,155.93,8.6476,-1.4898,6.5291,-11.321,0,0.33,0.29458,0.068369
2063,-2367.2,29.16,-2.7673,-3.2746,0.029947,0.00023811,122.39,6.9672,-1.8947,5.5457,-9.135,0,0.33,0.29458,0.072358
1480.8,-1728.2,29.36,-2.5737,-2.9868,0.012985,0.00017003,75.539,4.7678,-1.6897,2.2674,-7.1868,0,0.33,0.30254,0.076385
1178.7,-1399,29.472,-2.5304,-2.7188,0.0095689,0.00016681,57.631,4.0077,-1.1718,0.76552,-6.6182,0,0.33,0.31049,0.07639
898.25,-1083.2,29.627,-2.3485,-2.5074,0.0072348,0.00020612,35.773,1.8727,1.2547,0.78446,-5.1885,0,0.33,0.31859,0.080402
990.69,-1179.6,29.578,-2.4639,-2.4755,0.0078329,0.00018578,42.871,3.0907,0.73969,0.29773,-5.1687,0,0.33,0.31851,0.076381
1058.1,-1270.2,29.528,-2.4001,-2.7432,0.0082181,0.00017578,47.325,2.6608,-0.74766,1.2485,-6.2483,0,0.33,0.31052,0.080385
1329.5,-1561.3,29.428,-2.4272,-3.0019,0.0098948,0.00016296,60.807,3.2896,-0.93028,2.2908,-6.4572,0,0.33,0.30255,0.080375
1866.4,-2139.7,29.248,-2.5956,-3.2904,0.019048,0.00019475,95.689,5.313,-1.5182,4.6408,-7.61,0,0.33,0.29458,0.076363
1672.9,-1926.2,29.332,-2.4327,-3.2951,0.012808,0.00016776,75.566,3.6884,-0.77289,3.8309,-6.5676,0,0.33,0.2946,0.080366
2879.7,-3321.5,29.093,-1.8907,-4.6103,0.028986,0.00023552,120.45,-0.80145,-5.9787,11.689,-12.658,0,0.33,0.26265,0.084341
2524.9,-2892.3,29.18,-2.0623,-4.2761,0.02146,0.00020754,101.37,0.68981,-2.8699,9.3753,-10.164,0,0.33,0.2706,0.084348
1728.7,-1973.3,29.45,-1.8524,-3.8334,0.0091443,0.00016278,56.34,-1.794,-0.45872,4.6203,-5.4886,0,0.33,0.27855,0.092388
1939.8,-2210.3,29.358,-2.0092,-3.8858,0.011242,0.00016253,68.878,-0.11938,-0.63303,5.4643,-6.4361,0,0.33,0.27858,0.088353
1366.4,-1568.4,29.57,-1.7942,-3.4943,0.0075762,0.00018615,41.021,-2.702,0.77825,2.6264,-3.9288,0,0.33,0.28653,0.096609
1495.6,-1713,29.495,-1.9363,-3.5366,0.0082563,0.00016902,49.153,-1.1706,0.42775,2.7186,-4.5884,0,0.33,0.28656,0.092487
1559.4,-1783.9,29.538,-1.7044,-3.7741,0.0080863,0.00017452,46.614,-3.4035,-0.60651,4.5297,-4.5665,0,0.33,0.27855,0.096487
1655.1,-1890.9,29.417,-2.0865,-3.5715,0.0094521,0.00015966,59.325,0.42114,-0.065785,3.4358,-5.2457,0,0.33,0.28661,0.088394
2200.7,-2501.9,29.258,-2.1774,-3.9311,0.015918,0.00018192,86.084,1.6204,-1.0763,7.0421,-7.447,0,0.33,0.27862,0.08435
1849.4,-2108.1,29.332,-2.2456,-3.5986,0.012035,0.00016394,72.871,2.0647,-0.65451,4.6411,-6.0406,0,0.33,0.28664,0.08436
939.34,-1141.6,29.585,-2.277,-2.7593,0.0074934,0.00019249,39.529,1.3429,-0.095509,1.5516,-6.058,0,0.33,0.31052,0.084378
1186,-1403.5,29.494,-2.2897,-3.0078,0.0084044,0.00016899,50.153,1.8471,-0.014964,2.1362,-6.0134,0,0.33,0.30255,0.084364
806.39,-984.17,29.678,-2.2396,-2.5327,0.0068466,0.0002255,30.141,0.68014,1.9884,1.2287,-5.2528,0,0.33,0.31858,0.084395
1351.6,-1573.6,29.483,-2.1353,-3.2763,0.0083808,0.00016653,50.645,0.58587,0.60107,2.2129,-5.3437,0,0.33,0.2946,0.088359
1232.5,-1446.1,29.552,-1.9982,-3.2537,0.0076592,0.0001819,42.448,-0.89615,0.94501,1.6973,-5.0396,0,0.33,0.29459,0.092387
1138.4,-1343.6,29.617,-1.8674,-3.2232,0.0071821,0.00020289,35.708,-2.3212,1.1759,1.6206,-4.8254,0,0.33,0.29457,0.096433
1499,-1735.1,29.41,-2.2795,-3.2902,0.009759,0.00015981,61.132,2.1118,0.0070154,3.0099,-5.8321,0,0.33,0.29461,0.084359
653.88,-749.85,29.739,-2.2977,-1.7764,0.0062035,0.00018115,18.669,0.71578,4.8554,3.4565,1.2987,0,0.33,0.34248,0.072381
705.64,-798.95,29.69,-2.3791,-1.7302,0.0063555,0.00020744,21.296,1.5779,4.3053,4.4577,1.6904,0,0.33,0.34246,0.068311
563.76,-657.26,29.737,-2.2756,-1.5441,0.0060123,0.0001269,14.777,0.23264,5.1237,4.4715,0.64183,0,0.33,0.35044,0.068421
529.11,-619.56,29.783,-2.2057,-1.5871,0.0059288,0.0001043,13.077,-0.52961,5.5874,3.7261,0.63224,0,0.33,0.35046,0.072449
859.93,-1014.2,29.668,-2.3829,-2.2416,0.0069518,0.00022548,31.526,2.0649,2.9803,0.79093,-2.8461,0,0.33,0.32657,0.076359
725.23,-847.21,29.735,-2.2998,-2.0199,0.0064242,0.00021643,22.867,0.97028,4.5065,1.8367,-0.51929,0,0.33,0.33456,0.076407
793.14,-946.29,29.713,-2.2809,-2.2763,0.0066381,0.0002301,26.729,0.9692,3.7907,1.0125,-3.2137,0,0.33,0.32662,0.080409
672.92,-794.75,29.78,-2.2111,-2.0539,0.006243,0.00018891,19.691,-0.007813,5.349,1.7001,-1.0393,0,0.33,0.33458,0.080423
603.18,-699.47,29.784,-2.2188,-1.8156,0.006076,0.00014449,16.293,-0.15682,5.6194,2.7975,0.85045,0,0.33,0.34251,0.076428
455.64,-539.49,29.868,-2.0726,-1.6565,0.0058002,7.248e-05,10.119,-2.0764,7.0333,2.885,0.38334,0,0.33,0.35047,0.080456
491.82,-578.16,29.826,-2.1381,-1.6247,0.0058585,8.655e-05,11.521,-1.3019,6.3048,3.2303,0.55234,0,0.33,0.35047,0.076462
558.35,-653.51,29.828,-2.1426,-1.8486,0.005972,0.00011513,14.177,-1.026,6.3963,2.4188,0.44248,0,0.33,0.34251,0.080429
424.29,-531.17,29.795,-2.1794,-1.3749,0.0058145,7.6627e-05,10.292,-1.0688,4.6487,4.042,-1.5296,0,0.33,0.35846,0.068398
401.21,-501.83,29.835,-2.1184,-1.4146,0.0057682,6.6266e-05,9.1783,-1.7488,4.9425,3.4691,-1.3903,0,0.33,0.35851,0.072452
275.85,-376.04,29.938,-1.9844,-1.3072,0.0056514,4.922e-05,5.8255,-3.5247,3.7356,3.1708,-3.3036,0,0.33,0.36653,0.076503
238.91,-335.85,30.013,-1.9044,-1.1946,0.0056037,4.7423e-05,4.3333,-4.5448,2.802,3.0612,-4.0441,0,0.33,0.37449,0.076429
241.62,-318.43,30.114,-1.7753,-1.1262,0.0055654,4.7449e-05,3.1643,-6.0041,5.4732,3.1943,-2.9534,0,0.33,0.38246,0.080441
255.7,-343.48,30.084,-1.8156,-1.0871,0.0055749,4.6081e-05,3.4729,-5.518,4.3734,2.7652,-3.0976,0,0.33,0.38247,0.076286
216.61,-304.26,30.046,-1.8618,-1.2308,0.0055903,4.9126e-05,3.8938,-5.0916,3.4104,3.572,-3.9723,0,0.33,0.37446,0.08057
247.99,-341.11,29.974,-1.9361,-1.3393,0.0056314,4.905e-05,5.1968,-4.1367,4.2515,3.4845,-3.2391,0,0.33,0.36651,0.080594
373.26,-465.98,29.874,-2.0597,-1.4506,0.005729,5.8709e-05,8.1544,-2.4352,5.6199,3.2551,-1.2618,0,0.33,0.35852,0.076537
342.9,-431.11,29.914,-2.0034,-1.4814,0.0056959,5.3324e-05,7.2238,-3.1235,6.2463,3.2138,-1.2491,0,0.33,0.35852,0.080559
625.26,-744.71,29.824,-2.1265,-2.0816,0.0061017,0.00014747,17.006,-0.9717,6.3251,1.726,-1.3836,0,0.33,0.33458,0.084418
729.32,-878.22,29.76,-2.1844,-2.3051,0.0064048,0.00021218,22.787,-0.10472,4.809,1.3538,-3.482,0,0.33,0.32661,0.084415
464.62,-555.83,29.952,-1.9307,-1.911,0.0057739,6.3607e-05,9.5301,-3.5973,7.853,1.8582,0.0068259,0,0.33,0.34252,0.092433
482.89,-574.34,29.912,-2,-1.8959,0.0058248,7.6275e-05,10.821,-2.7468,7.7747,1.9397,0.011219,0,0.33,0.34252,0.088416
375.83,-458.26,30.019,-1.828,-1.7287,0.0056636,4.5954e-05,6.3706,-5.1119,7.3361,1.5208,-0.0086517,0,0.33,0.3505,0.096441
378.79,-460.73,29.984,-1.8901,-1.7177,0.0056873,4.9649e-05,7.0711,-4.3695,7.8752,1.7603,-0.041694,0,0.33,0.35051,0.092449
451.76,-540.62,29.992,-1.861,-1.9215,0.0057327,5.4396e-05,8.4144,-4.4325,7.9383,1.8369,0.074969,0,0.33,0.3425,0.096472
390.09,-470.82,29.947,-1.95,-1.7025,0.0057163,5.4906e-05,7.8945,-3.6143,8.2189,2.0666,-0.0095576,0,0.33,0.3505,0.088453
515.25,-608.35,29.87,-2.0699,-1.8753,0.0058893,9.2894e-05,12.353,-1.8894,7.2555,2.1274,0.14175,0,0.33,0.34252,0.08442
417.89,-499.68,29.908,-2.0099,-1.6823,0.0057532,6.2129e-05,8.9009,-2.849,7.8445,2.4729,0.14855,0,0.33,0.35048,0.084451
191.47,-271.87,30.081,-1.8242,-1.2632,0.0055783,5.1544e-05,3.4945,-5.6321,3.6734,3.9301,-3.9699,0,0.33,0.37447,0.084573
217.47,-306.8,30.011,-1.8918,-1.3662,0.0056142,5.014e-05,4.6448,-4.7461,4.4804,3.5891,-3.3602,0,0.33,0.36651,0.0846
226.03,-291.27,30.146,-1.7408,-1.1637,0.0055566,4.9213e-05,2.8734,-6.4824,6.4225,3.6772,-2.7785,0,0.33,0.38248,0.084427
286.16,-371.78,29.989,-1.8992,-1.5258,0.0056468,4.8513e-05,5.7605,-4.4908,6.8514,2.5996,-1.6724,0,0.33,0.35855,0.08856
279.64,-367.79,30.024,-1.8472,-1.5407,0.0056297,4.7097e-05,5.2471,-5.1643,5.9516,2.2342,-1.806,0,0.33,0.35855,0.092552
283.65,-374.11,30.058,-1.7909,-1.5518,0.0056155,4.581e-05,4.8205,-5.8302,4.7548,1.9812,-1.8287,0,0.33,0.35854,0.096531
309.83,-395.69,29.952,-1.95,-1.5063,0.0056686,5.0207e-05,6.4141,-3.8103,6.8308,2.9909,-1.4371,0,0.33,0.35853,0.084557
1894,20914,-1.6806,0.47185,7.6616,21.416,0.01953,954.85,-121.21,-442.97,-40.835,44.313,0,0.33,0.023575,0.10383
2134.7,21253,-1.6101,0.21306,7.9051,21.346,0.01964,940.84,-122.85,-441.46,-45.791,47.536,0,0.33,0.023573,0.099836
-299.85,27477,-1.9342,0.061577,5.1782,22.061,0.02315,821.23,-127.66,-442.72,-45.974,14.055,0,0.33,0.031447,0.095885
2530.5,21332,-1.5152,-0.040698,8.1136,21.244,0.019682,930.18,-123.92,-439.32,-50.726,49.9,0,0.33,0.023575,0.095843
-1604.3,27532,-2.0042,0.39562,4.9578,22.224,0.023039,832.47,-126.55,-446.04,-38.442,9.5619,0,0.33,0.031449,0.099874
-2033.6,27233,-2.0422,0.73458,4.7087,22.348,0.022837,847.13,-124.89,-448.09,-31.33,4.3659,0,0.33,0.031456,0.10386
-58631,-14330,-0.12866,0.18632,13.604,14.877,0.0065587,2686.6,-113.02,638.91,-34.206,1981,0,0.33,0.0078468,0.10772
2383.4,12667,-1.1638,0.45263,10.383,19.295,0.015044,1253.3,-115.56,-439.75,-40.185,90.933,0,0.33,0.015701,0.10777
-67211,-15540,-0.16883,0.28163,13.292,14.763,0.0063774,2694.5,-110.51,617.3,-32.914,1982.1,0,0.33,0.0078473,0.11172
-1.3756e+05,-39094,0.55359,0.089167,15.021,11.78,0.00086762,3895.6,-109.44,1679.5,-28.399,3839,0,0.33,0,0.11166
-1.1989e+05,-37484,0.58185,0.035093,15.332,11.878,0.00087181,3913,-111.83,1721.3,-28.369,3837.4,0,0.33,0,0.10767
2664.4,11806,-1.211,0.63397,10.065,19.209,0.014734,1281.4,-112.88,-440.62,-36.909,89.548,0,0.33,0.015704,0.11177
1802.5,20253,-1.7274,0.73574,7.3817,21.447,0.019339,972.67,-119,-443.72,-36.05,40.372,0,0.33,0.02358,0.10782
176.6,25393,-2.0291,1.4257,4.1151,22.425,0.022146,888.03,-119.83,-447.53,-18.508,-7.7017,0,0.33,0.031477,0.1119
-1194.6,26523,-2.0501,1.0781,4.4287,22.42,0.022535,865.52,-122.64,-448.66,-24.769,-1.4173,0,0.33,0.031465,0.10785
1853.6,19241,-1.7505,1.0049,7.063,21.429,0.019067,994.76,-116.23,-443.48,-31.274,35.833,0,0.33,0.02359,0.11184
-18915,31391,-2.0797,0.63373,2.1937,22.414,0.026851,786.83,-129.02,-436.13,-26.069,-40.755,0,0.33,0.039345,0.0999
-13330,31037,-2.0718,1.0404,1.9335,22.546,0.026389,804.52,-127.32,-437.85,-17.325,-47.527,0,0.33,0.039348,0.10389
-18684,31404,-2.0499,0.22837,2.4346,22.234,0.027144,772.99,-130.18,-433,-35.72,-34.388,0,0.33,0.039342,0.095896
-4623.9,31964,-1.5671,1.8602,-0.89333,22.429,0.026544,843.98,-125.76,-415.77,10.746,-121.33,0,0.33,0.047252,0.10798
-4290.5,31117,-0.53887,2.2773,-3.1474,22.575,0.02465,918.46,-124.65,-374.87,39.966,-203.46,0,0.33,0.055162,0.10808
-6713.9,25982,1.5921,3.0994,-5.1492,24.119,0.022222,1087.3,-119.09,-293.35,101.22,-313.25,0,0.33,0.063057,0.11213
-6892.6,27298,1.1911,2.6325,-4.9514,23.899,0.023067,1038.1,-121.75,-307.84,80.834,-294.2,0,0.33,0.06306,0.10812
-4204.6,29881,-0.2863,2.7493,-3.4101,22.578,0.023626,958.63,-121.83,-365.85,54.289,-218.74,0,0.33,0.055161,0.11208
-2133.1,30927,-1.4192,2.3141,-1.1907,22.367,0.025544,876.1,-122.87,-411.8,20.551,-132.28,0,0.33,0.047252,0.11202
190.35,-301.3,29.735,-2.043,-0.049101,0.0057257,6.7336e-05,7.1419,-1.644,2.0677,1.0851,-5.2677,0,0.33,0.39039,0
270.77,-396.67,29.633,-2.1787,0.065498,0.0058382,8.9498e-05,9.9101,-0.074001,2.9435,3.2535,5.7536,0,0.33,0.38246,-0.0039914
199.49,-307.84,29.74,-2.0484,0.054644,0.0057249,6.6488e-05,7.1484,-1.6545,2.3941,2.6403,4.8787,0,0.33,0.39039,-0.0039914
219.46,-323.32,29.758,-2.0502,0.11162,0.0057187,6.3924e-05,7.044,-1.6915,1.4065,3.3512,4.6404,0,0.33,0.39039,-0.0079758
282.89,-407.43,29.653,-2.1837,0.13023,0.0058275,8.6019e-05,9.7354,-0.12671,1.9655,3.3601,5.5352,0,0.33,0.38246,-0.0079758
160.73,-245.9,29.824,-1.9352,0.042132,0.0056612,6.0462e-05,5.4327,-3.005,1.4865,2.1228,3.44,0,0.33,0.39832,-0.0039915
170.39,-246.28,29.856,-1.9091,0.09876,0.005648,5.9216e-05,5.0986,-3.3592,0.50833,2.4137,3.0335,0,0.33,0.39832,-0.007976
147.23,-230.92,29.838,-1.909,-0.037229,0.0056518,6.1271e-05,5.158,-3.3246,1.2766,1.1643,-3.3881,0,0.33,0.39832,0
219.37,-305.95,29.808,-1.9912,0.39144,0.0056782,5.6536e-05,6.0799,-2.3913,6.5693,3.6785,4.2117,0,0.33,0.3904,-0.027913
206.99,-288.57,29.834,-2.0005,0.44611,0.0056631,5.5276e-05,5.7001,-2.6218,8.4219,4.5905,3.8623,0,0.33,0.3904,-0.031901
288.21,-392.28,29.711,-2.1229,0.45571,0.0057663,6.9053e-05,8.426,-0.91981,8.4128,4.2762,4.9793,0,0.33,0.38246,-0.027913
273.54,-374.8,29.741,-2.1281,0.51899,0.0057444,6.4828e-05,7.9246,-1.1755,9.1042,4.9493,4.6687,0,0.33,0.38247,-0.031901
217.68,-320.82,29.79,-1.9986,0.33361,0.0056904,5.8676e-05,6.3952,-2.1881,2.7841,2.2211,4.5373,0,0.33,0.39039,-0.023926
286.4,-407.23,29.689,-2.1288,0.3893,0.0057857,7.4459e-05,8.8776,-0.69565,4.7899,2.5925,5.3343,0,0.33,0.38246,-0.023925
167.92,-240.81,29.885,-1.8628,0.29475,0.0056287,5.7992e-05,4.6251,-3.7822,1.2881,1.9252,2.8751,0,0.33,0.39833,-0.023926
176.94,-241.23,29.884,-1.8766,0.35572,0.0056291,5.6738e-05,4.6562,-3.6505,4.4038,3.2022,2.9356,0,0.33,0.39833,-0.027913
160.05,-219.26,29.922,-1.8638,0.39354,0.0056114,5.8241e-05,4.171,-4.1524,5.2907,3.7972,2.4099,0,0.33,0.39833,-0.031901
280.97,-393.28,29.771,-2.1194,0.57945,0.0057267,6.0808e-05,7.552,-1.454,5.8039,4.1092,4.5456,0,0.33,0.38247,-0.035888
216.15,-308.5,29.862,-1.9981,0.49872,0.005651,5.3228e-05,5.4292,-2.8585,4.7691,3.9998,3.6367,0,0.33,0.3904,-0.035889
233.63,-334.95,29.885,-1.9694,0.54835,0.0056424,5.0874e-05,5.2453,-3.1246,1.8509,3.1041,3.5509,0,0.33,0.3904,-0.039877
297.83,-416.87,29.797,-2.0908,0.63635,0.0057113,5.6657e-05,7.2206,-1.7631,3.8522,3.1984,4.5056,0,0.33,0.38247,-0.039876
167.64,-236.27,29.932,-1.8928,0.44266,0.0056086,5.6674e-05,4.1466,-4.0666,3.3466,3.7907,2.3589,0,0.33,0.39833,-0.035889
169.47,-239.69,29.967,-1.8407,0.48212,0.0055973,5.67e-05,3.8477,-4.5791,0.43094,2.9056,2.0505,0,0.33,0.39834,-0.039878
229.31,-278.93,30.018,-1.8468,0.79668,0.0055859,5.0022e-05,3.6756,-4.8034,9.2607,4.9075,1.6854,0,0.33,0.39039,-0.060056
219.51,-273.14,30.052,-1.8346,0.84199,0.0055764,5.0564e-05,3.4204,-5.1915,8.6675,4.5915,1.4021,0,0.33,0.3904,-0.064061
269.51,-341.76,29.953,-1.9611,0.91493,0.0056199,4.634e-05,4.744,-3.6733,9.4541,5.3201,3.0786,0,0.33,0.38242,-0.060091
256.97,-335.37,29.99,-1.9404,0.96298,0.005606,4.6464e-05,4.3634,-4.1068,7.7662,4.619,2.9638,0,0.33,0.38244,-0.064085
235.51,-299.8,29.984,-1.8623,0.74742,0.0055977,4.9177e-05,4.0202,-4.428,7.7119,4.8055,2.0779,0,0.33,0.3904,-0.056018
281.46,-362.67,29.915,-1.9795,0.86142,0.0056375,4.6693e-05,5.2497,-3.2523,8.941,5.4411,3.3145,0,0.33,0.38245,-0.056031
171.33,-217.99,30.046,-1.7378,0.6544,0.005569,5.8036e-05,3.0838,-5.6863,4.5343,3.7628,0.84796,0,0.33,0.39834,-0.056014
176.44,-211.46,30.065,-1.7435,0.71295,0.0055647,5.7657e-05,2.971,-5.7779,6.8385,4.343,0.67275,0,0.33,0.39834,-0.06004
159.88,-196.5,30.103,-1.7148,0.73604,0.0055542,6.001e-05,2.6791,-6.3431,6.0189,4.1381,0.20163,0,0.33,0.39834,-0.06404
263.14,-353.59,30.024,-1.9064,1.0052,0.0055949,4.5644e-05,4.0706,-4.5558,4.881,3.6653,2.9714,0,0.33,0.38247,-0.068048
233.94,-304.75,30.084,-1.8085,0.88191,0.0055688,4.8926e-05,3.2422,-5.5841,5.2628,3.8116,1.3097,0,0.33,0.39041,-0.06807
249.74,-330.12,30.113,-1.7636,0.91928,0.0055627,4.7251e-05,3.0876,-5.9975,3.4571,3.0209,1.2942,0,0.33,0.39043,-0.072149
267.97,-361.42,30.055,-1.8606,1.0458,0.0055848,4.5156e-05,3.7842,-5.0293,3.7565,2.9396,3.0396,0,0.33,0.38248,-0.072102
177.88,-229.97,30.125,-1.7204,0.7842,0.0055514,5.682e-05,2.6519,-6.4718,3.895,3.8223,0.11409,0,0.33,0.39835,-0.068047
179.8,-236.15,30.159,-1.6571,0.80181,0.0055445,5.6846e-05,2.4651,-7.0261,1.6867,3.1014,-0.11802,0,0.33,0.39836,-0.072079
201.12,-242.69,30.252,-1.5926,1.1023,0.0055313,5.2436e-05,2.1256,-8.129,9.9379,2.396,1.0714,0,0.33,0.39044,-0.092204
181.71,-230.69,30.276,-1.5683,1.1341,0.0055269,5.374e-05,2.0088,-8.5658,9.3638,1.2764,1.405,0,0.33,0.39041,-0.096455
187.06,-247.61,30.208,-1.6817,1.2333,0.0055422,5.3458e-05,2.4169,-7.45,5.4974,2.1873,2.706,0,0.33,0.38249,-0.092316
164.12,-228.86,30.233,-1.6475,1.2635,0.0055368,5.5882e-05,2.2601,-7.9411,3.4345,0.73298,2.7354,0,0.33,0.38246,-0.096571
221.12,-263.2,30.223,-1.6179,1.0665,0.0055367,5.0745e-05,2.2856,-7.6934,9.2753,3.2687,0.88447,0,0.33,0.39045,-0.088157
208.78,-267.39,30.178,-1.7116,1.199,0.0055488,5.1147e-05,2.6185,-6.96,6.565,3.3739,2.7021,0,0.33,0.3825,-0.088312
167.68,-194.11,30.255,-1.514,0.92353,0.0055262,6.0302e-05,1.9402,-8.476,7.3233,3.3051,-0.62426,0,0.33,0.39836,-0.087997
163.04,-186.13,30.279,-1.5085,0.97708,0.0055236,6.0015e-05,1.8722,-8.7146,9.6048,3.123,-0.18337,0,0.33,0.39837,-0.092004
145.43,-170.52,30.309,-1.4758,0.97816,0.0055185,6.2564e-05,1.7335,-9.2283,9.0644,2.7847,-0.29968,0,0.33,0.39837,-0.096061
153.24,-220.2,30.251,-1.6057,1.2874,0.0055319,5.7464e-05,2.1195,-8.4224,1.0824,-0.32998,2.749,0,0.33,0.38244,-0.10066
187.54,-249.28,30.296,-1.5357,1.1596,0.005523,5.2717e-05,1.9119,-8.9864,7.0958,0.34184,1.928,0,0.33,0.39041,-0.10047
188.01,-256.51,30.312,-1.4941,1.1816,0.0055195,5.2218e-05,1.8117,-9.3992,6.1004,-0.16389,2.526,0,0.33,0.39043,-0.10427
141.57,-205.63,30.266,-1.5591,1.307,0.0055271,5.979e-05,1.9707,-8.8927,-0.15884,-0.50139,2.6166,0,0.33,0.38245,-0.10461
164.55,-207.59,30.329,-1.4704,1.0236,0.0055169,5.8235e-05,1.7178,-9.4755,7.9053,2.0966,0.45682,0,0.33,0.39837,-0.10006
164.54,-210.17,30.356,-1.416,1.0168,0.0055133,5.8501e-05,1.6173,-9.9523,6.7104,1.835,0.56826,0,0.33,0.39837,-0.10398
105.82,-142.66,30.387,-1.3423,1.2672,0.0055018,6.7925e-05,1.2729,-11.386,7.1429,-0.23444,2.203,0,0.33,0.39044,-0.12396
119.57,-164.97,30.403,-1.3107,1.2782,0.0054997,6.5063e-05,1.2406,-11.784,3.1486,0.7323,1.3132,0,0.33,0.39044,-0.12813
75.83,-95.009,30.369,-1.3792,1.3569,0.0055073,8.3643e-05,1.3662,-11.137,-2.3169,2.0635,-0.99732,0,0.33,0.38247,-0.12422
82.776,-98.11,30.396,-1.336,1.3561,0.0055054,7.8564e-05,1.3374,-11.575,-6.7291,2.8163,-2.0583,0,0.33,0.38246,-0.12833
109,-145.92,30.374,-1.3664,1.2528,0.0055047,6.6424e-05,1.3455,-10.988,8.816,-0.43947,2.6811,0,0.33,0.39044,-0.11994
75.003,-98.228,30.346,-1.4105,1.353,0.00551,8.4408e-05,1.4265,-10.697,0.4864,1.4745,0.11555,0,0.33,0.38248,-0.12026
118.92,-149.68,30.426,-1.2939,1.0906,0.0055022,6.4587e-05,1.2886,-11.387,10.042,-0.01049,1.8175,0,0.33,0.39838,-0.1199
110.85,-144.5,30.431,-1.2858,1.1363,0.0054999,6.5145e-05,1.2312,-11.672,10.344,-0.47444,2.6803,0,0.33,0.39838,-0.12392
121.27,-165.55,30.451,-1.2501,1.1235,0.0054974,6.3808e-05,1.1799,-12.101,7.4101,0.34936,1.8776,0,0.33,0.39838,-0.12809
87.722,-98.117,30.424,-1.2772,1.35,0.0055038,7.5091e-05,1.3042,-11.998,-10.323,2.9908,-2.6947,0,0.33,0.38244,-0.13256
149.75,-199.5,30.425,-1.2595,1.2821,0.0054981,6.0119e-05,1.217,-12.161,-1.6872,1.6548,0.63737,0,0.33,0.39043,-0.13243
154.39,-203.3,30.448,-1.1953,1.2823,0.0054965,5.9951e-05,1.1729,-12.525,-3.6225,1.7368,0.48288,0,0.33,0.3904,-0.13663
80.111,-84.958,30.451,-1.2125,1.3426,0.0055019,7.8769e-05,1.2432,-12.401,-11.282,2.757,-2.9474,0,0.33,0.3824,-0.13675
160.36,-219.42,30.459,-1.2257,1.1593,0.0054961,5.7489e-05,1.1744,-12.375,3.3231,1.2606,1.9867,0,0.33,0.39837,-0.13239
165.36,-224.98,30.488,-1.1565,1.1372,0.0054944,5.7093e-05,1.1291,-12.754,1.6477,1.5313,1.8028,0,0.33,0.39835,-0.1366
208.26,-315.53,29.771,-2.0444,0.17094,0.0057106,6.3181e-05,6.8489,-1.7792,-0.31999,0.87782,4.7994,0,0.33,0.39039,-0.011963
202.96,-313.31,29.772,-2.0284,0.2231,0.0057039,6.2227e-05,6.6975,-1.8982,-0.01714,-0.38803,4.7426,0,0.33,0.39039,-0.01595
282.54,-408.91,29.665,-2.1743,0.19794,0.0058151,8.2622e-05,9.4765,-0.21817,0.41271,0.74694,5.7196,0,0.33,0.38246,-0.011963
285.08,-411.53,29.667,-2.1578,0.26027,0.0058059,8.0053e-05,9.2955,-0.34587,1.1802,-0.12382,5.6116,0,0.33,0.38246,-0.01595
167.39,-249.79,29.854,-1.9312,0.15966,0.0056522,5.9061e-05,5.2386,-3.1113,-0.74846,1.0191,3.3035,0,0.33,0.39832,-0.011963
154.96,-237.07,29.87,-1.8924,0.19833,0.0056386,5.9364e-05,4.8699,-3.5369,-0.75995,0.18184,3.0045,0,0.33,0.39833,-0.01595
287.46,-412.03,29.674,-2.1439,0.32738,0.0057975,7.7804e-05,9.1423,-0.5028,2.6183,1.105,5.408,0,0.33,0.38246,-0.019938
212.67,-320.32,29.777,-2.0144,0.28001,0.005698,6.0428e-05,6.5819,-2.0278,1.4674,0.86721,4.5107,0,0.33,0.39039,-0.019938
167.12,-252.01,29.857,-1.9025,0.24527,0.0056423,5.792e-05,5.0084,-3.3346,0.15311,0.74844,3.088,0,0.33,0.39832,-0.019938
233.29,-331.6,29.907,-1.9391,0.60027,0.0056326,5.0233e-05,4.9977,-3.4202,2.4663,2.3584,3.4727,0,0.33,0.39041,-0.043868
230.05,-323.2,29.927,-1.9105,0.64884,0.0056217,4.9825e-05,4.7065,-3.7412,3.9845,2.5574,3.0061,0,0.33,0.39041,-0.04788
301.66,-415.62,29.821,-2.0594,0.69468,0.0056942,5.3288e-05,6.8051,-2.0976,4.4327,2.9207,4.3777,0,0.33,0.38247,-0.043868
297.24,-403.13,29.846,-2.0293,0.75055,0.0056762,5.0573e-05,6.3373,-2.4601,5.7526,3.5672,3.9589,0,0.33,0.38248,-0.047879
176.95,-252.46,29.974,-1.8338,0.53958,0.0055974,5.5058e-05,3.8936,-4.5556,-0.0011487,2.0291,2.2311,0,0.33,0.39834,-0.043871
166.34,-234.71,30.002,-1.7844,0.5695,0.0055846,5.6883e-05,3.526,-5.1013,1.1731,2.0514,1.6046,0,0.33,0.39834,-0.047889
291.85,-385.57,29.878,-2.0018,0.80694,0.005657,4.8195e-05,5.8146,-2.846,7.3564,4.7564,3.5536,0,0.33,0.38247,-0.051937
236.11,-315.8,29.952,-1.8839,0.69877,0.0056101,4.905e-05,4.3866,-4.0756,5.8353,3.9027,2.3951,0,0.33,0.39041,-0.051936
180.61,-244.08,30.008,-1.7804,0.62039,0.0055818,5.5299e-05,3.4743,-5.1332,3.2179,3.0531,1.2615,0,0.33,0.39834,-0.051939
242.47,-319.82,30.14,-1.7191,0.95827,0.0055561,4.7861e-05,2.8944,-6.424,4.3604,2.4712,1.3562,0,0.33,0.39044,-0.076263
234.64,-302.79,30.165,-1.6796,0.99467,0.0055493,4.8721e-05,2.6838,-6.8521,6.0105,2.5679,1.1815,0,0.33,0.39045,-0.080327
255.7,-343.48,30.084,-1.8156,1.0871,0.0055749,4.6081e-05,3.4729,-5.518,4.3734,2.7652,3.0976,0,0.33,0.38247,-0.076286
241.62,-318.43,30.114,-1.7753,1.1262,0.0055654,4.7449e-05,3.1643,-6.0041,5.4732,3.1943,2.9534,0,0.33,0.38246,-0.080441
192.09,-254.24,30.178,-1.6319,0.85343,0.0055431,5.4275e-05,2.4554,-7.2029,1.8789,2.4159,0.067086,0,0.33,0.39836,-0.076098
176.75,-227.28,30.205,-1.5755,0.86427,0.0055356,5.7228e-05,2.2234,-7.7476,3.2439,2.4389,-0.36095,0,0.33,0.39837,-0.080073
226.03,-291.27,30.146,-1.7408,1.1637,0.0055566,4.9213e-05,2.8734,-6.4824,6.4225,3.6772,2.7785,0,0.33,0.38248,-0.084427
230.05,-283.54,30.193,-1.6453,1.0311,0.0055428,4.9564e-05,2.478,-7.2729,7.8926,3.2215,0.90151,0,0.33,0.39045,-0.084272
186.5,-229.16,30.222,-1.5583,0.91292,0.0055329,5.6068e-05,2.1511,-7.9523,5.9179,2.9923,-0.44748,0,0.33,0.39837,-0.084042
167.66,-232.22,30.327,-1.4551,1.2027,0.0055158,5.4479e-05,1.6951,-9.8023,6.8654,-0.20194,3.0036,0,0.33,0.39044,-0.10813
146.7,-201.64,30.343,-1.4206,1.2211,0.0055119,5.7737e-05,1.5713,-10.201,7.7588,0.0010198,3.0692,0,0.33,0.39044,-0.11205
122.69,-179.37,30.282,-1.5142,1.3235,0.0055224,6.4254e-05,1.8149,-9.353,-0.25081,0.21583,2.29,0,0.33,0.38245,-0.10857
104.37,-148.68,30.302,-1.4735,1.3363,0.0055178,7.048e-05,1.6647,-9.8058,0.26581,1.0655,1.751,0,0.33,0.38246,-0.11253
165.57,-217.72,30.371,-1.3921,1.0628,0.0055121,5.6259e-05,1.5933,-10.206,7.5896,1.0169,1.783,0,0.33,0.39837,-0.10795
147.55,-188.18,30.395,-1.3466,1.0538,0.0055081,5.9757e-05,1.4685,-10.668,8.2331,0.92419,1.3391,0,0.33,0.39838,-0.11192
85.713,-118.49,30.324,-1.4391,1.3461,0.0055136,7.8582e-05,1.5303,-10.253,0.97343,1.3626,1.0558,0,0.33,0.38247,-0.11643
124.23,-170.6,30.359,-1.3905,1.2377,0.0055082,6.2146e-05,1.452,-10.596,8.6929,-0.1025,2.9604,0,0.33,0.39044,-0.116
136.26,-175.72,30.404,-1.3311,1.0985,0.0055059,6.0265e-05,1.4014,-10.935,9.945,0.30052,2.1696,0,0.33,0.39838,-0.11591
128.29,-170.99,30.469,-1.135,1.2839,0.0054944,6.6361e-05,1.1018,-12.882,-2.532,1.5745,0.38207,0,0.33,0.39039,-0.1407
104.23,-134.77,30.49,-1.0873,1.2846,0.0054921,7.548e-05,1.0209,-13.226,-0.48156,1.8346,0.10713,0,0.33,0.39035,-0.14477
61.464,-64.778,30.477,-1.1536,1.3363,0.0054996,8.8459e-05,1.1645,-12.791,-10.221,2.9213,-3.1454,0,0.33,0.38234,-0.14088
45.34,-48.752,30.503,-1.1062,1.3296,0.0054972,0.0001007,1.0869,-13.164,-8.1586,3.3782,-3.4429,0,0.33,0.38222,-0.14505
158.11,-220.05,30.501,-1.1038,1.1678,0.0054932,5.7317e-05,1.0971,-13.029,1.5069,1.4008,2.2568,0,0.33,0.39835,-0.14067
129.65,-178.03,30.525,-1.052,1.1463,0.0054907,6.3238e-05,1.0122,-13.379,3.4929,1.4942,1.9853,0,0.33,0.39836,-0.14466
30.755,-36.446,30.531,-1.0713,1.3228,0.0054948,0.0001166,1.0161,-13.528,-6.0452,3.2724,-3.8132,0,0.33,0.38215,-0.14914
78.391,-102.32,30.511,-1.05,1.2862,0.0054897,8.8149e-05,0.94502,-13.565,1.6426,1.9707,-0.21356,0,0.33,0.39028,-0.14887
61.468,-78.102,30.531,-1.0253,1.2887,0.0054876,9.8874e-05,0.88346,-13.886,2.5553,1.6691,-0.43488,0,0.33,0.39017,-0.15303
22.038,-26.584,30.555,-1.0483,1.3157,0.0054925,0.00012936,0.95603,-13.876,-5.5233,2.7418,-4.2457,0,0.33,0.38211,-0.15319
102.68,-143.33,30.536,-1.0181,1.1757,0.0054887,6.8999e-05,0.9438,-13.655,5.692,1.5841,2.0954,0,0.33,0.39835,-0.14868
83.48,-113.63,30.561,-0.98612,1.1572,0.0054865,7.5486e-05,0.88006,-13.973,7.1128,1.3808,2.0217,0,0.33,0.39831,-0.15274
112.12,-186.77,29.959,-1.7227,-0.027855,0.0055853,6.2934e-05,3.3347,-5.604,0.024673,1.5079,-4.4935,0,0.33,0.4143,0
116.35,-190.35,29.972,-1.7205,0.083129,0.005584,6.2361e-05,3.3129,-5.6423,0.1275,1.2121,4.3315,0,0.33,0.41429,-0.0079773
71.631,-137.92,30.148,-1.5294,0.063484,0.0055347,7.2053e-05,1.9705,-7.6865,0.011015,0.84211,6.0633,0,0.33,0.43036,-0.0079762
58.288,-111.45,30.244,-1.4431,0.050502,0.0055206,7.9798e-05,1.6034,-8.558,-0.12297,0.66851,5.2672,0,0.33,0.44184,-0.007976
60.577,-110.82,30.264,-1.4067,0.11708,0.0055172,8.0543e-05,1.527,-8.8202,-0.5157,0.38309,4.8253,0,0.33,0.44184,-0.015951
75.099,-140.61,30.156,-1.5129,0.13088,0.0055332,7.137e-05,1.9416,-7.7691,-0.42343,0.42823,5.962,0,0.33,0.43037,-0.015951
117.42,-191.77,29.984,-1.7061,0.16852,0.0055795,6.2027e-05,3.2128,-5.7678,-0.24911,0.68928,4.1572,0,0.33,0.41429,-0.015951
110.97,-170.38,30.025,-1.6834,0.33181,0.0055636,6.4585e-05,2.7933,-6.2515,3.9064,2.7605,3.6405,0,0.33,0.41429,-0.031908
115.94,-182.65,29.995,-1.6808,0.25036,0.0055731,6.2922e-05,3.0392,-5.9725,1.8127,1.4635,4.0565,0,0.33,0.41429,-0.023926
65.599,-120.21,30.183,-1.5047,0.25788,0.0055253,7.5839e-05,1.7372,-8.1705,3.8152,1.8835,5.4542,0,0.33,0.43037,-0.031904
69.811,-128.58,30.163,-1.4943,0.1971,0.0055301,7.3889e-05,1.8542,-7.9396,1.5781,0.90653,5.9392,0,0.33,0.43037,-0.023926
57.36,-103.89,30.258,-1.4092,0.18475,0.0055174,8.1718e-05,1.5226,-8.7762,0.94105,0.6741,5.243,0,0.33,0.44184,-0.023926
112.07,-175,30.061,-1.6725,0.40557,0.0055552,6.4241e-05,2.6038,-6.5938,1.5403,2.1788,3.206,0,0.33,0.4143,-0.039916
71.927,-129.94,30.209,-1.5004,0.31688,0.0055215,7.4012e-05,1.6663,-8.4257,1.1854,1.5126,4.959,0,0.33,0.43037,-0.039899
59.947,-106.71,30.294,-1.4193,0.28171,0.0055107,8.166e-05,1.3858,-9.1991,0.54399,1.2977,4.3629,0,0.33,0.44184,-0.039893
59.62,-104.37,30.319,-1.3547,0.33755,0.0055067,8.326e-05,1.2936,-9.6265,-1.0082,0.94075,4.0281,0,0.33,0.44184,-0.047929
74.382,-132.33,30.227,-1.4516,0.37327,0.0055186,7.3753e-05,1.5995,-8.7297,-0.38498,1.0236,4.8803,0,0.33,0.43032,-0.047944
116.95,-179.58,30.086,-1.6208,0.47758,0.0055484,6.3705e-05,2.4403,-6.9948,0.75715,1.538,2.8586,0,0.33,0.41428,-0.04797
59.399,-99.789,30.282,-1.4203,0.48289,0.0055089,8.1826e-05,1.3489,-9.5031,4.5984,2.5188,4.1468,0,0.33,0.43021,-0.064027
100.87,-140.93,30.161,-1.5685,0.61388,0.0055298,6.9752e-05,1.9372,-7.9672,5.1687,3.2452,1.908,0,0.33,0.41422,-0.064033
65.884,-111.1,30.248,-1.4179,0.43084,0.0055139,7.8673e-05,1.4691,-9.0998,3.0268,1.8536,4.7149,0,0.33,0.43025,-0.056013
109.8,-157.21,30.116,-1.5812,0.54831,0.005539,6.6829e-05,2.1772,-7.4594,4.0987,2.5576,2.4407,0,0.33,0.41423,-0.05603
54.697,-91.606,30.329,-1.3368,0.39809,0.0055053,8.6511e-05,1.246,-9.7881,1.3991,1.546,4.3059,0,0.33,0.44184,-0.056002
108.37,-157.4,30.206,-1.5311,0.66667,0.0055236,6.7629e-05,1.8076,-8.503,2.1553,2.4482,1.4625,0,0.33,0.41423,-0.072019
66.617,-115.69,30.316,-1.3962,0.52759,0.0055055,7.8466e-05,1.2922,-9.9071,0.95762,1.8818,3.7075,0,0.33,0.4302,-0.072008
55.104,-94.815,30.386,-1.3233,0.47991,0.0054985,8.6908e-05,1.11,-10.491,-0.085584,1.7479,3.3275,0,0.33,0.44184,-0.071989
65.857,-114.42,30.341,-1.3301,0.56734,0.0055027,7.9649e-05,1.2248,-10.336,-0.39191,1.3515,3.6303,0,0.33,0.43019,-0.079994
51.274,-89.089,30.414,-1.2466,0.52121,0.005495,9.0317e-05,1.0263,-10.992,-1.4115,1.1907,3.0475,0,0.33,0.44184,-0.079965
113.42,-160.58,30.24,-1.4576,0.7152,0.0055184,6.7183e-05,1.6801,-9.0671,1.8906,1.9656,1.118,0,0.33,0.41423,-0.079996
47.878,-77.88,30.402,-1.2728,0.63888,0.0054949,9.3917e-05,1.0239,-11.257,3.6264,2.4252,2.7375,0,0.33,0.43013,-0.096026
91.748,-114.77,30.326,-1.3769,0.79948,0.0055064,7.5759e-05,1.355,-10.25,6.5829,3.1451,0.42031,0,0.33,0.41423,-0.095968
51.195,-85.504,30.368,-1.2845,0.60507,0.0054986,9.0216e-05,1.1065,-10.796,2.9289,1.8921,3.3979,0,0.33,0.43014,-0.088024
98.01,-127.2,30.278,-1.4036,0.76027,0.0055119,7.3378e-05,1.492,-9.6565,5.5925,2.6932,0.76991,0,0.33,0.41423,-0.087979
41.254,-70.528,30.433,-1.2149,0.56482,0.0054932,9.9108e-05,0.96852,-11.282,0.82393,1.47,3.281,0,0.33,0.44184,-0.088013
109.8,-145.23,30.372,-1.3278,0.82742,0.0055031,6.972e-05,1.2986,-10.84,3.9269,2.6496,0.30211,0,0.33,0.41424,-0.10395
62.785,-101.47,30.438,-1.2313,0.66411,0.0054928,8.5407e-05,0.99971,-11.704,-0.67753,2.3171,2.1907,0,0.33,0.43014,-0.10402
45.117,-75.636,30.488,-1.1739,0.61937,0.0054881,9.7243e-05,0.87426,-12.076,-2.0542,1.9155,2.0882,0,0.33,0.44184,-0.10407
66.295,-102.81,30.47,-1.147,0.68633,0.0054909,8.6084e-05,0.95798,-12.152,-1.7277,2.0201,2.0563,0,0.33,0.43015,-0.11206
42.404,-70.277,30.516,-1.0855,0.64561,0.0054856,0.00010199,0.81839,-12.542,-3.2025,1.3712,1.7031,0,0.33,0.44184,-0.11218
116.2,-153.04,30.411,-1.2496,0.85684,0.0055001,6.766e-05,1.2261,-11.432,4.0869,1.9341,0.46699,0,0.33,0.41425,-0.11195
51.653,-72.619,30.532,-1.0698,0.73182,0.0054857,0.00010403,0.818,-13.047,3.372,2.3608,1.479,0,0.33,0.43023,-0.12828
93.634,-122.13,30.479,-1.1638,0.92102,0.0054921,7.3701e-05,1.0131,-12.592,6.9021,1.8319,1.1919,0,0.33,0.41429,-0.12815
49.291,-72.3,30.501,-1.0887,0.7093,0.0054881,0.00010357,0.86872,-12.61,2.5395,1.9559,2.0076,0,0.33,0.43018,-0.12014
93.28,-118.5,30.446,-1.1947,0.89089,0.0054958,7.4143e-05,1.0988,-12.026,7.5161,1.5822,0.8444,0,0.33,0.41427,-0.12001
30.312,-50.757,30.542,-1.0372,0.66825,0.0054844,0.00012068,0.77252,-12.87,-0.4394,1.1912,1.7899,0,0.33,0.44184,-0.12028
124.41,-168.57,30.517,-1.0945,0.93892,0.00549,6.5226e-05,0.98879,-13.122,2.45,2.3278,1.4327,0,0.33,0.41431,-0.13639
76.647,-107.55,30.568,-1.0151,0.74922,0.0054846,8.5689e-05,0.81995,-13.456,-1.1256,3.1632,0.96506,0,0.33,0.43026,-0.1364
48.769,-70.311,30.587,-0.97122,0.69783,0.0054814,0.00010365,0.73058,-13.614,-2.907,2.6882,0.20998,0,0.33,0.44184,-0.13645
76.774,-106.81,30.611,-0.91981,0.75893,0.0054835,8.5933e-05,0.79449,-13.849,-1.9126,3.0855,1.229,0,0.33,0.43028,-0.14446
45.979,-65.656,30.618,-0.87866,0.71145,0.0054798,0.00010875,0.6943,-13.989,-3.5177,2.5694,0.24867,0,0.33,0.44184,-0.14447
119.63,-162.56,30.557,-0.99276,0.95155,0.0054878,6.6371e-05,0.92974,-13.628,2.4755,2.2279,1.9098,0,0.33,0.41435,-0.1445
46.593,-65.723,30.645,-0.85337,0.76656,0.0054812,0.00011658,0.71906,-14.238,2.8148,1.7601,1.4878,0,0.33,0.43029,-0.15247
28.369,-41.785,30.661,-0.82015,0.71499,0.0054789,0.00014185,0.65606,-14.307,0.015218,1.5094,0.41499,0,0.33,0.44184,-0.15247
77.821,-106.2,30.591,-0.9261,0.96511,0.0054844,7.852e-05,0.82326,-14.113,6.6694,1.6728,2.237,0,0.33,0.41437,-0.15252
8969.5,1490.3,-1.0743,1.8117,-7.384,17.285,0.011418,1574.6,-85.805,-433.55,-17.067,-70.222,0,0.33,0.015659,-0.13594
-1.2367e+05,-30182,-0.11272,0.91154,-10.527,13.402,0.0047565,2816.4,-83.865,452.3,-25.288,-1996.7,0,0.33,0.007754,-0.13589
7377.3,4179.2,-1.1474,1.6041,-7.9221,17.83,0.012236,1512.4,-91.446,-437.71,-20.378,-74.321,0,0.33,0.01568,-0.13191
-1.137e+05,-26623,-0.15934,0.79945,-11.099,13.728,0.0050635,2790.9,-89.52,485.33,-26.648,-1995.2,0,0.33,0.0077812,-0.13186
-2.3776e+05,-52859,0.55509,0.38029,-12.792,11.171,0.0008346,3827.7,-88.859,1413.4,-29.111,-3873.9,0,0.33,0,-0.13183
-1.0405e+05,-23477,-0.19038,0.6902,-11.624,14.01,0.0053623,2766.1,-94.736,516.01,-27.973,-1993,0,0.33,0.007807,-0.12782
-2.1645e+05,-48975,0.53315,0.31865,-13.331,11.316,0.00084268,3840.3,-94.028,1476.8,-29.095,-3866.5,0,0.33,0,-0.12779
6023.6,6232.2,-1.2001,1.4001,-8.4216,18.269,0.012893,1455,-96.673,-439.86,-23.678,-78.294,0,0.33,0.015698,-0.12789
-2.6002e+05,-57053,0.58861,0.44465,-12.201,11.012,0.00082568,3813.1,-83.239,1343.9,-29.135,-3880.2,0,0.33,0,-0.13587
4234.4,9857.7,-1.4114,2.6663,-4.4947,19.392,0.015626,1241.7,-89.098,-427.73,-4.8112,-1.3348,0,0.33,0.023577,-0.136
3641.3,11988,-1.5221,2.3812,-4.9936,20.054,0.016597,1185.6,-94.666,-433.16,-9.1548,-7.8577,0,0.33,0.023591,-0.13199
3135.9,13632,-1.6114,2.0998,-5.4642,20.561,0.01729,1135.7,-99.843,-436.62,-13.471,-14.133,0,0.33,0.023603,-0.12797
2458.8,16341,-1.3618,3.4743,-1.7292,19.969,0.017639,1126.7,-92.652,-421.01,16.622,59.522,0,0.33,0.03148,-0.13607
2188.4,18067,-1.5365,3.1325,-2.1787,20.774,0.018944,1071.9,-98.239,-428.3,9.5216,47.602,0,0.33,0.03149,-0.13206
-1.34e+05,-34070,-0.050405,1.0258,-9.9049,13.029,0.0044444,2841.6,-77.816,416.7,-24.01,-1997.2,0,0.33,0.0077266,-0.13992
10776,-1760.2,-0.98068,2.0191,-6.8059,16.626,0.010514,1641,-79.792,-427.33,-13.791,-65.91,0,0.33,0.015636,-0.13997
-1.4467e+05,-38282,0.02706,1.1417,-9.2331,12.606,0.0041296,2865.6,-71.454,378.32,-22.878,-1996.4,0,0.33,0.0076995,-0.14396
-3.072e+05,-66236,0.69013,0.58158,-10.857,10.641,0.00080507,3774.4,-70.888,1184.3,-29.468,-3888.1,0,0.33,0,-0.14394
-2.8323e+05,-61474,0.63373,0.51174,-11.557,10.836,0.00081588,3795.6,-77.223,1267.7,-29.238,-3885.2,0,0.33,0,-0.1399
12733,-5323.4,-0.86677,2.2239,-6.1886,15.844,0.0095834,1710.7,-73.487,-419.44,-10.573,-61.097,0,0.33,0.015614,-0.14399
4961.3,7085.7,-1.2785,2.9503,-3.9668,18.555,0.014342,1304.2,-83.178,-419.85,-0.24443,5.7798,0,0.33,0.023562,-0.14002
3555.2,11155,-0.89504,4.1461,-0.77728,17.825,0.01415,1263.4,-80.656,-394.72,40.563,94.191,0,0.33,0.031456,-0.1441
5837.1,3893.5,-1.1215,3.2286,-3.4095,17.536,0.012879,1372.9,-76.989,-409.59,5.1371,14.419,0,0.33,0.023545,-0.14404
2860.1,14031,-1.1521,3.8149,-1.2603,18.972,0.015973,1190.3,-86.749,-410.27,26.203,74.441,0,0.33,0.031468,-0.14009
733.21,22059,-1.0863,3.8284,0.44238,20.584,0.019412,1059.6,-100.67,-405.31,41.819,123.54,0,0.33,0.03938,-0.13214
-78.477,22849,0.060258,4.4323,2.7285,20.751,0.01831,1137.7,-101.6,-352.86,99.849,227.2,0,0.33,0.04727,-0.13222
1184.3,20318,-0.78815,4.2082,0.82603,19.787,0.017659,1123.7,-95.131,-392.14,58.061,145.48,0,0.33,0.039372,-0.13615
1587.5,20598,0.58802,4.8113,2.998,20.388,0.01674,1222.5,-96.309,-328.7,131.84,260.01,0,0.33,0.047264,-0.13622
4569.6,17708,1.2542,5.1599,3.227,20.19,0.015279,1325.4,-90.831,-297.19,174.85,299.14,0,0.33,0.047256,-0.14023
9791.2,14403,4.0057,5.4627,4.6186,23.623,0.015623,1510.5,-91.304,-196.71,284.42,421.34,0,0.33,0.055149,-0.14027
4721.8,17621,2.9724,5.1805,4.5887,23.029,0.016552,1392.2,-96.398,-235.64,228.38,381.74,0,0.33,0.055154,-0.13626
14895,7233.5,9.206,5.5799,5.1003,28.706,0.016145,1775.3,-86.164,-58.559,436.2,529.84,0,0.33,0.063036,-0.14425
16168,10874,5.2684,5.6825,4.564,24.47,0.014856,1642.9,-86.163,-153.25,351.19,462.15,0,0.33,0.055142,-0.14429
14299,10158,7.631,5.4542,5.3494,27.929,0.016729,1667.5,-90.894,-96.791,374.46,504.31,0,0.33,0.06304,-0.14019
9291.2,14245,2.1054,5.464,3.3974,20.279,0.014006,1450,-85.282,-257.98,231.99,344.93,0,0.33,0.047248,-0.14424
8788.8,13028,6.2804,5.2603,5.5112,27.093,0.017345,1560.8,-95.572,-134.15,317.82,475.06,0,0.33,0.063045,-0.13616
2218,17930,-0.41418,4.5776,1.2067,18.924,0.015804,1201.7,-89.343,-372.77,81.7,173.29,0,0.33,0.039363,-0.14016
4323.8,14894,0.068525,4.9241,1.5692,18.121,0.014026,1297,-83.455,-345.72,116.6,208.94,0,0.33,0.039353,-0.14417
14782,-9013.1,-0.73306,2.4254,-5.5335,14.939,0.0086421,1782.6,-67,-410.06,-7.2519,-55.375,0,0.33,0.015591,-0.14802
16866,-12701,-0.5788,2.6241,-4.8428,13.915,0.007706,1855.2,-60.452,-399.16,-3.2471,-47.877,0,0.33,0.015569,-0.15205
-1.5565e+05,-42862,0.119,1.2591,-8.5114,12.13,0.0038145,2887.4,-64.88,337.02,-21.918,-1994.1,0,0.33,0.0076731,-0.14799
-1.6699e+05,-47908,0.22467,1.3788,-7.74,11.603,0.0035011,2906.1,-58.212,292.79,-21.154,-1990.2,0,0.33,0.007649,-0.15202
-3.3181e+05,-71543,0.75738,0.65464,-10.102,10.427,0.00079313,3748.7,-64.332,1093.6,-29.868,-3888.7,0,0.33,0,-0.14797
-3.5706e+05,-77684,0.83483,0.73183,-9.2892,10.191,0.00077975,3718.1,-57.665,995.35,-30.561,-3887,0,0.33,0,-0.15201
6886.5,642.03,-0.93562,3.4993,-2.8257,16.343,0.011382,1447.1,-70.648,-397.09,12.743,26.228,0,0.33,0.023528,-0.14807
8319.8,-2458.7,-0.7091,3.763,-2.221,15.014,0.0099078,1526.3,-64.282,-381.95,26.193,44.054,0,0.33,0.023511,-0.15209
4902.8,8110,-0.56757,4.4614,-0.29012,16.62,0.012372,1347.9,-74.486,-373.9,63.973,121.87,0,0.33,0.031442,-0.14812
7657.9,5114.6,-0.12497,4.7573,0.18577,15.501,0.010728,1450.5,-68.349,-346.57,104.16,161.39,0,0.33,0.031429,-0.15214
23500,7228.9,6.8011,5.829,4.4116,25.511,0.014212,1785.9,-81.06,-106.63,428.73,501.63,0,0.33,0.055136,-0.1483
15301,3669,8.6415,5.8922,4.151,26.579,0.013624,1932.1,-76.078,-58.76,515.12,535.93,0,0.33,0.055128,-0.15231
15957,10443,3.2006,5.7097,3.4884,20.768,0.012939,1599.1,-79.765,-211.57,306.48,396.83,0,0.33,0.047239,-0.14825
24508,6488.1,4.6101,5.8828,3.4768,21.716,0.012098,1773.5,-74.37,-158.71,400.61,452.49,0,0.33,0.04723,-0.15225
5413.3,4379.4,11.022,5.6319,4.7602,29.222,0.015559,1877.3,-81.472,-21.067,500.7,548.67,0,0.33,0.063032,-0.1483
-16258,1735,13.08,5.6065,4.3314,29.19,0.014876,1963.6,-76.914,13.85,563.84,557.25,0,0.33,0.063028,-0.15234
8122.2,11509,0.70993,5.2352,1.8938,17.553,0.012449,1414.9,-77.572,-310.58,168.2,254.83,0,0.33,0.039342,-0.14818
14329,7937,1.5848,5.5005,2.1553,17.42,0.011151,1564.8,-71.789,-266.31,243.67,312.42,0,0.33,0.039331,-0.15219
-8507.4,4935.4,13.48,5.2349,5.1486,30.508,0.016936,1802.2,-85.37,9.6523,475.09,541.77,0,0.33,0.07094,-0.14418
-615.59,7078.7,11.746,5.1857,5.5252,30.714,0.017686,1737.2,-89.651,-18.124,427.39,534.61,0,0.33,0.070941,-0.14016
5612.1,9227.6,10.197,5.0727,5.8275,30.482,0.018339,1662.3,-93.867,-47.434,379.81,521.02,0,0.33,0.070942,-0.13615
-24689,4189.3,17.759,4.7534,4.8738,28.517,0.016527,1723.4,-83.719,48.549,474.81,509.98,0,0.33,0.078892,-0.14429
-19638,5675.8,16.006,4.7544,5.3087,30.145,0.017663,1706.3,-87.553,31.732,445.1,518.74,0,0.33,0.078875,-0.14025
-14761,4151.1,25.073,3.7488,3.9945,16.164,0.01212,1312.6,-79.011,61.779,377.06,378.61,0,0.33,0.094835,-0.1446
-19639,4162.9,21.708,4.2331,4.4431,23.176,0.014814,1555.1,-81.512,63.999,441.82,453.78,0,0.33,0.086901,-0.14451
-15606,5190.1,23.643,3.7789,4.3906,19.469,0.013873,1388.9,-82.043,61.544,386.45,413.86,0,0.33,0.094836,-0.1406
-19846,5233.9,20.06,4.2581,4.8796,26.006,0.016345,1585.8,-84.924,56.459,431.16,475.61,0,0.33,0.086898,-0.1405
-771.03,-98.566,30.953,2.5583,3.2046,0.67628,0.0025538,242.45,-65.618,6.2336,53.093,49.726,0,0.33,0.12661,-0.14457
-2881.3,826.03,30.496,2.7677,3.2445,1.896,0.0040966,429.95,-69.255,15.877,105.25,104.98,0,0.33,0.1187,-0.14441
-1555.8,364.47,30.75,2.5739,3.3575,1.114,0.0032655,315.3,-67.389,9.7172,70.926,71.724,0,0.33,0.12662,-0.14044
-4068.2,1670.8,30.077,2.7856,3.4389,2.9221,0.005119,536.3,-71.348,21.133,133.5,141.05,0,0.33,0.11869,-0.14038
-6095.6,2182.2,29.484,3.0227,3.37,4.6147,0.0062595,699.38,-72.74,30.82,187.21,187.44,0,0.33,0.11068,-0.14465
-7612,3321.5,28.741,3.0437,3.6267,6.5674,0.007651,823.34,-75.138,36.614,220.53,233.03,0,0.33,0.11068,-0.14065
-10251,3508.7,27.7,3.3454,3.6189,9.4661,0.0090493,1012.6,-76.032,47.767,285.93,284.39,0,0.33,0.10275,-0.14465
-11622,4672.3,26.589,3.3718,3.949,12.367,0.010741,1124.7,-78.74,51.928,312.38,329.03,0,0.33,0.10275,-0.14065
-24472,2743.3,19.614,4.7003,4.393,26.119,0.015176,1715.7,-79.903,61.724,496.65,491.86,0,0.33,0.078913,-0.14833
-23543,1468.6,21.536,4.5989,3.8792,22.906,0.013588,1674.8,-76.173,70.401,506.56,462.7,0,0.33,0.078943,-0.15239
-21479,2883.5,15.395,5.2188,4.7014,29.647,0.016028,1850,-81.125,34.55,519.59,540.02,0,0.33,0.070942,-0.14821
-29866,1063.6,17.468,5.1385,4.1933,27.901,0.014901,1870.8,-76.999,55.198,556.27,526.84,0,0.33,0.070953,-0.15224
-18854,3082.5,23.378,4.1701,3.9839,19.784,0.013099,1494.8,-78.091,67.902,440.97,422.42,0,0.33,0.086904,-0.14851
-17403,2045.3,25.018,4.0741,3.5161,15.979,0.011232,1398.4,-74.72,67.681,425.31,380.57,0,0.33,0.086911,-0.15252
-13396,3067.6,26.443,3.693,3.5955,12.715,0.010292,1206.2,-75.953,58.812,354.94,334.7,0,0.33,0.094833,-0.14859
-11526,1986.9,27.7,3.6166,3.2073,9.3575,0.0084575,1068.4,-72.917,52.698,319.04,283.15,0,0.33,0.094833,-0.15259
-1718.4,167.77,30.806,2.7449,3.0634,1.1539,0.0031954,331.65,-67.17,10.79,79.067,73.958,0,0.33,0.11869,-0.14844
-756.73,-314.53,31.02,2.7179,2.8959,0.65725,0.002421,246.71,-65.107,6.7976,56.489,49,0,0.33,0.11867,-0.15249
-4542.4,1174,30.088,2.9917,3.1292,3.0326,0.0049879,569.67,-70.34,24.096,150.92,143.03,0,0.33,0.11068,-0.14865
-3097.2,353.65,30.549,2.9536,2.9087,1.8507,0.0038643,442.84,-67.966,17.324,114.81,102.69,0,0.33,0.11068,-0.15265
-91.247,-429.03,31.09,2.5396,3.0602,0.38895,0.00194,182.09,-63.845,3.6968,38.17,32.717,0,0.33,0.12661,-0.14862
409.3,-669.5,31.174,2.5162,2.9221,0.21322,0.0014274,135.15,-62.106,2.7788,26.317,20.269,0,0.33,0.12661,-0.15265
-8544.2,2351.6,28.687,3.3024,3.2999,6.8032,0.0074092,878.74,-73.307,41.409,249.91,235.06,0,0.33,0.10275,-0.14864
-6637.5,1281.8,29.517,3.2471,3.0019,4.5417,0.005882,728.95,-70.605,33.463,206.55,183.98,0,0.33,0.10275,-0.15264
261.35,-515.68,31.095,2.373,3.2124,0.22265,0.0014914,135.67,-62.044,1.644,26.616,21.69,0,0.33,0.13456,-0.1444
-137.77,-313.28,31.004,2.3875,3.3408,0.38077,0.0019598,177.1,-63.5,3.4881,35.855,32.706,0,0.33,0.13456,-0.14038
557.49,-653.43,31.093,2.2082,3.2457,0.071802,0.00081206,81.444,-58.565,-0.83211,14.982,9.3056,0,0.33,0.1425,-0.14436
457.03,-574.2,31.049,2.2222,3.3604,0.1216,0.0010853,102.52,-59.739,-0.3515,19.741,13.955,0,0.33,0.1425,-0.14036
663.76,-715.96,30.968,1.893,3.3428,0.012556,0.00029633,41.605,-51.755,-0.12753,8.361,3.6047,0,0.33,0.1586,-0.1442
648.57,-697.05,31.039,2.0514,3.2937,0.025998,0.0004477,55.133,-55.116,-1.3489,10.363,5.0012,0,0.33,0.15055,-0.14423
644.86,-689.03,30.938,1.909,3.4528,0.016814,0.00033961,47.97,-52.506,-2.1999,11.382,4.2851,0,0.33,0.15861,-0.14015
610.5,-657.89,31.008,2.0658,3.4032,0.040797,0.00057729,66.122,-56.066,-2.3117,13.602,6.699,0,0.33,0.15055,-0.14022
819.83,-906.31,30.648,1.2201,3.4466,0.0067773,0.00018992,23.049,-39.78,3.3368,2.8805,0.77455,0,0.33,0.19066,-0.14438
799.56,-874.37,30.736,1.3999,3.4353,0.0070522,0.00022743,25.749,-42.573,2.3508,4.1791,0.29559,0,0.33,0.18258,-0.14412
852.42,-950.76,30.621,1.2348,3.5717,0.0069883,0.00022107,25.615,-39.924,1.5488,5.8507,1.2674,0,0.33,0.19066,-0.14039
809.6,-890.72,30.707,1.4164,3.5564,0.0073253,0.00024623,28.534,-42.849,0.21556,7.3518,0.86686,0,0.33,0.18258,-0.14012
760.8,-815.07,30.825,1.5754,3.4078,0.0075239,0.00024859,29.154,-45.592,2.2017,5.7254,1.7573,0,0.33,0.1746,-0.14425
759.25,-820.57,30.795,1.5934,3.5244,0.0079975,0.00024717,32.416,-46.011,-0.38885,8.9308,2.3359,0,0.33,0.1746,-0.14024
685.74,-745.33,30.898,1.7413,3.3788,0.008698,0.00025593,33.95,-48.671,1.7049,7.1019,3.05,0,0.33,0.1666,-0.14425
675.02,-733.9,30.865,1.7566,3.4917,0.0099648,0.00025929,38.188,-49.16,-0.7703,10.196,3.6113,0,0.33,0.16659,-0.14013
643.72,-736.29,31.12,2.1901,3.1304,0.042257,0.00060025,65.651,-57.377,-0.096101,10.406,6.0412,0,0.33,0.14251,-0.14838
732.89,-827.71,31.129,2.1638,3.0122,0.025546,0.00044875,54.037,-56.184,1.8547,6.5448,3.7,0,0.33,0.14253,-0.15245
502.37,-668.3,31.151,2.3559,3.0868,0.12537,0.0011006,103.71,-60.587,0.95126,18.845,13.67,0,0.33,0.13457,-0.14844
647.27,-797.73,31.181,2.3328,2.962,0.06938,0.00079309,80.322,-59.148,1.8194,12.647,8.0345,0,0.33,0.13459,-0.15254
698.8,-757.03,31.056,2.0298,3.1817,0.017407,0.00035854,46.878,-54.139,0.74752,6.831,3.7072,0,0.33,0.15055,-0.14827
757.34,-824.2,31.059,1.9959,3.0667,0.012586,0.0003044,40.567,-53.153,3.5727,3.8179,2.7059,0,0.33,0.15055,-0.15231
694.44,-758.38,30.985,1.8692,3.2296,0.010097,0.00027308,36.682,-51.026,2.6743,5.0907,2.9614,0,0.33,0.15858,-0.14837
715.52,-791.57,30.988,1.8316,3.1148,0.0086931,0.0002573,32.647,-50.259,5.4838,2.6513,2.4949,0,0.33,0.15856,-0.15244
773.45,-843.94,30.751,1.3768,3.3149,0.0068331,0.00019447,23.248,-42.286,4.4351,1.769,-0.14966,0,0.33,0.18258,-0.14811
729.42,-791.97,30.758,1.3474,3.1973,0.0066389,0.00016067,20.721,-41.985,5.8413,1.0177,-0.40986,0,0.33,0.18257,-0.15212
751.64,-805.22,30.841,1.5485,3.2921,0.0071891,0.00022908,26.361,-45.163,4.9965,2.878,1.2874,0,0.33,0.17459,-0.14828
719.14,-774.95,30.844,1.5109,3.1777,0.0069278,0.00019387,23.675,-44.658,6.8461,1.5721,0.9588,0,0.33,0.17456,-0.15222
776.86,-851.68,30.663,1.1997,3.3242,0.0065973,0.00015955,20.647,-39.639,4.9457,0.9833,0.34813,0,0.33,0.19066,-0.14838
718.55,-786.55,30.673,1.1749,3.2067,0.0064319,0.00013139,18.194,-39.502,5.7007,0.95937,0.18781,0,0.33,0.19065,-0.15242
701.27,-764.96,30.915,1.7132,3.2654,0.0079329,0.0002508,30.495,-48.095,4.5478,3.9828,2.5441,0,0.33,0.16659,-0.14827
698.98,-769.67,30.92,1.6753,3.1515,0.0074383,0.00022839,27.417,-47.498,6.8035,2.1523,2.2202,0,0.33,0.16659,-0.1523
804.53,-915.16,30.574,1.026,3.441,0.0065765,0.00015521,20.727,-36.881,1.2198,1.9412,2.2989,0,0.33,0.19862,-0.14447
854.93,-986.66,30.548,1.0336,3.5704,0.0067621,0.00018366,23.239,-36.898,0.2208,4.5577,2.6867,0,0.33,0.19862,-0.14046
750.94,-890.78,30.518,0.8338,3.4476,0.0064025,0.00012763,18.506,-34.234,-1.545,1.4306,2.7396,0,0.33,0.20665,-0.14501
811.77,-971.67,30.492,0.83606,3.5778,0.0065722,0.0001536,21.031,-34.144,-1.688,3.4922,3.0778,0,0.33,0.20663,-0.14088
673.94,-802.95,30.536,0.83157,3.3245,0.0062542,0.00010491,16.09,-34.319,-1.9415,0.79587,2.761,0,0.33,0.20665,-0.14904
586.2,-710.34,30.555,0.83228,3.2086,0.0061233,8.5131e-05,13.761,-34.39,-3.0148,2.1467,3.0398,0,0.33,0.20665,-0.15307
736.8,-833.88,30.59,1.0144,3.3176,0.0064136,0.0001299,18.305,-36.88,1.9924,0.59428,2.1019,0,0.33,0.19862,-0.1485
646.6,-745.57,30.604,1.0027,3.2011,0.0062664,0.00010677,15.905,-36.892,1.6465,1.3821,2.1483,0,0.33,0.1986,-0.15259
41.008,-57.087,30.715,-0.53754,-0.66758,0.0054705,0.00012342,0.51254,-15.865,-1.0921,0.11623,0.62826,0,0.33,0.44184,0.2084
58.862,-90.52,30.735,-0.5526,-0.69739,0.0054725,9.493e-05,0.56057,-16.102,1.3916,0.19137,0.15255,0,0.33,0.43022,0.20849
19.479,-36.021,30.714,-0.42365,-0.7041,0.0054686,0.00014674,0.46399,-16.368,-0.16696,-0.19035,0.055122,0,0.33,0.44184,0.22463
30.371,-37.918,30.719,-0.41919,-0.85065,0.0054712,0.0001184,0.52053,-16.746,4.7589,-1.4313,-1.008,0,0.33,0.4139,0.22514
81.282,-118.84,30.73,-0.50467,-0.91501,0.0054737,8.0747e-05,0.60116,-16.487,3.6839,-0.15403,-0.96694,0,0.33,0.41409,0.20899
45.767,-62.126,30.729,-0.43882,-0.91683,0.0054729,9.5577e-05,0.57264,-16.657,7.6002,-2.2414,-1.6076,0,0.33,0.41395,0.21714
23.515,-38.008,30.726,-0.3394,-0.61115,0.005468,0.00014764,0.4528,-16.347,0.81333,-0.077697,-0.010693,0,0.33,0.44184,0.24071
25.818,-41.674,30.731,-0.34096,-0.81796,0.0054695,0.00012916,0.47943,-17.106,0.70053,-0.0512,-0.11452,0,0.33,0.41393,0.24103
72.815,-121.86,31.063,0.74748,0.23594,0.0062592,7.9371e-05,9.0779,-30.903,1.2745,0.74112,-5.9017,0,0.33,0.063166,0.28859
46.428,-77.555,31.031,0.61157,0.17922,0.0061089,9.5127e-05,8.302,-28.324,0.21499,0.066983,-5.0368,0,0.33,0.063183,0.30798
68.07,-103.75,31.104,0.88595,-0.42927,0.0057709,9.0355e-05,4.2228,-31.324,-0.64356,-0.11276,-0.1851,0,0.33,0.12671,0.28893
44.085,-64.41,31.047,0.75121,-0.35891,0.0057066,0.00011218,3.2966,-28.44,-1.1204,-0.39307,-0.012954,0,0.33,0.12676,0.30798
33.82,-49.889,30.996,0.59491,-0.70781,0.0055251,0.00012421,1.1124,-26.562,-0.19445,-0.5194,0.1076,0,0.33,0.1905,0.30798
52.48,-78.375,31.048,0.67149,-0.83656,0.0055468,0.00010027,1.4507,-28.983,0.15965,-0.49701,0.023926,0,0.33,0.19051,0.289
24.926,-37.468,30.909,0.33193,-0.82957,0.0054808,0.00014278,0.59147,-23.496,0.38362,-0.55073,0.18549,0,0.33,0.25421,0.30798
37.094,-56.711,30.946,0.34982,-0.96346,0.0054873,0.00011637,0.70304,-25.202,0.48489,-0.54881,0.20713,0,0.33,0.25427,0.28937
16.683,-25.543,30.821,0.095799,-0.78702,0.0054706,0.00017443,0.46309,-20.454,0.43791,-0.42933,0.2046,0,0.33,0.3181,0.30798
22.838,-37.511,30.844,0.074223,-0.90051,0.0054734,0.00014237,0.51614,-21.604,0.35596,-0.45842,0.23528,0,0.33,0.31814,0.28909
10.63,-16.812,30.746,-0.067967,-0.6618,0.0054661,0.00021435,0.39957,-17.792,0.46786,-0.34539,0.16672,0,0.33,0.38189,0.30798
13.432,-23.809,30.761,-0.10763,-0.74351,0.0054677,0.00017784,0.43003,-18.64,0.51184,-0.39997,0.16725,0,0.33,0.38193,0.28909
8.4561,-15.427,30.704,-0.18913,-0.57361,0.0054641,0.00022632,0.37715,-16.499,0.5534,-0.28096,0.1707,0,0.33,0.43659,0.28889
18.563,-23.861,30.713,-0.27128,-0.58787,0.0054663,0.00017978,0.41698,-16.253,1.1982,-0.49167,0.16558,0,0.33,0.44184,0.25673
23.161,-35.418,30.737,-0.26149,-0.77115,0.0054684,0.00013845,0.45339,-17.088,1.0885,-0.38879,-0.0043063,0,0.33,0.41391,0.25699
22.003,-34.572,30.77,-0.20612,-0.88045,0.0054711,0.00013803,0.49329,-18.429,-0.7622,-0.38424,0.11483,0,0.33,0.38201,0.25702
34.35,-51.778,31.017,0.67758,0.30825,0.0056749,0.00012256,2.8851,-27.422,-0.84783,-0.46973,0.02735,0,0.33,0.12682,-0.32047
33.886,-51.169,31.014,0.67156,0.3045,0.0056726,0.00012369,2.8559,-27.316,-0.81256,-0.45544,0.02611,0,0.33,0.12682,-0.32172
29.981,-55.924,31.012,0.53894,-0.15217,0.0060303,0.00010377,7.8882,-27.589,1.4638,-0.15307,6.6766,0,0.33,0.063189,-0.32074
29.571,-55.227,31.01,0.53448,-0.1508,0.0060252,0.00010442,7.8661,-27.503,1.4926,-0.14859,6.7004,0,0.33,0.06319,-0.32172
27.55,-41.785,30.971,0.55198,0.62178,0.0055148,0.00013312,0.96845,-25.803,-0.12474,-0.5087,-0.074925,0,0.33,0.1905,-0.32126
27.425,-41.62,30.97,0.55051,0.61941,0.0055146,0.00013353,0.96481,-25.767,-0.121,-0.50347,-0.07434,0,0.33,0.1905,-0.32172
20.725,-31.669,30.892,0.32159,0.73917,0.0054774,0.00015308,0.53938,-23.06,0.28502,-0.47718,-0.13896,0,0.33,0.25418,-0.32172
20.769,-31.728,30.893,0.32185,0.74053,0.0054775,0.00015284,0.54008,-23.074,0.28666,-0.48029,-0.13961,0,0.33,0.25418,-0.32147
14.389,-22.102,30.811,0.10953,0.71335,0.005469,0.00018525,0.43625,-20.239,0.33497,-0.37824,-0.15796,0,0.33,0.31806,-0.32172
14.45,-22.18,30.812,0.10922,0.71584,0.0054691,0.00018472,0.43707,-20.259,0.34165,-0.38412,-0.15946,0,0.33,0.31807,-0.32117
9.2701,-14.773,30.739,-0.041109,0.60907,0.0054651,0.00022642,0.3829,-17.706,0.2918,-0.30448,-0.13847,0,0.33,0.38185,-0.32172
9.3082,-14.825,30.74,-0.041974,0.61104,0.0054651,0.00022583,0.38346,-17.721,0.29929,-0.30924,-0.13962,0,0.33,0.38186,-0.32113
7.4921,-11.947,30.712,-0.096018,0.56086,0.0054638,0.000254,0.36577,-16.647,0.37129,-0.39341,-0.16182,0,0.33,0.40932,-0.32122
41.008,-57.087,30.715,-0.53754,0.66758,0.0054705,0.00012342,0.51254,-15.865,-1.0921,0.11623,-0.62826,0,0.33,0.44184,-0.2084
19.479,-36.021,30.714,-0.42365,0.7041,0.0054686,0.00014674,0.46399,-16.368,-0.16696,-0.19035,-0.055122,0,0.33,0.44184,-0.22463
58.862,-90.52,30.735,-0.5526,0.69739,0.0054725,9.493e-05,0.56057,-16.102,1.3916,0.19137,-0.15255,0,0.33,0.43022,-0.20849
30.371,-37.918,30.719,-0.41919,0.85065,0.0054712,0.0001184,0.52053,-16.746,4.7589,-1.4313,1.008,0,0.33,0.4139,-0.22514
81.282,-118.84,30.73,-0.50467,0.91501,0.0054737,8.0747e-05,0.60116,-16.487,3.6839,-0.15403,0.96694,0,0.33,0.41409,-0.20899
45.767,-62.126,30.729,-0.43882,0.91683,0.0054729,9.5577e-05,0.57264,-16.657,7.6002,-2.2414,1.6076,0,0.33,0.41395,-0.21714
25.818,-41.674,30.731,-0.34096,0.81796,0.0054695,0.00012916,0.47943,-17.106,0.70053,-0.0512,0.11452,0,0.33,0.41393,-0.24103
23.515,-38.008,30.726,-0.3394,0.61115,0.005468,0.00014764,0.4528,-16.347,0.81333,-0.077697,0.010693,0,0.33,0.44184,-0.24071
13.432,-23.809,30.761,-0.10763,0.74351,0.0054677,0.00017784,0.43003,-18.64,0.51184,-0.39997,-0.16725,0,0.33,0.38193,-0.28909
8.1556,-14.912,30.701,-0.19195,0.56289,0.0054639,0.00022988,0.37425,-16.406,0.54624,-0.274,-0.17227,0,0.33,0.43992,-0.28887
18.563,-23.861,30.713,-0.27128,0.58787,0.0054663,0.00017978,0.41698,-16.253,1.1982,-0.49167,-0.16558,0,0.33,0.44184,-0.25673
23.161,-35.418,30.737,-0.26149,0.77115,0.0054684,0.00013845,0.45339,-17.088,1.0885,-0.38879,0.0043063,0,0.33,0.41391,-0.25699
22.003,-34.572,30.77,-0.20612,0.88045,0.0054711,0.00013803,0.49329,-18.429,-0.7622,-0.38424,-0.11483,0,0.33,0.38201,-0.25702
10793,-5417.4,-0.40963,4.0215,-1.604,13.644,0.0085059,1614.6,-58.035,-362.48,53.377,72.767,0,0.33,0.023495,-0.15611
18932,-16255,-0.39977,2.822,-4.1189,12.79,0.0067924,1926.8,-53.973,-386.69,3.0865,-36.412,0,0.33,0.015549,-0.15607
22459,-1441.8,1.487,5.2545,0.98786,14.568,0.0081955,1776.3,-56.756,-257.84,286.72,291.07,0,0.33,0.031402,-0.16017
15265,-8308.6,0.036505,4.273,-0.99322,12.463,0.0072612,1726.5,-52.083,-334.47,108.15,119.52,0,0.33,0.023479,-0.16013
13083,1988.3,0.51421,5.0273,0.62527,14.698,0.0093046,1585.3,-62.384,-309.4,173.2,216.85,0,0.33,0.031416,-0.15615
21049,-19640,-0.18195,3.0239,-3.3648,11.613,0.0059265,1997,-47.698,-371.65,17.063,-16.291,0,0.33,0.015528,-0.1601
23591,4079.9,2.7969,5.7032,2.3187,17.918,0.01011,1757.2,-66.203,-211.37,350.77,380.87,0,0.33,0.03932,-0.15621
32552,2456.3,6.4102,5.9682,3.3384,23.051,0.011451,1968.1,-69.173,-100.94,514.22,506.91,0,0.33,0.047221,-0.15626
35999,-41.912,4.4796,5.8198,2.3423,19.16,0.0093296,1997.4,-60.918,-145.69,495.46,455.63,0,0.33,0.039309,-0.16022
21635,-1447.5,8.6713,5.9495,3.053,24.473,0.010937,2168.1,-64.252,-41.375,642.32,551.82,0,0.33,0.047211,-0.16027
-15242,1092.7,26.564,3.9522,3.0573,12.032,0.009283,1261.2,-71.44,63.092,392.01,328.19,0,0.33,0.086914,-0.15653
-21859,462.06,23.468,4.4562,3.3496,18.964,0.011774,1591.1,-72.556,73.899,499.77,421.14,0,0.33,0.078966,-0.15643
-6788.9,74.726,29.672,3.424,2.5189,3.9333,0.0051137,720.09,-67.079,33.597,213.53,169.43,0,0.33,0.09483,-0.16059
-12444,221.3,27.943,3.8122,2.6271,8.3026,0.0073538,1083,-68.276,54.365,340.35,267.09,0,0.33,0.086915,-0.16053
-9251.2,968.75,28.791,3.525,2.8442,6.3559,0.0067028,902.76,-69.947,43.944,270.46,226.61,0,0.33,0.094831,-0.15659
-19357,-316.07,25.332,4.2806,2.8249,14.557,0.0097877,1455.5,-69.052,71.731,471.19,366.63,0,0.33,0.078985,-0.16046
-4724.6,370.12,30.17,3.1832,2.7327,2.7898,0.0045218,573.75,-67.963,24.95,159.95,135.07,0,0.33,0.10275,-0.15664
-1731.3,-265.34,30.874,2.9095,2.7096,1.0457,0.0029059,328.48,-65.646,11.565,82.223,68.921,0,0.33,0.11067,-0.15667
-2992.8,-338.64,30.641,3.1132,2.4958,1.5685,0.0033653,427.01,-65.413,17.03,115.37,92.246,0,0.33,0.10274,-0.16064
-611.87,-698.18,31.083,2.859,2.5304,0.54954,0.0021185,234.45,-63.406,7.3895,55.639,43.059,0,0.33,0.11066,-0.16068
784.3,-862.96,31.052,1.9495,2.9491,0.0099522,0.00026995,35.42,-52.172,5.1482,2.2714,1.9271,0,0.33,0.15056,-0.15643
802.75,-901.57,31.124,2.1249,2.8912,0.016542,0.00035268,45.394,-54.997,3.8825,3.8871,2.0002,0,0.33,0.14255,-0.15658
632.24,-727.88,30.98,1.7385,2.8863,0.0073217,0.0001912,25.439,-48.695,3.9593,3.2281,2.0599,0,0.33,0.15856,-0.1606
744.5,-838.87,31.04,1.8989,2.8318,0.0085092,0.00023241,30.953,-51.166,3.7743,2.5536,1.5125,0,0.33,0.15058,-0.16048
695.92,-783.88,30.984,1.7842,2.9995,0.0078568,0.00022992,28.965,-49.475,6.2147,2.0412,2.1375,0,0.33,0.15856,-0.1565
806.57,-916.49,31.108,2.0738,2.7714,0.011888,0.00029293,38.68,-53.74,3.9594,2.8851,0.86312,0,0.33,0.14262,-0.1605
659.19,-731.88,30.917,1.6285,3.0391,0.0070788,0.00019181,24.328,-46.818,6.827,2.2659,1.9634,0,0.33,0.16659,-0.15623
659.61,-715.32,30.847,1.4713,3.0661,0.0066972,0.00015734,20.838,-44.188,6.5421,2.251,0.711,0,0.33,0.17455,-0.15622
586.68,-660.87,30.92,1.5883,2.9302,0.0067943,0.00015522,21.22,-46.198,4.3271,4.0511,1.9322,0,0.33,0.16659,-0.16029
578.32,-633.92,30.855,1.4373,2.9593,0.0064944,0.00012629,17.983,-43.716,4.1655,4.6476,0.6551,0,0.33,0.17454,-0.16025
43634,-15800,2.0723,4.6867,0.0055997,12.48,0.0055149,2181.1,-41.561,-220.88,457.48,300.62,0,0.33,0.023439,-0.16817
33940,-27959,0.6661,3.4463,-1.8218,9.8927,0.0045259,2205.4,-36.336,-311.39,184.99,88.918,0,0.33,0.015487,-0.16815
23986,-11392,0.76506,4.5047,-0.43098,11.897,0.0063055,1893.2,-46.57,-290.97,219.67,193.05,0,0.33,0.023462,-0.16415
23131,-23220,0.12075,3.2337,-2.589,10.523,0.0051505,2074.3,-41.768,-350.03,57.094,20.367,0,0.33,0.015508,-0.16412
37131,-5246.5,2.9912,5.4074,1.2093,15.478,0.0073579,2049.7,-51.588,-188.69,465.96,384.18,0,0.33,0.031388,-0.16419
43602,-9949.9,5.3257,5.4436,1.208,17.418,0.0065846,2415.5,-46.903,-100.57,736.91,485.69,0,0.33,0.031374,-0.1682
69158,-94605,1.2823,2.1086,-3.1186,8.8353,0.0021263,2995.5,-28.112,44.129,198.55,-1851.1,0,0.33,0.0075396,-0.17215
-2.1584e+05,-79899,0.83594,1.9318,-4.1356,9.1508,0.0023393,2940.4,-33.189,85.609,20.889,-1930.2,0,0.33,0.0075603,-0.16813
64706,-33689,1.9791,3.6207,-1.183,10.372,0.0038889,2516.6,-31.529,-234.17,522.5,217.31,0,0.33,0.015465,-0.17217
2.7916e+05,-98183,2.9206,2.2557,-2.2489,8.8301,0.0017656,3148.7,-23.846,54.16,705.97,-1657.2,0,0.33,0.0075199,-0.17617
4.6025e+05,-1.5073e+05,2.3462,1.4671,-3.0343,7.9874,0.00065888,3347.2,-22.961,273.98,529.59,-3596.1,0,0.33,0,-0.17616
80349,-1.4699e+05,1.3885,1.2963,-4.2263,8.6575,0.00068848,3477.4,-27.277,375.96,67.274,-3799.6,0,0.33,0,-0.17214
66287,-36036,5.1342,3.6571,-0.97463,11.506,0.0030959,3006.5,-27.53,-106.8,1040.9,381.56,0,0.33,0.015445,-0.17619
-4.6385e+05,-1.2426e+05,1.225,1.1364,-5.3991,9.0182,0.00070811,3539.4,-32.447,515.22,-32.385,-3849.2,0,0.33,0,-0.16811
43280,-20624,4.6321,4.7426,0.14374,14.32,0.0046441,2648.9,-37.064,-115.14,867.53,431.13,0,0.33,0.023412,-0.17219
-51439,-17456,13.663,4.926,0.17666,18.15,0.0052214,2902.1,-39.177,69.059,1223.6,535.45,0,0.33,0.031342,-0.17624
-6690.4,-22818,9.0577,4.5668,-0.22617,15.324,0.0038938,3053.1,-33.393,-0.26671,1242.2,517.47,0,0.33,0.023389,-0.17621
-3941.5,-14381,8.8916,5.2992,0.87188,19.215,0.0058626,2791.8,-42.676,-2.3652,1060.2,554.64,0,0.33,0.031356,-0.17222
26933,-4282.9,6.7827,5.8229,2.1835,20.954,0.0087148,2274,-56.03,-72.314,678.57,526.64,0,0.33,0.039297,-0.16423
-15959,-4888.6,11.433,5.8147,2.6117,25.346,0.010479,2343.2,-59.684,14.953,772.73,575.68,0,0.33,0.047201,-0.16428
-3679.4,-8425.3,9.8487,5.6851,1.8066,22.503,0.0081438,2541.5,-51.601,2.5429,885.41,573.87,0,0.33,0.039285,-0.16825
-43135,-7623.9,14.673,5.5588,2.0231,24.677,0.0098126,2442.8,-55.522,61.663,881.67,564.21,0,0.33,0.047191,-0.1683
-44554,-9485.5,18.249,5.1882,1.3238,21.48,0.0087336,2393.6,-51.764,90.125,925,505.02,0,0.33,0.047181,-0.17231
-33475,-7069.5,22.165,4.8487,1.3806,17.583,0.0086331,2010.7,-54.989,90.713,756.53,424.37,0,0.33,0.055089,-0.17235
-38515,-6228.4,19.138,5.2206,2.0527,22.722,0.010375,2182.8,-58.573,84.763,787.02,502.09,0,0.33,0.055098,-0.16835
-16312,-4750.8,27.395,4.1109,0.91057,7.1692,0.0054331,1256.1,-54.275,60.293,456.48,246.12,0,0.33,0.063012,-0.17641
-25582,-7307.2,24.928,4.4427,0.76399,11.604,0.0066539,1693.3,-51.792,79.528,647.92,326.13,0,0.33,0.05508,-0.17636
-23167,-4770,25.398,4.4451,1.4106,12.144,0.0074242,1589,-57.332,78.056,577.7,337.23,0,0.33,0.06302,-0.1724
-36668,-10528,21.804,4.7331,0.60771,15.845,0.0072462,2132.2,-48.452,92.394,850.97,403.97,0,0.33,0.047171,-0.17632
-28821,-4398.1,23.008,4.7768,2.0006,17.638,0.0094822,1834.4,-60.737,85.803,652.01,420.53,0,0.33,0.063026,-0.16839
-36558,-11680,13.714,5.3836,1.1926,22.154,0.0075284,2688.9,-47.628,65.304,1053.1,564.08,0,0.33,0.039273,-0.17226
-48867,-13982,18.033,4.9249,0.42186,18.36,0.0066447,2555.5,-44.226,93.679,1058.6,480.12,0,0.33,0.039261,-0.17628
13690,-34242,10.373,3.4382,-1.3566,11.1,0.0024152,3221.6,-24.931,12.995,1385.6,429.37,0,0.33,0.015427,-0.18021
-16475,-31230,16.094,3.0043,-1.9694,8.6386,0.0019938,2861.2,-23.926,64.313,1320.3,325.26,0,0.33,0.015416,-0.18423
1.8499e+05,-68904,7.2968,2.2254,-1.9911,8.006,0.0013075,3128.5,-20.985,129.64,1323.8,-1328.7,0,0.33,0.0075019,-0.18019
1.698e+05,-32475,13.596,1.955,-2.3362,5.956,0.0010205,2692.5,-20.15,212.14,1509.4,-957.56,0,0.33,0.0074918,-0.18421
3.1034e+05,-96156,6.1541,1.5176,-2.3805,6.3461,0.0005735,2976.7,-20.014,281.54,1255.2,-3033.7,0,0.33,0,-0.18018
3.4291e+05,-29206,12.618,1.3463,-2.5051,4.0877,0.00044577,2377.6,-19.173,369.64,1584.6,-2207.2,0,0.33,0,-0.1842
-15971,-19309,22.917,3.1333,-1.9939,6.1163,0.0023352,1898.8,-28.598,62.568,813.65,236.67,0,0.33,0.023356,-0.18826
-7680.8,-25828,20.804,2.5264,-2.418,5.7923,0.0016886,2210.3,-23.828,66.566,1026,199.81,0,0.33,0.015421,-0.18824
-30000,-23300,19.2,3.6379,-1.5654,9.5488,0.0028699,2500.3,-29.464,76.077,1080.1,352.08,0,0.33,0.023359,-0.18425
-7736.2,-10875,27.081,3.0041,-1.7764,3.1281,0.0021731,1096.4,-32.279,35.944,437.2,148.56,0,0.33,0.031298,-0.1923
-6722.5,-14655,25.633,2.6937,-2.2329,3.6459,0.0018427,1360.2,-28.154,46.041,578.96,153.2,0,0.33,0.023363,-0.19227
-15620,-13921,25.038,3.4154,-1.5464,5.4969,0.0029215,1542.4,-33.266,53.784,620.04,222.94,0,0.33,0.031305,-0.18828
740.06,-19106,24.248,2.1045,-2.6341,3.5611,0.0014136,1582.1,-24.125,55.396,727.06,112.76,0,0.33,0.015438,-0.19225
-27423,-17119,22.21,3.8889,-1.1608,9.0959,0.0037635,2067.6,-34.684,73.556,843.5,321.76,0,0.33,0.031316,-0.18427
-40420,-23907,14.422,4.1565,-0.92955,13.315,0.0033753,2990.1,-30.929,66.584,1293.4,477.1,0,0.33,0.023372,-0.18023
-44099,-18739,18.436,4.4105,-0.58784,13.853,0.0045478,2593.3,-36.597,87.4,1095.5,437.64,0,0.33,0.031328,-0.18025
-16625,-6774.6,27.121,4.0525,0.27767,6.5193,0.0048375,1286.8,-49.033,57.047,483.68,231.78,0,0.33,0.055071,-0.18037
-9298.2,-5685.6,28.625,3.7172,-0.059795,3.3172,0.0034815,902.57,-46.662,33.674,321.92,157.97,0,0.33,0.055063,-0.18438
-25021,-10131,24.805,4.267,0.011052,9.8104,0.0055884,1705.1,-45.677,73.362,669.79,299.31,0,0.33,0.047161,-0.18033
-14765,-8446.6,26.97,3.8585,-0.40583,5.4416,0.0041714,1257.2,-43.369,48.096,470.32,215.32,0,0.33,0.047151,-0.18434
-9815.7,-4370,28.853,3.8047,0.53399,3.6684,0.0038155,900.42,-51.586,38.772,317.69,164.61,0,0.33,0.063005,-0.18041
-4844.1,-3820.4,29.785,3.5414,0.27177,1.7343,0.0026861,601.61,-49.215,20.545,198.93,104.15,0,0.33,0.062998,-0.18442
-21061,-12200,24.825,3.9322,-0.77307,7.5754,0.0043199,1647.5,-39.35,62.19,641.6,270.95,0,0.33,0.039238,-0.1843
-11960,-9871.2,26.91,3.5212,-1.1024,4.2982,0.0032579,1199.2,-37.6,40.322,455.36,189.1,0,0.33,0.039227,-0.18831
-7930.1,-6808,28.436,3.5167,-0.67844,2.8872,0.003102,883.77,-41.43,26.925,316.43,147.32,0,0.33,0.047141,-0.18835
-5693.4,-7819.7,28.375,3.1668,-1.3048,2.3158,0.0023346,836.52,-36.238,22.996,312.61,125.56,0,0.33,0.039217,-0.19233
-2770.3,-5434.9,29.412,3.2248,-0.85385,1.474,0.0022062,600.61,-39.828,12.588,207.38,94.716,0,0.33,0.047131,-0.19236
-34729,-14244,21.918,4.4064,-0.27748,12.539,0.0054945,2144.5,-41.517,85.209,874.94,368.33,0,0.33,0.03925,-0.18029
-6097.3,-1190.4,29.946,3.5128,1.9202,2.8541,0.0040329,654.03,-62.392,29.203,200.21,139.92,0,0.33,0.086911,-0.16853
-11910,-1588,28.462,3.8768,1.8927,6.2747,0.0058048,1023.5,-62.523,50.554,337.96,227.87,0,0.33,0.078995,-0.16848
-9252.5,-562.26,29.086,3.6628,2.2438,5.1584,0.0055652,873.21,-65.249,42.451,273.61,201.87,0,0.33,0.086914,-0.16453
-15974,-986.37,27.033,4.0829,2.3302,10.138,0.0077419,1263.5,-65.69,63.71,416.83,300.57,0,0.33,0.078995,-0.16448
-4441.5,-634.5,30.324,3.3185,2.2386,2.198,0.0037576,538.24,-64.341,23.073,155.35,116.98,0,0.33,0.094828,-0.16458
-2256.2,-1114.7,30.759,3.2129,2.0039,1.1126,0.0026714,377.92,-61.755,13.804,103.7,74.317,0,0.33,0.094826,-0.16858
-14415,-3006.8,27.871,4.0388,1.4502,7.0292,0.00577,1157.6,-58.852,57.261,401.28,244.79,0,0.33,0.07105,-0.17244
-19658,-2672.4,26.154,4.3074,1.9288,11.518,0.0077789,1435.3,-62.038,72.08,496.47,326.36,0,0.33,0.071051,-0.16843
-7786.4,-2017.8,29.543,3.6757,1.5322,3.4117,0.0041457,763.42,-59.594,34.787,246.67,157.43,0,0.33,0.078992,-0.17249
-9158.6,-3087.7,29.163,3.7828,1.0685,3.7199,0.0040672,851.58,-55.973,38.746,288.83,166.56,0,0.33,0.071045,-0.17644
-4153.7,-2202.5,30.267,3.489,1.2526,1.6482,0.0028685,525.35,-56.919,20.008,161.36,98.998,0,0.33,0.078988,-0.17649
-3219.5,-1583.6,30.523,3.369,1.6589,1.4139,0.0028254,455.57,-59.729,17.048,132.59,88.665,0,0.33,0.086908,-0.17253
816.06,-1452.5,31.153,3.0087,1.6434,0.23775,0.0012684,169.81,-57.077,2.0732,37.838,24.771,0,0.33,0.094821,-0.17658
-757.09,-1748,30.866,3.234,1.4511,0.64725,0.001943,301.69,-57.265,7.7661,80.405,52.06,0,0.33,0.086906,-0.17653
-367.85,-1368.7,31.017,3.1094,1.8086,0.5221,0.0018529,254.12,-59.334,6.7508,64.151,43.881,0,0.33,0.094824,-0.17258
-1383.3,-827.23,30.951,3.0389,2.29,0.80948,0.0024264,302,-62.976,10.512,77.528,58.349,0,0.33,0.10274,-0.16463
257.66,-962.43,31.205,2.8022,2.3675,0.27297,0.001499,163.97,-61.263,4.5383,36.053,24.942,0,0.33,0.11066,-0.16468
-1.8058,-1106.9,31.134,2.962,2.1107,0.3904,0.0017007,206.68,-60.667,5.641,49.077,34.352,0,0.33,0.10274,-0.16863
759.98,-1082.9,31.266,2.7415,2.2178,0.13213,0.0010379,115.31,-59.225,2.4772,22.971,13.339,0,0.33,0.11066,-0.16867
817.46,-1103.6,31.29,2.6791,2.0785,0.065145,0.00070803,83.621,-57.293,1.0496,15.062,6.5245,0,0.33,0.11066,-0.17267
812.93,-1027.6,31.272,2.4889,2.1839,0.026018,0.00041665,54.771,-55.801,1.5761,8.6172,0.41877,0,0.33,0.11859,-0.17267
814.54,-1048.7,31.274,2.5418,2.314,0.046892,0.00061056,70.184,-57.502,2.2293,11.383,3.3902,0,0.33,0.11859,-0.16868
745.63,-884.01,31.206,2.2499,2.1517,0.010122,0.00020133,34.234,-52.727,1.2733,6.4984,-2.2792,0,0.33,0.12665,-0.17655
784.12,-981.35,31.264,2.4344,2.0589,0.016186,0.00028682,44.502,-54.184,1.1682,7.5455,-1.0848,0,0.33,0.1186,-0.17667
801.17,-947.24,31.215,2.2979,2.2708,0.013217,0.00026563,39.97,-54.145,1.9937,5.9791,-1.9005,0,0.33,0.12664,-0.17252
791.57,-1068.6,31.295,2.6156,1.9479,0.034291,0.00047311,63.451,-55.467,0.10755,10.784,2.835,0,0.33,0.11066,-0.17666
841.93,-998.2,31.226,2.3452,2.3943,0.019605,0.00036887,47.984,-55.626,2.9038,6.2834,-0.72879,0,0.33,0.12663,-0.16856
757.58,-1221.1,31.228,2.8841,1.9522,0.18256,0.0011693,141.22,-58.493,2.3264,30.077,19.172,0,0.33,0.10274,-0.17263
917.52,-1229.4,31.27,2.8056,1.8096,0.087016,0.0007914,99.629,-56.453,0.29535,18.698,10.499,0,0.33,0.10274,-0.17662
-1088.9,-2196.9,30.693,3.32,1.0416,0.74166,0.0019708,343.13,-54.484,8.9,96.132,57.815,0,0.33,0.078985,-0.18049
1051.4,-2084.7,30.919,3.166,0.87814,0.3326,0.0013643,223.52,-52.267,1.9756,54.056,32.447,0,0.33,0.078981,-0.18449
-4761.6,-2950.7,30.015,3.5534,0.7871,1.7572,0.0028075,576.39,-53.393,21.734,185.27,103.86,0,0.33,0.071041,-0.18045
-1208.9,-2723.9,30.513,3.3517,0.5842,0.79423,0.0019579,373.6,-51.078,9.6614,109,61.162,0,0.33,0.071035,-0.18445
1226.5,-1563.3,31.161,2.8717,1.0192,0.065734,0.00057849,97.625,-51.019,-3.7724,15.327,9.9706,0,0.33,0.086898,-0.18854
1686.5,-1949.8,31.026,3.0221,0.7482,0.1548,0.00091857,151.54,-50.264,-1.6711,29.911,18.064,0,0.33,0.078979,-0.1885
1413.4,-1682.6,31.129,2.9873,1.1415,0.13428,0.00090021,135.25,-52.918,-1.8442,25.983,16.515,0,0.33,0.0869,-0.18454
877.95,-1218.9,31.235,2.6218,1.1513,0.017884,0.00023619,53.309,-49.613,-2.5474,7.5746,5.2589,0,0.33,0.094817,-0.19258
1094.9,-1478.2,31.169,2.7597,0.911,0.034436,0.00035752,74.568,-49.292,-3.8322,9.8871,6.9959,0,0.33,0.0869,-0.19254
916.62,-1268,31.238,2.7177,1.2563,0.029685,0.0003558,66.011,-51.259,-3.3871,9.9317,6.1042,0,0.33,0.094815,-0.18858
1499.1,-1796.8,31.072,2.8834,0.63674,0.074875,0.00056958,108.62,-48.443,-2.7461,16.96,10.392,0,0.33,0.078982,-0.19251
1019,-1360.7,31.235,2.8131,1.3716,0.055154,0.00056034,85.708,-53.046,-2.4779,14.014,8.5446,0,0.33,0.094817,-0.18458
916.12,-1757.9,31.046,3.1075,1.283,0.28994,0.0013312,198.32,-54.998,1.717,45.997,29.267,0,0.33,0.086903,-0.18053
1135.2,-1434.8,31.213,2.9101,1.4998,0.11101,0.00085887,117.39,-54.984,-0.74561,22.304,14.025,0,0.33,0.094819,-0.18058
736.31,-922.91,31.257,2.3789,1.9388,0.011536,0.00020833,37.416,-52.659,0.56014,7.5241,-1.726,0,0.33,0.1186,-0.18069
681,-862.98,31.254,2.3249,1.8229,0.0092814,0.00016114,32.319,-51.222,0.019864,7.9801,-1.8512,0,0.33,0.11861,-0.18471
737.89,-998.79,31.291,2.5518,1.8247,0.020041,0.00031682,50.403,-53.748,-0.73075,8.8493,1.0231,0,0.33,0.11065,-0.18066
664.95,-909.16,31.286,2.4897,1.7087,0.013363,0.00022556,41.646,-52.135,-1.3515,8.2293,0.31753,0,0.33,0.11065,-0.18466
676.08,-816.35,31.2,2.2002,2.0404,0.0085829,0.00016051,29.91,-51.305,0.28161,7.437,-2.2162,0,0.33,0.12673,-0.18043
614.1,-758.63,31.201,2.1532,1.9315,0.0077651,0.00013255,26.573,-50.01,-0.48601,8.4138,-1.9467,0,0.33,0.12676,-0.18443
771.05,-1084.3,31.282,2.6483,1.5593,0.024668,0.00034433,57.705,-52.771,-1.9953,9.6569,3.8936,0,0.33,0.10273,-0.18462
695.44,-987.13,31.278,2.5714,1.4491,0.015524,0.00023843,47.041,-51.117,-2.2967,8.3362,3.1596,0,0.33,0.10273,-0.18862
606.56,-836.25,31.282,2.4287,1.5997,0.010186,0.00017223,35.607,-50.624,-0.70718,7.8417,0.22779,0,0.33,0.11065,-0.18866
664.46,-956.09,31.274,2.4921,1.3491,0.011257,0.00017518,39.866,-49.585,-0.66607,6.9506,2.9912,0,0.33,0.10274,-0.19262
600.22,-823.38,31.279,2.3622,1.4969,0.0086458,0.00013619,31.335,-49.218,2.6882,6.3718,0.35357,0,0.33,0.11066,-0.19266
852.7,-1175.4,31.282,2.7266,1.6793,0.04421,0.00052322,73.942,-54.547,-0.98971,12.565,5.9779,0,0.33,0.10274,-0.18062
562.75,-673.8,31.037,1.8297,2.6072,0.0072276,0.00015939,23.942,-49.284,-2.1475,6.3182,2.1662,0,0.33,0.1506,-0.1686
660.76,-779.14,31.088,1.9929,2.5356,0.0082555,0.00019741,29.199,-51.463,-0.76825,4.9996,0.45633,0,0.33,0.14266,-0.16855
656.76,-761.67,31.034,1.8588,2.7169,0.0077018,0.00019188,27.114,-50.214,0.53398,4.158,1.6134,0,0.33,0.15059,-0.16457
746.39,-863.74,31.095,2.0287,2.6513,0.0094949,0.00024207,33.362,-52.578,1.7009,3.4816,0.34431,0,0.33,0.14265,-0.16452
544.41,-647.75,30.982,1.7033,2.7784,0.0069671,0.00015634,22.268,-47.879,0.42419,5.4798,2.3884,0,0.33,0.15858,-0.16452
460.4,-571.95,30.995,1.6802,2.6743,0.0067218,0.0001296,19.608,-47.092,-2.2724,7.9723,2.989,0,0.33,0.15859,-0.16849
688.82,-816.02,31.145,2.1205,2.3482,0.0090536,0.00020161,31.615,-52.298,0.22768,5.6942,-1.2822,0,0.33,0.13472,-0.17248
762.77,-892.25,31.154,2.1597,2.4652,0.011024,0.00025497,36.348,-53.569,1.5177,4.6233,-1.225,0,0.33,0.13471,-0.16849
576.61,-698.72,31.088,1.9619,2.4251,0.0075775,0.00016421,25.903,-50.379,-2.2444,6.8129,1.0125,0,0.33,0.14266,-0.17256
608.51,-735.08,31.142,2.0812,2.2365,0.0080216,0.0001657,27.896,-51.071,-0.87916,7.0382,-0.94046,0,0.33,0.13472,-0.17648
494.29,-619.08,31.095,1.932,2.3196,0.0071667,0.00013945,23.137,-49.325,-3.4161,8.4029,1.6992,0,0.33,0.14266,-0.17655
482.82,-601.07,31.048,1.8061,2.5023,0.006924,0.00013419,21.33,-48.372,-3.7052,8.3532,2.96,0,0.33,0.1506,-0.1726
343.02,-463.9,31.047,1.6477,2.4784,0.0063984,9.2817e-05,15.552,-45.605,-4.6289,10.747,4.1431,0,0.33,0.15861,-0.17644
412.23,-534.87,31.067,1.7849,2.4016,0.0067076,0.00011463,19.093,-47.483,-4.979,9.7267,3.6652,0,0.33,0.15061,-0.1766
394.02,-511.67,31.019,1.664,2.5736,0.0065394,0.00010868,17.399,-46.372,-3.7022,9.8865,3.6762,0,0.33,0.15859,-0.17261
503.47,-584.95,30.932,1.5598,2.8262,0.0065762,0.00012584,18.42,-45.551,0.9837,6.7055,2.2243,0,0.33,0.16659,-0.16431
499.61,-559,30.875,1.416,2.8578,0.0063318,0.00010157,15.477,-43.229,1.2483,7.5958,0.89404,0,0.33,0.17454,-0.16427
431.33,-519.8,30.956,1.5439,2.7247,0.0064098,0.00010328,16.094,-44.961,-1.5354,9.2932,2.6468,0,0.33,0.1666,-0.16857
438.41,-502.2,30.905,1.4041,2.7596,0.0062058,8.3089e-05,13.447,-42.725,-0.6816,10.082,1.2562,0,0.33,0.17455,-0.16831
396.83,-463.86,30.945,1.398,2.6645,0.0061057,6.9821e-05,11.816,-42.263,-1.2612,11.45,1.5303,0,0.33,0.17456,-0.17251
435.37,-498.44,30.887,1.2658,2.6851,0.0059902,5.8309e-05,10.167,-40.258,-0.66252,11.75,0.5424,0,0.33,0.18256,-0.17219
462.86,-521.22,30.843,1.2703,2.7805,0.0060683,6.8656e-05,11.536,-40.637,-0.55515,10.709,0.26745,0,0.33,0.18256,-0.16818
391.21,-469.74,30.876,1.1143,2.6121,0.0058598,4.8457e-05,8.0527,-37.949,0.40301,11.314,1.5663,0,0.33,0.19044,-0.17608
426.12,-494.85,30.931,1.2602,2.5907,0.0059288,5.14e-05,9.1065,-39.87,0.12616,11.307,0.68193,0,0.33,0.18256,-0.17619
403.59,-478.08,30.829,1.1207,2.7031,0.0059087,5.2913e-05,8.9315,-38.22,-0.48098,11.996,1.6299,0,0.33,0.19045,-0.17208
373.69,-446.19,30.984,1.3911,2.5718,0.0060269,6.0543e-05,10.523,-41.749,-0.98305,11.306,1.6597,0,0.33,0.17457,-0.17654
432.98,-501.42,30.78,1.1232,2.7961,0.0059709,6.0242e-05,10.081,-38.468,-0.51207,11.304,1.5385,0,0.33,0.19045,-0.16807
375.79,-468.5,30.988,1.5316,2.628,0.0062794,8.6498e-05,14.187,-44.326,-2.8621,10.949,3.0372,0,0.33,0.1666,-0.17266
337.94,-434.73,31.023,1.5216,2.5351,0.0061766,7.4429e-05,12.646,-43.697,-3.334,11.241,3.2406,0,0.33,0.16661,-0.17666
416.91,-542.79,31.109,1.9049,2.2199,0.0068949,0.00012076,20.784,-48.306,-4.8118,9.45,2.2688,0,0.33,0.14266,-0.18055
366.53,-493.95,31.126,1.8813,2.125,0.0067065,0.00010612,18.905,-47.32,-4.974,9.7563,2.7145,0,0.33,0.14267,-0.18456
520.41,-649.55,31.146,2.044,2.1306,0.0074401,0.00014027,24.839,-49.896,-2.4028,8.3127,-0.45298,0,0.33,0.13472,-0.1805
450.28,-579.98,31.155,2.0097,2.0306,0.007091,0.00012163,22.402,-48.768,-3.1531,9.1822,0.059332,0,0.33,0.13473,-0.18451
372.09,-515.04,31.133,1.7233,2.1176,0.0063231,7.4664e-05,14.532,-44.931,-2.4738,8.8381,4.2067,0,0.33,0.15064,-0.18855
353.73,-482.18,31.144,1.8528,2.0341,0.0065647,9.3576e-05,17.402,-46.367,-2.6645,9.3483,2.9624,0,0.33,0.14267,-0.18856
347.19,-482.6,31.112,1.7492,2.2122,0.0064251,8.6386e-05,15.764,-45.752,-5.1477,9.7309,4.3094,0,0.33,0.15064,-0.18453
363.13,-496.04,31.139,1.5457,2.1086,0.0060502,5.438e-05,10.703,-42.758,-0.43311,7.0579,3.4796,0,0.33,0.15861,-0.1926
383.61,-521.33,31.151,1.6854,2.0218,0.006227,6.504e-05,13.22,-44.161,-0.17331,8.0024,3.8463,0,0.33,0.15062,-0.19263
359.88,-500.98,31.123,1.586,2.2022,0.0061248,6.0642e-05,11.882,-43.452,-0.72629,7.9011,4.0276,0,0.33,0.15862,-0.1885
345.34,-464.7,31.16,1.8111,1.9465,0.006442,8.2861e-05,15.951,-45.456,0.60113,8.5969,2.9711,0,0.33,0.14266,-0.19255
329.66,-462.16,31.102,1.6159,2.2954,0.0062023,6.9954e-05,12.926,-44.155,-3.1474,9.2514,4.3413,0,0.33,0.15863,-0.18439
359.3,-486.27,31.09,1.7671,2.3058,0.0065463,9.9336e-05,17.221,-46.622,-5.9367,10.145,4.1051,0,0.33,0.15062,-0.18061
317.48,-441.6,31.076,1.6337,2.3866,0.0062885,8.0532e-05,14.067,-44.883,-4.7845,10.415,4.3404,0,0.33,0.15862,-0.1804
436.72,-514.75,30.97,1.2495,2.495,0.0058811,4.6537e-05,8.3243,-39.482,1.939,9.6963,0.72391,0,0.33,0.18256,-0.1802
461.61,-549.76,31.001,1.2299,2.3966,0.0058411,4.262e-05,7.6895,-39.094,4.5337,7.7081,0.70849,0,0.33,0.18256,-0.18422
369.29,-446.63,31.021,1.3828,2.4799,0.0059656,5.4261e-05,9.5444,-41.262,0.36194,9.9966,1.5987,0,0.33,0.17457,-0.1806
377.71,-459.47,31.05,1.3678,2.3875,0.0059157,4.9597e-05,8.773,-40.776,3.0528,8.0745,1.4698,0,0.33,0.17457,-0.18461
393.52,-480.83,30.918,1.1005,2.5202,0.005821,4.5412e-05,7.3912,-37.665,1.9141,9.5918,1.4978,0,0.33,0.19044,-0.18007
402.16,-496.94,30.951,1.0759,2.428,0.0057865,4.331e-05,6.8,-37.368,3.3727,7.8009,1.444,0,0.33,0.19044,-0.18407
326.81,-429.47,31.084,1.4951,2.3564,0.006032,5.9156e-05,10.516,-42.493,-0.54826,8.6756,3.0952,0,0.33,0.16661,-0.18464
331.11,-437.06,31.103,1.4667,2.268,0.0059718,5.3544e-05,9.5917,-41.857,1.6887,7.1334,2.7752,0,0.33,0.16659,-0.18851
381.9,-468.77,31.071,1.3424,2.2939,0.0058682,4.5796e-05,7.9787,-40.304,5.8535,6.4473,1.2596,0,0.33,0.17457,-0.18862
316.7,-411.29,31.119,1.4333,2.1806,0.0059138,5.0245e-05,8.5383,-41.265,1.8687,6.6663,2.2961,0,0.33,0.16659,-0.1926
371.81,-452.67,31.087,1.3118,2.1993,0.0058237,4.3516e-05,7.0976,-39.839,7.0379,6.2031,0.9629,0,0.33,0.17457,-0.19266
322.05,-421.16,31.056,1.5111,2.4453,0.0060966,6.5888e-05,11.45,-43.086,-2.6829,10.329,3.2262,0,0.33,0.16661,-0.18064
352.24,-447.31,30.739,0.99662,2.8012,0.0058871,5.4408e-05,8.7235,-36.368,-3.0884,11.521,3.0031,0,0.33,0.19839,-0.16813
355.61,-459.35,30.718,0.86791,2.8135,0.0058071,4.6218e-05,7.3804,-34.395,-5.3572,11.305,3.5422,0,0.33,0.20663,-0.16912
319.79,-414.94,30.79,0.99858,2.7128,0.0058367,5.0188e-05,7.7338,-36.222,-2.4887,11.731,2.9143,0,0.33,0.19839,-0.17212
335.2,-434.34,30.77,0.87549,2.7249,0.0057664,4.4352e-05,6.5405,-34.328,-4.1678,10.986,3.4193,0,0.33,0.20663,-0.17311
299,-390.89,30.838,0.99536,2.6275,0.0057965,4.8254e-05,6.9644,-36.046,-1.1985,10.77,2.7032,0,0.33,0.19838,-0.17612
322.82,-416.37,30.817,0.87778,2.6382,0.0057333,4.3846e-05,5.874,-34.24,-2.3528,9.7377,3.2079,0,0.33,0.20663,-0.1771
282.94,-372.91,30.88,0.9851,2.5439,0.0057631,4.7538e-05,6.341,-35.853,0.28965,9.1351,2.495,0,0.33,0.19838,-0.18011
311.65,-399.22,30.857,0.87323,2.5529,0.005705,4.4105e-05,5.3009,-34.138,-0.29846,8.1756,2.9731,0,0.33,0.20663,-0.18109
263.33,-347.56,30.913,0.96671,2.4634,0.0057319,4.7946e-05,5.7321,-35.643,1.486,7.7174,2.33,0,0.33,0.19838,-0.1841
293.49,-373.69,30.89,0.86239,2.4695,0.0056779,4.5132e-05,4.7218,-34.023,1.4091,7.0436,2.7403,0,0.33,0.20663,-0.18508
1.9102e+05,-33.647,23.333,0.79114,-2.9203,1.258,0.00028121,1316.7,-20.966,442.84,919.6,-884.01,0,0.33,0,-0.19222
98749,-10698,23.469,1.2533,-2.8722,2.2936,0.00073258,1495.7,-21.562,252.06,860.11,-403.77,0,0.33,0.0075165,-0.19224
1.13e+05,-4251.7,26.255,0.57579,-2.8768,0.69399,0.00023854,981.78,-22.07,413.08,565.7,-510.56,0,0.33,0,-0.19624
61009,-9632.1,26.237,0.97932,-2.8708,1.3226,0.00062519,1064.3,-22.48,238.3,546.78,-239.58,0,0.33,0.0075156,-0.19625
4969.3,-13708,26.625,1.7584,-2.7135,2.0666,0.0011618,1087.6,-24.474,45.666,487.69,62.004,0,0.33,0.015439,-0.19627
8417.1,-8170.9,28.395,1.4221,-2.6076,1.0364,0.00084267,654.36,-25.42,68.77,290.59,20.141,0,0.33,0.01543,-0.20028
38409,-8601.9,27.843,0.80296,-2.7826,0.79718,0.0005312,733.08,-23.414,215.11,347.89,-136.69,0,0.33,0.007505,-0.20026
54470,-6595,28.152,0.56827,-2.7424,0.45724,0.00031218,629.4,-23.505,294.52,316.05,-223.02,0,0.33,0,-0.20025
2013.5,-3449.4,30.506,2.9735,-0.53227,0.38337,0.001127,267.41,-41.394,3.9502,71.418,35.778,0,0.33,0.055037,-0.1964
-126.63,-3935.5,30.158,3.1957,-0.43326,0.80324,0.0018027,403.98,-42.864,6.6346,124.78,62.967,0,0.33,0.055045,-0.1924
2340.9,-2812,30.804,2.9086,-0.13542,0.18128,0.00076652,175.57,-43.707,2.1284,36.138,19.407,0,0.33,0.062977,-0.19644
1590.3,-3023.3,30.637,3.1087,-0.041336,0.38552,0.0013086,259.47,-45.283,3.6002,68.142,36.4,0,0.33,0.062983,-0.19243
774.73,-4572.3,30.034,2.9734,-0.94871,0.72629,0.0014446,398.72,-38.56,8.055,124.95,57.253,0,0.33,0.047121,-0.19637
2179,-3070.6,30.674,2.7653,-0.58761,0.20034,0.00068221,187.93,-40.246,3.2577,40.412,20.498,0,0.33,0.055031,-0.20041
2232.6,-3825.6,30.407,2.6648,-0.99741,0.34318,0.0008369,255.93,-37.28,5.7614,69.075,30.22,0,0.33,0.047113,-0.20038
2039.9,-2450.4,30.869,2.6747,-0.21616,0.090567,0.0004273,123.42,-42.025,0.36546,18.481,10.457,0,0.33,0.062975,-0.20044
1998.2,-2351.9,30.916,2.9971,0.31556,0.17122,0.00087969,165.42,-47.158,0.22383,34.126,19.033,0,0.33,0.071024,-0.19247
1828.6,-2191.6,30.978,2.827,0.22536,0.081813,0.00050163,118.03,-45.533,-1.5283,17.628,10.174,0,0.33,0.071024,-0.19648
1302.4,-1679.8,31.087,2.7432,0.55507,0.038465,0.0003409,82.431,-46.838,-1.5817,9.5134,6.7845,0,0.33,0.078984,-0.19651
1109.5,-1532,31.079,2.5714,0.45588,0.024219,0.00022468,65.873,-45.049,-2.1162,6.4841,5.3263,0,0.33,0.07898,-0.20052
1541.4,-1984.3,30.994,2.6705,0.16095,0.046483,0.00032139,91.892,-44.147,-3.0379,9.6973,6.5621,0,0.33,0.071017,-0.20048
672.44,-882.36,31.248,2.1235,1.49,0.0071994,8.7191e-05,23.58,-47.379,5.9311,4.5034,-0.81466,0,0.33,0.11862,-0.19673
688.56,-883.83,31.255,2.2069,1.6025,0.0075468,0.00010476,25.877,-48.591,4.3334,6.6337,-1.2716,0,0.33,0.11861,-0.19271
599.84,-773.28,31.214,1.9635,1.625,0.0068209,7.9767e-05,20.145,-46.465,-0.38487,6.3507,-0.55471,0,0.33,0.12676,-0.19645
629.7,-790.77,31.213,2.0409,1.7269,0.0070203,9.2992e-05,22.066,-47.614,2.3976,7.7181,-1.0893,0,0.33,0.12677,-0.19245
592.66,-841.58,31.268,2.2778,1.3978,0.0078864,0.00010914,28.126,-47.906,6.3781,3.7039,0.35257,0,0.33,0.11068,-0.19668
571.44,-771.67,31.235,2.0485,1.3869,0.0070268,8.0915e-05,21.831,-46.259,2.7346,4.3592,-0.25137,0,0.33,0.11864,-0.20074
522.48,-763.84,31.244,2.1735,1.2711,0.0075986,9.6046e-05,25.657,-46.347,2.9995,3.8953,0.64852,0,0.33,0.11071,-0.20071
468.29,-623.01,31.215,1.8992,1.5155,0.0066962,7.5172e-05,18.32,-45.2,-3.8489,6.6336,0.46823,0,0.33,0.12666,-0.20083
426.82,-554.12,31.179,1.9187,1.8504,0.0066929,9.2302e-05,18.888,-46.615,0.56535,8.5186,0.79516,0,0.33,0.13473,-0.1925
400.65,-526.82,31.187,1.855,1.7676,0.0065477,8.0414e-05,17.134,-45.578,-0.6352,7.6694,1.1195,0,0.33,0.13473,-0.19649
297.34,-420.01,31.173,1.7602,1.866,0.0063308,7.3919e-05,14.358,-44.597,1.5694,8.1343,2.9274,0,0.33,0.14266,-0.19656
251.43,-378.28,31.189,1.7066,1.7709,0.0062456,6.688e-05,12.867,-43.484,-1.6512,8.4711,2.7107,0,0.33,0.14267,-0.2006
353.38,-466.69,31.193,1.8016,1.6964,0.0064493,7.3767e-05,15.67,-44.557,-3.2263,7.8189,1.5715,0,0.33,0.13472,-0.2005
395,-481.44,31.066,1.1369,2.0893,0.0057356,3.9426e-05,5.4886,-37.987,2.4629,7.3556,0.91827,0,0.33,0.18254,-0.19642
461.19,-568.77,31.043,1.1648,2.192,0.0057642,3.7749e-05,6.2039,-38.362,5.7384,6.4895,0.72258,0,0.33,0.18255,-0.19238
268.88,-355.91,31.03,0.99128,2.1649,0.005691,4.7606e-05,4.6537,-36.436,-8.4385,8.1225,1.4783,0,0.33,0.19044,-0.19607
352.25,-464.45,31.001,1.0086,2.2482,0.0057174,4.3898e-05,5.3356,-36.759,-1.1976,7.4062,1.4622,0,0.33,0.19044,-0.19207
352.3,-408.93,31.105,1.2844,2.1071,0.0057901,4.3997e-05,6.3149,-39.389,6.706,6.7577,0.84415,0,0.33,0.17457,-0.19669
326.48,-403.56,31.09,1.124,2.0031,0.0057198,4.2084e-05,5.0642,-37.615,-0.5339,7.7614,1.1793,0,0.33,0.18253,-0.20047
307.62,-377.51,31.129,1.2642,2.0054,0.0057707,4.534e-05,5.814,-38.778,2.522,7.5589,1.1764,0,0.33,0.17456,-0.20072
219.14,-291.94,31.064,0.99864,2.0825,0.0056748,4.9479e-05,4.2203,-35.987,-8.202,7.8331,1.4881,0,0.33,0.19044,-0.20007
189.29,-256.54,30.97,0.92142,2.3187,0.0056708,5.3064e-05,4.339,-35.183,-0.81863,8.0174,2.0115,0,0.33,0.19838,-0.19208
151.84,-201.4,31.002,0.90844,2.2565,0.0056482,5.7348e-05,3.7771,-34.923,-3.7761,8.2806,1.8336,0,0.33,0.19838,-0.19608
227.84,-288.45,30.949,0.83849,2.3129,0.0056293,4.9862e-05,3.5538,-33.768,2.4479,7.8058,2.3113,0,0.33,0.20662,-0.19305
197.41,-248.06,30.984,0.83116,2.2432,0.0056133,5.3503e-05,3.1465,-33.634,2.9601,8.0566,2.1371,0,0.33,0.20662,-0.19704
145.21,-194.58,31.031,0.90448,2.2019,0.0056351,5.8255e-05,3.4726,-34.617,-4.6055,7.5794,1.7057,0,0.33,0.19839,-0.20007
185.35,-245.01,31.021,0.82755,2.1626,0.0056036,5.4545e-05,2.9136,-33.384,0.84418,6.9064,1.971,0,0.33,0.20662,-0.20103
-873.34,-11121,27.523,2.3296,-2.3388,2.0624,0.0014332,937.7,-27.957,32.637,389.27,96.71,0,0.33,0.023361,-0.19629
-1106.4,-8528.2,28.489,2.6563,-1.8954,1.7007,0.0015863,751.43,-31.564,23.954,289.34,95.209,0,0.33,0.031289,-0.19631
1936.6,-8571.7,28.695,2.0355,-2.3364,1.1965,0.0011113,649.78,-27.996,24.678,261,60.399,0,0.33,0.023352,-0.2003
2751,-6270.4,29.492,2.2862,-1.8903,0.83495,0.0010542,473.94,-31.124,15.957,173.46,51.306,0,0.33,0.031278,-0.20032
204.23,-6313.6,29.356,2.8683,-1.4097,1.1975,0.0015942,565.05,-35.173,10.681,200.76,79.342,0,0.33,0.039207,-0.19634
3407.9,-5186,29.927,2.6166,-1.4328,0.65039,0.0010892,388.88,-34.41,5.0532,127.82,49.057,0,0.33,0.039198,-0.20034
1025,-1397.5,31.166,2.6413,0.81415,0.020191,0.00023404,59.806,-47.725,-1.9429,6.8639,5.7815,0,0.33,0.086905,-0.19655
834.18,-1194.4,31.227,2.5153,1.0568,0.012536,0.00016827,44.791,-48.104,-1.6247,5.0929,4.9029,0,0.33,0.094826,-0.19659
910.55,-1261.8,31.157,2.526,0.73218,0.014785,0.00017891,50.919,-46.366,-1.6727,5.8861,5.1214,0,0.33,0.086906,-0.20055
703.94,-1044.8,31.206,2.3934,0.94295,0.010625,0.00013617,38.968,-46.382,-2.2457,4.672,3.9568,0,0.33,0.094833,-0.2006
647.8,-945.86,31.265,2.4006,1.2535,0.0092704,0.00013444,34.733,-48.147,0.86982,4.8137,2.7419,0,0.33,0.10275,-0.19664
586.81,-853.66,31.25,2.3143,1.166,0.008501,0.00011617,31.302,-46.845,0.18733,4.1395,2.2763,0,0.33,0.10278,-0.20066
333.82,-444.49,31.166,1.6429,1.9312,0.0061388,5.9457e-05,11.754,-43.431,-0.77745,7.7985,3.4147,0,0.33,0.15062,-0.19665
308.1,-413.11,31.154,1.5092,2.0218,0.0059863,5.2722e-05,9.4638,-42.116,-3.8986,6.9249,2.9667,0,0.33,0.1586,-0.19663
256.12,-361.01,31.182,1.6137,1.8555,0.0060789,5.7704e-05,10.619,-42.749,-3.1249,8.2257,3.0728,0,0.33,0.15062,-0.20078
241.71,-342.3,31.172,1.4919,1.9303,0.005944,5.2844e-05,8.5116,-41.273,-5.15,7.7598,2.5019,0,0.33,0.1586,-0.20064
284.69,-349.73,31.135,1.4052,2.1002,0.0058657,5.0315e-05,7.5093,-40.684,-0.30269,6.9499,1.9449,0,0.33,0.16658,-0.19657
262.18,-323.83,31.152,1.3922,2.0315,0.0058371,5.0174e-05,6.8605,-40.102,-1.6573,7.4882,1.7811,0,0.33,0.16658,-0.20057
1502.3,-2739.5,30.172,0.51541,-2.1508,0.11139,0.00018378,188.84,-26.568,135.66,50.385,17.16,0,0.33,0,-0.21622
11280,-2418,29.537,0.61591,-2.4707,0.284,0.00033928,299.36,-25.334,168.66,134.04,-21.325,0,0.33,0,-0.20823
2011.1,-2734.1,30.327,0.89324,-2.0426,0.11885,0.00025633,174.7,-27.749,71.792,43.59,13.355,0,0.33,0.015427,-0.21624
7221.7,-3420.9,29.77,1.0889,-2.3172,0.32735,0.00047728,298.59,-26.913,90.453,119.7,-0.69878,0,0.33,0.015431,-0.20825
1288.4,-1599.8,30.744,1.3133,-1.428,0.035595,0.00012886,77.817,-30.95,8.9805,11.331,6.7248,0,0.33,0.031273,-0.22426
435.22,-2362,30.551,0.79446,-1.8288,0.053629,0.00014125,111.86,-28.379,59.271,21.236,19.062,0,0.33,0.015418,-0.22422
2179.5,-2355.4,30.603,1.5745,-1.6197,0.092942,0.00026897,132.24,-30.785,0.63006,27.24,6.7838,0,0.33,0.031274,-0.21628
2924.1,-3696.5,30.26,1.8672,-1.7674,0.27713,0.00054439,240.76,-30.943,5.3269,77.069,17.241,0,0.33,0.031275,-0.2083
1459.7,-1811.8,30.904,2.3717,-0.30631,0.041924,0.00022487,82.785,-39.928,-4.0741,11.59,5.467,0,0.33,0.062982,-0.20842
1126.4,-1395.2,30.953,2.1025,-0.34369,0.017946,0.00012164,57.566,-38.285,-5.142,8.1419,3.1277,0,0.33,0.062993,-0.2164
2239.7,-2558.5,30.662,2.2712,-1.0199,0.12299,0.00037474,143.57,-35.81,-1.7901,32.2,10.406,0,0.33,0.047118,-0.20835
1567.9,-1829.8,30.8,1.9737,-0.98178,0.041803,0.00017151,86.328,-34.757,-4.2681,12.883,3.0024,0,0.33,0.047122,-0.21633
1237.6,-1538.9,30.855,1.7465,-0.93232,0.020189,9.6291e-05,62.634,-34.144,-2.2255,6.7251,1.1742,0,0.33,0.04713,-0.22431
884,-1196,31.076,2.3409,0.31936,0.016074,0.00015008,50.58,-42.713,-5.8432,7.3983,4.6048,0,0.33,0.07896,-0.20849
723.61,-943.61,31.103,2.1341,0.23586,0.010081,0.00010022,38.857,-40.736,-6.9767,6.9643,4.3664,0,0.33,0.07896,-0.21647
374.19,-607.67,31.199,1.882,0.56179,0.0070756,6.5849e-05,22.171,-40.167,0.90644,3.0875,2.6523,0,0.33,0.094847,-0.22453
619.98,-814.36,31.118,1.9735,0.19385,0.0083195,7.8173e-05,32.331,-39.354,-5.5804,5.296,3.869,0,0.33,0.078962,-0.22444
446.23,-658.93,31.214,2.0763,0.68279,0.0076554,8.2534e-05,26.277,-42.062,-0.87103,5.523,3.1939,0,0.33,0.094842,-0.21655
547.72,-773.77,31.196,2.2353,0.79358,0.0092014,0.00011097,32.39,-44.088,-3.4335,6.8904,3.1115,0,0.33,0.094838,-0.20857
347.99,-493.29,31.23,1.8205,1.3761,0.0065252,6.8074e-05,15.927,-43.393,-3.0814,7.8085,1.5134,0,0.33,0.12663,-0.20883
332.54,-477.18,31.254,1.7126,1.2309,0.0063221,5.7103e-05,13.616,-41.666,-2.6047,5.4066,1.6079,0,0.33,0.12663,-0.21682
423.2,-615.05,31.236,2.046,1.1038,0.0072358,8.3738e-05,22.197,-44.273,-2.1133,6.8185,1.2204,0,0.33,0.11074,-0.2087
378.49,-559.62,31.255,1.9177,0.95148,0.0067603,6.6537e-05,18.669,-42.384,0.088606,5.316,1.4118,0,0.33,0.11074,-0.21667
351.96,-529.49,31.249,1.798,0.8347,0.0065555,5.893e-05,16.644,-41.001,1.683,2.628,1.3615,0,0.33,0.11074,-0.22464
224.16,-343.13,31.223,1.6418,1.6243,0.0061386,6.0289e-05,11.081,-41.894,-3.831,8.2312,2.5178,0,0.33,0.14269,-0.20851
232.13,-339.46,31.25,1.5671,1.4888,0.0060267,5.4449e-05,9.4943,-40.433,-1.2396,4.7961,2.3026,0,0.33,0.14271,-0.21649
194.96,-298.71,31.214,1.3116,1.4789,0.0057932,5.1456e-05,5.8374,-37.746,4.1989,0.66261,1.3845,0,0.33,0.15862,-0.22456
241.72,-333.41,31.243,1.484,1.3926,0.0059584,5.262e-05,8.4518,-39.224,0.39213,2.0924,1.7804,0,0.33,0.14271,-0.22446
208.79,-313.46,31.236,1.4119,1.6303,0.0058294,5.0535e-05,6.4978,-39.002,3.8823,2.993,1.9624,0,0.33,0.15861,-0.21659
210.75,-318.59,31.211,1.4695,1.7784,0.0058884,5.2132e-05,7.4405,-40.078,-1.2531,7.3124,2.1827,0,0.33,0.15861,-0.20861
231.47,-328.06,31.113,0.9929,1.9416,0.005654,4.9129e-05,3.7818,-35.34,-1.9402,5.7173,1.1577,0,0.33,0.19045,-0.20809
240.96,-315.92,31.139,0.94939,1.785,0.0056307,4.9924e-05,3.3354,-34.806,-2.129,1.6909,0.54626,0,0.33,0.19055,-0.21684
272.27,-382.37,31.174,1.2364,1.8403,0.0057414,4.5036e-05,5.2189,-37.899,-0.41142,6.6478,1.3711,0,0.33,0.17456,-0.20881
268.82,-360.73,31.199,1.1865,1.666,0.0057066,4.5637e-05,4.6005,-37.048,2.1482,2.2355,1.0419,0,0.33,0.17456,-0.21684
235.19,-309.76,31.186,1.1342,1.5413,0.0056866,4.8769e-05,4.2022,-36.36,2.1147,-0.12367,0.77799,0,0.33,0.17457,-0.22482
179.64,-248.68,31.064,0.819,2.0306,0.0055904,5.4155e-05,2.6498,-32.981,-0.20495,4.3056,1.5211,0,0.33,0.20662,-0.20902
172.32,-223.12,31.081,0.78851,1.8992,0.0055736,5.7822e-05,2.3175,-32.52,1.9806,0.97908,0.99967,0,0.33,0.20662,-0.21702
157.07,-192.27,31.073,0.75394,1.8097,0.0055626,6.2463e-05,2.083,-32.066,2.2401,-0.19872,0.8203,0,0.33,0.20661,-0.22501
129.05,-184.88,31.031,0.60104,1.7264,0.0055379,6.178e-05,1.6642,-30.151,5.0801,-0.26593,1.0609,0,0.33,0.22252,-0.22498
155.97,-216.4,31.035,0.624,1.8552,0.0055444,5.6884e-05,1.8242,-30.447,6.8526,0.16893,1.5871,0,0.33,0.22252,-0.217
196.48,-265.85,31.021,0.6347,1.9938,0.0055541,5.1874e-05,2.0352,-30.587,3.7531,2.9988,1.9435,0,0.33,0.22253,-0.20903
467.43,-787.27,30.856,0.98645,-1.1073,0.012359,5.9376e-05,34.943,-31.375,20.032,5.4456,13.23,0,0.33,0.031256,-0.24025
329.13,-487.49,30.931,0.81053,-0.89764,0.0081108,5.2106e-05,24.203,-30.97,15.655,3.2084,14.702,0,0.33,0.031259,-0.25625
356.65,-791.66,30.79,0.72085,-1.408,0.015543,6.3422e-05,35.207,-29.591,39.398,6.9816,25.009,0,0.33,0,-0.24019
305.81,-475.11,30.913,0.67199,-1.0195,0.0085576,5.0924e-05,23.335,-30.337,26.845,2.9595,24.297,0,0.33,0,-0.25619
453.45,-633.48,31.027,1.4267,-0.34933,0.0080482,5.6205e-05,27.41,-34.78,-1.0485,3.7192,1.8019,0,0.33,0.063035,-0.24037
244.37,-349.65,31.06,1.1034,-0.30206,0.0068116,5.9269e-05,17.16,-33.407,0.62648,2.2123,3.6346,0,0.33,0.063061,-0.2564
185.38,-295.95,31.168,1.3223,0.26643,0.0062543,5.9204e-05,11.627,-35.119,-1.8972,1.6792,1.2538,0,0.33,0.094889,-0.25661
272.55,-427,31.171,1.5515,0.35437,0.0065861,5.603e-05,16.163,-37.201,-1.9553,2.752,1.5994,0,0.33,0.094871,-0.24057
187.04,-302.61,31.215,1.3929,0.87584,0.0060399,5.7159e-05,9.0227,-37.303,-0.12162,1.7024,1.0482,0,0.33,0.12665,-0.2408
120.54,-209.39,31.189,1.183,0.67895,0.0059047,6.5803e-05,6.5904,-35.06,-0.3131,0.47344,0.76283,0,0.33,0.12667,-0.25682
104.94,-165.31,31.182,1.062,1.0123,0.0056778,6.967e-05,3.46,-33.839,-0.91406,0.49637,0.488,0,0.33,0.1586,-0.25646
143.4,-223.8,31.196,1.165,1.2005,0.0057337,5.9666e-05,4.5355,-35.606,-0.91519,1.5145,0.66373,0,0.33,0.15861,-0.2405
119.86,-182.91,31.13,0.86975,1.4123,0.0055935,6.4361e-05,2.4049,-32.941,-0.44582,1.0104,0.44677,0,0.33,0.19054,-0.24096
89.204,-140.37,31.118,0.80325,1.1707,0.0055761,7.4556e-05,1.9924,-31.68,-0.33958,-0.091988,0.18006,0,0.33,0.19053,-0.25707
80.236,-114.55,31.051,0.57994,1.2912,0.0055175,8.2822e-05,1.1868,-28.798,-0.091986,0.020026,0.07972,0,0.33,0.22246,-0.2572
106.12,-149.2,31.052,0.59296,1.4756,0.0055277,7.0263e-05,1.406,-29.592,-0.45147,0.77188,0.24412,0,0.33,0.22249,-0.2411
64.089,-95.633,30.973,0.34894,1.2693,0.0054975,8.9677e-05,0.89739,-26.289,-0.06329,-0.14566,0.026979,0,0.33,0.25441,-0.2571
91.202,-128.5,30.961,0.31956,1.4745,0.0055026,7.5578e-05,1.0296,-26.501,-0.54546,0.71263,0.17565,0,0.33,0.25445,-0.24105
52.661,-78.143,30.91,0.13641,1.2287,0.0054852,0.0001012,0.72554,-23.445,-0.47344,-0.14033,0.028525,0,0.33,0.28638,-0.25701
72.257,-102.1,30.896,0.080344,1.3738,0.0054893,8.4745e-05,0.82201,-23.567,-0.78984,0.41285,0.12176,0,0.33,0.28641,-0.24102
38.443,-60.059,30.852,-0.0038601,1.1276,0.0054791,0.00011154,0.62595,-21.626,-0.95886,-0.21147,-0.13046,0,0.33,0.31822,-0.25701
55.089,-81.47,30.831,-0.095543,1.2693,0.0054825,9.5147e-05,0.7055,-21.345,-1.6206,0.35905,-0.054204,0,0.33,0.31824,-0.24104
33.373,-53.417,30.805,-0.1401,1.0218,0.0054749,0.00011761,0.55827,-19.603,-0.74989,-0.20007,-0.0031137,0,0.33,0.35011,-0.25701
41.423,-64.245,30.789,-0.22783,1.1169,0.005477,0.00010569,0.60837,-19.531,-0.90562,0.055919,0.12075,0,0.33,0.35013,-0.24105
28.428,-45.97,30.758,-0.30767,0.95737,0.005473,0.00012617,0.53672,-18.162,-1.078,-0.15195,-0.019761,0,0.33,0.38203,-0.24106
-5152.5,30386,-2.0293,1.4487,1.6508,22.611,0.025804,826.28,-125.03,-438.2,-9.3054,-54.865,0,0.33,0.03935,0.10789
-1336.5,29349,-1.9527,1.8606,1.3416,22.587,0.025098,852.59,-122.18,-436.59,-1.7302,-62.795,0,0.33,0.039359,0.11195
3200.9,10675,-1.2387,0.81987,9.7074,19.075,0.014358,1315.3,-109.63,-441.03,-33.487,87.539,0,0.33,0.015709,0.11579
-76073,-17000,-0.19547,0.37999,12.937,14.625,0.0061657,2705.9,-107.42,594.2,-31.595,1983.5,0,0.33,0.0078496,0.11572
-1.5614e+05,-40933,0.53482,0.14473,14.668,11.677,0.00086294,3878.7,-106.45,1634.2,-28.564,3842.1,0,0.33,0,0.11566
2692.8,15095,-1.6792,1.8232,5.9067,20.933,0.017833,1091.8,-104.62,-439,-17.782,20.085,0,0.33,0.023612,0.12396
2321.1,16534,-1.7253,1.5496,6.3214,21.19,0.018308,1053.9,-108.98,-440.85,-22.11,25.643,0,0.33,0.023614,0.11994
1960.4,19522,-1.6834,2.7928,2.6081,21.393,0.019863,1024.3,-103.42,-433.7,3.611,-37.651,0,0.33,0.031499,0.12806
1724,20958,-1.8057,2.455,3.0168,21.848,0.020543,982.66,-108.18,-438.11,-1.8035,-29.029,0,0.33,0.031505,0.12405
3135.9,13632,-1.6114,2.0998,5.4642,20.561,0.01729,1135.7,-99.843,-436.62,-13.471,14.133,0,0.33,0.023603,0.12797
1453.4,22460,-1.9043,2.1161,3.4043,22.159,0.021141,946.35,-112.54,-441.89,-7.102,-21.381,0,0.33,0.031507,0.12004
2035,17949,-1.7495,1.2769,6.7079,21.349,0.018722,1021.6,-112.88,-442.38,-26.569,30.881,0,0.33,0.023605,0.1159
1059.8,23976,-1.9794,1.773,3.7714,22.345,0.021679,914.91,-116.45,-445.08,-12.585,-14.353,0,0.33,0.031497,0.116
-4018.5,28431,0.026899,3.2094,-3.6684,22.546,0.022489,1005.9,-118.49,-354.15,71.1,-236.81,0,0.33,0.055164,0.11611
-1815.7,29573,-1.2281,2.7629,-1.5007,22.205,0.024345,913.86,-119.44,-405.46,31.236,-144.93,0,0.33,0.047269,0.11613
-6082.7,24388,2.0747,3.5442,-5.321,24.38,0.021341,1144.1,-115.98,-275.62,124.92,-334.7,0,0.33,0.063057,0.11613
131.92,26348,-1.7031,2.6702,0.66325,22.195,0.023227,918.95,-114.89,-427.85,13.008,-80.858,0,0.33,0.039392,0.12013
354.12,24819,-1.5338,3.0602,0.30577,21.799,0.022112,959.34,-110.57,-421.76,20.895,-92.169,0,0.33,0.039391,0.12414
522.85,23445,-1.3306,3.4452,-0.063545,21.261,0.020885,1005.7,-105.83,-414.58,30.088,-106.12,0,0.33,0.039387,0.12814
-267.65,27932,-1.8427,2.2702,1.0095,22.454,0.024234,883.51,-118.78,-432.93,5.6248,-71.322,0,0.33,0.039381,0.11608
-3867.2,8474.9,11.793,2.1944,-6.4556,31.871,0.024263,1313.9,-102.85,-39.271,198.84,-439.01,0,0.33,0.094865,0.1002
-6743.6,10709,8.5473,2.1913,-6.6788,31.097,0.024426,1273.2,-108.88,-91.369,165.86,-422.77,0,0.33,0.086897,0.10019
-8046.6,10792,9.2591,2.5694,-6.7346,31.452,0.023918,1315.2,-107.78,-77.559,190.67,-437.59,0,0.33,0.086902,0.10436
-4956.6,8906.9,12.617,2.5073,-6.4624,31.907,0.023683,1347.6,-102.03,-26.76,222.99,-451.58,0,0.33,0.094863,0.10426
-9335.1,21146,3.6421,2.8618,-6.1466,26.558,0.022638,1173.4,-117.4,-221.25,128.77,-374.82,0,0.33,0.070965,0.1081
-10287,14841,6.6824,2.9518,-6.7066,29.647,0.023009,1288.2,-112.02,-134.14,176.14,-425.82,0,0.33,0.078892,0.10814
-8685.2,20018,4.218,3.295,-6.2577,27.018,0.021999,1228.1,-114.99,-203.42,154.3,-394.98,0,0.33,0.070957,0.11215
-8843,14166,7.4307,3.3295,-6.7286,30.15,0.022476,1341.2,-109.91,-116.35,204.41,-443.54,0,0.33,0.078884,0.1122
-8318,10709,10.063,2.9176,-6.7384,31.763,0.023379,1358.9,-106.32,-62.834,217.17,-451.54,0,0.33,0.086905,0.10846
-9292.8,9230,14.543,3.0419,-6.3234,31.478,0.022305,1411.4,-99.343,-1.0924,273.01,-471.24,0,0.33,0.094848,0.1125
-7325.6,9166.2,13.534,2.7911,-6.4187,31.795,0.023035,1380.5,-100.86,-13.938,248.05,-462.65,0,0.33,0.094857,0.10836
-7222.1,10472,10.961,3.2309,-6.6891,31.994,0.022803,1403.4,-104.53,-47.209,244.93,-464.53,0,0.33,0.086904,0.11251
-5277.3,8110.7,15.128,2.1557,-6.0275,30.344,0.02302,1318.1,-97.098,-8.2064,222.74,-447.78,0,0.33,0.10279,0.10022
-8557.2,8603.2,16.026,2.408,-5.999,29.878,0.022311,1338.8,-96.439,2.5059,243.83,-454.43,0,0.33,0.10279,0.10422
-12597,9178.5,20.431,2.5061,-5.3921,23.981,0.018638,1281.8,-90.071,22.033,264.12,-442.76,0,0.33,0.1107,0.10823
-10809,8836,23.671,2.4355,-4.9246,17.089,0.014785,1142.9,-84.492,19.1,240.38,-401.45,0,0.33,0.11861,0.10825
-7970.9,6458.3,27.173,2.4836,-4.4695,8.8607,0.009802,878.58,-77.807,15.615,187.36,-296.84,0,0.33,0.12654,0.11226
-8508.4,7142.6,26.445,2.4077,-4.5898,10.268,0.010712,935.42,-78.679,11.145,191.37,-325.19,0,0.33,0.12654,0.10827
-10307,8440.4,24.598,2.5493,-4.7968,15.382,0.013706,1106.3,-83.495,24.377,243.89,-381.31,0,0.33,0.11861,0.11224
-12073,9139.6,21.464,2.6584,-5.2632,22.452,0.017568,1271.2,-88.958,29.174,276.53,-434.59,0,0.33,0.1107,0.11222
-10686,8947.1,17.003,2.6335,-5.9249,29.182,0.021502,1356.2,-95.476,12.896,264.88,-459.37,0,0.33,0.10278,0.10823
-12585,9109.5,18.061,2.8308,-5.8045,28.202,0.020578,1368.7,-94.201,22.76,285.01,-461.73,0,0.33,0.10278,0.11229
-6487.8,13309,8.2829,3.6705,-6.6986,30.646,0.021932,1397.2,-107.46,-96.739,234.76,-461.14,0,0.33,0.078879,0.11623
-7127,18637,4.8915,3.6972,-6.3254,27.536,0.021361,1288.8,-112.18,-182.78,182.84,-416.1,0,0.33,0.070953,0.11616
-8089.9,8846.1,14.251,3.9308,-6.2185,31.666,0.020728,1527.9,-97.388,2.454,332.35,-493.6,0,0.33,0.086901,0.12452
-7803.1,9524.7,13.052,3.7395,-6.429,32.01,0.021495,1489.6,-100.03,-14.147,302.9,-486.32,0,0.33,0.086902,0.12053
-15491,7708.2,19.389,3.6807,-5.4514,27.121,0.018318,1477,-90.565,44.286,360.79,-470.73,0,0.33,0.094839,0.12862
-14766,8293.3,18.067,3.5774,-5.737,28.775,0.0195,1473.7,-93.094,34.433,341.59,-476.81,0,0.33,0.09484,0.12462
-12545,8072.4,15.556,4.0785,-5.9555,30.979,0.019854,1560.1,-94.528,18.365,361.29,-497.19,0,0.33,0.086899,0.12851
-13133,8758.4,16.816,3.4363,-5.98,30.019,0.020549,1460,-95.418,23.363,320.04,-478.52,0,0.33,0.094841,0.12061
-6925.1,10078,11.957,3.5058,-6.5859,32.096,0.02218,1447.5,-102.42,-30.88,273.64,-476.34,0,0.33,0.086903,0.11653
-10650,9086.2,15.639,3.2576,-6.1765,30.903,0.021479,1438.5,-97.513,11.43,297.11,-476.62,0,0.33,0.094843,0.11657
-9804.3,7821.7,25.527,2.6402,-4.6435,13.529,0.012543,1059.2,-82.263,28.412,242.73,-356.83,0,0.33,0.11862,0.11623
-11710,8893.1,22.54,2.7853,-5.0984,20.641,0.016378,1251.2,-87.575,35.244,285.71,-422.52,0,0.33,0.1107,0.11624
-7288.2,5619.7,27.874,2.5386,-4.3321,7.4349,0.0088419,813.44,-76.731,18.824,178.97,-265.67,0,0.33,0.12655,0.11626
-13013,8780.4,20.384,3.1342,-5.4307,25.228,0.018343,1370.7,-90.76,39.53,317.84,-453.74,0,0.33,0.10276,0.12052
-13254,8295,21.62,3.2394,-5.1842,23.202,0.017028,1355.4,-88.67,45.745,328.96,-441.46,0,0.33,0.10276,0.12461
-13348,7614.8,22.882,3.3139,-4.9054,20.841,0.015594,1326,-86.388,50.28,335.36,-423.13,0,0.33,0.10275,0.12865
-12797,9056.4,19.192,2.9981,-5.6389,26.894,0.019526,1374.3,-92.62,31.77,302.95,-460.24,0,0.33,0.10277,0.11638
15.556,-280.53,30.157,2.0491,-4.5555,0.44623,0.0015085,282.39,-56.985,-12.185,42.611,-38.418,0,0.33,0.15855,0.10017
-760.35,913.52,29.857,2.1705,-4.5182,1.2311,0.0029645,392.01,-62.02,-10.873,55.421,-91.908,0,0.33,0.15055,0.10021
-666.08,654.69,30.075,2.1937,-4.4196,1.0261,0.0028057,343.34,-61.933,-5.0767,48.731,-79.714,0,0.33,0.15055,0.1042
75.132,-370.82,30.313,2.0603,-4.4523,0.35432,0.0014333,232.09,-56.969,-5.9784,31.148,-34.135,0,0.33,0.15855,0.10416
-5517.9,4512.1,28.477,2.3785,-4.4004,5.165,0.0071771,690.98,-72.783,4.3236,130.43,-226.96,0,0.33,0.13455,0.10828
-2383.1,2039.6,29.695,2.3059,-4.3241,2.2147,0.0044975,465.71,-67.03,0.95492,77.745,-134.21,0,0.33,0.14259,0.1082
-5287.8,3794.2,28.968,2.4183,-4.2861,4.2887,0.0065225,628.52,-72.062,8.3563,122.98,-198.5,0,0.33,0.13455,0.11227
-2518.9,1515.4,29.986,2.3157,-4.212,1.7773,0.0040712,411.04,-66.471,4.6481,70.668,-112.78,0,0.33,0.14258,0.11222
-628.17,364.57,30.263,2.1989,-4.3139,0.82966,0.0025937,299.06,-61.685,-0.50227,42.822,-66.76,0,0.33,0.15055,0.10819
375.54,-625.06,30.531,2.0354,-4.2294,0.21546,0.001206,166.27,-56.56,0.76152,20.8,-22.386,0,0.33,0.15855,0.11214
207.08,-506.45,30.434,2.0537,-4.3429,0.28045,0.0013339,196.22,-56.82,-1.8427,24.895,-28.222,0,0.33,0.15855,0.10815
-554.93,82.669,30.425,2.1893,-4.2021,0.6478,0.0023415,257.66,-61.296,2.8107,37.358,-54.172,0,0.33,0.15055,0.11219
451.99,-815.6,30.17,1.9067,-4.6142,0.20136,0.00079382,245.81,-52.402,-14.036,48.052,-11.837,0,0.33,0.16658,0.10014
561.47,-815.35,30.318,1.9114,-4.5078,0.12094,0.00066739,173.88,-52.396,-7.0608,26.404,-12.957,0,0.33,0.16658,0.10413
899.9,-1055.1,30.337,1.7256,-4.468,0.034028,0.00029693,111.76,-48.242,-2.8172,16.396,-4.8186,0,0.33,0.17461,0.10818
995.8,-1185.2,30.229,1.5437,-4.5406,0.018423,0.0001893,96.553,-44.127,-1.4695,15.696,-2.8194,0,0.33,0.18256,0.10811
1154,-1330.7,30.198,1.3266,-4.4748,0.011878,0.00016901,70.486,-40.352,-0.38846,11.938,-3.1499,0,0.33,0.19062,0.11237
1208.1,-1427.4,30.126,1.3613,-4.6143,0.014404,0.00016455,87.506,-40.373,-0.60995,14.634,-3.4144,0,0.33,0.19061,0.10838
1002.9,-1149.6,30.301,1.5132,-4.4136,0.014931,0.00018893,78.654,-44.082,-1.033,12.268,-2.5074,0,0.33,0.18257,0.11213
942.48,-1054.4,30.408,1.6986,-4.3469,0.026708,0.00028227,92.261,-48.109,-1.7028,12.762,-4.2729,0,0.33,0.17462,0.11218
687.57,-870.87,30.415,1.8968,-4.3952,0.091559,0.00061967,139.98,-52.294,-2.9805,18.058,-11.22,0,0.33,0.16658,0.10812
770.77,-906.28,30.49,1.8725,-4.2792,0.070339,0.0005677,117.22,-52.112,-0.92839,14.558,-9.1763,0,0.33,0.16658,0.11211
-1974.3,1000.7,30.245,2.3156,-4.0919,1.3728,0.0036113,356.11,-65.841,7.249,62.288,-91.941,0,0.33,0.14252,0.11634
-4458.4,3031.5,29.42,2.4397,-4.161,3.4492,0.0058352,562.12,-71.163,11.395,112.72,-169.51,0,0.33,0.13455,0.11629
254.8,-500.92,30.766,2.1175,-3.8512,0.24308,0.001489,150.34,-59.458,3.2798,23.779,-23.553,0,0.33,0.15054,0.12418
-6.5533,-367.03,30.673,2.1423,-3.9686,0.35131,0.0017766,182.74,-60.158,4.9024,27.482,-32.19,0,0.33,0.15054,0.12019
654.04,-705.85,30.799,1.9429,-3.7754,0.052717,0.00061749,79.918,-54.683,-1.8749,14.857,-7.1568,0,0.33,0.15855,0.12814
652.4,-729.24,30.742,1.9595,-3.886,0.078541,0.00075668,96.664,-55.25,0.032624,15.321,-9.5157,0,0.33,0.15855,0.12412
434.03,-574.71,30.844,2.0979,-3.736,0.16151,0.0012144,122.25,-58.684,0.92595,20.84,-16.878,0,0.33,0.15054,0.12817
614.23,-734.97,30.681,1.9831,-3.9989,0.11396,0.00090724,116.74,-55.761,1.6439,16.247,-12.895,0,0.33,0.15855,0.12013
-311.84,-167.43,30.561,2.1684,-4.0863,0.48684,0.0020646,218.76,-60.778,4.7468,32.162,-42.523,0,0.33,0.15054,0.11619
522.02,-703.21,30.612,2.0102,-4.114,0.15967,0.0010603,139.95,-56.203,1.9558,18.004,-17.204,0,0.33,0.15855,0.11613
974.04,-1095.6,30.364,1.4847,-4.2876,0.012787,0.00019399,65.696,-43.987,-1.1739,11.53,-2.2682,0,0.33,0.18258,0.11614
932.67,-1023.2,30.468,1.6715,-4.2258,0.021316,0.00026879,77.533,-47.927,-1.5605,11.718,-3.7693,0,0.33,0.17462,0.11617
1084.7,-1232.5,30.266,1.2999,-4.3394,0.010432,0.00017954,58.296,-40.369,-0.61952,11.568,-3.0146,0,0.33,0.19065,0.11642
798.32,-871.36,30.61,1.8195,-4.0462,0.038831,0.00044616,82.813,-51.535,-1.0422,12.638,-5.9759,0,0.33,0.16658,0.12009
761.83,-817.41,30.665,1.7998,-3.9326,0.028129,0.00038745,69.506,-51.163,-2.3927,12.914,-4.9454,0,0.33,0.16658,0.12409
719.98,-768.39,30.72,1.7875,-3.8212,0.020448,0.00033661,58.666,-50.758,-3.4751,13.296,-4.3508,0,0.33,0.16658,0.12811
805.96,-906.13,30.553,1.8452,-4.1622,0.052862,0.00050802,98.616,-51.857,-0.39626,13.027,-7.3898,0,0.33,0.16658,0.1161
2480.8,-2923.1,29.591,0.19646,-5.0832,0.019693,0.00019165,101.17,-22.934,0.1413,16.116,-8.8108,0,0.33,0.22261,0.10047
2374.6,-2870.4,29.651,0.55458,-5.1216,0.028124,0.00022465,119.87,-27.244,0.39678,20.739,-8.4234,0,0.33,0.21467,0.10045
2041.4,-2416.2,29.766,0.55549,-4.928,0.015647,0.00017653,88.169,-27.771,0.2362,14.816,-6.9246,0,0.33,0.21468,0.10445
2094.7,-2465.9,29.705,0.23041,-4.8917,0.013501,0.00017367,77.592,-23.725,0.11283,13.284,-7.7289,0,0.33,0.22261,0.10446
1405.6,-1680.6,30.028,1.1147,-4.683,0.013345,0.00016488,81.039,-36.277,0.051218,13.645,-4.6427,0,0.33,0.19862,0.10843
1586.6,-1902.4,29.942,0.85778,-4.735,0.012703,0.00016901,75.288,-32.34,0.15406,13.189,-5.6425,0,0.33,0.20672,0.10845
1292.1,-1521.9,30.106,1.0877,-4.5303,0.011024,0.00017058,64.88,-36.406,-0.22076,11.872,-4.5255,0,0.33,0.19862,0.11242
1399.8,-1673.7,30.027,0.84375,-4.5725,0.010503,0.00017534,60.136,-32.646,-0.22147,12.094,-5.5184,0,0.33,0.20671,0.11245
1754.8,-2070.6,29.865,0.5601,-4.7478,0.011802,0.00017237,68.615,-28.285,-0.072764,12.744,-6.4781,0,0.33,0.21468,0.10844
1547.9,-1839.8,29.902,0.29006,-4.5458,0.0091151,0.00018496,49.514,-25.166,0.14545,11.65,-6.8593,0,0.33,0.22263,0.11247
1789.2,-2115.2,29.807,0.26146,-4.713,0.010671,0.00017484,61.208,-24.47,0.11631,12.107,-7.1985,0,0.33,0.22262,0.10846
1520.5,-1797.7,29.956,0.56697,-4.5797,0.0098599,0.00018004,54.992,-28.785,-0.34885,12.065,-6.283,0,0.33,0.21468,0.11243
2499.2,-2883.9,29.549,-0.15483,-4.9755,0.015579,0.00017874,86.542,-18.891,0.079685,13.318,-8.7709,0,0.33,0.23055,0.10048
2132,-2467.9,29.661,-0.091359,-4.7936,0.011636,0.00017185,67.721,-19.918,0.38196,11.789,-7.7516,0,0.33,0.23056,0.10449
1801.3,-2073.1,29.73,-0.32081,-4.4845,0.008704,0.0001807,48.39,-17.635,0.39457,9.9441,-5.7741,0,0.33,0.23861,0.10856
1641.8,-1899.8,29.692,-0.58322,-4.3249,0.0080849,0.00018557,43.797,-14.794,-1.4226,8.4868,-5.806,0,0.33,0.24673,0.10837
1243.9,-1509.8,29.78,-0.71523,-4.0333,0.007156,0.00021664,33.261,-13.676,-2.0163,7.8009,-8.5853,0,0.33,0.25463,0.11259
1420.4,-1704.3,29.688,-0.81216,-4.1535,0.0076144,0.00019479,39.354,-12.405,-2.9979,7.5164,-8.7541,0,0.33,0.2547,0.10844
1445.2,-1681.7,29.787,-0.49657,-4.189,0.0074777,0.00020456,36.757,-15.986,-0.80708,8.7086,-5.2686,0,0.33,0.24668,0.11249
1573.9,-1820.3,29.828,-0.25093,-4.3331,0.0078683,0.00019708,40.138,-18.689,0.82569,9.9663,-5.2025,0,0.33,0.23864,0.11263
1834.2,-2135.3,29.765,-0.035183,-4.6213,0.0095759,0.00017745,54.174,-20.875,0.62366,11.163,-7.0795,0,0.33,0.2306,0.10854
1591.7,-1863,29.863,0.014939,-4.4592,0.0084158,0.00019072,44.353,-21.76,0.9337,10.928,-6.6304,0,0.33,0.23065,0.11261
1239.9,-1496.5,30.108,0.83623,-4.419,0.0091807,0.00018718,49.257,-32.97,-0.6898,11.988,-5.4837,0,0.33,0.20669,0.11648
1180.6,-1386.9,30.179,1.0677,-4.3834,0.0096543,0.00018208,53.245,-36.543,-0.6168,11.724,-4.5243,0,0.33,0.19862,0.11643
1078.3,-1296.2,30.207,0.59975,-4.1279,0.0074295,0.00022801,32.497,-30.16,-0.99573,10.947,-5.4952,0,0.33,0.21466,0.1245
1189.9,-1424,30.127,0.58843,-4.2721,0.0079352,0.00021001,37.964,-29.731,-0.91152,11.655,-5.8875,0,0.33,0.21466,0.12044
991.5,-1199.4,30.234,0.38727,-3.9575,0.0068401,0.0002005,25.764,-27.518,0.83302,8.6048,-5.6011,0,0.33,0.22266,0.12859
1094.9,-1313.8,30.16,0.3656,-4.096,0.0071422,0.00022581,29.712,-26.98,0.59356,10.119,-5.9596,0,0.33,0.22266,0.12454
992.14,-1198.5,30.281,0.6104,-3.9869,0.0070706,0.00022376,28.191,-30.554,-0.92076,9.5917,-5.0371,0,0.33,0.21466,0.12864
1216.9,-1453.6,30.079,0.34227,-4.239,0.0075588,0.00021949,34.614,-26.414,0.27261,10.997,-6.2724,0,0.33,0.22265,0.12049
1334.1,-1587.8,30.043,0.5767,-4.4221,0.0086865,0.00019321,45.17,-29.273,-0.61738,11.894,-6.1331,0,0.33,0.21467,0.11643
1361.5,-1625.5,29.993,0.31691,-4.3885,0.0081702,0.00020038,40.986,-25.813,0.18362,11.408,-6.5688,0,0.33,0.22264,0.11647
1282.7,-1497.9,29.878,-0.42026,-4.0586,0.0070653,0.00022262,31.254,-17.081,-0.20493,8.8251,-4.779,0,0.33,0.24661,0.11663
1391.5,-1612.7,29.921,-0.1889,-4.1902,0.0073342,0.0002176,33.885,-19.66,1.2588,9.9167,-4.7072,0,0.33,0.23863,0.11667
1093.5,-1343.3,29.868,-0.63028,-3.9175,0.006829,0.00021919,28.407,-14.846,-1.0877,7.9535,-8.394,0,0.33,0.25458,0.11668
1239.2,-1467,30.043,0.10036,-4.163,0.0072282,0.00022273,31.563,-23.341,1.6488,10.337,-5.9512,0,0.33,0.23067,0.12064
1108.4,-1322.3,30.125,0.13607,-4.0252,0.0068923,0.00020792,27.175,-24.053,2.0822,9.4561,-5.635,0,0.33,0.23068,0.12464
997.35,-1199.3,30.199,0.16812,-3.8921,0.0066406,0.00017056,23.546,-24.713,2.2255,7.9566,-5.2855,0,0.33,0.23068,0.12865
1396.7,-1643.7,29.956,0.060042,-4.3071,0.0077024,0.00020873,37.099,-22.579,1.2748,10.743,-6.2767,0,0.33,0.23066,0.11663
1270.6,-1453.5,29.706,-1.4381,-3.6424,0.0070103,0.00021658,32.605,-6.3578,-0.29073,5.3855,-3.0138,0,0.33,0.27857,0.1047
1409.1,-1613.2,29.623,-1.5656,-3.7094,0.0074449,0.00019312,38.825,-4.9263,-0.60248,4.8634,-3.7423,0,0.33,0.27856,0.10062
1255.2,-1439.9,29.643,-1.6615,-3.4461,0.0071106,0.00020852,34.387,-4.1497,1.332,2.984,-3.258,0,0.33,0.28653,0.10067
1158.1,-1322.7,29.714,-1.5393,-3.3944,0.0067682,0.00022241,28.995,-5.52,2.1848,3.637,-2.6196,0,0.33,0.28654,0.10466
1273.9,-1567.4,29.732,-1.0117,-3.9706,0.0072106,0.00020902,34.755,-10.462,-3.8477,7.3588,-9.9063,0,0.33,0.26268,0.10858
1199.9,-1441.1,29.775,-1.1854,-3.7812,0.0069082,0.00021968,30.798,-8.9119,-3.1277,7.0383,-6.4383,0,0.33,0.27064,0.10868
1106.1,-1384.7,29.822,-0.90809,-3.8654,0.006858,0.00022044,29.501,-11.759,-2.7612,7.5743,-9.9437,0,0.33,0.26267,0.11267
1052.1,-1281.9,29.862,-1.0785,-3.6927,0.0066265,0.00020777,26.21,-10.211,-2.4821,7.2223,-6.2693,0,0.33,0.27064,0.1127
1145.4,-1313.6,29.788,-1.3218,-3.574,0.0066969,0.00021919,27.604,-7.7187,0.06702,6.0365,-2.3705,0,0.33,0.27858,0.10871
991.76,-1135.8,29.862,-1.3174,-3.2819,0.0062989,0.00015273,20.708,-8.1462,3.632,5.4975,-1.5042,0,0.33,0.28655,0.11284
1072.6,-1224.2,29.786,-1.4256,-3.3401,0.0065062,0.00019925,24.53,-6.8525,2.9677,4.5994,-2.0276,0,0.33,0.28655,0.10868
1030.4,-1189.6,29.869,-1.2149,-3.5034,0.0064586,0.00018507,23.463,-9.0173,0.38369,6.5074,-1.8813,0,0.33,0.27858,0.11274
1061,-1255.8,29.68,-1.744,-3.1858,0.0068252,0.00022517,30.119,-3.6752,1.5253,1.9589,-4.6349,0,0.33,0.29457,0.10043
995.63,-1178.1,29.743,-1.6276,-3.1431,0.006549,0.00021566,25.486,-4.9765,2.1501,2.6422,-4.4691,0,0.33,0.29459,0.1044
738.34,-920.26,29.858,-1.5932,-2.8724,0.0061726,0.00014187,18.416,-5.9564,0.10283,3.7112,-5.4953,0,0.33,0.30254,0.1085
526.38,-694.75,29.915,-1.6541,-2.6923,0.0060043,0.00010897,14.681,-5.8896,-2.4052,3.4288,-5.4357,0,0.33,0.3105,0.10857
397.48,-543.23,30.026,-1.6049,-2.5202,0.0057791,6.0103e-05,9.3148,-6.9841,-1.1694,3.0163,-5.232,0,0.33,0.31857,0.11279
428.53,-575.54,29.974,-1.689,-2.5412,0.0058462,7.4886e-05,11.022,-5.9583,0.33094,2.4493,-5.5461,0,0.33,0.31857,0.10869
492.64,-659.65,29.974,-1.557,-2.6554,0.0059052,8.349e-05,12.443,-7.0102,-3.2868,4.1437,-5.01,0,0.33,0.31045,0.11294
696.46,-877.99,29.925,-1.4872,-2.8257,0.0060331,0.00010554,15.52,-7.1677,0.44089,4.5419,-5.2572,0,0.33,0.30249,0.1129
938.71,-1114.5,29.809,-1.5157,-3.0963,0.0063297,0.0001698,21.534,-6.2704,2.9009,3.67,-4.2892,0,0.33,0.29459,0.10846
881.49,-1054.2,29.879,-1.4062,-3.0444,0.0061528,0.00012501,18.072,-7.5438,3.8441,4.6746,-4.0171,0,0.33,0.29456,0.11276
920.1,-1136.8,29.944,-0.9833,-3.605,0.0064112,0.00016908,22.401,-11.429,-1.7607,7.0141,-6.1033,0,0.33,0.27064,0.1167
963.03,-1227,29.907,-0.81725,-3.7634,0.0065968,0.00019861,25.237,-12.961,-1.7061,7.549,-9.8765,0,0.33,0.26267,0.11669
722.73,-849.59,30.091,-0.94618,-3.2869,0.0060116,8.9878e-05,14.516,-12.461,1.1247,4.6217,-1.4675,0,0.33,0.27859,0.12485
820.66,-954.04,30.023,-1.0276,-3.3593,0.0061276,0.00011304,17.03,-11.386,0.95298,5.7825,-1.4483,0,0.33,0.27858,0.12081
665.08,-776.45,30.137,-0.96832,-3.037,0.0058413,5.8162e-05,10.747,-12.515,6.4873,3.8649,-1.7249,0,0.33,0.28653,0.12925
748.5,-859.22,30.077,-1.043,-3.0992,0.0059178,7.1517e-05,12.621,-11.526,5.7932,5.0067,-1.2482,0,0.33,0.28653,0.12524
632.18,-754.19,30.15,-0.8717,-3.2141,0.0059173,7.2437e-05,12.348,-13.465,1.2493,3.0241,-1.6426,0,0.33,0.27859,0.12893
831.94,-945.92,30.01,-1.1253,-3.1605,0.0060136,9.0069e-05,14.828,-10.475,5.095,5.682,-1.0537,0,0.33,0.28653,0.1212
922.98,-1068.8,29.949,-1.1168,-3.4314,0.006273,0.00014369,19.972,-10.24,0.70099,6.4297,-1.5829,0,0.33,0.27858,0.11678
912.37,-1040.3,29.937,-1.2165,-3.2212,0.006137,0.00011586,17.479,-9.3545,4.3635,5.8602,-1.1457,0,0.33,0.28653,0.11707
457.74,-616.59,30.035,-1.4632,-2.614,0.0058292,6.654e-05,10.599,-8.0681,-3.7441,4.6508,-4.5487,0,0.33,0.31041,0.1172
651.06,-822.15,29.992,-1.3871,-2.7755,0.0059255,8.0449e-05,13.105,-8.297,1.1806,5.0903,-4.9853,0,0.33,0.30243,0.11724
369.3,-511.06,30.078,-1.5208,-2.4935,0.0057277,5.1096e-05,7.9246,-7.9742,-2.5193,3.412,-4.8365,0,0.33,0.31855,0.11692
756.86,-900.89,30.019,-1.213,-2.9348,0.0059134,7.2351e-05,12.818,-9.8114,6.3887,5.5627,-3.6495,0,0.33,0.29447,0.12131
692.54,-830.59,30.085,-1.1321,-2.8797,0.0058355,5.7698e-05,10.889,-10.826,7.528,5.4623,-3.6897,0,0.33,0.29446,0.12533
627.61,-761.09,30.146,-1.0591,-2.8236,0.0057742,4.7716e-05,9.2641,-11.781,8.6044,4.9221,-3.9324,0,0.33,0.29447,0.12932
820.03,-978.5,29.95,-1.3038,-2.9895,0.0060155,9.3492e-05,15.162,-8.7254,5.109,5.288,-3.7626,0,0.33,0.2945,0.11715
411.87,-483.93,30.07,-1.7282,-1.9319,0.0056695,4.4607e-05,6.5377,-6.0319,9.1728,1.9321,0.49307,0,0.33,0.34252,0.10442
434.28,-516.8,30.032,-1.7929,-1.9281,0.0056985,4.8242e-05,7.425,-5.2435,8.3911,1.8601,0.22394,0,0.33,0.34251,0.10045
367.97,-447.85,30.053,-1.7648,-1.7367,0.0056431,4.3821e-05,5.7372,-5.8399,7.2138,1.3038,0.040948,0,0.33,0.35049,0.10041
350.61,-424.22,30.086,-1.7027,-1.7427,0.0056247,4.3149e-05,5.1403,-6.5567,7.6293,1.0966,0.10909,0,0.33,0.35047,0.10438
448.65,-571.71,30.039,-1.6929,-2.3597,0.0057449,5.2617e-05,8.6459,-6.1434,7.129,2.297,-4.7454,0,0.33,0.32655,0.10871
448.35,-534.59,30.088,-1.6834,-2.141,0.0056903,4.4783e-05,7.1638,-6.4381,10.76,2.7562,-1.8396,0,0.33,0.33455,0.10854
424.04,-549.21,30.086,-1.6202,-2.3511,0.0056988,4.5074e-05,7.3417,-7.0816,6.0635,2.6638,-4.7974,0,0.33,0.32656,0.11279
434.66,-522.02,30.135,-1.6186,-2.1381,0.0056587,4.0992e-05,6.2125,-7.3103,10.284,3.1696,-1.7405,0,0.33,0.33455,0.11264
393.57,-453.13,30.109,-1.667,-1.9339,0.0056446,4.2704e-05,5.748,-6.8181,9.8228,2.1492,0.90251,0,0.33,0.34252,0.10841
313.63,-372.73,30.15,-1.5844,-1.7516,0.0055921,4.4037e-05,4.0638,-8.0147,8.5654,1.2425,0.39574,0,0.33,0.35044,0.11262
330.32,-395.52,30.118,-1.643,-1.7475,0.0056077,4.3436e-05,4.5767,-7.2776,8.2482,1.0108,0.20331,0,0.33,0.35047,0.10841
383.53,-436.64,30.15,-1.6064,-1.9345,0.0056231,4.1717e-05,5.063,-7.6241,9.7533,2.6147,1.4552,0,0.33,0.34251,0.11259
284.56,-374.35,30.09,-1.731,-1.5604,0.0056029,4.5175e-05,4.4269,-6.4868,4.1842,1.8313,-1.8378,0,0.33,0.35851,0.10049
274.87,-360.91,30.122,-1.671,-1.5676,0.005591,4.5503e-05,4.0359,-7.1361,4.5185,1.7441,-1.9646,0,0.33,0.35847,0.10445
164.41,-240.42,30.204,-1.5821,-1.4405,0.0055562,5.5955e-05,2.8305,-8.3239,-1.0415,3.1776,-2.8327,0,0.33,0.36648,0.10854
98.856,-153.48,30.246,-1.5544,-1.3739,0.0055358,6.7844e-05,2.1541,-8.8538,-5.2656,2.3587,-1.9671,0,0.33,0.37447,0.10858
104.37,-148.68,30.302,-1.4735,-1.3363,0.0055178,7.048e-05,1.6647,-9.8058,0.26581,1.0655,-1.751,0,0.33,0.38246,0.11253
122.69,-179.37,30.282,-1.5142,-1.3235,0.0055224,6.4254e-05,1.8149,-9.353,-0.25081,0.21583,-2.29,0,0.33,0.38245,0.10857
88.534,-132.84,30.276,-1.5061,-1.3792,0.0055302,7.3328e-05,1.9722,-9.3697,-4.3053,3.4414,-1.4377,0,0.33,0.37446,0.11259
149.58,-222.09,30.239,-1.5288,-1.445,0.0055485,5.8055e-05,2.5735,-8.9084,0.46836,3.8402,-3.1835,0,0.33,0.36643,0.11268
257.25,-339.02,30.153,-1.613,-1.5742,0.0055793,4.6492e-05,3.6432,-7.7872,5.4177,1.7342,-2.3313,0,0.33,0.35844,0.10846
236.6,-316.36,30.185,-1.5574,-1.5804,0.0055681,4.7657e-05,3.2686,-8.4483,6.4215,1.8803,-2.9188,0,0.33,0.35839,0.11267
427.76,-521.46,30.183,-1.5503,-2.1306,0.0056333,3.8883e-05,5.44,-8.169,9.0701,3.4273,-1.5985,0,0.33,0.33449,0.11701
405.26,-533.28,30.135,-1.5449,-2.3368,0.005663,4.0966e-05,6.2803,-8.0002,4.6667,2.8451,-4.7549,0,0.33,0.32653,0.11704
403.09,-457.21,30.281,-1.4105,-1.9166,0.0055803,3.9953e-05,3.7553,-9.857,5.6054,3.6845,2.8308,0,0.33,0.34236,0.12533
396.68,-448.69,30.238,-1.4785,-1.926,0.0055916,4.036e-05,4.1009,-9.1591,7.1245,3.6119,2.685,0,0.33,0.34237,0.12128
353.09,-409.56,30.295,-1.3356,-1.738,0.0055534,4.2079e-05,2.8978,-10.661,4.0985,3.0973,1.8394,0,0.33,0.35029,0.12933
348.59,-405.23,30.258,-1.4031,-1.7464,0.0055607,4.2305e-05,3.1219,-10.05,4.8177,3.0632,1.6508,0,0.33,0.35029,0.12534
388.4,-443.38,30.321,-1.3412,-1.9052,0.0055698,4.0501e-05,3.411,-10.524,5.0953,3.3193,2.694,0,0.33,0.34236,0.12933
327.05,-381.64,30.221,-1.4668,-1.7521,0.0055687,4.3447e-05,3.3514,-9.4108,6.548,2.5633,1.321,0,0.33,0.3503,0.12131
384.78,-436.77,30.193,-1.5436,-1.9321,0.0056054,4.1048e-05,4.5141,-8.4158,8.7599,3.1842,2.1465,0,0.33,0.34243,0.11703
310.31,-365.76,30.185,-1.5262,-1.7536,0.0055789,4.4236e-05,3.6489,-8.7333,8.0582,1.8285,0.8225,0,0.33,0.35035,0.1171
78.775,-114.99,30.31,-1.4645,-1.3818,0.0055253,7.9589e-05,1.8189,-9.8802,-3.268,4.0126,-0.94554,0,0.33,0.37442,0.11669
136.83,-208.45,30.276,-1.4812,-1.448,0.0055417,5.9842e-05,2.3619,-9.4836,1.7111,4.2594,-3.6677,0,0.33,0.36632,0.11702
85.713,-118.49,30.324,-1.4391,-1.3461,0.0055136,7.8582e-05,1.5303,-10.253,0.97343,1.3626,-1.0558,0,0.33,0.38247,0.11643
233.66,-318.56,30.251,-1.4524,-1.5861,0.0055508,4.7302e-05,2.7509,-9.7085,5.8416,2.6432,-3.7726,0,0.33,0.35824,0.12131
258.15,-348.8,30.285,-1.3951,-1.5822,0.0055451,4.54e-05,2.6052,-10.292,4.1726,2.8571,-3.9893,0,0.33,0.35822,0.12534
274.91,-366.82,30.319,-1.3318,-1.5744,0.0055402,4.4272e-05,2.4688,-10.853,3.2357,2.6478,-4.1169,0,0.33,0.35823,0.12934
224.25,-304.72,30.218,-1.5046,-1.585,0.0055583,4.8246e-05,2.9616,-9.0936,6.7845,2.217,-3.4479,0,0.33,0.35829,0.11712
3641.3,11988,-1.5221,2.3812,4.9936,20.054,0.016597,1185.6,-94.666,-433.16,-9.1548,7.8577,0,0.33,0.023591,0.13199
2188.4,18067,-1.5365,3.1325,2.1787,20.774,0.018944,1071.9,-98.239,-428.3,9.5216,-47.602,0,0.33,0.03149,0.13206
733.21,22059,-1.0863,3.8284,-0.44238,20.584,0.019412,1059.6,-100.67,-405.31,41.819,-123.54,0,0.33,0.03938,0.13214
-19569,6261.2,18.471,4.2418,-5.282,28.226,0.017687,1593.3,-88.264,45.93,412.53,-489.25,0,0.33,0.086897,0.1365
-18210,7211.5,16.965,4.1821,-5.6423,29.861,0.018849,1583.2,-91.477,33.041,388.57,-496.08,0,0.33,0.086898,0.13251
-15907,6993.4,20.772,3.7475,-5.1277,25.017,0.016988,1466.6,-87.859,52.412,376,-459.05,0,0.33,0.094838,0.13261
-15968,6148,22.198,3.7795,-4.7716,22.454,0.015504,1438.7,-85.006,58.306,385.29,-440.44,0,0.33,0.094837,0.1366
-615.59,7078.7,11.746,5.1857,-5.5252,30.714,0.017686,1737.2,-89.651,-18.124,427.39,-534.61,0,0.33,0.070941,0.14016
-19638,5675.8,16.006,4.7544,-5.3087,30.145,0.017663,1706.3,-87.553,31.732,445.1,-518.74,0,0.33,0.078875,0.14025
-19846,5233.9,20.06,4.2581,-4.8796,26.006,0.016345,1585.8,-84.924,56.459,431.16,-475.61,0,0.33,0.086898,0.1405
-15606,5190.1,23.643,3.7789,-4.3906,19.469,0.013873,1388.9,-82.043,61.544,386.45,-413.86,0,0.33,0.094836,0.1406
-13156,6763.1,24.147,3.3594,-4.6013,18.191,0.014053,1279.6,-83.951,52.991,335.82,-398.55,0,0.33,0.10275,0.13266
-12593,5772.2,25.393,3.3777,-4.2797,15.328,0.012424,1213.4,-81.391,53.638,328.72,-367.27,0,0.33,0.10275,0.13666
-7612,3321.5,28.741,3.0437,-3.6267,6.5674,0.007651,823.34,-75.138,36.614,220.53,-233.03,0,0.33,0.11068,0.14065
-4068.2,1670.8,30.077,2.7856,-3.4389,2.9221,0.005119,536.3,-71.348,21.133,133.5,-141.05,0,0.33,0.11869,0.14038
-1555.8,364.47,30.75,2.5739,-3.3575,1.114,0.0032655,315.3,-67.389,9.7172,70.926,-71.724,0,0.33,0.12662,0.14044
-11622,4672.3,26.589,3.3718,-3.949,12.367,0.010741,1124.7,-78.74,51.928,312.38,-329.03,0,0.33,0.10275,0.14065
575.7,-635.26,30.964,2.0758,-3.5127,0.065255,0.0007504,80.513,-56.98,-2.3304,16.212,-8.9287,0,0.33,0.15054,0.13621
526.47,-612.48,30.909,2.0848,-3.6234,0.1038,0.00096495,99,-57.853,-1.169,18.439,-12.142,0,0.33,0.15054,0.13218
645.13,-685.83,30.852,1.9338,-3.667,0.035093,0.0004982,66.539,-54.073,-3.0968,14.384,-5.7676,0,0.33,0.15857,0.13224
638.93,-678.78,30.897,1.9197,-3.5609,0.023879,0.00040664,56.134,-53.25,-3.257,13.379,-4.9437,0,0.33,0.1586,0.13614
-137.77,-313.28,31.004,2.3875,-3.3408,0.38077,0.0019598,177.1,-63.5,3.4881,35.855,-32.706,0,0.33,0.13456,0.14038
457.03,-574.2,31.049,2.2222,-3.3604,0.1216,0.0010853,102.52,-59.739,-0.3515,19.741,-13.955,0,0.33,0.1425,0.14036
610.5,-657.89,31.008,2.0658,-3.4032,0.040797,0.00057729,66.122,-56.066,-2.3117,13.602,-6.699,0,0.33,0.15055,0.14022
644.86,-689.03,30.938,1.909,-3.4528,0.016814,0.00033961,47.97,-52.506,-2.1999,11.382,-4.2851,0,0.33,0.15861,0.14015
690.79,-737.42,30.775,1.7813,-3.7114,0.015284,0.00029745,50.155,-50.33,-3.5272,13.266,-4.1437,0,0.33,0.16658,0.1322
676.52,-728.33,30.822,1.7686,-3.6029,0.01202,0.00027251,43.49,-49.712,-2.5241,12.292,-3.9831,0,0.33,0.16658,0.13612
759.25,-820.57,30.795,1.5934,-3.5244,0.0079975,0.00024717,32.416,-46.011,-0.38885,8.9308,-2.3359,0,0.33,0.1746,0.14024
809.6,-890.72,30.707,1.4164,-3.5564,0.0073253,0.00024623,28.534,-42.849,0.21556,7.3518,-0.86686,0,0.33,0.18258,0.14012
852.42,-950.76,30.621,1.2348,-3.5717,0.0069883,0.00022107,25.615,-39.924,1.5488,5.8507,-1.2674,0,0.33,0.19066,0.14039
675.02,-733.9,30.865,1.7566,-3.4917,0.0099648,0.00025929,38.188,-49.16,-0.7703,10.196,-3.6113,0,0.33,0.16659,0.14013
846.5,-1022.1,30.397,0.62936,-3.7121,0.0065816,0.00015669,21.569,-31.177,-1.0657,4.8953,-3.9417,0,0.33,0.21463,0.13697
917.19,-1110.3,30.345,0.62009,-3.8479,0.0067988,0.00019142,24.63,-30.887,-0.97868,7.4527,-4.5183,0,0.33,0.21464,0.13282
902.57,-1096.7,30.298,0.40798,-3.8229,0.0066065,0.00016234,22.428,-28.019,0.84508,6.4279,-5.181,0,0.33,0.22267,0.13266
821.37,-1001,30.349,0.42687,-3.6917,0.0064175,0.00013196,19.518,-28.448,0.68214,3.9907,-4.7553,0,0.33,0.22268,0.13669
854.93,-986.66,30.548,1.0336,-3.5704,0.0067621,0.00018366,23.239,-36.898,0.2208,4.5577,-2.6867,0,0.33,0.19862,0.14046
811.77,-971.67,30.492,0.83606,-3.5778,0.0065722,0.0001536,21.031,-34.144,-1.688,3.4922,-3.0778,0,0.33,0.20663,0.14088
774.98,-932.31,30.436,0.63727,-3.5803,0.0064016,0.00012872,18.852,-31.425,-1.0582,2.5285,-3.4321,0,0.33,0.21463,0.14106
668.06,-820.16,30.417,0.46283,-3.4434,0.0061276,8.7171e-05,14.57,-29.18,-0.092145,1.1324,-4.316,0,0.33,0.22271,0.14471
743.94,-908.34,30.388,0.44502,-3.5648,0.0062605,0.00010747,16.931,-28.833,0.338,2.0333,-4.4249,0,0.33,0.2227,0.1407
698.9,-842.99,30.463,0.64446,-3.4546,0.0062499,0.00010542,16.378,-31.649,-1.1247,1.1341,-3.1301,0,0.33,0.21463,0.14509
750.94,-890.78,30.518,0.8338,-3.4476,0.0064025,0.00012763,18.506,-34.234,-1.545,1.4306,-2.7396,0,0.33,0.20665,0.14501
901.24,-1089.9,30.263,0.19744,-3.7627,0.0064422,0.00013757,20.435,-25.315,2.0886,5.9266,-4.9496,0,0.33,0.23068,0.13264
815.38,-991.64,30.315,0.22481,-3.6368,0.00628,0.00011135,17.712,-25.858,1.7875,3.7968,-4.7379,0,0.33,0.23068,0.13664
734.14,-886.57,30.329,0.06617,-3.4376,0.0060488,7.734e-05,13.882,-24.121,1.0123,2.6285,-3.2015,0,0.33,0.23863,0.14069
705.73,-853.06,30.288,-0.10906,-3.3547,0.0059802,6.9942e-05,12.835,-22.083,-0.55378,3.0713,-2.7478,0,0.33,0.24658,0.14078
563.89,-717.69,30.307,-0.23366,-3.1749,0.0058362,5.1477e-05,9.808,-20.927,-2.5126,2.3835,-4.4936,0,0.33,0.25458,0.14472
604.62,-769.73,30.265,-0.28212,-3.2765,0.0059108,6.274e-05,11.554,-20.238,-1.483,2.4981,-5.1565,0,0.33,0.25457,0.14067
647.67,-791.54,30.331,-0.065918,-3.2444,0.005893,5.6527e-05,10.918,-22.711,-1.3404,2.9103,-2.7172,0,0.33,0.24659,0.14497
665.29,-815.09,30.368,0.10158,-3.3226,0.0059487,6.2122e-05,11.809,-24.672,0.12039,2.289,-3.3989,0,0.33,0.23864,0.14479
737.13,-902.4,30.356,0.25117,-3.5143,0.0061442,9.0064e-05,15.28,-26.35,1.2987,2.1871,-4.7009,0,0.33,0.23068,0.14063
665.06,-821.89,30.39,0.2777,-3.3959,0.0060286,7.2468e-05,13.057,-26.799,0.71414,1.6096,-4.8598,0,0.33,0.23069,0.14465
544.72,-674.59,30.51,0.66109,-3.2225,0.0060047,6.8518e-05,11.852,-32.018,-2.7863,3.0141,-3.4176,0,0.33,0.21462,0.1531
619.79,-755.71,30.485,0.65186,-3.3354,0.0061189,8.545e-05,14.052,-31.852,-1.6974,1.2393,-3.1517,0,0.33,0.21463,0.14909
586.2,-710.34,30.555,0.83228,-3.2086,0.0061233,8.5131e-05,13.761,-34.39,-3.0148,2.1467,-3.0398,0,0.33,0.20665,0.15307
673.94,-802.95,30.536,0.83157,-3.3245,0.0062542,0.00010491,16.09,-34.319,-1.9415,0.79587,-2.761,0,0.33,0.20665,0.14904
594.44,-739.05,30.444,0.48155,-3.3272,0.0060125,6.9931e-05,12.36,-29.497,-0.80289,1.6592,-4.4652,0,0.33,0.22271,0.14873
525.55,-666.09,30.474,0.50246,-3.2166,0.0059138,5.6238e-05,10.317,-29.779,-1.7235,3.6579,-4.7681,0,0.33,0.22268,0.15283
554.96,-686.96,30.417,0.022287,-3.036,0.0057591,4.0169e-05,7.6922,-23.794,-2.8917,5.1762,-2.6553,0,0.33,0.24659,0.15313
597.82,-736.48,30.373,-0.022064,-3.1376,0.0058193,4.6581e-05,9.1913,-23.276,-2.2173,3.687,-2.71,0,0.33,0.24659,0.1491
556.98,-692.51,30.445,0.17647,-3.1075,0.0057935,4.2506e-05,8.2654,-25.621,-1.464,4.653,-3.8627,0,0.33,0.23863,0.15284
606.27,-750.21,30.405,0.13832,-3.2119,0.0058637,5.0442e-05,9.9221,-25.166,-0.8133,3.0489,-3.6678,0,0.33,0.23864,0.14888
527.57,-669.85,30.348,-0.18448,-3.0762,0.0057734,4.3663e-05,8.2457,-21.557,-3.6388,3.1806,-3.8436,0,0.33,0.25458,0.14874
492.42,-625.23,30.392,-0.13467,-2.9811,0.005722,3.9168e-05,6.8957,-22.14,-4.6198,4.7194,-3.2355,0,0.33,0.25458,0.15276
541.75,-683.32,30.457,0.33515,-3.1746,0.0058455,4.7612e-05,9.1516,-27.591,-0.63372,4.1644,-5.4771,0,0.33,0.23068,0.15266
599.05,-748.12,30.421,0.30549,-3.2822,0.0059291,5.8153e-05,11.002,-27.212,0.010107,2.3144,-5.1674,0,0.33,0.23069,0.14866
492.05,-607.53,30.239,-0.73946,-3.0671,0.0057772,5.0263e-05,8.8732,-15.277,1.1072,-0.32936,-2.2986,0,0.33,0.27859,0.13715
553.63,-671.58,30.199,-0.80321,-3.1406,0.0058403,5.9516e-05,10.477,-14.399,1.2763,1.2484,-1.9446,0,0.33,0.27859,0.13305
587.62,-701.91,30.19,-0.90032,-2.9736,0.0057794,4.8883e-05,9.1462,-13.442,7.0921,2.4651,-2.4504,0,0.33,0.28653,0.13327
523.89,-642.72,30.235,-0.83804,-2.9091,0.005729,4.2769e-05,7.788,-14.311,7.4561,1.1201,-3.3287,0,0.33,0.28653,0.13728
495.04,-655.33,30.275,-0.43762,-3.1893,0.0058308,5.4442e-05,9.8843,-18.627,-2.1557,0.6953,-5.8616,0,0.33,0.26266,0.14066
448.91,-578.15,30.281,-0.56715,-3.0962,0.0057667,4.8459e-05,8.4572,-17.268,-2.7771,-0.89993,-3.592,0,0.33,0.27062,0.14085
466.9,-611.63,30.31,-0.38431,-3.0982,0.0057685,4.6069e-05,8.3077,-19.352,-3.6366,0.56112,-4.8525,0,0.33,0.26266,0.14469
423.47,-543.97,30.31,-0.50876,-3.014,0.0057147,4.2808e-05,7.0638,-18.02,-3.9489,-0.94754,-3.0324,0,0.33,0.27059,0.14496
450.58,-565.63,30.271,-0.67897,-2.9935,0.0057251,4.402e-05,7.4964,-16.101,0.64209,-1.2965,-2.6314,0,0.33,0.27859,0.14119
461.79,-591.42,30.305,-0.72386,-2.776,0.005653,3.6804e-05,5.6689,-15.883,6.8439,-0.01296,-5.0326,0,0.33,0.28653,0.14527
480.84,-605.08,30.272,-0.77999,-2.8433,0.0056876,3.901e-05,6.6415,-15.125,7.4052,0.18052,-4.2349,0,0.33,0.28653,0.14128
429.13,-544.95,30.298,-0.61981,-2.9197,0.0056815,4.0213e-05,6.305,-16.866,-0.12671,-1.2841,-2.898,0,0.33,0.27858,0.14522
564.71,-695.06,30.202,-0.99282,-2.7664,0.0057252,4.1438e-05,7.8899,-12.681,9.5761,4.0536,-4.3943,0,0.33,0.29447,0.13332
509.33,-639.12,30.253,-0.93272,-2.7077,0.0056856,3.7947e-05,6.7393,-13.528,10.302,3.0546,-5.0252,0,0.33,0.29447,0.13731
379.14,-504.97,30.331,-0.96578,-2.4592,0.0056328,3.906e-05,5.1229,-13.697,6.7884,3.1867,-4.8889,0,0.33,0.30241,0.14131
252.27,-353.63,30.351,-1.048,-2.3303,0.0056109,4.6745e-05,4.3443,-13.229,-1.3147,3.3892,-2.1056,0,0.33,0.3104,0.14131
146.75,-217.27,30.381,-1.0708,-2.2363,0.0055644,5.8117e-05,2.9472,-13.547,-5.0976,1.241,-0.5363,0,0.33,0.31851,0.14527
162.18,-242.23,30.348,-1.1173,-2.2774,0.0055775,5.5313e-05,3.334,-12.872,-3.9018,1.8081,-1.4138,0,0.33,0.31851,0.14128
240.3,-335.74,30.391,-0.99915,-2.2779,0.005593,4.7652e-05,3.8158,-13.933,-1.98,2.7742,-1.6508,0,0.33,0.31041,0.1453
363.14,-487.66,30.372,-0.91509,-2.4018,0.0056106,3.9106e-05,4.4598,-14.426,6.4596,2.557,-4.9897,0,0.33,0.30241,0.1453
468.63,-600.35,30.297,-0.8774,-2.6474,0.0056533,3.6296e-05,5.787,-14.323,10.576,2.1635,-5.7141,0,0.33,0.29447,0.1413
449.28,-584.37,30.336,-0.82455,-2.5853,0.0056265,3.5523e-05,4.9983,-15.07,10.185,1.6802,-6.3047,0,0.33,0.29447,0.14529
396.26,-503.33,30.371,-0.38922,-2.8544,0.0056362,3.8883e-05,4.857,-19.355,-5.9749,2.0558,-2.0642,0,0.33,0.27054,0.15314
408.03,-520.98,30.338,-0.44955,-2.9333,0.0056712,3.9876e-05,5.8541,-18.711,-5.0948,0.13546,-2.5127,0,0.33,0.27056,0.14906
423.08,-540.84,30.382,-0.27318,-2.9232,0.005674,3.875e-05,5.7398,-20.642,-6.3244,3.1874,-3.0485,0,0.33,0.26264,0.15276
444.95,-574.57,30.344,-0.32954,-3.0093,0.0057164,4.0989e-05,6.9155,-20.018,-5.1236,1.4594,-3.8927,0,0.33,0.26265,0.14871
421.47,-538.95,30.358,-0.49937,-2.7722,0.0056155,3.7455e-05,4.4331,-18.232,-1.7571,1.7476,-3.1677,0,0.33,0.27857,0.15324
422.3,-539.24,30.326,-0.56019,-2.8457,0.005645,3.8258e-05,5.2808,-17.574,-1.0135,-0.16417,-3.0797,0,0.33,0.27857,0.14923
462.73,-597.13,30.337,-0.66718,-2.7071,0.005624,3.5505e-05,4.8405,-16.589,5.8712,0.71772,-5.6069,0,0.33,0.28653,0.14926
472.35,-609.98,30.372,-0.60826,-2.6373,0.0056002,3.4736e-05,4.146,-17.247,4.7726,2.1797,-5.9144,0,0.33,0.28653,0.15326
248.81,-336.34,30.463,-0.89534,-2.1684,0.0055648,4.6531e-05,3.0087,-15.225,-6.244,3.257,-0.61823,0,0.33,0.31041,0.15328
240.88,-331.83,30.427,-0.94975,-2.2238,0.0055777,4.7548e-05,3.3754,-14.598,-3.6736,2.6487,-1.1313,0,0.33,0.31041,0.14929
384.49,-510.21,30.447,-0.80778,-2.283,0.0055763,3.8073e-05,3.454,-15.756,3.1755,3.035,-4.7996,0,0.33,0.30241,0.15328
366.98,-491.8,30.41,-0.8637,-2.343,0.0055918,3.88e-05,3.91,-15.112,5.1899,2.4559,-4.9538,0,0.33,0.30241,0.14929
142.59,-204.43,30.41,-1.024,-2.1935,0.0055531,5.881e-05,2.6287,-14.187,-7.4844,1.2661,0.4465,0,0.33,0.31851,0.14926
143.97,-197.4,30.439,-0.97153,-2.149,0.0055435,5.7376e-05,2.3674,-14.791,-10.934,2.1491,1.4333,0,0.33,0.31851,0.15325
466.78,-608.99,30.411,-0.71431,-2.4561,0.0055856,3.437e-05,3.7873,-16.425,7.4282,2.7559,-6.7712,0,0.33,0.29447,0.15327
451.86,-590.85,30.373,-0.77114,-2.5213,0.0056041,3.494e-05,4.3384,-15.769,9.0587,1.8771,-6.6661,0,0.33,0.29447,0.14928
307.66,-353.8,30.392,-1.215,-1.8817,0.0055493,4.4729e-05,2.7051,-11.783,7.268,2.158,1.8735,0,0.33,0.34236,0.13731
353.21,-404.86,30.359,-1.2749,-1.8933,0.0055594,4.2195e-05,3.053,-11.165,5.8088,2.7422,2.3758,0,0.33,0.34236,0.13332
335.19,-386.82,30.33,-1.2693,-1.7281,0.0055461,4.3149e-05,2.6523,-11.253,4.8033,2.9391,1.9344,0,0.33,0.35029,0.13332
304.63,-348.07,30.364,-1.2087,-1.7178,0.0055386,4.5091e-05,2.3982,-11.823,6.4491,2.9871,1.8931,0,0.33,0.35029,0.13731
175.1,-252.29,30.365,-1.1547,-2.1984,0.0055528,5.3732e-05,2.6935,-12.608,3.1619,-0.1144,-3.7338,0,0.33,0.32649,0.14129
223.29,-295.09,30.406,-1.1667,-2.0394,0.0055458,4.8294e-05,2.5445,-12.45,8.8873,-0.18974,-3.3388,0,0.33,0.33443,0.14129
148.59,-217.29,30.388,-1.11,-2.1724,0.0055425,5.749e-05,2.3777,-13.249,2.264,-0.82857,-3.1943,0,0.33,0.32649,0.14528
183.75,-251.23,30.427,-1.123,-2.0235,0.0055364,5.1662e-05,2.2446,-13.055,9.1481,-1.2401,-3.6969,0,0.33,0.33443,0.14528
257.8,-299.53,30.423,-1.1632,-1.8705,0.0055401,4.7907e-05,2.3921,-12.375,8.973,1.3974,1.0993,0,0.33,0.34236,0.1413
222.4,-252.07,30.431,-1.1122,-1.6969,0.0055248,5.0908e-05,1.9367,-12.898,10.712,2.7133,0.71584,0,0.33,0.3503,0.14529
267.19,-302.12,30.398,-1.1559,-1.7074,0.0055314,4.7652e-05,2.1565,-12.372,8.5293,3.0958,1.5333,0,0.33,0.3503,0.1413
208.85,-249.93,30.449,-1.1197,-1.8594,0.0055318,5.14e-05,2.1236,-12.941,10.445,0.27019,0.077925,0,0.33,0.34236,0.14529
269.88,-357.51,30.35,-1.2673,-1.5645,0.005535,4.4697e-05,2.3063,-11.396,3.7849,2.3533,-4.1238,0,0.33,0.35823,0.13333
249.01,-328.57,30.379,-1.2073,-1.5539,0.0055295,4.6233e-05,2.1216,-11.922,5.4162,2.585,-4.0099,0,0.33,0.35823,0.13732
137.03,-211.73,30.475,-1.1531,-1.3952,0.0055183,5.8959e-05,1.717,-12.534,1.2572,3.3129,-4.8724,0,0.33,0.36617,0.14131
59.855,-81.84,30.504,-1.1552,-1.3274,0.0055094,8.4478e-05,1.4062,-12.672,-8.8936,3.7186,0.85269,0,0.33,0.37416,0.14123
45.34,-48.752,30.503,-1.1062,-1.3296,0.0054972,0.0001007,1.0869,-13.164,-8.1586,3.3782,3.4429,0,0.33,0.38222,0.14505
61.464,-64.778,30.477,-1.1536,-1.3363,0.0054996,8.8459e-05,1.1645,-12.791,-10.221,2.9213,3.1454,0,0.33,0.38234,0.14088
46.816,-70.55,30.534,-1.1086,-1.3153,0.0055064,9.2929e-05,1.3111,-13.079,-6.6543,4.3727,0.87274,0,0.33,0.37413,0.14527
113.15,-179.25,30.507,-1.1081,-1.3836,0.005514,6.3087e-05,1.5777,-12.98,3.755,4.0677,-4.9181,0,0.33,0.36617,0.1453
220.55,-290.3,30.411,-1.1545,-1.5432,0.0055239,4.838e-05,1.9351,-12.428,7.5463,3.355,-3.9302,0,0.33,0.35823,0.14131
184.36,-243.1,30.445,-1.1106,-1.5326,0.0055185,5.1366e-05,1.7567,-12.914,9.9952,3.8488,-4.1242,0,0.33,0.35823,0.1453
189.16,-263.27,30.458,-1.0384,-1.9865,0.0055217,5.156e-05,1.8441,-14.173,5.3812,-1.1817,-3.505,0,0.33,0.33443,0.15326
169.53,-237.71,30.443,-1.0825,-2.0063,0.0055283,5.317e-05,2.0116,-13.63,8.1054,-1.7819,-3.7823,0,0.33,0.33443,0.14927
155.24,-215.07,30.429,-1.0165,-2.115,0.0055265,5.7122e-05,1.9412,-14.433,-3.5077,0.055007,-1.4531,0,0.33,0.32649,0.15326
142.31,-205.59,30.408,-1.066,-2.1447,0.0055338,5.8816e-05,2.1297,-13.858,0.042494,-0.89226,-2.4169,0,0.33,0.32649,0.14927
187.17,-243.18,30.484,-1.045,-1.8331,0.0055185,5.2436e-05,1.7527,-13.988,9.2329,-0.72513,-1.5918,0,0.33,0.34236,0.15327
178.31,-223.97,30.468,-1.0824,-1.8474,0.0055245,5.3617e-05,1.9069,-13.479,10.823,-0.74235,-0.92075,0,0.33,0.34236,0.14928
183.36,-214.7,30.46,-1.0771,-1.6859,0.0055187,5.3732e-05,1.7501,-13.4,12.146,1.8626,-0.37818,0,0.33,0.3503,0.14928
178.39,-220.92,30.485,-1.0454,-1.6731,0.0055137,5.3421e-05,1.6174,-13.876,11.521,1.42,-1.3221,0,0.33,0.3503,0.15327
29.251,-50.86,30.594,-1.0496,-1.2898,0.0055004,0.00011103,1.1433,-13.847,-3.1459,3.5216,1.2095,0,0.33,0.37411,0.15327
35.477,-58.739,30.566,-1.0738,-1.3029,0.0055034,0.00010338,1.2208,-13.471,-4.1875,4.2462,0.97676,0,0.33,0.37412,0.14927
79.809,-131.25,30.569,-1.0484,-1.3604,0.0055061,7.1747e-05,1.343,-13.818,7.2247,3.2253,-5.0131,0,0.33,0.36617,0.15328
88.925,-144.09,30.54,-1.0738,-1.3723,0.0055099,6.87e-05,1.4462,-13.409,6.3149,3.9437,-5.0247,0,0.33,0.36617,0.14929
30.755,-36.446,30.531,-1.0713,-1.3228,0.0054948,0.0001166,1.0161,-13.528,-6.0452,3.2724,3.8132,0,0.33,0.38215,0.14914
22.038,-26.584,30.555,-1.0483,-1.3157,0.0054925,0.00012936,0.95603,-13.876,-5.5233,2.7418,4.2457,0,0.33,0.38211,0.15319
139.57,-191.81,30.508,-1.0493,-1.5101,0.0055093,5.5418e-05,1.4819,-13.822,12.178,2.8521,-4.9589,0,0.33,0.35823,0.15328
149.01,-198.76,30.479,-1.0769,-1.5219,0.0055135,5.4674e-05,1.5974,-13.38,12.073,3.4905,-4.5784,0,0.33,0.35823,0.14929
77.821,-106.2,30.591,-0.9261,-0.96511,0.0054844,7.852e-05,0.82326,-14.113,6.6694,1.6728,-2.237,0,0.33,0.41437,0.15252
83.48,-113.63,30.561,-0.98612,-1.1572,0.0054865,7.5486e-05,0.88006,-13.973,7.1128,1.3808,-2.0217,0,0.33,0.39831,0.15274
72.975,-99.386,30.62,-0.89236,-0.97456,0.0054817,8.0453e-05,0.76268,-14.546,6.7426,1.4845,-1.8968,0,0.33,0.41438,0.16051
92.67,-129.1,30.592,-0.94074,-1.1661,0.0054837,7.3225e-05,0.82818,-14.51,5.0004,1.6672,-1.594,0,0.33,0.39827,0.16079
75.789,-104.96,30.572,-0.96867,-1.1881,0.0054849,7.7805e-05,0.8421,-14.239,7.2125,1.2509,-2.1577,0,0.33,0.39825,0.15682
105.14,-144.84,30.649,-0.82768,-0.97206,0.0054805,7.019e-05,0.75814,-14.943,2.672,1.7344,-1.5513,0,0.33,0.41439,0.16848
144.27,-190.07,30.63,-0.85066,-1.158,0.0054826,6.2217e-05,0.82641,-14.991,0.087412,2.2908,-1.0193,0,0.33,0.39834,0.16865
136.33,-180.14,30.604,-0.90854,-1.1894,0.0054832,6.3645e-05,0.83836,-14.751,0.74087,2.4112,-1.0958,0,0.33,0.39831,0.16471
101.66,-139.83,30.679,-0.73061,-0.96268,0.0054794,7.1734e-05,0.73131,-15.322,2.6543,1.2633,-1.728,0,0.33,0.41439,0.17647
116.04,-156.48,30.664,-0.74682,-1.1451,0.0054811,6.7836e-05,0.77892,-15.452,2.6892,1.2315,-0.93908,0,0.33,0.39831,0.17668
149.05,-196.38,30.646,-0.78882,-1.178,0.0054823,6.077e-05,0.82386,-15.235,-0.17161,2.0693,-1.0021,0,0.33,0.39832,0.17265
54.87,-81.656,30.698,-0.66721,-0.95754,0.0054773,8.7741e-05,0.66405,-15.686,7.0717,-0.2031,-1.9972,0,0.33,0.41435,0.18455
48.179,-73.387,30.703,-0.63936,-0.94542,0.0054753,9.274e-05,0.62151,-15.994,7.9782,-0.66828,-1.6382,0,0.33,0.4143,0.19264
51.748,-74.898,30.682,-0.68408,-1.1357,0.0054787,8.7107e-05,0.7003,-15.864,8.6932,-0.89951,-1.4218,0,0.33,0.39813,0.18508
48.6,-71.099,30.685,-0.66192,-1.1369,0.0054763,8.7003e-05,0.65114,-16.226,9.8868,-0.39634,-1.6959,0,0.33,0.39805,0.19321
28.216,-41.841,30.68,-0.66512,-1.1651,0.0054775,9.5032e-05,0.66866,-16.074,11.697,-1.5619,-2.0011,0,0.33,0.39805,0.18922
83.176,-115.94,30.674,-0.70011,-1.1664,0.0054802,7.6626e-05,0.74543,-15.685,5.945,0.1097,-1.0484,0,0.33,0.39822,0.18086
185.35,-245.01,31.021,0.82755,-2.1626,0.0056036,5.4545e-05,2.9136,-33.384,0.84418,6.9064,-1.971,0,0.33,0.20662,0.20103
179.64,-248.68,31.064,0.819,-2.0306,0.0055904,5.4155e-05,2.6498,-32.981,-0.20495,4.3056,-1.5211,0,0.33,0.20662,0.20902
222.02,-284.52,30.992,0.72706,-2.1443,0.0055786,4.9676e-05,2.4933,-32.019,-0.96587,6.7487,-2.2619,0,0.33,0.21459,0.20104
196.48,-265.85,31.021,0.6347,-1.9938,0.0055541,5.1874e-05,2.0352,-30.587,3.7531,2.9988,-1.9435,0,0.33,0.22253,0.20903
218.72,-295.82,30.982,0.61909,-2.1297,0.0055618,4.8894e-05,2.2102,-30.701,-1.097,5.9728,-2.3963,0,0.33,0.22253,0.20106
266.66,-338.97,30.947,0.40453,-2.0354,0.0055426,4.5837e-05,1.928,-28.236,4.2065,5.0857,-1.567,0,0.33,0.23844,0.2011
227.46,-303.81,30.922,0.28219,-1.9517,0.0055391,4.6074e-05,1.9091,-27.057,-4.7306,5.3935,-0.41397,0,0.33,0.24653,0.20112
212.86,-289.02,30.986,0.42185,-1.8979,0.0055365,4.9565e-05,1.7787,-28.313,0.53796,2.3564,-0.97875,0,0.33,0.23843,0.20907
142.09,-192.91,30.891,0.17685,-2.0209,0.0055275,5.5246e-05,1.655,-25.941,-11.85,4.1428,0.44536,0,0.33,0.25449,0.20113
166.73,-227.49,30.923,0.21187,-1.9144,0.0055219,5.9357e-05,1.5208,-26.192,-4.2355,1.2757,0.28456,0,0.33,0.25448,0.2091
245.87,-312.67,30.96,0.50703,-2.1417,0.0055483,4.7417e-05,1.9928,-29.412,2.8608,5.7506,-2.3304,0,0.33,0.23047,0.20108
171.89,-228.28,30.831,0.034311,-2.0362,0.0055114,5.7395e-05,1.3423,-24.013,2.0439,3.4015,-0.61373,0,0.33,0.27057,0.20111
134.84,-183.83,30.86,0.070938,-1.9371,0.0055075,6.3634e-05,1.2438,-24.288,0.013661,0.45238,-0.69178,0,0.33,0.27056,0.20908
117.51,-156.36,30.848,0.081665,-2.1315,0.0055168,6.1957e-05,1.4265,-24.861,-4.6299,3.7139,0.14603,0,0.33,0.26251,0.20113
219.33,-287.04,30.813,-0.11409,-1.8615,0.0055047,4.9725e-05,1.2488,-22.262,0.96489,3.2314,-2.6761,0,0.33,0.28651,0.20112
230.68,-290.15,30.805,-0.031453,-1.9524,0.0055074,4.9598e-05,1.2939,-23.034,0.0062798,3.8812,-1.6168,0,0.33,0.27857,0.20111
158.97,-223.05,30.845,-0.054139,-1.7672,0.0055017,5.5884e-05,1.1558,-22.685,5.3802,0.63755,-2.5443,0,0.33,0.2865,0.20909
193.15,-250.76,30.829,-0.26209,-1.6266,0.0055022,5.401e-05,1.1978,-20.867,4.3491,2.6283,-2.1835,0,0.33,0.30239,0.20114
106.61,-109.46,30.834,-0.33881,-1.4941,0.0055019,6.315e-05,1.1747,-20.224,-10.718,3.3826,1.3501,0,0.33,0.31033,0.20115
124.97,-170.03,30.858,-0.20341,-1.547,0.0054992,6.2631e-05,1.1046,-21.319,-1.5111,0.65134,-0.83093,0,0.33,0.30238,0.20911
62.668,-78.173,30.804,-0.31957,-1.5567,0.0054927,9.0977e-05,0.9502,-20.206,-9.5613,-0.34343,1.8398,0,0.33,0.31826,0.20913
47.604,17.781,30.782,-0.39029,-1.6203,0.0054948,8.2044e-05,1.0024,-19.773,-19.714,2.1212,3.6584,0,0.33,0.31826,0.20116
225.13,-302.78,30.813,-0.21113,-1.7927,0.0055029,4.7513e-05,1.2268,-21.457,5.5492,3.0961,-3.324,0,0.33,0.29445,0.20113
76.724,-34.526,30.722,-0.44227,-1.7628,0.0054886,8.2118e-05,0.87265,-19.198,-8.9946,1.3759,1.8522,0,0.33,0.3262,0.20117
84.981,-109.98,30.747,-0.38293,-1.5765,0.005486,8.6976e-05,0.83485,-19.223,-1.8417,-1.1759,-0.023128,0,0.33,0.33416,0.20914
137.09,-181.81,30.73,-0.44597,-1.6244,0.0054879,6.8066e-05,0.89788,-18.819,1.9732,1.4583,-0.8447,0,0.33,0.33415,0.20117
180.55,-237.05,30.74,-0.50377,-1.3909,0.0054865,5.4654e-05,0.90495,-18.015,0.60566,1.7348,-1.836,0,0.33,0.35022,0.20115
194.04,-252.07,30.731,-0.47533,-1.4957,0.0054876,5.3407e-05,0.93011,-18.301,0.72561,2.2049,-1.5301,0,0.33,0.34215,0.20117
138.22,-188.27,30.762,-0.42038,-1.3416,0.0054848,6.0907e-05,0.84307,-18.419,4.8963,-0.20345,-2.5637,0,0.33,0.3502,0.20913
-9.3284,89.537,30.745,-0.61536,-1.1377,0.0054788,0.00012434,0.66663,-17.022,-20.741,1.7422,4.2353,0,0.33,0.38202,0.20116
29.935,-7.8249,30.797,-0.60125,-0.99855,0.0054832,9.0007e-05,0.77104,-17.149,-12.076,2.4353,1.705,0,0.33,0.37409,0.20116
18.53,-14.878,30.762,-0.53381,-1.1078,0.0054781,0.00013658,0.6516,-17.316,-10.978,-0.19729,1.9327,0,0.33,0.38203,0.20914
88.014,-114.1,30.795,-0.48505,-1.0972,0.005483,8.1293e-05,0.78144,-17.804,-3.3095,0.63166,-0.76718,0,0.33,0.36614,0.20913
145.36,-185.43,30.777,-0.56242,-1.1292,0.0054846,6.8203e-05,0.83814,-17.414,2.2704,1.2811,-2.3292,0,0.33,0.36615,0.20115
197.07,-261.96,30.744,-0.55322,-1.2931,0.0054859,5.1296e-05,0.89855,-17.648,3.9447,1.5381,-2.9799,0,0.33,0.35821,0.20115
87.285,-121.12,30.711,-0.58753,-0.934,0.0054742,7.8115e-05,0.6145,-16.253,5.0125,0.24012,-1.0297,0,0.33,0.41422,0.20079
85.777,-99.459,30.704,-0.60356,-1.1296,0.0054751,9.034e-05,0.62292,-16.555,1.078,0.59052,-0.17594,0,0.33,0.39802,0.20118
76.189,-96.502,30.687,-0.64909,-1.1664,0.0054756,7.8231e-05,0.63648,-16.391,8.7429,0.70279,-1.3597,0,0.33,0.39802,0.19722
29.311,24.776,30.69,-0.63275,-1.2736,0.0054751,0.00011989,0.60032,-16.751,-9.6889,0.82235,2.3448,0,0.33,0.38999,0.20117
54.446,-63.713,30.717,-0.52288,-1.1276,0.0054743,0.00012145,0.59919,-16.865,-3.1452,-0.85886,0.53977,0,0.33,0.39799,0.20915
129.05,-184.88,31.031,0.60104,-1.7264,0.0055379,6.178e-05,1.6642,-30.151,5.0801,-0.26593,-1.0609,0,0.33,0.22252,0.22498
145.27,-197.59,30.996,0.43079,-1.6416,0.0055231,5.8174e-05,1.4545,-28.244,0.54785,-0.86397,-0.26158,0,0.33,0.23843,0.225
106.12,-149.2,31.052,0.59296,-1.4756,0.0055277,7.0263e-05,1.406,-29.592,-0.45147,0.77188,-0.24412,0,0.33,0.22249,0.2411
91.202,-128.5,30.961,0.31956,-1.4745,0.0055026,7.5578e-05,1.0296,-26.501,-0.54546,0.71263,-0.17565,0,0.33,0.25445,0.24105
125.33,-157.51,30.93,0.25598,-1.6685,0.0055095,6.6765e-05,1.2127,-26.294,-4.4251,-0.73023,0.63212,0,0.33,0.25447,0.22503
83.511,-137.43,30.859,0.01331,-1.5644,0.0054942,7.0121e-05,0.95102,-23.164,6.0392,-0.7854,-1.8557,0,0.33,0.28648,0.22503
72.257,-102.1,30.896,0.080344,-1.3738,0.0054893,8.4745e-05,0.82201,-23.567,-0.78984,0.41285,-0.12176,0,0.33,0.28641,0.24102
92.624,-126.77,30.864,0.11091,-1.7563,0.0054981,7.3164e-05,1.0165,-24.535,1.6461,-1.2116,-0.61522,0,0.33,0.27054,0.22502
53.631,-66.493,30.802,-0.20055,-1.3953,0.0054864,9.2482e-05,0.79904,-20.765,-6.8218,-1.469,1.7082,0,0.33,0.31824,0.22507
55.089,-81.47,30.831,-0.095543,-1.2693,0.0054825,9.5147e-05,0.7055,-21.345,-1.6206,0.35905,0.054204,0,0.33,0.31824,0.24104
72.344,-115.62,30.867,-0.10824,-1.3688,0.0054925,7.7692e-05,0.92754,-21.815,-0.24471,-1.5507,-0.26382,0,0.33,0.30236,0.22506
49.674,-86.078,30.764,-0.31698,-1.2347,0.0054798,8.4172e-05,0.68669,-18.99,7.2322,-1.4292,-2.4408,0,0.33,0.35017,0.22508
51.447,-68.291,30.737,-0.2894,-1.4701,0.0054811,8.94e-05,0.70684,-19.743,0.36194,-2.1626,-0.27686,0,0.33,0.33416,0.22508
41.423,-64.245,30.789,-0.22783,-1.1169,0.005477,0.00010569,0.60837,-19.531,-0.90562,0.055919,-0.12075,0,0.33,0.35013,0.24105
19.195,-17.296,30.75,-0.40552,-1.0212,0.0054751,0.00014164,0.57886,-17.727,-6.5172,-1.8563,1.7808,0,0.33,0.38203,0.2251
28.428,-45.97,30.758,-0.30767,-0.95737,0.005473,0.00012617,0.53672,-18.162,-1.078,-0.15195,0.019761,0,0.33,0.38203,0.24106
31.298,-60.523,30.804,-0.36796,-0.99121,0.0054793,0.00011328,0.66942,-18.246,1.0343,-1.5727,-0.62897,0,0.33,0.36612,0.22508
28.281,-21.035,30.696,-0.43497,-1.0903,0.0054719,0.00012044,0.53478,-17.188,1.3249,-2.7104,0.22588,0,0.33,0.39794,0.22512
54470,-6595,28.152,0.56827,2.7424,0.45724,0.00031218,629.4,-23.505,294.52,316.05,223.02,0,0.33,0,0.20025
11280,-2418,29.537,0.61591,2.4707,0.284,0.00033928,299.36,-25.334,168.66,134.04,21.325,0,0.33,0,0.20823
38409,-8601.9,27.843,0.80296,2.7826,0.79718,0.0005312,733.08,-23.414,215.11,347.89,136.69,0,0.33,0.007505,0.20026
7221.7,-3420.9,29.77,1.0889,2.3172,0.32735,0.00047728,298.59,-26.913,90.453,119.7,0.69878,0,0.33,0.015431,0.20825
8417.1,-8170.9,28.395,1.4221,2.6076,1.0364,0.00084267,654.36,-25.42,68.77,290.59,-20.141,0,0.33,0.01543,0.20028
1936.6,-8571.7,28.695,2.0355,2.3364,1.1965,0.0011113,649.78,-27.996,24.678,261,-60.399,0,0.33,0.023352,0.2003
2924.1,-3696.5,30.26,1.8672,1.7674,0.27713,0.00054439,240.76,-30.943,5.3269,77.069,-17.241,0,0.33,0.031275,0.2083
2751,-6270.4,29.492,2.2862,1.8903,0.83495,0.0010542,473.94,-31.124,15.957,173.46,-51.306,0,0.33,0.031278,0.20032
2232.6,-3825.6,30.407,2.6648,0.99741,0.34318,0.0008369,255.93,-37.28,5.7614,69.075,-30.22,0,0.33,0.047113,0.20038
2179,-3070.6,30.674,2.7653,0.58761,0.20034,0.00068221,187.93,-40.246,3.2577,40.412,-20.498,0,0.33,0.055031,0.20041
2239.7,-2558.5,30.662,2.2712,1.0199,0.12299,0.00037474,143.57,-35.81,-1.7901,32.2,-10.406,0,0.33,0.047118,0.20835
1459.7,-1811.8,30.904,2.3717,0.30631,0.041924,0.00022487,82.785,-39.928,-4.0741,11.59,-5.467,0,0.33,0.062982,0.20842
2039.9,-2450.4,30.869,2.6747,0.21616,0.090567,0.0004273,123.42,-42.025,0.36546,18.481,-10.457,0,0.33,0.062975,0.20044
3407.9,-5186,29.927,2.6166,1.4328,0.65039,0.0010892,388.88,-34.41,5.0532,127.82,-49.057,0,0.33,0.039198,0.20034
1541.4,-1984.3,30.994,2.6705,-0.16095,0.046483,0.00032139,91.892,-44.147,-3.0379,9.6973,-6.5621,0,0.33,0.071017,0.20048
1109.5,-1532,31.079,2.5714,-0.45588,0.024219,0.00022468,65.873,-45.049,-2.1162,6.4841,-5.3263,0,0.33,0.07898,0.20052
884,-1196,31.076,2.3409,-0.31936,0.016074,0.00015008,50.58,-42.713,-5.8432,7.3983,-4.6048,0,0.33,0.07896,0.20849
910.55,-1261.8,31.157,2.526,-0.73218,0.014785,0.00017891,50.919,-46.366,-1.6727,5.8861,-5.1214,0,0.33,0.086906,0.20055
547.72,-773.77,31.196,2.2353,-0.79358,0.0092014,0.00011097,32.39,-44.088,-3.4335,6.8904,-3.1115,0,0.33,0.094838,0.20857
703.94,-1044.8,31.206,2.3934,-0.94295,0.010625,0.00013617,38.968,-46.382,-2.2457,4.672,-3.9568,0,0.33,0.094833,0.2006
522.48,-763.84,31.244,2.1735,-1.2711,0.0075986,9.6046e-05,25.657,-46.347,2.9995,3.8953,-0.64852,0,0.33,0.11071,0.20071
571.44,-771.67,31.235,2.0485,-1.3869,0.0070268,8.0915e-05,21.831,-46.259,2.7346,4.3592,0.25137,0,0.33,0.11864,0.20074
423.2,-615.05,31.236,2.046,-1.1038,0.0072358,8.3738e-05,22.197,-44.273,-2.1133,6.8185,-1.2204,0,0.33,0.11074,0.2087
347.99,-493.29,31.23,1.8205,-1.3761,0.0065252,6.8074e-05,15.927,-43.393,-3.0814,7.8085,-1.5134,0,0.33,0.12663,0.20883
468.29,-623.01,31.215,1.8992,-1.5155,0.0066962,7.5172e-05,18.32,-45.2,-3.8489,6.6336,-0.46823,0,0.33,0.12666,0.20083
586.81,-853.66,31.25,2.3143,-1.166,0.008501,0.00011617,31.302,-46.845,0.18733,4.1395,-2.2763,0,0.33,0.10278,0.20066
251.43,-378.28,31.189,1.7066,-1.7709,0.0062456,6.688e-05,12.867,-43.484,-1.6512,8.4711,-2.7107,0,0.33,0.14267,0.2006
353.38,-466.69,31.193,1.8016,-1.6964,0.0064493,7.3767e-05,15.67,-44.557,-3.2263,7.8189,-1.5715,0,0.33,0.13472,0.2005
224.16,-343.13,31.223,1.6418,-1.6243,0.0061386,6.0289e-05,11.081,-41.894,-3.831,8.2312,-2.5178,0,0.33,0.14269,0.20851
256.12,-361.01,31.182,1.6137,-1.8555,0.0060789,5.7704e-05,10.619,-42.749,-3.1249,8.2257,-3.0728,0,0.33,0.15062,0.20078
241.71,-342.3,31.172,1.4919,-1.9303,0.005944,5.2844e-05,8.5116,-41.273,-5.15,7.7598,-2.5019,0,0.33,0.1586,0.20064
210.75,-318.59,31.211,1.4695,-1.7784,0.0058884,5.2132e-05,7.4405,-40.078,-1.2531,7.3124,-2.1827,0,0.33,0.15861,0.20861
219.14,-291.94,31.064,0.99864,-2.0825,0.0056748,4.9479e-05,4.2203,-35.987,-8.202,7.8331,-1.4881,0,0.33,0.19044,0.20007
326.48,-403.56,31.09,1.124,-2.0031,0.0057198,4.2084e-05,5.0642,-37.615,-0.5339,7.7614,-1.1793,0,0.33,0.18253,0.20047
231.47,-328.06,31.113,0.9929,-1.9416,0.005654,4.9129e-05,3.7818,-35.34,-1.9402,5.7173,-1.1577,0,0.33,0.19045,0.20809
272.27,-382.37,31.174,1.2364,-1.8403,0.0057414,4.5036e-05,5.2189,-37.899,-0.41142,6.6478,-1.3711,0,0.33,0.17456,0.20881
307.62,-377.51,31.129,1.2642,-2.0054,0.0057707,4.534e-05,5.814,-38.778,2.522,7.5589,-1.1764,0,0.33,0.17456,0.20072
262.18,-323.83,31.152,1.3922,-2.0315,0.0058371,5.0174e-05,6.8605,-40.102,-1.6573,7.4882,-1.7811,0,0.33,0.16658,0.20057
145.21,-194.58,31.031,0.90448,-2.2019,0.0056351,5.8255e-05,3.4726,-34.617,-4.6055,7.5794,-1.7057,0,0.33,0.19839,0.20007
-428.78,-2485.2,30.499,0.5731,1.8451,0.047167,0.00010062,108.25,-27.876,90.731,23.027,-27.258,0,0.33,0,0.22421
356.65,-791.66,30.79,0.72085,1.408,0.015543,6.3422e-05,35.207,-29.591,39.398,6.9816,-25.009,0,0.33,0,0.24019
435.22,-2362,30.551,0.79446,1.8288,0.053629,0.00014125,111.86,-28.379,59.271,21.236,-19.062,0,0.33,0.015418,0.22422
467.43,-787.27,30.856,0.98645,1.1073,0.012359,5.9376e-05,34.943,-31.375,20.032,5.4456,-13.23,0,0.33,0.031256,0.24025
1288.4,-1599.8,30.744,1.3133,1.428,0.035595,0.00012886,77.817,-30.95,8.9805,11.331,-6.7248,0,0.33,0.031273,0.22426
1237.6,-1538.9,30.855,1.7465,0.93232,0.020189,9.6291e-05,62.634,-34.144,-2.2255,6.7251,-1.1742,0,0.33,0.04713,0.22431
453.45,-633.48,31.027,1.4267,0.34933,0.0080482,5.6205e-05,27.41,-34.78,-1.0485,3.7192,-1.8019,0,0.33,0.063035,0.24037
845.57,-1104,30.984,1.8332,0.35008,0.011109,8.0157e-05,43.224,-36.86,-2.7583,5.7392,-2.35,0,0.33,0.063011,0.22438
619.98,-814.36,31.118,1.9735,-0.19385,0.0083195,7.8173e-05,32.331,-39.354,-5.5804,5.296,-3.869,0,0.33,0.078962,0.22444
272.55,-427,31.171,1.5515,-0.35437,0.0065861,5.603e-05,16.163,-37.201,-1.9553,2.752,-1.5994,0,0.33,0.094871,0.24057
374.19,-607.67,31.199,1.882,-0.56179,0.0070756,6.5849e-05,22.171,-40.167,0.90644,3.0875,-2.6523,0,0.33,0.094847,0.22453
351.96,-529.49,31.249,1.798,-0.8347,0.0065555,5.893e-05,16.644,-41.001,1.683,2.628,-1.3615,0,0.33,0.11074,0.22464
187.04,-302.61,31.215,1.3929,-0.87584,0.0060399,5.7159e-05,9.0227,-37.303,-0.12162,1.7024,-1.0482,0,0.33,0.12665,0.2408
301.45,-440.43,31.239,1.59,-1.0953,0.0062025,5.3665e-05,11.925,-39.974,-1.5479,2.5169,-1.3076,0,0.33,0.12664,0.2248
194.96,-298.71,31.214,1.3116,-1.4789,0.0057932,5.1456e-05,5.8374,-37.746,4.1989,0.66261,-1.3845,0,0.33,0.15862,0.22456
143.4,-223.8,31.196,1.165,-1.2005,0.0057337,5.9666e-05,4.5355,-35.606,-0.91519,1.5145,-0.66373,0,0.33,0.15861,0.2405
241.72,-333.41,31.243,1.484,-1.3926,0.0059584,5.262e-05,8.4518,-39.224,0.39213,2.0924,-1.7804,0,0.33,0.14271,0.22446
235.19,-309.76,31.186,1.1342,-1.5413,0.0056866,4.8769e-05,4.2022,-36.36,2.1147,-0.12367,-0.77799,0,0.33,0.17457,0.22482
119.86,-182.91,31.13,0.86975,-1.4123,0.0055935,6.4361e-05,2.4049,-32.941,-0.44582,1.0104,-0.44677,0,0.33,0.19054,0.24096
202.57,-258.25,31.125,0.90767,-1.6482,0.0056161,5.4971e-05,2.9858,-34.078,-2.1316,0.10276,-0.39788,0,0.33,0.19057,0.22495
157.07,-192.27,31.073,0.75394,-1.8097,0.0055626,6.2463e-05,2.083,-32.066,2.2401,-0.19872,-0.8203,0,0.33,0.20661,0.22501
305.81,-475.11,30.913,0.67199,1.0195,0.0085576,5.0924e-05,23.335,-30.337,26.845,2.9595,-24.297,0,0.33,0,0.25619
70.756,-90.689,31.018,0.53391,0.62418,0.0065646,6.3195e-05,16.363,-30.578,16.298,1.2366,-21.886,0,0.33,0,0.28827
329.13,-487.49,30.931,0.81053,0.89764,0.0081108,5.2106e-05,24.203,-30.97,15.655,3.2084,-14.702,0,0.33,0.031259,0.25625
244.37,-349.65,31.06,1.1034,0.30206,0.0068116,5.9269e-05,17.16,-33.407,0.62648,2.2123,-3.6346,0,0.33,0.063061,0.2564
185.38,-295.95,31.168,1.3223,-0.26643,0.0062543,5.9204e-05,11.627,-35.119,-1.8972,1.6792,-1.2538,0,0.33,0.094889,0.25661
120.54,-209.39,31.189,1.183,-0.67895,0.0059047,6.5803e-05,6.5904,-35.06,-0.3131,0.47344,-0.76283,0,0.33,0.12667,0.25682
104.94,-165.31,31.182,1.062,-1.0123,0.0056778,6.967e-05,3.46,-33.839,-0.91406,0.49637,-0.488,0,0.33,0.1586,0.25646
89.204,-140.37,31.118,0.80325,-1.1707,0.0055761,7.4556e-05,1.9924,-31.68,-0.33958,-0.091988,-0.18006,0,0.33,0.19053,0.25707
64.089,-95.633,30.973,0.34894,-1.2693,0.0054975,8.9677e-05,0.89739,-26.289,-0.06329,-0.14566,-0.026979,0,0.33,0.25441,0.2571
80.236,-114.55,31.051,0.57994,-1.2912,0.0055175,8.2822e-05,1.1868,-28.798,-0.091986,0.020026,-0.07972,0,0.33,0.22246,0.2572
38.443,-60.059,30.852,-0.0038601,-1.1276,0.0054791,0.00011154,0.62595,-21.626,-0.95886,-0.21147,0.13046,0,0.33,0.31822,0.25701
52.661,-78.143,30.91,0.13641,-1.2287,0.0054852,0.0001012,0.72554,-23.445,-0.47344,-0.14033,-0.028525,0,0.33,0.28638,0.25701
33.373,-53.417,30.805,-0.1401,-1.0218,0.0054749,0.00011761,0.55827,-19.603,-0.74989,-0.20007,0.0031137,0,0.33,0.35011,0.25701
-873.34,-11121,27.523,2.3296,2.3388,2.0624,0.0014332,937.7,-27.957,32.637,389.27,-96.71,0,0.33,0.023361,0.19629
-1106.4,-8528.2,28.489,2.6563,1.8954,1.7007,0.0015863,751.43,-31.564,23.954,289.34,-95.209,0,0.33,0.031289,0.19631
4969.3,-13708,26.625,1.7584,2.7135,2.0666,0.0011618,1087.6,-24.474,45.666,487.69,-62.004,0,0.33,0.015439,0.19627
204.23,-6313.6,29.356,2.8683,1.4097,1.1975,0.0015942,565.05,-35.173,10.681,200.76,-79.342,0,0.33,0.039207,0.19634
774.73,-4572.3,30.034,2.9734,0.94871,0.72629,0.0014446,398.72,-38.56,8.055,124.95,-57.253,0,0.33,0.047121,0.19637
1025,-1397.5,31.166,2.6413,-0.81415,0.020191,0.00023404,59.806,-47.725,-1.9429,6.8639,-5.7815,0,0.33,0.086905,0.19655
834.18,-1194.4,31.227,2.5153,-1.0568,0.012536,0.00016827,44.791,-48.104,-1.6247,5.0929,-4.9029,0,0.33,0.094826,0.19659
1302.4,-1679.8,31.087,2.7432,-0.55507,0.038465,0.0003409,82.431,-46.838,-1.5817,9.5134,-6.7845,0,0.33,0.078984,0.19651
647.8,-945.86,31.265,2.4006,-1.2535,0.0092704,0.00013444,34.733,-48.147,0.86982,4.8137,-2.7419,0,0.33,0.10275,0.19664
592.66,-841.58,31.268,2.2778,-1.3978,0.0078864,0.00010914,28.126,-47.906,6.3781,3.7039,-0.35257,0,0.33,0.11068,0.19668
333.82,-444.49,31.166,1.6429,-1.9312,0.0061388,5.9457e-05,11.754,-43.431,-0.77745,7.7985,-3.4147,0,0.33,0.15062,0.19665
308.1,-413.11,31.154,1.5092,-2.0218,0.0059863,5.2722e-05,9.4638,-42.116,-3.8986,6.9249,-2.9667,0,0.33,0.1586,0.19663
383.61,-521.33,31.151,1.6854,-2.0218,0.006227,6.504e-05,13.22,-44.161,-0.17331,8.0024,-3.8463,0,0.33,0.15062,0.19263
363.13,-496.04,31.139,1.5457,-2.1086,0.0060502,5.438e-05,10.703,-42.758,-0.43311,7.0579,-3.4796,0,0.33,0.15861,0.1926
345.34,-464.7,31.16,1.8111,-1.9465,0.006442,8.2861e-05,15.951,-45.456,0.60113,8.5969,-2.9711,0,0.33,0.14266,0.19255
297.34,-420.01,31.173,1.7602,-1.866,0.0063308,7.3919e-05,14.358,-44.597,1.5694,8.1343,-2.9274,0,0.33,0.14266,0.19656
316.7,-411.29,31.119,1.4333,-2.1806,0.0059138,5.0245e-05,8.5383,-41.265,1.8687,6.6663,-2.2961,0,0.33,0.16659,0.1926
284.69,-349.73,31.135,1.4052,-2.1002,0.0058657,5.0315e-05,7.5093,-40.684,-0.30269,6.9499,-1.9449,0,0.33,0.16658,0.19657
371.81,-452.67,31.087,1.3118,-2.1993,0.0058237,4.3516e-05,7.0976,-39.839,7.0379,6.2031,-0.9629,0,0.33,0.17457,0.19266
352.3,-408.93,31.105,1.2844,-2.1071,0.0057901,4.3997e-05,6.3149,-39.389,6.706,6.7577,-0.84415,0,0.33,0.17457,0.19669
1502.3,-2739.5,30.172,0.51541,2.1508,0.11139,0.00018378,188.84,-26.568,135.66,50.385,-17.16,0,0.33,0,0.21622
2011.1,-2734.1,30.327,0.89324,2.0426,0.11885,0.00025633,174.7,-27.749,71.792,43.59,-13.355,0,0.33,0.015427,0.21624
2179.5,-2355.4,30.603,1.5745,1.6197,0.092942,0.00026897,132.24,-30.785,0.63006,27.24,-6.7838,0,0.33,0.031274,0.21628
1126.4,-1395.2,30.953,2.1025,0.34369,0.017946,0.00012164,57.566,-38.285,-5.142,8.1419,-3.1277,0,0.33,0.062993,0.2164
1567.9,-1829.8,30.8,1.9737,0.98178,0.041803,0.00017151,86.328,-34.757,-4.2681,12.883,-3.0024,0,0.33,0.047122,0.21633
723.61,-943.61,31.103,2.1341,-0.23586,0.010081,0.00010022,38.857,-40.736,-6.9767,6.9643,-4.3664,0,0.33,0.07896,0.21647
446.23,-658.93,31.214,2.0763,-0.68279,0.0076554,8.2534e-05,26.277,-42.062,-0.87103,5.523,-3.1939,0,0.33,0.094842,0.21655
332.54,-477.18,31.254,1.7126,-1.2309,0.0063221,5.7103e-05,13.616,-41.666,-2.6047,5.4066,-1.6079,0,0.33,0.12663,0.21682
378.49,-559.62,31.255,1.9177,-0.95148,0.0067603,6.6537e-05,18.669,-42.384,0.088606,5.316,-1.4118,0,0.33,0.11074,0.21667
232.13,-339.46,31.25,1.5671,-1.4888,0.0060267,5.4449e-05,9.4943,-40.433,-1.2396,4.7961,-2.3026,0,0.33,0.14271,0.21649
208.79,-313.46,31.236,1.4119,-1.6303,0.0058294,5.0535e-05,6.4978,-39.002,3.8823,2.993,-1.9624,0,0.33,0.15861,0.21659
240.96,-315.92,31.139,0.94939,-1.785,0.0056307,4.9924e-05,3.3354,-34.806,-2.129,1.6909,-0.54626,0,0.33,0.19055,0.21684
268.82,-360.73,31.199,1.1865,-1.666,0.0057066,4.5637e-05,4.6005,-37.048,2.1482,2.2355,-1.0419,0,0.33,0.17456,0.21684
172.32,-223.12,31.081,0.78851,-1.8992,0.0055736,5.7822e-05,2.3175,-32.52,1.9806,0.97908,-0.99967,0,0.33,0.20662,0.21702
155.97,-216.4,31.035,0.624,-1.8552,0.0055444,5.6884e-05,1.8242,-30.447,6.8526,0.16893,-1.5871,0,0.33,0.22252,0.217
4347.2,-75563,5.9136,-10.903,-2.358,15.503,0.007684,1284.9,-0.90804,-309.14,-79.388,52.485,0,0.33,0.023564,-0.0079741
31248,-1.2222e+05,5.3047,-7.987,-3.0911,16.167,0.0066541,1460.9,29.728,-271.74,-64.374,59.432,0,0.33,0.015706,-0.0079741
41231,-99906,6.1974,-11.726,-1.2276,14.022,0.0066258,1272.4,2.8096,-193.3,-49.246,51.111,0,0.33,0.023565,-0.0039874
93768,-1.5238e+05,5.5479,-8.6537,-1.6283,15.155,0.0058402,1464.9,34.357,-175.81,-40.123,61.269,0,0.33,0.015706,-0.0039873
18794,-53937,6.7877,-14.051,-0.90665,13.301,0.0080869,1186.2,-25.658,-206.11,-55.175,41.839,0,0.33,0.031438,-0.0039875
2451,-34436,6.4777,-13.099,-1.745,15.183,0.0093876,1211.2,-28.666,-333.33,-88.85,45.548,0,0.33,0.031438,-0.0079741
-3.059e+05,-2.031e+05,4.468,-4.401,-5.5572,14.979,0.0042032,2800.2,53.185,162.97,-50.199,-1604,0,0.33,0.007851,-0.011961
-3.3032e+05,-2.3048e+05,4.6975,-4.8997,-3.8586,14.512,0.0037578,2793.6,62.877,73.463,-43.349,-1587.6,0,0.33,0.007851,-0.007974
13183,-92806,4.9961,-7.2482,-4.457,17.136,0.0076866,1443.9,21.706,-320.42,-75.507,55.77,0,0.33,0.015706,-0.011961
-2.7124e+05,-1.6987e+05,4.2104,-3.9327,-7.0721,15.342,0.0047376,2799.5,40.664,249.43,-53.801,-1623,0,0.33,0.0078509,-0.015948
-5.5395e+05,-2.5753e+05,4.0263,-2.7538,-7.763,12.843,0.0011238,4067,56.513,819.66,-38.019,-3292.9,0,0.33,0,-0.015948
-6.3391e+05,-2.9408e+05,4.2329,-3.0975,-6.0923,12.671,0.0011241,4039.7,70.079,617.61,-35.691,-3262.2,0,0.33,0,-0.011961
7961.2,-64927,4.6535,-6.5218,-5.6747,17.879,0.008914,1415.2,11.407,-350.34,-81.48,50.893,0,0.33,0.015705,-0.015948
-7.1703e+05,-3.1774e+05,4.4146,-3.4764,-4.2239,12.46,0.0011188,4005.8,80.46,395.06,-31.277,-3235.5,0,0.33,0,-0.007974
3585.9,-50438,5.553,-9.9426,-3.4096,16.902,0.0091186,1276.1,-7.2388,-365.39,-93.62,53.084,0,0.33,0.023564,-0.011961
-2946.5,2900.2,5.6571,-10.8,-3.1882,18.175,0.013545,1187.5,-40.073,-419.5,-113.89,53.677,0,0.33,0.031437,-0.015948
3093.2,-27587,5.154,-8.9743,-4.3468,17.946,0.010809,1249.8,-15.427,-395.63,-101.63,52.834,0,0.33,0.023564,-0.015948
1841.1,-14294,6.0867,-11.958,-2.5127,16.929,0.011285,1210.2,-33.637,-392.45,-104.53,49.765,0,0.33,0.031437,-0.011961
-23937,25438,2.4892,-4.4437,-7.7072,19.418,0.018759,1027.2,-72.631,-428.43,-117.11,15.618,0,0.33,0.023562,-0.039869
2000.8,10595,2.4517,-3.2079,-10.122,18.89,0.015401,1231.1,-58.517,-415.45,-88.153,0.35152,0,0.33,0.015704,-0.039869
-25403,24129,2.9361,-5.0142,-7.3669,19.377,0.018004,1058.9,-63.931,-430.57,-117.94,25.415,0,0.33,0.023563,-0.035882
-757.57,6616,2.8099,-3.6271,-9.6595,18.911,0.014952,1254.8,-47.919,-411.46,-88.82,10.584,0,0.33,0.015705,-0.035882
-34642,33900,3.6651,-6.834,-5.0055,19.618,0.019196,1023.1,-71.441,-431.15,-142.99,46.224,0,0.33,0.031436,-0.031895
-37172,34854,3.1242,-6.0683,-5.2788,19.663,0.020042,982.31,-78.936,-425.92,-145.28,38.204,0,0.33,0.031435,-0.035882
-21404,20927,3.3901,-5.6589,-6.9533,19.329,0.017067,1094.5,-54.594,-431.78,-117.26,34.48,0,0.33,0.023563,-0.031895
-400.39,127.98,3.1761,-4.0989,-9.1047,18.909,0.014163,1281.9,-36.557,-405.79,-88.991,20.49,0,0.33,0.015705,-0.031895
-38019,34508,2.5869,-5.3895,-5.4965,19.71,0.020876,945.46,-85.929,-420.73,-144.69,29.129,0,0.33,0.031435,-0.039869
-72216,-47009,2.2975,-1.6964,-13.18,15.713,0.007247,2732.3,-54.553,616.24,-56.184,-1775.6,0,0.33,0.0078501,-0.043856
-91642,-55467,2.5558,-1.9214,-12.678,15.772,0.0072118,2742.9,-42.971,585.39,-56.773,-1754.2,0,0.33,0.0078503,-0.039869
9218.8,12922,2.1039,-2.8367,-10.504,18.868,0.01567,1211.2,-68.249,-418.51,-86.968,-9.8923,0,0.33,0.015704,-0.043856
-55071,-40052,2.0491,-1.496,-13.595,15.653,0.0072699,2722.5,-65.033,641.66,-55.35,-1795.9,0,0.33,0.00785,-0.047844
-1.2468e+05,-88196,2.2638,-1.0541,-15.041,13.003,0.0010107,4092.2,-58.102,1698.9,-38.871,-3559.4,0,0.33,0,-0.047843
-1.5982e+05,-99896,2.4648,-1.1933,-14.568,13.053,0.0010262,4100.4,-46.727,1642.6,-39.404,-3529.2,0,0.33,0,-0.043856
13550,14209,1.7684,-2.5069,-10.817,18.857,0.015808,1194.9,-77.087,-421.08,-85.257,-19.909,0,0.33,0.015704,-0.047846
-1.9968e+05,-1.1334e+05,2.6749,-1.3494,-13.998,13.094,0.0010426,4106.9,-34.161,1574.4,-39.844,-3497,0,0.33,0,-0.039869
-12997,25623,2.0547,-3.9396,-7.9848,19.474,0.019344,999.63,-80.64,-426.45,-115,5.6967,0,0.33,0.023562,-0.043856
-22563,32087,1.5615,-4.2523,-5.7954,19.878,0.022481,885.68,-98.297,-413.49,-136.66,10.935,0,0.33,0.031434,-0.047849
3418.5,25253,1.6367,-3.4919,-8.2082,19.554,0.019801,976.25,-87.952,-425.19,-111.82,-3.8747,0,0.33,0.023561,-0.047847
-34714,33442,2.0634,-4.7881,-5.6665,19.779,0.021693,913.19,-92.385,-416.45,-141.63,19.832,0,0.33,0.031434,-0.043856
7804.5,21644,-0.40827,-1.5366,-8.7046,20.364,0.019528,910.03,-117.61,-428.07,-84.26,-44.187,0,0.33,0.02359,-0.07188
8532.6,14708,0.093329,-1.0881,-11.625,19.08,0.015769,1160.6,-112.12,-430.38,-69.484,-68.742,0,0.33,0.015714,-0.07182
8822.7,22006,-0.12926,-1.8062,-8.704,20.21,0.019575,913.76,-114.36,-426.76,-89.729,-39.825,0,0.33,0.023587,-0.067883
9555.9,14885,0.32849,-1.2794,-11.595,19.022,0.015794,1160,-108.32,-429.38,-72.468,-62.277,0,0.33,0.015712,-0.067828
6910.7,27553,-0.15461,-2.5567,-5.9844,20.482,0.023661,818.52,-116.74,-413.86,-109.74,-14.761,0,0.33,0.031472,-0.063918
7319.4,26977,-0.50041,-2.203,-5.9662,20.658,0.023524,810.51,-120.03,-416.13,-101.74,-18.223,0,0.33,0.031472,-0.067925
9747.6,22484,0.17646,-2.0911,-8.6744,20.059,0.019667,920.01,-110.44,-425.58,-94.872,-34.43,0,0.33,0.023578,-0.063872
10514,15057,0.5821,-1.4837,-11.528,18.968,0.015825,1161.7,-103.74,-428.21,-75.272,-55.061,0,0.33,0.015705,-0.063835
6423.9,26568,-0.81017,-1.8662,-5.9245,20.844,0.023363,805.25,-122.77,-418.74,-93.61,-20.538,0,0.33,0.031471,-0.071913
7626.8,-16576,0.65569,-0.5454,-14.762,15.365,0.0072007,2685.8,-109.99,715.07,-46.224,-1914.3,0,0.33,0.0078501,-0.075774
8636.1,-18308,0.81534,-0.64938,-14.741,15.399,0.0072327,2688.6,-106.3,714.14,-47.684,-1901.3,0,0.33,0.0078503,-0.071784
7463.7,14566,-0.12296,-0.90668,-11.621,19.139,0.01575,1163,-115.19,-431.31,-66.286,-74.41,0,0.33,0.015714,-0.075808
868.59,-15160,0.50955,-0.44695,-14.744,15.328,0.0071611,2683.4,-112.88,713.3,-44.672,-1925.7,0,0.33,0.0078493,-0.079768
-4820.8,-41101,1.047,-0.3434,-16.42,12.503,0.00092111,4012,-110.28,1861.5,-32.589,-3751.8,0,0.33,0,-0.079743
7568.8,-44018,1.1591,-0.40698,-16.424,12.573,0.00092904,4023.8,-107.05,1863.9,-33.504,-3735.2,0,0.33,0,-0.075755
6389.1,14440,-0.32013,-0.7322,-11.584,19.196,0.015734,1167.2,-117.55,-432.15,-62.902,-79.256,0,0.33,0.015713,-0.079799
8445,-47536,1.2828,-0.47541,-16.386,12.64,0.00093775,4035,-102.99,1860.6,-34.384,-3716.2,0,0.33,0,-0.071767
6738.6,21403,-0.66007,-1.2783,-8.6771,20.521,0.019521,908.56,-120.22,-429.55,-78.548,-47.515,0,0.33,0.023591,-0.075866
4347.1,26355,-1.3226,-1.2216,-5.7742,21.242,0.023221,801.92,-126.63,-425.46,-77.078,-22.15,0,0.33,0.031462,-0.079882
5682.3,21258,-0.88477,-1.0273,-8.6219,20.678,0.019544,909.15,-122.21,-431.14,-72.692,-49.835,0,0.33,0.023591,-0.079852
5383.9,26371,-1.084,-1.5409,-5.8606,21.038,0.023269,802.46,-124.97,-421.87,-85.354,-21.818,0,0.33,0.031468,-0.075894
3530.9,-12401,26.046,-6.2172,0.85987,0.88748,0.0012773,691.96,36.003,31.1,58.852,49.252,0,0.33,0.27857,-0.007976
6467.2,-16886,25.382,-6.9378,1.0335,1.1017,0.0013979,785.91,38.871,31.656,65.999,50.672,0,0.33,0.27064,-0.0079759
4568.2,-12293,25.763,-6.1398,0.43133,1.0408,0.0014753,702.58,36.469,26.847,50.674,56.825,0,0.33,0.27857,-0.0039947
7204.3,-17062,25.051,-6.8516,0.52264,1.2866,0.0016187,792.57,39.457,30.66,59.953,55.98,0,0.33,0.27064,-0.0039946
3549.7,-8794.8,26.443,-5.5547,0.35371,0.80418,0.0013215,604.88,33.106,20.745,39.305,54.849,0,0.33,0.2865,-0.0039948
2803.9,-8979.6,26.665,-5.612,0.70907,0.68425,0.0011503,591.27,32.731,25.514,47.304,46.605,0,0.33,0.2865,-0.0079761
21859,-24785,24.155,-8.308,2.6386,1.4394,0.0014644,980.46,38.958,-57.271,-2.6387,72.708,0,0.33,0.25469,-0.015948
26281,-26838,24.089,-8.6231,2.0494,1.4483,0.001502,962.33,40.688,-27.857,20.021,62.953,0,0.33,0.25468,-0.011961
20049,-20151,25.027,-7.5114,2.3249,1.1704,0.0013041,894.88,38.458,-26.734,9.1336,62.458,0,0.33,0.2627,-0.015948
19803,-21482,24.91,-7.7215,1.7961,1.1995,0.0013619,878.76,39.907,-2.069,32.981,55.983,0,0.33,0.2627,-0.011961
13237,-22452,24.672,-7.7842,1.2188,1.3273,0.0015181,872.53,40.988,24.481,66.446,52.3,0,0.33,0.2627,-0.0079759
23221,-28620,23.896,-8.7649,1.4001,1.5665,0.0016437,951.56,42.005,7.9175,58.974,54.85,0,0.33,0.25468,-0.0079755
12245,-16513,25.632,-6.9238,1.536,0.97647,0.0012366,787.44,37.991,13.69,39.711,50.202,0,0.33,0.27064,-0.011961
15002,-15762,25.78,-6.7926,2.0033,0.9345,0.0011635,800.37,36.785,-5.4003,17.763,53.45,0,0.33,0.27064,-0.015948
7367.8,-12384,26.278,-6.2247,1.2891,0.77427,0.0011196,688.95,35.285,20.401,40.156,45.484,0,0.33,0.27857,-0.011961
6937.3,-9018.2,27.002,-5.5703,1.4209,0.54395,0.00091811,589.01,31.316,12.611,23.181,38.75,0,0.33,0.2865,-0.015948
10174,-12043,26.434,-6.1459,1.6966,0.72641,0.0010366,697.72,34.288,7.3754,22.61,45.706,0,0.33,0.27857,-0.015948
5128.7,-9113.4,26.858,-5.6207,1.0705,0.59028,0.0010042,584.59,32.142,20.011,35.233,40.914,0,0.33,0.2865,-0.011962
3244.1,-6343.7,27.074,-5.0679,0.29176,0.58104,0.0011512,499.89,29.548,14.444,28.022,49.306,0,0.33,0.29445,-0.0039947
3001.4,-4631,27.631,-4.6474,0.2447,0.38035,0.00095957,389.98,25.929,9.3064,18.459,39.987,0,0.33,0.30249,-0.0039937
2946.4,-6495.5,27.233,-5.1033,0.58601,0.4944,0.0010096,485.04,29.239,18.019,34.287,41.804,0,0.33,0.29445,-0.0079761
3000.2,-4715.9,27.737,-4.6652,0.49054,0.32447,0.00084943,375.94,25.67,11.075,22.424,34.142,0,0.33,0.30249,-0.0079759
3558.8,-4808.7,27.834,-4.6538,0.74272,0.27808,0.0007463,367.15,25.257,9.6392,18.259,29.008,0,0.33,0.30249,-0.011962
2853.7,-3482.9,28.211,-4.2631,0.63373,0.1625,0.00059764,265.71,21.861,4.9072,11.015,20.83,0,0.33,0.31069,-0.011962
2644.3,-3445.2,28.151,-4.2814,0.42002,0.18826,0.00067322,272.75,22.212,6.2067,13.502,24.42,0,0.33,0.31069,-0.0079752
2214.3,-2565.9,28.538,-3.8898,0.73571,0.076697,0.00041316,179.78,18.254,2.6128,6.5313,11.796,0,0.33,0.31869,-0.015949
2923.6,-3479.9,28.268,-4.2268,0.84536,0.14689,0.00054513,263.65,21.372,5.0123,10.086,18.224,0,0.33,0.31069,-0.015949
2205.7,-2584.3,28.5,-3.9235,0.5531,0.083838,0.00044667,181.35,18.672,2.3084,6.3054,13.429,0,0.33,0.31869,-0.011962
3849.4,-4827.8,27.92,-4.6165,0.99277,0.25101,0.00067666,365.68,24.679,8.8503,15.05,25.582,0,0.33,0.30249,-0.015949
2131.9,-2577,28.463,-3.9439,0.36801,0.095429,0.00049452,185.85,18.972,3.7523,7.9875,15.542,0,0.33,0.31869,-0.0079751
4207.6,-6640.2,27.377,-5.1027,0.88779,0.42388,0.00088222,476.29,28.75,15.441,27.078,35.754,0,0.33,0.29445,-0.011962
5059.6,-6648.7,27.494,-5.0632,1.1851,0.38533,0.00080072,477.05,28.062,12.264,20.109,32.337,0,0.33,0.29445,-0.015949
20626,-23046,24.196,-7.8747,3.1733,1.4643,0.0014684,994.55,36.93,-73.837,-3.0749,80.903,0,0.33,0.25469,-0.019935
18697,-18915,25.103,-7.1912,2.8059,1.1823,0.001294,910.78,36.724,-42.395,3.1987,68.44,0,0.33,0.2627,-0.019935
18423,-17724,25.198,-6.8034,3.2361,1.1908,0.0012946,916.94,34.752,-49.251,9.5127,72.248,0,0.33,0.2627,-0.023922
22414,-21467,24.284,-7.3758,3.652,1.4748,0.0014762,996.37,34.657,-79.67,9.6414,86.354,0,0.33,0.25469,-0.023922
14797,-14938,25.88,-6.5657,2.432,0.93559,0.001141,816.67,35.317,-19.256,8.8912,57.55,0,0.33,0.27064,-0.019935
14300,-14062,25.979,-6.2731,2.8165,0.9425,0.0011353,826.8,33.619,-26.811,10.24,60.519,0,0.33,0.27064,-0.023922
10215,-10263,26.773,-5.526,2.7267,0.71687,0.00098008,727.4,29.977,-14.123,15.343,51.151,0,0.33,0.27857,-0.027909
13819,-13185,26.11,-5.9425,3.1576,0.93569,0.0011297,824.99,31.733,-28.931,17.194,61.544,0,0.33,0.27064,-0.027909
10571,-10925,26.653,-5.7777,2.4199,0.72027,0.00098907,724.25,31.605,-10.675,12.144,50.038,0,0.33,0.27857,-0.023922
6896.4,-7384.4,27.468,-4.9176,2.5843,0.50984,0.00082559,612.66,26.12,-4.9997,17.937,40.802,0,0.33,0.28651,-0.031896
9689.8,-9568.3,26.919,-5.2533,2.9965,0.69852,0.00096746,718.04,28.197,-14.378,20.63,50.803,0,0.33,0.27858,-0.031896
7281.9,-7899.6,27.338,-5.1267,2.3379,0.52226,0.00084008,616.87,27.659,-3.4912,15.21,40.78,0,0.33,0.28651,-0.027909
7535.7,-8367.5,27.225,-5.3132,2.0606,0.526,0.000854,611.39,29.054,0.10992,14.192,39.948,0,0.33,0.2865,-0.023922
13046,-12285,26.282,-5.5958,3.456,0.90684,0.0011171,808.61,29.69,-27.163,25.886,60.608,0,0.33,0.27064,-0.031896
10792,-11544,26.548,-5.9909,2.0761,0.71781,0.0010026,712.31,33.053,-3.45,13.66,47.852,0,0.33,0.27857,-0.019935
7564.1,-8762.6,27.117,-5.4648,1.7539,0.52903,0.00087549,600.23,30.281,5.6717,16.37,38.908,0,0.33,0.2865,-0.019935
2930.2,-3449.9,28.332,-4.176,1.0539,0.13801,0.00050983,264.91,20.755,5.5881,10.695,16.388,0,0.33,0.3107,-0.019936
2877.8,-3378.4,28.404,-4.1119,1.2554,0.13163,0.00048211,267.01,20.014,5.9637,11.852,15.041,0,0.33,0.3107,-0.023923
3938,-4785.3,28.003,-4.5565,1.2381,0.23726,0.00063302,369.31,23.949,8.2708,13.969,23.548,0,0.33,0.30249,-0.019936
3884.5,-4666.7,28.092,-4.4754,1.4727,0.22927,0.00060287,374.32,23.075,7.4153,14.078,22.416,0,0.33,0.30249,-0.023923
2204.2,-2535.2,28.585,-3.8462,0.91551,0.072285,0.00038946,179.96,17.728,3.4769,7.9186,10.516,0,0.33,0.3187,-0.019936
2164.5,-2480.5,28.643,-3.7939,1.0901,0.068532,0.00036848,180.37,17.096,4.2728,9.5266,9.4107,0,0.33,0.3187,-0.023923
5353.7,-6319.6,27.7,-4.8788,1.7437,0.36188,0.00072679,492.71,26.157,5.9955,15.051,30.71,0,0.33,0.29445,-0.023923
5175.8,-6021,27.808,-4.7425,1.9929,0.35637,0.0007077,497.9,24.97,3.4331,15.397,30.799,0,0.33,0.29445,-0.02791
3758.5,-4492.3,28.188,-4.3745,1.6929,0.22266,0.00057979,377.49,22.069,6.3201,14.697,21.732,0,0.33,0.30249,-0.02791
4899.8,-5668.9,27.925,-4.5851,2.2179,0.34682,0.00069054,496.3,23.649,1.8093,16.676,30.649,0,0.33,0.29445,-0.031897
3581.3,-4274.8,28.293,-4.2563,1.8956,0.21455,0.0005597,376.31,20.945,5.3389,15.509,21.111,0,0.33,0.30249,-0.031897
5375.2,-6542.9,27.598,-4.9873,1.473,0.36886,0.00075447,484.27,27.194,9.0799,16.339,30.955,0,0.33,0.29445,-0.019936
1037.2,-1227.1,29.027,-3.1096,0.25533,0.0093567,0.00019693,47.796,10.421,2.7244,3.5052,4.4033,0,0.33,0.3425,-0.0079753
1322.9,-1548.3,28.876,-3.3608,0.28892,0.017608,0.00022766,74.475,13.083,2.7857,3.9474,5.6927,0,0.33,0.33456,-0.0079753
1033.9,-1223.4,29.003,-3.1047,0.12807,0.0097152,0.00019796,49.248,10.54,3.769,4.4653,4.5276,0,0.33,0.3425,-0.0039908
1319.7,-1549.3,28.85,-3.3568,0.14515,0.019115,0.000237,77.273,13.222,3.9216,4.6729,6.0748,0,0.33,0.33456,-0.0039907
803.54,-977.95,29.141,-2.8764,0.11283,0.0074782,0.00022277,34.109,8.0329,3.492,4.4001,4.502,0,0.33,0.3505,-0.0039909
807.64,-983.56,29.165,-2.8817,0.22493,0.0073772,0.00022512,33.309,7.9302,2.5616,3.3473,4.4551,0,0.33,0.3505,-0.0079754
1705,-1979.6,28.72,-3.619,0.48853,0.038213,0.00031163,117.4,15.671,1.4113,3.6824,8.2087,0,0.33,0.32663,-0.011962
1680.8,-1981.4,28.696,-3.6384,0.32591,0.042134,0.0003354,119.68,15.929,2.9309,5.153,9.2775,0,0.33,0.32663,-0.0079752
1330.8,-1547,28.894,-3.3435,0.43263,0.016722,0.00022002,73.563,12.861,1.2495,2.341,5.2117,0,0.33,0.33456,-0.011962
1698.9,-1959.5,28.747,-3.5891,0.64866,0.03581,0.0002951,116.6,15.313,1.7724,4.3547,7.2859,0,0.33,0.32663,-0.015949
1323.7,-1531.9,28.914,-3.3174,0.57421,0.016191,0.00021463,73.257,12.554,1.6602,3.0445,4.6771,0,0.33,0.33457,-0.015949
1041.1,-1228.6,29.041,-3.0944,0.38244,0.009234,0.00019618,47.409,10.23,1.214,1.6201,4.1927,0,0.33,0.3425,-0.011962
807.77,-979.93,29.188,-2.848,0.44785,0.0073146,0.00022701,32.789,7.5394,1.644,1.4745,4.0871,0,0.33,0.3505,-0.015949
1036.1,-1218.5,29.056,-3.0716,0.50779,0.0091559,0.00019539,47.243,9.9659,1.6892,2.165,3.8281,0,0.33,0.3425,-0.015949
811.2,-987.01,29.177,-2.8682,0.33726,0.0073414,0.00022632,32.991,7.7663,1.0958,1.1586,4.3714,0,0.33,0.3505,-0.011962
622.26,-784.8,29.273,-2.6703,0.09946,0.0066909,0.00024798,24.764,5.7261,3.2116,4.3165,4.9556,0,0.33,0.35861,-0.0039912
480.47,-632.81,29.4,-2.4876,0.087678,0.0062712,0.00020656,18.315,3.6172,3.0419,4.1286,5.4023,0,0.33,0.36659,-0.0039913
626.52,-790.03,29.297,-2.6758,0.19785,0.0066437,0.00024432,24.236,5.6388,2.358,3.2968,4.9097,0,0.33,0.35861,-0.0079756
485.56,-637.77,29.423,-2.4932,0.17377,0.0062431,0.00019792,17.94,3.5435,2.2216,3.3033,5.315,0,0.33,0.36659,-0.0079757
489.64,-643.62,29.433,-2.482,0.26171,0.0062222,0.0001907,17.621,3.4219,0.79643,0.68129,5.4078,0,0.33,0.36659,-0.011962
376.14,-515.99,29.553,-2.3179,0.22887,0.005975,0.00012273,12.974,1.5284,0.70336,0.66698,5.6305,0,0.33,0.37453,-0.011963
372.42,-509.74,29.542,-2.3282,0.15139,0.0059917,0.0001283,13.272,1.6338,2.1431,3.3365,5.4716,0,0.33,0.37452,-0.0079757
379.64,-519.04,29.556,-2.3018,0.30235,0.0059626,0.0001188,12.763,1.3819,1.4874,0.15558,5.5029,0,0.33,0.37453,-0.01595
490.42,-642.94,29.439,-2.4653,0.34668,0.0062063,0.00018577,17.391,3.253,1.498,0.47565,5.2443,0,0.33,0.36659,-0.01595
630.27,-794.71,29.308,-2.6636,0.29717,0.0066181,0.00024126,23.911,5.4979,0.92043,0.8433,4.917,0,0.33,0.35861,-0.011962
628.48,-790.43,29.316,-2.6455,0.39433,0.0065985,0.00023921,23.679,5.3024,1.5393,0.90619,4.6964,0,0.33,0.35861,-0.01595
1314.9,-1510.7,28.942,-3.286,0.71345,0.015785,0.00021027,73.065,12.167,2.6631,4.6958,4.169,0,0.33,0.33457,-0.019936
1291.1,-1473.9,28.981,-3.2508,0.84951,0.015308,0.00020566,72.632,11.702,3.902,6.335,3.6521,0,0.33,0.33457,-0.023924
1687,-1931.8,28.783,-3.552,0.80613,0.034203,0.0002828,116.47,14.862,2.7023,5.9913,6.4907,0,0.33,0.32663,-0.019936
1655.8,-1886.2,28.83,-3.5091,0.95951,0.032602,0.00027062,116.21,14.321,3.6838,7.672,5.7243,0,0.33,0.32664,-0.023924
978.69,-1129.9,29.154,-2.987,0.86923,0.0087684,0.0001948,45.596,8.7714,5.2653,6.4096,2.7234,0,0.33,0.34251,-0.027912
1254.2,-1424.8,29.029,-3.2129,0.98083,0.014608,0.00020002,71.523,11.165,4.4636,7.4115,3.115,0,0.33,0.33457,-0.027911
1011.7,-1172.7,29.112,-3.0156,0.75212,0.0089511,0.00019451,46.513,9.2337,4.3897,5.3941,3.0806,0,0.33,0.34251,-0.023924
730.08,-875.55,29.312,-2.7545,0.86726,0.0070625,0.00023912,30.197,6.0619,5.347,5.6197,3.0488,0,0.33,0.35051,-0.031899
950.78,-1097.9,29.199,-2.9514,0.98062,0.0085305,0.00019525,44.369,8.2507,4.6642,6.4165,2.3097,0,0.33,0.34251,-0.031899
757.04,-902.44,29.271,-2.7803,0.76843,0.0071539,0.00023433,31.168,6.5109,6.0744,5.798,3.2535,0,0.33,0.35051,-0.027912
787.08,-941.31,29.235,-2.8007,0.66417,0.0072297,0.00023033,31.998,6.909,4.7948,4.6893,3.4982,0,0.33,0.35051,-0.023924
1223.1,-1383.4,29.081,-3.1669,1.1058,0.013684,0.00019318,69.716,10.561,3.9914,7.7472,2.4572,0,0.33,0.33457,-0.031899
1030.1,-1202.8,29.08,-3.0446,0.63121,0.0090684,0.00019474,46.996,9.6338,2.7829,3.7655,3.458,0,0.33,0.34251,-0.019937
802.91,-967.56,29.207,-2.8248,0.55718,0.0072793,0.00022807,32.501,7.2537,2.7975,3.0143,3.7946,0,0.33,0.35051,-0.019937
379.02,-515.5,29.566,-2.2863,0.37918,0.0059502,0.00011553,12.556,1.1993,2.7478,1.4395,5.3368,0,0.33,0.37453,-0.019938
372.83,-503.01,29.583,-2.2705,0.45124,0.0059325,0.0001104,12.202,0.9759,5.3401,3.0763,5.1981,0,0.33,0.37453,-0.023925
487.88,-636.46,29.451,-2.4479,0.43314,0.0061889,0.00018145,17.133,3.0409,2.6723,1.8539,5.0683,0,0.33,0.36659,-0.019938
477.47,-618.41,29.471,-2.4305,0.516,0.006164,0.00017459,16.702,2.7828,5.2521,3.5854,4.8812,0,0.33,0.36659,-0.023925
610.7,-758.12,29.354,-2.6053,0.58565,0.0065411,0.00023561,22.903,4.7587,5.0423,4.106,4.2335,0,0.33,0.35862,-0.023925
585.52,-723.76,29.387,-2.592,0.67867,0.0064899,0.00023234,22.137,4.4149,6.7916,5.4387,4.0336,0,0.33,0.35862,-0.027912
461.02,-590.96,29.5,-2.4225,0.59959,0.0061257,0.00016352,16.018,2.4851,7.5894,5.1663,4.6524,0,0.33,0.3666,-0.027913
558.81,-699.53,29.424,-2.5755,0.76646,0.0064316,0.00022912,21.295,4.0261,5.9433,5.2828,3.956,0,0.33,0.35862,-0.0319
436.63,-569.18,29.536,-2.4147,0.67833,0.0060835,0.00015236,15.286,2.1475,6.8131,5.2186,4.5736,0,0.33,0.3666,-0.0319
624.44,-780.84,29.331,-2.6255,0.49134,0.0065749,0.00023773,23.389,5.0564,2.7022,2.3739,4.4699,0,0.33,0.35862,-0.019937
8071.2,-8109.9,27.292,-4.6955,3.4298,0.60771,0.00091876,657.59,24.292,-9.3537,29.639,46.219,0,0.33,0.27858,-0.03987
10927,-10390,26.744,-4.9084,3.9288,0.78198,0.001063,732.62,25.266,-18.09,39.134,54.257,0,0.33,0.27065,-0.039869
8961.8,-8848.3,27.094,-4.9734,3.2304,0.66184,0.00094746,694.66,26.293,-12.444,25.857,49.071,0,0.33,0.27858,-0.035883
12058,-11352,26.497,-5.248,3.7127,0.85464,0.0010951,777.37,27.525,-23.111,33.663,58.05,0,0.33,0.27064,-0.035882
6380.1,-6840.4,27.615,-4.6966,2.8002,0.48452,0.00080579,596.41,24.46,-4.7908,20.927,39.841,0,0.33,0.28651,-0.035883
5754.1,-6280.2,27.778,-4.4722,2.9867,0.44554,0.00077843,567.5,22.703,-3.5045,23.049,37.974,0,0.33,0.28651,-0.03987
13561,-12712,26.219,-4.3672,5.3632,0.92583,0.0012488,737.16,18.586,-38.447,73.402,72.254,0,0.33,0.25469,-0.047869
15320,-14131,25.793,-4.8161,5.2172,1.0697,0.0013224,805.09,21.367,-47.364,72.097,78.871,0,0.33,0.25469,-0.043859
11046,-10567,26.806,-4.3413,4.7985,0.73808,0.0010971,669.65,20.166,-20.263,55.939,54.463,0,0.33,0.2627,-0.047869
12536,-11758,26.459,-4.7154,4.6567,0.85856,0.0011595,737.56,22.761,-26.354,55.294,60.514,0,0.33,0.2627,-0.04386
14003,-12989,26.125,-5.1097,4.4689,0.96877,0.0012102,797.78,25.325,-33.092,51.562,65.752,0,0.33,0.2627,-0.039869
17068,-15592,25.387,-5.293,5.0163,1.2008,0.0013822,865.34,24.146,-56.474,66.855,84.106,0,0.33,0.25469,-0.039869
9690.4,-9421.2,27.012,-4.5819,4.1055,0.69397,0.0010209,676.71,22.941,-13.028,41.892,49.553,0,0.33,0.27065,-0.04386
8436.3,-8486.1,27.291,-4.2699,4.2447,0.59635,0.00096881,612.39,20.568,-8.6816,42.264,44.201,0,0.33,0.27065,-0.04787
7083.2,-7368.8,27.506,-4.4249,3.5965,0.53979,0.00088125,608.64,22.216,-5.949,31.404,42.519,0,0.33,0.27858,-0.043861
4474.3,-5183.6,28.125,-4.0298,3.2782,0.33681,0.00069938,476.62,18.967,-0.23838,22.97,32.163,0,0.33,0.28651,-0.047872
6119.5,-6653.7,27.727,-4.1632,3.7325,0.46301,0.00083511,550.43,20.081,-2.9458,31.304,38.195,0,0.33,0.27858,-0.047871
5088.6,-5720.6,27.95,-4.2494,3.1453,0.39503,0.00074289,526.86,20.868,-1.7919,23.723,35.359,0,0.33,0.28651,-0.043861
4551.2,-5281.1,28.053,-4.4141,2.4183,0.3295,0.00067047,485.41,22.216,1.1994,18.092,29.985,0,0.33,0.29445,-0.035884
3365.6,-4024,28.405,-4.1251,2.0797,0.20268,0.00053897,368.78,19.719,4.7476,16.189,20.334,0,0.33,0.3025,-0.035884
4152.3,-4871.1,28.19,-4.236,2.5942,0.30292,0.00064443,464.02,20.688,1.3263,18.869,28.766,0,0.33,0.29445,-0.039871
3122.6,-3747.3,28.523,-3.9854,2.2447,0.18571,0.00051451,353.61,18.404,4.5028,16.274,19.36,0,0.33,0.3025,-0.039871
2871.8,-3456.2,28.642,-3.8404,2.391,0.16365,0.00048446,330.56,17.013,4.3863,15.389,18.222,0,0.33,0.3025,-0.043862
2276,-2646.1,28.876,-3.6147,2.0837,0.088273,0.00036597,233.89,14.833,4.9862,13.544,10.115,0,0.33,0.31071,-0.043864
2432.2,-2831.4,28.773,-3.7312,1.9455,0.10066,0.00039167,249.54,16.031,5.1259,14.355,11.01,0,0.33,0.31071,-0.039872
1715.7,-1913.1,29.131,-3.2923,1.9497,0.035983,0.00024434,141.77,11.552,4.2301,11.027,3.6424,0,0.33,0.31871,-0.047877
2113.6,-2455.3,28.977,-3.4932,2.2084,0.074166,0.0003365,213.52,13.572,4.6088,11.838,9.3696,0,0.33,0.31071,-0.047877
1823.5,-2032.9,29.042,-3.393,1.8316,0.042557,0.00026488,154.53,12.647,4.3522,12.191,4.2485,0,0.33,0.31871,-0.043864
2634.5,-3168.2,28.759,-3.6914,2.5197,0.1378,0.00044821,300.41,15.555,4.0444,13.567,16.947,0,0.33,0.3025,-0.047875
1916.2,-2145,28.953,-3.4886,1.7033,0.048804,0.00028519,164.75,13.683,4.3081,12.548,5.1422,0,0.33,0.31871,-0.039873
3745.2,-4455.2,28.332,-4.055,2.7467,0.26784,0.0006111,432.29,19.081,1.7725,18.533,27.041,0,0.33,0.29446,-0.043862
3376.3,-4055.3,28.473,-3.8728,2.8774,0.22679,0.00057036,391.65,17.404,2.0644,17.117,24.887,0,0.33,0.29446,-0.047873
11852,-11374,26.648,-3.947,5.4569,0.7756,0.0011616,663,15.817,-30.32,71.464,64.614,0,0.33,0.25469,-0.05193
9610,-9456.1,27.155,-3.9868,4.8964,0.61305,0.0010225,596.16,17.559,-15.281,54.165,47.959,0,0.33,0.2627,-0.051929
8247,-8402.7,27.495,-3.6517,4.9534,0.48943,0.00093536,519.53,14.966,-11.136,50.126,41.439,0,0.33,0.2627,-0.056031
10217,-10114,27.068,-3.5568,5.5016,0.6259,0.0010614,584.56,13.088,-23.167,66.715,56.271,0,0.33,0.25469,-0.056033
7317,-7633.2,27.571,-3.9706,4.3483,0.49437,0.00090617,542.22,18.164,-5.6697,40.972,38.463,0,0.33,0.27065,-0.05193
6368.3,-6848.1,27.845,-3.6827,4.4181,0.39304,0.00083192,468.86,15.756,-3.7498,38.199,32.783,0,0.33,0.27064,-0.056033
4288.4,-4899.7,28.369,-3.4224,3.9733,0.22729,0.00064077,350.18,13.532,0.032289,25.049,23.599,0,0.33,0.27859,-0.060085
5525.5,-6099.9,28.104,-3.4081,4.4578,0.29845,0.00074638,396.06,13.366,-2.3171,34.009,27.715,0,0.33,0.27063,-0.06013
4764.1,-5429.6,28.164,-3.662,3.9195,0.30202,0.00071534,417.82,15.71,-0.19829,27.894,28.37,0,0.33,0.27858,-0.05603
3060.1,-3526.3,28.768,-3.1817,3.5821,0.1117,0.00045085,242.66,11.118,-0.064605,14.202,16.522,0,0.33,0.28658,-0.064184
3875.2,-4418.9,28.558,-3.1922,4.0058,0.16269,0.00055813,286.92,11.389,-0.15069,21.639,19.408,0,0.33,0.27858,-0.064119
3311.8,-3865.3,28.624,-3.3867,3.5365,0.15865,0.00052226,298.48,13.058,0.62941,16.556,20.424,0,0.33,0.28659,-0.060161
3611.9,-4256.7,28.466,-3.5978,3.4731,0.21432,0.00058872,358.78,15.031,0.92209,18.952,24.561,0,0.33,0.28654,-0.056065
4839.2,-5423.3,28.34,-3.1487,4.4718,0.21603,0.00065167,327.55,11.028,-1.758,29.182,23.188,0,0.33,0.2706,-0.064271
5336.6,-6004.7,27.948,-3.9094,3.8398,0.38224,0.00078009,485.83,17.903,-0.99782,29.986,33.405,0,0.33,0.27858,-0.051932
3980.8,-4693.2,28.299,-3.8128,3.3873,0.27516,0.00064801,419.51,17.012,0.706,21.221,28.537,0,0.33,0.28652,-0.051939
1959.4,-2276.1,29.072,-3.3663,2.3202,0.059329,0.0003034,189.3,12.253,3.6413,9.5806,8.7586,0,0.33,0.3107,-0.051948
1823.9,-2119.4,29.158,-3.2329,2.4192,0.045069,0.00026811,162.71,10.894,2.0394,7.1047,8.255,0,0.33,0.31066,-0.056083
2429.9,-2905.1,28.87,-3.5377,2.6318,0.11021,0.00040609,264.68,14.038,3.112,11.187,15.544,0,0.33,0.3025,-0.051949
2255.9,-2672.1,28.973,-3.3777,2.7276,0.083356,0.00035939,225.66,12.479,1.6961,8.5076,14.071,0,0.33,0.3025,-0.056098
1600.9,-1795.5,29.216,-3.1864,2.0579,0.029353,0.00022346,126.84,10.401,3.6814,9.2497,3.3421,0,0.33,0.31871,-0.051945
1496.4,-1693.6,29.294,-3.075,2.1557,0.023097,0.00020301,110.45,9.2123,2.4672,7.2133,3.2793,0,0.33,0.31868,-0.056056
2829.8,-3369.9,28.74,-3.5009,3.0785,0.14007,0.00046822,293.21,13.894,1.1868,12.384,19.716,0,0.33,0.29449,-0.056086
2609.7,-3075.8,28.86,-3.3125,3.1497,0.10166,0.00040957,242.5,12.114,0.34256,9.8711,16.867,0,0.33,0.29456,-0.06024
2086.5,-2455.4,29.066,-3.2134,2.8069,0.059819,0.00031108,186.74,10.902,0.30179,5.8555,12.619,0,0.33,0.30252,-0.060255
2416.4,-2817,28.968,-3.1273,3.205,0.070411,0.0003498,196.14,10.361,-0.57358,7.8816,14.001,0,0.33,0.29458,-0.064334
1924.3,-2255.8,29.147,-3.049,2.8712,0.041295,0.00026508,151.23,9.3319,-0.80391,3.8114,11.159,0,0.33,0.30253,-0.064364
3074,-3692.8,28.61,-3.6885,2.9879,0.18302,0.0005225,344.3,15.668,1.8507,14.966,22.412,0,0.33,0.29446,-0.051942
926.62,-1051.7,29.292,-2.8508,1.1875,0.0079628,0.00019866,40.924,7.0493,3.9876,6.4219,0.84992,0,0.33,0.34252,-0.039874
1183,-1309.2,29.196,-3.0473,1.3373,0.011482,0.00017954,63.815,9.1707,3.5981,8.4096,0.56058,0,0.33,0.33458,-0.039874
937.79,-1077.4,29.245,-2.9049,1.0865,0.0082558,0.0001962,42.847,7.6755,3.91,6.1675,1.6775,0,0.33,0.34251,-0.035886
1203.4,-1349.2,29.137,-3.1108,1.2245,0.012604,0.00018587,67.162,9.8944,3.5019,7.9427,1.5762,0,0.33,0.33458,-0.035886
721.04,-864.91,29.351,-2.7165,0.96104,0.006962,0.00024458,29.134,5.565,4.196,4.9349,2.6955,0,0.33,0.35051,-0.035887
715,-850.16,29.389,-2.6701,1.0507,0.0068491,0.00024448,27.846,5.0225,4.1394,4.8609,2.1456,0,0.33,0.35051,-0.039875
1453.8,-1587.3,29.163,-3.1801,1.6228,0.019514,0.00019555,96.763,10.49,3.874,10.697,0.91352,0,0.33,0.32665,-0.043865
1504.8,-1658.3,29.088,-3.2601,1.5054,0.022332,0.00020904,103.37,11.385,3.6379,10.553,1.8728,0,0.33,0.32664,-0.039873
1154.5,-1259.9,29.259,-2.9796,1.4439,0.010449,0.00017569,59.81,8.3942,4.0124,8.9035,-0.41003,0,0.33,0.33458,-0.043865
1388.7,-1510.1,29.241,-3.0954,1.7325,0.016906,0.00018491,89.065,9.5377,4.0174,10.213,0.2417,0,0.33,0.32665,-0.047879
1115.8,-1205.1,29.326,-2.9081,1.5443,0.0095738,0.00017526,55.324,7.5661,4.3958,9.0219,-1.1708,0,0.33,0.33458,-0.047879
910.09,-1016.1,29.344,-2.7932,1.2836,0.0076749,0.00020355,38.6,6.3753,4.5903,7.0553,-0.025178,0,0.33,0.34252,-0.043866
688.62,-793.52,29.478,-2.5697,1.2183,0.0065949,0.00022782,24.472,3.8094,5.7463,6.2251,0.85395,0,0.33,0.35052,-0.04788
886.77,-974.81,29.4,-2.7329,1.3747,0.0074086,0.00021144,35.957,5.6535,5.2405,7.5935,-0.78979,0,0.33,0.34252,-0.04788
704.2,-824.94,29.431,-2.6207,1.1364,0.0067248,0.00023659,26.276,4.4374,4.8501,5.4571,1.4878,0,0.33,0.35051,-0.043867
552.05,-695.68,29.459,-2.5455,0.84953,0.0063723,0.00022565,20.461,3.5956,4.1955,4.294,3.8418,0,0.33,0.35862,-0.035887
432.76,-571.32,29.568,-2.3921,0.75283,0.0060438,0.00014077,14.622,1.7741,4.4125,4.1178,4.5752,0,0.33,0.3666,-0.035888
548.69,-688.8,29.492,-2.5054,0.92886,0.0063072,0.00021519,19.503,3.1245,3.7997,3.8919,3.5852,0,0.33,0.35862,-0.039875
432.96,-571.58,29.597,-2.3574,0.82374,0.0060023,0.00012833,13.896,1.3645,3.565,3.4669,4.516,0,0.33,0.3666,-0.039876
425.19,-558,29.627,-2.3202,0.89284,0.0059562,0.00011514,13.028,0.92216,4.0598,3.745,4.3413,0,0.33,0.3666,-0.043867
354.73,-479.01,29.728,-2.1856,0.79221,0.0057926,7.2595e-05,9.3519,-0.63927,4.2566,3.3777,4.5957,0,0.33,0.37454,-0.043868
357.04,-486.04,29.701,-2.2188,0.72861,0.0058212,7.9894e-05,9.9767,-0.25449,3.8023,3.3169,4.7045,0,0.33,0.37454,-0.039876
344.93,-461.96,29.758,-2.1528,0.85334,0.0057625,6.5681e-05,8.6495,-1.0546,5.2806,4.1948,4.3491,0,0.33,0.37454,-0.047879
411.49,-536.47,29.661,-2.2828,0.95911,0.0059074,0.00010175,12.048,0.44637,5.0245,4.6022,4.1035,0,0.33,0.36661,-0.047878
539.26,-670.33,29.526,-2.4628,1.0053,0.0062341,0.00019501,18.351,2.6161,4.4447,4.3472,3.2034,0,0.33,0.35863,-0.043867
525.19,-645.17,29.566,-2.4193,1.0785,0.0061562,0.00017211,17.037,2.0702,5.4397,5.1981,2.7918,0,0.33,0.35863,-0.047878
1063.4,-1146.9,29.395,-2.8327,1.6383,0.0088455,0.00017858,50.459,6.6872,4.6009,8.5626,-1.6185,0,0.33,0.33459,-0.051953
1005.6,-1092.8,29.463,-2.753,1.7249,0.0082328,0.0001857,45.367,5.7698,4.4853,7.6097,-1.7566,0,0.33,0.33459,-0.056096
1310.5,-1430.8,29.318,-3.006,1.8343,0.014518,0.00017718,80.436,8.5328,3.9177,9.0862,-0.075563,0,0.33,0.32665,-0.051951
1232.5,-1359.3,29.391,-2.9117,1.9275,0.012372,0.00017242,71.159,7.4913,3.3457,7.5782,-0.09561,0,0.33,0.32664,-0.056079
772.51,-852.3,29.582,-2.5336,1.6123,0.0067225,0.00023069,27.016,3.2541,5.3644,6.4229,-1.761,0,0.33,0.34251,-0.060265
956.46,-1051.8,29.527,-2.6694,1.8029,0.0077192,0.00019664,40.29,4.8368,3.8214,6.429,-1.7094,0,0.33,0.33457,-0.060236
809.02,-884.85,29.522,-2.6036,1.54,0.0069347,0.00023354,30.034,4.0787,5.8006,7.249,-1.6278,0,0.33,0.34253,-0.0561
586.17,-676.84,29.689,-2.3441,1.4943,0.0061083,0.00015529,16.573,0.98222,5.5372,5.2654,-0.50363,0,0.33,0.35043,-0.064405
742.51,-829.71,29.638,-2.4589,1.6758,0.0065295,0.00021865,24.102,2.4218,4.5901,5.4839,-1.8287,0,0.33,0.34248,-0.06434
605.61,-691.76,29.638,-2.4067,1.4357,0.0062156,0.00018788,18.446,1.7187,6.3799,6.0584,-0.26254,0,0.33,0.35046,-0.060278
631.05,-718.24,29.584,-2.4637,1.3688,0.0063351,0.00021089,20.434,2.4392,6.7757,6.6581,-0.0024517,0,0.33,0.35051,-0.056097
913.12,-1018.9,29.586,-2.5808,1.8713,0.0072931,0.00021178,35.399,3.8988,2.934,5.1411,-1.5071,0,0.33,0.33452,-0.06426
851.02,-928.58,29.46,-2.6699,1.4606,0.0071637,0.0002228,33.066,4.8843,5.699,7.6924,-1.3355,0,0.33,0.34253,-0.051954
662.35,-755.42,29.53,-2.5176,1.2961,0.0064636,0.00022038,22.489,3.1396,6.4964,6.7142,0.34563,0,0.33,0.35053,-0.051952
329.29,-437.05,29.794,-2.1223,0.9137,0.0057312,5.917e-05,7.865,-1.4974,6.5686,5.2202,4.1691,0,0.33,0.37453,-0.051942
307.71,-407.07,29.834,-2.0961,0.97156,0.0057004,5.3918e-05,7.0469,-1.9628,7.6089,5.7243,4.0766,0,0.33,0.37449,-0.056059
389.86,-506.7,29.701,-2.2469,1.0235,0.0058572,8.8471e-05,10.966,-0.060697,6.1563,5.478,3.927,0,0.33,0.3666,-0.051944
363.08,-473.71,29.744,-2.2136,1.0847,0.0058088,7.6493e-05,9.8574,-0.59182,6.8598,5.8293,3.8152,0,0.33,0.36654,-0.05608
474.73,-578.32,29.658,-2.3335,1.2152,0.0059987,0.00012612,14.111,0.88065,6.9312,6.109,2.1951,0,0.33,0.35857,-0.056086
453.88,-554.72,29.706,-2.2891,1.277,0.0059287,0.00010685,12.724,0.25177,6.5251,5.6146,1.9683,0,0.33,0.35845,-0.060271
341.27,-449.16,29.788,-2.1802,1.142,0.0057664,6.7146e-05,8.8579,-1.1418,6.4298,5.3884,3.7117,0,0.33,0.36641,-0.060234
438.92,-543.61,29.752,-2.2381,1.3304,0.0058679,9.0444e-05,11.47,-0.39911,5.4153,4.8034,1.7293,0,0.33,0.35841,-0.064389
326.76,-438.48,29.829,-2.1403,1.191,0.0057313,6.0029e-05,8.0105,-1.7118,4.8292,4.5017,3.5874,0,0.33,0.36642,-0.064269
502.06,-612.17,29.61,-2.3762,1.1488,0.0060763,0.00014866,15.593,1.4886,6.4383,5.9208,2.4493,0,0.33,0.35862,-0.051945
3155.4,-3573.7,28.885,-2.7549,4.0167,0.07055,0.00037958,181.51,7.2794,-1.0636,14.701,12.846,0,0.33,0.27856,-0.072238
3787,-4272.1,28.741,-2.6717,4.4366,0.096534,0.00044786,211.55,6.628,-2.5158,19.806,15.849,0,0.33,0.27058,-0.072361
3516.1,-3991.6,28.73,-2.9697,4.0196,0.1103,0.00046964,230.28,9.2992,-0.74448,18.179,15.79,0,0.33,0.27858,-0.068173
4294.8,-4829.6,28.553,-2.9033,4.4637,0.14845,0.00055059,265.57,8.7788,-2.1197,24.448,19.132,0,0.33,0.27059,-0.06834
2831.2,-3228.7,28.901,-2.9807,3.6115,0.074594,0.00037656,193.31,9.2164,-1.0031,12.007,13.13,0,0.33,0.28658,-0.068211
2579.7,-2927.6,29.024,-2.7838,3.6264,0.047208,0.00030329,151.48,7.3589,-1.4409,9.8244,10.472,0,0.33,0.28656,-0.072219
3968.1,-4515.3,28.842,-1.8544,5.0603,0.066692,0.00035598,182.85,-0.98256,-7.9132,20.206,16.087,0,0.33,0.25468,-0.080324
4642.8,-5242.4,28.645,-2.0724,5.1829,0.10853,0.00046026,230.58,1.0638,-8.5854,26.753,19.718,0,0.33,0.25468,-0.076334
3341.9,-3822.3,28.947,-2.0864,4.7047,0.048107,0.00030626,153.62,1.1395,-6.0911,15.304,14.264,0,0.33,0.26265,-0.080353
3882.7,-4401.2,28.78,-2.2989,4.7908,0.079079,0.00039776,194.83,3.1815,-6.0742,19.983,16.564,0,0.33,0.26265,-0.076364
4516.6,-5064.9,28.586,-2.5289,4.8655,0.1255,0.00050381,244.84,5.3218,-6.0975,25.692,19.74,0,0.33,0.26264,-0.072374
5449.9,-6073.9,28.413,-2.3127,5.2949,0.16977,0.00057893,287.58,3.2186,-9.7684,34.704,24.625,0,0.33,0.25467,-0.072337
3318.8,-3755.1,28.906,-2.4547,4.3944,0.059758,0.00035124,166.48,4.568,-2.7811,15.521,13.306,0,0.33,0.27059,-0.076358
2901.9,-3300.6,29.051,-2.2515,4.3397,0.035742,0.00026859,129.99,2.5864,-2.9829,12.092,11.45,0,0.33,0.27061,-0.080357
2807.7,-3171.9,29.023,-2.5512,3.9994,0.04305,0.00029611,141.63,5.3298,-1.0867,11.449,10.54,0,0.33,0.27858,-0.076286
2071.9,-2351.6,29.238,-2.4152,3.6178,0.017804,0.00018976,91.914,3.7745,-1.0191,6.0223,7.1346,0,0.33,0.28663,-0.080338
2492.7,-2821.6,29.147,-2.3586,3.9696,0.025685,0.00022748,110.06,3.4394,-1.2184,8.9945,8.7557,0,0.33,0.27864,-0.080337
2317.7,-2623.3,29.136,-2.5947,3.6279,0.02885,0.00023834,117.85,5.5461,-1.2521,7.6873,8.5672,0,0.33,0.28657,-0.076274
2245.4,-2590.6,29.067,-2.9455,3.2465,0.046746,0.00029155,155.93,8.6476,-1.4898,6.5291,11.321,0,0.33,0.29458,-0.068369
1778.7,-2076.3,29.221,-2.8867,2.9222,0.027839,0.00022435,120.69,7.7882,-1.6292,2.708,9.6582,0,0.33,0.30253,-0.0684
2063,-2367.2,29.16,-2.7673,3.2746,0.029947,0.00023811,122.39,6.9672,-1.8947,5.5457,9.135,0,0.33,0.29458,-0.072358
1632.4,-1901.9,29.291,-2.7275,2.9605,0.018676,0.00019148,95.411,6.2689,-1.974,2.3228,8.2738,0,0.33,0.30253,-0.072394
1480.8,-1728.2,29.36,-2.5737,2.9868,0.012985,0.00017003,75.539,4.7678,-1.6897,2.2674,7.1868,0,0.33,0.30254,-0.076385
1178.7,-1399,29.472,-2.5304,2.7188,0.0095689,0.00016681,57.631,4.0077,-1.1718,0.76552,6.6182,0,0.33,0.31049,-0.07639
1304.3,-1537.8,29.417,-2.6663,2.6834,0.012114,0.00016837,71.401,5.3702,-1.4006,0.5762,7.0948,0,0.33,0.31047,-0.072389
898.25,-1083.2,29.627,-2.3485,2.5074,0.0072348,0.00020612,35.773,1.8727,1.2547,0.78446,5.1885,0,0.33,0.31859,-0.080402
1058.1,-1270.2,29.528,-2.4001,2.7432,0.0082181,0.00017578,47.325,2.6608,-0.74766,1.2485,6.2483,0,0.33,0.31052,-0.080385
990.69,-1179.6,29.578,-2.4639,2.4755,0.0078329,0.00018578,42.871,3.0907,0.73969,0.29773,5.1687,0,0.33,0.31851,-0.076381
1329.5,-1561.3,29.428,-2.4272,3.0019,0.0098948,0.00016296,60.807,3.2896,-0.93028,2.2908,6.4572,0,0.33,0.30255,-0.080375
1090.8,-1286.8,29.53,-2.5838,2.4336,0.0088432,0.00017232,51.893,4.3246,0.15436,0.32434,5.0095,0,0.33,0.31846,-0.072323
1866.4,-2139.7,29.248,-2.5956,3.2904,0.019048,0.00019475,95.689,5.313,-1.5182,4.6408,7.61,0,0.33,0.29458,-0.076363
1672.9,-1926.2,29.332,-2.4327,3.2951,0.012808,0.00016776,75.566,3.6884,-0.77289,3.8309,6.5676,0,0.33,0.2946,-0.080366
3402.3,-3891.1,29.009,-1.6566,4.9312,0.040126,0.0002724,143.83,-2.9208,-7.4208,15.164,13.524,0,0.33,0.25468,-0.084315
2879.7,-3321.5,29.093,-1.8907,4.6103,0.028986,0.00023552,120.45,-0.80145,-5.9787,11.689,12.658,0,0.33,0.26265,-0.084341
2496.2,-2901.3,29.22,-1.7116,4.5099,0.018219,0.00018962,94.645,-2.6381,-5.8995,9.1703,11.485,0,0.33,0.26265,-0.08833
2926.2,-3361.5,29.152,-1.4777,4.7985,0.024443,0.00021295,112.55,-4.7488,-6.9443,11.565,11.742,0,0.33,0.25469,-0.08831
2524.9,-2892.3,29.18,-2.0623,4.2761,0.02146,0.00020754,101.37,0.68981,-2.8699,9.3753,10.164,0,0.33,0.2706,-0.084348
2200.1,-2536.7,29.294,-1.8882,4.2056,0.014023,0.00017336,80.102,-1.1154,-2.7018,7.4003,9.1569,0,0.33,0.27059,-0.088337
1728.7,-1973.3,29.45,-1.8524,3.8334,0.0091443,0.00016278,56.34,-1.794,-0.45872,4.6203,5.4886,0,0.33,0.27855,-0.092388
1938.5,-2250,29.398,-1.7272,4.1289,0.010528,0.00016283,64.605,-2.8383,-2.8678,6.3759,8.2727,0,0.33,0.27059,-0.092333
1939.8,-2210.3,29.358,-2.0092,3.8858,0.011242,0.00016253,68.878,-0.11938,-0.63303,5.4643,6.4361,0,0.33,0.27858,-0.088353
1366.4,-1568.4,29.57,-1.7942,3.4943,0.0075762,0.00018615,41.021,-2.702,0.77825,2.6264,3.9288,0,0.33,0.28653,-0.096609
1559.4,-1783.9,29.538,-1.7044,3.7741,0.0080863,0.00017452,46.614,-3.4035,-0.60651,4.5297,4.5665,0,0.33,0.27855,-0.096487
1495.6,-1713,29.495,-1.9363,3.5366,0.0082563,0.00016902,49.153,-1.1706,0.42775,2.7186,4.5884,0,0.33,0.28656,-0.092487
1655.1,-1890.9,29.417,-2.0865,3.5715,0.0094521,0.00015966,59.325,0.42114,-0.065785,3.4358,5.2457,0,0.33,0.28661,-0.088394
1724.2,-2016,29.497,-1.5764,4.0466,0.0088242,0.0001676,52.878,-4.4867,-3.2287,6.1339,7.5558,0,0.33,0.2706,-0.096362
2200.7,-2501.9,29.258,-2.1774,3.9311,0.015918,0.00018192,86.084,1.6204,-1.0763,7.0421,7.447,0,0.33,0.27862,-0.08435
1849.4,-2108.1,29.332,-2.2456,3.5986,0.012035,0.00016394,72.871,2.0647,-0.65451,4.6411,6.0406,0,0.33,0.28664,-0.08436
939.34,-1141.6,29.585,-2.277,2.7593,0.0074934,0.00019249,39.529,1.3429,-0.095509,1.5516,6.058,0,0.33,0.31052,-0.084378
829.32,-1021.8,29.641,-2.1617,2.7679,0.0070524,0.00021465,33.41,0.055368,0.39095,1.5331,5.9654,0,0.33,0.31051,-0.08838
1186,-1403.5,29.494,-2.2897,3.0078,0.0084044,0.00016899,50.153,1.8471,-0.014964,2.1362,6.0134,0,0.33,0.30255,-0.084364
1061.1,-1267.8,29.558,-2.1609,3.0049,0.0076502,0.00018367,42.115,0.44302,0.55178,1.8179,5.7273,0,0.33,0.30255,-0.088356
806.39,-984.17,29.678,-2.2396,2.5327,0.0068466,0.0002255,30.141,0.68014,1.9884,1.2287,5.2528,0,0.33,0.31858,-0.084395
719.69,-888.9,29.728,-2.1374,2.552,0.0065695,0.00022568,25.578,-0.49161,2.6901,1.3583,5.3775,0,0.33,0.31852,-0.0884
1351.6,-1573.6,29.483,-2.1353,3.2763,0.0083808,0.00016653,50.645,0.58587,0.60107,2.2129,5.3437,0,0.33,0.2946,-0.088359
1232.5,-1446.1,29.552,-1.9982,3.2537,0.0076592,0.0001819,42.448,-0.89615,0.94501,1.6973,5.0396,0,0.33,0.29459,-0.092387
962.44,-1163.6,29.619,-2.0387,2.9933,0.0071826,0.00020409,35.627,-0.92224,0.59564,1.6047,5.5544,0,0.33,0.30255,-0.092351
1138.4,-1343.6,29.617,-1.8674,3.2232,0.0071821,0.00020289,35.708,-2.3212,1.1759,1.6206,4.8254,0,0.33,0.29457,-0.096433
888.33,-1084.6,29.678,-1.9216,2.9735,0.0068361,0.00022802,30.185,-2.2379,0.32061,1.6869,5.4837,0,0.33,0.30255,-0.096351
1499,-1735.1,29.41,-2.2795,3.2902,0.009759,0.00015981,61.132,2.1118,0.0070154,3.0099,5.8321,0,0.33,0.29461,-0.084359
653.88,-749.85,29.739,-2.2977,1.7764,0.0062035,0.00018115,18.669,0.71578,4.8554,3.4565,-1.2987,0,0.33,0.34248,-0.072381
787.77,-907.58,29.689,-2.392,1.9789,0.0066532,0.00022757,26.561,1.9598,3.5901,2.4603,-0.18889,0,0.33,0.33452,-0.07232
705.64,-798.95,29.69,-2.3791,1.7302,0.0063555,0.00020744,21.296,1.5779,4.3053,4.4577,-1.6904,0,0.33,0.34246,-0.068311
856.97,-971.98,29.64,-2.487,1.9298,0.0069403,0.00022771,30.773,2.9417,2.7964,3.7064,-0.97406,0,0.33,0.33449,-0.068224
563.76,-657.26,29.737,-2.2756,1.5441,0.0060123,0.0001269,14.777,0.23264,5.1237,4.4715,-0.64183,0,0.33,0.35044,-0.068421
529.11,-619.56,29.783,-2.2057,1.5871,0.0059288,0.0001043,13.077,-0.52961,5.5874,3.7261,-0.63224,0,0.33,0.35046,-0.072449
859.93,-1014.2,29.668,-2.3829,2.2416,0.0069518,0.00022548,31.526,2.0649,2.9803,0.79093,2.8461,0,0.33,0.32657,-0.076359
936.36,-1091.6,29.622,-2.489,2.1987,0.0073902,0.00020235,37.327,3.1763,2.0535,1.1774,2.2319,0,0.33,0.32651,-0.072241
725.23,-847.21,29.735,-2.2998,2.0199,0.0064242,0.00021643,22.867,0.97028,4.5065,1.8367,0.51929,0,0.33,0.33456,-0.076407
793.14,-946.29,29.713,-2.2809,2.2763,0.0066381,0.0002301,26.729,0.9692,3.7907,1.0125,3.2137,0,0.33,0.32662,-0.080409
672.92,-794.75,29.78,-2.2111,2.0539,0.006243,0.00018891,19.691,-0.007813,5.349,1.7001,1.0393,0,0.33,0.33458,-0.080423
603.18,-699.47,29.784,-2.2188,1.8156,0.006076,0.00014449,16.293,-0.15682,5.6194,2.7975,-0.85045,0,0.33,0.34251,-0.076428
455.64,-539.49,29.868,-2.0726,1.6565,0.0058002,7.248e-05,10.119,-2.0764,7.0333,2.885,-0.38334,0,0.33,0.35047,-0.080456
558.35,-653.51,29.828,-2.1426,1.8486,0.005972,0.00011513,14.177,-1.026,6.3963,2.4188,-0.44248,0,0.33,0.34251,-0.080429
491.82,-578.16,29.826,-2.1381,1.6247,0.0058585,8.655e-05,11.521,-1.3019,6.3048,3.2303,-0.55234,0,0.33,0.35047,-0.076462
424.29,-531.17,29.795,-2.1794,1.3749,0.0058145,7.6627e-05,10.292,-1.0688,4.6487,4.042,1.5296,0,0.33,0.35846,-0.068398
317.57,-432.15,29.867,-2.0905,1.2323,0.0057011,5.4377e-05,7.244,-2.3036,3.3088,3.6778,3.4683,0,0.33,0.36652,-0.068206
401.21,-501.83,29.835,-2.1184,1.4146,0.0057682,6.6266e-05,9.1783,-1.7488,4.9425,3.4691,1.3903,0,0.33,0.35851,-0.072452
300.81,-409.94,29.903,-2.0363,1.2707,0.0056745,5.081e-05,6.5118,-2.9112,3.1563,3.1695,3.3973,0,0.33,0.36655,-0.072292
275.85,-376.04,29.938,-1.9844,1.3072,0.0056514,4.922e-05,5.8255,-3.5247,3.7356,3.1708,3.3036,0,0.33,0.36653,-0.076503
238.91,-335.85,30.013,-1.9044,1.1946,0.0056037,4.7423e-05,4.3333,-4.5448,2.802,3.0612,4.0441,0,0.33,0.37449,-0.076429
259.52,-364.05,29.981,-1.9515,1.1555,0.0056185,4.6485e-05,4.7995,-3.9948,2.3296,3.0202,4.021,0,0.33,0.37453,-0.072179
216.61,-304.26,30.046,-1.8618,1.2308,0.0055903,4.9126e-05,3.8938,-5.0916,3.4104,3.572,3.9723,0,0.33,0.37446,-0.08057
247.99,-341.11,29.974,-1.9361,1.3393,0.0056314,4.905e-05,5.1968,-4.1367,4.2515,3.4845,3.2391,0,0.33,0.36651,-0.080594
373.26,-465.98,29.874,-2.0597,1.4506,0.005729,5.8709e-05,8.1544,-2.4352,5.6199,3.2551,1.2618,0,0.33,0.35852,-0.076537
342.9,-431.11,29.914,-2.0034,1.4814,0.0056959,5.3324e-05,7.2238,-3.1235,6.2463,3.2138,1.2491,0,0.33,0.35852,-0.080559
625.26,-744.71,29.824,-2.1265,2.0816,0.0061017,0.00014747,17.006,-0.9717,6.3251,1.726,1.3836,0,0.33,0.33458,-0.084418
585.98,-702.25,29.868,-2.0454,2.1032,0.0059916,0.00011598,14.733,-1.9271,7.2235,1.7877,1.5903,0,0.33,0.33456,-0.088432
729.32,-878.22,29.76,-2.1844,2.3051,0.0064048,0.00021218,22.787,-0.10472,4.809,1.3538,3.482,0,0.33,0.32661,-0.084415
671.27,-814.23,29.807,-2.0929,2.3284,0.0062261,0.00017911,19.501,-1.1647,5.8646,1.5425,3.7227,0,0.33,0.32657,-0.088444
464.62,-555.83,29.952,-1.9307,1.911,0.0057739,6.3607e-05,9.5301,-3.5973,7.853,1.8582,-0.0068259,0,0.33,0.34252,-0.092433
556.71,-669.75,29.912,-1.9663,2.1194,0.0059043,9.1583e-05,12.782,-2.8769,7.9345,1.8757,1.7241,0,0.33,0.33454,-0.092514
482.89,-574.34,29.912,-2,1.8959,0.0058248,7.6275e-05,10.821,-2.7468,7.7747,1.9397,-0.011219,0,0.33,0.34252,-0.088416
375.83,-458.26,30.019,-1.828,1.7287,0.0056636,4.5954e-05,6.3706,-5.1119,7.3361,1.5208,0.0086517,0,0.33,0.3505,-0.096441
451.76,-540.62,29.992,-1.861,1.9215,0.0057327,5.4396e-05,8.4144,-4.4325,7.9383,1.8369,-0.074969,0,0.33,0.3425,-0.096472
378.79,-460.73,29.984,-1.8901,1.7177,0.0056873,4.9649e-05,7.0711,-4.3695,7.8752,1.7603,0.041694,0,0.33,0.35051,-0.092449
390.09,-470.82,29.947,-1.95,1.7025,0.0057163,5.4906e-05,7.8945,-3.6143,8.2189,2.0666,0.0095576,0,0.33,0.3505,-0.088453
530.7,-638.94,29.957,-1.8891,2.1307,0.0058336,7.3184e-05,11.079,-3.8094,8.6515,2.0094,1.8153,0,0.33,0.3345,-0.096639
515.25,-608.35,29.87,-2.0699,1.8753,0.0058893,9.2894e-05,12.353,-1.8894,7.2555,2.1274,-0.14175,0,0.33,0.34252,-0.08442
417.89,-499.68,29.908,-2.0099,1.6823,0.0057532,6.2129e-05,8.9009,-2.849,7.8445,2.4729,-0.14855,0,0.33,0.35048,-0.084451
191.47,-271.87,30.081,-1.8242,1.2632,0.0055783,5.1544e-05,3.4945,-5.6321,3.6734,3.9301,3.9699,0,0.33,0.37447,-0.084573
167.45,-244.28,30.116,-1.7903,1.2917,0.0055681,5.4228e-05,3.1617,-6.1707,2.9962,3.5926,4.0254,0,0.33,0.37448,-0.088522
217.47,-306.8,30.011,-1.8918,1.3662,0.0056142,5.014e-05,4.6448,-4.7461,4.4804,3.5891,3.3602,0,0.33,0.36651,-0.0846
193.25,-281.78,30.047,-1.85,1.388,0.0056002,5.1647e-05,4.2008,-5.3522,3.9013,3.2696,3.5664,0,0.33,0.36652,-0.088588
286.16,-371.78,29.989,-1.8992,1.5258,0.0056468,4.8513e-05,5.7605,-4.4908,6.8514,2.5996,1.6724,0,0.33,0.35855,-0.08856
279.64,-367.79,30.024,-1.8472,1.5407,0.0056297,4.7097e-05,5.2471,-5.1643,5.9516,2.2342,1.806,0,0.33,0.35855,-0.092552
181.82,-271.86,30.081,-1.8059,1.4054,0.0055891,5.2607e-05,3.8642,-5.9581,2.142,2.7226,3.6542,0,0.33,0.36652,-0.092574
283.65,-374.11,30.058,-1.7909,1.5518,0.0056155,4.581e-05,4.8205,-5.8302,4.7548,1.9812,1.8287,0,0.33,0.35854,-0.096531
180.32,-270.64,30.113,-1.7553,1.4186,0.00558,5.2883e-05,3.5963,-6.5615,-0.11526,2.2654,3.5005,0,0.33,0.36652,-0.096577
309.83,-395.69,29.952,-1.95,1.5063,0.0056686,5.0207e-05,6.4141,-3.8103,6.8308,2.9909,1.4371,0,0.33,0.35853,-0.084557
1894,20914,-1.6806,0.47185,-7.6616,21.416,0.01953,954.85,-121.21,-442.97,-40.835,-44.313,0,0.33,0.023575,-0.10383
2352.1,13266,-1.0982,0.27612,-10.661,19.343,0.015286,1230.4,-117.67,-438.56,-43.315,-91.589,0,0.33,0.015701,-0.10378
2134.7,21253,-1.6101,0.21306,-7.9051,21.346,0.01964,940.84,-122.85,-441.46,-45.791,-47.536,0,0.33,0.023573,-0.099836
2554.9,13641,-1.0142,0.10385,-10.903,19.36,0.015457,1212.7,-119.21,-437.16,-46.386,-91.487,0,0.33,0.015701,-0.09979
-299.85,27477,-1.9342,0.061577,-5.1782,22.061,0.02315,821.23,-127.66,-442.72,-45.974,-14.055,0,0.33,0.031447,-0.095885
-1604.3,27532,-2.0042,0.39562,-4.9578,22.224,0.023039,832.47,-126.55,-446.04,-38.442,-9.5619,0,0.33,0.031449,-0.099874
2530.5,21332,-1.5152,-0.040698,-8.1136,21.244,0.019682,930.18,-123.92,-439.32,-50.726,-49.9,0,0.33,0.023575,-0.095843
-2033.6,27233,-2.0422,0.73458,-4.7087,22.348,0.022837,847.13,-124.89,-448.09,-31.33,-4.3659,0,0.33,0.031456,-0.10386
2974.6,13857,-0.91243,-0.064632,-11.108,19.353,0.015568,1199.4,-120.17,-435.68,-49.314,-90.589,0,0.33,0.015701,-0.095799
-58631,-14330,-0.12866,0.18632,-13.604,14.877,0.0065587,2686.6,-113.02,638.91,-34.206,-1981,0,0.33,0.0078468,-0.10772
-50048,-13390,-0.075997,0.093788,-13.878,14.973,0.0067109,2681.1,-114.94,657.39,-35.393,-1977.4,0,0.33,0.0078467,-0.10373
2383.4,12667,-1.1638,0.45263,-10.383,19.295,0.015044,1253.3,-115.56,-439.75,-40.185,-90.933,0,0.33,0.015701,-0.10777
-67211,-15540,-0.16883,0.28163,-13.292,14.763,0.0063774,2694.5,-110.51,617.3,-32.914,-1982.1,0,0.33,0.0078473,-0.11172
-1.3756e+05,-39094,0.55359,0.089167,-15.021,11.78,0.00086762,3895.6,-109.44,1679.5,-28.399,-3839,0,0.33,0,-0.11166
-1.1989e+05,-37484,0.58185,0.035093,-15.332,11.878,0.00087181,3913,-111.83,1721.3,-28.369,-3837.4,0,0.33,0,-0.10767
2664.4,11806,-1.211,0.63397,-10.065,19.209,0.014734,1281.4,-112.88,-440.62,-36.909,-89.548,0,0.33,0.015704,-0.11177
-1.0255e+05,-36182,0.61865,-0.017688,-15.601,11.974,0.00087704,3929.1,-113.63,1756.8,-28.291,-3831.6,0,0.33,0,-0.10368
1802.5,20253,-1.7274,0.73574,-7.3817,21.447,0.019339,972.67,-119,-443.72,-36.05,-40.372,0,0.33,0.02358,-0.10782
176.6,25393,-2.0291,1.4257,-4.1151,22.425,0.022146,888.03,-119.83,-447.53,-18.508,7.7017,0,0.33,0.031477,-0.1119
1853.6,19241,-1.7505,1.0049,-7.063,21.429,0.019067,994.76,-116.23,-443.48,-31.274,-35.833,0,0.33,0.02359,-0.11184
-1194.6,26523,-2.0501,1.0781,-4.4287,22.42,0.022535,865.52,-122.64,-448.66,-24.769,1.4173,0,0.33,0.031465,-0.10785
-18915,31391,-2.0797,0.63373,-2.1937,22.414,0.026851,786.83,-129.02,-436.13,-26.069,40.755,0,0.33,0.039345,-0.0999
-23070,33266,-1.7441,0.94456,0.33962,22.3,0.028068,794.31,-129.87,-418.25,-8.9937,102.64,0,0.33,0.047263,-0.099983
-13330,31037,-2.0718,1.0404,-1.9335,22.546,0.026389,804.52,-127.32,-437.85,-17.325,47.527,0,0.33,0.039348,-0.10389
-12228,32716,-1.6747,1.4046,0.61072,22.401,0.027383,816.97,-128.09,-417.73,1.1121,111.57,0,0.33,0.04726,-0.104
-18684,31404,-2.0499,0.22837,-2.4346,22.234,0.027144,772.99,-130.18,-433,-35.72,34.388,0,0.33,0.039342,-0.095896
-32000,33534,-1.7711,0.47947,0.078386,22.144,0.028555,775.75,-131.09,-417.12,-20.102,94.22,0,0.33,0.047266,-0.095913
-4623.9,31964,-1.5671,1.8602,0.89333,22.429,0.026544,843.98,-125.76,-415.77,10.746,121.33,0,0.33,0.047252,-0.10798
-4290.5,31117,-0.53887,2.2773,3.1474,22.575,0.02465,918.46,-124.65,-374.87,39.966,203.46,0,0.33,0.055162,-0.10808
-4579.2,32099,-0.73977,1.7943,2.8818,22.526,0.025543,884.18,-126.96,-381.48,27.019,190.1,0,0.33,0.055165,-0.10407
-6713.9,25982,1.5921,3.0994,5.1492,24.119,0.022222,1087.3,-119.09,-293.35,101.22,313.25,0,0.33,0.063057,-0.11213
-4204.6,29881,-0.2863,2.7493,3.4101,22.578,0.023626,958.63,-121.83,-365.85,54.289,218.74,0,0.33,0.055161,-0.11208
-6892.6,27298,1.1911,2.6325,4.9514,23.899,0.023067,1038.1,-121.75,-307.84,80.834,294.2,0,0.33,0.06306,-0.10812
-2133.1,30927,-1.4192,2.3141,1.1907,22.367,0.025544,876.1,-122.87,-411.8,20.551,132.28,0,0.33,0.047252,-0.11202
-6797.1,28322,0.86006,2.1462,4.7312,23.7,0.023857,995.42,-123.95,-319.3,62.568,277.08,0,0.33,0.063064,-0.10408
-5152.5,30386,-2.0293,1.4487,-1.6508,22.611,0.025804,826.28,-125.03,-438.2,-9.3054,54.865,0,0.33,0.03935,-0.10789
-1336.5,29349,-1.9527,1.8606,-1.3416,22.587,0.025098,852.59,-122.18,-436.59,-1.7302,62.795,0,0.33,0.039359,-0.11195
3200.9,10675,-1.2387,0.81987,-9.7074,19.075,0.014358,1315.3,-109.63,-441.03,-33.487,-87.539,0,0.33,0.015709,-0.11579
3955.3,9337.2,-1.2459,1.0092,-9.3132,18.881,0.013919,1355.7,-105.81,-441.03,-30.137,-85.014,0,0.33,0.015715,-0.11983
-76073,-17000,-0.19547,0.37999,-12.937,14.625,0.0061657,2705.9,-107.42,594.2,-31.595,-1983.5,0,0.33,0.0078496,-0.11572
-85300,-18732,-0.20786,0.48092,-12.541,14.456,0.0059211,2722.2,-103.73,570.31,-30.378,-1986.9,0,0.33,0.0078466,-0.11975
-1.5614e+05,-40933,0.53482,0.14473,-14.668,11.677,0.00086294,3878.7,-106.45,1634.2,-28.564,-3842.1,0,0.33,0,-0.11566
-1.7582e+05,-43049,0.52319,0.20161,-14.267,11.567,0.00085682,3864.4,-102.87,1586.6,-28.872,-3850.1,0,0.33,0,-0.1197
2692.8,15095,-1.6792,1.8232,-5.9067,20.933,0.017833,1091.8,-104.62,-439,-17.782,-20.085,0,0.33,0.023612,-0.12396
4892,7870.3,-1.2329,1.2021,-8.8847,18.616,0.013429,1402.5,-101.47,-440.72,-26.912,-81.932,0,0.33,0.015711,-0.12387
2321.1,16534,-1.7253,1.5496,-6.3214,21.19,0.018308,1053.9,-108.98,-440.85,-22.11,-25.643,0,0.33,0.023614,-0.11994
1960.4,19522,-1.6834,2.7928,-2.6081,21.393,0.019863,1024.3,-103.42,-433.7,3.611,37.651,0,0.33,0.031499,-0.12806
1724,20958,-1.8057,2.455,-3.0168,21.848,0.020543,982.66,-108.18,-438.11,-1.8035,29.029,0,0.33,0.031505,-0.12405
1453.4,22460,-1.9043,2.1161,-3.4043,22.159,0.021141,946.35,-112.54,-441.89,-7.102,21.381,0,0.33,0.031507,-0.12004
2035,17949,-1.7495,1.2769,-6.7079,21.349,0.018722,1021.6,-112.88,-442.38,-26.569,-30.881,0,0.33,0.023605,-0.1159
1059.8,23976,-1.9794,1.773,-3.7714,22.345,0.021679,914.91,-116.45,-445.08,-12.585,14.353,0,0.33,0.031497,-0.116
-4018.5,28431,0.026899,3.2094,3.6684,22.546,0.022489,1005.9,-118.49,-354.15,71.1,236.81,0,0.33,0.055164,-0.11611
-3611.1,26767,0.40938,3.6535,3.9142,22.499,0.021274,1061.1,-114.73,-339.16,91.052,258.15,0,0.33,0.055165,-0.12013
-1815.7,29573,-1.2281,2.7629,1.5007,22.205,0.024345,913.86,-119.44,-405.46,31.236,144.93,0,0.33,0.047269,-0.11613
-1618.2,28014,-0.9933,3.2,1.8147,21.941,0.022974,957.53,-115.56,-396.73,43.389,159.93,0,0.33,0.047278,-0.12019
-6082.7,24388,2.0747,3.5442,5.321,24.38,0.021341,1144.1,-115.98,-275.62,124.92,334.7,0,0.33,0.063057,-0.11613
-4826.3,22534,2.6522,3.9623,5.4597,24.706,0.020453,1209.2,-112.49,-254.37,152.55,358.7,0,0.33,0.063056,-0.12012
131.92,26348,-1.7031,2.6702,-0.66325,22.195,0.023227,918.95,-114.89,-427.85,13.008,80.858,0,0.33,0.039392,-0.12013
354.12,24819,-1.5338,3.0602,-0.30577,21.799,0.022112,959.34,-110.57,-421.76,20.895,92.169,0,0.33,0.039391,-0.12414
-1366.4,26362,-0.70946,3.6234,2.1269,21.589,0.021483,1008,-111.28,-385.44,57.829,178.01,0,0.33,0.047277,-0.1242
522.85,23445,-1.3306,3.4452,0.063545,21.261,0.020885,1005.7,-105.83,-414.58,30.088,106.12,0,0.33,0.039387,-0.12814
-930.51,24674,-0.36407,4.0343,2.4341,21.177,0.019913,1067.2,-106.62,-371.17,75.999,200.12,0,0.33,0.047274,-0.12821
-267.65,27932,-1.8427,2.2702,-1.0095,22.454,0.024234,883.51,-118.78,-432.93,5.6248,71.322,0,0.33,0.039381,-0.11608
-2513.5,7877.6,11.058,1.8556,6.4002,31.736,0.024789,1280.6,-103.35,-51.206,175.61,425.79,0,0.33,0.09486,-0.096168
-3867.2,8474.9,11.793,2.1944,6.4556,31.871,0.024263,1313.9,-102.85,-39.271,198.84,439.01,0,0.33,0.094865,-0.1002
-5192.9,10409,7.9307,1.7863,6.574,30.731,0.024912,1233.6,-109.57,-103.99,142.17,407.3,0,0.33,0.086913,-0.096038
-6743.6,10709,8.5473,2.1913,6.6788,31.097,0.024426,1273.2,-108.88,-91.369,165.86,422.77,0,0.33,0.086897,-0.10019
-9038.8,15667,5.4663,2.1054,6.517,28.714,0.024051,1193.6,-115.1,-163.92,126.2,391.96,0,0.33,0.07889,-0.10003
-7645.2,15740,4.9894,1.6468,6.3553,28.312,0.024556,1152.8,-116.02,-175.96,104.02,375.55,0,0.33,0.078886,-0.095948
-8046.6,10792,9.2591,2.5694,6.7346,31.452,0.023918,1315.2,-107.78,-77.559,190.67,437.59,0,0.33,0.086902,-0.10436
-10203,15345,6.0301,2.5421,6.6353,29.163,0.023535,1238.9,-113.75,-149.92,150.01,408.62,0,0.33,0.078896,-0.1041
-4956.6,8906.9,12.617,2.5073,6.4624,31.907,0.023683,1347.6,-102.03,-26.76,222.99,451.58,0,0.33,0.094863,-0.10426
-9335.1,21146,3.6421,2.8618,6.1466,26.558,0.022638,1173.4,-117.4,-221.25,128.77,374.82,0,0.33,0.070965,-0.1081
-9226,22004,3.154,2.4023,5.9965,26.154,0.023264,1124.6,-119.4,-236.17,105.43,355.76,0,0.33,0.070973,-0.10405
-10287,14841,6.6824,2.9518,6.7066,29.647,0.023009,1288.2,-112.02,-134.14,176.14,425.82,0,0.33,0.078892,-0.10814
-8685.2,20018,4.218,3.295,6.2577,27.018,0.021999,1228.1,-114.99,-203.42,154.3,394.98,0,0.33,0.070957,-0.11215
-8843,14166,7.4307,3.3295,6.7286,30.15,0.022476,1341.2,-109.91,-116.35,204.41,443.54,0,0.33,0.078884,-0.1122
-8318,10709,10.063,2.9176,6.7384,31.763,0.023379,1358.9,-106.32,-62.834,217.17,451.54,0,0.33,0.086905,-0.10846
-9292.8,9230,14.543,3.0419,6.3234,31.478,0.022305,1411.4,-99.343,-1.0924,273.01,471.24,0,0.33,0.094848,-0.1125
-7222.1,10472,10.961,3.2309,6.6891,31.994,0.022803,1403.4,-104.53,-47.209,244.93,464.53,0,0.33,0.086904,-0.11251
-7325.6,9166.2,13.534,2.7911,6.4187,31.795,0.023035,1380.5,-100.86,-13.938,248.05,462.65,0,0.33,0.094857,-0.10836
-1667.4,7480.4,14.307,1.8771,6.0111,30.624,0.023643,1295.5,-97.461,-19.125,201.56,439.8,0,0.33,0.10279,-0.096227
-5277.3,8110.7,15.128,2.1557,6.0275,30.344,0.02302,1318.1,-97.098,-8.2064,222.74,447.78,0,0.33,0.10279,-0.10022
-9847.7,8687.1,18.523,2.1258,5.5372,26.239,0.020429,1282.2,-91.466,4.9716,232.73,449.28,0,0.33,0.1107,-0.10025
-4621.7,8205.7,17.659,1.898,5.5516,27.009,0.021158,1275.2,-91.74,-4.7806,214.5,448.66,0,0.33,0.1107,-0.096257
-8557.2,8603.2,16.026,2.408,5.999,29.878,0.022311,1338.8,-96.439,2.5059,243.83,454.43,0,0.33,0.10279,-0.10422
-12919,9019.8,19.449,2.3285,5.4837,25.237,0.01959,1284.9,-90.908,13.933,249.31,447.51,0,0.33,0.1107,-0.10424
-12597,9178.5,20.431,2.5061,5.3921,23.981,0.018638,1281.8,-90.071,22.033,264.12,442.76,0,0.33,0.1107,-0.10823
-10809,8836,23.671,2.4355,4.9246,17.089,0.014785,1142.9,-84.492,19.1,240.38,401.45,0,0.33,0.11861,-0.10825
-11246,9018.7,22.762,2.2984,5.0245,18.617,0.015766,1170.5,-85.24,12.672,232.89,417.53,0,0.33,0.11861,-0.10426
-7970.9,6458.3,27.173,2.4836,4.4695,8.8607,0.009802,878.58,-77.807,15.615,187.36,296.84,0,0.33,0.12654,-0.11226
-10307,8440.4,24.598,2.5493,4.7968,15.382,0.013706,1106.3,-83.495,24.377,243.89,381.31,0,0.33,0.11861,-0.11224
-8508.4,7142.6,26.445,2.4077,4.5898,10.268,0.010712,935.42,-78.679,11.145,191.37,325.19,0,0.33,0.12654,-0.10827
-12073,9139.6,21.464,2.6584,5.2632,22.452,0.017568,1271.2,-88.958,29.174,276.53,434.59,0,0.33,0.1107,-0.11222
-8529,7662.2,25.704,2.31,4.691,11.613,0.011553,984.3,-79.329,5.605,191.19,350.47,0,0.33,0.12655,-0.10428
-10686,8947.1,17.003,2.6335,5.9249,29.182,0.021502,1356.2,-95.476,12.896,264.88,459.37,0,0.33,0.10278,-0.10823
-12585,9109.5,18.061,2.8308,5.8045,28.202,0.020578,1368.7,-94.201,22.76,285.01,461.73,0,0.33,0.10278,-0.11229
-6487.8,13309,8.2829,3.6705,6.6986,30.646,0.021932,1397.2,-107.46,-96.739,234.76,461.14,0,0.33,0.078879,-0.11623
-3642.7,12267,9.2464,3.9706,6.614,31.098,0.02137,1455.2,-104.7,-75.652,267.2,477.83,0,0.33,0.078875,-0.12024
-7127,18637,4.8915,3.6972,6.3254,27.536,0.021361,1288.8,-112.18,-182.78,182.84,416.1,0,0.33,0.070953,-0.11616
-4722.4,17029,5.6747,4.0635,6.3447,28.112,0.020733,1355.4,-109.03,-159.47,214.92,438.01,0,0.33,0.070951,-0.12016
-8089.9,8846.1,14.251,3.9308,6.2185,31.666,0.020728,1527.9,-97.388,2.454,332.35,493.6,0,0.33,0.086901,-0.12452
-814.66,11090,10.33,4.2267,6.4721,31.455,0.02078,1513.9,-101.67,-53.619,301.65,492.95,0,0.33,0.078872,-0.12424
-7803.1,9524.7,13.052,3.7395,6.429,32.01,0.021495,1489.6,-100.03,-14.147,302.9,486.32,0,0.33,0.086902,-0.12053
-15491,7708.2,19.389,3.6807,5.4514,27.121,0.018318,1477,-90.565,44.286,360.79,470.73,0,0.33,0.094839,-0.12862
-12545,8072.4,15.556,4.0785,5.9555,30.979,0.019854,1560.1,-94.528,18.365,361.29,497.19,0,0.33,0.086899,-0.12851
-14766,8293.3,18.067,3.5774,5.737,28.775,0.0195,1473.7,-93.094,34.433,341.59,476.81,0,0.33,0.09484,-0.12462
-13133,8758.4,16.816,3.4363,5.98,30.019,0.020549,1460,-95.418,23.363,320.04,478.52,0,0.33,0.094841,-0.12061
-2871.4,9829.4,11.543,4.4357,6.2712,31.644,0.020143,1571.4,-98.408,-31.204,337.75,505.7,0,0.33,0.078868,-0.12824
-6925.1,10078,11.957,3.5058,6.5859,32.096,0.02218,1447.5,-102.42,-30.88,273.64,476.34,0,0.33,0.086903,-0.11653
-10650,9086.2,15.639,3.2576,6.1765,30.903,0.021479,1438.5,-97.513,11.43,297.11,476.62,0,0.33,0.094843,-0.11657
-9804.3,7821.7,25.527,2.6402,4.6435,13.529,0.012543,1059.2,-82.263,28.412,242.73,356.83,0,0.33,0.11862,-0.11623
-9239.2,7003.8,26.442,2.7088,4.4681,11.578,0.011312,1000.4,-80.819,31.094,236.75,328.18,0,0.33,0.11862,-0.12024
-11710,8893.1,22.54,2.7853,5.0984,20.641,0.016378,1251.2,-87.575,35.244,285.71,422.52,0,0.33,0.1107,-0.11624
-11493,8425.5,23.646,2.8867,4.9003,18.556,0.015069,1219.2,-85.938,39.988,290.73,405.6,0,0.33,0.11069,-0.1203
-7288.2,5619.7,27.874,2.5386,4.3321,7.4349,0.0088419,813.44,-76.731,18.824,178.97,265.67,0,0.33,0.12655,-0.11626
-6458.4,4669.8,28.534,2.5746,4.1807,6.0395,0.0078507,740.09,-75.474,20.596,166.66,232.28,0,0.33,0.12656,-0.12028
-13013,8780.4,20.384,3.1342,5.4307,25.228,0.018343,1370.7,-90.76,39.53,317.84,453.74,0,0.33,0.10276,-0.12052
-13254,8295,21.62,3.2394,5.1842,23.202,0.017028,1355.4,-88.67,45.745,328.96,441.46,0,0.33,0.10276,-0.12461
-11249,7723.5,24.761,2.9626,4.6735,16.237,0.013656,1173.1,-84.067,43.071,290.36,382.68,0,0.33,0.11068,-0.1244
-13348,7614.8,22.882,3.3139,4.9054,20.841,0.015594,1326,-86.388,50.28,335.36,423.13,0,0.33,0.10275,-0.12865
-10801,6794.9,25.857,3.0136,4.4248,13.766,0.012169,1110.8,-81.997,44.253,283.4,353.28,0,0.33,0.11067,-0.12855
-12797,9056.4,19.192,2.9981,5.6389,26.894,0.019526,1374.3,-92.62,31.77,302.95,460.24,0,0.33,0.10277,-0.11638
134.34,-382.34,29.936,2.0101,4.6516,0.61272,0.0016329,368.12,-56.849,-20.872,65.905,36.455,0,0.33,0.15855,-0.096184
15.556,-280.53,30.157,2.0491,4.5555,0.44623,0.0015085,282.39,-56.985,-12.185,42.611,38.418,0,0.33,0.15855,-0.10017
-814.3,1060.5,29.605,2.1245,4.6087,1.4469,0.0030668,449.59,-61.926,-18.445,64.927,101.03,0,0.33,0.15055,-0.09622
-760.35,913.52,29.857,2.1705,4.5182,1.2311,0.0029645,392.01,-62.02,-10.873,55.421,91.908,0,0.33,0.15055,-0.10021
-2294.2,2989.4,29.027,2.2326,4.5191,3.1256,0.0051964,573.26,-67.608,-9.7509,87.955,175.92,0,0.33,0.14259,-0.10022
-2628.8,3353.4,28.66,2.165,4.6006,3.5614,0.0054389,626.41,-67.593,-16.782,91.108,194.29,0,0.33,0.1426,-0.096229
-666.08,654.69,30.075,2.1937,4.4196,1.0261,0.0028057,343.34,-61.933,-5.0767,48.731,79.714,0,0.33,0.15055,-0.1042
-2072.3,2540.6,29.374,2.2788,4.4266,2.6705,0.0048778,519.84,-67.413,-3.9287,83.656,155.52,0,0.33,0.14259,-0.10421
75.132,-370.82,30.313,2.0603,4.4523,0.35432,0.0014333,232.09,-56.969,-5.9784,31.148,34.135,0,0.33,0.15855,-0.10416
-5517.9,4512.1,28.477,2.3785,4.4004,5.165,0.0071771,690.98,-72.783,4.3236,130.43,226.96,0,0.33,0.13455,-0.10828
-5113,5144.9,27.958,2.3193,4.5014,6.0452,0.0077799,748.94,-73.306,-0.78247,134.92,253.95,0,0.33,0.13455,-0.10429
-2383.1,2039.6,29.695,2.3059,4.3241,2.2147,0.0044975,465.71,-67.03,0.95492,77.745,134.21,0,0.33,0.14259,-0.1082
-5287.8,3794.2,28.968,2.4183,4.2861,4.2887,0.0065225,628.52,-72.062,8.3563,122.98,198.5,0,0.33,0.13455,-0.11227
-2518.9,1515.4,29.986,2.3157,4.212,1.7773,0.0040712,411.04,-66.471,4.6481,70.668,112.78,0,0.33,0.14258,-0.11222
-628.17,364.57,30.263,2.1989,4.3139,0.82966,0.0025937,299.06,-61.685,-0.50227,42.822,66.76,0,0.33,0.15055,-0.10819
375.54,-625.06,30.531,2.0354,4.2294,0.21546,0.001206,166.27,-56.56,0.76152,20.8,22.386,0,0.33,0.15855,-0.11214
-554.93,82.669,30.425,2.1893,4.2021,0.6478,0.0023415,257.66,-61.296,2.8107,37.358,54.172,0,0.33,0.15055,-0.11219
207.08,-506.45,30.434,2.0537,4.3429,0.28045,0.0013339,196.22,-56.82,-1.8427,24.895,28.222,0,0.33,0.15855,-0.10815
516.63,-1051.8,29.895,1.8675,4.7089,0.52443,0.0012138,399.34,-52.29,-23.421,95.596,1.5588,0,0.33,0.16658,-0.096151
451.99,-815.6,30.17,1.9067,4.6142,0.20136,0.00079382,245.81,-52.402,-14.036,48.052,11.837,0,0.33,0.16658,-0.10014
585.63,-1037.1,30.075,1.7538,4.6924,0.18057,0.00062281,257.4,-48.277,-12.901,62.049,2.7365,0,0.33,0.1746,-0.10016
323.51,-1208.6,29.705,1.7273,4.7799,0.77746,0.001413,485.48,-48.207,-22.503,134.45,-6.8977,0,0.33,0.1746,-0.096172
561.47,-815.35,30.318,1.9114,4.5078,0.12094,0.00066739,173.88,-52.396,-7.0608,26.404,12.957,0,0.33,0.16658,-0.10413
781.49,-1028.4,30.243,1.7471,4.585,0.053373,0.00034518,150.21,-48.296,-6.0625,27.989,4.9947,0,0.33,0.1746,-0.10417
899.9,-1055.1,30.337,1.7256,4.468,0.034028,0.00029693,111.76,-48.242,-2.8172,16.396,4.8186,0,0.33,0.17461,-0.10818
995.8,-1185.2,30.229,1.5437,4.5406,0.018423,0.0001893,96.553,-44.127,-1.4695,15.696,2.8194,0,0.33,0.18256,-0.10811
902.14,-1199.4,30.14,1.5854,4.668,0.036075,0.0002482,137.82,-44.403,-3.9435,28.598,3.0156,0,0.33,0.18259,-0.10427
1154,-1330.7,30.198,1.3266,4.4748,0.011878,0.00016901,70.486,-40.352,-0.38846,11.938,3.1499,0,0.33,0.19062,-0.11237
1002.9,-1149.6,30.301,1.5132,4.4136,0.014931,0.00018893,78.654,-44.082,-1.033,12.268,2.5074,0,0.33,0.18257,-0.11213
1208.1,-1427.4,30.126,1.3613,4.6143,0.014404,0.00016455,87.506,-40.373,-0.60995,14.634,3.4144,0,0.33,0.19061,-0.10838
942.48,-1054.4,30.408,1.6986,4.3469,0.026708,0.00028227,92.261,-48.109,-1.7028,12.762,4.2729,0,0.33,0.17462,-0.11218
1178,-1516.5,30.033,1.396,4.7531,0.028123,0.00021529,123.91,-40.324,-2.0876,25.337,4.0102,0,0.33,0.1906,-0.10435
687.57,-870.87,30.415,1.8968,4.3952,0.091559,0.00061967,139.98,-52.294,-2.9805,18.058,11.22,0,0.33,0.16658,-0.10812
770.77,-906.28,30.49,1.8725,4.2792,0.070339,0.0005677,117.22,-52.112,-0.92839,14.558,9.1763,0,0.33,0.16658,-0.11211
-1974.3,1000.7,30.245,2.3156,4.0919,1.3728,0.0036113,356.11,-65.841,7.249,62.288,91.941,0,0.33,0.14252,-0.11634
-1353.2,533.87,30.462,2.3001,3.968,1.0206,0.0031429,302.53,-65.013,8.3557,53.449,72.604,0,0.33,0.1425,-0.12037
-4458.4,3031.5,29.42,2.4397,4.161,3.4492,0.0058352,562.12,-71.163,11.395,112.72,169.51,0,0.33,0.13455,-0.11629
-3594.5,2263.5,29.825,2.4455,4.0277,2.673,0.0051283,492.68,-70.119,13.155,100.47,140.82,0,0.33,0.13455,-0.12032
254.8,-500.92,30.766,2.1175,3.8512,0.24308,0.001489,150.34,-59.458,3.2798,23.779,23.553,0,0.33,0.15054,-0.12418
-786.14,143.09,30.642,2.2805,3.8419,0.72571,0.0026729,251.52,-64.086,7.4544,45.129,55.293,0,0.33,0.1425,-0.12438
-6.5533,-367.03,30.673,2.1423,3.9686,0.35131,0.0017766,182.74,-60.158,4.9024,27.482,32.19,0,0.33,0.15054,-0.12019
654.04,-705.85,30.799,1.9429,3.7754,0.052717,0.00061749,79.918,-54.683,-1.8749,14.857,7.1568,0,0.33,0.15855,-0.12814
434.03,-574.71,30.844,2.0979,3.736,0.16151,0.0012144,122.25,-58.684,0.92595,20.84,16.878,0,0.33,0.15054,-0.12817
652.4,-729.24,30.742,1.9595,3.886,0.078541,0.00075668,96.664,-55.25,0.032624,15.321,9.5157,0,0.33,0.15855,-0.12412
614.23,-734.97,30.681,1.9831,3.9989,0.11396,0.00090724,116.74,-55.761,1.6439,16.247,12.895,0,0.33,0.15855,-0.12013
-339.02,-148.83,30.786,2.2618,3.717,0.49383,0.0022209,204.84,-63.075,5.3164,37.339,40.705,0,0.33,0.1425,-0.12838
-311.84,-167.43,30.561,2.1684,4.0863,0.48684,0.0020646,218.76,-60.778,4.7468,32.162,42.523,0,0.33,0.15054,-0.11619
522.02,-703.21,30.612,2.0102,4.114,0.15967,0.0010603,139.95,-56.203,1.9558,18.004,17.204,0,0.33,0.15855,-0.11613
974.04,-1095.6,30.364,1.4847,4.2876,0.012787,0.00019399,65.696,-43.987,-1.1739,11.53,2.2682,0,0.33,0.18258,-0.11614
924.51,-1037.1,30.426,1.4621,4.163,0.01108,0.00020005,55.299,-43.862,-2.0563,11.8,2.0932,0,0.33,0.18258,-0.12013
932.67,-1023.2,30.468,1.6715,4.2258,0.021316,0.00026879,77.533,-47.927,-1.5605,11.718,3.7693,0,0.33,0.17462,-0.11617
892.81,-971.17,30.526,1.6478,4.1057,0.017013,0.00025548,65.359,-47.701,-2.2677,11.842,3.3878,0,0.33,0.17462,-0.12016
1084.7,-1232.5,30.266,1.2999,4.3394,0.010432,0.00017954,58.296,-40.369,-0.61952,11.568,3.0146,0,0.33,0.19065,-0.11642
1011.5,-1146.9,30.332,1.2791,4.2074,0.0093522,0.00019194,48.897,-40.345,-1.2378,11.888,2.9171,0,0.33,0.19066,-0.12042
798.32,-871.36,30.61,1.8195,4.0462,0.038831,0.00044616,82.813,-51.535,-1.0422,12.638,5.9759,0,0.33,0.16658,-0.12009
761.83,-817.41,30.665,1.7998,3.9326,0.028129,0.00038745,69.506,-51.163,-2.3927,12.914,4.9454,0,0.33,0.16658,-0.12409
841.23,-910.78,30.583,1.6306,3.9876,0.013699,0.00024414,55.357,-47.438,-3.3327,12.462,3.1204,0,0.33,0.17462,-0.12416
719.98,-768.39,30.72,1.7875,3.8212,0.020448,0.00033661,58.666,-50.758,-3.4751,13.296,4.3508,0,0.33,0.16658,-0.12811
796.68,-862.2,30.641,1.6202,3.8713,0.011323,0.0002369,47.422,-47.151,-3.9608,12.924,2.9809,0,0.33,0.17462,-0.12817
805.96,-906.13,30.553,1.8452,4.1622,0.052862,0.00050802,98.616,-51.857,-0.39626,13.027,7.3898,0,0.33,0.16658,-0.1161
2949.6,-3532.9,29.456,0.15932,5.29,0.038663,0.00026578,137.44,-22.102,0.1098,22.664,11.538,0,0.33,0.22261,-0.096476
2480.8,-2923.1,29.591,0.19646,5.0832,0.019693,0.00019165,101.17,-22.934,0.1413,16.116,8.8108,0,0.33,0.22261,-0.10047
2659.7,-3450,29.497,0.55808,5.3303,0.087261,0.00042325,180.84,-26.712,-0.16355,35.976,13.503,0,0.33,0.21466,-0.09645
2374.6,-2870.4,29.651,0.55458,5.1216,0.028124,0.00022465,119.87,-27.244,0.39678,20.739,8.4234,0,0.33,0.21467,-0.10045
1957.8,-2556.6,29.725,0.90546,5.0892,0.048727,0.00029935,146.95,-31.749,-0.39042,29.589,8.6613,0,0.33,0.2067,-0.10044
1915.7,-2955.5,29.525,0.93737,5.2793,0.21704,0.00071162,256.98,-31.448,-3.3803,61.707,17.551,0,0.33,0.20664,-0.096374
2041.4,-2416.2,29.766,0.55549,4.928,0.015647,0.00017653,88.169,-27.771,0.2362,14.816,6.9246,0,0.33,0.21468,-0.10445
1796,-2188.5,29.848,0.87752,4.9075,0.018208,0.00018221,98.611,-32.039,0.38107,17.102,6.1704,0,0.33,0.20671,-0.10446
2094.7,-2465.9,29.705,0.23041,4.8917,0.013501,0.00017367,77.592,-23.725,0.11283,13.284,7.7289,0,0.33,0.22261,-0.10446
1405.6,-1680.6,30.028,1.1147,4.683,0.013345,0.00016488,81.039,-36.277,0.051218,13.645,4.6427,0,0.33,0.19862,-0.10843
1477,-1864.3,29.936,1.1494,4.841,0.022186,0.00019493,110.18,-36.154,-0.12901,20.72,5.2972,0,0.33,0.19861,-0.10443
1586.6,-1902.4,29.942,0.85778,4.735,0.012703,0.00016901,75.288,-32.34,0.15406,13.189,5.6425,0,0.33,0.20672,-0.10845
1292.1,-1521.9,30.106,1.0877,4.5303,0.011024,0.00017058,64.88,-36.406,-0.22076,11.872,4.5255,0,0.33,0.19862,-0.11242
1399.8,-1673.7,30.027,0.84375,4.5725,0.010503,0.00017534,60.136,-32.646,-0.22147,12.094,5.5184,0,0.33,0.20671,-0.11245
1754.8,-2070.6,29.865,0.5601,4.7478,0.011802,0.00017237,68.615,-28.285,-0.072764,12.744,6.4781,0,0.33,0.21468,-0.10844
1547.9,-1839.8,29.902,0.29006,4.5458,0.0091151,0.00018496,49.514,-25.166,0.14545,11.65,6.8593,0,0.33,0.22263,-0.11247
1520.5,-1797.7,29.956,0.56697,4.5797,0.0098599,0.00018004,54.992,-28.785,-0.34885,12.065,6.283,0,0.33,0.21468,-0.11243
1789.2,-2115.2,29.807,0.26146,4.713,0.010671,0.00017484,61.208,-24.47,0.11631,12.107,7.1985,0,0.33,0.22262,-0.10846
2959.9,-3422.3,29.423,-0.2272,5.169,0.024001,0.00020832,112.82,-17.798,-0.39152,16.532,10.444,0,0.33,0.23055,-0.096486
2499.2,-2883.9,29.549,-0.15483,4.9755,0.015579,0.00017874,86.542,-18.891,0.079685,13.318,8.7709,0,0.33,0.23055,-0.10048
2400.3,-2742,29.519,-0.48584,4.8098,0.012801,0.0001711,74.55,-15.289,-0.18267,10.933,7.4831,0,0.33,0.23854,-0.10046
2798.7,-3199.2,29.4,-0.58395,4.9843,0.017966,0.00018646,95.176,-14.002,-0.72452,12.845,8.8264,0,0.33,0.23853,-0.096461
2132,-2467.9,29.661,-0.091359,4.7936,0.011636,0.00017185,67.721,-19.918,0.38196,11.789,7.7516,0,0.33,0.23056,-0.10449
2074.4,-2374.4,29.627,-0.39882,4.6435,0.010144,0.00017087,59.484,-16.499,0.1093,10.12,6.5075,0,0.33,0.23856,-0.10448
1801.3,-2073.1,29.73,-0.32081,4.4845,0.008704,0.0001807,48.39,-17.635,0.39457,9.9441,5.7741,0,0.33,0.23861,-0.10856
1641.8,-1899.8,29.692,-0.58322,4.3249,0.0080849,0.00018557,43.797,-14.794,-1.4226,8.4868,5.806,0,0.33,0.24673,-0.10837
1877.4,-2159.9,29.593,-0.67926,4.4657,0.0090717,0.00017195,52.952,-13.519,-1.9305,8.3724,6.4102,0,0.33,0.24673,-0.10432
1243.9,-1509.8,29.78,-0.71523,4.0333,0.007156,0.00021664,33.261,-13.676,-2.0163,7.8009,8.5853,0,0.33,0.25463,-0.11259
1445.2,-1681.7,29.787,-0.49657,4.189,0.0074777,0.00020456,36.757,-15.986,-0.80708,8.7086,5.2686,0,0.33,0.24668,-0.11249
1420.4,-1704.3,29.688,-0.81216,4.1535,0.0076144,0.00019479,39.354,-12.405,-2.9979,7.5164,8.7541,0,0.33,0.2547,-0.10844
1573.9,-1820.3,29.828,-0.25093,4.3331,0.0078683,0.00019708,40.138,-18.689,0.82569,9.9663,5.2025,0,0.33,0.23864,-0.11263
1626.1,-1929.9,29.593,-0.92023,4.2773,0.0083163,0.00017751,47.116,-11.043,-3.913,7.2578,8.954,0,0.33,0.25472,-0.10433
1834.2,-2135.3,29.765,-0.035183,4.6213,0.0095759,0.00017745,54.174,-20.875,0.62366,11.163,7.0795,0,0.33,0.2306,-0.10854
1591.7,-1863,29.863,0.014939,4.4592,0.0084158,0.00019072,44.353,-21.76,0.9337,10.928,6.6304,0,0.33,0.23065,-0.11261
1239.9,-1496.5,30.108,0.83623,4.419,0.0091807,0.00018718,49.257,-32.97,-0.6898,11.988,5.4837,0,0.33,0.20669,-0.11648
1111.3,-1353.9,30.185,0.82944,4.269,0.0083158,0.00020252,41.24,-33.166,-1.3355,12.005,5.4277,0,0.33,0.20659,-0.1204
1180.6,-1386.9,30.179,1.0677,4.3834,0.0096543,0.00018208,53.245,-36.543,-0.6168,11.724,4.5243,0,0.33,0.19862,-0.11643
1086.5,-1275.5,30.252,1.0548,4.2417,0.0087145,0.00019623,44.59,-36.669,-1.1512,11.974,4.5712,0,0.33,0.19862,-0.12043
1078.3,-1296.2,30.207,0.59975,4.1279,0.0074295,0.00022801,32.497,-30.16,-0.99573,10.947,5.4952,0,0.33,0.21466,-0.1245
1020.3,-1245.2,30.262,0.82989,4.1264,0.007732,0.00022019,35.26,-33.425,-1.8915,11.614,5.1706,0,0.33,0.20657,-0.12442
1189.9,-1424,30.127,0.58843,4.2721,0.0079352,0.00021001,37.964,-29.731,-0.91152,11.655,5.8875,0,0.33,0.21466,-0.12044
991.5,-1199.4,30.234,0.38727,3.9575,0.0068401,0.0002005,25.764,-27.518,0.83302,8.6048,5.6011,0,0.33,0.22266,-0.12859
992.14,-1198.5,30.281,0.6104,3.9869,0.0070706,0.00022376,28.191,-30.554,-0.92076,9.5917,5.0371,0,0.33,0.21466,-0.12864
1094.9,-1313.8,30.16,0.3656,4.096,0.0071422,0.00022581,29.712,-26.98,0.59356,10.119,5.9596,0,0.33,0.22266,-0.12454
1216.9,-1453.6,30.079,0.34227,4.239,0.0075588,0.00021949,34.614,-26.414,0.27261,10.997,6.2724,0,0.33,0.22265,-0.12049
955.83,-1166.4,30.334,0.83166,3.9871,0.0073225,0.00023295,30.651,-33.647,-1.9598,10.576,4.7432,0,0.33,0.20657,-0.12844
1334.1,-1587.8,30.043,0.5767,4.4221,0.0086865,0.00019321,45.17,-29.273,-0.61738,11.894,6.1331,0,0.33,0.21467,-0.11643
1361.5,-1625.5,29.993,0.31691,4.3885,0.0081702,0.00020038,40.986,-25.813,0.18362,11.408,6.5688,0,0.33,0.22264,-0.11647
1282.7,-1497.9,29.878,-0.42026,4.0586,0.0070653,0.00022262,31.254,-17.081,-0.20493,8.8251,4.779,0,0.33,0.24661,-0.11663
1146.9,-1346.6,29.964,-0.35439,3.9337,0.0067651,0.00020837,26.847,-18.084,0.29939,8.6874,4.3271,0,0.33,0.24658,-0.12068
1391.5,-1612.7,29.921,-0.1889,4.1902,0.0073342,0.0002176,33.885,-19.66,1.2588,9.9167,4.7072,0,0.33,0.23863,-0.11667
1242.6,-1445.1,30.009,-0.13456,4.0545,0.0069633,0.00021712,28.993,-20.557,1.652,9.61,4.2568,0,0.33,0.23863,-0.12068
1093.5,-1343.3,29.868,-0.63028,3.9175,0.006829,0.00021919,28.407,-14.846,-1.0877,7.9535,8.394,0,0.33,0.25458,-0.11668
966.97,-1203.6,29.951,-0.5568,3.8055,0.0065821,0.00018843,24.436,-15.922,-0.33649,7.8172,8.1079,0,0.33,0.25457,-0.12069
1239.2,-1467,30.043,0.10036,4.163,0.0072282,0.00022273,31.563,-23.341,1.6488,10.337,5.9512,0,0.33,0.23067,-0.12064
1108.4,-1322.3,30.125,0.13607,4.0252,0.0068923,0.00020792,27.175,-24.053,2.0822,9.4561,5.635,0,0.33,0.23068,-0.12464
1115.7,-1304.7,30.091,-0.087027,3.9239,0.0066886,0.00018485,24.997,-21.387,2.0024,8.8452,3.8637,0,0.33,0.23863,-0.12467
997.35,-1199.3,30.199,0.16812,3.8921,0.0066406,0.00017056,23.546,-24.713,2.2255,7.9566,5.2855,0,0.33,0.23068,-0.12865
1004.5,-1180.9,30.165,-0.044577,3.7975,0.0064759,0.00014787,21.615,-22.153,2.1178,7.4936,3.5295,0,0.33,0.23863,-0.12866
1396.7,-1643.7,29.956,0.060042,4.3071,0.0077024,0.00020873,37.099,-22.579,1.2748,10.743,6.2767,0,0.33,0.23066,-0.11663
1270.6,-1453.5,29.706,-1.4381,3.6424,0.0070103,0.00021658,32.605,-6.3578,-0.29073,5.3855,3.0138,0,0.33,0.27857,-0.1047
1361.4,-1617.2,29.685,-1.3043,3.8704,0.0072984,0.00020146,36.495,-7.5279,-3.4673,6.6752,6.6925,0,0.33,0.27063,-0.1046
1409.1,-1613.2,29.623,-1.5656,3.7094,0.0074449,0.00019312,38.825,-4.9263,-0.60248,4.8634,3.7423,0,0.33,0.27856,-0.10062
1535.4,-1809.1,29.592,-1.4351,3.9596,0.0078817,0.00018151,43.71,-6.0538,-3.4769,6.3234,7.0481,0,0.33,0.27061,-0.10047
1255.2,-1439.9,29.643,-1.6615,3.4461,0.0071106,0.00020852,34.387,-4.1497,1.332,2.984,3.258,0,0.33,0.28653,-0.10067
1158.1,-1322.7,29.714,-1.5393,3.3944,0.0067682,0.00022241,28.995,-5.52,2.1848,3.637,2.6196,0,0.33,0.28654,-0.10466
1273.9,-1567.4,29.732,-1.0117,3.9706,0.0072106,0.00020902,34.755,-10.462,-3.8477,7.3588,9.9063,0,0.33,0.26268,-0.10858
1462.7,-1772.8,29.638,-1.128,4.079,0.0077258,0.00018798,41.389,-9.0716,-4.7284,7.0647,9.8658,0,0.33,0.26268,-0.10445
1199.9,-1441.1,29.775,-1.1854,3.7812,0.0069082,0.00021968,30.798,-8.9119,-3.1277,7.0383,6.4383,0,0.33,0.27064,-0.10868
1106.1,-1384.7,29.822,-0.90809,3.8654,0.006858,0.00022044,29.501,-11.759,-2.7612,7.5743,9.9437,0,0.33,0.26267,-0.11267
1052.1,-1281.9,29.862,-1.0785,3.6927,0.0066265,0.00020777,26.21,-10.211,-2.4821,7.2223,6.2693,0,0.33,0.27064,-0.1127
1145.4,-1313.6,29.788,-1.3218,3.574,0.0066969,0.00021919,27.604,-7.7187,0.06702,6.0365,2.3705,0,0.33,0.27858,-0.10871
991.76,-1135.8,29.862,-1.3174,3.2819,0.0062989,0.00015273,20.708,-8.1462,3.632,5.4975,1.5042,0,0.33,0.28655,-0.11284
1030.4,-1189.6,29.869,-1.2149,3.5034,0.0064586,0.00018507,23.463,-9.0173,0.38369,6.5074,1.8813,0,0.33,0.27858,-0.11274
1072.6,-1224.2,29.786,-1.4256,3.3401,0.0065062,0.00019925,24.53,-6.8525,2.9677,4.5994,2.0276,0,0.33,0.28655,-0.10868
1061,-1255.8,29.68,-1.744,3.1858,0.0068252,0.00022517,30.119,-3.6752,1.5253,1.9589,4.6349,0,0.33,0.29457,-0.10043
829.94,-1021.1,29.737,-1.809,2.9463,0.0065633,0.00022859,25.606,-3.4994,0.0059497,2.1155,5.4787,0,0.33,0.30255,-0.10034
995.63,-1178.1,29.743,-1.6276,3.1431,0.006549,0.00021566,25.486,-4.9765,2.1501,2.6422,4.4691,0,0.33,0.29459,-0.1044
780.83,-965.51,29.796,-1.7001,2.9124,0.0063464,0.00018983,21.743,-4.7263,-0.051226,2.8091,5.5178,0,0.33,0.30255,-0.10435
738.34,-920.26,29.858,-1.5932,2.8724,0.0061726,0.00014187,18.416,-5.9564,0.10283,3.7112,5.4953,0,0.33,0.30254,-0.1085
526.38,-694.75,29.915,-1.6541,2.6923,0.0060043,0.00010897,14.681,-5.8896,-2.4052,3.4288,5.4357,0,0.33,0.3105,-0.10857
562.05,-734,29.858,-1.7506,2.7219,0.0061301,0.00014401,17.321,-4.7482,-1.5348,2.6589,5.6579,0,0.33,0.31052,-0.10442
397.48,-543.23,30.026,-1.6049,2.5202,0.0057791,6.0103e-05,9.3148,-6.9841,-1.1694,3.0163,5.232,0,0.33,0.31857,-0.11279
492.64,-659.65,29.974,-1.557,2.6554,0.0059052,8.349e-05,12.443,-7.0102,-3.2868,4.1437,5.01,0,0.33,0.31045,-0.11294
428.53,-575.54,29.974,-1.689,2.5412,0.0058462,7.4886e-05,11.022,-5.9583,0.33094,2.4493,5.5461,0,0.33,0.31857,-0.10869
696.46,-877.99,29.925,-1.4872,2.8257,0.0060331,0.00010554,15.52,-7.1677,0.44089,4.5419,5.2572,0,0.33,0.30249,-0.1129
466.8,-617.67,29.925,-1.7724,2.556,0.0059322,9.6255e-05,13.07,-4.921,1.5349,1.8984,5.689,0,0.33,0.31857,-0.10465
938.71,-1114.5,29.809,-1.5157,3.0963,0.0063297,0.0001698,21.534,-6.2704,2.9009,3.67,4.2892,0,0.33,0.29459,-0.10846
881.49,-1054.2,29.879,-1.4062,3.0444,0.0061528,0.00012501,18.072,-7.5438,3.8441,4.6746,4.0171,0,0.33,0.29456,-0.11276
920.1,-1136.8,29.944,-0.9833,3.605,0.0064112,0.00016908,22.401,-11.429,-1.7607,7.0141,6.1033,0,0.33,0.27064,-0.1167
803.77,-1006,30.022,-0.89825,3.5182,0.0062418,0.00013394,19.163,-12.572,-1.2361,6.3197,5.8431,0,0.33,0.27064,-0.12069
963.03,-1227,29.907,-0.81725,3.7634,0.0065968,0.00019861,25.237,-12.961,-1.7061,7.549,9.8765,0,0.33,0.26267,-0.11669
842.28,-1090.9,29.988,-0.73764,3.6639,0.0063943,0.00015893,21.666,-14.078,-0.86932,7.1197,9.623,0,0.33,0.26267,-0.12068
722.73,-849.59,30.091,-0.94618,3.2869,0.0060116,8.9878e-05,14.516,-12.461,1.1247,4.6217,1.4675,0,0.33,0.27859,-0.12485
702.51,-890.12,30.092,-0.82152,3.4323,0.0061056,0.00010667,16.374,-13.643,-0.99426,5.1281,5.4977,0,0.33,0.27064,-0.12469
820.66,-954.04,30.023,-1.0276,3.3593,0.0061276,0.00011304,17.03,-11.386,0.95298,5.7825,1.4483,0,0.33,0.27858,-0.12081
665.08,-776.45,30.137,-0.96832,3.037,0.0058413,5.8162e-05,10.747,-12.515,6.4873,3.8649,1.7249,0,0.33,0.28653,-0.12925
632.18,-754.19,30.15,-0.8717,3.2141,0.0059173,7.2437e-05,12.348,-13.465,1.2493,3.0241,1.6426,0,0.33,0.27859,-0.12893
748.5,-859.22,30.077,-1.043,3.0992,0.0059178,7.1517e-05,12.621,-11.526,5.7932,5.0067,1.2482,0,0.33,0.28653,-0.12524
831.94,-945.92,30.01,-1.1253,3.1605,0.0060136,9.0069e-05,14.828,-10.475,5.095,5.682,1.0537,0,0.33,0.28653,-0.1212
615.96,-787.48,30.154,-0.7515,3.3471,0.0059945,8.5519e-05,13.955,-14.643,-1.0039,3.5248,5.0984,0,0.33,0.27064,-0.1287
922.98,-1068.8,29.949,-1.1168,3.4314,0.006273,0.00014369,19.972,-10.24,0.70099,6.4297,1.5829,0,0.33,0.27858,-0.11678
912.37,-1040.3,29.937,-1.2165,3.2212,0.006137,0.00011586,17.479,-9.3545,4.3635,5.8602,1.1457,0,0.33,0.28653,-0.11707
457.74,-616.59,30.035,-1.4632,2.614,0.0058292,6.654e-05,10.599,-8.0681,-3.7441,4.6508,4.5487,0,0.33,0.31041,-0.1172
421.87,-570.29,30.094,-1.3766,2.5707,0.0057718,5.5757e-05,9.0953,-9.0564,-3.7641,5.0116,4.1631,0,0.33,0.31039,-0.12129
651.06,-822.15,29.992,-1.3871,2.7755,0.0059255,8.0449e-05,13.105,-8.297,1.1806,5.0903,4.9853,0,0.33,0.30243,-0.11724
603.5,-762.21,30.056,-1.2976,2.7253,0.0058451,6.3721e-05,11.149,-9.3379,2.1453,5.4565,4.8112,0,0.33,0.30241,-0.12134
369.3,-511.06,30.078,-1.5208,2.4935,0.0057277,5.1096e-05,7.9246,-7.9742,-2.5193,3.412,4.8365,0,0.33,0.31855,-0.11692
339.74,-474.29,30.13,-1.4392,2.4626,0.0056888,4.6437e-05,6.8073,-8.9093,-3.5279,3.6221,4.4444,0,0.33,0.31854,-0.12104
756.86,-900.89,30.019,-1.213,2.9348,0.0059134,7.2351e-05,12.818,-9.8114,6.3887,5.5627,3.6495,0,0.33,0.29447,-0.12131
692.54,-830.59,30.085,-1.1321,2.8797,0.0058355,5.7698e-05,10.889,-10.826,7.528,5.4623,3.6897,0,0.33,0.29446,-0.12533
554.68,-705.96,30.118,-1.2172,2.6742,0.0057828,5.2293e-05,9.5113,-10.313,3.1613,5.5689,4.6584,0,0.33,0.3024,-0.12535
627.61,-761.09,30.146,-1.0591,2.8236,0.0057742,4.7716e-05,9.2641,-11.781,8.6044,4.9221,3.9324,0,0.33,0.29447,-0.12932
504.89,-648.06,30.178,-1.1443,2.6222,0.0057329,4.4997e-05,8.1117,-11.234,4.2868,5.3219,4.5762,0,0.33,0.3024,-0.12934
820.03,-978.5,29.95,-1.3038,2.9895,0.0060155,9.3492e-05,15.162,-8.7254,5.109,5.288,3.7626,0,0.33,0.2945,-0.11715
411.87,-483.93,30.07,-1.7282,1.9319,0.0056695,4.4607e-05,6.5377,-6.0319,9.1728,1.9321,-0.49307,0,0.33,0.34252,-0.10442
470.5,-564.18,30.044,-1.7478,2.1407,0.0057288,5.0791e-05,8.2837,-5.5803,10.374,2.4256,1.8902,0,0.33,0.33452,-0.10461
434.28,-516.8,30.032,-1.7929,1.9281,0.0056985,4.8242e-05,7.425,-5.2435,8.3911,1.8601,-0.22394,0,0.33,0.34251,-0.10045
500.93,-602.65,30.001,-1.8159,2.1376,0.0057759,5.9906e-05,9.5838,-4.7109,9.521,2.1897,1.8751,0,0.33,0.3345,-0.10067
367.97,-447.85,30.053,-1.7648,1.7367,0.0056431,4.3821e-05,5.7372,-5.8399,7.2138,1.3038,-0.040948,0,0.33,0.35049,-0.10041
350.61,-424.22,30.086,-1.7027,1.7427,0.0056247,4.3149e-05,5.1403,-6.5567,7.6293,1.0966,-0.10909,0,0.33,0.35047,-0.10438
448.65,-571.71,30.039,-1.6929,2.3597,0.0057449,5.2617e-05,8.6459,-6.1434,7.129,2.297,4.7454,0,0.33,0.32655,-0.10871
482.56,-608.31,29.993,-1.7652,2.3633,0.005803,6.4291e-05,10.201,-5.2046,7.5806,1.9582,4.5934,0,0.33,0.32654,-0.10472
448.35,-534.59,30.088,-1.6834,2.141,0.0056903,4.4783e-05,7.1638,-6.4381,10.76,2.7562,1.8396,0,0.33,0.33455,-0.10854
424.04,-549.21,30.086,-1.6202,2.3511,0.0056988,4.5074e-05,7.3417,-7.0816,6.0635,2.6638,4.7974,0,0.33,0.32656,-0.11279
434.66,-522.02,30.135,-1.6186,2.1381,0.0056587,4.0992e-05,6.2125,-7.3103,10.284,3.1696,1.7405,0,0.33,0.33455,-0.11264
393.57,-453.13,30.109,-1.667,1.9339,0.0056446,4.2704e-05,5.748,-6.8181,9.8228,2.1492,-0.90251,0,0.33,0.34252,-0.10841
313.63,-372.73,30.15,-1.5844,1.7516,0.0055921,4.4037e-05,4.0638,-8.0147,8.5654,1.2425,-0.39574,0,0.33,0.35044,-0.11262
383.53,-436.64,30.15,-1.6064,1.9345,0.0056231,4.1717e-05,5.063,-7.6241,9.7533,2.6147,-1.4552,0,0.33,0.34251,-0.11259
330.32,-395.52,30.118,-1.643,1.7475,0.0056077,4.3436e-05,4.5767,-7.2776,8.2482,1.0108,-0.20331,0,0.33,0.35047,-0.10841
284.56,-374.35,30.09,-1.731,1.5604,0.0056029,4.5175e-05,4.4269,-6.4868,4.1842,1.8313,1.8378,0,0.33,0.35851,-0.10049
180.61,-267.69,30.142,-1.6982,1.4279,0.005572,5.3169e-05,3.3491,-7.1566,-1.6631,2.1578,3.1704,0,0.33,0.36652,-0.10056
274.87,-360.91,30.122,-1.671,1.5676,0.005591,4.5503e-05,4.0359,-7.1361,4.5185,1.7441,1.9646,0,0.33,0.35847,-0.10445
175.34,-256.7,30.172,-1.6391,1.4348,0.0055641,5.4238e-05,3.0945,-7.7421,-1.8953,2.5056,2.8678,0,0.33,0.3665,-0.10454
164.41,-240.42,30.204,-1.5821,1.4405,0.0055562,5.5955e-05,2.8305,-8.3239,-1.0415,3.1776,2.8327,0,0.33,0.36648,-0.10854
98.856,-153.48,30.246,-1.5544,1.3739,0.0055358,6.7844e-05,2.1541,-8.8538,-5.2656,2.3587,1.9671,0,0.33,0.37447,-0.10858
110.09,-174.23,30.221,-1.607,1.3656,0.0055415,6.3647e-05,2.3442,-8.3333,-5.3737,1.3022,2.6256,0,0.33,0.37448,-0.1046
88.534,-132.84,30.276,-1.5061,1.3792,0.0055302,7.3328e-05,1.9722,-9.3697,-4.3053,3.4414,1.4377,0,0.33,0.37446,-0.11259
149.58,-222.09,30.239,-1.5288,1.445,0.0055485,5.8055e-05,2.5735,-8.9084,0.46836,3.8402,3.1835,0,0.33,0.36643,-0.11268
257.25,-339.02,30.153,-1.613,1.5742,0.0055793,4.6492e-05,3.6432,-7.7872,5.4177,1.7342,2.3313,0,0.33,0.35844,-0.10846
236.6,-316.36,30.185,-1.5574,1.5804,0.0055681,4.7657e-05,3.2686,-8.4483,6.4215,1.8803,2.9188,0,0.33,0.35839,-0.11267
427.76,-521.46,30.183,-1.5503,2.1306,0.0056333,3.8883e-05,5.44,-8.169,9.0701,3.4273,1.5985,0,0.33,0.33449,-0.11701
423.68,-520.1,30.23,-1.4796,2.1189,0.0056135,3.8042e-05,4.8302,-8.9767,7.6319,3.3556,1.5928,0,0.33,0.33444,-0.12126
405.26,-533.28,30.135,-1.5449,2.3368,0.005663,4.0966e-05,6.2803,-8.0002,4.6667,2.8451,4.7549,0,0.33,0.32653,-0.11704
385.78,-511.55,30.182,-1.4688,2.3179,0.0056355,3.9534e-05,5.4363,-8.8725,3.3447,2.7577,4.7158,0,0.33,0.3265,-0.12121
403.09,-457.21,30.281,-1.4105,1.9166,0.0055803,3.9953e-05,3.7553,-9.857,5.6054,3.6845,-2.8308,0,0.33,0.34236,-0.12533
409.36,-505.95,30.274,-1.4085,2.1041,0.0055972,3.82e-05,4.3096,-9.7347,6.5708,2.9752,1.8334,0,0.33,0.33442,-0.12532
396.68,-448.69,30.238,-1.4785,1.926,0.0055916,4.036e-05,4.1009,-9.1591,7.1245,3.6119,-2.685,0,0.33,0.34237,-0.12128
353.09,-409.56,30.295,-1.3356,1.738,0.0055534,4.2079e-05,2.8978,-10.661,4.0985,3.0973,-1.8394,0,0.33,0.35029,-0.12933
388.4,-443.38,30.321,-1.3412,1.9052,0.0055698,4.0501e-05,3.411,-10.524,5.0953,3.3193,-2.694,0,0.33,0.34236,-0.12933
348.59,-405.23,30.258,-1.4031,1.7464,0.0055607,4.2305e-05,3.1219,-10.05,4.8177,3.0632,-1.6508,0,0.33,0.35029,-0.12534
327.05,-381.64,30.221,-1.4668,1.7521,0.0055687,4.3447e-05,3.3514,-9.4108,6.548,2.5633,-1.321,0,0.33,0.3503,-0.12131
376.05,-470.13,30.314,-1.3391,2.0878,0.0055826,3.9407e-05,3.8164,-10.457,6.3808,2.3343,2.1778,0,0.33,0.33442,-0.12932
384.78,-436.77,30.193,-1.5436,1.9321,0.0056054,4.1048e-05,4.5141,-8.4158,8.7599,3.1842,-2.1465,0,0.33,0.34243,-0.11703
310.31,-365.76,30.185,-1.5262,1.7536,0.0055789,4.4236e-05,3.6489,-8.7333,8.0582,1.8285,-0.8225,0,0.33,0.35035,-0.1171
78.775,-114.99,30.31,-1.4645,1.3818,0.0055253,7.9589e-05,1.8189,-9.8802,-3.268,4.0126,0.94554,0,0.33,0.37442,-0.11669
75.056,-106.73,30.344,-1.4276,1.381,0.0055215,8.2643e-05,1.7163,-10.38,-3.6441,4.3037,0.29673,0,0.33,0.37436,-0.12081
136.83,-208.45,30.276,-1.4812,1.448,0.0055417,5.9842e-05,2.3619,-9.4836,1.7111,4.2594,3.6677,0,0.33,0.36632,-0.11702
137.84,-212.96,30.315,-1.4365,1.4476,0.0055365,5.9438e-05,2.2249,-10.039,1.4327,4.4602,3.9863,0,0.33,0.36623,-0.12122
233.66,-318.56,30.251,-1.4524,1.5861,0.0055508,4.7302e-05,2.7509,-9.7085,5.8416,2.6432,3.7726,0,0.33,0.35824,-0.12131
258.15,-348.8,30.285,-1.3951,1.5822,0.0055451,4.54e-05,2.6052,-10.292,4.1726,2.8571,3.9893,0,0.33,0.35822,-0.12534
153.94,-235.2,30.352,-1.3871,1.4421,0.0055329,5.6666e-05,2.1469,-10.571,-0.29458,4.3483,4.2043,0,0.33,0.36619,-0.1253
274.91,-366.82,30.319,-1.3318,1.5744,0.0055402,4.4272e-05,2.4688,-10.853,3.2357,2.6478,4.1169,0,0.33,0.35823,-0.12934
169.95,-254.8,30.388,-1.3293,1.4323,0.0055299,5.4145e-05,2.0809,-11.087,-1.8926,3.7346,4.4521,0,0.33,0.36617,-0.12931
224.25,-304.72,30.218,-1.5046,1.585,0.0055583,4.8246e-05,2.9616,-9.0936,6.7845,2.217,3.4479,0,0.33,0.35829,-0.11712
-19569,6261.2,18.471,4.2418,5.282,28.226,0.017687,1593.3,-88.264,45.93,412.53,489.25,0,0.33,0.086897,-0.1365
-10504,7128,14.38,4.7015,5.689,31.117,0.018619,1671.6,-91.319,12.255,411.07,519.89,0,0.33,0.078867,-0.13623
-18210,7211.5,16.965,4.1821,5.6423,29.861,0.018849,1583.2,-91.477,33.041,388.57,496.08,0,0.33,0.086898,-0.13251
-6306.9,8510.4,12.892,4.5947,6.0103,31.571,0.019433,1625.1,-94.949,-9.0026,374.72,515.08,0,0.33,0.078866,-0.13223
-15907,6993.4,20.772,3.7475,5.1277,25.017,0.016988,1466.6,-87.859,52.412,376,459.05,0,0.33,0.094838,-0.13261
-15968,6148,22.198,3.7795,4.7716,22.454,0.015504,1438.7,-85.006,58.306,385.29,440.44,0,0.33,0.094837,-0.1366
-13156,6763.1,24.147,3.3594,4.6013,18.191,0.014053,1279.6,-83.951,52.991,335.82,398.55,0,0.33,0.10275,-0.13266
-10043,5697.5,26.904,3.0424,4.1618,11.252,0.010645,1031.6,-79.793,43.506,269.28,317.76,0,0.33,0.11067,-0.13263
-12593,5772.2,25.393,3.3777,4.2797,15.328,0.012424,1213.4,-81.391,53.638,328.72,367.27,0,0.33,0.10275,-0.13666
-8961.5,4516.3,27.874,3.0515,3.8931,8.815,0.0091264,935.28,-77.498,40.931,248.24,277.17,0,0.33,0.11068,-0.13665
-5331.1,2677.6,29.542,2.7961,3.6444,4.2446,0.0062513,644.6,-73.418,25.895,161.5,180.45,0,0.33,0.11868,-0.13635
-2462,984.31,30.471,2.5875,3.5175,1.7325,0.0040658,397.53,-69.155,13.469,90.81,98.529,0,0.33,0.12662,-0.13635
575.7,-635.26,30.964,2.0758,3.5127,0.065255,0.0007504,80.513,-56.98,-2.3304,16.212,8.9287,0,0.33,0.15054,-0.13621
298.28,-481.09,30.985,2.2344,3.4763,0.2014,0.0014173,129.88,-60.89,0.83834,24.794,20.368,0,0.33,0.1425,-0.13637
526.47,-612.48,30.909,2.0848,3.6234,0.1038,0.00096495,99,-57.853,-1.169,18.439,12.142,0,0.33,0.15054,-0.13218
19.941,-349.21,30.898,2.2466,3.595,0.32201,0.0017994,164.03,-62.004,2.8114,30.547,29.117,0,0.33,0.1425,-0.13237
645.13,-685.83,30.852,1.9338,3.667,0.035093,0.0004982,66.539,-54.073,-3.0968,14.384,5.7676,0,0.33,0.15857,-0.13224
638.93,-678.78,30.897,1.9197,3.5609,0.023879,0.00040664,56.134,-53.25,-3.257,13.379,4.9437,0,0.33,0.1586,-0.13614
-627.95,-30.883,30.874,2.4011,3.4728,0.62048,0.0024972,227.94,-64.934,5.9896,46.673,47.24,0,0.33,0.13456,-0.13636
690.79,-737.42,30.775,1.7813,3.7114,0.015284,0.00029745,50.155,-50.33,-3.5272,13.266,4.1437,0,0.33,0.16658,-0.1322
770.68,-833.56,30.7,1.6144,3.756,0.0097335,0.00023509,41.27,-46.845,-3.5938,12.697,2.9298,0,0.33,0.17462,-0.13222
676.52,-728.33,30.822,1.7686,3.6029,0.01202,0.00027251,43.49,-49.712,-2.5241,12.292,3.9831,0,0.33,0.16658,-0.13612
760.14,-822.76,30.751,1.6043,3.6409,0.0086943,0.00023895,36.383,-46.41,-2.2843,11.373,2.7637,0,0.33,0.1746,-0.1362
811.34,-900.26,30.664,1.4267,3.6778,0.0076813,0.00024212,31.827,-43.106,-1.6471,10.153,1.3619,0,0.33,0.18258,-0.13612
871.95,-980.61,30.58,1.2448,3.6982,0.0072467,0.00024084,28.552,-40.058,-0.095849,8.8229,1.7986,0,0.33,0.19066,-0.13639
846.5,-1022.1,30.397,0.62936,3.7121,0.0065816,0.00015669,21.569,-31.177,-1.0657,4.8953,3.9417,0,0.33,0.21463,-0.13697
860.06,-1041.4,30.451,0.83482,3.7123,0.006774,0.00018576,23.8,-33.981,-1.8027,6.1915,3.6097,0,0.33,0.20657,-0.13659
917.19,-1110.3,30.345,0.62009,3.8479,0.0067988,0.00019142,24.63,-30.887,-0.97868,7.4527,4.5183,0,0.33,0.21464,-0.13282
905.86,-1104.3,30.398,0.8338,3.8494,0.007017,0.00021983,26.94,-33.836,-1.8597,8.6806,4.2155,0,0.33,0.20657,-0.13249
902.57,-1096.7,30.298,0.40798,3.8229,0.0066065,0.00016234,22.428,-28.019,0.84508,6.4279,5.181,0,0.33,0.22267,-0.13266
821.37,-1001,30.349,0.42687,3.6917,0.0064175,0.00013196,19.518,-28.448,0.68214,3.9907,4.7553,0,0.33,0.22268,-0.13669
892.73,-1039,30.508,1.0387,3.7034,0.0069845,0.00021754,26.039,-36.909,-0.46671,7.4653,3.2482,0,0.33,0.19861,-0.13642
774.98,-932.31,30.436,0.63727,3.5803,0.0064016,0.00012872,18.852,-31.425,-1.0582,2.5285,3.4321,0,0.33,0.21463,-0.14106
668.06,-820.16,30.417,0.46283,3.4434,0.0061276,8.7171e-05,14.57,-29.18,-0.092145,1.1324,4.316,0,0.33,0.22271,-0.14471
698.9,-842.99,30.463,0.64446,3.4546,0.0062499,0.00010542,16.378,-31.649,-1.1247,1.1341,3.1301,0,0.33,0.21463,-0.14509
743.94,-908.34,30.388,0.44502,3.5648,0.0062605,0.00010747,16.931,-28.833,0.338,2.0333,4.4249,0,0.33,0.2227,-0.1407
901.24,-1089.9,30.263,0.19744,3.7627,0.0064422,0.00013757,20.435,-25.315,2.0886,5.9266,4.9496,0,0.33,0.23068,-0.13264
904.68,-1069.8,30.229,-0.0056372,3.6747,0.0063058,0.00011888,18.703,-22.859,1.99,5.7119,3.2836,0,0.33,0.23863,-0.13265
815.38,-991.64,30.315,0.22481,3.6368,0.00628,0.00011135,17.712,-25.858,1.7875,3.7968,4.7379,0,0.33,0.23068,-0.13664
814.33,-971.1,30.284,0.030895,3.5549,0.006166,9.6002e-05,16.156,-23.514,1.6462,3.919,3.1657,0,0.33,0.23863,-0.13665
734.14,-886.57,30.329,0.06617,3.4376,0.0060488,7.734e-05,13.882,-24.121,1.0123,2.6285,3.2015,0,0.33,0.23863,-0.14069
705.73,-853.06,30.288,-0.10906,3.3547,0.0059802,6.9942e-05,12.835,-22.083,-0.55378,3.0713,2.7478,0,0.33,0.24658,-0.14078
772.19,-925.97,30.239,-0.15251,3.4666,0.0060826,8.6807e-05,14.95,-21.394,-0.0016798,4.0684,2.8869,0,0.33,0.24657,-0.13668
563.89,-717.69,30.307,-0.23366,3.1749,0.0058362,5.1477e-05,9.808,-20.927,-2.5126,2.3835,4.4936,0,0.33,0.25458,-0.14472
647.67,-791.54,30.331,-0.065918,3.2444,0.005893,5.6527e-05,10.918,-22.711,-1.3404,2.9103,2.7172,0,0.33,0.24659,-0.14497
604.62,-769.73,30.265,-0.28212,3.2765,0.0059108,6.274e-05,11.554,-20.238,-1.483,2.4981,5.1565,0,0.33,0.25457,-0.14067
665.29,-815.09,30.368,0.10158,3.3226,0.0059487,6.2122e-05,11.809,-24.672,0.12039,2.289,3.3989,0,0.33,0.23864,-0.14479
651.95,-829.88,30.218,-0.33072,3.3796,0.005999,7.7487e-05,13.494,-19.49,-0.70381,3.4054,5.8354,0,0.33,0.25457,-0.13666
737.13,-902.4,30.356,0.25117,3.5143,0.0061442,9.0064e-05,15.28,-26.35,1.2987,2.1871,4.7009,0,0.33,0.23068,-0.14063
665.06,-821.89,30.39,0.2777,3.3959,0.0060286,7.2468e-05,13.057,-26.799,0.71414,1.6096,4.8598,0,0.33,0.23069,-0.14465
619.79,-755.71,30.485,0.65186,3.3354,0.0061189,8.545e-05,14.052,-31.852,-1.6974,1.2393,3.1517,0,0.33,0.21463,-0.14909
544.72,-674.59,30.51,0.66109,3.2225,0.0060047,6.8518e-05,11.852,-32.018,-2.7863,3.0141,3.4176,0,0.33,0.21462,-0.1531
594.44,-739.05,30.444,0.48155,3.3272,0.0060125,6.9931e-05,12.36,-29.497,-0.80289,1.6592,4.4652,0,0.33,0.22271,-0.14873
525.55,-666.09,30.474,0.50246,3.2166,0.0059138,5.6238e-05,10.317,-29.779,-1.7235,3.6579,4.7681,0,0.33,0.22268,-0.15283
597.82,-736.48,30.373,-0.022064,3.1376,0.0058193,4.6581e-05,9.1913,-23.276,-2.2173,3.687,2.71,0,0.33,0.24659,-0.1491
554.96,-686.96,30.417,0.022287,3.036,0.0057591,4.0169e-05,7.6922,-23.794,-2.8917,5.1762,2.6553,0,0.33,0.24659,-0.15313
606.27,-750.21,30.405,0.13832,3.2119,0.0058637,5.0442e-05,9.9221,-25.166,-0.8133,3.0489,3.6678,0,0.33,0.23864,-0.14888
556.98,-692.51,30.445,0.17647,3.1075,0.0057935,4.2506e-05,8.2654,-25.621,-1.464,4.653,3.8627,0,0.33,0.23863,-0.15284
527.57,-669.85,30.348,-0.18448,3.0762,0.0057734,4.3663e-05,8.2457,-21.557,-3.6388,3.1806,3.8436,0,0.33,0.25458,-0.14874
492.42,-625.23,30.392,-0.13467,2.9811,0.005722,3.9168e-05,6.8957,-22.14,-4.6198,4.7194,3.2355,0,0.33,0.25458,-0.15276
599.05,-748.12,30.421,0.30549,3.2822,0.0059291,5.8153e-05,11.002,-27.212,0.010107,2.3144,5.1674,0,0.33,0.23069,-0.14866
541.75,-683.32,30.457,0.33515,3.1746,0.0058455,4.7612e-05,9.1516,-27.591,-0.63372,4.1644,5.4771,0,0.33,0.23068,-0.15266
492.05,-607.53,30.239,-0.73946,3.0671,0.0057772,5.0263e-05,8.8732,-15.277,1.1072,-0.32936,2.2986,0,0.33,0.27859,-0.13715
488.86,-628.95,30.247,-0.62592,3.1791,0.0058287,5.7176e-05,10.04,-16.451,-1.8495,0.1287,4.1421,0,0.33,0.27064,-0.13677
553.63,-671.58,30.199,-0.80321,3.1406,0.0058403,5.9516e-05,10.477,-14.399,1.2763,1.2484,1.9446,0,0.33,0.27859,-0.13305
544.57,-699.26,30.205,-0.6868,3.2627,0.0059035,6.9316e-05,11.857,-15.576,-1.2714,1.743,4.6476,0,0.33,0.27064,-0.13273
587.62,-701.91,30.19,-0.90032,2.9736,0.0057794,4.8883e-05,9.1462,-13.442,7.0921,2.4651,2.4504,0,0.33,0.28653,-0.13327
523.89,-642.72,30.235,-0.83804,2.9091,0.005729,4.2769e-05,7.788,-14.311,7.4561,1.1201,3.3287,0,0.33,0.28653,-0.13728
495.04,-655.33,30.275,-0.43762,3.1893,0.0058308,5.4442e-05,9.8843,-18.627,-2.1557,0.6953,5.8616,0,0.33,0.26266,-0.14066
534.31,-710.76,30.235,-0.49054,3.2818,0.0059047,6.6176e-05,11.651,-17.839,-1.0244,1.71,6.8551,0,0.33,0.26267,-0.13665
448.91,-578.15,30.281,-0.56715,3.0962,0.0057667,4.8459e-05,8.4572,-17.268,-2.7771,-0.89993,3.592,0,0.33,0.27062,-0.14085
466.9,-611.63,30.31,-0.38431,3.0982,0.0057685,4.6069e-05,8.3077,-19.352,-3.6366,0.56112,4.8525,0,0.33,0.26266,-0.14469
423.47,-543.97,30.31,-0.50876,3.014,0.0057147,4.2808e-05,7.0638,-18.02,-3.9489,-0.94754,3.0324,0,0.33,0.27059,-0.14496
450.58,-565.63,30.271,-0.67897,2.9935,0.0057251,4.402e-05,7.4964,-16.101,0.64209,-1.2965,2.6314,0,0.33,0.27859,-0.14119
461.79,-591.42,30.305,-0.72386,2.776,0.005653,3.6804e-05,5.6689,-15.883,6.8439,-0.01296,5.0326,0,0.33,0.28653,-0.14527
429.13,-544.95,30.298,-0.61981,2.9197,0.0056815,4.0213e-05,6.305,-16.866,-0.12671,-1.2841,2.898,0,0.33,0.27858,-0.14522
480.84,-605.08,30.272,-0.77999,2.8433,0.0056876,3.901e-05,6.6415,-15.125,7.4052,0.18052,4.2349,0,0.33,0.28653,-0.14128
564.71,-695.06,30.202,-0.99282,2.7664,0.0057252,4.1438e-05,7.8899,-12.681,9.5761,4.0536,4.3943,0,0.33,0.29447,-0.13332
455.97,-591.18,30.234,-1.0785,2.5692,0.0056924,4.0979e-05,6.9229,-12.103,5.4231,4.7628,4.6036,0,0.33,0.30241,-0.13333
509.33,-639.12,30.253,-0.93272,2.7077,0.0056856,3.7947e-05,6.7393,-13.528,10.302,3.0546,5.0252,0,0.33,0.29447,-0.13731
412.14,-541.41,30.285,-1.0194,2.515,0.0056596,3.9345e-05,5.9332,-12.923,6.3474,4.0045,4.7273,0,0.33,0.30241,-0.13732
379.14,-504.97,30.331,-0.96578,2.4592,0.0056328,3.906e-05,5.1229,-13.697,6.7884,3.1867,4.8889,0,0.33,0.30241,-0.14131
252.27,-353.63,30.351,-1.048,2.3303,0.0056109,4.6745e-05,4.3443,-13.229,-1.3147,3.3892,2.1056,0,0.33,0.3104,-0.14131
276.04,-384.8,30.307,-1.1001,2.3811,0.0056322,4.5454e-05,4.9881,-12.485,-1.4481,4.0972,2.5057,0,0.33,0.31039,-0.13732
146.75,-217.27,30.381,-1.0708,2.2363,0.0055644,5.8117e-05,2.9472,-13.547,-5.0976,1.241,0.5363,0,0.33,0.31851,-0.14527
240.3,-335.74,30.391,-0.99915,2.2779,0.005593,4.7652e-05,3.8158,-13.933,-1.98,2.7742,1.6508,0,0.33,0.31041,-0.1453
162.18,-242.23,30.348,-1.1173,2.2774,0.0055775,5.5313e-05,3.334,-12.872,-3.9018,1.8081,1.4138,0,0.33,0.31851,-0.14128
363.14,-487.66,30.372,-0.91509,2.4018,0.0056106,3.9106e-05,4.4598,-14.426,6.4596,2.557,4.9897,0,0.33,0.30241,-0.1453
188.81,-279.35,30.312,-1.1677,2.3169,0.0055929,5.1596e-05,3.807,-12.159,-3.5784,2.5007,2.1792,0,0.33,0.31851,-0.13729
468.63,-600.35,30.297,-0.8774,2.6474,0.0056533,3.6296e-05,5.787,-14.323,10.576,2.1635,5.7141,0,0.33,0.29447,-0.1413
449.28,-584.37,30.336,-0.82455,2.5853,0.0056265,3.5523e-05,4.9983,-15.07,10.185,1.6802,6.3047,0,0.33,0.29447,-0.14529
408.03,-520.98,30.338,-0.44955,2.9333,0.0056712,3.9876e-05,5.8541,-18.711,-5.0948,0.13546,2.5127,0,0.33,0.27056,-0.14906
396.26,-503.33,30.371,-0.38922,2.8544,0.0056362,3.8883e-05,4.857,-19.355,-5.9749,2.0558,2.0642,0,0.33,0.27054,-0.15314
444.95,-574.57,30.344,-0.32954,3.0093,0.0057164,4.0989e-05,6.9155,-20.018,-5.1236,1.4594,3.8927,0,0.33,0.26265,-0.14871
423.08,-540.84,30.382,-0.27318,2.9232,0.005674,3.875e-05,5.7398,-20.642,-6.3244,3.1874,3.0485,0,0.33,0.26264,-0.15276
422.3,-539.24,30.326,-0.56019,2.8457,0.005645,3.8258e-05,5.2808,-17.574,-1.0135,-0.16417,3.0797,0,0.33,0.27857,-0.14923
421.47,-538.95,30.358,-0.49937,2.7722,0.0056155,3.7455e-05,4.4331,-18.232,-1.7571,1.7476,3.1677,0,0.33,0.27857,-0.15324
462.73,-597.13,30.337,-0.66718,2.7071,0.005624,3.5505e-05,4.8405,-16.589,5.8712,0.71772,5.6069,0,0.33,0.28653,-0.14926
472.35,-609.98,30.372,-0.60826,2.6373,0.0056002,3.4736e-05,4.146,-17.247,4.7726,2.1797,5.9144,0,0.33,0.28653,-0.15326
240.88,-331.83,30.427,-0.94975,2.2238,0.0055777,4.7548e-05,3.3754,-14.598,-3.6736,2.6487,1.1313,0,0.33,0.31041,-0.14929
248.81,-336.34,30.463,-0.89534,2.1684,0.0055648,4.6531e-05,3.0087,-15.225,-6.244,3.257,0.61823,0,0.33,0.31041,-0.15328
366.98,-491.8,30.41,-0.8637,2.343,0.0055918,3.88e-05,3.91,-15.112,5.1899,2.4559,4.9538,0,0.33,0.30241,-0.14929
384.49,-510.21,30.447,-0.80778,2.283,0.0055763,3.8073e-05,3.454,-15.756,3.1755,3.035,4.7996,0,0.33,0.30241,-0.15328
142.59,-204.43,30.41,-1.024,2.1935,0.0055531,5.881e-05,2.6287,-14.187,-7.4844,1.2661,-0.4465,0,0.33,0.31851,-0.14926
143.97,-197.4,30.439,-0.97153,2.149,0.0055435,5.7376e-05,2.3674,-14.791,-10.934,2.1491,-1.4333,0,0.33,0.31851,-0.15325
451.86,-590.85,30.373,-0.77114,2.5213,0.0056041,3.494e-05,4.3384,-15.769,9.0587,1.8771,6.6661,0,0.33,0.29447,-0.14928
466.78,-608.99,30.411,-0.71431,2.4561,0.0055856,3.437e-05,3.7873,-16.425,7.4282,2.7559,6.7712,0,0.33,0.29447,-0.15327
307.66,-353.8,30.392,-1.215,1.8817,0.0055493,4.4729e-05,2.7051,-11.783,7.268,2.158,-1.8735,0,0.33,0.34236,-0.13731
274.2,-353.34,30.38,-1.2168,2.0552,0.0055567,4.4723e-05,2.912,-11.815,8.0094,0.77665,2.9204,0,0.33,0.33443,-0.1373
353.21,-404.86,30.359,-1.2749,1.8933,0.0055594,4.2195e-05,3.053,-11.165,5.8088,2.7422,-2.3758,0,0.33,0.34236,-0.13332
327.69,-415.13,30.349,-1.2745,2.0713,0.0055691,4.1666e-05,3.3426,-11.15,7.0193,1.5803,2.5403,0,0.33,0.33442,-0.13331
335.19,-386.82,30.33,-1.2693,1.7281,0.0055461,4.3149e-05,2.6523,-11.253,4.8033,2.9391,-1.9344,0,0.33,0.35029,-0.13332
304.63,-348.07,30.364,-1.2087,1.7178,0.0055386,4.5091e-05,2.3982,-11.823,6.4491,2.9871,-1.8931,0,0.33,0.35029,-0.13731
175.1,-252.29,30.365,-1.1547,2.1984,0.0055528,5.3732e-05,2.6935,-12.608,3.1619,-0.1144,3.7338,0,0.33,0.32649,-0.14129
215.55,-303.58,30.337,-1.2041,2.2235,0.0055649,4.9266e-05,3.0864,-11.931,3.1975,0.70827,4.1178,0,0.33,0.32649,-0.1373
223.29,-295.09,30.406,-1.1667,2.0394,0.0055458,4.8294e-05,2.5445,-12.45,8.8873,-0.18974,3.3388,0,0.33,0.33443,-0.14129
148.59,-217.29,30.388,-1.11,2.1724,0.0055425,5.749e-05,2.3777,-13.249,2.264,-0.82857,3.1943,0,0.33,0.32649,-0.14528
183.75,-251.23,30.427,-1.123,2.0235,0.0055364,5.1662e-05,2.2446,-13.055,9.1481,-1.2401,3.6969,0,0.33,0.33443,-0.14528
257.8,-299.53,30.423,-1.1632,1.8705,0.0055401,4.7907e-05,2.3921,-12.375,8.973,1.3974,-1.0993,0,0.33,0.34236,-0.1413
222.4,-252.07,30.431,-1.1122,1.6969,0.0055248,5.0908e-05,1.9367,-12.898,10.712,2.7133,-0.71584,0,0.33,0.3503,-0.14529
208.85,-249.93,30.449,-1.1197,1.8594,0.0055318,5.14e-05,2.1236,-12.941,10.445,0.27019,-0.077925,0,0.33,0.34236,-0.14529
267.19,-302.12,30.398,-1.1559,1.7074,0.0055314,4.7652e-05,2.1565,-12.372,8.5293,3.0958,-1.5333,0,0.33,0.3503,-0.1413
269.88,-357.51,30.35,-1.2673,1.5645,0.005535,4.4697e-05,2.3063,-11.396,3.7849,2.3533,4.1238,0,0.33,0.35823,-0.13333
170.7,-254.77,30.419,-1.2666,1.4199,0.0055266,5.3975e-05,1.9856,-11.588,-2.0058,2.9172,4.7019,0,0.33,0.36617,-0.13332
249.01,-328.57,30.379,-1.2073,1.5539,0.0055295,4.6233e-05,2.1216,-11.922,5.4162,2.585,4.0099,0,0.33,0.35823,-0.13732
156.96,-237.15,30.447,-1.2065,1.4073,0.0055226,5.597e-05,1.8572,-12.07,-0.7142,2.6667,4.8474,0,0.33,0.36617,-0.13731
137.03,-211.73,30.475,-1.1531,1.3952,0.0055183,5.8959e-05,1.717,-12.534,1.2572,3.3129,4.8724,0,0.33,0.36617,-0.14131
59.855,-81.84,30.504,-1.1552,1.3274,0.0055094,8.4478e-05,1.4062,-12.672,-8.8936,3.7186,-0.85269,0,0.33,0.37416,-0.14123
72.644,-94.995,30.476,-1.211,1.3397,0.0055124,7.7293e-05,1.5027,-12.248,-10.385,3.3518,-0.89444,0,0.33,0.37417,-0.13722
46.816,-70.55,30.534,-1.1086,1.3153,0.0055064,9.2929e-05,1.3111,-13.079,-6.6543,4.3727,-0.87274,0,0.33,0.37413,-0.14527
113.15,-179.25,30.507,-1.1081,1.3836,0.005514,6.3087e-05,1.5777,-12.98,3.755,4.0677,4.9181,0,0.33,0.36617,-0.1453
220.55,-290.3,30.411,-1.1545,1.5432,0.0055239,4.838e-05,1.9351,-12.428,7.5463,3.355,3.9302,0,0.33,0.35823,-0.14131
184.36,-243.1,30.445,-1.1106,1.5326,0.0055185,5.1366e-05,1.7567,-12.914,9.9952,3.8488,4.1242,0,0.33,0.35823,-0.1453
169.53,-237.71,30.443,-1.0825,2.0063,0.0055283,5.317e-05,2.0116,-13.63,8.1054,-1.7819,3.7823,0,0.33,0.33443,-0.14927
189.16,-263.27,30.458,-1.0384,1.9865,0.0055217,5.156e-05,1.8441,-14.173,5.3812,-1.1817,3.505,0,0.33,0.33443,-0.15326
142.31,-205.59,30.408,-1.066,2.1447,0.0055338,5.8816e-05,2.1297,-13.858,0.042494,-0.89226,2.4169,0,0.33,0.32649,-0.14927
155.24,-215.07,30.429,-1.0165,2.115,0.0055265,5.7122e-05,1.9412,-14.433,-3.5077,0.055007,1.4531,0,0.33,0.32649,-0.15326
178.31,-223.97,30.468,-1.0824,1.8474,0.0055245,5.3617e-05,1.9069,-13.479,10.823,-0.74235,0.92075,0,0.33,0.34236,-0.14928
187.17,-243.18,30.484,-1.045,1.8331,0.0055185,5.2436e-05,1.7527,-13.988,9.2329,-0.72513,1.5918,0,0.33,0.34236,-0.15327
183.36,-214.7,30.46,-1.0771,1.6859,0.0055187,5.3732e-05,1.7501,-13.4,12.146,1.8626,0.37818,0,0.33,0.3503,-0.14928
178.39,-220.92,30.485,-1.0454,1.6731,0.0055137,5.3421e-05,1.6174,-13.876,11.521,1.42,1.3221,0,0.33,0.3503,-0.15327
35.477,-58.739,30.566,-1.0738,1.3029,0.0055034,0.00010338,1.2208,-13.471,-4.1875,4.2462,-0.97676,0,0.33,0.37412,-0.14927
29.251,-50.86,30.594,-1.0496,1.2898,0.0055004,0.00011103,1.1433,-13.847,-3.1459,3.5216,-1.2095,0,0.33,0.37411,-0.15327
88.925,-144.09,30.54,-1.0738,1.3723,0.0055099,6.87e-05,1.4462,-13.409,6.3149,3.9437,5.0247,0,0.33,0.36617,-0.14929
79.809,-131.25,30.569,-1.0484,1.3604,0.0055061,7.1747e-05,1.343,-13.818,7.2247,3.2253,5.0131,0,0.33,0.36617,-0.15328
149.01,-198.76,30.479,-1.0769,1.5219,0.0055135,5.4674e-05,1.5974,-13.38,12.073,3.4905,4.5784,0,0.33,0.35823,-0.14929
139.57,-191.81,30.508,-1.0493,1.5101,0.0055093,5.5418e-05,1.4819,-13.822,12.178,2.8521,4.9589,0,0.33,0.35823,-0.15328
6706.6,-27098,7.3413,-15.791,-0.64635,12.916,0.0098435,1159.3,-48.355,-216.82,-58.901,36.272,0,0.33,0.039427,-0.0039874
2140.7,-12327,7.8648,-17.065,-0.44457,12.662,0.010735,1161.7,-64.657,-228.65,-62.088,32.941,0,0.33,0.04734,-0.0039875
1494.3,-11331,7.0165,-14.733,-1.2366,15.199,0.011252,1192.9,-50.781,-350.21,-93.266,41.296,0,0.33,0.039426,-0.0079741
-992.48,340.26,7.5291,-15.906,-0.83542,15.392,0.012479,1203.4,-66.693,-363.77,-94.484,38.259,0,0.33,0.047339,-0.0079741
11492,-34361,7.4764,-16.23,0.33644,11.824,0.0093598,1134.9,-47.532,-125.1,-34.468,-34.397,0,0.33,0.039426,0
-17760,18038,7.8199,-14.116,-0.37522,21.014,0.016883,1245.5,-87.552,-429.91,-83.878,54.788,0,0.33,0.063132,-0.015948
-19710,20987,7.278,-13.754,-0.84134,20.157,0.016638,1212.3,-82.934,-430.09,-102.65,57.694,0,0.33,0.055236,-0.015948
-12462,13263,8.1213,-15.663,-0.35077,19.126,0.015094,1267.8,-84.953,-428.97,-87.391,40.091,0,0.33,0.063133,-0.011961
-12448,14271,7.6443,-15.232,-0.7063,18.419,0.014923,1234.9,-79.644,-422.03,-98.153,44.47,0,0.33,0.055236,-0.011961
-3992.9,5403.4,8.0157,-16.707,-0.52552,15.694,0.01277,1228.1,-77.045,-377.78,-94.302,35.048,0,0.33,0.055236,-0.0079741
-5570.8,6805.8,8.4683,-17.223,-0.28472,16.053,0.012742,1258.7,-82.839,-392.52,-93.597,30.966,0,0.33,0.063133,-0.0079741
-9046.1,12237,7.1387,-14.522,-1.1664,17.782,0.014557,1208.7,-69.832,-415.83,-105.44,46.999,0,0.33,0.047338,-0.011961
-18702,21367,6.7273,-13.122,-1.4424,19.361,0.016319,1187.1,-73.905,-430.53,-114.27,57.699,0,0.33,0.047338,-0.015948
-2808.3,4353.9,6.6174,-13.456,-1.7626,17.267,0.013357,1196.4,-54.659,-407.86,-108.04,48.342,0,0.33,0.039426,-0.011961
-12537,16900,6.1844,-12.157,-2.2164,18.681,0.015547,1175.2,-59.717,-428.96,-117.98,55.909,0,0.33,0.039426,-0.015948
6459,-41846,4.2925,-5.8374,-6.7382,18.384,0.010243,1381.1,-0.17702,-370.63,-85.069,44.876,0,0.33,0.015705,-0.019935
4686.4,-23642,3.9218,-5.2047,-7.6571,18.691,0.01162,1345.9,-12.356,-385.71,-87.318,37.777,0,0.33,0.015705,-0.023922
-2.3547e+05,-1.4022e+05,3.9376,-3.5044,-8.3921,15.594,0.005311,2793.7,26.685,327.41,-55.776,-1643.6,0,0.33,0.0078509,-0.019935
-2.0216e+05,-1.1548e+05,3.6574,-3.1173,-9.5358,15.749,0.0058961,2785.2,12.099,396.06,-56.841,-1665.3,0,0.33,0.0078508,-0.023922
-4.7997e+05,-2.2298e+05,3.8054,-2.4465,-9.2183,12.969,0.0011172,4086.9,41.355,996.7,-39.271,-3325.9,0,0.33,0,-0.019935
-4.125e+05,-1.9308e+05,3.5773,-2.1733,-10.481,13.054,0.001106,4100.3,25.546,1150.7,-39.949,-3360.2,0,0.33,0,-0.023922
-15110,14866,3.8445,-6.3816,-6.4559,19.236,0.015974,1133.2,-44.756,-430.3,-115.08,42.076,0,0.33,0.023563,-0.027908
1782,-9774.6,3.5479,-4.6252,-8.442,18.849,0.012981,1312.4,-24.612,-397.37,-88.56,29.648,0,0.33,0.015705,-0.027909
-7775.6,5049.7,4.2932,-7.1795,-5.8635,19.03,0.014495,1173.7,-34.685,-424.62,-111.73,47.684,0,0.33,0.023564,-0.023922
-29983,30992,4.1975,-7.6927,-4.6687,19.536,0.018336,1066.5,-63.546,-435.34,-137.88,52.321,0,0.33,0.031436,-0.027908
-22606,25311,4.711,-8.6462,-4.2593,19.343,0.017153,1110.5,-55.455,-436.61,-130.67,55.752,0,0.33,0.031437,-0.023922
-794.49,-9037.3,4.7316,-8.047,-5.1634,18.63,0.012647,1213.8,-24.758,-413.69,-107.31,51.205,0,0.33,0.023564,-0.019935
-12573,16086,5.1985,-9.6873,-3.7682,18.935,0.015572,1152.3,-47.493,-432.22,-122.34,56.069,0,0.33,0.031437,-0.019935
-21964,21588,7.5112,-12.646,-0.35997,21.961,0.01823,1205.6,-90.498,-419.59,-95.53,73.487,0,0.33,0.063132,-0.019935
-25414,25991,6.8817,-12.341,-0.93104,21.097,0.018001,1172.8,-86.699,-425.01,-117.06,72.584,0,0.33,0.055235,-0.019935
-29949,29488,6.4117,-11.023,-0.97231,21.556,0.019204,1123.3,-90.733,-413.42,-139.98,86.126,0,0.33,0.055235,-0.023921
-25447,24068,7.1266,-11.275,-0.30254,22.37,0.01939,1154.6,-93.674,-403.63,-121.52,92.816,0,0.33,0.063131,-0.023921
-26230,28033,6.2775,-11.781,-1.6643,20.253,0.017633,1149.4,-78.625,-430.26,-128.35,68.204,0,0.33,0.047338,-0.019935
-32018,32662,5.7655,-10.531,-1.8304,20.71,0.018802,1102.2,-83.672,-423.01,-146.68,76.342,0,0.33,0.047337,-0.023922
-30402,32212,5.2012,-9.7505,-2.9141,19.926,0.018212,1094.9,-71.955,-431.99,-142.97,65.622,0,0.33,0.039425,-0.023922
-35692,35890,4.6391,-8.688,-3.165,20.126,0.019241,1046.8,-78.374,-425.1,-155.3,65.416,0,0.33,0.039425,-0.027908
-36256,35426,5.1828,-9.3856,-1.9405,20.939,0.019941,1050.7,-88.795,-411.82,-164.91,80.569,0,0.33,0.047337,-0.027908
-39037,37558,4.0402,-7.7316,-3.3561,20.219,0.020264,998.52,-84.639,-416.34,-164.23,61.836,0,0.33,0.039424,-0.031895
-39020,36564,4.54,-8.3544,-1.9992,21.071,0.021104,999.07,-93.825,-399.01,-178.8,80.693,0,0.33,0.047336,-0.031895
-22808,26031,5.7159,-10.912,-2.5987,19.503,0.017124,1139.3,-65.615,-434.35,-129.63,62.185,0,0.33,0.039426,-0.019935
-40779,37754,3.4214,-6.8786,-3.4954,20.271,0.021291,952.78,-90.618,-407.7,-168.6,55.817,0,0.33,0.039424,-0.035882
-40448,36474,3.8614,-7.4357,-2.0138,21.16,0.022283,950.13,-98.655,-386.67,-186.05,77.704,0,0.33,0.047335,-0.035882
-41243,36966,2.8017,-6.1211,-3.5911,20.31,0.022305,911.26,-96.238,-400.16,-168.38,48.478,0,0.33,0.039423,-0.039869
-40785,35606,3.1748,-6.6207,-1.9927,21.215,0.023433,905.74,-103.23,-376.28,-186.49,72.967,0,0.33,0.047335,-0.039868
-32772,23889,3.135,-5.4879,0.84338,23.571,0.026716,882.36,-112.36,-304.78,-180.64,135.32,0,0.33,0.063125,-0.047852
-36839,29405,2.3613,-5.4594,-0.367,22.315,0.026281,849.15,-113.45,-334.85,-180.13,97.82,0,0.33,0.055229,-0.047851
-33060,24561,3.8181,-6.2016,0.58755,23.523,0.025803,911.85,-109.56,-313.08,-193.96,133.07,0,0.33,0.063127,-0.043856
-37530,30431,3.0346,-6.143,-0.53549,22.339,0.025352,881.36,-110.14,-341.26,-191.71,99.244,0,0.33,0.055231,-0.043856
-37763,31438,3.7489,-6.9056,-0.68652,22.288,0.024231,920.2,-106.61,-351.25,-197.87,101.01,0,0.33,0.055232,-0.039868
-32925,25270,4.5464,-6.9952,0.34833,23.363,0.02464,948.61,-106.61,-325.6,-200.43,130.7,0,0.33,0.063128,-0.039868
-40325,34347,2.5049,-5.8966,-1.9436,21.236,0.024503,866.94,-107.51,-368.54,-181.28,67.775,0,0.33,0.047334,-0.043856
-39381,33009,1.8691,-5.2481,-1.8728,21.227,0.025451,834.21,-111.49,-363.67,-172.1,63.162,0,0.33,0.047332,-0.04785
-40778,35634,2.1973,-5.4479,-3.6509,20.352,0.02328,874.86,-101.47,-394.3,-164.29,40.864,0,0.33,0.039422,-0.043856
-39683,34090,1.6202,-4.846,-3.6809,20.403,0.024193,843.92,-106.29,-390.31,-157.36,33.739,0,0.33,0.039421,-0.047849
12936,14872,1.447,-2.2118,-11.07,18.863,0.015865,1182,-85.041,-423.35,-83.076,-29.51,0,0.33,0.015703,-0.051843
12209,15145,1.1416,-1.9458,-11.27,18.885,0.015873,1172.4,-92.125,-425.3,-80.56,-38.606,0,0.33,0.015702,-0.055846
-40003,-34342,1.8117,-1.317,-13.934,15.597,0.0072828,2713.9,-74.421,662.35,-54.297,-1815.2,0,0.33,0.0078496,-0.051836
-26820,-29696,1.5865,-1.1565,-14.205,15.547,0.0072869,2706.9,-82.748,679.39,-53.07,-1834.4,0,0.33,0.0078487,-0.055832
-93721,-78144,2.0728,-0.93016,-15.429,12.948,0.00099639,4083.1,-68.291,1744.7,-38.25,-3587.9,0,0.33,0,-0.05183
-66477,-69656,1.8925,-0.81953,-15.741,12.889,0.00098268,4074.1,-77.327,1782.4,-37.555,-3616.5,0,0.33,0,-0.055817
10510,23110,0.50744,-2.3958,-8.6131,19.915,0.019808,929.07,-105.84,-424.81,-99.456,-28.068,0,0.33,0.023569,-0.059863
11400,15166,0.85339,-1.7045,-11.422,18.92,0.015854,1165.7,-98.349,-426.88,-77.941,-47.148,0,0.33,0.015701,-0.059845
11101,23877,0.86178,-2.7265,-8.5178,19.78,0.01999,941.25,-100.55,-424.55,-103.72,-20.837,0,0.33,0.023563,-0.055856
1579,28311,0.22792,-2.9319,-5.9786,20.312,0.02361,829.65,-112.9,-412.06,-117.15,-10.083,0,0.33,0.031478,-0.059893
-7582.9,29357,0.64104,-3.333,-5.948,20.15,0.023427,844.27,-108.56,-411.26,-124.02,-4.1864,0,0.33,0.031447,-0.055874
11530,24635,1.2385,-3.09,-8.3844,19.658,0.020045,956.87,-94.586,-424.64,-107.94,-12.767,0,0.33,0.023561,-0.051848
-12964,30667,1.0866,-3.7702,-5.8887,20.003,0.0231,862.83,-103.68,-411.76,-130.63,2.8445,0,0.33,0.031436,-0.051855
-32392,23464,2.5146,-4.8356,1.1104,23.524,0.027355,859.93,-114.98,-300.89,-163.89,138.34,0,0.33,0.063119,-0.051869
-36069,28623,1.7424,-4.8374,-0.18718,22.233,0.026995,823.56,-116.52,-332.31,-165.94,97.515,0,0.33,0.055223,-0.051865
-35441,28206,1.1814,-4.2606,0.00091481,22.115,0.027502,804.06,-119.38,-333.32,-150.87,98.61,0,0.33,0.055199,-0.055903
-32105,23367,1.9626,-4.2281,1.3853,23.411,0.027735,844.05,-117.44,-300.88,-145.82,142.7,0,0.33,0.063092,-0.055911
-38277,31829,1.2772,-4.6595,-1.7866,21.199,0.026255,807.5,-115.15,-361.67,-160.82,59.688,0,0.33,0.047327,-0.051861
-37229,30954,0.73279,-4.1165,-1.6877,21.162,0.026911,786.38,-118.52,-362.27,-148.61,57.546,0,0.33,0.047305,-0.055894
-31755,31347,0.57236,-3.8052,-3.6697,20.542,0.025765,797.76,-114.73,-388.03,-139.38,22.574,0,0.33,0.0394,-0.055883
-21825,30462,0.10909,-3.3435,-3.632,20.632,0.026411,781.6,-118.34,-389.67,-129.28,18.839,0,0.33,0.039385,-0.059921
-36307,30406,0.24077,-3.6085,-1.5757,21.129,0.027432,770.2,-121.57,-364.99,-135.76,56.678,0,0.33,0.04728,-0.059936
-15499,29838,-0.30825,-2.9088,-3.5768,20.736,0.026835,769.39,-121.51,-392.47,-118.64,16.349,0,0.33,0.039361,-0.063955
-35555,30164,-0.1953,-3.1275,-1.4505,21.115,0.027843,758.3,-124.24,-369.33,-122.61,56.928,0,0.33,0.047256,-0.063967
-37853,32582,1.0777,-4.3025,-3.6868,20.466,0.025025,818.37,-110.7,-388.19,-148.83,27.555,0,0.33,0.039417,-0.051856
-14147,29416,-0.67815,-2.4963,-3.5033,20.858,0.026988,760.6,-124.24,-395.89,-107.8,15.089,0,0.33,0.039353,-0.067962
-35007,30216,-0.57579,-2.6659,-1.3117,21.128,0.02817,749.99,-126.56,-374.82,-109.4,58.215,0,0.33,0.047241,-0.067977
-14215,29217,-1.0027,-2.1,-3.4109,21.001,0.027052,754.75,-126.53,-399.96,-97.084,14.935,0,0.33,0.03935,-0.071952
-34664,30504,-0.90154,-2.2163,-1.1596,21.178,0.028434,744.77,-128.52,-381.11,-96.216,60.44,0,0.33,0.047235,-0.071973
-33140,28203,0.1886,-0.98738,3.1249,22.868,0.027003,847.65,-127.1,-334.45,-39.136,196.89,0,0.33,0.063055,-0.079927
-35360,31582,-0.85881,-1.2148,1.3112,21.774,0.028064,776.41,-130.36,-373.3,-59.089,128.76,0,0.33,0.05513,-0.079954
-32859,27092,0.3113,-1.5165,2.8335,22.866,0.027308,837.89,-126.23,-328.45,-57.29,185.39,0,0.33,0.063059,-0.07593
-35090,30667,-0.66997,-1.7095,1.0737,21.732,0.028129,772.91,-129.38,-365.66,-74.566,121.56,0,0.33,0.055154,-0.075939
-34887,29802,-0.42237,-2.2025,0.8435,21.735,0.028147,772.4,-128.03,-357.71,-89.901,115.22,0,0.33,0.055163,-0.071938
-32531,25988,0.50254,-2.0439,2.5402,22.915,0.027566,831.59,-125.03,-321.67,-74.934,174.82,0,0.33,0.063062,-0.071939
-34496,30946,-1.1746,-1.7724,-0.99397,21.268,0.028651,742.29,-130.08,-387.83,-83.143,63.502,0,0.33,0.047232,-0.075964
-34493,31496,-1.3959,-1.3304,-0.81433,21.398,0.028822,742.43,-131.22,-394.67,-70.258,67.422,0,0.33,0.047228,-0.079957
-14535,29258,-1.2828,-1.7135,-3.3004,21.169,0.027131,751.51,-128.38,-404.76,-86.431,15.742,0,0.33,0.039348,-0.075938
-14980,29496,-1.5199,-1.331,-3.171,21.36,0.027211,750.69,-129.75,-410.11,-75.92,17.441,0,0.33,0.039346,-0.079925
5351.1,14304,-0.4978,-0.56238,-11.514,19.248,0.015712,1173,-119.21,-432.92,-59.355,-83.275,0,0.33,0.01571,-0.083801
4401.3,14158,-0.65529,-0.39567,-11.412,19.294,0.015682,1180.3,-120.2,-433.65,-55.757,-86.483,0,0.33,0.015706,-0.087808
-7710.4,-14061,0.37724,-0.3527,-14.689,15.288,0.0071135,2681.7,-115,709.57,-42.985,-1936.6,0,0.33,0.0078484,-0.083768
-16356,-13273,0.25922,-0.26163,-14.598,15.242,0.0070577,2680.6,-116.38,704.37,-41.197,-1947.7,0,0.33,0.0078473,-0.087768
-20910,-38774,0.94658,-0.28379,-16.376,12.428,0.00091334,4000.1,-112.69,1855,-31.604,-3767.9,0,0.33,0,-0.083732
-37216,-37021,0.85818,-0.22736,-16.294,12.348,0.00090524,3988.2,-114.33,1845.4,-30.572,-3785.1,0,0.33,0,-0.087721
3086.1,21274,-1.3963,-0.28958,-8.2869,21.12,0.019676,922.09,-124.43,-436.96,-55.678,-51.277,0,0.33,0.023582,-0.091845
3596.1,14010,-0.79312,-0.23044,-11.277,19.329,0.015638,1189.1,-120.51,-434.48,-52.35,-88.911,0,0.33,0.015703,-0.091806
3809.2,21202,-1.2525,-0.53528,-8.4277,20.981,0.019636,915.95,-124.32,-434.78,-61.027,-51.691,0,0.33,0.023585,-0.08785
1159.9,27166,-1.8312,-0.26605,-5.3685,21.87,0.023203,812.96,-128.25,-438.35,-53.457,-17.607,0,0.33,0.031449,-0.091893
2357.2,26779,-1.6953,-0.5873,-5.5294,21.664,0.023213,807.16,-128.28,-433.71,-60.993,-20.089,0,0.33,0.031451,-0.087899
4688.5,21189,-1.0823,-0.78035,-8.5391,20.832,0.019586,911.64,-123.58,-432.87,-66.786,-51.209,0,0.33,0.023588,-0.083849
3351.7,26489,-1.5262,-0.90476,-5.6642,21.452,0.023206,803.5,-127.74,-429.41,-68.903,-21.58,0,0.33,0.031455,-0.083894
-29142,29176,0.13661,-0.45587,3.4131,22.923,0.026649,861.24,-127.6,-338.73,-20.687,209.36,0,0.33,0.063053,-0.083921
-35687,32490,-0.98587,-0.7178,1.5565,21.864,0.027939,783.32,-130.91,-380.22,-43.446,137.09,0,0.33,0.055124,-0.083949
-34577,33215,-1.0495,-0.21676,1.8122,21.993,0.027722,794.39,-131.03,-385.64,-27.758,146.62,0,0.33,0.055141,-0.087915
-21717,29756,0.15612,0.076096,3.6972,23.029,0.026236,879.07,-127.76,-340.1,-2.7584,222.13,0,0.33,0.063056,-0.0879
-34691,32158,-1.5662,-0.88695,-0.61892,21.563,0.028932,745.32,-131.9,-401.58,-57.549,72.393,0,0.33,0.047227,-0.083947
-35064,32872,-1.6857,-0.43859,-0.40557,21.752,0.028952,751.41,-132.09,-408.38,-44.892,78.698,0,0.33,0.04723,-0.087929
-16301,30451,-1.8674,-0.56363,-2.8502,21.795,0.027319,756.17,-130.99,-421.98,-55.609,23.721,0,0.33,0.039341,-0.087914
-17384,31038,-1.9794,-0.17179,-2.655,22.021,0.027288,762.9,-130.83,-428.08,-45.72,28.56,0,0.33,0.03934,-0.091904
-35335,33399,-1.7539,0.017536,-0.1714,21.952,0.028838,761.42,-131.82,-413.88,-32.24,86.179,0,0.33,0.047238,-0.091911
-15545,29899,-1.7145,-0.94883,-3.0212,21.571,0.027279,752.21,-130.64,-415.87,-65.636,20.058,0,0.33,0.039343,-0.083922
42.174,-58.481,30.665,-0.83306,0.77356,0.0054788,0.00012433,0.66927,-14.59,4.0914,1.1309,0.94099,0,0.33,0.4303,-0.16046
24.484,-35.608,30.663,-0.79722,0.72183,0.0054761,0.00015312,0.60214,-14.619,1.4013,0.84979,-0.19504,0,0.33,0.44184,-0.16045
70.619,-97.078,30.688,-0.78203,0.77314,0.0054778,9.4603e-05,0.67299,-14.91,-0.55812,1.8806,0.45368,0,0.33,0.4303,-0.16844
43.096,-59.205,30.691,-0.76394,0.71274,0.0054757,0.00012041,0.61232,-14.897,-2.1777,1.7538,-0.72729,0,0.33,0.44184,-0.16843
16.907,-22.018,30.732,-0.61399,0.74817,0.0054738,0.00015881,0.56815,-15.759,7.602,-1.7533,0.7655,0,0.33,0.43028,-0.19241
32.48,-47.72,30.737,-0.62185,0.75623,0.0054756,0.0001365,0.60934,-15.495,4.1001,-0.3625,1.1278,0,0.33,0.43029,-0.18441
11.791,-13.175,30.72,-0.60892,0.68926,0.005472,0.00018991,0.52747,-15.589,4.061,-1.5604,-0.36224,0,0.33,0.44184,-0.19239
19.149,-29.898,30.742,-0.61664,0.69166,0.0054741,0.00016892,0.56907,-15.412,1.1846,-0.2892,-0.077909,0,0.33,0.44184,-0.1844
145.27,-197.59,30.996,0.43079,1.6416,0.0055231,5.8174e-05,1.4545,-28.244,0.54785,-0.86397,0.26158,0,0.33,0.23843,-0.225
174.93,-239.27,31,0.4265,1.747,0.0055284,5.3781e-05,1.5889,-28.311,1.4327,-0.28728,0.56707,0,0.33,0.23843,-0.21703
125.33,-157.51,30.93,0.25598,1.6685,0.0055095,6.6765e-05,1.2127,-26.294,-4.4251,-0.73023,-0.63212,0,0.33,0.25447,-0.22503
146.86,-195.81,30.933,0.23126,1.783,0.005515,6.2505e-05,1.3559,-26.282,-5.4108,-0.90886,-0.8014,0,0.33,0.25447,-0.21707
103.17,-149.73,30.867,0.099807,1.834,0.0055021,6.871e-05,1.113,-24.489,1.1768,-1.3281,0.6569,0,0.33,0.27055,-0.21705
92.624,-126.77,30.864,0.11091,1.7563,0.0054981,7.3164e-05,1.0165,-24.535,1.6461,-1.2116,0.61522,0,0.33,0.27054,-0.22502
72.344,-115.62,30.867,-0.10824,1.3688,0.0054925,7.7692e-05,0.92754,-21.815,-0.24471,-1.5507,0.26382,0,0.33,0.30236,-0.22506
89.642,-132.91,30.87,-0.14422,1.4429,0.0054954,7.0692e-05,1.0019,-21.642,-0.51895,-1.216,0.57389,0,0.33,0.30237,-0.21708
53.631,-66.493,30.802,-0.20055,1.3953,0.0054864,9.2482e-05,0.79904,-20.765,-6.8218,-1.469,-1.7082,0,0.33,0.31824,-0.22507
53.102,-66.16,30.808,-0.25213,1.473,0.0054894,9.271e-05,0.87285,-20.536,-9.8947,-1.9247,-2.3001,0,0.33,0.31825,-0.2171
57.905,-83.321,30.744,-0.32123,1.5212,0.0054833,8.8013e-05,0.7629,-19.566,-0.42565,-2.6051,0.21357,0,0.33,0.33416,-0.21711
51.447,-68.291,30.737,-0.2894,1.4701,0.0054811,8.94e-05,0.70684,-19.743,0.36194,-2.1626,0.27686,0,0.33,0.33416,-0.22508
31.298,-60.523,30.804,-0.36796,0.99121,0.0054793,0.00011328,0.66942,-18.246,1.0343,-1.5727,0.62897,0,0.33,0.36612,-0.22508
53.551,-77.473,30.807,-0.40634,1.0358,0.0054809,9.8177e-05,0.7179,-18.075,-0.74097,-0.88841,0.79613,0,0.33,0.36613,-0.2171
19.195,-17.296,30.75,-0.40552,1.0212,0.0054751,0.00014164,0.57886,-17.727,-6.5172,-1.8563,-1.7808,0,0.33,0.38203,-0.2251
15.025,-8.0657,30.763,-0.45641,1.0649,0.0054767,0.00014538,0.61632,-17.546,-10.497,-1.8528,-2.3707,0,0.33,0.38203,-0.21712
45.054,-64.715,30.726,-0.6036,0.72692,0.0054728,0.00011418,0.56569,-15.968,4.8235,-0.70042,0.097537,0,0.33,0.43026,-0.20043
33.321,-42.646,30.722,-0.60743,0.64594,0.0054716,0.00013986,0.53492,-15.779,1.9124,-0.84519,-0.78208,0,0.33,0.44184,-0.20038
516.58,-646.45,30.49,0.21495,3.0082,0.0057381,3.8076e-05,6.8911,-26.038,-1.6822,6.6112,3.9309,0,0.33,0.23862,-0.15679
517.13,-644.82,30.466,0.066202,2.9383,0.0057117,3.6897e-05,6.4603,-24.274,-3.2158,6.9282,2.5767,0,0.33,0.24659,-0.15712
416.71,-537.77,30.496,-0.037382,2.7984,0.0056511,3.7527e-05,4.9543,-23.169,-5.5899,7.9465,2.2932,0,0.33,0.25456,-0.16105
482.82,-607.64,30.521,0.10858,2.843,0.0056758,3.5855e-05,5.5019,-24.712,-3.1469,8.3649,2.5142,0,0.33,0.2466,-0.16115
455.62,-582.2,30.441,-0.085065,2.8887,0.0056816,3.7413e-05,5.7973,-22.681,-5.3075,6.5248,2.7188,0,0.33,0.25457,-0.15685
481.78,-607.91,30.542,0.25268,2.9119,0.005696,3.6357e-05,5.8187,-26.41,-1.4344,8.3036,3.9279,0,0.33,0.2386,-0.16083
382.25,-484.81,30.411,-0.32849,2.7777,0.0056095,3.8933e-05,4.0853,-19.96,-6.3819,4.1441,1.7,0,0.33,0.27053,-0.15718
395.81,-505.66,30.426,-0.21616,2.8395,0.0056411,3.8484e-05,4.8118,-21.229,-7.0396,5.1779,2.3671,0,0.33,0.26261,-0.15687
361.76,-464.57,30.476,-0.16065,2.7586,0.0056165,3.9454e-05,4.111,-21.766,-7.0879,6.7248,1.8413,0,0.33,0.26257,-0.16106
363.03,-460.29,30.457,-0.26931,2.7031,0.0055898,3.9629e-05,3.5053,-20.518,-6.0786,5.7138,1.4196,0,0.33,0.27051,-0.16122
400.33,-525.79,30.487,-0.74521,2.2227,0.0055639,3.7408e-05,3.0831,-16.362,1.0917,4.008,4.6346,0,0.33,0.30241,-0.15727
253.83,-337.88,30.501,-0.83313,2.1124,0.0055544,4.5433e-05,2.7115,-15.817,-8.9692,4.3338,0.22914,0,0.33,0.31041,-0.15727
130.97,-164.16,30.511,-0.8402,2.0581,0.0055303,5.5141e-05,1.9909,-15.902,-17.286,4.6873,-2.883,0,0.33,0.31852,-0.16123
247.42,-326.63,30.543,-0.76433,2.0566,0.0055465,4.5263e-05,2.474,-16.374,-10.837,5.2533,0.03227,0,0.33,0.31041,-0.16126
141.68,-185.91,30.473,-0.90991,2.1036,0.005536,5.5462e-05,2.158,-15.363,-14.609,3.5396,-2.2736,0,0.33,0.31851,-0.15724
398.37,-520.79,30.529,-0.67742,2.1631,0.0055542,3.7434e-05,2.7812,-16.931,-0.17026,4.8322,4.559,0,0.33,0.30241,-0.16126
231.07,-312.12,30.476,-0.9838,1.9634,0.0055167,4.8058e-05,1.73,-14.688,1.6689,0.35444,3.0494,0,0.33,0.33443,-0.15725
175.21,-230.36,30.454,-0.95641,2.0833,0.0055209,5.4228e-05,1.7998,-14.977,-7.5059,1.6387,0.50639,0,0.33,0.32649,-0.15725
185.67,-232.82,30.484,-0.8861,2.0502,0.0055167,5.2858e-05,1.6859,-15.493,-10.484,2.9844,-0.24096,0,0.33,0.32649,-0.16123
265.49,-349.35,30.501,-0.91703,1.9372,0.0055129,4.5416e-05,1.6419,-15.177,-1.3682,1.8175,2.6829,0,0.33,0.33443,-0.16124
102.94,-163.4,30.595,-1.0208,1.3467,0.0055033,6.7104e-05,1.2906,-14.207,4.9814,2.9839,4.8006,0,0.33,0.36617,-0.15727
29.967,-53.161,30.618,-1.0257,1.2757,0.0054978,0.00010702,1.0935,-14.208,-5.2642,3.4006,-1.5324,0,0.33,0.37411,-0.15726
1.0051,-0.83002,30.6,-0.99177,1.3005,0.0054889,0.00011303,0.89379,-14.532,-12.97,3.8657,-5.2059,0,0.33,0.3821,-0.16118
36.881,-60.713,30.644,-0.988,1.26,0.0054962,9.2858e-05,1.075,-14.553,-9.915,4.1145,-1.7522,0,0.33,0.37411,-0.16125
13.202,-16.826,30.576,-1.0259,1.3085,0.0054904,0.00012789,0.91419,-14.212,-8.0732,2.8814,-4.7366,0,0.33,0.3821,-0.1572
152.16,-223.15,30.621,-0.97767,1.3304,0.0055016,5.8236e-05,1.2825,-14.577,0.65313,3.3437,4.6019,0,0.33,0.36617,-0.16126
414.7,-527.09,30.652,0.31793,2.7262,0.0056399,3.731e-05,4.3806,-27.011,0.95755,9.0791,3.8882,0,0.33,0.23853,-0.16899
448.77,-568.74,30.597,0.28772,2.8178,0.0056644,3.6368e-05,5.005,-26.727,-0.60236,9.1919,3.9089,0,0.33,0.23856,-0.1649
421.58,-535.89,30.634,0.18013,2.6586,0.0056281,3.6995e-05,4.2355,-25.45,-1.1799,8.7265,2.4425,0,0.33,0.2466,-0.16919
451.06,-570.84,30.578,0.1475,2.7497,0.0056488,3.6124e-05,4.7795,-25.103,-2.5235,9.0126,2.4741,0,0.33,0.2466,-0.16518
377.96,-491.31,30.553,0.0055422,2.7112,0.0056283,3.8802e-05,4.3227,-23.606,-5.2337,8.5227,1.9299,0,0.33,0.25455,-0.1652
342.95,-448.59,30.607,0.040172,2.6278,0.0056107,4.0696e-05,3.8468,-24.001,-4.1418,8.1774,1.6158,0,0.33,0.25455,-0.16924
309.16,-399.69,30.815,0.36347,2.3752,0.0055749,4.2102e-05,2.781,-27.857,8.1153,4.5442,3.1719,0,0.33,0.23845,-0.18514
360.29,-466.23,30.794,0.22434,2.2964,0.0055713,3.9204e-05,2.8273,-26.491,3.2673,4.0116,1.6903,0,0.33,0.24661,-0.18515
307.53,-389.09,30.843,0.36699,2.2911,0.0055628,4.2569e-05,2.4712,-27.994,8.1735,4.9399,2.7312,0,0.33,0.23845,-0.18913
343.85,-441.78,30.822,0.22753,2.2051,0.0055597,3.9725e-05,2.5163,-26.675,1.5858,4.4892,1.3278,0,0.33,0.2466,-0.18914
170.86,-259.89,30.819,0.10581,2.1685,0.0055391,5.3498e-05,1.9919,-25.644,-13.672,5.606,-0.34712,0,0.33,0.25457,-0.19314
308.85,-407.47,30.853,0.23776,2.1177,0.0055502,4.0165e-05,2.2459,-26.847,-1.2184,5.881,0.97717,0,0.33,0.2466,-0.19313
222.44,-302.82,30.789,0.088043,2.2371,0.0055484,5.1663e-05,2.2533,-25.44,-8.3571,4.2685,-0.015821,0,0.33,0.25458,-0.18915
311.5,-389.58,30.874,0.37516,2.2103,0.0055533,4.2106e-05,2.2232,-28.114,7.792,6.1679,2.3157,0,0.33,0.23845,-0.19312
257.12,-347.86,30.762,0.081606,2.3116,0.0055596,4.8886e-05,2.5567,-25.218,-4.1831,3.6915,0.34794,0,0.33,0.25459,-0.18516
308.64,-390.01,30.553,-0.16854,2.5606,0.0055633,4.3005e-05,2.7338,-21.494,-2.7145,6.3557,1.1145,0,0.33,0.27052,-0.16923
285.7,-369.34,30.58,-0.068872,2.6082,0.0055839,4.4017e-05,3.1799,-22.687,-4.6626,7.1836,1.0932,0,0.33,0.26253,-0.16922
338.15,-427.79,30.506,-0.21479,2.6308,0.005575,4.1002e-05,3.0691,-21.028,-4.8558,6.4364,1.2242,0,0.33,0.27051,-0.16523
323.77,-417.36,30.529,-0.11025,2.6813,0.0055983,4.1367e-05,3.5833,-22.25,-6.281,7.3982,1.4283,0,0.33,0.26254,-0.16519
323.36,-430.53,30.613,-0.54664,2.0483,0.0055393,4.0853e-05,2.2854,-17.968,1.7538,5.1255,4.6919,0,0.33,0.30241,-0.16923
371.46,-487.7,30.571,-0.60917,2.1048,0.0055463,3.8548e-05,2.5221,-17.466,0.018956,5.1946,4.5896,0,0.33,0.30241,-0.16525
202.06,-270.24,30.627,-0.62956,1.9469,0.0055349,4.9154e-05,2.102,-17.389,-9.8358,5.5168,0.046967,0,0.33,0.31041,-0.16923
228.56,-301.8,30.585,-0.69421,2.0014,0.0055403,4.6554e-05,2.2765,-16.898,-11.149,5.6276,-0.0026665,0,0.33,0.31041,-0.16524
114.48,-136.31,30.55,-0.76853,2.0132,0.0055259,5.7566e-05,1.8516,-16.411,-18.153,5.1471,-3.2928,0,0.33,0.31851,-0.16522
97.458,-112.01,30.59,-0.70278,1.9691,0.0055221,6.2715e-05,1.7296,-16.89,-17.22,5.0052,-3.5823,0,0.33,0.31851,-0.16921
232.04,-294.99,30.697,-0.075968,2.2898,0.0055288,4.9528e-05,1.829,-22.994,3.9625,3.3877,0.75767,0,0.33,0.27053,-0.18518
238.18,-295.66,30.726,-0.056004,2.2243,0.0055221,4.9589e-05,1.6517,-23.288,3.3368,4.2841,0.589,0,0.33,0.27055,-0.18916
175.07,-230.07,30.726,0.0026563,2.3463,0.0055408,5.611e-05,2.061,-24.058,-1.8169,3.5788,0.091096,0,0.33,0.26254,-0.18518
156.9,-202.56,30.754,0.017442,2.2893,0.0055319,5.8674e-05,1.824,-24.316,-3.7852,4.326,-0.067792,0,0.33,0.26254,-0.18916
136.9,-180.64,30.785,0.039031,2.2376,0.0055249,5.9965e-05,1.6361,-24.553,-5.5938,5.5206,-0.11286,0,0.33,0.26254,-0.19315
240.1,-292.07,30.759,-0.028946,2.1632,0.0055172,4.9386e-05,1.5131,-23.566,2.7778,5.6132,0.49672,0,0.33,0.27057,-0.19314
168.69,-244.41,30.734,-0.40846,1.8379,0.0055162,5.1163e-05,1.5822,-19.64,10.659,0.68732,4.6661,0,0.33,0.30241,-0.18519
142.04,-200.26,30.747,-0.49374,1.7255,0.0055161,5.5862e-05,1.5829,-19.047,-2.6018,0.51574,-0.26415,0,0.33,0.3104,-0.18519
205.5,-278.87,30.751,-0.38268,1.7867,0.0055113,4.877e-05,1.4632,-19.975,9.7054,1.1626,4.1512,0,0.33,0.3024,-0.18918
146.3,-187.75,30.761,-0.47116,1.6657,0.0055111,5.5244e-05,1.4596,-19.387,-5.3616,0.88638,-0.65889,0,0.33,0.31038,-0.18918
28.439,45.399,30.729,-0.51029,1.7169,0.0054991,8.7321e-05,1.1285,-19.197,-25.28,2.5973,-5.1587,0,0.33,0.31831,-0.19318
153.84,-163.03,30.781,-0.43476,1.6083,0.0055068,5.3377e-05,1.3426,-19.715,-9.5275,2.8314,-1.04,0,0.33,0.31035,-0.19317
52.629,-26.838,30.71,-0.54975,1.7556,0.0055029,8.8134e-05,1.2316,-18.863,-18.592,0.78703,-4.952,0,0.33,0.3184,-0.18918
247.04,-329.28,30.772,-0.34721,1.7379,0.0055073,4.5533e-05,1.3647,-20.29,8.3128,2.8591,3.6588,0,0.33,0.3024,-0.19317
71.867,-78.202,30.697,-0.5723,1.798,0.0055073,8.4472e-05,1.3443,-18.519,-13.556,0.24283,-4.696,0,0.33,0.31848,-0.18517
239.53,-314.43,30.558,-0.77405,1.88,0.0055066,4.7881e-05,1.4446,-16.084,-1.0655,2.6121,2.3744,0,0.33,0.33443,-0.16922
156.56,-184.71,30.551,-0.74271,1.9842,0.0055102,5.9625e-05,1.4731,-16.443,-10.237,3.5609,-1.1619,0,0.33,0.32649,-0.16921
268.25,-349.75,30.53,-0.84397,1.9091,0.0055097,4.5315e-05,1.5507,-15.642,-2.3388,2.5096,2.4819,0,0.33,0.33443,-0.16523
178.25,-215.41,30.518,-0.81195,2.0169,0.0055133,5.4587e-05,1.5797,-15.981,-11.396,3.5802,-0.77387,0,0.33,0.32649,-0.16522
192.03,-265.17,30.675,-0.84812,1.2918,0.0054995,5.221e-05,1.2527,-15.269,-3.0004,3.1015,4.8857,0,0.33,0.36617,-0.16924
190.19,-264.78,30.649,-0.91649,1.3116,0.0055006,5.2614e-05,1.2808,-14.93,-2.6154,3.4702,4.6578,0,0.33,0.36617,-0.16525
45.232,-55.704,30.702,-0.8648,1.2221,0.0054946,8.0487e-05,1.0563,-15.194,-15.294,4.2974,-1.3725,0,0.33,0.37411,-0.16923
43.767,-62.385,30.673,-0.93116,1.242,0.0054953,8.1398e-05,1.0703,-14.882,-14.014,4.6064,-1.6788,0,0.33,0.37411,-0.16524
-10.066,18.275,30.627,-0.93961,1.2901,0.0054882,9.8819e-05,0.88576,-14.837,-17.478,4.631,-5.4876,0,0.33,0.38213,-0.16514
-16.699,33.657,30.656,-0.87709,1.2784,0.0054877,9.8587e-05,0.87465,-15.128,-19.258,4.4968,-5.5476,0,0.33,0.38214,-0.16911
109.91,-160.27,30.644,-0.61567,1.7578,0.0054945,6.389e-05,1.0752,-17.615,8.0182,0.041547,2.29,0,0.33,0.33436,-0.18519
148.9,-201.78,30.658,-0.58683,1.7247,0.0054922,5.8758e-05,1.0286,-17.94,6.4405,1.0105,1.9193,0,0.33,0.33424,-0.1892
76.14,-83.717,30.644,-0.59179,1.8653,0.0054973,8.7464e-05,1.1033,-18.027,-3.5773,0.15216,-1.8428,0,0.33,0.32644,-0.18518
82.758,-73.865,30.658,-0.56474,1.84,0.0054941,8.8235e-05,1.0257,-18.362,-6.0743,0.98214,-1.9302,0,0.33,0.32635,-0.18918
83.336,-60.316,30.678,-0.52687,1.8179,0.0054916,8.5445e-05,0.96094,-18.683,-9.0518,2.4607,-1.9065,0,0.33,0.32625,-0.19319
195.03,-251.48,30.678,-0.54596,1.6925,0.0054904,5.3253e-05,0.9909,-18.247,4.4385,2.759,1.6268,0,0.33,0.33416,-0.1932
36.1,-67.368,30.75,-0.68117,1.2192,0.0054915,8.0472e-05,0.97435,-16.464,12.26,-1.2144,5.6207,0,0.33,0.36616,-0.1852
36.502,-51.486,30.779,-0.70176,1.1279,0.0054904,9.0738e-05,0.94191,-16.299,-2.1691,-1.2477,-0.94233,0,0.33,0.3741,-0.1852
50.585,-79.629,30.75,-0.67255,1.2012,0.0054892,7.6232e-05,0.93114,-16.714,12.929,-2.3474,5.1689,0,0.33,0.36616,-0.18919
45.455,-53.916,30.776,-0.69906,1.0981,0.0054884,8.4904e-05,0.90971,-16.541,-2.0707,-2.7979,-1.3358,0,0.33,0.37409,-0.18919
7.4626,61.474,30.716,-0.72192,1.1903,0.0054812,0.00012252,0.74353,-16.619,-20.355,-0.86407,-6.3245,0,0.33,0.38203,-0.19319
60.682,-44.142,30.772,-0.68649,1.0682,0.0054861,7.9241e-05,0.8621,-16.776,-7.1024,-1.169,-1.7864,0,0.33,0.37409,-0.19318
30.412,-15.47,30.72,-0.73352,1.204,0.0054834,0.00011059,0.80002,-16.396,-12.629,-2.7891,-6.3691,0,0.33,0.38203,-0.18919
26.925,-23.863,30.725,-0.73311,1.2209,0.0054852,0.0001188,0.82912,-16.165,-10.187,-1.8439,-6.255,0,0.33,0.38205,-0.18518
114.18,-164.79,30.751,-0.65333,1.1824,0.0054872,6.2617e-05,0.90797,-16.951,9.8136,-1.0413,4.3742,0,0.33,0.36616,-0.19318
503.24,-621.5,30.581,0.83777,3.1011,0.0060134,6.9354e-05,11.651,-34.436,-4.2845,5.1455,3.2677,0,0.33,0.20664,-0.15711
479.33,-604.39,30.542,0.67426,3.1159,0.0059099,5.5612e-05,9.8965,-32.147,-3.9597,5.9283,3.7578,0,0.33,0.21461,-0.15713
422.43,-556.62,30.56,0.55079,3.0118,0.0057734,4.1652e-05,7.1718,-30.209,-2.7911,8.8407,5.2134,0,0.33,0.22259,-0.16104
423.81,-545.74,30.586,0.69095,3.0155,0.005837,4.75e-05,8.3186,-32.245,-4.7382,8.6839,4.0566,0,0.33,0.2146,-0.16114
467.44,-605.42,30.512,0.52577,3.1115,0.0058338,4.68e-05,8.5551,-30.01,-2.5282,6.4238,5.059,0,0.33,0.22262,-0.15694
434.55,-550.06,30.618,0.84641,3.0003,0.0059253,5.7599e-05,9.8584,-34.454,-5.4666,8.1723,3.4393,0,0.33,0.20663,-0.16113
495.04,-631.6,30.499,0.36633,3.0724,0.0057787,4.105e-05,7.5888,-27.931,-1.015,6.5451,5.6382,0,0.33,0.23067,-0.15668
457.23,-588.64,30.549,0.39768,2.9742,0.0057282,3.8025e-05,6.3707,-28.228,-0.93541,8.6026,5.6221,0,0.33,0.23065,-0.16071
417.7,-534.01,30.397,-0.43786,2.6996,0.0055929,3.7291e-05,3.765,-18.843,-2.0867,3.7727,3.1773,0,0.33,0.27857,-0.15723
459.2,-593.36,30.456,-0.48515,2.4979,0.0055675,3.487e-05,3.1363,-18.438,3.8827,5.0563,5.9924,0,0.33,0.28653,-0.16123
403.71,-516.21,30.441,-0.37755,2.6281,0.0055761,3.7709e-05,3.2549,-19.409,-1.704,5.2655,3.1514,0,0.33,0.27857,-0.16123
475.58,-613.49,30.412,-0.54695,2.5673,0.0055817,3.4456e-05,3.5831,-17.863,3.9625,3.8194,6.0079,0,0.33,0.28653,-0.15724
476.51,-619.28,30.451,-0.65285,2.3906,0.0055709,3.407e-05,3.3354,-17.039,5.851,3.9297,6.7078,0,0.33,0.29447,-0.15726
464.26,-603.2,30.494,-0.58835,2.326,0.0055594,3.4447e-05,2.9659,-17.616,5.0147,4.8715,6.5979,0,0.33,0.29447,-0.16125
232.55,-302,30.502,-0.99851,1.8152,0.0055139,4.8415e-05,1.6578,-14.471,5.9499,0.46523,1.9109,0,0.33,0.34236,-0.15726
274.45,-349.33,30.536,-0.95304,1.6373,0.0055076,4.5111e-05,1.5117,-14.756,4.946,2.8152,2.1382,0,0.33,0.3503,-0.16125
280.11,-359.68,30.526,-0.93843,1.7936,0.0055107,4.4782e-05,1.5941,-14.93,2.7326,1.8222,2.1026,0,0.33,0.34236,-0.16125
218.65,-278.88,30.509,-1.0067,1.657,0.00551,4.9455e-05,1.5465,-14.327,8.5514,1.9434,1.868,0,0.33,0.3503,-0.15726
175.16,-242.66,30.536,-1.0169,1.4957,0.0055063,5.1784e-05,1.4276,-14.242,9.4244,2.7995,5.034,0,0.33,0.35823,-0.15727
237.24,-319,30.564,-0.96862,1.478,0.0055046,4.6719e-05,1.4149,-14.641,5.3374,3.1905,4.9369,0,0.33,0.35823,-0.16126
386.17,-496.43,30.666,0.85724,2.9046,0.0058583,5.0229e-05,8.4548,-34.439,-5.9084,10.355,3.5439,0,0.33,0.20663,-0.16513
358.04,-472.26,30.691,0.72408,2.8285,0.005742,4.1615e-05,6.2345,-32.364,-3.775,10.852,4.1147,0,0.33,0.2146,-0.16913
383.18,-501.49,30.637,0.70867,2.9203,0.0057831,4.3365e-05,7.1318,-32.318,-4.7212,10.417,4.174,0,0.33,0.2146,-0.16514
388.22,-516.71,30.614,0.57467,2.9165,0.0057288,3.9681e-05,6.1448,-30.376,-2.2387,10.201,5.1986,0,0.33,0.22257,-0.16507
361.25,-483.83,30.67,0.5943,2.8243,0.0056947,3.9459e-05,5.3659,-30.514,-0.90998,10.343,5.0544,0,0.33,0.22257,-0.16907
344.68,-454.87,30.744,0.73433,2.7386,0.0057091,4.1077e-05,5.5325,-32.387,-2.1782,10.173,3.9197,0,0.33,0.2146,-0.17312
321.7,-435.67,30.768,0.61141,2.644,0.0056446,4.0812e-05,4.2504,-30.712,2.8143,8.1074,4.5281,0,0.33,0.22256,-0.17707
339.63,-446.04,30.79,0.73776,2.6492,0.0056821,4.1023e-05,4.9665,-32.386,-0.25019,8.7908,3.6425,0,0.33,0.2146,-0.17711
339.34,-456.95,30.722,0.60709,2.7338,0.0056673,4.0021e-05,4.7516,-30.626,0.9299,9.4994,4.8214,0,0.33,0.22257,-0.17306
423.87,-547.4,30.604,0.42696,2.8794,0.0056907,3.7407e-05,5.4569,-28.482,-0.23165,9.7278,5.4882,0,0.33,0.23064,-0.16473
390.8,-505.33,30.66,0.45151,2.7875,0.0056617,3.811e-05,4.755,-28.701,1.1563,9.747,5.3017,0,0.33,0.23063,-0.16875
380.14,-485.85,30.704,0.34059,2.6364,0.0056203,3.8668e-05,3.8896,-27.265,3.111,8.0876,3.848,0,0.33,0.2385,-0.17305
396.52,-507.44,30.685,0.20384,2.5685,0.0056114,3.7954e-05,3.8133,-25.76,0.67988,7.642,2.3824,0,0.33,0.2466,-0.17319
293.34,-390.51,30.699,0.076302,2.4671,0.0055837,4.4766e-05,3.1624,-24.678,-1.6752,5.5917,1.0512,0,0.33,0.25457,-0.17721
378.77,-487.48,30.729,0.21753,2.4784,0.0055971,3.8689e-05,3.4651,-26.036,2.4799,6.108,2.2467,0,0.33,0.24661,-0.17718
314.37,-415.05,30.657,0.06391,2.5469,0.0055963,4.2761e-05,3.4758,-24.358,-2.6988,7.0875,1.3368,0,0.33,0.25456,-0.17323
348.27,-448.36,30.748,0.35451,2.548,0.0056037,4.0093e-05,3.4846,-27.494,5.389,6.6017,3.7436,0,0.33,0.23848,-0.1771
356.96,-463.55,30.712,0.4688,2.6977,0.0056384,3.9462e-05,4.1991,-28.893,3.0618,8.8404,5.091,0,0.33,0.23062,-0.17279
323.7,-423.9,30.758,0.47732,2.6096,0.0056189,4.1081e-05,3.7404,-29.057,4.9853,7.4313,4.8388,0,0.33,0.23059,-0.17688
328.76,-427.91,30.862,0.72493,2.4705,0.0056356,4.1517e-05,3.9553,-32.326,2.5557,6.4597,3.0609,0,0.33,0.21459,-0.18509
265.73,-337.68,30.919,0.84902,2.3892,0.0056517,4.7139e-05,4.1113,-33.899,2.2142,6.9121,2.5183,0,0.33,0.20662,-0.18907
312.17,-404.47,30.892,0.71517,2.3825,0.0056147,4.2456e-05,3.4454,-32.272,2.2819,6.5917,2.8046,0,0.33,0.21459,-0.18908
250.78,-352.05,30.905,0.59035,2.2991,0.005576,4.5497e-05,2.5998,-30.827,-0.39038,7.4773,3.0538,0,0.33,0.22253,-0.19309
280.8,-375.15,30.924,0.71088,2.2979,0.0055975,4.3809e-05,3.0016,-32.212,0.84589,7.5888,2.5915,0,0.33,0.21459,-0.19307
272.28,-372.8,30.872,0.59118,2.3806,0.005589,4.4094e-05,2.9446,-30.824,2.4723,6.4036,3.4386,0,0.33,0.22253,-0.1891
290.78,-398.47,30.841,0.59903,2.4664,0.0056056,4.2652e-05,3.3623,-30.808,4.0638,6.0978,3.8347,0,0.33,0.22254,-0.1851
336.69,-439.66,30.829,0.73401,2.5597,0.0056582,4.1137e-05,4.4632,-32.365,1.5331,7.3289,3.3458,0,0.33,0.2146,-0.1811
306.52,-417.51,30.808,0.60763,2.5546,0.0056244,4.1646e-05,3.8014,-30.772,4.0731,6.772,4.1993,0,0.33,0.22254,-0.18109
368.45,-475.44,30.765,0.22289,2.3877,0.005584,3.9069e-05,3.1456,-26.279,3.5207,4.6819,2.0117,0,0.33,0.24661,-0.18117
323.25,-418.44,30.785,0.36087,2.4609,0.0055888,4.1307e-05,3.1227,-27.692,7.1948,5.2128,3.5259,0,0.33,0.23846,-0.18113
277.1,-370.95,30.733,0.080187,2.3886,0.0055716,4.6731e-05,2.8637,-24.965,-1.9601,4.2421,0.71891,0,0.33,0.25458,-0.18118
270.8,-358.71,30.828,0.47488,2.44,0.0055855,4.4399e-05,2.9385,-29.278,6.2473,5.5209,4.0523,0,0.33,0.23049,-0.18508
257.16,-335.01,30.859,0.47376,2.3604,0.0055714,4.5942e-05,2.5825,-29.355,5.0329,5.9035,3.506,0,0.33,0.23048,-0.18911
250.41,-327.97,30.892,0.47933,2.2861,0.0055604,4.6726e-05,2.2994,-29.417,3.1511,7.0027,2.9705,0,0.33,0.23047,-0.19311
293.84,-388.07,30.796,0.47787,2.5233,0.0056015,4.2774e-05,3.3294,-29.179,6.2225,6.1264,4.505,0,0.33,0.23053,-0.181
337.02,-434.8,30.535,-0.27431,2.4884,0.0055528,4.071e-05,2.5524,-20.416,1.9198,5.9409,3.177,0,0.33,0.27857,-0.16921
376.11,-481.98,30.488,-0.32168,2.5577,0.0055632,3.8855e-05,2.8637,-19.932,-0.35827,5.9647,3.1414,0,0.33,0.27857,-0.16522
417.29,-543.44,30.503,-0.4267,2.4299,0.0055562,3.6217e-05,2.7723,-18.974,4.8524,5.6403,5.9594,0,0.33,0.28653,-0.16522
353.67,-468.27,30.548,-0.37646,2.3638,0.0055467,3.8622e-05,2.4632,-19.474,6.8483,5.6157,5.9532,0,0.33,0.28653,-0.16921
250.54,-325.62,30.626,-0.038738,2.5384,0.005572,4.7095e-05,2.8582,-23.084,-2.7132,6.2743,0.81833,0,0.33,0.26253,-0.17322
278.09,-352.29,30.597,-0.13312,2.4918,0.0055535,4.5335e-05,2.465,-21.921,-0.072083,5.6334,1.0657,0,0.33,0.27052,-0.17322
220.27,-287.81,30.666,-0.019528,2.4713,0.0055613,5.0312e-05,2.5812,-23.444,-1.1809,4.9853,0.57434,0,0.33,0.26253,-0.1772
251.82,-320.42,30.636,-0.10857,2.4239,0.0055448,4.7524e-05,2.2368,-22.312,2.3336,4.5186,1.0227,0,0.33,0.27052,-0.17721
294.44,-384.72,30.578,-0.23867,2.4197,0.005544,4.2938e-05,2.2995,-20.862,4.6127,5.3146,3.2358,0,0.33,0.27857,-0.1732
219,-308.98,30.628,-0.31374,2.2372,0.0055313,4.571e-05,1.9789,-20.365,11.259,3.9751,5.8849,0,0.33,0.28653,-0.17719
259.87,-345.01,30.617,-0.21507,2.3509,0.0055363,4.4922e-05,2.0893,-21.273,6.8137,4.267,3.241,0,0.33,0.27856,-0.17719
281.38,-382.79,30.591,-0.33849,2.2997,0.0055385,4.197e-05,2.1999,-19.938,9.324,5.0326,5.9584,0,0.33,0.28653,-0.1732
422.26,-552.65,30.539,-0.52509,2.2633,0.0055501,3.5828e-05,2.6503,-18.157,5.4229,5.312,6.5159,0,0.33,0.29447,-0.16524
354.23,-471.66,30.582,-0.46868,2.2031,0.0055419,3.842e-05,2.3669,-18.663,7.1666,5.2622,6.4866,0,0.33,0.29447,-0.16922
264.06,-360.02,30.653,-0.49506,1.9936,0.005533,4.4232e-05,2.0692,-18.436,4.6193,4.5879,4.8379,0,0.33,0.30241,-0.17322
174.37,-240.01,30.667,-0.57615,1.8927,0.00553,5.2388e-05,1.9474,-17.849,-7.2986,4.9447,0.11634,0,0.33,0.31041,-0.17322
77.836,-94.895,30.657,-0.61187,1.883,0.0055152,7.6478e-05,1.5315,-17.759,-12.744,3.0247,-4.0673,0,0.33,0.31851,-0.17719
152.57,-217.08,30.702,-0.5374,1.8384,0.0055255,5.5174e-05,1.8153,-18.278,-4.3833,3.6772,0.13296,0,0.33,0.31041,-0.17721
84.069,-98.277,30.626,-0.64937,1.9258,0.0055187,6.9666e-05,1.6233,-17.339,-15.071,4.3433,-3.8164,0,0.33,0.31851,-0.1732
207.6,-292.22,30.688,-0.45695,1.9406,0.0055272,4.8107e-05,1.8805,-18.871,7.7529,3.3851,4.9687,0,0.33,0.30241,-0.17721
273.26,-374.43,30.623,-0.4241,2.1459,0.0055346,4.2271e-05,2.1129,-19.134,9.7931,4.6897,6.5005,0,0.33,0.29447,-0.17321
198.66,-283.61,30.659,-0.39338,2.0916,0.0055279,4.6956e-05,1.8936,-19.57,12.314,3.5278,6.475,0,0.33,0.29446,-0.1772
235.48,-300.36,30.669,-0.091523,2.3565,0.0055366,4.9031e-05,2.0276,-22.67,3.7744,3.5425,0.92355,0,0.33,0.27052,-0.18119
195.55,-256.32,30.699,-0.007732,2.4071,0.0055509,5.3389e-05,2.319,-23.768,-0.79022,3.8695,0.32712,0,0.33,0.26253,-0.18119
271.44,-350.74,30.706,-0.16258,2.1412,0.0055166,4.4986e-05,1.5813,-22.298,3.3595,4.0121,2.2996,0,0.33,0.27857,-0.18915
250.78,-334.71,30.678,-0.18503,2.2115,0.0055224,4.5761e-05,1.7333,-21.989,6.3068,3.1193,2.7569,0,0.33,0.27856,-0.18516
245.43,-339.12,30.743,-0.22343,1.995,0.0055094,4.6071e-05,1.398,-21.732,-0.27316,4.945,3.4403,0,0.33,0.28652,-0.19315
283.48,-365.12,30.739,-0.12667,2.0747,0.0055123,4.4188e-05,1.4581,-22.588,-0.081583,5.3798,1.8866,0,0.33,0.27857,-0.19313
214.77,-296.67,30.712,-0.26185,2.0536,0.0055133,4.867e-05,1.4984,-21.433,4.8239,3.4494,4.1835,0,0.33,0.28652,-0.18916
184.98,-269.46,30.686,-0.2845,2.1146,0.0055185,4.9702e-05,1.6311,-21.112,9.2694,2.5817,4.991,0,0.33,0.28652,-0.18517
244.07,-327.28,30.649,-0.19968,2.2816,0.0055291,4.5973e-05,1.904,-21.648,7.5614,3.2982,3.0957,0,0.33,0.27856,-0.18117
183.99,-268.11,30.66,-0.29847,2.1757,0.0055246,4.8713e-05,1.7918,-20.757,11.494,2.8961,5.5913,0,0.33,0.28652,-0.18118
142.21,-204.39,30.729,-0.51224,1.7828,0.0055209,5.6434e-05,1.6989,-18.677,-2.4022,1.8497,0.016348,0,0.33,0.31041,-0.1812
170.82,-247.8,30.715,-0.43032,1.889,0.0055216,5.1e-05,1.7201,-19.272,10.039,1.7482,4.9538,0,0.33,0.30241,-0.1812
77.097,-93.205,30.681,-0.58884,1.8403,0.0055115,8.1259e-05,1.4436,-18.151,-11.75,1.3113,-4.3778,0,0.33,0.31851,-0.18118
143.69,-217.13,30.709,-0.35745,1.9907,0.0055159,5.2553e-05,1.5546,-20.336,12.5,1.4543,5.675,0,0.33,0.29446,-0.18518
179.32,-251.71,30.73,-0.33475,1.9424,0.0055109,5.096e-05,1.4325,-20.667,9.4194,2.1314,4.8457,0,0.33,0.29446,-0.18917
223.76,-306.42,30.755,-0.29882,1.8967,0.0055072,4.7587e-05,1.3444,-20.978,5.7195,3.7112,4.0521,0,0.33,0.29446,-0.19316
150.55,-225.16,30.687,-0.37372,2.0401,0.0055217,5.107e-05,1.7087,-19.971,13.508,2.1431,6.2447,0,0.33,0.29446,-0.18119
263.33,-340.9,30.581,-0.80219,1.7439,0.0055051,4.5982e-05,1.4273,-15.787,2.5311,2.4312,2.6043,0,0.33,0.34236,-0.16923
292.9,-375.15,30.554,-0.86955,1.7694,0.005508,4.3874e-05,1.5235,-15.369,1.4304,2.4288,2.3351,0,0.33,0.34236,-0.16524
299.18,-379.43,30.566,-0.88748,1.6153,0.0055057,4.3448e-05,1.4687,-15.167,3.0363,3.1672,2.3669,0,0.33,0.3503,-0.16524
275.77,-352.36,30.595,-0.82083,1.5926,0.0055034,4.5045e-05,1.3922,-15.56,3.6858,3.0286,2.6306,0,0.33,0.3503,-0.16923
128.3,-150.34,30.582,-0.68526,1.9524,0.0055071,6.7459e-05,1.3694,-16.878,-7.71,3.0676,-1.4251,0,0.33,0.32649,-0.1732
193.05,-258.26,30.586,-0.71482,1.8505,0.0055034,5.2768e-05,1.3315,-16.502,1.7783,2.3837,2.3512,0,0.33,0.33442,-0.17321
101.22,-119.13,30.609,-0.64305,1.9218,0.005504,7.6483e-05,1.2741,-17.286,-4.9,2.0016,-1.5844,0,0.33,0.32648,-0.17719
143.85,-198.87,30.61,-0.67045,1.8206,0.0055003,5.915e-05,1.2263,-16.897,5.1253,1.6337,2.4208,0,0.33,0.33442,-0.1772
206.45,-273.18,30.606,-0.74531,1.7179,0.005502,5.085e-05,1.3131,-16.184,5.3963,2.2139,2.8879,0,0.33,0.34236,-0.17322
144.18,-191.46,30.646,-0.72097,1.5493,0.0054977,5.803e-05,1.1723,-16.292,9.9836,2.025,3.2514,0,0.33,0.35029,-0.17721
141.64,-194.66,30.63,-0.70443,1.6913,0.0054988,5.8164e-05,1.2008,-16.559,8.873,1.5138,3.1786,0,0.33,0.34236,-0.17721
217.65,-282.72,30.622,-0.7631,1.5703,0.0055006,4.975e-05,1.2871,-15.936,6.339,2.7534,2.9197,0,0.33,0.3503,-0.17322
276.02,-362.5,30.593,-0.90519,1.4582,0.0055032,4.4133e-05,1.3978,-15.024,2.719,3.3011,4.9003,0,0.33,0.35823,-0.16525
266.06,-349.36,30.621,-0.83767,1.438,0.0055016,4.4949e-05,1.3456,-15.391,2.8438,3.0575,4.9356,0,0.33,0.35823,-0.16924
164.96,-233.46,30.698,-0.78408,1.2723,0.0054979,5.5565e-05,1.1953,-15.592,-0.85558,2.7579,5.109,0,0.33,0.36617,-0.17323
43.107,-48.47,30.727,-0.80158,1.2011,0.0054938,8.6292e-05,1.0284,-15.491,-13.902,3.7465,-1.0227,0,0.33,0.37411,-0.17322
-11.015,28.667,30.703,-0.77059,1.252,0.0054868,0.00012792,0.8415,-15.667,-15.598,2.7227,-5.6266,0,0.33,0.38213,-0.17711
41.131,-45.568,30.751,-0.74974,1.1786,0.0054929,9.2631e-05,0.99531,-15.773,-10.514,3.0919,-0.7757,0,0.33,0.37411,-0.17721
-18.601,39.079,30.681,-0.81783,1.266,0.0054873,0.00011098,0.85691,-15.403,-18.35,3.8273,-5.5408,0,0.33,0.38214,-0.1731
120.68,-179.82,30.721,-0.732,1.2536,0.005496,6.2411e-05,1.1196,-15.9,3.1967,2.353,5.3317,0,0.33,0.36616,-0.17722
218.6,-292.41,30.647,-0.77674,1.4186,0.0054994,4.872e-05,1.2599,-15.742,5.2327,2.8122,4.9844,0,0.33,0.35823,-0.17323
150.85,-207.55,30.671,-0.72966,1.4011,0.0054967,5.5811e-05,1.1563,-16.077,9.132,2.259,5.1178,0,0.33,0.35823,-0.17722
110.02,-159.15,30.63,-0.63991,1.7897,0.0054973,6.4149e-05,1.1399,-17.267,7.5838,0.51552,2.4612,0,0.33,0.33441,-0.18119
82.313,-96.273,30.629,-0.61443,1.8926,0.0055007,8.3764e-05,1.1865,-17.669,-3.1639,0.69784,-1.7104,0,0.33,0.32648,-0.18118
134.62,-189.85,30.67,-0.64057,1.6007,0.0054911,6.0615e-05,1.0108,-17.548,6.7125,0.11795,2.4975,0,0.33,0.3422,-0.1892
85.979,-134.22,30.66,-0.66326,1.6341,0.0054932,6.687e-05,1.0456,-17.243,10.747,-0.64079,3.1356,0,0.33,0.3423,-0.18519
153.33,-214.4,30.695,-0.63484,1.4638,0.0054883,5.8159e-05,0.9443,-17.498,1.7291,1.3268,2.141,0,0.33,0.35023,-0.19318
201.82,-267.2,30.686,-0.59773,1.566,0.0054895,5.2067e-05,0.9916,-17.834,0.9875,2.148,1.7873,0,0.33,0.34215,-0.19319
82.947,-124.12,30.683,-0.67023,1.4882,0.0054898,7.022e-05,0.95495,-17.227,8.885,-0.64283,2.9665,0,0.33,0.35024,-0.18919
49.998,-81.395,30.677,-0.68486,1.5101,0.005492,7.5238e-05,0.9938,-16.94,13.088,-0.90292,3.5195,0,0.33,0.35027,-0.18519
92.556,-137.28,30.648,-0.67973,1.6637,0.0054959,6.5429e-05,1.1084,-16.912,11.252,0.22471,3.3437,0,0.33,0.34235,-0.1812
78.729,-110.52,30.666,-0.69685,1.5296,0.0054947,6.8832e-05,1.0688,-16.627,12.965,0.50241,3.544,0,0.33,0.35029,-0.1812
36.621,-46.593,30.77,-0.71591,1.1543,0.0054918,9.4541e-05,0.96617,-16.041,-5.9711,1.44,-0.74525,0,0.33,0.37411,-0.1812
70.831,-114.98,30.74,-0.69777,1.236,0.0054938,7.2614e-05,1.0406,-16.191,8.2202,0.99249,5.5699,0,0.33,0.36616,-0.18121
8.2155,3.5348,30.72,-0.74187,1.2368,0.0054862,0.00013306,0.8349,-15.92,-12.14,0.67301,-5.9085,0,0.33,0.38209,-0.18114
39.64,-65.849,30.701,-0.68812,1.3729,0.0054913,7.3838e-05,0.97516,-16.687,15.498,-1.0833,5.4144,0,0.33,0.35822,-0.1852
58.659,-90.674,30.705,-0.67872,1.359,0.005489,7.0807e-05,0.93132,-16.956,13.755,-1.5305,4.9431,0,0.33,0.35822,-0.18918
131.89,-186.88,30.711,-0.65406,1.3443,0.0054875,5.9119e-05,0.92049,-17.214,8.3741,0.052957,4.0627,0,0.33,0.35822,-0.19317
82.72,-118.09,30.691,-0.70101,1.3861,0.005494,6.6026e-05,1.0545,-16.392,13.27,0.76587,5.3512,0,0.33,0.35823,-0.18121
56.552,-74.303,30.549,-1.0023,1.2919,0.0054858,9.9035e-05,0.84681,-14.196,0.8594,1.7326,-0.74478,0,0.33,0.39011,-0.1571
65.805,-88.519,30.568,-0.97176,1.2939,0.0054847,8.8985e-05,0.83811,-14.491,-3.0913,2.5664,-1.3245,0,0.33,0.39014,-0.16104
75.789,-104.96,30.572,-0.96867,1.1881,0.0054849,7.7805e-05,0.8421,-14.239,7.2125,1.2509,2.1577,0,0.33,0.39825,-0.15682
92.67,-129.1,30.592,-0.94074,1.1661,0.0054837,7.3225e-05,0.82818,-14.51,5.0004,1.6672,1.594,0,0.33,0.39827,-0.16079
87.895,-111.79,30.591,-0.92334,1.2912,0.0054841,7.7252e-05,0.84041,-14.768,-7.63,3.4051,-1.8865,0,0.33,0.39023,-0.16491
93.903,-118.9,30.615,-0.86106,1.2868,0.0054837,7.5446e-05,0.83504,-15.037,-9.2717,3.393,-2.1022,0,0.33,0.39027,-0.16884
136.33,-180.14,30.604,-0.90854,1.1894,0.0054832,6.3645e-05,0.83836,-14.751,0.74087,2.4112,1.0958,0,0.33,0.39831,-0.16471
144.27,-190.07,30.63,-0.85066,1.158,0.0054826,6.2217e-05,0.82641,-14.991,0.087412,2.2908,1.0193,0,0.33,0.39834,-0.16865
15.978,-11.892,30.668,-0.7015,1.2772,0.0054784,0.00011661,0.68649,-16.221,1.1917,-2.3255,-1.9923,0,0.33,0.39001,-0.1892
9.0312,17.096,30.668,-0.69446,1.2845,0.0054769,0.00012432,0.6492,-16.421,-2.7968,-0.68111,-1.8498,0,0.33,0.39,-0.1932
27.9,-33.771,30.671,-0.70555,1.2744,0.0054801,0.00011845,0.72299,-16.01,1.493,-2.0338,-2.3891,0,0.33,0.39005,-0.18513
51.748,-74.898,30.682,-0.68408,1.1357,0.0054787,8.7107e-05,0.7003,-15.864,8.6932,-0.89951,1.4218,0,0.33,0.39813,-0.18508
28.216,-41.841,30.68,-0.66512,1.1651,0.0054775,9.5032e-05,0.66866,-16.074,11.697,-1.5619,2.0011,0,0.33,0.39805,-0.18922
48.6,-71.099,30.685,-0.66192,1.1369,0.0054763,8.7003e-05,0.65114,-16.226,9.8868,-0.39634,1.6959,0,0.33,0.39805,-0.19321
257.63,-352.83,30.89,0.25769,2.0293,0.0055433,4.2202e-05,2.0362,-26.973,-3.6205,6.4139,0.66413,0,0.33,0.24657,-0.19713
125.93,-204.84,30.855,0.13723,2.0955,0.0055323,5.341e-05,1.7917,-25.779,-17.748,5.9144,-0.67531,0,0.33,0.25453,-0.19714
306.99,-384.63,30.91,0.38834,2.1283,0.0055469,4.2301e-05,2.0477,-28.192,7.9774,6.5422,2.0192,0,0.33,0.23845,-0.19711
227.46,-303.81,30.922,0.28219,1.9517,0.0055391,4.6074e-05,1.9091,-27.057,-4.7306,5.3935,0.41397,0,0.33,0.24653,-0.20112
266.66,-338.97,30.947,0.40453,2.0354,0.0055426,4.5837e-05,1.928,-28.236,4.2065,5.0857,1.567,0,0.33,0.23844,-0.2011
142.09,-192.91,30.891,0.17685,2.0209,0.0055275,5.5246e-05,1.655,-25.941,-11.85,4.1428,-0.44536,0,0.33,0.25449,-0.20113
118.57,-162.08,30.82,0.064673,2.1836,0.0055199,6.02e-05,1.5049,-24.732,-5.9205,5.4104,-0.11183,0,0.33,0.26252,-0.19714
211.93,-271.04,30.796,0.0030158,2.1044,0.0055138,5.1839e-05,1.4146,-23.806,3.5673,5.5792,0.49363,0,0.33,0.27058,-0.19713
171.89,-228.28,30.831,0.034311,2.0362,0.0055114,5.7395e-05,1.3423,-24.013,2.0439,3.4015,0.61373,0,0.33,0.27057,-0.20111
117.51,-156.36,30.848,0.081665,2.1315,0.0055168,6.1957e-05,1.4265,-24.861,-4.6299,3.7139,-0.14603,0,0.33,0.26251,-0.20113
136.87,-131.58,30.808,-0.38406,1.5485,0.0055037,5.4577e-05,1.2436,-19.992,-11.362,4.0561,-1.2729,0,0.33,0.31034,-0.19717
23.063,92.465,30.754,-0.45253,1.6726,0.0054965,7.9932e-05,1.0522,-19.474,-29.173,3.5367,-5.3906,0,0.33,0.31827,-0.19717
250.04,-332.95,30.8,-0.3042,1.6844,0.0055044,4.4981e-05,1.2797,-20.551,8.7464,3.6759,3.4017,0,0.33,0.30239,-0.19716
106.61,-109.46,30.834,-0.33881,1.4941,0.0055019,6.315e-05,1.1747,-20.224,-10.718,3.3826,-1.3501,0,0.33,0.31033,-0.20115
193.15,-250.76,30.829,-0.26209,1.6266,0.0055022,5.401e-05,1.1978,-20.867,4.3491,2.6283,2.1835,0,0.33,0.30239,-0.20114
47.604,17.781,30.782,-0.39029,1.6203,0.0054948,8.2044e-05,1.0024,-19.773,-19.714,2.1212,-3.6584,0,0.33,0.31826,-0.20116
83.901,-39.733,30.702,-0.47992,1.7914,0.0054898,7.7508e-05,0.91012,-18.956,-9.9282,2.7085,-1.8412,0,0.33,0.32621,-0.19718
189.59,-253.7,30.705,-0.49559,1.6605,0.0054891,5.3271e-05,0.94878,-18.521,4.8494,3.2203,1.6256,0,0.33,0.33415,-0.19719
137.09,-181.81,30.73,-0.44597,1.6244,0.0054879,6.8066e-05,0.89788,-18.819,1.9732,1.4583,0.8447,0,0.33,0.33415,-0.20117
76.724,-34.526,30.722,-0.44227,1.7628,0.0054886,8.2118e-05,0.87265,-19.198,-8.9946,1.3759,-1.8522,0,0.33,0.3262,-0.20117
51.132,-18.325,30.781,-0.64619,1.0337,0.0054842,7.7539e-05,0.80982,-16.976,-11.684,1.6653,-1.929,0,0.33,0.37409,-0.19717
-24.57,150.95,30.725,-0.67954,1.1704,0.0054795,0.0001246,0.69131,-16.813,-27.671,1.7646,-6.3585,0,0.33,0.38203,-0.19717
170.03,-230.25,30.76,-0.61226,1.1559,0.0054858,5.4243e-05,0.88312,-17.146,7.561,0.79833,3.8982,0,0.33,0.36616,-0.19717
29.935,-7.8249,30.797,-0.60125,0.99855,0.0054832,9.0007e-05,0.77104,-17.149,-12.076,2.4353,-1.705,0,0.33,0.37409,-0.20116
145.36,-185.43,30.777,-0.56242,1.1292,0.0054846,6.8203e-05,0.83814,-17.414,2.2704,1.2811,2.3292,0,0.33,0.36615,-0.20115
-9.3284,89.537,30.745,-0.61536,1.1377,0.0054788,0.00012434,0.66663,-17.022,-20.741,1.7422,-4.2353,0,0.33,0.38202,-0.20116
78.351,-103.35,30.637,-0.80159,1.2833,0.0054832,8.5269e-05,0.81447,-15.296,-7.8703,2.6858,-2.2279,0,0.33,0.39027,-0.17283
59.011,-82.433,30.656,-0.75279,1.2784,0.0054824,0.00010266,0.78518,-15.545,-4.9602,1.5617,-2.437,0,0.33,0.39022,-0.17688
149.05,-196.38,30.646,-0.78882,1.178,0.0054823,6.077e-05,0.82386,-15.235,-0.17161,2.0693,1.0021,0,0.33,0.39832,-0.17265
116.04,-156.48,30.664,-0.74682,1.1451,0.0054811,6.7836e-05,0.77892,-15.452,2.6892,1.2315,0.93908,0,0.33,0.39831,-0.17668
41.88,-58.081,30.668,-0.71947,1.275,0.0054814,0.00011771,0.75463,-15.785,-1.2397,-0.22421,-2.4747,0,0.33,0.39013,-0.18101
83.176,-115.94,30.674,-0.70011,1.1664,0.0054802,7.6626e-05,0.74543,-15.685,5.945,0.1097,1.0484,0,0.33,0.39822,-0.18086
246.72,-326.51,30.961,0.71509,2.2153,0.0055854,4.658e-05,2.6748,-32.128,-0.53863,7.819,2.4103,0,0.33,0.21459,-0.19706
230.08,-323.03,30.943,0.59994,2.2182,0.0055673,4.7064e-05,2.3579,-30.793,-2.947,7.6638,2.7406,0,0.33,0.22253,-0.19708
222.02,-284.52,30.992,0.72706,2.1443,0.0055786,4.9676e-05,2.4933,-32.019,-0.96587,6.7487,2.2619,0,0.33,0.21459,-0.20104
218.72,-295.82,30.982,0.61909,2.1297,0.0055618,4.8894e-05,2.2102,-30.701,-1.097,5.9728,2.3963,0,0.33,0.22253,-0.20106
249.17,-321.66,30.929,0.49273,2.2111,0.0055528,4.7038e-05,2.1034,-29.438,2.0818,7.1198,2.5564,0,0.33,0.23047,-0.1971
245.87,-312.67,30.96,0.50703,2.1417,0.0055483,4.7417e-05,1.9928,-29.412,2.8608,5.7506,2.3304,0,0.33,0.23047,-0.20108
268.49,-345.04,30.776,-0.077953,2.0088,0.0055093,4.5254e-05,1.3608,-22.833,-1.1856,5.4051,1.6545,0,0.33,0.27857,-0.19712
251.27,-342.74,30.778,-0.17055,1.9308,0.0055067,4.5492e-05,1.3185,-21.971,-2.3717,5.1658,3.006,0,0.33,0.28652,-0.19713
230.68,-290.15,30.805,-0.031453,1.9524,0.0055074,4.9598e-05,1.2939,-23.034,0.0062798,3.8812,1.6168,0,0.33,0.27857,-0.20111
219.33,-287.04,30.813,-0.11409,1.8615,0.0055047,4.9725e-05,1.2488,-22.262,0.96489,3.2314,2.6761,0,0.33,0.28651,-0.20112
239.23,-327.13,30.786,-0.25141,1.8449,0.0055046,4.5887e-05,1.2779,-21.237,4.4192,4.2188,3.5379,0,0.33,0.29446,-0.19715
225.13,-302.78,30.813,-0.21113,1.7927,0.0055029,4.7513e-05,1.2268,-21.457,5.5492,3.0961,3.324,0,0.33,0.29445,-0.20113
219.99,-290.91,30.71,-0.53395,1.5285,0.0054884,4.9277e-05,0.96462,-18.084,-1.1208,3.1522,1.4533,0,0.33,0.34214,-0.19718
190.83,-260.36,30.716,-0.57344,1.4308,0.0054874,5.2069e-05,0.93359,-17.73,-2.1493,2.6843,1.5865,0,0.33,0.35022,-0.19717
194.04,-252.07,30.731,-0.47533,1.4957,0.0054876,5.3407e-05,0.93011,-18.301,0.72561,2.2049,1.5301,0,0.33,0.34215,-0.20117
180.55,-237.05,30.74,-0.50377,1.3909,0.0054865,5.4654e-05,0.90495,-18.015,0.60566,1.7348,1.836,0,0.33,0.35022,-0.20115
191.06,-260.67,30.727,-0.60464,1.3204,0.0054866,5.1162e-05,0.91591,-17.437,4.4801,1.5968,3.3336,0,0.33,0.35821,-0.19716
197.07,-261.96,30.744,-0.55322,1.2931,0.0054859,5.1296e-05,0.89855,-17.648,3.9447,1.5381,2.9799,0,0.33,0.35821,-0.20115
72.975,-99.386,30.62,-0.89236,0.97456,0.0054817,8.0453e-05,0.76268,-14.546,6.7426,1.4845,1.8968,0,0.33,0.41438,-0.16051
105.14,-144.84,30.649,-0.82768,0.97206,0.0054805,7.019e-05,0.75814,-14.943,2.672,1.7344,1.5513,0,0.33,0.41439,-0.16848
41.632,-58.882,30.708,-0.67767,0.71489,0.0054746,0.00011998,0.59404,-15.148,-3.2676,1.6442,-0.53026,0,0.33,0.44184,-0.17642
71.578,-98.131,30.718,-0.68574,0.76637,0.0054772,8.9812e-05,0.66372,-15.211,-1.6245,1.7479,0.72966,0,0.33,0.4303,-0.17642
101.66,-139.83,30.679,-0.73061,0.96268,0.0054794,7.1734e-05,0.73131,-15.322,2.6543,1.2633,1.728,0,0.33,0.41439,-0.17647
48.179,-73.387,30.703,-0.63936,0.94542,0.0054753,9.274e-05,0.62151,-15.994,7.9782,-0.66828,1.6382,0,0.33,0.4143,-0.19264
54.87,-81.656,30.698,-0.66721,0.95754,0.0054773,8.7741e-05,0.66405,-15.686,7.0717,-0.2031,1.9972,0,0.33,0.41435,-0.18455
166.73,-227.49,30.923,0.21187,1.9144,0.0055219,5.9357e-05,1.5208,-26.192,-4.2355,1.2757,-0.28456,0,0.33,0.25448,-0.2091
212.86,-289.02,30.986,0.42185,1.8979,0.0055365,4.9565e-05,1.7787,-28.313,0.53796,2.3564,0.97875,0,0.33,0.23843,-0.20907
134.84,-183.83,30.86,0.070938,1.9371,0.0055075,6.3634e-05,1.2438,-24.288,0.013661,0.45238,0.69178,0,0.33,0.27056,-0.20908
83.511,-137.43,30.859,0.01331,1.5644,0.0054942,7.0121e-05,0.95102,-23.164,6.0392,-0.7854,1.8557,0,0.33,0.28648,-0.22503
106.36,-171.68,30.857,-0.010542,1.6631,0.0054976,6.2269e-05,1.0438,-22.988,8.0722,-0.99018,2.715,0,0.33,0.28649,-0.21706
158.97,-223.05,30.845,-0.054139,1.7672,0.0055017,5.5884e-05,1.1558,-22.685,5.3802,0.63755,2.5443,0,0.33,0.2865,-0.20909
62.668,-78.173,30.804,-0.31957,1.5567,0.0054927,9.0977e-05,0.9502,-20.206,-9.5613,-0.34343,-1.8398,0,0.33,0.31826,-0.20913
124.97,-170.03,30.858,-0.20341,1.547,0.0054992,6.2631e-05,1.1046,-21.319,-1.5111,0.65134,0.83093,0,0.33,0.30238,-0.20911
84.981,-109.98,30.747,-0.38293,1.5765,0.005486,8.6976e-05,0.83485,-19.223,-1.8417,-1.1759,0.023128,0,0.33,0.33416,-0.20914
49.674,-86.078,30.764,-0.31698,1.2347,0.0054798,8.4172e-05,0.68669,-18.99,7.2322,-1.4292,2.4408,0,0.33,0.35017,-0.22508
81.112,-127.61,30.768,-0.35152,1.2889,0.0054821,6.9518e-05,0.75803,-18.74,8.7546,-1.5804,3.2509,0,0.33,0.35018,-0.2171
138.22,-188.27,30.762,-0.42038,1.3416,0.0054848,6.0907e-05,0.84307,-18.419,4.8963,-0.20345,2.5637,0,0.33,0.3502,-0.20913
18.53,-14.878,30.762,-0.53381,1.1078,0.0054781,0.00013658,0.6516,-17.316,-10.978,-0.19729,-1.9327,0,0.33,0.38203,-0.20914
88.014,-114.1,30.795,-0.48505,1.0972,0.005483,8.1293e-05,0.78144,-17.804,-3.3095,0.63166,0.76718,0,0.33,0.36614,-0.20913
20.232,34.935,30.678,-0.6686,1.2823,0.0054757,0.00011781,0.62043,-16.585,-7.4943,0.94855,-2.1089,0,0.33,0.38999,-0.19719
76.189,-96.502,30.687,-0.64909,1.1664,0.0054756,7.8231e-05,0.63648,-16.391,8.7429,0.70279,1.3597,0,0.33,0.39802,-0.19722
29.311,24.776,30.69,-0.63275,1.2736,0.0054751,0.00011989,0.60032,-16.751,-9.6889,0.82235,-2.3448,0,0.33,0.38999,-0.20117
85.777,-99.459,30.704,-0.60356,1.1296,0.0054751,9.034e-05,0.62292,-16.555,1.078,0.59052,0.17594,0,0.33,0.39802,-0.20118
87.285,-121.12,30.711,-0.58753,0.934,0.0054742,7.8115e-05,0.6145,-16.253,5.0125,0.24012,1.0297,0,0.33,0.41422,-0.20079
31.517,-33.388,30.71,-0.46347,1.1144,0.0054731,0.00012235,0.56766,-17.075,0.20914,-2.7439,-0.31011,0,0.33,0.39794,-0.21714
28.281,-21.035,30.696,-0.43497,1.0903,0.0054719,0.00012044,0.53478,-17.188,1.3249,-2.7104,-0.22588,0,0.33,0.39794,-0.22512
54.446,-63.713,30.717,-0.52288,1.1276,0.0054743,0.00012145,0.59919,-16.865,-3.1452,-0.85886,-0.53977,0,0.33,0.39799,-0.20915
53.765,-97.467,30.284,-1.4024,0.23208,0.0055116,8.4612e-05,1.392,-9.1653,2.5395,1.3083,4.4399,0,0.33,0.44184,-0.031903
49.94,-83.554,30.364,-1.3239,0.43931,0.0054998,9.0725e-05,1.1235,-10.287,2.7215,1.9462,3.4297,0,0.33,0.44184,-0.064019
38.354,-64.083,30.462,-1.192,0.59448,0.005489,0.00010428,0.87937,-11.789,1.5338,1.7109,2.3681,0,0.33,0.44184,-0.096033
32.605,-50.939,30.556,-1.0073,0.6869,0.0054816,0.00012252,0.71777,-13.305,0.45437,1.3618,0.89223,0,0.33,0.44184,-0.12839
-4003.8,4380.8,9.2502,-17.648,0.025016,16.723,0.012624,1322.6,-84.166,-423.6,-96.881,21.604,0,0.33,0.07898,-0.0079742
-5480.8,6119.3,8.8806,-17.517,-0.10311,16.412,0.012698,1291,-84.953,-407.76,-93.828,26.409,0,0.33,0.071036,-0.0079741
-321.57,625.64,9.6725,-19.193,-0.0057468,11.962,0.0096111,1234.9,-83.146,-285.85,-83.531,22.314,0,0.33,0.078982,-0.0039878
-346.97,531.37,9.2667,-18.969,-0.072959,12.18,0.009953,1216.7,-83.715,-271.41,-75.55,24.343,0,0.33,0.071037,-0.0039877
162.94,-822.88,8.8316,-18.579,-0.16624,12.337,0.010267,1196.6,-81.352,-257.07,-69.93,27.064,0,0.33,0.063134,-0.0039876
-10872,10307,8.6642,-11.228,0.55056,23.895,0.019241,1242.7,-90.085,-382.51,-42.629,90.46,0,0.33,0.078979,-0.023921
-14774,10811,8.4651,-9.9092,0.7698,23.754,0.020043,1186.3,-92.015,-355.29,-82.763,122.8,0,0.33,0.078978,-0.027908
-19345,17344,7.8884,-11.33,0.20009,23.126,0.019374,1194.6,-93.172,-392.91,-89.375,94.929,0,0.33,0.071034,-0.023921
-21824,18245,7.5026,-10.038,0.37165,23.237,0.020447,1137.5,-95.735,-369.12,-126.88,119.06,0,0.33,0.071033,-0.027908
-30582,25961,5.9963,-8.8901,-0.053498,22.835,0.021909,1043.1,-100.27,-362.11,-180.48,120.29,0,0.33,0.06313,-0.031895
-28331,25481,6.6216,-10.019,-0.20011,22.595,0.020586,1098.5,-96.968,-383.64,-153.29,109.05,0,0.33,0.063131,-0.027908
-24125,18552,6.9622,-8.8752,0.58521,23.459,0.021727,1080.8,-98.404,-344.13,-162.6,138.53,0,0.33,0.071033,-0.031895
-17477,11054,8.0812,-8.7203,1.0286,23.811,0.02113,1128.3,-94.159,-327.85,-128.05,152.23,0,0.33,0.078978,-0.031895
816.42,-561.65,10.319,-17.535,0.16638,16.426,0.011602,1409.3,-67.671,-493.76,-169.78,9.2079,0,0.33,0.11082,-0.0079741
211.33,-578.12,11.078,-19.37,0.090593,9.9241,0.0076991,1264.7,-67.068,-330.51,-145.22,22.156,0,0.33,0.11083,-0.0039877
553.18,-469.5,10.528,-17.535,0.16495,15.745,0.01107,1414,-63.196,-507.13,-203.07,10.252,0,0.33,0.11874,-0.0079741
128.37,-562.5,11.403,-19.394,0.09907,9.1489,0.0071113,1259.4,-62.61,-333.04,-163.93,23.907,0,0.33,0.11874,-0.0039877
-56.53,-560.51,11.738,-19.438,0.11162,8.332,0.0065155,1250.5,-58.67,-330.04,-180.25,26.5,0,0.33,0.12666,-0.0039878
-81.423,-2.8291,10.755,-17.589,0.17248,14.794,0.010411,1410.9,-59.286,-514.4,-237.74,13.701,0,0.33,0.12666,-0.0079742
3845,-9503.9,10.538,-9.7114,0.85134,29.954,0.020313,1474.7,-68.672,-396.49,201.99,-10.326,0,0.33,0.11082,-0.023921
565.54,-10967,10.344,-9.2131,0.74044,32.114,0.021225,1513.2,-64.11,-429.2,226.95,-45.423,0,0.33,0.11874,-0.023921
8875,-11469,11.502,-8.2001,1.1465,28.718,0.019598,1464.9,-68.574,-339.68,247.63,18.799,0,0.33,0.11082,-0.027908
4206,-14239,11.472,-7.5535,1.0248,31.553,0.020634,1529.1,-63.751,-364.47,318.53,-35.086,0,0.33,0.11874,-0.027908
394.63,-18304,12.544,-5.3471,1.1645,32.57,0.020405,1596.5,-59.65,-333.23,443.38,-79.903,0,0.33,0.12665,-0.031894
8910.8,-17023,12.897,-6.1564,1.367,28.895,0.018916,1526.5,-63.352,-296.3,361.55,-0.65517,0,0.33,0.11874,-0.031894
-456.79,-13760,10.954,-6.9431,0.84639,34.295,0.021948,1563.2,-60.311,-410.27,342.95,-83.909,0,0.33,0.12665,-0.027908
-473.82,-9576.2,9.8496,-8.7996,0.60088,33.692,0.02208,1526.1,-60.693,-475.38,213.02,-71.638,0,0.33,0.12665,-0.023921
14004,-12542,12.554,-6.9184,1.4831,26.112,0.018232,1431.6,-68.666,-285.81,237.59,71.513,0,0.33,0.11082,-0.031895
-3453.7,1688.9,11.37,-17.821,0.26221,12.345,0.0088178,1386.3,-53.002,-505.63,-295.16,26.089,0,0.33,0.14251,-0.0079742
-1507.5,797.29,11.026,-17.692,0.20095,13.633,0.0096468,1401.1,-55.981,-514.01,-269.71,19.131,0,0.33,0.13457,-0.0079742
-939.9,-957.54,12.5,-19.553,0.1689,6.7659,0.0053981,1228.4,-52.12,-308.44,-198.72,32.781,0,0.33,0.14251,-0.003988
-437.22,-639.92,12.098,-19.498,0.13317,7.5236,0.0059376,1239.5,-55.263,-321.58,-192.28,29.53,0,0.33,0.13457,-0.0039878
-7262.5,-3263.4,13.839,-17.847,0.83649,7.1896,0.0054519,1306.4,-35.092,-400.72,-289.12,62.201,0,0.33,0.17443,-0.0079746
-1184.1,-10298,14.809,-19.086,0.46009,4.4868,0.0037129,1200.7,-33.451,-223.13,-160.77,48.301,0,0.33,0.17443,-0.0039896
-6620.1,-7888.7,14.767,-17.533,1.0294,6.1133,0.0047211,1285,-26.762,-359.39,-258.57,67.75,0,0.33,0.1825,-0.0079745
331.04,-15485,15.606,-18.618,0.55669,4.1022,0.0034121,1197.8,-24.962,-196.2,-137.63,49.709,0,0.33,0.18249,-0.0039879
4181.9,-21982,16.421,-18.008,0.65336,3.7647,0.0031397,1196.8,-15.298,-168.16,-110.81,51.578,0,0.33,0.19061,-0.0039877
-5552.4,-14087,15.736,-17.081,1.2222,5.1567,0.0040472,1266.8,-17.239,-315.29,-220.07,72.268,0,0.33,0.19062,-0.0079741
-4032.7,4078.8,8.4752,-8.5662,0.4731,33.11,0.022472,1472.9,-57.393,-570.88,79.267,-70.625,0,0.33,0.1425,-0.023921
-9294.2,2626.6,8.9995,-6.3798,0.58859,35.549,0.023595,1506.6,-57.826,-528.61,227.56,-109.29,0,0.33,0.1425,-0.027908
-2696.1,-4229.2,9.1629,-8.5707,0.485,34.076,0.022569,1509.8,-58.635,-526.58,158.92,-80.896,0,0.33,0.13457,-0.023921
-3567.5,-7807.7,10.041,-6.5196,0.6639,35.846,0.023083,1553.7,-58.566,-470.6,307.17,-111.46,0,0.33,0.13457,-0.027908
-3536.8,-12499,11.498,-4.689,0.91385,35.68,0.022185,1610.2,-58.09,-397.67,442.99,-136.9,0,0.33,0.13457,-0.031894
-9817.4,-239.44,10.107,-4.3651,0.7577,36.65,0.02348,1562.3,-57.801,-469.09,371.21,-149.75,0,0.33,0.1425,-0.031894
-29190,21632,8.5117,-9.7117,1.7042,23.451,0.017132,1369.9,-46.276,-603.39,-224.34,90.93,0,0.33,0.17445,-0.023921
-30532,20813,9.6139,-10.049,2.2163,20.568,0.015033,1369.3,-39.508,-575.14,-253.57,140.38,0,0.33,0.18255,-0.023922
-24821,24831,7.6934,-7.5558,1.826,25.712,0.019175,1341.3,-48.62,-597.42,-135.59,75.84,0,0.33,0.17445,-0.027908
-31995,24609,8.655,-8.0198,2.381,22.989,0.017114,1344.5,-42.421,-574.7,-187.85,141.39,0,0.33,0.18255,-0.027908
-33195,26464,9.3425,-6.6468,3.1475,22.181,0.016466,1348.6,-37.806,-534.57,-146.21,209.5,0,0.33,0.19061,-0.031895
-30534,26581,7.9807,-6.0387,2.5024,24.534,0.018603,1319.6,-44.739,-561.53,-107.67,131.96,0,0.33,0.18255,-0.031895
-33118,23356,10.103,-8.4756,2.9847,20.216,0.014838,1363.7,-34.838,-541.14,-204.98,199.66,0,0.33,0.19061,-0.027908
-17472,26365,7.2498,-5.4629,1.9228,27.089,0.020514,1320.3,-50.365,-577.95,-32.389,50.318,0,0.33,0.17445,-0.031894
-30888,18477,11.067,-10.339,2.7628,17.556,0.012771,1375.3,-31.332,-536.55,-251.06,181.31,0,0.33,0.19061,-0.023921
-21697,10889,6.8827,-6.7096,1.6563,24.798,0.024012,1033.8,-98.792,-279.64,-178.14,190.14,0,0.33,0.078976,-0.039868
-27188,18059,5.5879,-6.9188,1.1221,24.262,0.02459,987.34,-103.75,-300.94,-193.74,161.04,0,0.33,0.071031,-0.039868
-19904,11059,7.5305,-7.6574,1.326,24.202,0.022517,1076.2,-96.45,-302.05,-162.41,174.73,0,0.33,0.078977,-0.035881
-25983,18429,6.3029,-7.8391,0.83772,23.838,0.023165,1030,-101.1,-320.72,-185.95,152.11,0,0.33,0.071032,-0.035881
-32125,25801,5.2877,-7.8859,0.13195,23.112,0.023302,992.55,-103.5,-342.13,-196.62,126.97,0,0.33,0.063129,-0.035881
-23279,10121,4.581,-3.7292,3.1632,26.479,0.027711,955.67,-107.34,-229.57,-117.32,227.2,0,0.33,0.079036,-0.055861
-23138,10295,4.2218,-3.1116,3.557,26.625,0.02788,955.01,-109.16,-224.45,-91.812,237.74,0,0.33,0.079041,-0.059869
-27756,16944,3.0943,-4.0392,2.443,24.945,0.0278,897.28,-113.25,-265.42,-134.01,186.62,0,0.33,0.070999,-0.05591
-27672,17214,2.6658,-3.4392,2.7959,24.894,0.027896,892.35,-115.28,-265.2,-112,195.64,0,0.33,0.070972,-0.059951
-31976,24139,1.0881,-3.1064,1.9555,23.128,0.027891,829.26,-121.74,-308.39,-109.64,156.24,0,0.33,0.063065,-0.06396
-31941,23593,1.486,-3.6545,1.6676,23.268,0.027895,834.08,-119.72,-303.57,-127.49,148.68,0,0.33,0.063066,-0.059955
-27693,17788,2.3286,-2.866,3.1483,24.828,0.0278,893.09,-117.07,-266.95,-90.715,206.19,0,0.33,0.07097,-0.063958
-22991,10750,3.9616,-2.5242,3.9451,26.727,0.027828,960.41,-110.8,-221.14,-66.512,249.87,0,0.33,0.079032,-0.063879
10882,-10092,13.982,-4.9381,2.2443,21.343,0.016469,1299.5,-70.548,-211.65,74.547,224.79,0,0.33,0.11083,-0.039867
16092,-12208,13.449,-5.8469,1.8532,23.217,0.016942,1371.2,-69.255,-241.63,170.85,144.95,0,0.33,0.11082,-0.035881
22973,-17753,15.618,-4.1427,2.1902,20.66,0.014663,1409.9,-63.831,-188.2,242.11,155,0,0.33,0.11875,-0.039867
16331,-18621,14.381,-5.0306,1.7599,24.746,0.016617,1487.3,-63.24,-233.66,335.34,64.079,0,0.33,0.11874,-0.035881
7256.4,-22724,14.462,-4.0581,1.556,28.296,0.01765,1600.8,-58.903,-250.02,486.87,-49.35,0,0.33,0.12666,-0.035881
15355,-25744,16.421,-3.0936,2.0176,22.336,0.014367,1549.1,-58.539,-174.14,445.83,16.576,0,0.33,0.12667,-0.039867
-17542,643.02,13.606,-2.0763,3.7402,24.807,0.020952,1186.7,-79.881,-150.19,-40.129,385.39,0,0.33,0.11079,-0.055934
-5462.3,1490,16.712,-1.5731,3.7573,20.277,0.016566,1226.4,-72.956,-144.42,-10.535,413.23,0,0.33,0.11872,-0.055942
-8768.8,1735,13.524,-1.4956,4.0619,25.972,0.021934,1186.5,-82.174,-132.9,-12.432,398.61,0,0.33,0.11076,-0.059966
-963.24,3685,16.735,-1.0346,4.0494,21.465,0.017558,1224.5,-75.552,-130.58,6.9503,434.33,0,0.33,0.11865,-0.060027
2051.3,5454,20.36,-0.068429,4.3439,15.529,0.012893,1197.2,-71.176,-107.83,45.699,422.07,0,0.33,0.12668,-0.06407
3441.8,4955.5,16.854,-0.5477,4.2985,22.388,0.018328,1223,-77.779,-113.69,32.529,446.87,0,0.33,0.11866,-0.064082
5440.9,2953.7,20.135,-0.49027,4.1273,14.742,0.012166,1205.2,-68.754,-117.24,38.44,399,0,0.33,0.12668,-0.059963
9779.2,-1698.6,19.923,-0.94055,3.8493,13.856,0.011335,1217.9,-66.149,-119.56,45.909,360.69,0,0.33,0.12666,-0.055905
2678.9,2557.4,13.568,-0.96804,4.3553,26.874,0.022626,1189.8,-84.207,-115.01,19.687,408.84,0,0.33,0.11075,-0.063986
-7720.6,-11602,13.856,-1.1229,1.3237,32.246,0.019173,1686.6,-56.186,-285.92,582.53,-221.21,0,0.33,0.14252,-0.039867
396.43,-24600,15.748,-1.9532,1.6719,27.169,0.016214,1671.2,-56.206,-205.92,583.97,-140.55,0,0.33,0.13458,-0.039867
-9493,-4902.6,11.758,-2.5859,0.99639,35.775,0.022009,1629,-57.24,-389.15,496.41,-188.95,0,0.33,0.14251,-0.03588
-2651.2,-18226,13.459,-3.1443,1.2459,32.862,0.019816,1660,-57.215,-307.67,546.16,-150.27,0,0.33,0.13457,-0.035881
-7313.7,22948,7.6612,-1.6635,2.0596,27.898,0.020998,1327.9,-51.71,-488.65,193.5,-25.001,0,0.33,0.17445,-0.039868
-11779,25846,7.2307,-3.4796,1.999,27.775,0.021121,1314.4,-51.412,-542.83,79.87,15.764,0,0.33,0.17445,-0.035881
887.13,24134,7.6894,-2.3978,2.6326,25.585,0.019711,1298,-47.24,-490.82,84.277,83.306,0,0.33,0.18254,-0.039869
-18185,26482,7.6445,-4.1477,2.5847,25.334,0.019465,1301.9,-46.358,-534.34,-15.549,112.15,0,0.33,0.18255,-0.035881
-30285,27510,8.8357,-4.8907,3.2555,23.455,0.017589,1335,-40.107,-515.77,-75.036,210.11,0,0.33,0.19061,-0.035881
-10509,26403,8.6312,-3.2518,3.3144,24.163,0.018202,1328.8,-41.685,-483.36,7.0562,201.51,0,0.33,0.19061,-0.039868
18939,-19820,22.165,0.7738,3.5756,9.2898,0.006457,1417.9,-55.54,44.889,343.17,-105.7,0,0.33,0.14256,-0.056004
11428,-12840,23.382,0.79651,4.0746,7.4624,0.0057037,1303.2,-57.26,21.631,262.11,-39.349,0,0.33,0.14259,-0.060101
14060,-11519,22.189,-0.15316,3.8645,8.7842,0.0071387,1239.5,-60.116,-47.216,167.9,157.64,0,0.33,0.13462,-0.05598
7170.8,-3831.2,22.787,0.12668,4.212,8.7,0.0074144,1174.2,-62.519,-66.822,114.97,222.14,0,0.33,0.13465,-0.060063
2646.1,981.84,23.247,0.42264,4.4468,8.994,0.0078959,1132.1,-64.809,-77.559,91.133,270.34,0,0.33,0.13466,-0.064107
5881.1,-7001.6,24.349,0.88818,4.4252,6.5319,0.0054446,1205.9,-59.136,-10.425,210.07,23.235,0,0.33,0.1426,-0.064139
3106.1,-3662.8,12.832,2.3892,2.4296,23.459,0.015431,1523.3,-47.857,-72.243,427.58,-159.35,0,0.33,0.17455,-0.056048
6819.2,829.4,11.537,1.8332,2.738,24.155,0.016432,1471.5,-45.29,-138.96,391.9,-40.008,0,0.33,0.18253,-0.056007
14057,-5969.3,14.478,2.3953,2.6812,22.476,0.014155,1590.6,-47.092,18.288,438.68,-173.24,0,0.33,0.17458,-0.060112
11961,-2108.2,13.111,1.9905,2.8877,23.983,0.015456,1553.2,-44.633,-56.105,433.41,-51.203,0,0.33,0.18254,-0.060115
17566,2347,14.701,1.4309,3.6146,25.293,0.015363,1647.1,-41.076,-87.393,493.64,103.33,0,0.33,0.1905,-0.064232
15224,-2701.3,14.856,1.9065,3.1283,23.918,0.014622,1636.8,-44.272,-4.0992,480.13,-53.126,0,0.33,0.18255,-0.064244
18266,4271.2,12.909,1.35,3.427,25.217,0.016155,1561.6,-41.465,-137.76,424.44,105.91,0,0.33,0.1905,-0.060095
17022,-5770.2,16.164,2.181,3.0055,21.887,0.013218,1657.7,-46.897,69.264,462.49,-178.48,0,0.33,0.1746,-0.064237
17406,7781.1,11.425,1.026,3.3405,24.941,0.016883,1477.9,-41.793,-207.4,358.1,117.41,0,0.33,0.1905,-0.055939
-17538,12227,3.7095,-1.3986,4.6908,26.903,0.027274,986.31,-113.74,-215.84,-18.716,279.01,0,0.33,0.078884,-0.07196
-27936,19549,1.8935,-1.7591,3.8409,24.73,0.027235,908.1,-120.03,-272.56,-50.504,231.44,0,0.33,0.070958,-0.071953
-22527,11427,3.7853,-1.9517,4.3257,26.805,0.027602,971.07,-112.4,-218.71,-41.895,263.79,0,0.33,0.078932,-0.06793
-27822,18598,2.0722,-2.3081,3.4971,24.768,0.027565,898.55,-118.66,-269.79,-70.369,218.18,0,0.33,0.070963,-0.067958
-32213,24972,0.76133,-2.5722,2.247,23.005,0.027768,828.64,-123.52,-314.75,-92.272,165.08,0,0.33,0.063064,-0.06795
-4903.7,15226,4.2719,0.68801,5.9217,27.667,0.025522,1083.9,-116.56,-194.93,65.168,343.63,0,0.33,0.078873,-0.087927
-6225.4,15565,4.5935,1.1744,6.1554,27.963,0.025045,1116.3,-116.51,-186.08,83.668,359.36,0,0.33,0.078876,-0.091923
-8307,22897,1.9577,0.39583,5.0918,25.048,0.025473,983.7,-122.72,-271.79,29.241,291.57,0,0.33,0.070953,-0.087907
-7091.5,23013,2.1524,0.91508,5.3551,25.251,0.024971,1011.6,-122.6,-265.75,46.553,306.19,0,0.33,0.070955,-0.0919
-7283.1,29569,0.38674,1.1267,4.2372,23.335,0.025211,927.31,-126.88,-334.16,29.516,247.51,0,0.33,0.063066,-0.095913
-13245,29828,0.24128,0.6043,3.9726,23.171,0.025759,901.03,-127.55,-338.23,13.78,234.63,0,0.33,0.063059,-0.091887
-7871.7,22929,2.4136,1.4234,5.5957,25.501,0.024438,1044,-122.01,-258.13,64.503,321.5,0,0.33,0.070964,-0.095919
4122.7,4023.1,14.035,-0.043914,4.8506,27.918,0.023194,1205.1,-87.596,-81.139,79.538,424.07,0,0.33,0.11071,-0.072069
5266.4,3319.7,13.738,-0.48284,4.6195,27.512,0.023026,1196.5,-86.06,-97.972,51.79,417.71,0,0.33,0.1107,-0.068054
884.17,6278.4,17.407,0.29022,4.6906,23.341,0.019113,1221.3,-81.438,-79.5,82.75,455.53,0,0.33,0.11867,-0.072174
2385.5,5748.2,17.082,-0.10512,4.5116,22.997,0.01883,1222.2,-79.758,-96.622,59.431,453.53,0,0.33,0.11865,-0.068153
-542.46,6689.6,20.621,0.31124,4.5103,16.132,0.01349,1188.2,-73.286,-94.798,59.576,433.82,0,0.33,0.12668,-0.068142
-2488.3,7328.9,20.937,0.65158,4.6385,16.51,0.013924,1177.7,-75.1,-80.543,77.05,438.93,0,0.33,0.12666,-0.072181
-649.21,6918.8,16.136,1.3658,5.4638,27.946,0.022299,1253.1,-91.442,-26.457,173.56,442.71,0,0.33,0.1107,-0.088268
-3875.6,8161.5,19.537,1.512,5.1126,22.647,0.018547,1217.5,-85.551,-24,173.59,451.03,0,0.33,0.11863,-0.088276
-1885.1,7606.3,16.862,1.6451,5.527,27.57,0.021781,1265.1,-91.732,-15.303,194.73,446.3,0,0.33,0.1107,-0.092267
-4871.7,8557.6,20.262,1.7454,5.1391,21.958,0.018037,1212.6,-85.884,-13.181,192.14,446.38,0,0.33,0.11863,-0.092274
-7254.4,8238.7,24.246,2.0471,4.8275,13.957,0.012958,1060.6,-79.896,-8.7679,179.76,391.7,0,0.33,0.12659,-0.096231
-7255.5,8853.7,21.047,1.9536,5.133,21.058,0.017398,1204,-85.943,-3.4609,208.62,439.56,0,0.33,0.11862,-0.096268
-7141.7,8319.6,23.555,1.881,4.8598,14.898,0.013493,1089.6,-79.789,-17.731,168.38,407.59,0,0.33,0.12661,-0.09221
-6765.7,8285.2,22.907,1.6902,4.8672,15.656,0.013896,1113.8,-79.412,-28.052,154.28,420.52,0,0.33,0.12662,-0.088194
-224.34,-168.03,25.848,1.2286,4.7635,5.5582,0.0054197,1031.6,-62.555,-49.739,148.78,131.17,0,0.33,0.1426,-0.072126
-3131.1,5236.9,24.03,0.99008,4.6931,9.6134,0.0088527,1069.6,-68.668,-74.381,86.224,330.7,0,0.33,0.13465,-0.072113
1871.1,-2897.7,25.156,1.0405,4.6448,5.9659,0.0053875,1117.2,-60.933,-35.331,174.9,80.75,0,0.33,0.1426,-0.068136
-686.24,3720,23.645,0.71381,4.5993,9.3468,0.0084059,1099.4,-66.876,-79.063,83.719,305.84,0,0.33,0.13466,-0.068115
10448,-4237.5,19.963,1.6355,3.773,19.62,0.011327,1730.4,-47.037,66.795,522.77,-166.87,0,0.33,0.1746,-0.072243
13792,-4866.6,18,1.884,3.3873,21.118,0.012361,1708.9,-46.862,81.448,495.81,-176.05,0,0.33,0.1746,-0.068252
11789,-1784.4,18.885,1.5347,3.7896,22.088,0.012636,1747.8,-44.072,12.806,559.96,-41.873,0,0.33,0.18254,-0.07225
13121,-2277.7,16.796,1.7143,3.4427,23.452,0.013748,1706.4,-44.068,16.035,525.51,-48.774,0,0.33,0.18254,-0.06826
16244,1665.3,16.732,1.39,3.8692,24.647,0.014372,1715.5,-40.79,-62.836,543.72,104.62,0,0.33,0.19049,-0.06825
15482,1410.3,18.908,1.33,4.1619,22.902,0.01307,1751.9,-40.673,-55.234,577,103.57,0,0.33,0.19049,-0.072236
-3009.9,3603.2,27.871,1.9503,4.73,4.3224,0.0056632,737.87,-66.829,-34.903,97.595,216.39,0,0.33,0.14262,-0.0882
-2899.4,3585.2,28.275,2.0721,4.6712,3.963,0.0055952,680.62,-67.341,-25.155,93.884,208.79,0,0.33,0.1426,-0.092228
-6211.2,6557.4,25.828,1.8612,4.7502,8.9466,0.0093198,935.79,-73.094,-32.416,122.62,336.08,0,0.33,0.13462,-0.088181
-6009.4,6394.3,26.346,2.0116,4.7128,8.3765,0.0091002,895.11,-73.513,-22.638,129.69,320.77,0,0.33,0.13459,-0.09225
-5575.2,6094.2,26.881,2.1375,4.6586,7.6826,0.0087587,850.74,-73.689,-14.144,134.49,301.43,0,0.33,0.13457,-0.096286
23.601,-2323.6,27.74,1.556,4.7913,5.3706,0.0044953,1150.7,-47.894,-27.357,358.63,-58.678,0,0.33,0.1746,-0.088195
2132.6,-1239,27.346,1.4828,4.86,6.3908,0.0050457,1230.1,-44.21,-35.508,399.25,-7.0213,0,0.33,0.18256,-0.088232
94.247,-1650.2,28.961,1.6559,4.823,2.4116,0.0027607,811.97,-48.076,-29.607,242.01,-27.946,0,0.33,0.1746,-0.092184
1186.4,-1206.5,28.711,1.5581,4.9094,2.898,0.0030977,878.33,-44.259,-30.927,272.22,-1.4475,0,0.33,0.18256,-0.092222
1159.7,-1537.9,29.504,1.4571,5.0062,0.77139,0.0014238,470.59,-40.243,-15.656,135.02,13.976,0,0.33,0.19058,-0.096342
532.46,-1209.9,29.55,1.603,4.8716,0.92517,0.0015638,522.13,-44.297,-20.36,151.34,1.8443,0,0.33,0.18256,-0.096213
3112.6,-1216,28.742,1.4505,5.0773,2.5362,0.0028916,813.53,-40.223,-29.464,250.61,28.402,0,0.33,0.19059,-0.092344
5969.6,-681.1,27.456,1.4092,5.0662,5.8576,0.0048263,1170.3,-40.226,-43.303,379.41,48.113,0,0.33,0.19058,-0.088339
-1676.6,-29351,17.884,-15.575,1.5724,3.7131,0.0030152,1228.3,5.2992,-222.7,-131.06,75.381,0,0.33,0.20671,-0.0079745
-3933.4,-21444,16.814,-16.403,1.4095,4.3652,0.0034859,1247.2,-6.0428,-269.03,-176.25,75.53,0,0.33,0.19859,-0.007974
19153,-36667,18.237,-16.193,0.82929,3.2351,0.002725,1186.9,7.2871,-111.08,-53.643,53.486,0,0.33,0.20671,-0.0039902
11424,-29301,17.333,-17.173,0.74804,3.4834,0.0029174,1193.1,-4.0325,-139.97,-82.07,53.532,0,0.33,0.19859,-0.0039879
-23078,3447,14.873,-10.461,3.8723,11.13,0.0081394,1364.8,-9.5599,-422.42,-165.96,219.22,0,0.33,0.20671,-0.023921
-26461,10182,14.263,-9.0116,4.2618,13.609,0.0098021,1386.8,-13.789,-432.69,-136.95,258.98,0,0.33,0.20671,-0.027908
-28522,12931,12.904,-10.487,3.3383,14.37,0.010446,1375,-20.899,-483.91,-217.03,209,0,0.33,0.19858,-0.023921
-31538,19003,12.075,-8.8299,3.6368,17.097,0.012378,1381.7,-24.863,-492.13,-183.87,241.14,0,0.33,0.19858,-0.027908
-32836,23632,11.393,-7.196,3.8675,19.446,0.014048,1385.8,-28.41,-491.73,-140.75,268.48,0,0.33,0.19858,-0.031895
-28584,15949,13.781,-7.5768,4.5815,16.001,0.011351,1409.2,-17.725,-436.53,-101.47,297.45,0,0.33,0.20671,-0.031894
35332,-38988,22.145,-11.012,1.6744,2.0797,0.0019245,1079.7,38.71,-50.269,21.043,62.455,0,0.33,0.23862,-0.0079747
40904,-42468,21.925,-11.131,0.86965,2.2989,0.0021468,1070.1,40.02,-7.8116,43.889,50.707,0,0.33,0.23862,-0.0039904
32959,-34393,23.052,-9.8549,1.557,1.8163,0.0017771,1021,41.443,-17.665,43.634,58.111,0,0.33,0.24658,-0.0079748
33629,-36908,22.753,-9.8841,0.80539,2.0543,0.0020208,1015.6,42.56,10.429,57.044,50.741,0,0.33,0.24658,-0.003991
22629,-30160,23.551,-8.7283,0.71982,1.7989,0.0018906,950.07,42.925,23.408,64.173,52.068,0,0.33,0.25468,-0.0039932
22243,-26786,22.009,-8.589,4.3191,2.3703,0.0020758,1137.6,29.027,-162.68,2.5562,126.18,0,0.33,0.23862,-0.023922
24691,-24678,23.226,-7.9776,4.0233,1.8275,0.0017061,1068.3,32.913,-117.92,8.4386,103.55,0,0.33,0.24659,-0.023922
28746,-24724,22.165,-7.8108,4.8305,2.4566,0.0021619,1130.6,25.975,-159.49,31.4,138.11,0,0.33,0.23862,-0.027908
25581,-22918,23.4,-7.3301,4.4914,1.8197,0.0017196,1055,30.152,-115.28,31.621,109.42,0,0.33,0.24659,-0.027908
20379,-18535,24.698,-6.3166,4.4456,1.3988,0.0014584,956.32,29.597,-72.893,43.752,89.409,0,0.33,0.25469,-0.031895
23899,-21238,23.676,-6.6832,4.8999,1.7743,0.0017165,1029.8,27.271,-108.18,53.201,112.83,0,0.33,0.24659,-0.031895
21851,-19994,24.45,-6.8484,4.0762,1.4539,0.0014742,983.5,32.198,-78.377,26.994,89.069,0,0.33,0.25469,-0.027909
27049,-22788,22.444,-7.0382,5.281,2.5113,0.0022347,1115.8,22.833,-151.63,58.201,148.05,0,0.33,0.23862,-0.031895
-13895,23089,13.312,-4.8685,5.0116,20.017,0.013738,1458.5,-24.177,-420.88,-5.9245,361.77,0,0.33,0.2067,-0.039867
-16340,27219,10.644,-4.1386,4.1374,22.717,0.016281,1397.7,-33.718,-459.98,-21.134,302.81,0,0.33,0.19857,-0.039868
-28715,20326,13.452,-6.1865,4.8287,18.165,0.012684,1432.7,-21.228,-432.68,-58.567,332.31,0,0.33,0.20671,-0.035881
-32107,26401,10.901,-5.62,4.0318,21.318,0.015361,1389.9,-31.394,-481.23,-86.741,289.36,0,0.33,0.19858,-0.035881
12163,19051,15.393,-0.85817,5.3209,23.657,0.014771,1602.9,-30.33,-295.44,292.37,400.26,0,0.33,0.20648,-0.055938
14615,15841,16.706,-0.2726,5.3748,23.269,0.014185,1640.2,-30.644,-252.9,358.55,388.87,0,0.33,0.20639,-0.059944
15643,15960,12.763,0.073176,4.2401,25.455,0.016525,1541.8,-37.064,-270.36,322.12,286.1,0,0.33,0.19845,-0.055927
18462,12244,14.101,0.57093,4.2952,25.68,0.015949,1611.5,-37.29,-214.58,400.26,272.43,0,0.33,0.19847,-0.06006
20558,8537.8,15.899,0.82581,4.4439,25.237,0.015069,1675.7,-36.81,-164.55,479.17,256.88,0,0.33,0.19847,-0.064109
16985,11855,18.24,0.16416,5.4571,22.212,0.013275,1670.6,-31.027,-209.1,419.8,363.56,0,0.33,0.20646,-0.06408
22847,-19146,23.311,-5.5661,5.9866,2.4819,0.0023014,1063.8,16.536,-127.6,99.581,160.06,0,0.33,0.23863,-0.039868
25041,-20931,22.832,-6.2863,5.6674,2.5238,0.0022845,1093.7,19.667,-140.72,81.156,155.58,0,0.33,0.23863,-0.035881
20161,-17990,24.475,-5.4464,5.5313,1.5773,0.0016523,948.87,21.356,-87.085,84.03,112.13,0,0.33,0.24659,-0.039868
22074,-19599,24.041,-6.052,5.2472,1.6926,0.0016944,994.16,24.323,-98.44,70.941,113.77,0,0.33,0.24659,-0.035882
18764,-17066,25.016,-5.7951,4.7592,1.3126,0.0014277,916.33,26.9,-65.202,57.352,87.686,0,0.33,0.25469,-0.035882
13503,-13290,25.76,-3.1389,6.5616,1.6628,0.0019282,834.22,5.0271,-65.309,124.51,134.75,0,0.33,0.23863,-0.056063
12339,-12082,26.522,-3.3865,6.0426,0.88484,0.0012853,679.24,9.8587,-39.36,90.775,80.562,0,0.33,0.2466,-0.05606
11595,-12204,26.4,-2.6665,6.5333,1.3359,0.0017275,744.44,2.5143,-51.226,118.3,117.3,0,0.33,0.23863,-0.060179
10646,-10840,27.02,-2.976,6.0252,0.69508,0.0011513,594.41,7.2007,-30.391,83.511,67.73,0,0.33,0.24659,-0.060173
7481.2,-7949.2,27.82,-2.8748,5.4629,0.35947,0.00083053,427.11,7.8924,-13.989,52.143,38.618,0,0.33,0.25463,-0.064258
9123.7,-9647.8,27.476,-2.6116,5.96,0.52075,0.0010069,508,4.6933,-23.109,73.527,54.79,0,0.33,0.24659,-0.064227
8727.2,-8963.3,27.461,-3.2001,5.5019,0.48513,0.0009504,505.02,10.433,-17.514,59.956,47.412,0,0.33,0.25467,-0.060132
9897.2,-11024,26.994,-2.2582,6.4476,1.0115,0.0015013,645.9,0.16949,-38.161,106.57,97.889,0,0.33,0.23863,-0.064214
17743,4491.9,22.062,0.64837,5.6719,16.799,0.010296,1615.9,-30.841,-135.93,485.14,284.73,0,0.33,0.20658,-0.072298
18946,4198.3,20.094,1.0321,4.8509,21.235,0.012311,1721.3,-36.243,-111.69,553.52,219.32,0,0.33,0.19847,-0.072135
18349,7771.1,20.103,0.44685,5.5658,19.988,0.011942,1666.3,-30.834,-169.04,467.16,325.39,0,0.33,0.20651,-0.068187
20581,5940.5,17.938,0.95443,4.6373,23.815,0.013861,1717.8,-36.43,-132.18,529.29,239.18,0,0.33,0.19848,-0.068122
4302.1,-2780,28.439,0.97463,5.6268,2.3247,0.0028629,739.89,-30.952,-28.227,213.29,78.27,0,0.33,0.20662,-0.088345
2367,-3117.7,29.14,0.96566,5.4668,0.83089,0.0015685,459.91,-31.171,-11.853,123.73,39.508,0,0.33,0.20663,-0.09235
5894.8,-1233.1,27.907,1.2592,5.3585,4.2164,0.0040008,995.56,-35.856,-40.292,310.5,79.875,0,0.33,0.19862,-0.088386
2853.8,-1958.6,28.939,1.2654,5.2893,1.6722,0.0023009,654.8,-35.922,-21.468,192.95,43.64,0,0.33,0.19863,-0.092421
1366.5,-2204.5,29.519,1.2348,5.1577,0.46643,0.0010844,364.26,-35.922,-8.3867,98.54,19.646,0,0.33,0.19858,-0.096367
7341.6,-8686.5,27.973,-1.6172,6.1567,0.47573,0.001021,444.25,-4.1,-17.628,73.373,58.369,0,0.33,0.23861,-0.072208
8492.6,-9875.7,27.52,-1.9122,6.3204,0.71875,0.0012624,544.06,-2.0634,-26.029,91.526,77.319,0,0.33,0.23862,-0.068208
6580.8,-7361.4,28.222,-2.0106,5.7267,0.25003,0.00070542,346.21,0.1201,-12.408,49.188,33.078,0,0.33,0.2466,-0.072227
7770.7,-8482.9,27.878,-2.2915,5.8572,0.37062,0.00085631,423.96,2.3346,-16.974,61.583,43.123,0,0.33,0.24659,-0.068234
6407.4,-6993.3,28.139,-2.5789,5.3909,0.2533,0.00070472,353.61,5.4899,-11.657,43.515,30.889,0,0.33,0.25464,-0.06832
3885.8,-4471.8,29.103,-0.82634,5.3603,0.049531,0.00029886,160.5,-11.121,-2.5569,21.919,14.225,0,0.33,0.23852,-0.088451
3432.5,-3915.6,29.116,-1.1841,5.085,0.033808,0.00024706,133.59,-7.5755,-4.6517,15.629,11.705,0,0.33,0.24663,-0.088272
3291,-3769.7,29.264,-0.6962,5.1678,0.028408,0.0002254,123.22,-12.618,-1.5511,16.316,10.855,0,0.33,0.23853,-0.092465
2929.5,-3346.1,29.257,-1.0347,4.9215,0.020807,0.00019716,103.78,-9.2181,-3.6931,12.035,9.6439,0,0.33,0.24667,-0.092299
2166.3,-2521.9,29.391,-1.1705,4.5331,0.01166,0.0001652,70.44,-8.0818,-5.5395,7.8542,9.7669,0,0.33,0.25471,-0.096302
2508.1,-2870.4,29.38,-0.90271,4.7634,0.014147,0.00017252,81.428,-10.746,-2.9087,9.8353,8.2015,0,0.33,0.24671,-0.096313
2518.1,-2909,29.278,-1.3161,4.665,0.015928,0.00017834,88.367,-6.4673,-6.3216,9.2125,10.546,0,0.33,0.25471,-0.092308
-10276,10506,8.5566,-15.873,-0.083669,19.859,0.01524,1303.7,-86.61,-436.85,-75.1,34.064,0,0.33,0.071035,-0.011961
-6114.2,6927.1,8.9382,-15.92,0.10244,20.588,0.015368,1340.2,-85.421,-445.93,-63.861,26.387,0,0.33,0.07898,-0.011961
-13812,13566,8.3314,-14.262,-0.025169,21.909,0.017081,1283.5,-88.573,-430.15,-59.618,48.736,0,0.33,0.071035,-0.015948
-6503.9,8494.4,8.7895,-14.243,0.21821,22.854,0.017269,1324.2,-86.825,-431.68,-32.46,39.26,0,0.33,0.07898,-0.015948
-1717.5,2489.1,9.5766,-17.666,0.10548,16.933,0.012501,1351.8,-81.166,-440.39,-104.74,16.496,0,0.33,0.086981,-0.0079743
-74.643,245.26,10.053,-19.3,0.038768,11.644,0.0092226,1249.7,-80.311,-299.87,-94.545,20.617,0,0.33,0.086982,-0.0039879
135.29,-192.6,10.403,-19.349,0.066796,11.17,0.0087474,1260.2,-76.393,-312.79,-108.82,20.315,0,0.33,0.094939,-0.0039878
118.96,920.15,9.8517,-17.633,0.14984,16.958,0.012276,1377.7,-77.127,-458.57,-119.12,12.692,0,0.33,0.094939,-0.0079742
-1322.8,3510.5,9.2546,-15.85,0.21575,21.284,0.015478,1375.5,-82.124,-457.91,-57.039,17.147,0,0.33,0.086981,-0.011961
2259.6,-22.317,9.4281,-13.882,0.43807,24.93,0.017732,1406.5,-78.537,-449.05,12.737,11.833,0,0.33,0.094939,-0.015948
69.37,3832,9.167,-14.099,0.36625,23.875,0.01749,1365.7,-83.097,-437.19,-6.5122,26.256,0,0.33,0.086981,-0.015948
1472.8,734.9,9.4874,-15.722,0.27205,21.874,0.015527,1408.9,-77.88,-474.6,-58.301,8.3856,0,0.33,0.094939,-0.011961
-7361.9,9549.1,8.7358,-12.674,0.36768,23.787,0.018448,1290.2,-88.369,-408.44,-23.6,61.125,0,0.33,0.078979,-0.019935
-16719,15783,8.1399,-12.742,0.068957,22.839,0.018355,1245.2,-90.773,-413.62,-63.922,69.975,0,0.33,0.071035,-0.019935
-5276.2,4085.9,9.4521,-9.6465,1.0211,24.291,0.019532,1244.6,-86.614,-344.01,-19.633,116.19,0,0.33,0.08698,-0.027908
-1400.4,3961.9,9.3974,-10.99,0.7698,24.828,0.019136,1298,-85.247,-375.48,16.847,77.155,0,0.33,0.086981,-0.023922
750.18,-1649.9,10.547,-8.0526,1.4631,24.036,0.01918,1254.6,-81.786,-301.64,5.3172,148.74,0,0.33,0.094938,-0.031895
-10160,4265.4,9.3095,-8.44,1.3084,23.938,0.02022,1185.5,-88.286,-313.86,-73.073,156.39,0,0.33,0.08698,-0.031895
3645.7,-1795.8,10.359,-9.2713,1.1574,25.071,0.019102,1313,-80.597,-335.88,60.619,98.135,0,0.33,0.094937,-0.027908
4044.1,-1517,10.001,-10.644,0.88412,26.065,0.019183,1359,-79.767,-373.49,83.297,55.584,0,0.33,0.094938,-0.023922
634.28,3904.2,9.2548,-12.474,0.55175,24.902,0.018606,1339,-84.111,-407.28,21.643,46.137,0,0.33,0.086981,-0.019935
3029.4,-871.26,9.6367,-12.181,0.64343,26.214,0.018872,1389.5,-79.132,-412.47,65.136,26.697,0,0.33,0.094938,-0.019935
225.5,-495.68,10.746,-19.36,0.081722,10.609,0.0082512,1265.1,-71.804,-323.25,-126.16,21.117,0,0.33,0.1029,-0.0039877
806.71,-142.68,10.099,-17.575,0.16553,16.821,0.011999,1396.9,-72.453,-476.68,-141.06,10.322,0,0.33,0.1029,-0.0079741
2323,-2137,9.7457,-15.433,0.26398,22.537,0.015477,1455.8,-68.249,-519.74,-95.557,-5.0946,0,0.33,0.11082,-0.011961
1959.1,-2046.3,9.7945,-15.353,0.23734,22.331,0.01521,1467.4,-63.8,-544.78,-132.48,-7.2272,0,0.33,0.11874,-0.011961
3409,-3143,9.3114,-13.07,0.29926,27.227,0.018326,1485.7,-60.52,-559.26,-63.577,-27.234,0,0.33,0.12666,-0.015948
2717.5,-4584.6,9.4761,-13.17,0.35131,27.365,0.018458,1482.7,-64.169,-526.33,-17.081,-25.278,0,0.33,0.11874,-0.015948
1299.3,-1021.1,9.8383,-15.354,0.2211,21.66,0.014721,1470.4,-60.001,-566.63,-178.68,-4.7788,0,0.33,0.12666,-0.011961
2341.3,-4466.7,9.5785,-13.369,0.40864,26.895,0.018332,1467.4,-68.599,-494.36,11.052,-16.424,0,0.33,0.11082,-0.015948
2269.8,-1222.5,9.6513,-15.568,0.28182,22.343,0.015561,1435.8,-73.075,-495.36,-70.692,0.70511,0,0.33,0.1029,-0.011961
2771.2,-2899.8,9.5692,-13.622,0.44509,26.005,0.018052,1441,-73.519,-467.84,20.055,-3.0167,0,0.33,0.1029,-0.015948
5933.1,-6146.5,10.408,-10.208,0.9051,27.813,0.019588,1419.9,-74.033,-378.85,149.23,25.492,0,0.33,0.1029,-0.023921
8319.2,-7066.8,11.09,-8.787,1.1936,26.496,0.019083,1388.3,-74.355,-332.39,154.32,65.479,0,0.33,0.1029,-0.027908
9921.6,-7203.5,11.695,-7.5529,1.5149,24.598,0.018407,1336.9,-75.005,-290.67,111.24,122.21,0,0.33,0.1029,-0.031895
1586.8,-7637.9,9.6581,-11.101,0.51679,30.651,0.020499,1495.3,-64.268,-484.77,108.95,-39.826,0,0.33,0.11874,-0.019935
2248.9,-7042.8,9.8572,-11.444,0.60421,29.368,0.019946,1472.6,-68.722,-450.04,116.83,-20.054,0,0.33,0.11082,-0.019935
2051.5,-6003.7,9.2995,-10.862,0.42196,31.246,0.020836,1499.6,-60.759,-525.96,72.61,-50.878,0,0.33,0.12665,-0.019935
3733.3,-4661.3,9.8502,-11.823,0.65394,27.775,0.019355,1435.3,-73.809,-425.8,99.666,3.7164,0,0.33,0.1029,-0.019935
-5303.3,2175.6,11.81,-17.944,0.36143,11.003,0.007955,1368.5,-49.955,-489.72,-311.29,35.118,0,0.33,0.1505,-0.0079743
-1425.8,-1808.4,12.961,-19.577,0.22134,6.0775,0.0049031,1218.4,-48.887,-291.43,-198.87,37.155,0,0.33,0.1505,-0.003989
-1664.4,-3506.3,13.509,-19.52,0.29019,5.477,0.004465,1210.2,-44.757,-271.11,-192.56,40.81,0,0.33,0.15854,-0.0039896
-6602.2,1686.2,12.378,-18.004,0.49678,9.6772,0.0071008,1348,-46.026,-466.28,-316.16,44.253,0,0.33,0.15854,-0.0079744
408.61,952.21,9.9266,-15.444,0.23683,20.529,0.013994,1465.6,-56.922,-581.61,-228.74,2.1996,0,0.33,0.13457,-0.011961
-3721.5,3492,10.111,-15.602,0.30634,19.031,0.013061,1455.4,-54.25,-587.48,-276.19,13.048,0,0.33,0.1425,-0.011961
3401.8,9.5859,9.1585,-13.097,0.28507,26.392,0.017856,1478.2,-57.756,-587.46,-123.02,-21.214,0,0.33,0.13457,-0.015948
926.43,4305.8,9.1025,-13.238,0.34438,24.948,0.017038,1464.7,-55.514,-606.49,-186.51,-7.7987,0,0.33,0.1425,-0.015948
-9299.2,5788.9,10.432,-15.79,0.4392,17.278,0.011963,1441.9,-51.523,-583.81,-315.6,27.845,0,0.33,0.1505,-0.011961
-16611,11174,9.5617,-13.676,0.72817,20.898,0.014569,1435.2,-50.086,-611.14,-294.69,36.499,0,0.33,0.15854,-0.015948
-8185.8,8471.1,9.214,-13.451,0.49362,23.07,0.015916,1450.1,-53.232,-614.95,-245.89,12.446,0,0.33,0.1505,-0.015948
-12314,6917.6,10.936,-15.95,0.63214,15.373,0.010766,1424.8,-47.923,-569.55,-342.55,44.201,0,0.33,0.15854,-0.011961
-1544.3,-6189.8,14.118,-19.365,0.37025,4.9388,0.0040611,1204.3,-39.609,-248.03,-179.49,43.531,0,0.33,0.16648,-0.0039898
-7173.4,-25.499,13.049,-17.982,0.65667,8.381,0.0062484,1327.3,-41.074,-436.36,-308.63,52.463,0,0.33,0.16648,-0.0079745
-14770,4560.8,12.458,-16.077,1.1347,11.385,0.0081971,1384,-37.539,-512.93,-348.62,78.045,0,0.33,0.17444,-0.011961
-14295,763.85,13.511,-15.942,1.4254,9.4619,0.0069399,1357.9,-29.435,-470.08,-324.97,90.331,0,0.33,0.18252,-0.011961
-20368,4151,13.401,-14.004,2.134,10.929,0.0079696,1368.9,-23.662,-485.06,-302.91,128.45,0,0.33,0.19062,-0.015948
-21503,8864.5,12.124,-14.073,1.7455,13.438,0.0096745,1387.8,-32.714,-531.78,-331.34,112.21,0,0.33,0.18254,-0.015948
-13027,-4863.7,14.645,-15.681,1.7194,7.6828,0.0057374,1333.4,-20.096,-421.83,-288.66,99.461,0,0.33,0.19062,-0.011961
-21453,11518,10.99,-14.036,1.3659,16.017,0.011381,1407.1,-40.479,-570.53,-341.4,90.24,0,0.33,0.17445,-0.015948
-13971,6575.7,11.606,-16.056,0.86664,13.373,0.0094844,1405.9,-43.27,-545.9,-354.17,60.274,0,0.33,0.16648,-0.011961
-19653,12176,10.144,-13.881,1.0222,18.521,0.013029,1421.9,-45.854,-596.35,-328.03,61.829,0,0.33,0.16648,-0.015948
2602.3,4534.5,8.5258,-10.87,0.39618,29.602,0.020243,1462.3,-56.595,-597.36,-62.441,-36.137,0,0.33,0.1425,-0.019935
1034.8,-1679.6,8.8785,-10.783,0.36351,30.883,0.020778,1486.2,-58.347,-566.03,11.604,-49.716,0,0.33,0.13457,-0.019935
-10909,13045,8.1002,-6.4837,0.69195,33.754,0.023324,1446.5,-57.01,-572.25,132.63,-82.548,0,0.33,0.1505,-0.027908
613.54,12260,7.962,-8.7385,0.60941,31.187,0.021769,1432.2,-56.107,-601.86,-7.9631,-43.903,0,0.33,0.1505,-0.023921
-22330,20587,7.8111,-4.5858,1.0551,32.829,0.023289,1408.8,-56.211,-561.97,170.37,-81.925,0,0.33,0.15854,-0.031894
-17714,12413,8.7945,-4.3627,0.80717,35.38,0.023826,1484.8,-57.404,-526.46,273.54,-125.39,0,0.33,0.1505,-0.031894
-7494.9,19828,7.5274,-6.7487,0.96358,31.192,0.022386,1392.7,-55.379,-596.7,35.737,-41.339,0,0.33,0.15854,-0.027908
-1322.2,17702,7.7602,-9.0157,0.88475,28.767,0.020573,1398.4,-53.991,-616.36,-92.642,-6.7609,0,0.33,0.15854,-0.023921
60.305,10629,8.3546,-11.078,0.54701,27.69,0.019261,1438,-54.808,-616.82,-137.64,-11.699,0,0.33,0.1505,-0.019934
-13272,14738,8.4641,-11.341,0.80927,25.399,0.017926,1417.7,-52.176,-622.19,-205.8,19.556,0,0.33,0.15854,-0.019934
-27006,15559,10.794,-12.082,2.007,17.302,0.012482,1386.7,-36.182,-562.41,-302.58,129.9,0,0.33,0.18255,-0.019935
-26301,17172,9.6376,-11.888,1.5532,20.187,0.014471,1396,-43.489,-595.96,-294.74,95.358,0,0.33,0.17445,-0.019934
-26534,12024,12.178,-12.199,2.4805,14.364,0.01041,1379.3,-27.54,-519.63,-284.87,156.49,0,0.33,0.19062,-0.019935
-17755,20481,7.9183,-9.3481,1.2544,26.164,0.018993,1378.1,-50.761,-616.34,-167.67,37.288,0,0.33,0.16648,-0.023921
-11978,23178,7.3562,-7.1143,1.3475,28.439,0.020955,1356.9,-52.644,-604.12,-56.774,10.015,0,0.33,0.16648,-0.027908
-14192,24431,7.2506,-4.9617,1.4342,29.91,0.022116,1351.5,-53.943,-577.75,65.651,-25.781,0,0.33,0.16648,-0.031894
-23535,16767,8.8757,-11.62,1.1485,22.883,0.016302,1404.8,-48.435,-615.06,-260.48,54.582,0,0.33,0.16648,-0.019934
-27777,17609,4.8762,-6.0972,1.4303,24.615,0.025833,953.24,-106.31,-285.68,-188.45,167.45,0,0.33,0.07103,-0.043856
-22761,10632,6.2153,-5.8602,2.0118,25.403,0.025385,1001.4,-101.1,-261.45,-176.46,200.87,0,0.33,0.078975,-0.043856
-27930,17211,4.2096,-5.3551,1.7562,24.841,0.026797,927.18,-108.75,-274.93,-174.44,173.07,0,0.33,0.071028,-0.047853
-23247,10371,5.587,-5.0909,2.3853,25.897,0.026486,978.17,-103.33,-247.4,-162.6,209.57,0,0.33,0.078975,-0.04785
-17012,4560.9,8.421,-6.3952,1.9866,24.774,0.022842,1086.2,-92.379,-261.76,-151.01,214.92,0,0.33,0.086978,-0.039868
-14459,4448.7,8.9454,-7.3608,1.6317,24.121,0.021372,1130.4,-90.244,-286.11,-121.99,190.39,0,0.33,0.086979,-0.035881
-6483,-1126.4,10.471,-6.9698,1.8003,23.645,0.019828,1194.8,-83.395,-271.85,-59.269,197.32,0,0.33,0.094941,-0.035881
-13392,-440.77,10.153,-6.0015,2.1642,24.075,0.021061,1145.4,-85.339,-246.58,-107.98,235.32,0,0.33,0.094949,-0.039867
-18633,4563.4,7.8329,-5.5263,2.3655,25.622,0.024336,1054,-94.566,-241.09,-157.24,231.52,0,0.33,0.086977,-0.043856
-17282,525.48,9.2087,-4.3307,2.943,26.135,0.024031,1089,-89.669,-205.76,-125.63,278.22,0,0.33,0.094949,-0.047855
-19472,4487.2,7.2639,-4.7371,2.7609,26.433,0.025626,1032.4,-96.71,-223.76,-146.16,243.65,0,0.33,0.086979,-0.047851
-15922,152.54,9.6947,-5.1274,2.5475,25.032,0.022573,1110.8,-87.479,-224.91,-129.15,261.1,0,0.33,0.094952,-0.043856
-23360,10185,5.0336,-4.3841,2.7718,26.246,0.027258,963.13,-105.44,-236.87,-141.78,218.04,0,0.33,0.078981,-0.051855
-27863,16961,3.612,-4.6743,2.0951,24.94,0.027448,908.68,-111.06,-268.3,-155.48,179.16,0,0.33,0.071023,-0.051869
-19603,4637.1,6.0661,-2.7064,3.9831,28.026,0.027586,1016.2,-102.59,-187.11,-68.825,276,0,0.33,0.086929,-0.059979
-19803,4462.1,6.362,-3.3372,3.5769,27.626,0.027244,1014.4,-100.74,-197.47,-97.584,264.69,0,0.33,0.086977,-0.055918
-10470,1759.7,8.1296,-1.7196,4.5086,29.257,0.027025,1083.2,-97.409,-144.58,-15.558,324.62,0,0.33,0.094835,-0.064028
-18422,5013.4,5.8923,-2.1171,4.3759,28.352,0.027685,1024.3,-104.21,-177.98,-40.105,288.33,0,0.33,0.086916,-0.063992
-17261,1303.9,8.2197,-2.2977,4.1356,28.697,0.026716,1074.8,-95.717,-158.51,-46.346,313.27,0,0.33,0.094854,-0.060014
-17889,987.86,8.4451,-2.9254,3.7439,28.007,0.026139,1072.3,-93.774,-172.84,-77.254,302.1,0,0.33,0.094932,-0.055939
-19786,4433.6,6.7666,-4.0122,3.1667,27.106,0.026603,1019.5,-98.761,-209.22,-124.71,254.13,0,0.33,0.08699,-0.051868
-17868,786.67,8.7733,-3.5983,3.3456,27.15,0.025238,1076.9,-91.839,-188.23,-105.89,291.07,0,0.33,0.094929,-0.051886
6425,-6407.2,12.041,-6.48,1.8649,23.142,0.018207,1273.3,-76.175,-256.71,36.37,186.43,0,0.33,0.1029,-0.035881
-4795,-4850.3,12.057,-5.5326,2.2358,22.804,0.018828,1214.4,-77.881,-230.93,-37.862,243.96,0,0.33,0.10291,-0.039867
-1255.7,-6730.3,14.121,-4.1346,2.6392,21.079,0.01704,1241.4,-72.507,-193.65,-8.7148,292.18,0,0.33,0.11084,-0.043856
17892,-13560,16.382,-3.4141,2.6309,18.281,0.013869,1323.1,-65.347,-165.78,122.9,251.65,0,0.33,0.11875,-0.043856
25552,-18278,19.095,-1.8823,3.042,13.85,0.010493,1324.2,-60.902,-108.98,186.26,216.25,0,0.33,0.12667,-0.047854
6627.7,-7487.4,16.687,-2.7628,3.0485,17.992,0.0143,1262.9,-67.623,-159.07,32.063,329.7,0,0.33,0.11875,-0.047857
23006,-24753,18.047,-2.4068,2.5307,16.871,0.011695,1440.9,-59.147,-124.39,326.13,112.99,0,0.33,0.12667,-0.043856
-12136,-3440.1,13.996,-3.3964,3.0236,22.019,0.018286,1207.7,-74.885,-180.55,-52.126,338.23,0,0.33,0.11083,-0.047856
-13733,-3100.9,11.818,-4.6778,2.618,23.51,0.0201,1172.6,-79.984,-210.68,-84.671,285.77,0,0.33,0.10291,-0.043856
-16347,-1709.7,11.462,-3.8949,3.0035,24.744,0.021599,1148,-82.276,-192.73,-97.609,312.63,0,0.33,0.10291,-0.047856
-17424,-46.886,10.847,-2.5104,3.7635,27.223,0.024115,1130.5,-86.799,-157.58,-59.122,342.72,0,0.33,0.10286,-0.055944
-13559,549.22,10.688,-1.8981,4.1242,28.182,0.024922,1132.2,-88.94,-140.81,-27.756,353.81,0,0.33,0.10277,-0.060017
-1813.5,1134.8,10.67,-1.3409,4.461,28.942,0.025441,1138.8,-90.777,-123.95,4.5908,363.97,0,0.33,0.10275,-0.064033
-2287.7,-2080.5,16.731,-2.1485,3.4267,18.956,0.015376,1235.9,-70.314,-154.02,-8.9827,381.5,0,0.33,0.11872,-0.051892
-17527,-962.12,13.781,-2.7091,3.3938,23.422,0.01969,1192.6,-77.457,-166.21,-57.964,367.1,0,0.33,0.1108,-0.05189
17331,-9217.4,19.638,-1.4074,3.4902,13.251,0.010608,1249.6,-63.422,-113.95,88.069,301.48,0,0.33,0.12666,-0.051872
-17413,-717.1,11.11,-3.1727,3.3891,26.053,0.022985,1135.5,-84.634,-174.81,-85.471,330.2,0,0.33,0.10288,-0.05189
-15903,4302.6,11.729,-0.77282,1.194,34.144,0.021324,1604.7,-56.318,-370.49,505.69,-212.68,0,0.33,0.1505,-0.039867
-17574,9683.3,10.027,-2.4341,0.96909,35.706,0.023181,1541.8,-57.187,-460.9,402.63,-169.84,0,0.33,0.1505,-0.035881
-23553,19302,8.6188,-2.5815,1.1695,33.592,0.023214,1446.9,-56.377,-508.76,300.65,-125.43,0,0.33,0.15853,-0.035881
-21536,15351,9.9139,-0.80534,1.3175,33.115,0.022101,1499.6,-55.805,-431.95,413.98,-168.28,0,0.33,0.15853,-0.039867
10744,-29404,18.042,-1.1513,2.2003,19.894,0.012226,1611.5,-55.692,-109.94,530.04,-96.216,0,0.33,0.13459,-0.043856
-3666.9,-19396,16.206,-0.064895,1.7617,26.131,0.015322,1705.8,-54.969,-163.41,606.71,-235.29,0,0.33,0.14252,-0.043856
23242,-28456,19.958,-0.68694,2.8009,13.614,0.0090895,1484.9,-56.231,-47.271,403.55,-17.455,0,0.33,0.13459,-0.047858
11141,-25005,18.54,0.53365,2.3221,18.94,0.011328,1657.7,-54.188,-45.51,557.47,-218.2,0,0.33,0.14252,-0.047859
-12349,-3414.2,13.777,0.52628,1.503,30.309,0.018354,1656.2,-54.941,-252.48,568.73,-248.53,0,0.33,0.1505,-0.043856
-11619,-237.45,13.559,1.7026,1.7872,27.259,0.017071,1601,-53.067,-198.71,531.37,-239.59,0,0.33,0.15853,-0.04786
-2473.3,-11830,16.005,1.3703,1.9205,24.674,0.014728,1678.5,-53.516,-116.13,578.98,-270.78,0,0.33,0.1505,-0.047862
-17434,8545.5,11.609,0.65379,1.5157,30.983,0.019964,1555,-54.591,-327.72,495.29,-206.82,0,0.33,0.15853,-0.043856
-20041,23687,7.6345,-2.9407,1.5213,30.693,0.022436,1367.2,-54.552,-534.34,191.21,-67.415,0,0.33,0.16648,-0.035881
-23383,20445,8.5035,-1.1148,1.6155,30.697,0.021885,1402.5,-54.404,-469.3,308.98,-111.26,0,0.33,0.16648,-0.039867
-11271,17506,8.5314,-0.086024,2.1101,27.461,0.020182,1360.7,-51.279,-410.55,295.9,-67.618,0,0.33,0.17444,-0.043858
3493.3,19609,8.1362,-0.8493,2.6522,25.469,0.019398,1312.9,-47.415,-427,186.51,47.911,0,0.33,0.18253,-0.043866
11797,18399,9.2674,-0.53029,3.3226,24.655,0.018103,1362.7,-42.87,-369.99,193.08,159.72,0,0.33,0.1906,-0.047863
-64.822,13145,9.009,0.40662,2.6634,25.079,0.018613,1347.8,-46.783,-339.55,278.46,11.852,0,0.33,0.18248,-0.047863
8658.4,23198,8.7672,-1.7798,3.3327,24.497,0.018347,1336.2,-42.574,-435.24,98.293,184.1,0,0.33,0.19061,-0.043857
-12655,9917.4,9.7625,1.1649,2.1673,26.405,0.01878,1407.2,-50.305,-307.81,370.2,-105.77,0,0.33,0.17444,-0.047873
-18729,14316,9.8069,0.4341,1.7281,29.668,0.020469,1450.5,-53.553,-378.02,402.6,-153.35,0,0.33,0.16648,-0.043857
-12245,5868.5,11.421,1.6138,1.8806,27.506,0.01835,1501.6,-52.228,-260.89,456.72,-190.82,0,0.33,0.16648,-0.047865
23287,-25036,20.574,0.74587,2.9606,12.946,0.0082249,1547.1,-54.368,29.244,453.47,-169.86,0,0.33,0.14253,-0.051902
23024,-21058,21.311,-0.40626,3.3842,10.031,0.00749,1344.6,-57.844,-31.933,266.28,75.142,0,0.33,0.1346,-0.051895
18348,-16160,21.842,1.5377,3.6585,11.145,0.0071843,1530.6,-53.42,98.088,394.46,-229.4,0,0.33,0.15055,-0.060139
25041,-19036,20.157,1.7121,3.0689,14.136,0.0087366,1605.7,-52.643,83.06,460.64,-258.09,0,0.33,0.15052,-0.056017
16939,-11356,20.949,1.8765,3.6667,14.256,0.0087185,1625.7,-51.495,124.52,420.66,-280.48,0,0.33,0.15856,-0.064216
11967,-12118,23.317,1.3859,4.1411,9.1293,0.00622,1441,-54.593,73.035,345.72,-190.29,0,0.33,0.15059,-0.064189
22229,-13139,19.277,2.1764,3.1546,16.236,0.0098531,1645.1,-51.016,116.58,442.62,-286.45,0,0.33,0.15855,-0.060139
18979,-12916,17.51,2.3771,2.6281,18.962,0.01154,1644.9,-51.002,53.95,481.16,-280.78,0,0.33,0.15855,-0.056013
16693,-17885,18.196,1.7294,2.4569,18.762,0.011279,1660.1,-52.641,8.1127,534.32,-273.79,0,0.33,0.15051,-0.051911
2372.8,-8433.9,15.582,2.2713,2.1573,22.836,0.014037,1630.9,-51.723,-60.641,520.96,-265.12,0,0.33,0.15854,-0.051908
4021.5,6255.6,10.214,1.2928,2.6885,24.554,0.017541,1400.9,-45.76,-238.7,345.04,-18.046,0,0.33,0.18247,-0.051874
-6564.6,2069.6,11.224,2.0073,2.2585,24.907,0.017065,1461.9,-49.105,-189.41,410.34,-136.48,0,0.33,0.17448,-0.05195
15017,12814,10.139,0.42747,3.3108,24.786,0.017577,1410.8,-42.635,-289.22,285.46,135.28,0,0.33,0.19059,-0.051903
10304,-7613.1,14.946,2.5979,2.4022,22.002,0.013819,1596.2,-49.678,-3.8425,460.69,-241.79,0,0.33,0.16655,-0.05605
21529,-9037.8,16.653,2.4768,2.7871,20.107,0.012283,1640,-49.145,81.537,444.92,-254.87,0,0.33,0.16657,-0.060128
17530,-8301.4,18.34,2.1718,3.2209,18.81,0.011229,1675.6,-49.153,118.67,447.07,-261.45,0,0.33,0.16658,-0.064215
-5707.9,-2397.9,13.178,2.3448,2.0977,24.663,0.01595,1550.2,-50.805,-127.59,472.26,-221.14,0,0.33,0.1665,-0.051933
-26333,20590,1.7931,-1.2148,4.1765,24.731,0.026843,921.46,-121.14,-275.03,-30.252,245.84,0,0.33,0.070955,-0.075942
-11135,13124,3.7275,-0.85946,5.0371,27.034,0.02688,1005.6,-114.82,-212.76,4.1413,295.27,0,0.33,0.078876,-0.075959
-21384,21615,1.7712,-0.67305,4.4993,24.782,0.026412,938.53,-121.95,-276.38,-9.4863,261.09,0,0.33,0.070954,-0.079931
-6333.1,14011,3.8324,-0.33052,5.3604,27.204,0.026446,1028.6,-115.65,-208.54,26.443,311.96,0,0.33,0.078874,-0.079949
-2945.7,6282,5.8766,-1.0235,5.106,28.907,0.02737,1056.2,-106.93,-161.94,14.571,316.66,0,0.33,0.086901,-0.071989
-12407,5566.6,5.8316,-1.5582,4.7514,28.637,0.027595,1037.9,-105.65,-169.99,-11.865,301.95,0,0.33,0.086906,-0.067994
470.25,2346.4,8.1647,-1.1797,4.8583,29.721,0.027109,1096.9,-98.917,-132.09,14.986,336.57,0,0.33,0.094831,-0.06802
4901.9,3061.6,8.3152,-0.67197,5.1817,30.119,0.027023,1115,-100.23,-119.99,43.701,349.13,0,0.33,0.094831,-0.072009
1335.7,7109.7,6.0204,-0.50879,5.4351,29.178,0.027055,1078.5,-108.02,-153.82,39.456,332.14,0,0.33,0.086899,-0.075978
2974.2,4692.6,8.9194,0.26362,5.7364,30.768,0.026504,1161.2,-102.28,-96.17,91.736,374.17,0,0.33,0.094842,-0.080001
549.89,7930.2,6.2552,-0.012328,5.7345,29.456,0.026678,1104.1,-108.9,-145.02,61.985,347.48,0,0.33,0.086899,-0.079968
4082.7,3873.2,8.5718,-0.19167,5.4752,30.465,0.02681,1136.7,-101.36,-108.03,69.56,361.96,0,0.33,0.094836,-0.075998
-3818.9,14728,4.0174,0.18626,5.6562,27.416,0.02599,1054.7,-116.24,-202.53,46.718,328.13,0,0.33,0.078874,-0.083937
-13983,22443,1.828,-0.13471,4.8057,24.889,0.025953,959.33,-122.48,-275.49,10.711,276.63,0,0.33,0.070953,-0.083921
-3598.7,9923.5,7.4002,1.3632,6.4233,30.378,0.025378,1197,-109.9,-115.28,120.23,391.81,0,0.33,0.08691,-0.091978
-2077.2,9329.3,6.9475,0.92306,6.2311,30.048,0.025828,1163.4,-109.89,-125.72,100.43,376.78,0,0.33,0.086901,-0.08796
-1052.4,7153.9,10.406,1.4923,6.298,31.537,0.025273,1248.2,-103.54,-62.62,153.32,412.44,0,0.33,0.094849,-0.092132
390.76,6351.1,9.8363,1.1039,6.1516,31.301,0.025723,1217.2,-103.38,-73.689,131.87,399.14,0,0.33,0.094853,-0.088065
-694.86,8666,6.5672,0.46497,6.0006,29.744,0.026264,1132.5,-109.54,-135.56,81.64,362.17,0,0.33,0.086899,-0.083962
1748.5,5512.7,9.3423,0.69491,5.9632,31.044,0.026136,1188.2,-102.96,-84.701,111.59,386.29,0,0.33,0.094849,-0.08403
6171.6,1787.9,10.782,-0.82809,4.7707,29.532,0.025706,1149.9,-92.387,-108.28,36.249,374.01,0,0.33,0.10275,-0.068035
5615.2,2543.6,11.016,-0.35358,5.0509,29.981,0.025762,1164.7,-93.788,-93.237,65.606,384,0,0.33,0.10276,-0.072026
2999.4,4692.5,14.433,0.35508,5.0509,28.139,0.023171,1215.5,-88.916,-65.554,104.4,428.83,0,0.33,0.11072,-0.076063
-440.09,6732.5,17.815,0.644,4.8401,23.468,0.019211,1220.9,-82.867,-63.578,105.91,455.62,0,0.33,0.11868,-0.076173
-5195.1,7977.1,21.781,1.229,4.8053,16.546,0.014252,1151.1,-77.822,-52.438,118.09,436.88,0,0.33,0.12664,-0.080184
-1656.2,7207.2,18.305,0.96245,4.9614,23.399,0.019145,1220.7,-84.041,-49.075,129.82,455.17,0,0.33,0.11868,-0.080191
-4017.3,7715.8,21.322,0.95616,4.7356,16.649,0.014179,1165.4,-76.605,-66.183,97.266,439.78,0,0.33,0.12665,-0.076188
1849.5,5400.4,14.916,0.71989,5.2221,28.218,0.023005,1227.3,-90.012,-51.391,128.15,433.42,0,0.33,0.11072,-0.0801
4605.3,3351.1,11.358,0.088775,5.3,30.306,0.025645,1182.6,-95.024,-78.984,91.661,393.45,0,0.33,0.10277,-0.07603
3507,4165.2,11.791,0.49976,5.5176,30.537,0.025407,1202.6,-96.021,-65.595,114.34,402.17,0,0.33,0.10279,-0.080063
985.14,5908.2,12.892,1.2428,5.847,30.77,0.024667,1247.9,-97.307,-41.41,157.66,421,0,0.33,0.10278,-0.08822
-314.02,6735.7,13.561,1.5728,5.9503,30.756,0.024191,1271.8,-97.531,-30.232,179.92,430.75,0,0.33,0.10278,-0.09223
-2792.9,7695.3,18.881,1.2514,5.0531,23.128,0.018921,1219.9,-84.94,-35.966,152.97,453.83,0,0.33,0.11865,-0.084252
605.08,6168.7,15.484,1.0583,5.3615,28.158,0.022708,1240.3,-90.886,-38.5,151.56,438.36,0,0.33,0.1107,-0.084226
-6102.6,8161.9,22.312,1.4732,4.8491,16.211,0.014154,1134.1,-78.758,-39.688,137.46,430.36,0,0.33,0.12663,-0.084189
2268.9,5032.2,12.302,0.88599,5.7018,30.691,0.025073,1224.7,-96.814,-53.119,135.87,411.35,0,0.33,0.10278,-0.084178
4740.3,-5900.4,25.817,1.3744,4.7106,5.9762,0.0048447,1211.6,-57.238,1.4638,268.7,-87.852,0,0.33,0.15061,-0.072197
7181.1,-8654,24.633,1.3336,4.4892,7.4854,0.0054868,1336.4,-55.937,35.67,306.66,-142.61,0,0.33,0.15061,-0.068205
12054,-9518.2,22.577,1.6348,4.1034,12.371,0.0077481,1578.1,-52.26,98.706,407.62,-260.72,0,0.33,0.15857,-0.068236
8532.8,-7985.5,24.173,1.5033,4.4401,10.232,0.0067286,1490.5,-53.104,60.455,390.12,-225.88,0,0.33,0.15857,-0.072228
-4759.2,6045.8,24.434,1.2458,4.7454,9.7193,0.0091821,1039.4,-70.172,-65.552,93.753,345.14,0,0.33,0.13465,-0.076105
-1380.5,1596.9,26.447,1.4304,4.8094,5.2277,0.005493,949.07,-63.972,-54.659,128.49,171.44,0,0.33,0.1426,-0.076122
-5683.4,6448.8,24.867,1.4771,4.7688,9.6392,0.0093702,1007.6,-71.41,-54.377,103.06,349.9,0,0.33,0.13465,-0.080103
-2405.7,2709.1,26.974,1.6275,4.809,4.9298,0.0055753,871.73,-65.191,-51.69,113.04,199.18,0,0.33,0.1426,-0.080158
2746.5,-3681.4,26.85,1.4854,4.823,4.6122,0.0042771,1068,-58.436,-23.835,226.64,-30.712,0,0.33,0.15061,-0.076185
3081.9,-4955.7,27.053,1.5526,4.7944,5.4548,0.004479,1169.2,-54.731,-8.7968,304.86,-119.84,0,0.33,0.15857,-0.080203
748.17,-1875.6,27.71,1.6361,4.853,3.4766,0.0038075,913.71,-59.505,-37.749,182.15,22.21,0,0.33,0.15061,-0.080181
5821,-6525.8,25.692,1.4835,4.6688,7.8459,0.0056186,1354.6,-53.942,22.065,356.9,-177.32,0,0.33,0.15857,-0.076215
13204,-7239.3,20.09,1.8485,3.6568,17.453,0.010314,1688.9,-49.436,114.69,461.11,-257.9,0,0.33,0.16658,-0.068231
9587,-6541.9,21.91,1.6106,4.0483,15.525,0.0092685,1665.9,-49.882,86.948,470.73,-242.04,0,0.33,0.16658,-0.072222
7770.9,-3932.3,22.036,1.481,4.1361,17.064,0.0099776,1704.3,-47.248,40.247,533.23,-149.9,0,0.33,0.1746,-0.07623
10299,-1512.8,21.105,1.4175,4.1428,19.481,0.01116,1742.9,-44.115,-1.2836,576.24,-32.255,0,0.33,0.18255,-0.076233
11534,619.22,23.519,1.3018,4.7449,15.412,0.0093121,1644.4,-40.339,-56.182,555.47,87.338,0,0.33,0.1905,-0.08015
6369.5,-1362.6,23.361,1.3788,4.4599,15.614,0.0093099,1668.8,-44.148,-18.186,558.05,-22.002,0,0.33,0.18255,-0.080221
14089,1129,21.198,1.2966,4.4684,19.807,0.01138,1737,-40.589,-54.942,587.63,98.839,0,0.33,0.19049,-0.076198
3878.2,-3583.3,24.124,1.4299,4.4418,13.478,0.0083037,1609.4,-47.467,11.308,513.13,-124.86,0,0.33,0.1746,-0.080217
7221.1,-5997.3,23.768,1.4874,4.3723,12.842,0.0079834,1590.1,-50.36,50.33,463.05,-212.47,0,0.33,0.16658,-0.076209
4855.9,-5206.8,25.566,1.4751,4.609,9.583,0.0064853,1445.8,-50.838,14.508,427.08,-170.01,0,0.33,0.16658,-0.080196
-2899.3,3348,27.439,1.7977,4.7763,4.6452,0.0056559,800.78,-66.064,-44.212,103.04,214.1,0,0.33,0.14263,-0.084155
-6118.8,6589.2,25.332,1.6824,4.7695,9.3762,0.0094141,973.23,-72.388,-43.004,113.17,346.32,0,0.33,0.13464,-0.084129
-714.6,967.67,29.301,2.048,4.6925,1.7015,0.0031405,525.21,-61.62,-27.389,80.42,102.81,0,0.33,0.15057,-0.092207
-276.08,474.97,28.913,1.9409,4.7687,2.0602,0.0032441,629.12,-61.164,-36.371,105.42,91.561,0,0.33,0.15059,-0.088224
448.88,-881.45,29.586,1.9316,4.7385,1.0146,0.0019479,512.33,-56.539,-29.734,107.8,21.148,0,0.33,0.15855,-0.09219
1027.9,-1892.8,29.02,1.8136,4.8055,1.8866,0.0025461,714.8,-56.056,-33.861,168.37,-12.132,0,0.33,0.15856,-0.088187
148.51,-475.25,28.394,1.7966,4.8268,2.6282,0.0034599,762.07,-60.421,-41.18,140.17,64.441,0,0.33,0.15061,-0.084198
1595.3,-3332.1,28.178,1.6757,4.8322,3.3845,0.0034169,946.52,-55.442,-27.85,238.47,-61.587,0,0.33,0.15857,-0.084193
3050.4,-1290.4,25.506,1.41,4.7072,10.949,0.0071991,1501.6,-44.169,-31.022,498.95,-13.918,0,0.33,0.18256,-0.084234
590.73,-3035.3,26.082,1.4661,4.6648,9.319,0.0064139,1426.5,-47.684,-12.957,454.47,-93.133,0,0.33,0.1746,-0.084207
8813,-20.842,25.657,1.3513,4.952,10.474,0.0070567,1459.9,-40.298,-53.066,485.9,69.381,0,0.33,0.19056,-0.084294
1260.9,-2805.7,28.463,1.6655,4.8014,3.385,0.0033658,945.03,-51.712,-28.596,269.27,-67.21,0,0.33,0.16658,-0.088172
787.82,-1714.1,29.363,1.7834,4.7791,1.4735,0.002087,647.33,-52.054,-30.549,173.58,-24.648,0,0.33,0.16658,-0.092162
2451.6,-4081.2,27.173,1.5478,4.7505,6.2314,0.0048913,1226.1,-51.296,-13.362,359.98,-118.95,0,0.33,0.16658,-0.084184
-10681,-12276,15.921,-15.201,2.0071,6.1486,0.0046904,1305.6,-8.9829,-367.9,-241.89,105.31,0,0.33,0.19859,-0.011961
-7553.4,-20959,17.2,-14.56,2.2587,4.869,0.0037955,1278.2,2.4301,-313.51,-189.56,105.54,0,0.33,0.20671,-0.011961
-17465,-3171.2,14.874,-13.736,2.5193,8.6191,0.0063972,1343.9,-12.684,-429.1,-258.22,138.98,0,0.33,0.19859,-0.015948
-13165,-12452,16.383,-13.295,2.8624,6.591,0.0049914,1316.3,-1.1912,-370.64,-203.7,140.93,0,0.33,0.20671,-0.015947
5643.4,-36657,19.012,-14.546,1.694,3.1753,0.0026353,1202.9,16.237,-176.08,-86.122,75.886,0,0.33,0.21468,-0.0079746
28447,-42995,19.198,-15.023,0.88713,3,0.0025592,1172.2,18.099,-82.384,-25.315,54.692,0,0.33,0.21468,-0.0039906
40076,-46177,20.141,-13.754,0.91495,2.768,0.0024098,1148.5,27.64,-55.46,2.0999,53.838,0,0.33,0.22273,-0.0039904
17653,-40873,20.115,-13.406,1.754,2.7329,0.0023325,1170.4,25.961,-130.86,-44.271,72.994,0,0.33,0.22273,-0.0079746
-4335.2,-29511,18.536,-13.709,2.4479,3.8328,0.0030707,1244.2,13.601,-257.1,-137.6,104.53,0,0.33,0.21468,-0.011961
-3910.3,-29423,19.441,-11.839,3.2579,3.5925,0.0029008,1234,20.648,-246.74,-100.01,126.37,0,0.33,0.22273,-0.015948
-8366.3,-22147,17.948,-12.637,3.1252,4.8947,0.0038128,1279.1,10.276,-308.23,-147.62,137.71,0,0.33,0.21468,-0.015947
-1063.3,-35158,19.829,-12.735,2.5423,3.033,0.0025131,1203.7,23.612,-201.7,-91.929,98.297,0,0.33,0.22273,-0.011961
-18513,-4325.4,15.588,-11.902,3.4047,8.7325,0.0064871,1342.7,-5.2574,-403.71,-189.77,179.51,0,0.33,0.20671,-0.019934
-23685,5333.3,13.842,-12.14,2.9652,11.462,0.0083901,1364.3,-16.771,-464.8,-243.39,174.14,0,0.33,0.19859,-0.019935
-17634,-2568.6,16.61,-8.9634,4.7728,9.8121,0.0071874,1359.6,-1.6748,-360.63,-75.477,255.02,0,0.33,0.21468,-0.027908
-15269,-8784.7,16.948,-10.21,4.2927,7.959,0.0059516,1331.8,2.4411,-351.53,-105.21,213.92,0,0.33,0.21468,-0.023921
13292,-10990,18.855,-7.6412,5.5244,7.4162,0.0055598,1321.4,6.1347,-283.8,13.356,257.27,0,0.33,0.22274,-0.031894
-13235,3126.4,16.399,-7.7275,5.1836,11.731,0.0084053,1390.2,-5.6393,-364.55,-43.146,296.33,0,0.33,0.21468,-0.031894
3503.1,-15303,18.806,-8.7002,5.0523,6.2995,0.0048156,1298.3,9.8823,-284.14,-18.052,222.82,0,0.33,0.22274,-0.027908
-3650.6,-19813,18.889,-9.7697,4.5148,5.2529,0.0040882,1277.3,13.647,-280.14,-49.907,188.82,0,0.33,0.22273,-0.023921
-12018,-15368,17.401,-11.446,3.7429,6.2894,0.0047961,1306.3,6.5063,-336.08,-131.25,174.46,0,0.33,0.21468,-0.019934
-5543.7,-24478,19.105,-10.828,3.9163,4.3401,0.0034364,1257.2,17.286,-269.64,-80.097,156.46,0,0.33,0.22273,-0.019935
44351,-45945,21.057,-12.436,0.90828,2.5354,0.0022743,1114.4,35.036,-30.079,25.329,52.166,0,0.33,0.23068,-0.0039903
28492,-41549,21.167,-12.209,1.7443,2.376,0.0021021,1129.3,33.544,-88.302,-8.3405,67.875,0,0.33,0.23068,-0.0079747
18522,-35405,22.157,-10.637,2.4333,2.0451,0.0018561,1099.9,36.886,-103.73,-23.016,79.203,0,0.33,0.23862,-0.011961
26259,-31701,23.169,-9.6067,2.2686,1.7249,0.0016619,1036.2,39.87,-62.56,1.3045,70.548,0,0.33,0.24659,-0.011961
15384,-28885,23.162,-9.1651,2.912,1.7494,0.0016531,1055.9,37.841,-95.922,-17.687,83.789,0,0.33,0.24659,-0.015948
5414.7,-31865,22.054,-10.054,3.1205,2.1376,0.0019009,1121.8,34.566,-140.45,-37.125,96.581,0,0.33,0.23862,-0.015948
6807.3,-37035,21.045,-11.691,2.5316,2.457,0.0021219,1155.5,31.47,-150.19,-53.631,89.012,0,0.33,0.23068,-0.011961
-222.68,-32642,20.819,-10.956,3.2467,2.7041,0.0022827,1181,28.851,-190.45,-63.386,111.53,0,0.33,0.23068,-0.015948
11441,-26005,20.583,-9.1998,4.5062,3.3978,0.0027957,1208.6,22.656,-215.95,-14.22,156.09,0,0.33,0.23069,-0.023921
24623,-23126,20.665,-8.2831,5.0494,3.8014,0.0031041,1214.9,19.283,-214.81,18.139,178.13,0,0.33,0.23069,-0.027908
28069,-20360,20.883,-7.3755,5.5309,4.2123,0.0034169,1218.8,15.859,-209.28,48.689,199.62,0,0.33,0.23069,-0.031895
17665,-26634,23.155,-8.6021,3.4972,1.7996,0.0016801,1068.5,35.499,-112.99,-11.204,95.035,0,0.33,0.24659,-0.019935
9572,-29118,21.98,-9.3496,3.7493,2.2601,0.0019851,1135.2,31.918,-158.08,-23.626,112.37,0,0.33,0.23862,-0.019935
1018.8,-29123,20.64,-10.104,3.9053,3.0277,0.0025163,1198.4,25.88,-209.74,-44.648,133.9,0,0.33,0.23068,-0.019935
3580.8,26132,10.666,-2.7916,4.1933,23.732,0.016816,1413.6,-35.375,-427.47,54.762,308.54,0,0.33,0.19857,-0.043856
4163.6,24182,13.398,-3.652,5.138,21.523,0.014482,1488.2,-26.527,-400.74,55.857,384.42,0,0.33,0.2067,-0.043857
9546.1,23618,11.004,-1.6165,4.2154,24.484,0.017004,1441.9,-36.451,-384.68,139.27,307.34,0,0.33,0.19857,-0.047856
8119.5,23665,13.744,-2.5625,5.2212,22.674,0.014908,1523.1,-28.328,-372.51,127.54,399.1,0,0.33,0.20669,-0.047863
3939.2,11699,16.404,-5.3767,5.7916,15.26,0.010435,1457.6,-12.586,-356.35,34.598,371.41,0,0.33,0.21468,-0.039867
-5844.3,7995.4,16.324,-6.5253,5.5219,13.586,0.0095126,1423.2,-9.3166,-363.26,-7.1614,335.85,0,0.33,0.21468,-0.035881
19492,-7035.6,19.033,-6.6095,5.9276,8.5143,0.006255,1345.9,2.5291,-279.93,44.875,290.68,0,0.33,0.22274,-0.035881
18886,-3697.9,19.344,-5.6196,6.2605,9.4931,0.0068388,1369.6,-0.83047,-272.25,77.501,320.98,0,0.33,0.22274,-0.039868
10457,14068,16.664,-4.3019,5.9973,16.642,0.011119,1492,-15.378,-343.3,82.407,400.79,0,0.33,0.21468,-0.043858
11743,366.71,20.387,-3.8188,6.7176,10.685,0.0074753,1402,-6.5396,-243.81,147.27,362.75,0,0.33,0.22274,-0.047868
8495.5,14941,17.128,-3.3182,6.1463,17.637,0.011524,1525,-17.677,-323.78,137.31,421.45,0,0.33,0.21468,-0.047866
15307,-1178,19.792,-4.6854,6.5232,10.249,0.0072587,1389.6,-3.8691,-260.26,111.64,345.84,0,0.33,0.22274,-0.043858
9425.7,21713,14.415,-1.6277,5.2762,23.401,0.015003,1561.8,-29.504,-335.96,209.85,403.57,0,0.33,0.2066,-0.051899
12485,19969,11.676,-0.64533,4.2229,25.075,0.016901,1485.4,-37.072,-329.49,236.62,298.96,0,0.33,0.19855,-0.051891
10407,10626,19.93,-1.0501,6.3584,17.189,0.010828,1572.2,-22.272,-235.18,310.22,417.87,0,0.33,0.21444,-0.059959
9137.4,12939,18.733,-1.6768,6.322,18.068,0.011407,1573.8,-21.28,-269.46,267.16,431.28,0,0.33,0.21464,-0.055993
6369.1,-1478.7,24.102,-1.2133,6.8742,8.0512,0.0060637,1263.7,-14.041,-143.14,243.78,313.48,0,0.33,0.22238,-0.063957
11082,8046.6,21.26,-0.54373,6.3722,15.652,0.0099574,1550.2,-23.03,-199.12,333.07,391.51,0,0.33,0.21442,-0.064
7033.4,-727.4,23.062,-1.7225,6.9223,9.3199,0.006718,1334.7,-12.559,-171.17,244.59,341.85,0,0.33,0.22242,-0.059957
7808.1,279.08,22.025,-2.3247,6.925,10.285,0.0072129,1383.8,-11.02,-199.19,226.77,363.43,0,0.33,0.22268,-0.056004
7755.6,14534,17.816,-2.4402,6.2477,18.146,0.011625,1553.7,-19.571,-299.24,198.29,431.57,0,0.33,0.21467,-0.051917
8991.8,919.97,21.135,-3.0293,6.8471,10.716,0.0074625,1402.1,-8.8648,-223.89,184.29,369.59,0,0.33,0.22273,-0.051924
25722,-17730,21.225,-6.492,5.9468,4.5882,0.0037022,1220,12.475,-200.63,76.543,219.54,0,0.33,0.23069,-0.035881
22858,-15325,21.68,-5.6446,6.2931,4.8782,0.0039265,1216.7,9.2094,-189.22,101.63,236.49,0,0.33,0.23069,-0.039868
20489,-17445,23.863,-4.8864,6.2361,2.3757,0.0022774,1024.5,13.483,-112.72,113.04,160.78,0,0.33,0.23863,-0.043859
18174,-16408,24.958,-4.8737,5.7518,1.4326,0.0015896,894.39,18.406,-74.726,92.189,107.87,0,0.33,0.2466,-0.043859
16155,-14869,25.472,-4.3383,5.9092,1.264,0.0015069,830.99,15.495,-62.064,95.572,101.04,0,0.33,0.2466,-0.047871
18037,-15860,24.467,-4.2532,6.4149,2.2006,0.0022077,974.26,10.538,-96.731,121.42,157.08,0,0.33,0.23863,-0.04787
19679,-13254,22.237,-4.8437,6.5672,5.0304,0.0040608,1205.8,6.1215,-175,123.77,248.74,0,0.33,0.23069,-0.043859
16376,-11617,22.887,-4.0973,6.7676,5.0016,0.0040838,1183.7,3.2509,-158.21,142.75,254.46,0,0.33,0.23069,-0.04787
10738,-10070,24.41,-2.7912,6.9507,4.3125,0.0037611,1088.7,-1.8632,-119.06,172.75,237.88,0,0.33,0.23069,-0.056052
8717.8,-9715.9,25.222,-2.2465,6.9335,3.6919,0.0034332,1009.8,-4.0947,-98.718,174,215.81,0,0.33,0.23066,-0.06015
7310.9,-9229.2,26.017,-1.7861,6.8482,2.9633,0.0030229,909.39,-6.0794,-78.375,163.79,188.85,0,0.33,0.23064,-0.064176
14188,-13421,25.999,-3.842,6.0053,1.0784,0.001405,758.96,12.638,-50.049,94.902,91.845,0,0.33,0.2466,-0.051937
15645,-14456,25.106,-3.6696,6.5231,1.9591,0.0020907,911.2,7.7128,-80.657,125.21,148.47,0,0.33,0.23863,-0.051936
13250,-10513,23.617,-3.4113,6.8942,4.7634,0.003984,1146.1,0.60405,-139.63,158.81,251.72,0,0.33,0.2307,-0.051934
16340,2670.5,22.308,1.0945,5.065,17.472,0.010425,1665.8,-36.1,-94.966,549.17,193.2,0,0.33,0.19846,-0.076117
15042,1769.6,24.028,0.78651,5.7502,12.823,0.008403,1497.7,-30.781,-105.53,461.84,237.32,0,0.33,0.20658,-0.076309
12959,1272.8,24.454,1.1575,5.2371,12.868,0.0082845,1531.5,-35.926,-79.494,501.5,159.45,0,0.33,0.19848,-0.080137
11275,-179.02,25.817,0.88745,5.7751,8.6875,0.0064333,1306,-30.797,-77.928,400.19,184.29,0,0.33,0.20659,-0.080314
12144,935.16,24.339,0.12277,6.3649,10.431,0.0073461,1376.3,-24.034,-119.78,368.16,294.01,0,0.33,0.21454,-0.072289
12339,4575.1,22.733,-0.15048,6.387,13.415,0.0087961,1493.9,-23.752,-159.25,365.12,351.01,0,0.33,0.21453,-0.06822
6497.3,-3175,25.207,-0.81181,6.791,6.417,0.0052261,1153.7,-15.286,-108.97,245.68,273.12,0,0.33,0.22237,-0.067974
6331.2,-4884.7,26.282,-0.50262,6.6587,4.6463,0.0042836,1005.3,-16.38,-76.246,227.09,218.52,0,0.33,0.22237,-0.072006
10013,-1710.9,25.847,0.31853,6.286,7.2786,0.0057896,1200.5,-24.32,-85.923,328.99,226.99,0,0.33,0.21455,-0.076321
4929.9,-6209.6,28.03,-0.10586,6.2513,1.6825,0.0023668,632.49,-18.449,-28.386,146.83,104.07,0,0.33,0.22257,-0.08041
7218.2,-3360.2,27.137,0.45042,6.1562,4.4499,0.0042675,974.52,-24.698,-55.831,266.77,159.96,0,0.33,0.21458,-0.080362
5663.2,-5816.7,27.242,-0.27555,6.4647,2.9971,0.0033079,825.16,-17.281,-50.298,188.57,157.59,0,0.33,0.2224,-0.076109
7551.8,-1765.7,27.325,0.95083,5.7357,4.9998,0.0045282,1042.1,-30.833,-51.388,312.77,129.54,0,0.33,0.20661,-0.084335
9443.8,-84.718,26.371,1.2223,5.3427,8.1792,0.006073,1307.4,-35.922,-61.271,420.34,121.27,0,0.33,0.19859,-0.084329
2790.2,-4035.5,29.252,0.56235,5.5517,0.31734,0.00091054,296.77,-26.174,-3.5375,68.212,27.35,0,0.33,0.21466,-0.092453
3320.1,-4428.9,28.831,0.55751,5.7739,0.95832,0.0017411,481.56,-25.667,-13.327,121.81,55.717,0,0.33,0.21465,-0.088447
3437.5,-4300.3,29.28,0.11763,5.514,0.10561,0.00047466,198.05,-21.231,-0.68805,36.649,18.545,0,0.33,0.22261,-0.092487
3812.3,-5178.9,29.021,0.067117,5.7532,0.30779,0.00089245,298.34,-20.334,-4.5556,62.05,33.77,0,0.33,0.22261,-0.088496
4832.4,-4292.7,28.141,0.52563,5.982,2.2955,0.0028856,720.93,-25.17,-30.629,193.33,100.94,0,0.33,0.21461,-0.084397
4229.1,-5971.3,28.624,-0.0030296,6.0033,0.78513,0.0015316,446.03,-19.409,-12.622,101.09,61.637,0,0.33,0.2226,-0.084483
6538.1,-8985.1,26.768,-1.4072,6.7188,2.2039,0.0025579,789.72,-7.9998,-55.989,149.99,155.85,0,0.33,0.23061,-0.068174
5970.3,-8492.4,27.452,-1.1111,6.5172,1.4828,0.00206,651.66,-9.4469,-36.849,123.66,118.33,0,0.33,0.23039,-0.07209
6307.9,-7452.8,28.353,-1.3664,5.9647,0.2912,0.00078863,352,-5.9718,-11.312,55.806,42.507,0,0.33,0.2386,-0.076254
5564.3,-6315.3,28.511,-1.7635,5.5772,0.1598,0.00056111,277.47,-1.9649,-9.3553,37.848,24.953,0,0.33,0.2466,-0.076222
4725.1,-5387.3,28.751,-1.546,5.4166,0.097313,0.00043175,219.27,-3.9413,-7.1778,28.344,18.932,0,0.33,0.24659,-0.080226
5370.6,-6329,28.661,-1.1561,5.7629,0.16614,0.00058195,272.89,-7.7911,-6.1674,41.817,29.316,0,0.33,0.23857,-0.080322
5635.8,-7801.2,28.012,-0.85752,6.3155,0.91821,0.0015822,519.78,-11.159,-22.871,97.564,85.075,0,0.33,0.23054,-0.07636
5274.6,-6993.2,28.481,-0.67491,6.0734,0.48353,0.0011077,389.48,-12.62,-10.825,73.576,55.631,0,0.33,0.23055,-0.080466
4181,-5001.7,29.083,-0.40984,5.5969,0.098046,0.00044519,204.01,-15.382,-2.4567,33.475,20.655,0,0.33,0.23055,-0.088506
3530.4,-4122.9,29.273,-0.31092,5.3758,0.044732,0.00028482,150,-16.632,-1.0965,22.672,13.734,0,0.33,0.23055,-0.092497
4024.7,-4589.6,28.95,-1.3538,5.2512,0.057418,0.00032547,171.7,-5.8137,-5.7427,20.96,14.676,0,0.33,0.2466,-0.084245
4576.8,-5318.9,28.907,-0.97822,5.5596,0.090787,0.00041657,209.44,-9.5097,-3.8665,30.274,19.935,0,0.33,0.23854,-0.084399
4809.2,-6021.2,28.831,-0.52957,5.8309,0.22312,0.00071599,282.12,-14.044,-4.759,50.793,33.972,0,0.33,0.23055,-0.084502
-1.5316e+05,-2.6517e+05,4.8787,-5.3872,-2.0862,14.027,0.0033869,2782.2,68.147,13.552,-27.195,-1575.5,0,0.33,0.0078511,-0.0039871
-4.3742e+05,-3.5388e+05,4.558,-3.8684,-2.3185,12.239,0.0011042,3970.2,85.828,192.33,-19.749,-3215.1,0,0.33,0,-0.003987
-1.1489e+05,-65777,2.8227,-2.1741,-12.077,15.822,0.00716,2754,-30.33,548.79,-57.138,-1732.2,0,0.33,0.0078504,-0.035882
-2.9555e+05,-1.4626e+05,3.118,-1.7167,-12.515,13.126,0.0010762,4111.8,-5.751,1397,-40.344,-3429.6,0,0.33,0,-0.031895
-1.4227e+05,-78647,3.0965,-2.4562,-11.363,15.846,0.0069418,2764.9,-16.771,505.87,-57.334,-1710,0,0.33,0.0078506,-0.031895
-2.4489e+05,-1.2862e+05,2.8932,-1.5236,-13.318,13.121,0.0010595,4111,-20.454,1493.1,-40.172,-3463.7,0,0.33,0,-0.035882
3318.1,-20400,0.98839,-0.76055,-14.678,15.432,0.0072571,2692.1,-101.79,710.39,-49.085,-1886.9,0,0.33,0.0078501,-0.067797
-21286,-56758,1.565,-0.63097,-16.172,12.768,0.00095754,4056.5,-92.141,1836.5,-36.066,-3672.6,0,0.33,0,-0.063791
-5177.5,-22926,1.1748,-0.88074,-14.571,15.466,0.007274,2696.5,-96.385,703.84,-50.447,-1871.5,0,0.33,0.0078487,-0.06381
-3276,-51752,1.4182,-0.5497,-16.303,12.705,0.00094727,4045.7,-98.033,1851.5,-35.245,-3695.2,0,0.33,0,-0.067779
12819,-23177,24.317,-7.7094,0.62169,1.5398,0.0017561,875.02,41.725,30.038,64.975,53.961,0,0.33,0.26269,-0.0039944
2574.2,-3417.1,28.083,-4.2742,0.21034,0.21929,0.00075181,284.25,22.434,6.0256,11.545,28.318,0,0.33,0.31069,-0.0039913
2091.6,-2576.5,28.419,-3.9406,0.18486,0.10975,0.00054386,193.98,19.161,4.5018,7.4082,17.738,0,0.33,0.31869,-0.0039907
16699,-15416,25.554,-5.9496,3.9495,1.1331,0.0012756,885.62,30.27,-45.788,33.886,72.596,0,0.33,0.2627,-0.031895
17823,-16579,25.345,-6.3816,3.6171,1.1764,0.0012904,908.92,32.587,-49.578,21.349,73.533,0,0.33,0.2627,-0.027909
2795.7,-3275.2,28.486,-4.0345,1.4473,0.12563,0.00045801,267.84,19.162,5.8842,12.936,13.977,0,0.33,0.3107,-0.02791
2053.3,-2330,28.786,-3.6606,1.416,0.059803,0.00032655,177.13,15.551,4.4054,11.675,7.3284,0,0.33,0.3187,-0.031898
2693.8,-3148.4,28.575,-3.9437,1.6269,0.11898,0.00043597,265.95,18.206,5.5337,13.771,12.996,0,0.33,0.3107,-0.031897
2110.4,-2408.5,28.71,-3.7326,1.2576,0.064448,0.0003476,179.65,16.369,4.5663,10.816,8.3831,0,0.33,0.3187,-0.027911
1668.4,-1986.2,28.664,-3.6354,0.16389,0.047401,0.00036081,124.72,16.092,4.0247,5.4177,10.293,0,0.33,0.32663,-0.0039907
365.24,-503.89,29.52,-2.3227,0.076632,0.0060093,0.00013368,13.539,1.6961,2.9999,3.7752,5.6246,0,0.33,0.37452,-0.0039913
1613.4,-1827.9,28.886,-3.4605,1.1071,0.03057,0.00025675,114.99,13.697,4.0817,8.8959,4.9368,0,0.33,0.32664,-0.027911
1575.4,-1772.7,28.948,-3.4027,1.2474,0.028076,0.00024112,112.54,12.995,3.7926,9.5699,4.0336,0,0.33,0.32664,-0.031898
367.37,-483.75,29.609,-2.2652,0.52627,0.0059044,0.00010191,11.624,0.71782,8.3716,4.7981,4.9006,0,0.33,0.37453,-0.027913
348.23,-465.5,29.642,-2.265,0.5973,0.0058738,9.4381e-05,11.005,0.42433,8.0793,5.1593,4.7197,0,0.33,0.37453,-0.0319
15402,-14217,25.819,-5.5227,4.2334,1.0623,0.001249,847.93,27.838,-39.844,44.351,69.879,0,0.33,0.2627,-0.035882
2573.3,-3000.6,28.672,-3.8416,1.7932,0.11085,0.00041447,260.13,17.158,5.2624,14.322,11.998,0,0.33,0.3107,-0.035885
1991.9,-2244.3,28.867,-3.5785,1.5647,0.054578,0.00030569,172.27,14.653,4.272,12.273,6.2151,0,0.33,0.3187,-0.035885
6025.4,-6558.3,28.103,-3.0487,4.9632,0.27369,0.00073001,370.7,9.9307,-6.387,38.202,29.223,0,0.33,0.26265,-0.064299
7006.9,-7416,27.813,-3.3392,4.9741,0.37447,0.00083712,443.36,12.41,-7.8658,44.4,35.206,0,0.33,0.26268,-0.060136
1696,-1975.4,29.235,-3.0935,2.505,0.032749,0.00023365,135.86,9.5125,0.36272,4.5638,7.9252,0,0.33,0.31057,-0.060214
1312.8,-1517.7,29.426,-2.834,2.3172,0.013501,0.00017211,77.535,6.7919,-0.31707,2.919,3.9329,0,0.33,0.31853,-0.064173
1565,-1831.8,29.302,-2.9504,2.5769,0.023226,0.00020377,110.95,8.1236,-0.82651,2.3674,7.7393,0,0.33,0.31051,-0.06431
1407.1,-1607.5,29.365,-2.9574,2.2424,0.017682,0.00018483,93.574,8.0086,0.86768,5.0585,3.4561,0,0.33,0.3186,-0.060134
1543.2,-1719.5,29.016,-3.335,1.3802,0.025257,0.0002247,108.69,12.223,3.5373,10.078,2.9719,0,0.33,0.32664,-0.035885
349.47,-475.5,29.673,-2.2495,0.66475,0.0058471,8.7286e-05,10.495,0.10135,5.1376,4.1283,4.7042,0,0.33,0.37454,-0.035888
1168.3,-1303.5,29.459,-2.8127,2.0109,0.010511,0.00017106,61.636,6.4379,2.2083,5.9359,0.09201,0,0.33,0.3266,-0.060169
1105.3,-1251.4,29.519,-2.7079,2.0838,0.0090504,0.00017472,52.488,5.3742,1.1342,4.1805,0.55933,0,0.33,0.32654,-0.064149
287.8,-383.43,29.875,-2.0718,1.0265,0.0056737,5.0596e-05,6.3243,-2.4439,7.3618,5.3895,4.0009,0,0.33,0.37441,-0.060159
273.21,-374.25,29.914,-2.0421,1.0744,0.0056524,4.8638e-05,5.7546,-2.9404,5.3759,4.498,3.9671,0,0.33,0.37445,-0.064152
5238,-5792.8,28.361,-2.7784,4.925,0.19013,0.00061702,303.81,7.5676,-6.1924,31.947,23.91,0,0.33,0.26264,-0.068368
1434.5,-1685.8,29.361,-2.807,2.636,0.016494,0.00018125,89.252,6.7409,-1.3742,1.0227,7.4973,0,0.33,0.31048,-0.068372
1203,-1407.5,29.481,-2.7079,2.3807,0.010624,0.00016759,63.441,5.561,-0.4488,1.2087,4.5555,0,0.33,0.31848,-0.068253
1907.8,-2256.7,29.441,-1.3957,4.2978,0.0099793,0.00016429,60.84,-6.024,-5.6913,7.0087,10.157,0,0.33,0.26266,-0.096314
2179.3,-2553.3,29.335,-1.5471,4.4053,0.012703,0.00016786,75.272,-4.3759,-5.8701,7.6944,10.659,0,0.33,0.26265,-0.09232
736.96,-923.84,29.696,-2.0527,2.7679,0.0067365,0.00022972,28.359,-1.203,0.35414,1.4788,5.9092,0,0.33,0.31052,-0.092388
575.81,-736.48,29.828,-1.947,2.5675,0.0061814,0.00016531,18.388,-2.7758,2.7159,1.3722,5.6308,0,0.33,0.31853,-0.096526
664.17,-846.79,29.75,-1.9485,2.7599,0.0064883,0.0002248,24.073,-2.4239,-0.10881,1.6212,5.8687,0,0.33,0.31053,-0.096396
642.79,-806.73,29.778,-2.0402,2.5635,0.0063545,0.00020306,21.723,-1.6467,2.919,1.3451,5.507,0,0.33,0.31851,-0.092456
1024.4,-1179.1,29.573,-2.5983,2.1461,0.0080453,0.00018516,44.299,4.2861,1.1252,2.4255,1.3636,0,0.33,0.3265,-0.068146
269.2,-376.09,29.949,-2.0004,1.1159,0.0056346,4.7005e-05,5.2713,-3.4563,3.0355,3.5801,3.9683,0,0.33,0.37451,-0.068089
620.52,-758.26,29.854,-2.0051,2.3454,0.0060843,0.00013733,16.676,-2.2156,6.6313,1.6102,3.9362,0,0.33,0.32653,-0.092542
573.57,-707.14,29.901,-1.9207,2.3567,0.0059693,0.00010515,14.197,-3.2479,7.1263,1.6565,4.1448,0,0.33,0.32652,-0.096644
147.41,-224.61,30.148,-1.7544,1.3172,0.00556,5.6763e-05,2.9081,-6.7166,0.9703,2.6284,4.0004,0,0.33,0.37449,-0.092499
131.42,-208.23,30.176,-1.7117,1.3383,0.0055533,5.8909e-05,2.7106,-7.2646,-1.8313,1.5665,3.757,0,0.33,0.37448,-0.096587
-41500,-12772,-0.011167,0.0035688,-14.113,15.055,0.0068307,2678.4,-116.27,673.24,-36.554,-1972.2,0,0.33,0.0078467,-0.099742
-69215,-35159,0.71745,-0.12113,-16.022,12.168,0.00088994,3960.7,-115.37,1811.8,-28.64,-3813.4,0,0.33,0,-0.0957
-33103,-12553,0.065692,-0.084881,-14.31,15.126,0.0069209,2678.5,-116.99,686.54,-37.829,-1965.8,0,0.33,0.0078467,-0.095751
-85594,-35334,0.66366,-0.069566,-15.831,12.071,0.00088313,3944.9,-114.83,1786.8,-28.272,-3823.4,0,0.33,0,-0.099691
-6598,29074,0.59229,1.643,4.4917,23.513,0.024575,958.63,-125.68,-328,45.612,261.56,0,0.33,0.063064,-0.10001
-18389,33315,-0.99825,0.79509,2.3443,22.299,0.026913,830.2,-130.01,-388.08,1.3818,167.02,0,0.33,0.05517,-0.095923
-9405.6,32833,-0.89364,1.2995,2.6133,22.431,0.026299,854.88,-128.76,-385.87,14.38,178.05,0,0.33,0.055166,-0.10002
-94633,-20845,-0.20635,0.58416,-12.104,14.252,0.0056499,2742.7,-99.484,544.34,-29.199,-1990.2,0,0.33,0.00783,-0.12379
-1.9591e+05,-45658,0.52258,0.25937,-13.822,11.447,0.00085006,3852,-98.71,1534.5,-29.035,-3858.5,0,0.33,0,-0.12375
-2802.6,24881,0.87323,4.0771,4.1389,22.471,0.020027,1125.4,-110.6,-320.31,115.17,283.02,0,0.33,0.055163,-0.12415
121.48,18193,4.1586,4.6988,5.6051,25.654,0.01877,1366.7,-104.51,-201.15,222.87,413.98,0,0.33,0.063052,-0.12813
-1343.6,22782,1.4381,4.477,4.3343,22.51,0.018793,1200.8,-106.13,-297.18,145.06,311.9,0,0.33,0.055161,-0.12819
-2798.9,20459,3.34,4.3488,5.5572,25.122,0.019588,1283.2,-108.65,-229.54,184.85,385.2,0,0.33,0.063055,-0.12412
-8660.5,22604,2.7456,1.9216,5.8113,25.802,0.023867,1081.5,-120.94,-248.41,84.102,337.97,0,0.33,0.070968,-0.09999
-7786.2,8026,24.967,2.19,4.7708,12.853,0.012307,1025.8,-79.742,-1.0193,187.44,372.68,0,0.33,0.12656,-0.10027
-10296,9016.8,21.884,2.1378,5.0945,19.943,0.016639,1190.4,-85.726,5.1411,222.3,430.07,0,0.33,0.11862,-0.10027
-1615.6,15245,6.5816,4.3891,6.3099,28.737,0.020123,1427.4,-105.58,-133.79,250.72,460.32,0,0.33,0.07095,-0.12416
2053.9,13334,7.6275,4.6694,6.2155,29.382,0.019529,1503.9,-101.87,-106.16,290.42,482.33,0,0.33,0.070948,-0.12815
-8542.2,6029.6,27.324,2.7566,4.2744,9.5907,0.010034,928.96,-79.185,32.29,225.91,295.76,0,0.33,0.11862,-0.12426
-4461.8,2668.1,29.662,2.5991,3.8522,3.5522,0.0058763,573.49,-72.507,19.457,132.51,162.79,0,0.33,0.12661,-0.12831
-7654.2,4937.9,28.151,2.7852,4.0679,7.6454,0.00874,844.59,-77.385,31.792,209.47,259.77,0,0.33,0.11862,-0.1283
-5495.7,3662.9,29.133,2.5927,4.0197,4.7302,0.0068546,659.54,-74.042,20.811,151.14,197.61,0,0.33,0.1266,-0.12429
-5095.8,5675.5,27.422,2.2393,4.5879,6.8954,0.0083129,802.16,-73.615,-6.8935,136.34,278.96,0,0.33,0.13456,-0.10029
855.48,-1590.2,29.871,1.4322,4.8875,0.15207,0.00054522,233.02,-40.274,-6.4276,59.434,6.4875,0,0.33,0.19059,-0.10034
579.15,-1208.9,29.962,1.6061,4.7807,0.19069,0.00061479,261.99,-44.342,-10.127,67.982,2.969,0,0.33,0.18257,-0.10022
-2739.6,1528.8,30.176,2.4395,3.8889,1.9867,0.0044202,421.89,-68.94,13.095,87.148,113.22,0,0.33,0.13456,-0.12435
-1955.5,881.25,30.466,2.4279,3.7481,1.4128,0.0037358,352.38,-67.672,11.431,72.996,87.799,0,0.33,0.13456,-0.12837
874.61,-980.02,30.487,1.4469,4.0401,0.0097654,0.00020748,47.08,-43.71,-3.0704,12.371,1.9523,0,0.33,0.18258,-0.12412
910.78,-1032.6,30.464,1.2575,3.9511,0.0079862,0.00022082,36.292,-40.25,-2.0445,12.138,2.5883,0,0.33,0.19066,-0.1284
837.12,-936.61,30.55,1.4382,3.9189,0.0088197,0.00021689,40.735,-43.534,-3.5464,12.591,1.8279,0,0.33,0.18258,-0.12811
951.23,-1079.8,30.399,1.2655,4.0782,0.008557,0.00020575,41.737,-40.308,-1.8989,12.277,2.7873,0,0.33,0.19066,-0.12441
1362,-2075.4,29.797,1.1929,5.0012,0.092164,0.0004193,187.18,-36.043,-2.2134,43.654,8.6223,0,0.33,0.1986,-0.10042
1870.4,-2197.7,29.495,-1.0392,4.4039,0.0094981,0.00016667,57.162,-9.603,-4.7288,7.2784,9.264,0,0.33,0.25472,-0.1003
2161.4,-2478.7,29.491,-0.78513,4.6116,0.010822,0.00016631,65.067,-12.173,-2.3649,8.7111,7.1675,0,0.33,0.24672,-0.10031
1013.9,-1187.5,30.323,1.0475,4.104,0.0080588,0.00021232,38.099,-36.766,-1.6785,12.014,4.5032,0,0.33,0.19861,-0.12443
961.88,-1123.9,30.391,1.0441,3.9696,0.0075971,0.00022984,33.171,-36.839,-1.6192,11.419,4.2571,0,0.33,0.19861,-0.12842
1032,-1220.2,30.044,-0.29692,3.8129,0.0065351,0.00016775,23.18,-19.01,0.57453,8.1104,3.8898,0,0.33,0.24657,-0.12468
778.12,-987.2,30.1,-0.43436,3.5894,0.0062323,0.00012001,18.191,-17.838,0.068688,6.1356,7.1273,0,0.33,0.25457,-0.12868
933.41,-1110,30.118,-0.24522,3.6951,0.0063525,0.00013414,20.04,-19.865,0.55784,7.0025,3.4802,0,0.33,0.24657,-0.12867
862.81,-1086.4,30.029,-0.49239,3.6965,0.0063884,0.00015014,21.08,-16.917,0.055685,7.216,7.677,0,0.33,0.25457,-0.12469
1671.1,-1999.7,29.541,-1.2562,4.1887,0.008549,0.00017234,49.872,-7.5897,-5.3135,6.8746,9.9193,0,0.33,0.26266,-0.10034
606.65,-785.02,29.804,-1.8482,2.7445,0.0062891,0.00019055,20.425,-3.6019,-0.78735,2.0361,5.7905,0,0.33,0.31053,-0.1004
516.38,-673.11,29.877,-1.8579,2.5649,0.0060423,0.00012564,15.512,-3.8671,2.2733,1.5354,5.7095,0,0.33,0.31855,-0.10059
740.72,-972.62,30.063,-0.66703,3.5663,0.0062328,0.00012669,18.606,-15.119,-0.35668,6.1889,9.1721,0,0.33,0.26267,-0.12467
656.41,-870.23,30.129,-0.60339,3.4702,0.0061015,0.00010139,15.959,-16.09,-0.19327,4.8242,8.5473,0,0.33,0.26267,-0.12866
384.47,-523.73,30.151,-1.2967,2.5254,0.0057263,4.9033e-05,7.8198,-9.9869,-3.47,5.1692,3.7433,0,0.33,0.31039,-0.12532
264.2,-378,30.227,-1.2891,2.3922,0.0056326,4.5605e-05,5.0706,-10.619,-4.0334,3.4516,3.4707,0,0.33,0.31851,-0.12927
345.83,-474.31,30.206,-1.2236,2.4785,0.005689,4.562e-05,6.7163,-10.866,-2.8394,5.0485,3.3095,0,0.33,0.31038,-0.12933
304.5,-429.72,30.18,-1.3612,2.4283,0.0056581,4.4824e-05,5.8742,-9.7879,-4.0574,3.6457,3.9985,0,0.33,0.31852,-0.12517
526.38,-656.14,29.948,-1.8406,2.3625,0.0058766,8.1269e-05,12.041,-4.2451,7.4858,1.747,4.3754,0,0.33,0.32653,-0.1007
120.68,-193.02,30.199,-1.6612,1.3541,0.0055473,6.0813e-05,2.5305,-7.8045,-4.2492,0.99477,3.2757,0,0.33,0.37448,-0.10061
355.79,-475.54,30.227,-1.3944,2.2959,0.0056136,4.0017e-05,4.7339,-9.6946,2.5266,2.4676,4.7,0,0.33,0.32649,-0.12528
312.96,-424.03,30.267,-1.3241,2.2723,0.0055951,4.2008e-05,4.1132,-10.476,2.4415,1.999,4.6125,0,0.33,0.32649,-0.12931
79.069,-109.48,30.379,-1.3866,1.3758,0.0055189,7.9602e-05,1.6652,-10.866,-6.0175,4.5492,-0.38096,0,0.33,0.37428,-0.12497
84.027,-112.77,30.414,-1.3347,1.366,0.005517,7.4488e-05,1.6349,-11.343,-9.0286,4.4248,-0.81908,0,0.33,0.37423,-0.12907
1064.7,20404,2.1283,4.848,4.489,22.675,0.017619,1289.3,-101.37,-269.15,182.32,344.95,0,0.33,0.055158,-0.13224
3998.7,15724,5.131,5.0055,5.5933,26.315,0.018019,1459.6,-100.13,-169.24,267.19,444.37,0,0.33,0.063049,-0.13215
6110,11322,8.8281,4.8991,6.0564,29.994,0.018941,1583.2,-97.955,-77.118,333.76,503.03,0,0.33,0.070945,-0.13215
-6562.5,3792.3,28.898,2.7978,3.8551,5.8348,0.0074663,748.72,-75.459,29.573,187.35,220.75,0,0.33,0.11864,-0.13234
-3427.4,1759.2,30.109,2.5965,3.6836,2.5467,0.0049417,485,-70.869,16.87,111.76,129.3,0,0.33,0.12661,-0.13232
-1234.3,359.77,30.697,2.4145,3.6088,0.95993,0.0030924,286.99,-66.329,8.8083,59.151,65.609,0,0.33,0.13456,-0.13236
817.43,-911.83,30.61,1.4329,3.7984,0.0081573,0.00022846,35.801,-43.334,-3.035,11.936,1.6695,0,0.33,0.18258,-0.13211
887.99,-1003.4,30.526,1.2518,3.8247,0.0075688,0.000237,32.033,-40.167,-1.3937,11.021,2.2653,0,0.33,0.19066,-0.1324
925.76,-1080,30.454,1.0418,3.8366,0.0072551,0.0002373,29.275,-36.888,-1.0844,9.8656,3.829,0,0.33,0.19861,-0.13242
847.61,-1012,30.183,-0.19749,3.5798,0.0062046,0.00010775,17.325,-20.656,0.35273,5.5301,3.1389,0,0.33,0.24657,-0.13267
708.79,-902.22,30.163,-0.38095,3.4839,0.0061045,9.6223e-05,15.684,-18.693,-0.1933,4.7568,6.5047,0,0.33,0.25457,-0.13267
587.77,-782.57,30.187,-0.54511,3.3754,0.0059936,8.1561e-05,13.657,-16.994,-0.39163,3.2254,7.7666,0,0.33,0.26267,-0.13266
308.48,-426.26,30.259,-1.1582,2.4304,0.005658,4.474e-05,5.7738,-11.698,-2.0629,4.6741,2.8966,0,0.33,0.31038,-0.13333
223.98,-325.83,30.271,-1.2246,2.355,0.0056111,4.81e-05,4.3828,-11.409,-3.7431,3.0639,2.8617,0,0.33,0.3185,-0.1333
263.54,-363.41,30.304,-1.2604,2.2481,0.0055789,4.5205e-05,3.5613,-11.221,2.8212,1.4087,4.4134,0,0.33,0.32648,-0.1333
82.03,-107.74,30.447,-1.2732,1.353,0.005515,7.3099e-05,1.585,-11.805,-10.685,3.8031,-0.94102,0,0.33,0.37419,-0.13317
1145.9,-4561.3,8.3637,-17.967,-0.28886,12.478,0.010572,1177,-75.295,-242.69,-65.71,30.109,0,0.33,0.055237,-0.0039876
-1.7149e+05,-95054,3.3757,-2.7693,-10.521,15.827,0.0064718,2775.3,-2.5252,455.39,-57.296,-1687.6,0,0.33,0.0078507,-0.027909
-3.5131e+05,-1.6753e+05,3.347,-1.9315,-11.574,13.105,0.0010919,4108.4,9.6953,1283.6,-40.283,-3395,0,0.33,0,-0.027909
-35843,32300,5.1906,-8.7296,-0.90877,21.997,0.021677,1015.5,-98.929,-380.6,-184.88,100.72,0,0.33,0.055233,-0.031895
-33424,31530,5.8452,-9.8159,-0.96393,21.806,0.020408,1069.3,-94.856,-397.77,-164.89,95.758,0,0.33,0.055234,-0.027908
-37252,32149,4.4791,-7.763,-0.81358,22.166,0.022978,965.21,-102.86,-364.54,-196.07,101.96,0,0.33,0.055233,-0.035882
-15284,-25964,1.3742,-1.0119,-14.416,15.504,0.0072837,2701.4,-90.052,693.49,-51.772,-1853.8,0,0.33,0.0078475,-0.059826
-42472,-62630,1.7231,-0.72041,-15.987,12.829,0.00096939,4065.8,-85.258,1813.5,-36.83,-3646,0,0.33,0,-0.059804
-34775,28450,0.25325,-3.2,0.40512,21.873,0.028022,780.52,-124.31,-342.75,-120.18,104.86,0,0.33,0.05517,-0.063951
-34994,28158,0.6837,-3.7176,0.19833,21.987,0.02783,789.97,-122,-337.01,-135.45,101.11,0,0.33,0.055174,-0.059942
-34768,29032,-0.11492,-2.6975,0.62049,21.785,0.028117,774.86,-126.33,-349.89,-105.09,109.64,0,0.33,0.055167,-0.067945
-24796,-12755,0.15549,-0.17277,-14.471,15.188,0.0069937,2679.7,-117.04,696.95,-39.412,-1957.7,0,0.33,0.0078469,-0.091761
-53253,-35781,0.78183,-0.17338,-16.176,12.261,0.00089732,3975.4,-115.22,1831.4,-29.521,-3800.9,0,0.33,0,-0.09171
-28040,33492,-1.0517,0.28838,2.0768,22.146,0.027385,810.04,-130.75,-388.21,-12.612,156.7,0,0.33,0.05516,-0.091892
-428.78,-2485.2,30.499,0.5731,-1.8451,0.047167,0.00010062,108.25,-27.876,90.731,23.027,27.258,0,0.33,0,-0.22421
845.57,-1104,30.984,1.8332,-0.35008,0.011109,8.0157e-05,43.224,-36.86,-2.7583,5.7392,2.35,0,0.33,0.063011,-0.22438
301.45,-440.43,31.239,1.59,1.0953,0.0062025,5.3665e-05,11.925,-39.974,-1.5479,2.5169,1.3076,0,0.33,0.12664,-0.2248
202.57,-258.25,31.125,0.90767,1.6482,0.0056161,5.4971e-05,2.9858,-34.078,-2.1316,0.10276,0.39788,0,0.33,0.19057,-0.22495
42.238,-50.958,30.996,0.37696,-0.39399,0.0062536,8.0759e-05,13.637,-27.579,8.4755,0.20151,18.866,0,0.33,0,-0.32051
72.815,-121.86,31.063,0.74748,-0.23594,0.0062592,7.9371e-05,9.0779,-30.903,1.2745,0.74112,5.9017,0,0.33,0.063166,-0.28859
70.756,-90.689,31.018,0.53391,-0.62418,0.0065646,6.3195e-05,16.363,-30.578,16.298,1.2366,21.886,0,0.33,0,-0.28827
68.07,-103.75,31.104,0.88595,0.42927,0.0057709,9.0355e-05,4.2228,-31.324,-0.64356,-0.11276,0.1851,0,0.33,0.12671,-0.28893
52.48,-78.375,31.048,0.67149,0.83656,0.0055468,0.00010027,1.4507,-28.983,0.15965,-0.49701,-0.023926,0,0.33,0.19051,-0.289
37.094,-56.711,30.946,0.34982,0.96346,0.0054873,0.00011637,0.70304,-25.202,0.48489,-0.54881,-0.20713,0,0.33,0.25427,-0.28937
22.838,-37.511,30.844,0.074223,0.90051,0.0054734,0.00014237,0.51614,-21.604,0.35596,-0.45842,-0.23528,0,0.33,0.31814,-0.28909
46.593,-65.723,30.645,-0.85337,-0.76656,0.0054812,0.00011658,0.71906,-14.238,2.8148,1.7601,-1.4878,0,0.33,0.43029,0.15247
42.174,-58.481,30.665,-0.83306,-0.77356,0.0054788,0.00012433,0.66927,-14.59,4.0914,1.1309,-0.94099,0,0.33,0.4303,0.16046
28.369,-41.785,30.661,-0.82015,-0.71499,0.0054789,0.00014185,0.65606,-14.307,0.015218,1.5094,-0.41499,0,0.33,0.44184,0.15247
24.484,-35.608,30.663,-0.79722,-0.72183,0.0054761,0.00015312,0.60214,-14.619,1.4013,0.84979,0.19504,0,0.33,0.44184,0.16045
70.619,-97.078,30.688,-0.78203,-0.77314,0.0054778,9.4603e-05,0.67299,-14.91,-0.55812,1.8806,-0.45368,0,0.33,0.4303,0.16844
43.096,-59.205,30.691,-0.76394,-0.71274,0.0054757,0.00012041,0.61232,-14.897,-2.1777,1.7538,0.72729,0,0.33,0.44184,0.16843
32.48,-47.72,30.737,-0.62185,-0.75623,0.0054756,0.0001365,0.60934,-15.495,4.1001,-0.3625,-1.1278,0,0.33,0.43029,0.18441
16.907,-22.018,30.732,-0.61399,-0.74817,0.0054738,0.00015881,0.56815,-15.759,7.602,-1.7533,-0.7655,0,0.33,0.43028,0.19241
19.149,-29.898,30.742,-0.61664,-0.69166,0.0054741,0.00016892,0.56907,-15.412,1.1846,-0.2892,0.077909,0,0.33,0.44184,0.1844
11.791,-13.175,30.72,-0.60892,-0.68926,0.005472,0.00018991,0.52747,-15.589,4.061,-1.5604,0.36224,0,0.33,0.44184,0.19239
146.86,-195.81,30.933,0.23126,-1.783,0.005515,6.2505e-05,1.3559,-26.282,-5.4108,-0.90886,0.8014,0,0.33,0.25447,0.21707
174.93,-239.27,31,0.4265,-1.747,0.0055284,5.3781e-05,1.5889,-28.311,1.4327,-0.28728,-0.56707,0,0.33,0.23843,0.21703
103.17,-149.73,30.867,0.099807,-1.834,0.0055021,6.871e-05,1.113,-24.489,1.1768,-1.3281,-0.6569,0,0.33,0.27055,0.21705
53.102,-66.16,30.808,-0.25213,-1.473,0.0054894,9.271e-05,0.87285,-20.536,-9.8947,-1.9247,2.3001,0,0.33,0.31825,0.2171
89.642,-132.91,30.87,-0.14422,-1.4429,0.0054954,7.0692e-05,1.0019,-21.642,-0.51895,-1.216,-0.57389,0,0.33,0.30237,0.21708
57.905,-83.321,30.744,-0.32123,-1.5212,0.0054833,8.8013e-05,0.7629,-19.566,-0.42565,-2.6051,-0.21357,0,0.33,0.33416,0.21711
53.551,-77.473,30.807,-0.40634,-1.0358,0.0054809,9.8177e-05,0.7179,-18.075,-0.74097,-0.88841,-0.79613,0,0.33,0.36613,0.2171
15.025,-8.0657,30.763,-0.45641,-1.0649,0.0054767,0.00014538,0.61632,-17.546,-10.497,-1.8528,2.3707,0,0.33,0.38203,0.21712
45.054,-64.715,30.726,-0.6036,-0.72692,0.0054728,0.00011418,0.56569,-15.968,4.8235,-0.70042,-0.097537,0,0.33,0.43026,0.20043
33.321,-42.646,30.722,-0.60743,-0.64594,0.0054716,0.00013986,0.53492,-15.779,1.9124,-0.84519,0.78208,0,0.33,0.44184,0.20038
516.58,-646.45,30.49,0.21495,-3.0082,0.0057381,3.8076e-05,6.8911,-26.038,-1.6822,6.6112,-3.9309,0,0.33,0.23862,0.15679
517.13,-644.82,30.466,0.066202,-2.9383,0.0057117,3.6897e-05,6.4603,-24.274,-3.2158,6.9282,-2.5767,0,0.33,0.24659,0.15712
416.71,-537.77,30.496,-0.037382,-2.7984,0.0056511,3.7527e-05,4.9543,-23.169,-5.5899,7.9465,-2.2932,0,0.33,0.25456,0.16105
455.62,-582.2,30.441,-0.085065,-2.8887,0.0056816,3.7413e-05,5.7973,-22.681,-5.3075,6.5248,-2.7188,0,0.33,0.25457,0.15685
482.82,-607.64,30.521,0.10858,-2.843,0.0056758,3.5855e-05,5.5019,-24.712,-3.1469,8.3649,-2.5142,0,0.33,0.2466,0.16115
481.78,-607.91,30.542,0.25268,-2.9119,0.005696,3.6357e-05,5.8187,-26.41,-1.4344,8.3036,-3.9279,0,0.33,0.2386,0.16083
395.81,-505.66,30.426,-0.21616,-2.8395,0.0056411,3.8484e-05,4.8118,-21.229,-7.0396,5.1779,-2.3671,0,0.33,0.26261,0.15687
382.25,-484.81,30.411,-0.32849,-2.7777,0.0056095,3.8933e-05,4.0853,-19.96,-6.3819,4.1441,-1.7,0,0.33,0.27053,0.15718
361.76,-464.57,30.476,-0.16065,-2.7586,0.0056165,3.9454e-05,4.111,-21.766,-7.0879,6.7248,-1.8413,0,0.33,0.26257,0.16106
363.03,-460.29,30.457,-0.26931,-2.7031,0.0055898,3.9629e-05,3.5053,-20.518,-6.0786,5.7138,-1.4196,0,0.33,0.27051,0.16122
400.33,-525.79,30.487,-0.74521,-2.2227,0.0055639,3.7408e-05,3.0831,-16.362,1.0917,4.008,-4.6346,0,0.33,0.30241,0.15727
253.83,-337.88,30.501,-0.83313,-2.1124,0.0055544,4.5433e-05,2.7115,-15.817,-8.9692,4.3338,-0.22914,0,0.33,0.31041,0.15727
130.97,-164.16,30.511,-0.8402,-2.0581,0.0055303,5.5141e-05,1.9909,-15.902,-17.286,4.6873,2.883,0,0.33,0.31852,0.16123
141.68,-185.91,30.473,-0.90991,-2.1036,0.005536,5.5462e-05,2.158,-15.363,-14.609,3.5396,2.2736,0,0.33,0.31851,0.15724
247.42,-326.63,30.543,-0.76433,-2.0566,0.0055465,4.5263e-05,2.474,-16.374,-10.837,5.2533,-0.03227,0,0.33,0.31041,0.16126
398.37,-520.79,30.529,-0.67742,-2.1631,0.0055542,3.7434e-05,2.7812,-16.931,-0.17026,4.8322,-4.559,0,0.33,0.30241,0.16126
175.21,-230.36,30.454,-0.95641,-2.0833,0.0055209,5.4228e-05,1.7998,-14.977,-7.5059,1.6387,-0.50639,0,0.33,0.32649,0.15725
231.07,-312.12,30.476,-0.9838,-1.9634,0.0055167,4.8058e-05,1.73,-14.688,1.6689,0.35444,-3.0494,0,0.33,0.33443,0.15725
185.67,-232.82,30.484,-0.8861,-2.0502,0.0055167,5.2858e-05,1.6859,-15.493,-10.484,2.9844,0.24096,0,0.33,0.32649,0.16123
265.49,-349.35,30.501,-0.91703,-1.9372,0.0055129,4.5416e-05,1.6419,-15.177,-1.3682,1.8175,-2.6829,0,0.33,0.33443,0.16124
29.967,-53.161,30.618,-1.0257,-1.2757,0.0054978,0.00010702,1.0935,-14.208,-5.2642,3.4006,1.5324,0,0.33,0.37411,0.15726
102.94,-163.4,30.595,-1.0208,-1.3467,0.0055033,6.7104e-05,1.2906,-14.207,4.9814,2.9839,-4.8006,0,0.33,0.36617,0.15727
1.0051,-0.83002,30.6,-0.99177,-1.3005,0.0054889,0.00011303,0.89379,-14.532,-12.97,3.8657,5.2059,0,0.33,0.3821,0.16118
13.202,-16.826,30.576,-1.0259,-1.3085,0.0054904,0.00012789,0.91419,-14.212,-8.0732,2.8814,4.7366,0,0.33,0.3821,0.1572
36.881,-60.713,30.644,-0.988,-1.26,0.0054962,9.2858e-05,1.075,-14.553,-9.915,4.1145,1.7522,0,0.33,0.37411,0.16125
152.16,-223.15,30.621,-0.97767,-1.3304,0.0055016,5.8236e-05,1.2825,-14.577,0.65313,3.3437,-4.6019,0,0.33,0.36617,0.16126
448.77,-568.74,30.597,0.28772,-2.8178,0.0056644,3.6368e-05,5.005,-26.727,-0.60236,9.1919,-3.9089,0,0.33,0.23856,0.1649
414.7,-527.09,30.652,0.31793,-2.7262,0.0056399,3.731e-05,4.3806,-27.011,0.95755,9.0791,-3.8882,0,0.33,0.23853,0.16899
451.06,-570.84,30.578,0.1475,-2.7497,0.0056488,3.6124e-05,4.7795,-25.103,-2.5235,9.0126,-2.4741,0,0.33,0.2466,0.16518
421.58,-535.89,30.634,0.18013,-2.6586,0.0056281,3.6995e-05,4.2355,-25.45,-1.1799,8.7265,-2.4425,0,0.33,0.2466,0.16919
377.96,-491.31,30.553,0.0055422,-2.7112,0.0056283,3.8802e-05,4.3227,-23.606,-5.2337,8.5227,-1.9299,0,0.33,0.25455,0.1652
342.95,-448.59,30.607,0.040172,-2.6278,0.0056107,4.0696e-05,3.8468,-24.001,-4.1418,8.1774,-1.6158,0,0.33,0.25455,0.16924
307.53,-389.09,30.843,0.36699,-2.2911,0.0055628,4.2569e-05,2.4712,-27.994,8.1735,4.9399,-2.7312,0,0.33,0.23845,0.18913
343.85,-441.78,30.822,0.22753,-2.2051,0.0055597,3.9725e-05,2.5163,-26.675,1.5858,4.4892,-1.3278,0,0.33,0.2466,0.18914
309.16,-399.69,30.815,0.36347,-2.3752,0.0055749,4.2102e-05,2.781,-27.857,8.1153,4.5442,-3.1719,0,0.33,0.23845,0.18514
360.29,-466.23,30.794,0.22434,-2.2964,0.0055713,3.9204e-05,2.8273,-26.491,3.2673,4.0116,-1.6903,0,0.33,0.24661,0.18515
170.86,-259.89,30.819,0.10581,-2.1685,0.0055391,5.3498e-05,1.9919,-25.644,-13.672,5.606,0.34712,0,0.33,0.25457,0.19314
222.44,-302.82,30.789,0.088043,-2.2371,0.0055484,5.1663e-05,2.2533,-25.44,-8.3571,4.2685,0.015821,0,0.33,0.25458,0.18915
308.85,-407.47,30.853,0.23776,-2.1177,0.0055502,4.0165e-05,2.2459,-26.847,-1.2184,5.881,-0.97717,0,0.33,0.2466,0.19313
311.5,-389.58,30.874,0.37516,-2.2103,0.0055533,4.2106e-05,2.2232,-28.114,7.792,6.1679,-2.3157,0,0.33,0.23845,0.19312
257.12,-347.86,30.762,0.081606,-2.3116,0.0055596,4.8886e-05,2.5567,-25.218,-4.1831,3.6915,-0.34794,0,0.33,0.25459,0.18516
308.64,-390.01,30.553,-0.16854,-2.5606,0.0055633,4.3005e-05,2.7338,-21.494,-2.7145,6.3557,-1.1145,0,0.33,0.27052,0.16923
338.15,-427.79,30.506,-0.21479,-2.6308,0.005575,4.1002e-05,3.0691,-21.028,-4.8558,6.4364,-1.2242,0,0.33,0.27051,0.16523
285.7,-369.34,30.58,-0.068872,-2.6082,0.0055839,4.4017e-05,3.1799,-22.687,-4.6626,7.1836,-1.0932,0,0.33,0.26253,0.16922
323.77,-417.36,30.529,-0.11025,-2.6813,0.0055983,4.1367e-05,3.5833,-22.25,-6.281,7.3982,-1.4283,0,0.33,0.26254,0.16519
371.46,-487.7,30.571,-0.60917,-2.1048,0.0055463,3.8548e-05,2.5221,-17.466,0.018956,5.1946,-4.5896,0,0.33,0.30241,0.16525
323.36,-430.53,30.613,-0.54664,-2.0483,0.0055393,4.0853e-05,2.2854,-17.968,1.7538,5.1255,-4.6919,0,0.33,0.30241,0.16923
228.56,-301.8,30.585,-0.69421,-2.0014,0.0055403,4.6554e-05,2.2765,-16.898,-11.149,5.6276,0.0026665,0,0.33,0.31041,0.16524
202.06,-270.24,30.627,-0.62956,-1.9469,0.0055349,4.9154e-05,2.102,-17.389,-9.8358,5.5168,-0.046967,0,0.33,0.31041,0.16923
114.48,-136.31,30.55,-0.76853,-2.0132,0.0055259,5.7566e-05,1.8516,-16.411,-18.153,5.1471,3.2928,0,0.33,0.31851,0.16522
97.458,-112.01,30.59,-0.70278,-1.9691,0.0055221,6.2715e-05,1.7296,-16.89,-17.22,5.0052,3.5823,0,0.33,0.31851,0.16921
238.18,-295.66,30.726,-0.056004,-2.2243,0.0055221,4.9589e-05,1.6517,-23.288,3.3368,4.2841,-0.589,0,0.33,0.27055,0.18916
232.04,-294.99,30.697,-0.075968,-2.2898,0.0055288,4.9528e-05,1.829,-22.994,3.9625,3.3877,-0.75767,0,0.33,0.27053,0.18518
156.9,-202.56,30.754,0.017442,-2.2893,0.0055319,5.8674e-05,1.824,-24.316,-3.7852,4.326,0.067792,0,0.33,0.26254,0.18916
175.07,-230.07,30.726,0.0026563,-2.3463,0.0055408,5.611e-05,2.061,-24.058,-1.8169,3.5788,-0.091096,0,0.33,0.26254,0.18518
136.9,-180.64,30.785,0.039031,-2.2376,0.0055249,5.9965e-05,1.6361,-24.553,-5.5938,5.5206,0.11286,0,0.33,0.26254,0.19315
240.1,-292.07,30.759,-0.028946,-2.1632,0.0055172,4.9386e-05,1.5131,-23.566,2.7778,5.6132,-0.49672,0,0.33,0.27057,0.19314
205.5,-278.87,30.751,-0.38268,-1.7867,0.0055113,4.877e-05,1.4632,-19.975,9.7054,1.1626,-4.1512,0,0.33,0.3024,0.18918
146.3,-187.75,30.761,-0.47116,-1.6657,0.0055111,5.5244e-05,1.4596,-19.387,-5.3616,0.88638,0.65889,0,0.33,0.31038,0.18918
168.69,-244.41,30.734,-0.40846,-1.8379,0.0055162,5.1163e-05,1.5822,-19.64,10.659,0.68732,-4.6661,0,0.33,0.30241,0.18519
142.04,-200.26,30.747,-0.49374,-1.7255,0.0055161,5.5862e-05,1.5829,-19.047,-2.6018,0.51574,0.26415,0,0.33,0.3104,0.18519
28.439,45.399,30.729,-0.51029,-1.7169,0.0054991,8.7321e-05,1.1285,-19.197,-25.28,2.5973,5.1587,0,0.33,0.31831,0.19318
52.629,-26.838,30.71,-0.54975,-1.7556,0.0055029,8.8134e-05,1.2316,-18.863,-18.592,0.78703,4.952,0,0.33,0.3184,0.18918
153.84,-163.03,30.781,-0.43476,-1.6083,0.0055068,5.3377e-05,1.3426,-19.715,-9.5275,2.8314,1.04,0,0.33,0.31035,0.19317
247.04,-329.28,30.772,-0.34721,-1.7379,0.0055073,4.5533e-05,1.3647,-20.29,8.3128,2.8591,-3.6588,0,0.33,0.3024,0.19317
71.867,-78.202,30.697,-0.5723,-1.798,0.0055073,8.4472e-05,1.3443,-18.519,-13.556,0.24283,4.696,0,0.33,0.31848,0.18517
239.53,-314.43,30.558,-0.77405,-1.88,0.0055066,4.7881e-05,1.4446,-16.084,-1.0655,2.6121,-2.3744,0,0.33,0.33443,0.16922
268.25,-349.75,30.53,-0.84397,-1.9091,0.0055097,4.5315e-05,1.5507,-15.642,-2.3388,2.5096,-2.4819,0,0.33,0.33443,0.16523
156.56,-184.71,30.551,-0.74271,-1.9842,0.0055102,5.9625e-05,1.4731,-16.443,-10.237,3.5609,1.1619,0,0.33,0.32649,0.16921
178.25,-215.41,30.518,-0.81195,-2.0169,0.0055133,5.4587e-05,1.5797,-15.981,-11.396,3.5802,0.77387,0,0.33,0.32649,0.16522
45.232,-55.704,30.702,-0.8648,-1.2221,0.0054946,8.0487e-05,1.0563,-15.194,-15.294,4.2974,1.3725,0,0.33,0.37411,0.16923
43.767,-62.385,30.673,-0.93116,-1.242,0.0054953,8.1398e-05,1.0703,-14.882,-14.014,4.6064,1.6788,0,0.33,0.37411,0.16524
192.03,-265.17,30.675,-0.84812,-1.2918,0.0054995,5.221e-05,1.2527,-15.269,-3.0004,3.1015,-4.8857,0,0.33,0.36617,0.16924
190.19,-264.78,30.649,-0.91649,-1.3116,0.0055006,5.2614e-05,1.2808,-14.93,-2.6154,3.4702,-4.6578,0,0.33,0.36617,0.16525
-10.066,18.275,30.627,-0.93961,-1.2901,0.0054882,9.8819e-05,0.88576,-14.837,-17.478,4.631,5.4876,0,0.33,0.38213,0.16514
-16.699,33.657,30.656,-0.87709,-1.2784,0.0054877,9.8587e-05,0.87465,-15.128,-19.258,4.4968,5.5476,0,0.33,0.38214,0.16911
148.9,-201.78,30.658,-0.58683,-1.7247,0.0054922,5.8758e-05,1.0286,-17.94,6.4405,1.0105,-1.9193,0,0.33,0.33424,0.1892
109.91,-160.27,30.644,-0.61567,-1.7578,0.0054945,6.389e-05,1.0752,-17.615,8.0182,0.041547,-2.29,0,0.33,0.33436,0.18519
82.758,-73.865,30.658,-0.56474,-1.84,0.0054941,8.8235e-05,1.0257,-18.362,-6.0743,0.98214,1.9302,0,0.33,0.32635,0.18918
76.14,-83.717,30.644,-0.59179,-1.8653,0.0054973,8.7464e-05,1.1033,-18.027,-3.5773,0.15216,1.8428,0,0.33,0.32644,0.18518
83.336,-60.316,30.678,-0.52687,-1.8179,0.0054916,8.5445e-05,0.96094,-18.683,-9.0518,2.4607,1.9065,0,0.33,0.32625,0.19319
195.03,-251.48,30.678,-0.54596,-1.6925,0.0054904,5.3253e-05,0.9909,-18.247,4.4385,2.759,-1.6268,0,0.33,0.33416,0.1932
36.502,-51.486,30.779,-0.70176,-1.1279,0.0054904,9.0738e-05,0.94191,-16.299,-2.1691,-1.2477,0.94233,0,0.33,0.3741,0.1852
36.1,-67.368,30.75,-0.68117,-1.2192,0.0054915,8.0472e-05,0.97435,-16.464,12.26,-1.2144,-5.6207,0,0.33,0.36616,0.1852
45.455,-53.916,30.776,-0.69906,-1.0981,0.0054884,8.4904e-05,0.90971,-16.541,-2.0707,-2.7979,1.3358,0,0.33,0.37409,0.18919
50.585,-79.629,30.75,-0.67255,-1.2012,0.0054892,7.6232e-05,0.93114,-16.714,12.929,-2.3474,-5.1689,0,0.33,0.36616,0.18919
7.4626,61.474,30.716,-0.72192,-1.1903,0.0054812,0.00012252,0.74353,-16.619,-20.355,-0.86407,6.3245,0,0.33,0.38203,0.19319
30.412,-15.47,30.72,-0.73352,-1.204,0.0054834,0.00011059,0.80002,-16.396,-12.629,-2.7891,6.3691,0,0.33,0.38203,0.18919
60.682,-44.142,30.772,-0.68649,-1.0682,0.0054861,7.9241e-05,0.8621,-16.776,-7.1024,-1.169,1.7864,0,0.33,0.37409,0.19318
26.925,-23.863,30.725,-0.73311,-1.2209,0.0054852,0.0001188,0.82912,-16.165,-10.187,-1.8439,6.255,0,0.33,0.38205,0.18518
114.18,-164.79,30.751,-0.65333,-1.1824,0.0054872,6.2617e-05,0.90797,-16.951,9.8136,-1.0413,-4.3742,0,0.33,0.36616,0.19318
479.33,-604.39,30.542,0.67426,-3.1159,0.0059099,5.5612e-05,9.8965,-32.147,-3.9597,5.9283,-3.7578,0,0.33,0.21461,0.15713
503.24,-621.5,30.581,0.83777,-3.1011,0.0060134,6.9354e-05,11.651,-34.436,-4.2845,5.1455,-3.2677,0,0.33,0.20664,0.15711
422.43,-556.62,30.56,0.55079,-3.0118,0.0057734,4.1652e-05,7.1718,-30.209,-2.7911,8.8407,-5.2134,0,0.33,0.22259,0.16104
467.44,-605.42,30.512,0.52577,-3.1115,0.0058338,4.68e-05,8.5551,-30.01,-2.5282,6.4238,-5.059,0,0.33,0.22262,0.15694
423.81,-545.74,30.586,0.69095,-3.0155,0.005837,4.75e-05,8.3186,-32.245,-4.7382,8.6839,-4.0566,0,0.33,0.2146,0.16114
434.55,-550.06,30.618,0.84641,-3.0003,0.0059253,5.7599e-05,9.8584,-34.454,-5.4666,8.1723,-3.4393,0,0.33,0.20663,0.16113
495.04,-631.6,30.499,0.36633,-3.0724,0.0057787,4.105e-05,7.5888,-27.931,-1.015,6.5451,-5.6382,0,0.33,0.23067,0.15668
457.23,-588.64,30.549,0.39768,-2.9742,0.0057282,3.8025e-05,6.3707,-28.228,-0.93541,8.6026,-5.6221,0,0.33,0.23065,0.16071
417.7,-534.01,30.397,-0.43786,-2.6996,0.0055929,3.7291e-05,3.765,-18.843,-2.0867,3.7727,-3.1773,0,0.33,0.27857,0.15723
459.2,-593.36,30.456,-0.48515,-2.4979,0.0055675,3.487e-05,3.1363,-18.438,3.8827,5.0563,-5.9924,0,0.33,0.28653,0.16123
475.58,-613.49,30.412,-0.54695,-2.5673,0.0055817,3.4456e-05,3.5831,-17.863,3.9625,3.8194,-6.0079,0,0.33,0.28653,0.15724
403.71,-516.21,30.441,-0.37755,-2.6281,0.0055761,3.7709e-05,3.2549,-19.409,-1.704,5.2655,-3.1514,0,0.33,0.27857,0.16123
476.51,-619.28,30.451,-0.65285,-2.3906,0.0055709,3.407e-05,3.3354,-17.039,5.851,3.9297,-6.7078,0,0.33,0.29447,0.15726
464.26,-603.2,30.494,-0.58835,-2.326,0.0055594,3.4447e-05,2.9659,-17.616,5.0147,4.8715,-6.5979,0,0.33,0.29447,0.16125
232.55,-302,30.502,-0.99851,-1.8152,0.0055139,4.8415e-05,1.6578,-14.471,5.9499,0.46523,-1.9109,0,0.33,0.34236,0.15726
274.45,-349.33,30.536,-0.95304,-1.6373,0.0055076,4.5111e-05,1.5117,-14.756,4.946,2.8152,-2.1382,0,0.33,0.3503,0.16125
218.65,-278.88,30.509,-1.0067,-1.657,0.00551,4.9455e-05,1.5465,-14.327,8.5514,1.9434,-1.868,0,0.33,0.3503,0.15726
280.11,-359.68,30.526,-0.93843,-1.7936,0.0055107,4.4782e-05,1.5941,-14.93,2.7326,1.8222,-2.1026,0,0.33,0.34236,0.16125
175.16,-242.66,30.536,-1.0169,-1.4957,0.0055063,5.1784e-05,1.4276,-14.242,9.4244,2.7995,-5.034,0,0.33,0.35823,0.15727
237.24,-319,30.564,-0.96862,-1.478,0.0055046,4.6719e-05,1.4149,-14.641,5.3374,3.1905,-4.9369,0,0.33,0.35823,0.16126
355.61,-459.35,30.718,0.86791,-2.8135,0.0058071,4.6218e-05,7.3804,-34.395,-5.3572,11.305,-3.5422,0,0.33,0.20663,0.16912
358.04,-472.26,30.691,0.72408,-2.8285,0.005742,4.1615e-05,6.2345,-32.364,-3.775,10.852,-4.1147,0,0.33,0.2146,0.16913
386.17,-496.43,30.666,0.85724,-2.9046,0.0058583,5.0229e-05,8.4548,-34.439,-5.9084,10.355,-3.5439,0,0.33,0.20663,0.16513
383.18,-501.49,30.637,0.70867,-2.9203,0.0057831,4.3365e-05,7.1318,-32.318,-4.7212,10.417,-4.174,0,0.33,0.2146,0.16514
388.22,-516.71,30.614,0.57467,-2.9165,0.0057288,3.9681e-05,6.1448,-30.376,-2.2387,10.201,-5.1986,0,0.33,0.22257,0.16507
361.25,-483.83,30.67,0.5943,-2.8243,0.0056947,3.9459e-05,5.3659,-30.514,-0.90998,10.343,-5.0544,0,0.33,0.22257,0.16907
335.2,-434.34,30.77,0.87549,-2.7249,0.0057664,4.4352e-05,6.5405,-34.328,-4.1678,10.986,-3.4193,0,0.33,0.20663,0.17311
344.68,-454.87,30.744,0.73433,-2.7386,0.0057091,4.1077e-05,5.5325,-32.387,-2.1782,10.173,-3.9197,0,0.33,0.2146,0.17312
321.7,-435.67,30.768,0.61141,-2.644,0.0056446,4.0812e-05,4.2504,-30.712,2.8143,8.1074,-4.5281,0,0.33,0.22256,0.17707
339.34,-456.95,30.722,0.60709,-2.7338,0.0056673,4.0021e-05,4.7516,-30.626,0.9299,9.4994,-4.8214,0,0.33,0.22257,0.17306
339.63,-446.04,30.79,0.73776,-2.6492,0.0056821,4.1023e-05,4.9665,-32.386,-0.25019,8.7908,-3.6425,0,0.33,0.2146,0.17711
322.82,-416.37,30.817,0.87778,-2.6382,0.0057333,4.3846e-05,5.874,-34.24,-2.3528,9.7377,-3.2079,0,0.33,0.20663,0.1771
423.87,-547.4,30.604,0.42696,-2.8794,0.0056907,3.7407e-05,5.4569,-28.482,-0.23165,9.7278,-5.4882,0,0.33,0.23064,0.16473
390.8,-505.33,30.66,0.45151,-2.7875,0.0056617,3.811e-05,4.755,-28.701,1.1563,9.747,-5.3017,0,0.33,0.23063,0.16875
380.14,-485.85,30.704,0.34059,-2.6364,0.0056203,3.8668e-05,3.8896,-27.265,3.111,8.0876,-3.848,0,0.33,0.2385,0.17305
396.52,-507.44,30.685,0.20384,-2.5685,0.0056114,3.7954e-05,3.8133,-25.76,0.67988,7.642,-2.3824,0,0.33,0.2466,0.17319
293.34,-390.51,30.699,0.076302,-2.4671,0.0055837,4.4766e-05,3.1624,-24.678,-1.6752,5.5917,-1.0512,0,0.33,0.25457,0.17721
314.37,-415.05,30.657,0.06391,-2.5469,0.0055963,4.2761e-05,3.4758,-24.358,-2.6988,7.0875,-1.3368,0,0.33,0.25456,0.17323
378.77,-487.48,30.729,0.21753,-2.4784,0.0055971,3.8689e-05,3.4651,-26.036,2.4799,6.108,-2.2467,0,0.33,0.24661,0.17718
348.27,-448.36,30.748,0.35451,-2.548,0.0056037,4.0093e-05,3.4846,-27.494,5.389,6.6017,-3.7436,0,0.33,0.23848,0.1771
356.96,-463.55,30.712,0.4688,-2.6977,0.0056384,3.9462e-05,4.1991,-28.893,3.0618,8.8404,-5.091,0,0.33,0.23062,0.17279
323.7,-423.9,30.758,0.47732,-2.6096,0.0056189,4.1081e-05,3.7404,-29.057,4.9853,7.4313,-4.8388,0,0.33,0.23059,0.17688
265.73,-337.68,30.919,0.84902,-2.3892,0.0056517,4.7139e-05,4.1113,-33.899,2.2142,6.9121,-2.5183,0,0.33,0.20662,0.18907
312.17,-404.47,30.892,0.71517,-2.3825,0.0056147,4.2456e-05,3.4454,-32.272,2.2819,6.5917,-2.8046,0,0.33,0.21459,0.18908
293.49,-373.69,30.89,0.86239,-2.4695,0.0056779,4.5132e-05,4.7218,-34.023,1.4091,7.0436,-2.7403,0,0.33,0.20663,0.18508
328.76,-427.91,30.862,0.72493,-2.4705,0.0056356,4.1517e-05,3.9553,-32.326,2.5557,6.4597,-3.0609,0,0.33,0.21459,0.18509
250.78,-352.05,30.905,0.59035,-2.2991,0.005576,4.5497e-05,2.5998,-30.827,-0.39038,7.4773,-3.0538,0,0.33,0.22253,0.19309
272.28,-372.8,30.872,0.59118,-2.3806,0.005589,4.4094e-05,2.9446,-30.824,2.4723,6.4036,-3.4386,0,0.33,0.22253,0.1891
280.8,-375.15,30.924,0.71088,-2.2979,0.0055975,4.3809e-05,3.0016,-32.212,0.84589,7.5888,-2.5915,0,0.33,0.21459,0.19307
227.84,-288.45,30.949,0.83849,-2.3129,0.0056293,4.9862e-05,3.5538,-33.768,2.4479,7.8058,-2.3113,0,0.33,0.20662,0.19305
290.78,-398.47,30.841,0.59903,-2.4664,0.0056056,4.2652e-05,3.3623,-30.808,4.0638,6.0978,-3.8347,0,0.33,0.22254,0.1851
336.69,-439.66,30.829,0.73401,-2.5597,0.0056582,4.1137e-05,4.4632,-32.365,1.5331,7.3289,-3.3458,0,0.33,0.2146,0.1811
311.65,-399.22,30.857,0.87323,-2.5529,0.005705,4.4105e-05,5.3009,-34.138,-0.29846,8.1756,-2.9731,0,0.33,0.20663,0.18109
306.52,-417.51,30.808,0.60763,-2.5546,0.0056244,4.1646e-05,3.8014,-30.772,4.0731,6.772,-4.1993,0,0.33,0.22254,0.18109
368.45,-475.44,30.765,0.22289,-2.3877,0.005584,3.9069e-05,3.1456,-26.279,3.5207,4.6819,-2.0117,0,0.33,0.24661,0.18117
323.25,-418.44,30.785,0.36087,-2.4609,0.0055888,4.1307e-05,3.1227,-27.692,7.1948,5.2128,-3.5259,0,0.33,0.23846,0.18113
277.1,-370.95,30.733,0.080187,-2.3886,0.0055716,4.6731e-05,2.8637,-24.965,-1.9601,4.2421,-0.71891,0,0.33,0.25458,0.18118
270.8,-358.71,30.828,0.47488,-2.44,0.0055855,4.4399e-05,2.9385,-29.278,6.2473,5.5209,-4.0523,0,0.33,0.23049,0.18508
257.16,-335.01,30.859,0.47376,-2.3604,0.0055714,4.5942e-05,2.5825,-29.355,5.0329,5.9035,-3.506,0,0.33,0.23048,0.18911
250.41,-327.97,30.892,0.47933,-2.2861,0.0055604,4.6726e-05,2.2994,-29.417,3.1511,7.0027,-2.9705,0,0.33,0.23047,0.19311
293.84,-388.07,30.796,0.47787,-2.5233,0.0056015,4.2774e-05,3.3294,-29.179,6.2225,6.1264,-4.505,0,0.33,0.23053,0.181
337.02,-434.8,30.535,-0.27431,-2.4884,0.0055528,4.071e-05,2.5524,-20.416,1.9198,5.9409,-3.177,0,0.33,0.27857,0.16921
376.11,-481.98,30.488,-0.32168,-2.5577,0.0055632,3.8855e-05,2.8637,-19.932,-0.35827,5.9647,-3.1414,0,0.33,0.27857,0.16522
417.29,-543.44,30.503,-0.4267,-2.4299,0.0055562,3.6217e-05,2.7723,-18.974,4.8524,5.6403,-5.9594,0,0.33,0.28653,0.16522
353.67,-468.27,30.548,-0.37646,-2.3638,0.0055467,3.8622e-05,2.4632,-19.474,6.8483,5.6157,-5.9532,0,0.33,0.28653,0.16921
250.54,-325.62,30.626,-0.038738,-2.5384,0.005572,4.7095e-05,2.8582,-23.084,-2.7132,6.2743,-0.81833,0,0.33,0.26253,0.17322
278.09,-352.29,30.597,-0.13312,-2.4918,0.0055535,4.5335e-05,2.465,-21.921,-0.072083,5.6334,-1.0657,0,0.33,0.27052,0.17322
220.27,-287.81,30.666,-0.019528,-2.4713,0.0055613,5.0312e-05,2.5812,-23.444,-1.1809,4.9853,-0.57434,0,0.33,0.26253,0.1772
251.82,-320.42,30.636,-0.10857,-2.4239,0.0055448,4.7524e-05,2.2368,-22.312,2.3336,4.5186,-1.0227,0,0.33,0.27052,0.17721
294.44,-384.72,30.578,-0.23867,-2.4197,0.005544,4.2938e-05,2.2995,-20.862,4.6127,5.3146,-3.2358,0,0.33,0.27857,0.1732
219,-308.98,30.628,-0.31374,-2.2372,0.0055313,4.571e-05,1.9789,-20.365,11.259,3.9751,-5.8849,0,0.33,0.28653,0.17719
281.38,-382.79,30.591,-0.33849,-2.2997,0.0055385,4.197e-05,2.1999,-19.938,9.324,5.0326,-5.9584,0,0.33,0.28653,0.1732
259.87,-345.01,30.617,-0.21507,-2.3509,0.0055363,4.4922e-05,2.0893,-21.273,6.8137,4.267,-3.241,0,0.33,0.27856,0.17719
422.26,-552.65,30.539,-0.52509,-2.2633,0.0055501,3.5828e-05,2.6503,-18.157,5.4229,5.312,-6.5159,0,0.33,0.29447,0.16524
354.23,-471.66,30.582,-0.46868,-2.2031,0.0055419,3.842e-05,2.3669,-18.663,7.1666,5.2622,-6.4866,0,0.33,0.29447,0.16922
264.06,-360.02,30.653,-0.49506,-1.9936,0.005533,4.4232e-05,2.0692,-18.436,4.6193,4.5879,-4.8379,0,0.33,0.30241,0.17322
174.37,-240.01,30.667,-0.57615,-1.8927,0.00553,5.2388e-05,1.9474,-17.849,-7.2986,4.9447,-0.11634,0,0.33,0.31041,0.17322
77.836,-94.895,30.657,-0.61187,-1.883,0.0055152,7.6478e-05,1.5315,-17.759,-12.744,3.0247,4.0673,0,0.33,0.31851,0.17719
84.069,-98.277,30.626,-0.64937,-1.9258,0.0055187,6.9666e-05,1.6233,-17.339,-15.071,4.3433,3.8164,0,0.33,0.31851,0.1732
152.57,-217.08,30.702,-0.5374,-1.8384,0.0055255,5.5174e-05,1.8153,-18.278,-4.3833,3.6772,-0.13296,0,0.33,0.31041,0.17721
207.6,-292.22,30.688,-0.45695,-1.9406,0.0055272,4.8107e-05,1.8805,-18.871,7.7529,3.3851,-4.9687,0,0.33,0.30241,0.17721
273.26,-374.43,30.623,-0.4241,-2.1459,0.0055346,4.2271e-05,2.1129,-19.134,9.7931,4.6897,-6.5005,0,0.33,0.29447,0.17321
198.66,-283.61,30.659,-0.39338,-2.0916,0.0055279,4.6956e-05,1.8936,-19.57,12.314,3.5278,-6.475,0,0.33,0.29446,0.1772
235.48,-300.36,30.669,-0.091523,-2.3565,0.0055366,4.9031e-05,2.0276,-22.67,3.7744,3.5425,-0.92355,0,0.33,0.27052,0.18119
195.55,-256.32,30.699,-0.007732,-2.4071,0.0055509,5.3389e-05,2.319,-23.768,-0.79022,3.8695,-0.32712,0,0.33,0.26253,0.18119
271.44,-350.74,30.706,-0.16258,-2.1412,0.0055166,4.4986e-05,1.5813,-22.298,3.3595,4.0121,-2.2996,0,0.33,0.27857,0.18915
250.78,-334.71,30.678,-0.18503,-2.2115,0.0055224,4.5761e-05,1.7333,-21.989,6.3068,3.1193,-2.7569,0,0.33,0.27856,0.18516
245.43,-339.12,30.743,-0.22343,-1.995,0.0055094,4.6071e-05,1.398,-21.732,-0.27316,4.945,-3.4403,0,0.33,0.28652,0.19315
214.77,-296.67,30.712,-0.26185,-2.0536,0.0055133,4.867e-05,1.4984,-21.433,4.8239,3.4494,-4.1835,0,0.33,0.28652,0.18916
283.48,-365.12,30.739,-0.12667,-2.0747,0.0055123,4.4188e-05,1.4581,-22.588,-0.081583,5.3798,-1.8866,0,0.33,0.27857,0.19313
184.98,-269.46,30.686,-0.2845,-2.1146,0.0055185,4.9702e-05,1.6311,-21.112,9.2694,2.5817,-4.991,0,0.33,0.28652,0.18517
244.07,-327.28,30.649,-0.19968,-2.2816,0.0055291,4.5973e-05,1.904,-21.648,7.5614,3.2982,-3.0957,0,0.33,0.27856,0.18117
183.99,-268.11,30.66,-0.29847,-2.1757,0.0055246,4.8713e-05,1.7918,-20.757,11.494,2.8961,-5.5913,0,0.33,0.28652,0.18118
142.21,-204.39,30.729,-0.51224,-1.7828,0.0055209,5.6434e-05,1.6989,-18.677,-2.4022,1.8497,-0.016348,0,0.33,0.31041,0.1812
170.82,-247.8,30.715,-0.43032,-1.889,0.0055216,5.1e-05,1.7201,-19.272,10.039,1.7482,-4.9538,0,0.33,0.30241,0.1812
77.097,-93.205,30.681,-0.58884,-1.8403,0.0055115,8.1259e-05,1.4436,-18.151,-11.75,1.3113,4.3778,0,0.33,0.31851,0.18118
143.69,-217.13,30.709,-0.35745,-1.9907,0.0055159,5.2553e-05,1.5546,-20.336,12.5,1.4543,-5.675,0,0.33,0.29446,0.18518
179.32,-251.71,30.73,-0.33475,-1.9424,0.0055109,5.096e-05,1.4325,-20.667,9.4194,2.1314,-4.8457,0,0.33,0.29446,0.18917
223.76,-306.42,30.755,-0.29882,-1.8967,0.0055072,4.7587e-05,1.3444,-20.978,5.7195,3.7112,-4.0521,0,0.33,0.29446,0.19316
150.55,-225.16,30.687,-0.37372,-2.0401,0.0055217,5.107e-05,1.7087,-19.971,13.508,2.1431,-6.2447,0,0.33,0.29446,0.18119
263.33,-340.9,30.581,-0.80219,-1.7439,0.0055051,4.5982e-05,1.4273,-15.787,2.5311,2.4312,-2.6043,0,0.33,0.34236,0.16923
292.9,-375.15,30.554,-0.86955,-1.7694,0.005508,4.3874e-05,1.5235,-15.369,1.4304,2.4288,-2.3351,0,0.33,0.34236,0.16524
299.18,-379.43,30.566,-0.88748,-1.6153,0.0055057,4.3448e-05,1.4687,-15.167,3.0363,3.1672,-2.3669,0,0.33,0.3503,0.16524
275.77,-352.36,30.595,-0.82083,-1.5926,0.0055034,4.5045e-05,1.3922,-15.56,3.6858,3.0286,-2.6306,0,0.33,0.3503,0.16923
128.3,-150.34,30.582,-0.68526,-1.9524,0.0055071,6.7459e-05,1.3694,-16.878,-7.71,3.0676,1.4251,0,0.33,0.32649,0.1732
193.05,-258.26,30.586,-0.71482,-1.8505,0.0055034,5.2768e-05,1.3315,-16.502,1.7783,2.3837,-2.3512,0,0.33,0.33442,0.17321
101.22,-119.13,30.609,-0.64305,-1.9218,0.005504,7.6483e-05,1.2741,-17.286,-4.9,2.0016,1.5844,0,0.33,0.32648,0.17719
143.85,-198.87,30.61,-0.67045,-1.8206,0.0055003,5.915e-05,1.2263,-16.897,5.1253,1.6337,-2.4208,0,0.33,0.33442,0.1772
206.45,-273.18,30.606,-0.74531,-1.7179,0.005502,5.085e-05,1.3131,-16.184,5.3963,2.2139,-2.8879,0,0.33,0.34236,0.17322
144.18,-191.46,30.646,-0.72097,-1.5493,0.0054977,5.803e-05,1.1723,-16.292,9.9836,2.025,-3.2514,0,0.33,0.35029,0.17721
217.65,-282.72,30.622,-0.7631,-1.5703,0.0055006,4.975e-05,1.2871,-15.936,6.339,2.7534,-2.9197,0,0.33,0.3503,0.17322
141.64,-194.66,30.63,-0.70443,-1.6913,0.0054988,5.8164e-05,1.2008,-16.559,8.873,1.5138,-3.1786,0,0.33,0.34236,0.17721
276.02,-362.5,30.593,-0.90519,-1.4582,0.0055032,4.4133e-05,1.3978,-15.024,2.719,3.3011,-4.9003,0,0.33,0.35823,0.16525
266.06,-349.36,30.621,-0.83767,-1.438,0.0055016,4.4949e-05,1.3456,-15.391,2.8438,3.0575,-4.9356,0,0.33,0.35823,0.16924
164.96,-233.46,30.698,-0.78408,-1.2723,0.0054979,5.5565e-05,1.1953,-15.592,-0.85558,2.7579,-5.109,0,0.33,0.36617,0.17323
43.107,-48.47,30.727,-0.80158,-1.2011,0.0054938,8.6292e-05,1.0284,-15.491,-13.902,3.7465,1.0227,0,0.33,0.37411,0.17322
-11.015,28.667,30.703,-0.77059,-1.252,0.0054868,0.00012792,0.8415,-15.667,-15.598,2.7227,5.6266,0,0.33,0.38213,0.17711
-18.601,39.079,30.681,-0.81783,-1.266,0.0054873,0.00011098,0.85691,-15.403,-18.35,3.8273,5.5408,0,0.33,0.38214,0.1731
41.131,-45.568,30.751,-0.74974,-1.1786,0.0054929,9.2631e-05,0.99531,-15.773,-10.514,3.0919,0.7757,0,0.33,0.37411,0.17721
120.68,-179.82,30.721,-0.732,-1.2536,0.005496,6.2411e-05,1.1196,-15.9,3.1967,2.353,-5.3317,0,0.33,0.36616,0.17722
218.6,-292.41,30.647,-0.77674,-1.4186,0.0054994,4.872e-05,1.2599,-15.742,5.2327,2.8122,-4.9844,0,0.33,0.35823,0.17323
150.85,-207.55,30.671,-0.72966,-1.4011,0.0054967,5.5811e-05,1.1563,-16.077,9.132,2.259,-5.1178,0,0.33,0.35823,0.17722
110.02,-159.15,30.63,-0.63991,-1.7897,0.0054973,6.4149e-05,1.1399,-17.267,7.5838,0.51552,-2.4612,0,0.33,0.33441,0.18119
82.313,-96.273,30.629,-0.61443,-1.8926,0.0055007,8.3764e-05,1.1865,-17.669,-3.1639,0.69784,1.7104,0,0.33,0.32648,0.18118
134.62,-189.85,30.67,-0.64057,-1.6007,0.0054911,6.0615e-05,1.0108,-17.548,6.7125,0.11795,-2.4975,0,0.33,0.3422,0.1892
85.979,-134.22,30.66,-0.66326,-1.6341,0.0054932,6.687e-05,1.0456,-17.243,10.747,-0.64079,-3.1356,0,0.33,0.3423,0.18519
153.33,-214.4,30.695,-0.63484,-1.4638,0.0054883,5.8159e-05,0.9443,-17.498,1.7291,1.3268,-2.141,0,0.33,0.35023,0.19318
82.947,-124.12,30.683,-0.67023,-1.4882,0.0054898,7.022e-05,0.95495,-17.227,8.885,-0.64283,-2.9665,0,0.33,0.35024,0.18919
201.82,-267.2,30.686,-0.59773,-1.566,0.0054895,5.2067e-05,0.9916,-17.834,0.9875,2.148,-1.7873,0,0.33,0.34215,0.19319
49.998,-81.395,30.677,-0.68486,-1.5101,0.005492,7.5238e-05,0.9938,-16.94,13.088,-0.90292,-3.5195,0,0.33,0.35027,0.18519
92.556,-137.28,30.648,-0.67973,-1.6637,0.0054959,6.5429e-05,1.1084,-16.912,11.252,0.22471,-3.3437,0,0.33,0.34235,0.1812
78.729,-110.52,30.666,-0.69685,-1.5296,0.0054947,6.8832e-05,1.0688,-16.627,12.965,0.50241,-3.544,0,0.33,0.35029,0.1812
36.621,-46.593,30.77,-0.71591,-1.1543,0.0054918,9.4541e-05,0.96617,-16.041,-5.9711,1.44,0.74525,0,0.33,0.37411,0.1812
70.831,-114.98,30.74,-0.69777,-1.236,0.0054938,7.2614e-05,1.0406,-16.191,8.2202,0.99249,-5.5699,0,0.33,0.36616,0.18121
8.2155,3.5348,30.72,-0.74187,-1.2368,0.0054862,0.00013306,0.8349,-15.92,-12.14,0.67301,5.9085,0,0.33,0.38209,0.18114
39.64,-65.849,30.701,-0.68812,-1.3729,0.0054913,7.3838e-05,0.97516,-16.687,15.498,-1.0833,-5.4144,0,0.33,0.35822,0.1852
58.659,-90.674,30.705,-0.67872,-1.359,0.005489,7.0807e-05,0.93132,-16.956,13.755,-1.5305,-4.9431,0,0.33,0.35822,0.18918
131.89,-186.88,30.711,-0.65406,-1.3443,0.0054875,5.9119e-05,0.92049,-17.214,8.3741,0.052957,-4.0627,0,0.33,0.35822,0.19317
82.72,-118.09,30.691,-0.70101,-1.3861,0.005494,6.6026e-05,1.0545,-16.392,13.27,0.76587,-5.3512,0,0.33,0.35823,0.18121
56.552,-74.303,30.549,-1.0023,-1.2919,0.0054858,9.9035e-05,0.84681,-14.196,0.8594,1.7326,0.74478,0,0.33,0.39011,0.1571
65.805,-88.519,30.568,-0.97176,-1.2939,0.0054847,8.8985e-05,0.83811,-14.491,-3.0913,2.5664,1.3245,0,0.33,0.39014,0.16104
61.468,-78.102,30.531,-1.0253,-1.2887,0.0054876,9.8874e-05,0.88346,-13.886,2.5553,1.6691,0.43488,0,0.33,0.39017,0.15303
87.895,-111.79,30.591,-0.92334,-1.2912,0.0054841,7.7252e-05,0.84041,-14.768,-7.63,3.4051,1.8865,0,0.33,0.39023,0.16491
93.903,-118.9,30.615,-0.86106,-1.2868,0.0054837,7.5446e-05,0.83504,-15.037,-9.2717,3.393,2.1022,0,0.33,0.39027,0.16884
15.978,-11.892,30.668,-0.7015,-1.2772,0.0054784,0.00011661,0.68649,-16.221,1.1917,-2.3255,1.9923,0,0.33,0.39001,0.1892
9.0312,17.096,30.668,-0.69446,-1.2845,0.0054769,0.00012432,0.6492,-16.421,-2.7968,-0.68111,1.8498,0,0.33,0.39,0.1932
27.9,-33.771,30.671,-0.70555,-1.2744,0.0054801,0.00011845,0.72299,-16.01,1.493,-2.0338,2.3891,0,0.33,0.39005,0.18513
257.63,-352.83,30.89,0.25769,-2.0293,0.0055433,4.2202e-05,2.0362,-26.973,-3.6205,6.4139,-0.66413,0,0.33,0.24657,0.19713
125.93,-204.84,30.855,0.13723,-2.0955,0.0055323,5.341e-05,1.7917,-25.779,-17.748,5.9144,0.67531,0,0.33,0.25453,0.19714
306.99,-384.63,30.91,0.38834,-2.1283,0.0055469,4.2301e-05,2.0477,-28.192,7.9774,6.5422,-2.0192,0,0.33,0.23845,0.19711
118.57,-162.08,30.82,0.064673,-2.1836,0.0055199,6.02e-05,1.5049,-24.732,-5.9205,5.4104,0.11183,0,0.33,0.26252,0.19714
211.93,-271.04,30.796,0.0030158,-2.1044,0.0055138,5.1839e-05,1.4146,-23.806,3.5673,5.5792,-0.49363,0,0.33,0.27058,0.19713
136.87,-131.58,30.808,-0.38406,-1.5485,0.0055037,5.4577e-05,1.2436,-19.992,-11.362,4.0561,1.2729,0,0.33,0.31034,0.19717
23.063,92.465,30.754,-0.45253,-1.6726,0.0054965,7.9932e-05,1.0522,-19.474,-29.173,3.5367,5.3906,0,0.33,0.31827,0.19717
250.04,-332.95,30.8,-0.3042,-1.6844,0.0055044,4.4981e-05,1.2797,-20.551,8.7464,3.6759,-3.4017,0,0.33,0.30239,0.19716
83.901,-39.733,30.702,-0.47992,-1.7914,0.0054898,7.7508e-05,0.91012,-18.956,-9.9282,2.7085,1.8412,0,0.33,0.32621,0.19718
189.59,-253.7,30.705,-0.49559,-1.6605,0.0054891,5.3271e-05,0.94878,-18.521,4.8494,3.2203,-1.6256,0,0.33,0.33415,0.19719
51.132,-18.325,30.781,-0.64619,-1.0337,0.0054842,7.7539e-05,0.80982,-16.976,-11.684,1.6653,1.929,0,0.33,0.37409,0.19717
-24.57,150.95,30.725,-0.67954,-1.1704,0.0054795,0.0001246,0.69131,-16.813,-27.671,1.7646,6.3585,0,0.33,0.38203,0.19717
170.03,-230.25,30.76,-0.61226,-1.1559,0.0054858,5.4243e-05,0.88312,-17.146,7.561,0.79833,-3.8982,0,0.33,0.36616,0.19717
78.351,-103.35,30.637,-0.80159,-1.2833,0.0054832,8.5269e-05,0.81447,-15.296,-7.8703,2.6858,2.2279,0,0.33,0.39027,0.17283
59.011,-82.433,30.656,-0.75279,-1.2784,0.0054824,0.00010266,0.78518,-15.545,-4.9602,1.5617,2.437,0,0.33,0.39022,0.17688
41.88,-58.081,30.668,-0.71947,-1.275,0.0054814,0.00011771,0.75463,-15.785,-1.2397,-0.22421,2.4747,0,0.33,0.39013,0.18101
246.72,-326.51,30.961,0.71509,-2.2153,0.0055854,4.658e-05,2.6748,-32.128,-0.53863,7.819,-2.4103,0,0.33,0.21459,0.19706
230.08,-323.03,30.943,0.59994,-2.2182,0.0055673,4.7064e-05,2.3579,-30.793,-2.947,7.6638,-2.7406,0,0.33,0.22253,0.19708
197.41,-248.06,30.984,0.83116,-2.2432,0.0056133,5.3503e-05,3.1465,-33.634,2.9601,8.0566,-2.1371,0,0.33,0.20662,0.19704
249.17,-321.66,30.929,0.49273,-2.2111,0.0055528,4.7038e-05,2.1034,-29.438,2.0818,7.1198,-2.5564,0,0.33,0.23047,0.1971
268.49,-345.04,30.776,-0.077953,-2.0088,0.0055093,4.5254e-05,1.3608,-22.833,-1.1856,5.4051,-1.6545,0,0.33,0.27857,0.19712
251.27,-342.74,30.778,-0.17055,-1.9308,0.0055067,4.5492e-05,1.3185,-21.971,-2.3717,5.1658,-3.006,0,0.33,0.28652,0.19713
239.23,-327.13,30.786,-0.25141,-1.8449,0.0055046,4.5887e-05,1.2779,-21.237,4.4192,4.2188,-3.5379,0,0.33,0.29446,0.19715
219.99,-290.91,30.71,-0.53395,-1.5285,0.0054884,4.9277e-05,0.96462,-18.084,-1.1208,3.1522,-1.4533,0,0.33,0.34214,0.19718
190.83,-260.36,30.716,-0.57344,-1.4308,0.0054874,5.2069e-05,0.93359,-17.73,-2.1493,2.6843,-1.5865,0,0.33,0.35022,0.19717
191.06,-260.67,30.727,-0.60464,-1.3204,0.0054866,5.1162e-05,0.91591,-17.437,4.4801,1.5968,-3.3336,0,0.33,0.35821,0.19716
41.632,-58.882,30.708,-0.67767,-0.71489,0.0054746,0.00011998,0.59404,-15.148,-3.2676,1.6442,0.53026,0,0.33,0.44184,0.17642
71.578,-98.131,30.718,-0.68574,-0.76637,0.0054772,8.9812e-05,0.66372,-15.211,-1.6245,1.7479,-0.72966,0,0.33,0.4303,0.17642
106.36,-171.68,30.857,-0.010542,-1.6631,0.0054976,6.2269e-05,1.0438,-22.988,8.0722,-0.99018,-2.715,0,0.33,0.28649,0.21706
81.112,-127.61,30.768,-0.35152,-1.2889,0.0054821,6.9518e-05,0.75803,-18.74,8.7546,-1.5804,-3.2509,0,0.33,0.35018,0.2171
20.232,34.935,30.678,-0.6686,-1.2823,0.0054757,0.00011781,0.62043,-16.585,-7.4943,0.94855,2.1089,0,0.33,0.38999,0.19719
31.517,-33.388,30.71,-0.46347,-1.1144,0.0054731,0.00012235,0.56766,-17.075,0.20914,-2.7439,0.31011,0,0.33,0.39794,0.21714
16866,-12701,-0.5788,2.6241,4.8428,13.915,0.007706,1855.2,-60.452,-399.16,-3.2471,47.877,0,0.33,0.015569,0.15205
-1.6699e+05,-47908,0.22467,1.3788,7.74,11.603,0.0035011,2906.1,-58.212,292.79,-21.154,1990.2,0,0.33,0.007649,0.15202
18932,-16255,-0.39977,2.822,4.1189,12.79,0.0067924,1926.8,-53.973,-386.69,3.0865,36.412,0,0.33,0.015549,0.15607
-1.7882e+05,-53593,0.34351,1.5021,6.9183,11.024,0.0031915,2920.6,-51.575,245.44,-20.497,1984.3,0,0.33,0.0076259,0.15605
-1.9132e+05,-60225,0.476,1.6317,6.0447,10.402,0.0028891,2930.2,-45.097,194.7,-19.153,1975.6,0,0.33,0.0076034,0.16007
-4.1015e+05,-94374,1.0161,0.90591,7.4823,9.6521,0.00074774,3640.7,-44.496,774.49,-33.464,3876.8,0,0.33,0,0.16006
-3.8309e+05,-85081,0.92152,0.81469,8.4173,9.9332,0.0007647,3682.2,-51.012,889.19,-31.71,3883.1,0,0.33,0,0.15603
-3.5706e+05,-77684,0.83483,0.73183,9.2892,10.191,0.00077975,3718.1,-57.665,995.35,-30.561,3887,0,0.33,0,0.15201
24508,6488.1,4.6101,5.8828,-3.4768,21.716,0.012098,1773.5,-74.37,-158.71,400.61,-452.49,0,0.33,0.04723,0.15225
32552,2456.3,6.4102,5.9682,-3.3384,23.051,0.011451,1968.1,-69.173,-100.94,514.22,-506.91,0,0.33,0.047221,0.15626
15301,3669,8.6415,5.8922,-4.151,26.579,0.013624,1932.1,-76.078,-58.76,515.12,-535.93,0,0.33,0.055128,0.15231
715.77,373.32,10.816,5.8644,-3.7765,27.357,0.01307,2068.4,-71.289,-12.329,605.09,-559.69,0,0.33,0.055121,0.15632
-34758,-2348.4,17.843,5.3231,-3.2466,26.106,0.012834,2031.9,-68.38,67.229,660.32,-528.51,0,0.33,0.06303,0.16037
-33105,-549.79,15.367,5.5025,-3.8222,28.265,0.013994,2020.7,-72.544,43.991,619.67,-551.71,0,0.33,0.063027,0.15635
-19286,-2479.4,13.327,5.7414,-3.2897,27.361,0.012469,2175.2,-66.748,29.447,689.64,-566.3,0,0.33,0.055114,0.16033
-16258,1735,13.08,5.6065,-4.3314,29.19,0.014876,1963.6,-76.914,13.85,563.84,-557.25,0,0.33,0.063028,0.15234
-29866,1063.6,17.468,5.1385,-4.1933,27.901,0.014901,1870.8,-76.999,55.198,556.27,-526.84,0,0.33,0.070953,0.15224
-28862,-384.7,19.662,4.998,-3.6393,25.102,0.013504,1852.8,-73.02,70.302,579.59,-499.98,0,0.33,0.070974,0.15628
-23543,1468.6,21.536,4.5989,-3.8792,22.906,0.013588,1674.8,-76.173,70.401,506.56,-462.7,0,0.33,0.078943,0.15239
-21859,462.06,23.468,4.4562,-3.3496,18.964,0.011774,1591.1,-72.556,73.899,499.77,-421.14,0,0.33,0.078966,0.15643
-26969,-1422.4,21.912,4.8045,-3.0586,21.227,0.011812,1782.6,-69.179,78.735,582.73,-457.72,0,0.33,0.07101,0.16035
-3097.2,353.65,30.549,2.9536,-2.9087,1.8507,0.0038643,442.84,-67.966,17.324,114.81,-102.69,0,0.33,0.11068,0.15265
-1731.3,-265.34,30.874,2.9095,-2.7096,1.0457,0.0029059,328.48,-65.646,11.565,82.223,-68.921,0,0.33,0.11067,0.15667
-756.73,-314.53,31.02,2.7179,-2.8959,0.65725,0.002421,246.71,-65.107,6.7976,56.489,-49,0,0.33,0.11867,0.15249
-18.04,-657.92,31.155,2.685,-2.7388,0.35166,0.0017762,178.67,-63.1,4.5913,38.51,-30.288,0,0.33,0.11863,0.15661
790.14,-976.96,31.235,2.4416,-2.6533,0.059913,0.00072005,76.451,-58.756,4.1009,11.513,-5.5333,0,0.33,0.12662,0.16069
652.35,-854.03,31.219,2.4842,-2.787,0.11322,0.0010205,100.74,-60.407,3.3599,17.501,-11.535,0,0.33,0.12661,0.15669
537.19,-889.84,31.23,2.6429,-2.5909,0.18012,0.0012655,128.46,-61.15,3.7269,25.419,-17.213,0,0.33,0.1186,0.16068
409.3,-669.5,31.174,2.5162,-2.9221,0.21322,0.0014274,135.15,-62.106,2.7788,26.317,-20.269,0,0.33,0.12661,0.15265
647.27,-797.73,31.181,2.3328,-2.962,0.06938,0.00079309,80.322,-59.148,1.8194,12.647,-8.0345,0,0.33,0.13459,0.15254
762.9,-906.81,31.185,2.2944,-2.8397,0.039144,0.00057224,63.74,-57.62,3.661,8.0899,-4.1086,0,0.33,0.13468,0.15643
732.89,-827.71,31.129,2.1638,-3.0122,0.025546,0.00044875,54.037,-56.184,1.8547,6.5448,-3.7,0,0.33,0.14253,0.15245
802.75,-901.57,31.124,2.1249,-2.8912,0.016542,0.00035268,45.394,-54.997,3.8825,3.8871,-2.0002,0,0.33,0.14255,0.15658
829.01,-968.29,31.179,2.249,-2.7131,0.023079,0.00042529,51.613,-56.23,4.4952,5.3199,-1.3176,0,0.33,0.13471,0.16048
806.57,-916.49,31.108,2.0738,-2.7714,0.011888,0.00029293,38.68,-53.74,3.9594,2.8851,-0.86312,0,0.33,0.14262,0.1605
719.14,-774.95,30.844,1.5109,-3.1777,0.0069278,0.00019387,23.675,-44.658,6.8461,1.5721,-0.9588,0,0.33,0.17456,0.15222
659.61,-715.32,30.847,1.4713,-3.0661,0.0066972,0.00015734,20.838,-44.188,6.5421,2.251,-0.711,0,0.33,0.17455,0.15622
729.42,-791.97,30.758,1.3474,-3.1973,0.0066389,0.00016067,20.721,-41.985,5.8413,1.0177,0.40986,0,0.33,0.18257,0.15212
661.32,-722.65,30.764,1.3154,-3.0852,0.0064558,0.00012935,18.042,-41.677,5.4777,2.3229,0.5299,0,0.33,0.18257,0.15614
550.33,-625.39,30.703,1.1319,-2.9891,0.0061506,8.5615e-05,13.427,-38.974,2.1096,6.4474,-0.75403,0,0.33,0.1905,0.16017
635.74,-712.61,30.686,1.1532,-3.0964,0.0062799,0.00010582,15.726,-39.364,4.763,3.0242,-0.38822,0,0.33,0.19062,0.15654
581.25,-639.29,30.779,1.2901,-2.9778,0.0062946,0.00010326,15.455,-41.347,3.169,5.3656,0.47024,0,0.33,0.18256,0.16016
718.55,-786.55,30.673,1.1749,-3.2067,0.0064319,0.00013139,18.194,-39.502,5.7007,0.95937,-0.18781,0,0.33,0.19065,0.15242
578.32,-633.92,30.855,1.4373,-2.9593,0.0064944,0.00012629,17.983,-43.716,4.1655,4.6476,-0.6551,0,0.33,0.17454,0.16025
646.6,-745.57,30.604,1.0027,-3.2011,0.0062664,0.00010677,15.905,-36.892,1.6465,1.3821,-2.1483,0,0.33,0.1986,0.15259
542.98,-648.76,30.618,0.98938,-3.0914,0.0061388,8.7808e-05,13.62,-36.676,0.11472,4.1968,-2.372,0,0.33,0.19845,0.15622
459.02,-567.2,30.648,0.9876,-2.9885,0.0060333,7.2203e-05,11.616,-36.568,-2.0237,7.4585,-2.654,0,0.33,0.19839,0.16011
-2.0575e+05,-68510,0.62843,1.7727,5.1174,9.7557,0.0026,2934.5,-38.914,140.58,-12.814,1960.8,0,0.33,0.0075816,0.1641
-4.3833e+05,-1.0674e+05,1.117,1.0101,6.4787,9.3469,0.00072871,3593.1,-38.255,650.17,-35.708,3867,0,0.33,0,0.16409
-38550,-4711.3,16.132,5.5242,-2.7053,25.987,0.011642,2225,-62.498,63.055,756.33,-548.97,0,0.33,0.055106,0.16434
-32635,-3614.2,20.432,5.0766,-2.628,22.517,0.011329,1977.1,-64.434,81.771,675.59,-485.17,0,0.33,0.063031,0.16438
1.466e+05,-17026,19.31,1.5862,2.7143,3.8309,0.00085698,2063.5,-20.674,249.86,1236,640.42,0,0.33,0.0075008,0.18823
98749,-10698,23.469,1.2533,2.8722,2.2936,0.00073258,1495.7,-21.562,252.06,860.11,403.77,0,0.33,0.0075165,0.19224
1.9102e+05,-33.647,23.333,0.79114,2.9203,1.258,0.00028121,1316.7,-20.966,442.84,919.6,884.01,0,0.33,0,0.19222
2.9387e+05,-4775.7,18.828,1.0567,2.8096,2.3098,0.00034427,1783.2,-19.886,431.62,1337.6,1444.4,0,0.33,0,0.18821
-4180.5,-4680.8,29.574,3.4378,0.28154,1.6449,0.0025484,608.64,-44.618,16.366,202.7,-103.04,0,0.33,0.055054,0.18839
1590.3,-3023.3,30.637,3.1087,0.041336,0.38552,0.0013086,259.47,-45.283,3.6002,68.142,-36.4,0,0.33,0.062983,0.19243
-970.97,-3348.4,30.33,3.3145,-0.091248,0.81444,0.0019293,393.03,-47.126,8.9612,117.66,-63.366,0,0.33,0.06299,0.18843
-126.63,-3935.5,30.158,3.1957,0.43326,0.80324,0.0018027,403.98,-42.864,6.6346,124.78,-62.967,0,0.33,0.055045,0.1924
-23955,-2143.8,24.12,4.569,-2.477,16.512,0.0098623,1646.3,-65.499,79.545,557.51,-399.39,0,0.33,0.07104,0.1644
760.72,-1014.7,31.264,2.5937,-2.4495,0.090813,0.00088382,93.557,-59.282,3.0758,16.684,-8.6405,0,0.33,0.11859,0.16469
849.59,-1019,31.235,2.3935,-2.5219,0.032874,0.00051418,59.593,-57.163,3.8864,7.9602,-1.6096,0,0.33,0.12662,0.16464
1210.8,-2520.9,30.78,3.17,-0.43388,0.36481,0.0013708,243.96,-49.008,2.9539,61.446,-34.766,0,0.33,0.071027,0.18846
1998.2,-2351.9,30.916,2.9971,-0.31556,0.17122,0.00087969,165.42,-47.158,0.22383,34.126,-19.033,0,0.33,0.071024,0.19247
657.59,-834.13,31.254,2.2706,-1.7109,0.0081489,0.00012968,28.62,-49.862,0.93952,8.0034,1.6361,0,0.33,0.11861,0.18871
629.7,-790.77,31.213,2.0409,-1.7269,0.0070203,9.2992e-05,22.066,-47.614,2.3976,7.7181,1.0893,0,0.33,0.12677,0.19245
600.22,-740.96,31.207,2.1034,-1.8267,0.0073056,0.00011149,24.059,-48.782,0.33108,8.6769,1.5426,0,0.33,0.12677,0.18845
688.56,-883.83,31.255,2.2069,-1.6025,0.0075468,0.00010476,25.877,-48.591,4.3334,6.6337,1.2716,0,0.33,0.11861,0.19271
660.76,-779.14,31.088,1.9929,-2.5356,0.0082555,0.00019741,29.199,-51.463,-0.76825,4.9996,-0.45633,0,0.33,0.14266,0.16855
746.39,-863.74,31.095,2.0287,-2.6513,0.0094949,0.00024207,33.362,-52.578,1.7009,3.4816,-0.34431,0,0.33,0.14265,0.16452
762.77,-892.25,31.154,2.1597,-2.4652,0.011024,0.00025497,36.348,-53.569,1.5177,4.6233,1.225,0,0.33,0.13471,0.16849
821.33,-955.44,31.166,2.202,-2.587,0.014986,0.00032843,42.758,-54.88,3.3693,4.3226,0.4341,0,0.33,0.13471,0.1645
499.61,-559,30.875,1.416,-2.8578,0.0063318,0.00010157,15.477,-43.229,1.2483,7.5958,-0.89404,0,0.33,0.17454,0.16427
438.41,-502.2,30.905,1.4041,-2.7596,0.0062058,8.3089e-05,13.447,-42.725,-0.6816,10.082,-1.2562,0,0.33,0.17455,0.16831
511.39,-564.28,30.806,1.2765,-2.8772,0.0061668,8.3488e-05,13.266,-40.995,0.71578,8.5225,0.1583,0,0.33,0.18256,0.16417
462.86,-521.22,30.843,1.2703,-2.7805,0.0060683,6.8656e-05,11.536,-40.637,-0.55515,10.709,-0.26745,0,0.33,0.18256,0.16818
482.85,-545.72,30.738,1.1271,-2.89,0.0060488,7.1056e-05,11.547,-38.768,0.13615,9.4882,-1.1895,0,0.33,0.19049,0.16421
432.98,-501.42,30.78,1.1232,-2.7961,0.0059709,6.0242e-05,10.081,-38.468,-0.51207,11.304,-1.5385,0,0.33,0.19045,0.16807
353.73,-482.18,31.144,1.8528,-2.0341,0.0065647,9.3576e-05,17.402,-46.367,-2.6645,9.3483,-2.9624,0,0.33,0.14267,0.18856
366.53,-493.95,31.126,1.8813,-2.125,0.0067065,0.00010612,18.905,-47.32,-4.974,9.7563,-2.7145,0,0.33,0.14267,0.18456
425.38,-550.55,31.167,1.9709,-1.9372,0.0068638,0.00010641,20.525,-47.67,-1.7664,9.2523,-0.49169,0,0.33,0.13473,0.18851
450.28,-579.98,31.155,2.0097,-2.0306,0.007091,0.00012163,22.402,-48.768,-3.1531,9.1822,-0.059332,0,0.33,0.13473,0.18451
426.82,-554.12,31.179,1.9187,-1.8504,0.0066929,9.2302e-05,18.888,-46.615,0.56535,8.5186,-0.79516,0,0.33,0.13473,0.1925
381.9,-468.77,31.071,1.3424,-2.2939,0.0058682,4.5796e-05,7.9787,-40.304,5.8535,6.4473,-1.2596,0,0.33,0.17457,0.18862
477.67,-576.52,31.023,1.1991,-2.2951,0.0058018,3.9403e-05,6.995,-38.713,6.433,6.2876,-0.70205,0,0.33,0.18255,0.18825
377.71,-459.47,31.05,1.3678,-2.3875,0.0059157,4.9597e-05,8.773,-40.776,3.0528,8.0745,-1.4698,0,0.33,0.17457,0.18461
461.61,-549.76,31.001,1.2299,-2.3966,0.0058411,4.262e-05,7.6895,-39.094,4.5337,7.7081,-0.70849,0,0.33,0.18256,0.18422
352.25,-464.45,31.001,1.0086,-2.2482,0.0057174,4.3898e-05,5.3356,-36.759,-1.1976,7.4062,-1.4622,0,0.33,0.19044,0.19207
395.54,-498.45,30.977,1.0419,-2.3364,0.0057512,4.2302e-05,6.111,-37.065,2.9229,6.8449,-1.4333,0,0.33,0.19044,0.18807
461.19,-568.77,31.043,1.1648,-2.192,0.0057642,3.7749e-05,6.2039,-38.362,5.7384,6.4895,-0.72258,0,0.33,0.18255,0.19238
402.16,-496.94,30.951,1.0759,-2.428,0.0057865,4.331e-05,6.8,-37.368,3.3727,7.8009,-1.444,0,0.33,0.19044,0.18407
397.72,-495.46,30.69,0.99178,-2.8918,0.0059506,6.149e-05,9.9867,-36.486,-3.1522,10.09,-2.9039,0,0.33,0.19839,0.16413
352.24,-447.31,30.739,0.99662,-2.8012,0.0058871,5.4408e-05,8.7235,-36.368,-3.0884,11.521,-3.0031,0,0.33,0.19839,0.16813
263.33,-347.56,30.913,0.96671,-2.4634,0.0057319,4.7946e-05,5.7321,-35.643,1.486,7.7174,-2.33,0,0.33,0.19838,0.1841
231.92,-309.7,30.942,0.94295,-2.3878,0.0057002,4.9755e-05,5.0429,-35.42,1.2526,7.2671,-2.1736,0,0.33,0.19838,0.18809
189.29,-256.54,30.97,0.92142,-2.3187,0.0056708,5.3064e-05,4.339,-35.183,-0.81863,8.0174,-2.0115,0,0.33,0.19838,0.19208
10793,-5417.4,-0.40963,4.0215,1.604,13.644,0.0085059,1614.6,-58.035,-362.48,53.377,-72.767,0,0.33,0.023495,0.15611
8319.8,-2458.7,-0.7091,3.763,2.221,15.014,0.0099078,1526.3,-64.282,-381.95,26.193,-44.054,0,0.33,0.023511,0.15209
13083,1988.3,0.51421,5.0273,-0.62527,14.698,0.0093046,1585.3,-62.384,-309.4,173.2,-216.85,0,0.33,0.031416,0.15615
7657.9,5114.6,-0.12497,4.7573,-0.18577,15.501,0.010728,1450.5,-68.349,-346.57,104.16,-161.39,0,0.33,0.031429,0.15214
14329,7937,1.5848,5.5005,-2.1553,17.42,0.011151,1564.8,-71.789,-266.31,243.67,-312.42,0,0.33,0.039331,0.15219
23591,4079.9,2.7969,5.7032,-2.3187,17.918,0.01011,1757.2,-66.203,-211.37,350.77,-380.87,0,0.33,0.03932,0.15621
-15242,1092.7,26.564,3.9522,-3.0573,12.032,0.009283,1261.2,-71.44,63.092,392.01,-328.19,0,0.33,0.086914,0.15653
-17403,2045.3,25.018,4.0741,-3.5161,15.979,0.011232,1398.4,-74.72,67.681,425.31,-380.57,0,0.33,0.086911,0.15252
-9251.2,968.75,28.791,3.525,-2.8442,6.3559,0.0067028,902.76,-69.947,43.944,270.46,-226.61,0,0.33,0.094831,0.15659
-11526,1986.9,27.7,3.6166,-3.2073,9.3575,0.0084575,1068.4,-72.917,52.698,319.04,-283.15,0,0.33,0.094833,0.15259
-6637.5,1281.8,29.517,3.2471,-3.0019,4.5417,0.005882,728.95,-70.605,33.463,206.55,-183.98,0,0.33,0.10275,0.15264
-4724.6,370.12,30.17,3.1832,-2.7327,2.7898,0.0045218,573.75,-67.963,24.95,159.95,-135.07,0,0.33,0.10275,0.15664
784.3,-862.96,31.052,1.9495,-2.9491,0.0099522,0.00026995,35.42,-52.172,5.1482,2.2714,-1.9271,0,0.33,0.15056,0.15643
757.34,-824.2,31.059,1.9959,-3.0667,0.012586,0.0003044,40.567,-53.153,3.5727,3.8179,-2.7059,0,0.33,0.15055,0.15231
632.24,-727.88,30.98,1.7385,-2.8863,0.0073217,0.0001912,25.439,-48.695,3.9593,3.2281,-2.0599,0,0.33,0.15856,0.1606
695.92,-783.88,30.984,1.7842,-2.9995,0.0078568,0.00022992,28.965,-49.475,6.2147,2.0412,-2.1375,0,0.33,0.15856,0.1565
744.5,-838.87,31.04,1.8989,-2.8318,0.0085092,0.00023241,30.953,-51.166,3.7743,2.5536,-1.5125,0,0.33,0.15058,0.16048
715.52,-791.57,30.988,1.8316,-3.1148,0.0086931,0.0002573,32.647,-50.259,5.4838,2.6513,-2.4949,0,0.33,0.15856,0.15244
698.98,-769.67,30.92,1.6753,-3.1515,0.0074383,0.00022839,27.417,-47.498,6.8035,2.1523,-2.2202,0,0.33,0.16659,0.1523
659.19,-731.88,30.917,1.6285,-3.0391,0.0070788,0.00019181,24.328,-46.818,6.827,2.2659,-1.9634,0,0.33,0.16659,0.15623
586.68,-660.87,30.92,1.5883,-2.9302,0.0067943,0.00015522,21.22,-46.198,4.3271,4.0511,-1.9322,0,0.33,0.16659,0.16029
199.49,-307.84,29.74,-2.0484,-0.054644,0.0057249,6.6488e-05,7.1484,-1.6545,2.3941,2.6403,-4.8787,0,0.33,0.39039,0.0039914
219.46,-323.32,29.758,-2.0502,-0.11162,0.0057187,6.3924e-05,7.044,-1.6915,1.4065,3.3512,-4.6404,0,0.33,0.39039,0.0079758
160.73,-245.9,29.824,-1.9352,-0.042132,0.0056612,6.0462e-05,5.4327,-3.005,1.4865,2.1228,-3.44,0,0.33,0.39832,0.0039915
170.39,-246.28,29.856,-1.9091,-0.09876,0.005648,5.9216e-05,5.0986,-3.3592,0.50833,2.4137,-3.0335,0,0.33,0.39832,0.007976
219.37,-305.95,29.808,-1.9912,-0.39144,0.0056782,5.6536e-05,6.0799,-2.3913,6.5693,3.6785,-4.2117,0,0.33,0.3904,0.027913
206.99,-288.57,29.834,-2.0005,-0.44611,0.0056631,5.5276e-05,5.7001,-2.6218,8.4219,4.5905,-3.8623,0,0.33,0.3904,0.031901
217.68,-320.82,29.79,-1.9986,-0.33361,0.0056904,5.8676e-05,6.3952,-2.1881,2.7841,2.2211,-4.5373,0,0.33,0.39039,0.023926
167.92,-240.81,29.885,-1.8628,-0.29475,0.0056287,5.7992e-05,4.6251,-3.7822,1.2881,1.9252,-2.8751,0,0.33,0.39833,0.023926
176.94,-241.23,29.884,-1.8766,-0.35572,0.0056291,5.6738e-05,4.6562,-3.6505,4.4038,3.2022,-2.9356,0,0.33,0.39833,0.027913
160.05,-219.26,29.922,-1.8638,-0.39354,0.0056114,5.8241e-05,4.171,-4.1524,5.2907,3.7972,-2.4099,0,0.33,0.39833,0.031901
216.15,-308.5,29.862,-1.9981,-0.49872,0.005651,5.3228e-05,5.4292,-2.8585,4.7691,3.9998,-3.6367,0,0.33,0.3904,0.035889
233.63,-334.95,29.885,-1.9694,-0.54835,0.0056424,5.0874e-05,5.2453,-3.1246,1.8509,3.1041,-3.5509,0,0.33,0.3904,0.039877
167.64,-236.27,29.932,-1.8928,-0.44266,0.0056086,5.6674e-05,4.1466,-4.0666,3.3466,3.7907,-2.3589,0,0.33,0.39833,0.035889
169.47,-239.69,29.967,-1.8407,-0.48212,0.0055973,5.67e-05,3.8477,-4.5791,0.43094,2.9056,-2.0505,0,0.33,0.39834,0.039878
229.31,-278.93,30.018,-1.8468,-0.79668,0.0055859,5.0022e-05,3.6756,-4.8034,9.2607,4.9075,-1.6854,0,0.33,0.39039,0.060056
219.51,-273.14,30.052,-1.8346,-0.84199,0.0055764,5.0564e-05,3.4204,-5.1915,8.6675,4.5915,-1.4021,0,0.33,0.3904,0.064061
235.51,-299.8,29.984,-1.8623,-0.74742,0.0055977,4.9177e-05,4.0202,-4.428,7.7119,4.8055,-2.0779,0,0.33,0.3904,0.056018
171.33,-217.99,30.046,-1.7378,-0.6544,0.005569,5.8036e-05,3.0838,-5.6863,4.5343,3.7628,-0.84796,0,0.33,0.39834,0.056014
176.44,-211.46,30.065,-1.7435,-0.71295,0.0055647,5.7657e-05,2.971,-5.7779,6.8385,4.343,-0.67275,0,0.33,0.39834,0.06004
159.88,-196.5,30.103,-1.7148,-0.73604,0.0055542,6.001e-05,2.6791,-6.3431,6.0189,4.1381,-0.20163,0,0.33,0.39834,0.06404
233.94,-304.75,30.084,-1.8085,-0.88191,0.0055688,4.8926e-05,3.2422,-5.5841,5.2628,3.8116,-1.3097,0,0.33,0.39041,0.06807
249.74,-330.12,30.113,-1.7636,-0.91928,0.0055627,4.7251e-05,3.0876,-5.9975,3.4571,3.0209,-1.2942,0,0.33,0.39043,0.072149
177.88,-229.97,30.125,-1.7204,-0.7842,0.0055514,5.682e-05,2.6519,-6.4718,3.895,3.8223,-0.11409,0,0.33,0.39835,0.068047
179.8,-236.15,30.159,-1.6571,-0.80181,0.0055445,5.6846e-05,2.4651,-7.0261,1.6867,3.1014,0.11802,0,0.33,0.39836,0.072079
201.12,-242.69,30.252,-1.5926,-1.1023,0.0055313,5.2436e-05,2.1256,-8.129,9.9379,2.396,-1.0714,0,0.33,0.39044,0.092204
181.71,-230.69,30.276,-1.5683,-1.1341,0.0055269,5.374e-05,2.0088,-8.5658,9.3638,1.2764,-1.405,0,0.33,0.39041,0.096455
221.12,-263.2,30.223,-1.6179,-1.0665,0.0055367,5.0745e-05,2.2856,-7.6934,9.2753,3.2687,-0.88447,0,0.33,0.39045,0.088157
167.68,-194.11,30.255,-1.514,-0.92353,0.0055262,6.0302e-05,1.9402,-8.476,7.3233,3.3051,0.62426,0,0.33,0.39836,0.087997
163.04,-186.13,30.279,-1.5085,-0.97708,0.0055236,6.0015e-05,1.8722,-8.7146,9.6048,3.123,0.18337,0,0.33,0.39837,0.092004
145.43,-170.52,30.309,-1.4758,-0.97816,0.0055185,6.2564e-05,1.7335,-9.2283,9.0644,2.7847,0.29968,0,0.33,0.39837,0.096061
187.54,-249.28,30.296,-1.5357,-1.1596,0.005523,5.2717e-05,1.9119,-8.9864,7.0958,0.34184,-1.928,0,0.33,0.39041,0.10047
188.01,-256.51,30.312,-1.4941,-1.1816,0.0055195,5.2218e-05,1.8117,-9.3992,6.1004,-0.16389,-2.526,0,0.33,0.39043,0.10427
164.55,-207.59,30.329,-1.4704,-1.0236,0.0055169,5.8235e-05,1.7178,-9.4755,7.9053,2.0966,-0.45682,0,0.33,0.39837,0.10006
164.54,-210.17,30.356,-1.416,-1.0168,0.0055133,5.8501e-05,1.6173,-9.9523,6.7104,1.835,-0.56826,0,0.33,0.39837,0.10398
105.82,-142.66,30.387,-1.3423,-1.2672,0.0055018,6.7925e-05,1.2729,-11.386,7.1429,-0.23444,-2.203,0,0.33,0.39044,0.12396
119.57,-164.97,30.403,-1.3107,-1.2782,0.0054997,6.5063e-05,1.2406,-11.784,3.1486,0.7323,-1.3132,0,0.33,0.39044,0.12813
109,-145.92,30.374,-1.3664,-1.2528,0.0055047,6.6424e-05,1.3455,-10.988,8.816,-0.43947,-2.6811,0,0.33,0.39044,0.11994
118.92,-149.68,30.426,-1.2939,-1.0906,0.0055022,6.4587e-05,1.2886,-11.387,10.042,-0.01049,-1.8175,0,0.33,0.39838,0.1199
110.85,-144.5,30.431,-1.2858,-1.1363,0.0054999,6.5145e-05,1.2312,-11.672,10.344,-0.47444,-2.6803,0,0.33,0.39838,0.12392
121.27,-165.55,30.451,-1.2501,-1.1235,0.0054974,6.3808e-05,1.1799,-12.101,7.4101,0.34936,-1.8776,0,0.33,0.39838,0.12809
149.75,-199.5,30.425,-1.2595,-1.2821,0.0054981,6.0119e-05,1.217,-12.161,-1.6872,1.6548,-0.63737,0,0.33,0.39043,0.13243
154.39,-203.3,30.448,-1.1953,-1.2823,0.0054965,5.9951e-05,1.1729,-12.525,-3.6225,1.7368,-0.48288,0,0.33,0.3904,0.13663
160.36,-219.42,30.459,-1.2257,-1.1593,0.0054961,5.7489e-05,1.1744,-12.375,3.3231,1.2606,-1.9867,0,0.33,0.39837,0.13239
165.36,-224.98,30.488,-1.1565,-1.1372,0.0054944,5.7093e-05,1.1291,-12.754,1.6477,1.5313,-1.8028,0,0.33,0.39835,0.1366
562.75,-673.8,31.037,1.8297,-2.6072,0.0072276,0.00015939,23.942,-49.284,-2.1475,6.3182,-2.1662,0,0.33,0.1506,0.1686
656.76,-761.67,31.034,1.8588,-2.7169,0.0077018,0.00019188,27.114,-50.214,0.53398,4.158,-1.6134,0,0.33,0.15059,0.16457
544.41,-647.75,30.982,1.7033,-2.7784,0.0069671,0.00015634,22.268,-47.879,0.42419,5.4798,-2.3884,0,0.33,0.15858,0.16452
460.4,-571.95,30.995,1.6802,-2.6743,0.0067218,0.0001296,19.608,-47.092,-2.2724,7.9723,-2.989,0,0.33,0.15859,0.16849
688.82,-816.02,31.145,2.1205,-2.3482,0.0090536,0.00020161,31.615,-52.298,0.22768,5.6942,1.2822,0,0.33,0.13472,0.17248
576.61,-698.72,31.088,1.9619,-2.4251,0.0075775,0.00016421,25.903,-50.379,-2.2444,6.8129,-1.0125,0,0.33,0.14266,0.17256
608.51,-735.08,31.142,2.0812,-2.2365,0.0080216,0.0001657,27.896,-51.071,-0.87916,7.0382,0.94046,0,0.33,0.13472,0.17648
494.29,-619.08,31.095,1.932,-2.3196,0.0071667,0.00013945,23.137,-49.325,-3.4161,8.4029,-1.6992,0,0.33,0.14266,0.17655
482.82,-601.07,31.048,1.8061,-2.5023,0.006924,0.00013419,21.33,-48.372,-3.7052,8.3532,-2.96,0,0.33,0.1506,0.1726
343.02,-463.9,31.047,1.6477,-2.4784,0.0063984,9.2817e-05,15.552,-45.605,-4.6289,10.747,-4.1431,0,0.33,0.15861,0.17644
394.02,-511.67,31.019,1.664,-2.5736,0.0065394,0.00010868,17.399,-46.372,-3.7022,9.8865,-3.6762,0,0.33,0.15859,0.17261
412.23,-534.87,31.067,1.7849,-2.4016,0.0067076,0.00011463,19.093,-47.483,-4.979,9.7267,-3.6652,0,0.33,0.15061,0.1766
503.47,-584.95,30.932,1.5598,-2.8262,0.0065762,0.00012584,18.42,-45.551,0.9837,6.7055,-2.2243,0,0.33,0.16659,0.16431
431.33,-519.8,30.956,1.5439,-2.7247,0.0064098,0.00010328,16.094,-44.961,-1.5354,9.2932,-2.6468,0,0.33,0.1666,0.16857
396.83,-463.86,30.945,1.398,-2.6645,0.0061057,6.9821e-05,11.816,-42.263,-1.2612,11.45,-1.5303,0,0.33,0.17456,0.17251
435.37,-498.44,30.887,1.2658,-2.6851,0.0059902,5.8309e-05,10.167,-40.258,-0.66252,11.75,-0.5424,0,0.33,0.18256,0.17219
391.21,-469.74,30.876,1.1143,-2.6121,0.0058598,4.8457e-05,8.0527,-37.949,0.40301,11.314,-1.5663,0,0.33,0.19044,0.17608
403.59,-478.08,30.829,1.1207,-2.7031,0.0059087,5.2913e-05,8.9315,-38.22,-0.48098,11.996,-1.6299,0,0.33,0.19045,0.17208
426.12,-494.85,30.931,1.2602,-2.5907,0.0059288,5.14e-05,9.1065,-39.87,0.12616,11.307,-0.68193,0,0.33,0.18256,0.17619
373.69,-446.19,30.984,1.3911,-2.5718,0.0060269,6.0543e-05,10.523,-41.749,-0.98305,11.306,-1.6597,0,0.33,0.17457,0.17654
375.79,-468.5,30.988,1.5316,-2.628,0.0062794,8.6498e-05,14.187,-44.326,-2.8621,10.949,-3.0372,0,0.33,0.1666,0.17266
337.94,-434.73,31.023,1.5216,-2.5351,0.0061766,7.4429e-05,12.646,-43.697,-3.334,11.241,-3.2406,0,0.33,0.16661,0.17666
416.91,-542.79,31.109,1.9049,-2.2199,0.0068949,0.00012076,20.784,-48.306,-4.8118,9.45,-2.2688,0,0.33,0.14266,0.18055
520.41,-649.55,31.146,2.044,-2.1306,0.0074401,0.00014027,24.839,-49.896,-2.4028,8.3127,0.45298,0,0.33,0.13472,0.1805
372.09,-515.04,31.133,1.7233,-2.1176,0.0063231,7.4664e-05,14.532,-44.931,-2.4738,8.8381,-4.2067,0,0.33,0.15064,0.18855
347.19,-482.6,31.112,1.7492,-2.2122,0.0064251,8.6386e-05,15.764,-45.752,-5.1477,9.7309,-4.3094,0,0.33,0.15064,0.18453
359.88,-500.98,31.123,1.586,-2.2022,0.0061248,6.0642e-05,11.882,-43.452,-0.72629,7.9011,-4.0276,0,0.33,0.15862,0.1885
329.66,-462.16,31.102,1.6159,-2.2954,0.0062023,6.9954e-05,12.926,-44.155,-3.1474,9.2514,-4.3413,0,0.33,0.15863,0.18439
359.3,-486.27,31.09,1.7671,-2.3058,0.0065463,9.9336e-05,17.221,-46.622,-5.9367,10.145,-4.1051,0,0.33,0.15062,0.18061
317.48,-441.6,31.076,1.6337,-2.3866,0.0062885,8.0532e-05,14.067,-44.883,-4.7845,10.415,-4.3404,0,0.33,0.15862,0.1804
436.72,-514.75,30.97,1.2495,-2.495,0.0058811,4.6537e-05,8.3243,-39.482,1.939,9.6963,-0.72391,0,0.33,0.18256,0.1802
369.29,-446.63,31.021,1.3828,-2.4799,0.0059656,5.4261e-05,9.5444,-41.262,0.36194,9.9966,-1.5987,0,0.33,0.17457,0.1806
393.52,-480.83,30.918,1.1005,-2.5202,0.005821,4.5412e-05,7.3912,-37.665,1.9141,9.5918,-1.4978,0,0.33,0.19044,0.18007
326.81,-429.47,31.084,1.4951,-2.3564,0.006032,5.9156e-05,10.516,-42.493,-0.54826,8.6756,-3.0952,0,0.33,0.16661,0.18464
331.11,-437.06,31.103,1.4667,-2.268,0.0059718,5.3544e-05,9.5917,-41.857,1.6887,7.1334,-2.7752,0,0.33,0.16659,0.18851
322.05,-421.16,31.056,1.5111,-2.4453,0.0060966,6.5888e-05,11.45,-43.086,-2.6829,10.329,-3.2262,0,0.33,0.16661,0.18064
319.79,-414.94,30.79,0.99858,-2.7128,0.0058367,5.0188e-05,7.7338,-36.222,-2.4887,11.731,-2.9143,0,0.33,0.19839,0.17212
299,-390.89,30.838,0.99536,-2.6275,0.0057965,4.8254e-05,6.9644,-36.046,-1.1985,10.77,-2.7032,0,0.33,0.19838,0.17612
282.94,-372.91,30.88,0.9851,-2.5439,0.0057631,4.7538e-05,6.341,-35.853,0.28965,9.1351,-2.495,0,0.33,0.19838,0.18011
1.13e+05,-4251.7,26.255,0.57579,2.8768,0.69399,0.00023854,981.78,-22.07,413.08,565.7,510.56,0,0.33,0,0.19624
61009,-9632.1,26.237,0.97932,2.8708,1.3226,0.00062519,1064.3,-22.48,238.3,546.78,239.58,0,0.33,0.0075156,0.19625
2013.5,-3449.4,30.506,2.9735,0.53227,0.38337,0.001127,267.41,-41.394,3.9502,71.418,-35.778,0,0.33,0.055037,0.1964
2340.9,-2812,30.804,2.9086,0.13542,0.18128,0.00076652,175.57,-43.707,2.1284,36.138,-19.407,0,0.33,0.062977,0.19644
1828.6,-2191.6,30.978,2.827,-0.22536,0.081813,0.00050163,118.03,-45.533,-1.5283,17.628,-10.174,0,0.33,0.071024,0.19648
672.44,-882.36,31.248,2.1235,-1.49,0.0071994,8.7191e-05,23.58,-47.379,5.9311,4.5034,0.81466,0,0.33,0.11862,0.19673
599.84,-773.28,31.214,1.9635,-1.625,0.0068209,7.9767e-05,20.145,-46.465,-0.38487,6.3507,0.55471,0,0.33,0.12676,0.19645
400.65,-526.82,31.187,1.855,-1.7676,0.0065477,8.0414e-05,17.134,-45.578,-0.6352,7.6694,-1.1195,0,0.33,0.13473,0.19649
395,-481.44,31.066,1.1369,-2.0893,0.0057356,3.9426e-05,5.4886,-37.987,2.4629,7.3556,-0.91827,0,0.33,0.18254,0.19642
268.88,-355.91,31.03,0.99128,-2.1649,0.005691,4.7606e-05,4.6537,-36.436,-8.4385,8.1225,-1.4783,0,0.33,0.19044,0.19607
151.84,-201.4,31.002,0.90844,-2.2565,0.0056482,5.7348e-05,3.7771,-34.923,-3.7761,8.2806,-1.8336,0,0.33,0.19838,0.19608
208.26,-315.53,29.771,-2.0444,-0.17094,0.0057106,6.3181e-05,6.8489,-1.7792,-0.31999,0.87782,-4.7994,0,0.33,0.39039,0.011963
202.96,-313.31,29.772,-2.0284,-0.2231,0.0057039,6.2227e-05,6.6975,-1.8982,-0.01714,-0.38803,-4.7426,0,0.33,0.39039,0.01595
167.39,-249.79,29.854,-1.9312,-0.15966,0.0056522,5.9061e-05,5.2386,-3.1113,-0.74846,1.0191,-3.3035,0,0.33,0.39832,0.011963
154.96,-237.07,29.87,-1.8924,-0.19833,0.0056386,5.9364e-05,4.8699,-3.5369,-0.75995,0.18184,-3.0045,0,0.33,0.39833,0.01595
212.67,-320.32,29.777,-2.0144,-0.28001,0.005698,6.0428e-05,6.5819,-2.0278,1.4674,0.86721,-4.5107,0,0.33,0.39039,0.019938
167.12,-252.01,29.857,-1.9025,-0.24527,0.0056423,5.792e-05,5.0084,-3.3346,0.15311,0.74844,-3.088,0,0.33,0.39832,0.019938
233.29,-331.6,29.907,-1.9391,-0.60027,0.0056326,5.0233e-05,4.9977,-3.4202,2.4663,2.3584,-3.4727,0,0.33,0.39041,0.043868
230.05,-323.2,29.927,-1.9105,-0.64884,0.0056217,4.9825e-05,4.7065,-3.7412,3.9845,2.5574,-3.0061,0,0.33,0.39041,0.04788
176.95,-252.46,29.974,-1.8338,-0.53958,0.0055974,5.5058e-05,3.8936,-4.5556,-0.0011487,2.0291,-2.2311,0,0.33,0.39834,0.043871
166.34,-234.71,30.002,-1.7844,-0.5695,0.0055846,5.6883e-05,3.526,-5.1013,1.1731,2.0514,-1.6046,0,0.33,0.39834,0.047889
236.11,-315.8,29.952,-1.8839,-0.69877,0.0056101,4.905e-05,4.3866,-4.0756,5.8353,3.9027,-2.3951,0,0.33,0.39041,0.051936
180.61,-244.08,30.008,-1.7804,-0.62039,0.0055818,5.5299e-05,3.4743,-5.1332,3.2179,3.0531,-1.2615,0,0.33,0.39834,0.051939
242.47,-319.82,30.14,-1.7191,-0.95827,0.0055561,4.7861e-05,2.8944,-6.424,4.3604,2.4712,-1.3562,0,0.33,0.39044,0.076263
234.64,-302.79,30.165,-1.6796,-0.99467,0.0055493,4.8721e-05,2.6838,-6.8521,6.0105,2.5679,-1.1815,0,0.33,0.39045,0.080327
192.09,-254.24,30.178,-1.6319,-0.85343,0.0055431,5.4275e-05,2.4554,-7.2029,1.8789,2.4159,-0.067086,0,0.33,0.39836,0.076098
176.75,-227.28,30.205,-1.5755,-0.86427,0.0055356,5.7228e-05,2.2234,-7.7476,3.2439,2.4389,0.36095,0,0.33,0.39837,0.080073
230.05,-283.54,30.193,-1.6453,-1.0311,0.0055428,4.9564e-05,2.478,-7.2729,7.8926,3.2215,-0.90151,0,0.33,0.39045,0.084272
186.5,-229.16,30.222,-1.5583,-0.91292,0.0055329,5.6068e-05,2.1511,-7.9523,5.9179,2.9923,0.44748,0,0.33,0.39837,0.084042
167.66,-232.22,30.327,-1.4551,-1.2027,0.0055158,5.4479e-05,1.6951,-9.8023,6.8654,-0.20194,-3.0036,0,0.33,0.39044,0.10813
146.7,-201.64,30.343,-1.4206,-1.2211,0.0055119,5.7737e-05,1.5713,-10.201,7.7588,0.0010198,-3.0692,0,0.33,0.39044,0.11205
165.57,-217.72,30.371,-1.3921,-1.0628,0.0055121,5.6259e-05,1.5933,-10.206,7.5896,1.0169,-1.783,0,0.33,0.39837,0.10795
147.55,-188.18,30.395,-1.3466,-1.0538,0.0055081,5.9757e-05,1.4685,-10.668,8.2331,0.92419,-1.3391,0,0.33,0.39838,0.11192
124.23,-170.6,30.359,-1.3905,-1.2377,0.0055082,6.2146e-05,1.452,-10.596,8.6929,-0.1025,-2.9604,0,0.33,0.39044,0.116
136.26,-175.72,30.404,-1.3311,-1.0985,0.0055059,6.0265e-05,1.4014,-10.935,9.945,0.30052,-2.1696,0,0.33,0.39838,0.11591
128.29,-170.99,30.469,-1.135,-1.2839,0.0054944,6.6361e-05,1.1018,-12.882,-2.532,1.5745,-0.38207,0,0.33,0.39039,0.1407
104.23,-134.77,30.49,-1.0873,-1.2846,0.0054921,7.548e-05,1.0209,-13.226,-0.48156,1.8346,-0.10713,0,0.33,0.39035,0.14477
158.11,-220.05,30.501,-1.1038,-1.1678,0.0054932,5.7317e-05,1.0971,-13.029,1.5069,1.4008,-2.2568,0,0.33,0.39835,0.14067
129.65,-178.03,30.525,-1.052,-1.1463,0.0054907,6.3238e-05,1.0122,-13.379,3.4929,1.4942,-1.9853,0,0.33,0.39836,0.14466
78.391,-102.32,30.511,-1.05,-1.2862,0.0054897,8.8149e-05,0.94502,-13.565,1.6426,1.9707,0.21356,0,0.33,0.39028,0.14887
102.68,-143.33,30.536,-1.0181,-1.1757,0.0054887,6.8999e-05,0.9438,-13.655,5.692,1.5841,-2.0954,0,0.33,0.39835,0.14868
116.35,-190.35,29.972,-1.7205,-0.083129,0.005584,6.2361e-05,3.3129,-5.6423,0.1275,1.2121,-4.3315,0,0.33,0.41429,0.0079773
60.577,-110.82,30.264,-1.4067,-0.11708,0.0055172,8.0543e-05,1.527,-8.8202,-0.5157,0.38309,-4.8253,0,0.33,0.44184,0.015951
75.099,-140.61,30.156,-1.5129,-0.13088,0.0055332,7.137e-05,1.9416,-7.7691,-0.42343,0.42823,-5.962,0,0.33,0.43037,0.015951
117.42,-191.77,29.984,-1.7061,-0.16852,0.0055795,6.2027e-05,3.2128,-5.7678,-0.24911,0.68928,-4.1572,0,0.33,0.41429,0.015951
110.97,-170.38,30.025,-1.6834,-0.33181,0.0055636,6.4585e-05,2.7933,-6.2515,3.9064,2.7605,-3.6405,0,0.33,0.41429,0.031908
115.94,-182.65,29.995,-1.6808,-0.25036,0.0055731,6.2922e-05,3.0392,-5.9725,1.8127,1.4635,-4.0565,0,0.33,0.41429,0.023926
112.07,-175,30.061,-1.6725,-0.40557,0.0055552,6.4241e-05,2.6038,-6.5938,1.5403,2.1788,-3.206,0,0.33,0.4143,0.039916
59.62,-104.37,30.319,-1.3547,-0.33755,0.0055067,8.326e-05,1.2936,-9.6265,-1.0082,0.94075,-4.0281,0,0.33,0.44184,0.047929
74.382,-132.33,30.227,-1.4516,-0.37327,0.0055186,7.3753e-05,1.5995,-8.7297,-0.38498,1.0236,-4.8803,0,0.33,0.43032,0.047944
116.95,-179.58,30.086,-1.6208,-0.47758,0.0055484,6.3705e-05,2.4403,-6.9948,0.75715,1.538,-2.8586,0,0.33,0.41428,0.04797
100.87,-140.93,30.161,-1.5685,-0.61388,0.0055298,6.9752e-05,1.9372,-7.9672,5.1687,3.2452,-1.908,0,0.33,0.41422,0.064033
109.8,-157.21,30.116,-1.5812,-0.54831,0.005539,6.6829e-05,2.1772,-7.4594,4.0987,2.5576,-2.4407,0,0.33,0.41423,0.05603
108.37,-157.4,30.206,-1.5311,-0.66667,0.0055236,6.7629e-05,1.8076,-8.503,2.1553,2.4482,-1.4625,0,0.33,0.41423,0.072019
65.857,-114.42,30.341,-1.3301,-0.56734,0.0055027,7.9649e-05,1.2248,-10.336,-0.39191,1.3515,-3.6303,0,0.33,0.43019,0.079994
51.274,-89.089,30.414,-1.2466,-0.52121,0.005495,9.0317e-05,1.0263,-10.992,-1.4115,1.1907,-3.0475,0,0.33,0.44184,0.079965
113.42,-160.58,30.24,-1.4576,-0.7152,0.0055184,6.7183e-05,1.6801,-9.0671,1.8906,1.9656,-1.118,0,0.33,0.41423,0.079996
91.748,-114.77,30.326,-1.3769,-0.79948,0.0055064,7.5759e-05,1.355,-10.25,6.5829,3.1451,-0.42031,0,0.33,0.41423,0.095968
98.01,-127.2,30.278,-1.4036,-0.76027,0.0055119,7.3378e-05,1.492,-9.6565,5.5925,2.6932,-0.76991,0,0.33,0.41423,0.087979
109.8,-145.23,30.372,-1.3278,-0.82742,0.0055031,6.972e-05,1.2986,-10.84,3.9269,2.6496,-0.30211,0,0.33,0.41424,0.10395
66.295,-102.81,30.47,-1.147,-0.68633,0.0054909,8.6084e-05,0.95798,-12.152,-1.7277,2.0201,-2.0563,0,0.33,0.43015,0.11206
42.404,-70.277,30.516,-1.0855,-0.64561,0.0054856,0.00010199,0.81839,-12.542,-3.2025,1.3712,-1.7031,0,0.33,0.44184,0.11218
116.2,-153.04,30.411,-1.2496,-0.85684,0.0055001,6.766e-05,1.2261,-11.432,4.0869,1.9341,-0.46699,0,0.33,0.41425,0.11195
93.634,-122.13,30.479,-1.1638,-0.92102,0.0054921,7.3701e-05,1.0131,-12.592,6.9021,1.8319,-1.1919,0,0.33,0.41429,0.12815
93.28,-118.5,30.446,-1.1947,-0.89089,0.0054958,7.4143e-05,1.0988,-12.026,7.5161,1.5822,-0.8444,0,0.33,0.41427,0.12001
124.41,-168.57,30.517,-1.0945,-0.93892,0.00549,6.5226e-05,0.98879,-13.122,2.45,2.3278,-1.4327,0,0.33,0.41431,0.13639
76.774,-106.81,30.611,-0.91981,-0.75893,0.0054835,8.5933e-05,0.79449,-13.849,-1.9126,3.0855,-1.229,0,0.33,0.43028,0.14446
45.979,-65.656,30.618,-0.87866,-0.71145,0.0054798,0.00010875,0.6943,-13.989,-3.5177,2.5694,-0.24867,0,0.33,0.44184,0.14447
119.63,-162.56,30.557,-0.99276,-0.95155,0.0054878,6.6371e-05,0.92974,-13.628,2.4755,2.2279,-1.9098,0,0.33,0.41435,0.1445
8969.5,1490.3,-1.0743,1.8117,7.384,17.285,0.011418,1574.6,-85.805,-433.55,-17.067,70.222,0,0.33,0.015659,0.13594
7377.3,4179.2,-1.1474,1.6041,7.9221,17.83,0.012236,1512.4,-91.446,-437.71,-20.378,74.321,0,0.33,0.01568,0.13191
-1.2367e+05,-30182,-0.11272,0.91154,10.527,13.402,0.0047565,2816.4,-83.865,452.3,-25.288,1996.7,0,0.33,0.007754,0.13589
-1.137e+05,-26623,-0.15934,0.79945,11.099,13.728,0.0050635,2790.9,-89.52,485.33,-26.648,1995.2,0,0.33,0.0077812,0.13186
-2.3776e+05,-52859,0.55509,0.38029,12.792,11.171,0.0008346,3827.7,-88.859,1413.4,-29.111,3873.9,0,0.33,0,0.13183
-2.6002e+05,-57053,0.58861,0.44465,12.201,11.012,0.00082568,3813.1,-83.239,1343.9,-29.135,3880.2,0,0.33,0,0.13587
4234.4,9857.7,-1.4114,2.6663,4.4947,19.392,0.015626,1241.7,-89.098,-427.73,-4.8112,1.3348,0,0.33,0.023577,0.136
2458.8,16341,-1.3618,3.4743,1.7292,19.969,0.017639,1126.7,-92.652,-421.01,16.622,-59.522,0,0.33,0.03148,0.13607
-1.34e+05,-34070,-0.050405,1.0258,9.9049,13.029,0.0044444,2841.6,-77.816,416.7,-24.01,1997.2,0,0.33,0.0077266,0.13992
10776,-1760.2,-0.98068,2.0191,6.8059,16.626,0.010514,1641,-79.792,-427.33,-13.791,65.91,0,0.33,0.015636,0.13997
-1.4467e+05,-38282,0.02706,1.1417,9.2331,12.606,0.0041296,2865.6,-71.454,378.32,-22.878,1996.4,0,0.33,0.0076995,0.14396
-3.072e+05,-66236,0.69013,0.58158,10.857,10.641,0.00080507,3774.4,-70.888,1184.3,-29.468,3888.1,0,0.33,0,0.14394
-2.8323e+05,-61474,0.63373,0.51174,11.557,10.836,0.00081588,3795.6,-77.223,1267.7,-29.238,3885.2,0,0.33,0,0.1399
12733,-5323.4,-0.86677,2.2239,6.1886,15.844,0.0095834,1710.7,-73.487,-419.44,-10.573,61.097,0,0.33,0.015614,0.14399
4961.3,7085.7,-1.2785,2.9503,3.9668,18.555,0.014342,1304.2,-83.178,-419.85,-0.24443,-5.7798,0,0.33,0.023562,0.14002
3555.2,11155,-0.89504,4.1461,0.77728,17.825,0.01415,1263.4,-80.656,-394.72,40.563,-94.191,0,0.33,0.031456,0.1441
2860.1,14031,-1.1521,3.8149,1.2603,18.972,0.015973,1190.3,-86.749,-410.27,26.203,-74.441,0,0.33,0.031468,0.14009
5837.1,3893.5,-1.1215,3.2286,3.4095,17.536,0.012879,1372.9,-76.989,-409.59,5.1371,-14.419,0,0.33,0.023545,0.14404
1184.3,20318,-0.78815,4.2082,-0.82603,19.787,0.017659,1123.7,-95.131,-392.14,58.061,-145.48,0,0.33,0.039372,0.13615
4569.6,17708,1.2542,5.1599,-3.227,20.19,0.015279,1325.4,-90.831,-297.19,174.85,-299.14,0,0.33,0.047256,0.14023
9791.2,14403,4.0057,5.4627,-4.6186,23.623,0.015623,1510.5,-91.304,-196.71,284.42,-421.34,0,0.33,0.055149,0.14027
14895,7233.5,9.206,5.5799,-5.1003,28.706,0.016145,1775.3,-86.164,-58.559,436.2,-529.84,0,0.33,0.063036,0.14425
14299,10158,7.631,5.4542,-5.3494,27.929,0.016729,1667.5,-90.894,-96.791,374.46,-504.31,0,0.33,0.06304,0.14019
16168,10874,5.2684,5.6825,-4.564,24.47,0.014856,1642.9,-86.163,-153.25,351.19,-462.15,0,0.33,0.055142,0.14429
9291.2,14245,2.1054,5.464,-3.3974,20.279,0.014006,1450,-85.282,-257.98,231.99,-344.93,0,0.33,0.047248,0.14424
2218,17930,-0.41418,4.5776,-1.2067,18.924,0.015804,1201.7,-89.343,-372.77,81.7,-173.29,0,0.33,0.039363,0.14016
4323.8,14894,0.068525,4.9241,-1.5692,18.121,0.014026,1297,-83.455,-345.72,116.6,-208.94,0,0.33,0.039353,0.14417
14782,-9013.1,-0.73306,2.4254,5.5335,14.939,0.0086421,1782.6,-67,-410.06,-7.2519,55.375,0,0.33,0.015591,0.14802
-1.5565e+05,-42862,0.119,1.2591,8.5114,12.13,0.0038145,2887.4,-64.88,337.02,-21.918,1994.1,0,0.33,0.0076731,0.14799
-3.3181e+05,-71543,0.75738,0.65464,10.102,10.427,0.00079313,3748.7,-64.332,1093.6,-29.868,3888.7,0,0.33,0,0.14797
6886.5,642.03,-0.93562,3.4993,2.8257,16.343,0.011382,1447.1,-70.648,-397.09,12.743,-26.228,0,0.33,0.023528,0.14807
4902.8,8110,-0.56757,4.4614,0.29012,16.62,0.012372,1347.9,-74.486,-373.9,63.973,-121.87,0,0.33,0.031442,0.14812
23500,7228.9,6.8011,5.829,-4.4116,25.511,0.014212,1785.9,-81.06,-106.63,428.73,-501.63,0,0.33,0.055136,0.1483
15957,10443,3.2006,5.7097,-3.4884,20.768,0.012939,1599.1,-79.765,-211.57,306.48,-396.83,0,0.33,0.047239,0.14825
5413.3,4379.4,11.022,5.6319,-4.7602,29.222,0.015559,1877.3,-81.472,-21.067,500.7,-548.67,0,0.33,0.063032,0.1483
8122.2,11509,0.70993,5.2352,-1.8938,17.553,0.012449,1414.9,-77.572,-310.58,168.2,-254.83,0,0.33,0.039342,0.14818
-8507.4,4935.4,13.48,5.2349,-5.1486,30.508,0.016936,1802.2,-85.37,9.6523,475.09,-541.77,0,0.33,0.07094,0.14418
-24689,4189.3,17.759,4.7534,-4.8738,28.517,0.016527,1723.4,-83.719,48.549,474.81,-509.98,0,0.33,0.078892,0.14429
-14761,4151.1,25.073,3.7488,-3.9945,16.164,0.01212,1312.6,-79.011,61.779,377.06,-378.61,0,0.33,0.094835,0.1446
-19639,4162.9,21.708,4.2331,-4.4431,23.176,0.014814,1555.1,-81.512,63.999,441.82,-453.78,0,0.33,0.086901,0.14451
-771.03,-98.566,30.953,2.5583,-3.2046,0.67628,0.0025538,242.45,-65.618,6.2336,53.093,-49.726,0,0.33,0.12661,0.14457
-2881.3,826.03,30.496,2.7677,-3.2445,1.896,0.0040966,429.95,-69.255,15.877,105.25,-104.98,0,0.33,0.1187,0.14441
-6095.6,2182.2,29.484,3.0227,-3.37,4.6147,0.0062595,699.38,-72.74,30.82,187.21,-187.44,0,0.33,0.11068,0.14465
-10251,3508.7,27.7,3.3454,-3.6189,9.4661,0.0090493,1012.6,-76.032,47.767,285.93,-284.39,0,0.33,0.10275,0.14465
-24472,2743.3,19.614,4.7003,-4.393,26.119,0.015176,1715.7,-79.903,61.724,496.65,-491.86,0,0.33,0.078913,0.14833
-21479,2883.5,15.395,5.2188,-4.7014,29.647,0.016028,1850,-81.125,34.55,519.59,-540.02,0,0.33,0.070942,0.14821
-18854,3082.5,23.378,4.1701,-3.9839,19.784,0.013099,1494.8,-78.091,67.902,440.97,-422.42,0,0.33,0.086904,0.14851
-13396,3067.6,26.443,3.693,-3.5955,12.715,0.010292,1206.2,-75.953,58.812,354.94,-334.7,0,0.33,0.094833,0.14859
-1718.4,167.77,30.806,2.7449,-3.0634,1.1539,0.0031954,331.65,-67.17,10.79,79.067,-73.958,0,0.33,0.11869,0.14844
-4542.4,1174,30.088,2.9917,-3.1292,3.0326,0.0049879,569.67,-70.34,24.096,150.92,-143.03,0,0.33,0.11068,0.14865
-91.247,-429.03,31.09,2.5396,-3.0602,0.38895,0.00194,182.09,-63.845,3.6968,38.17,-32.717,0,0.33,0.12661,0.14862
-8544.2,2351.6,28.687,3.3024,-3.2999,6.8032,0.0074092,878.74,-73.307,41.409,249.91,-235.06,0,0.33,0.10275,0.14864
261.35,-515.68,31.095,2.373,-3.2124,0.22265,0.0014914,135.67,-62.044,1.644,26.616,-21.69,0,0.33,0.13456,0.1444
557.49,-653.43,31.093,2.2082,-3.2457,0.071802,0.00081206,81.444,-58.565,-0.83211,14.982,-9.3056,0,0.33,0.1425,0.14436
663.76,-715.96,30.968,1.893,-3.3428,0.012556,0.00029633,41.605,-51.755,-0.12753,8.361,-3.6047,0,0.33,0.1586,0.1442
648.57,-697.05,31.039,2.0514,-3.2937,0.025998,0.0004477,55.133,-55.116,-1.3489,10.363,-5.0012,0,0.33,0.15055,0.14423
819.83,-906.31,30.648,1.2201,-3.4466,0.0067773,0.00018992,23.049,-39.78,3.3368,2.8805,-0.77455,0,0.33,0.19066,0.14438
799.56,-874.37,30.736,1.3999,-3.4353,0.0070522,0.00022743,25.749,-42.573,2.3508,4.1791,-0.29559,0,0.33,0.18258,0.14412
760.8,-815.07,30.825,1.5754,-3.4078,0.0075239,0.00024859,29.154,-45.592,2.2017,5.7254,-1.7573,0,0.33,0.1746,0.14425
685.74,-745.33,30.898,1.7413,-3.3788,0.008698,0.00025593,33.95,-48.671,1.7049,7.1019,-3.05,0,0.33,0.1666,0.14425
643.72,-736.29,31.12,2.1901,-3.1304,0.042257,0.00060025,65.651,-57.377,-0.096101,10.406,-6.0412,0,0.33,0.14251,0.14838
502.37,-668.3,31.151,2.3559,-3.0868,0.12537,0.0011006,103.71,-60.587,0.95126,18.845,-13.67,0,0.33,0.13457,0.14844
698.8,-757.03,31.056,2.0298,-3.1817,0.017407,0.00035854,46.878,-54.139,0.74752,6.831,-3.7072,0,0.33,0.15055,0.14827
694.44,-758.38,30.985,1.8692,-3.2296,0.010097,0.00027308,36.682,-51.026,2.6743,5.0907,-2.9614,0,0.33,0.15858,0.14837
773.45,-843.94,30.751,1.3768,-3.3149,0.0068331,0.00019447,23.248,-42.286,4.4351,1.769,0.14966,0,0.33,0.18258,0.14811
751.64,-805.22,30.841,1.5485,-3.2921,0.0071891,0.00022908,26.361,-45.163,4.9965,2.878,-1.2874,0,0.33,0.17459,0.14828
776.86,-851.68,30.663,1.1997,-3.3242,0.0065973,0.00015955,20.647,-39.639,4.9457,0.9833,-0.34813,0,0.33,0.19066,0.14838
701.27,-764.96,30.915,1.7132,-3.2654,0.0079329,0.0002508,30.495,-48.095,4.5478,3.9828,-2.5441,0,0.33,0.16659,0.14827
804.53,-915.16,30.574,1.026,-3.441,0.0065765,0.00015521,20.727,-36.881,1.2198,1.9412,-2.2989,0,0.33,0.19862,0.14447
736.8,-833.88,30.59,1.0144,-3.3176,0.0064136,0.0001299,18.305,-36.88,1.9924,0.59428,-2.1019,0,0.33,0.19862,0.1485
-1.7882e+05,-53593,0.34351,1.5021,-6.9183,11.024,0.0031915,2920.6,-51.575,245.44,-20.497,-1984.3,0,0.33,0.0076259,-0.15605
-1.9132e+05,-60225,0.476,1.6317,-6.0447,10.402,0.0028891,2930.2,-45.097,194.7,-19.153,-1975.6,0,0.33,0.0076034,-0.16007
-4.1015e+05,-94374,1.0161,0.90591,-7.4823,9.6521,0.00074774,3640.7,-44.496,774.49,-33.464,-3876.8,0,0.33,0,-0.16006
-3.8309e+05,-85081,0.92152,0.81469,-8.4173,9.9332,0.0007647,3682.2,-51.012,889.19,-31.71,-3883.1,0,0.33,0,-0.15603
715.77,373.32,10.816,5.8644,3.7765,27.357,0.01307,2068.4,-71.289,-12.329,605.09,559.69,0,0.33,0.055121,-0.15632
-34758,-2348.4,17.843,5.3231,3.2466,26.106,0.012834,2031.9,-68.38,67.229,660.32,528.51,0,0.33,0.06303,-0.16037
-19286,-2479.4,13.327,5.7414,3.2897,27.361,0.012469,2175.2,-66.748,29.447,689.64,566.3,0,0.33,0.055114,-0.16033
-33105,-549.79,15.367,5.5025,3.8222,28.265,0.013994,2020.7,-72.544,43.991,619.67,551.71,0,0.33,0.063027,-0.15635
-28862,-384.7,19.662,4.998,3.6393,25.102,0.013504,1852.8,-73.02,70.302,579.59,499.98,0,0.33,0.070974,-0.15628
-26969,-1422.4,21.912,4.8045,3.0586,21.227,0.011812,1782.6,-69.179,78.735,582.73,457.72,0,0.33,0.07101,-0.16035
-18.04,-657.92,31.155,2.685,2.7388,0.35166,0.0017762,178.67,-63.1,4.5913,38.51,30.288,0,0.33,0.11863,-0.15661
790.14,-976.96,31.235,2.4416,2.6533,0.059913,0.00072005,76.451,-58.756,4.1009,11.513,5.5333,0,0.33,0.12662,-0.16069
537.19,-889.84,31.23,2.6429,2.5909,0.18012,0.0012655,128.46,-61.15,3.7269,25.419,17.213,0,0.33,0.1186,-0.16068
652.35,-854.03,31.219,2.4842,2.787,0.11322,0.0010205,100.74,-60.407,3.3599,17.501,11.535,0,0.33,0.12661,-0.15669
762.9,-906.81,31.185,2.2944,2.8397,0.039144,0.00057224,63.74,-57.62,3.661,8.0899,4.1086,0,0.33,0.13468,-0.15643
829.01,-968.29,31.179,2.249,2.7131,0.023079,0.00042529,51.613,-56.23,4.4952,5.3199,1.3176,0,0.33,0.13471,-0.16048
661.32,-722.65,30.764,1.3154,3.0852,0.0064558,0.00012935,18.042,-41.677,5.4777,2.3229,-0.5299,0,0.33,0.18257,-0.15614
550.33,-625.39,30.703,1.1319,2.9891,0.0061506,8.5615e-05,13.427,-38.974,2.1096,6.4474,0.75403,0,0.33,0.1905,-0.16017
581.25,-639.29,30.779,1.2901,2.9778,0.0062946,0.00010326,15.455,-41.347,3.169,5.3656,-0.47024,0,0.33,0.18256,-0.16016
635.74,-712.61,30.686,1.1532,3.0964,0.0062799,0.00010582,15.726,-39.364,4.763,3.0242,0.38822,0,0.33,0.19062,-0.15654
542.98,-648.76,30.618,0.98938,3.0914,0.0061388,8.7808e-05,13.62,-36.676,0.11472,4.1968,2.372,0,0.33,0.19845,-0.15622
459.02,-567.2,30.648,0.9876,2.9885,0.0060333,7.2203e-05,11.616,-36.568,-2.0237,7.4585,2.654,0,0.33,0.19839,-0.16011
-2.0575e+05,-68510,0.62843,1.7727,-5.1174,9.7557,0.0026,2934.5,-38.914,140.58,-12.814,-1960.8,0,0.33,0.0075816,-0.1641
-4.3833e+05,-1.0674e+05,1.117,1.0101,-6.4787,9.3469,0.00072871,3593.1,-38.255,650.17,-35.708,-3867,0,0.33,0,-0.16409
-38550,-4711.3,16.132,5.5242,2.7053,25.987,0.011642,2225,-62.498,63.055,756.33,548.97,0,0.33,0.055106,-0.16434
-32635,-3614.2,20.432,5.0766,2.628,22.517,0.011329,1977.1,-64.434,81.771,675.59,485.17,0,0.33,0.063031,-0.16438
1.466e+05,-17026,19.31,1.5862,-2.7143,3.8309,0.00085698,2063.5,-20.674,249.86,1236,-640.42,0,0.33,0.0075008,-0.18823
2.9387e+05,-4775.7,18.828,1.0567,-2.8096,2.3098,0.00034427,1783.2,-19.886,431.62,1337.6,-1444.4,0,0.33,0,-0.18821
-4180.5,-4680.8,29.574,3.4378,-0.28154,1.6449,0.0025484,608.64,-44.618,16.366,202.7,103.04,0,0.33,0.055054,-0.18839
-970.97,-3348.4,30.33,3.3145,0.091248,0.81444,0.0019293,393.03,-47.126,8.9612,117.66,63.366,0,0.33,0.06299,-0.18843
-23955,-2143.8,24.12,4.569,2.477,16.512,0.0098623,1646.3,-65.499,79.545,557.51,399.39,0,0.33,0.07104,-0.1644
760.72,-1014.7,31.264,2.5937,2.4495,0.090813,0.00088382,93.557,-59.282,3.0758,16.684,8.6405,0,0.33,0.11859,-0.16469
849.59,-1019,31.235,2.3935,2.5219,0.032874,0.00051418,59.593,-57.163,3.8864,7.9602,1.6096,0,0.33,0.12662,-0.16464
1210.8,-2520.9,30.78,3.17,0.43388,0.36481,0.0013708,243.96,-49.008,2.9539,61.446,34.766,0,0.33,0.071027,-0.18846
657.59,-834.13,31.254,2.2706,1.7109,0.0081489,0.00012968,28.62,-49.862,0.93952,8.0034,-1.6361,0,0.33,0.11861,-0.18871
600.22,-740.96,31.207,2.1034,1.8267,0.0073056,0.00011149,24.059,-48.782,0.33108,8.6769,-1.5426,0,0.33,0.12677,-0.18845
821.33,-955.44,31.166,2.202,2.587,0.014986,0.00032843,42.758,-54.88,3.3693,4.3226,-0.4341,0,0.33,0.13471,-0.1645
511.39,-564.28,30.806,1.2765,2.8772,0.0061668,8.3488e-05,13.266,-40.995,0.71578,8.5225,-0.1583,0,0.33,0.18256,-0.16417
482.85,-545.72,30.738,1.1271,2.89,0.0060488,7.1056e-05,11.547,-38.768,0.13615,9.4882,1.1895,0,0.33,0.19049,-0.16421
425.38,-550.55,31.167,1.9709,1.9372,0.0068638,0.00010641,20.525,-47.67,-1.7664,9.2523,0.49169,0,0.33,0.13473,-0.18851
477.67,-576.52,31.023,1.1991,2.2951,0.0058018,3.9403e-05,6.995,-38.713,6.433,6.2876,0.70205,0,0.33,0.18255,-0.18825
395.54,-498.45,30.977,1.0419,2.3364,0.0057512,4.2302e-05,6.111,-37.065,2.9229,6.8449,1.4333,0,0.33,0.19044,-0.18807
397.72,-495.46,30.69,0.99178,2.8918,0.0059506,6.149e-05,9.9867,-36.486,-3.1522,10.09,2.9039,0,0.33,0.19839,-0.16413
231.92,-309.7,30.942,0.94295,2.3878,0.0057002,4.9755e-05,5.0429,-35.42,1.2526,7.2671,2.1736,0,0.33,0.19838,-0.18809
6706.6,-27098,7.3413,-15.791,0.64635,12.916,0.0098435,1159.3,-48.355,-216.82,-58.901,-36.272,0,0.33,0.039427,0.0039874
1494.3,-11331,7.0165,-14.733,1.2366,15.199,0.011252,1192.9,-50.781,-350.21,-93.266,-41.296,0,0.33,0.039426,0.0079741
-19710,20987,7.278,-13.754,0.84134,20.157,0.016638,1212.3,-82.934,-430.09,-102.65,-57.694,0,0.33,0.055236,0.015948
-12448,14271,7.6443,-15.232,0.7063,18.419,0.014923,1234.9,-79.644,-422.03,-98.153,-44.47,0,0.33,0.055236,0.011961
-9046.1,12237,7.1387,-14.522,1.1664,17.782,0.014557,1208.7,-69.832,-415.83,-105.44,-46.999,0,0.33,0.047338,0.011961
-18702,21367,6.7273,-13.122,1.4424,19.361,0.016319,1187.1,-73.905,-430.53,-114.27,-57.699,0,0.33,0.047338,0.015948
-2808.3,4353.9,6.6174,-13.456,1.7626,17.267,0.013357,1196.4,-54.659,-407.86,-108.04,-48.342,0,0.33,0.039426,0.011961
-12537,16900,6.1844,-12.157,2.2164,18.681,0.015547,1175.2,-59.717,-428.96,-117.98,-55.909,0,0.33,0.039426,0.015948
6459,-41846,4.2925,-5.8374,6.7382,18.384,0.010243,1381.1,-0.17702,-370.63,-85.069,-44.876,0,0.33,0.015705,0.019935
-2.3547e+05,-1.4022e+05,3.9376,-3.5044,8.3921,15.594,0.005311,2793.7,26.685,327.41,-55.776,1643.6,0,0.33,0.0078509,0.019935
-4.7997e+05,-2.2298e+05,3.8054,-2.4465,9.2183,12.969,0.0011172,4086.9,41.355,996.7,-39.271,3325.9,0,0.33,0,0.019935
-15110,14866,3.8445,-6.3816,6.4559,19.236,0.015974,1133.2,-44.756,-430.3,-115.08,-42.076,0,0.33,0.023563,0.027908
-7775.6,5049.7,4.2932,-7.1795,5.8635,19.03,0.014495,1173.7,-34.685,-424.62,-111.73,-47.684,0,0.33,0.023564,0.023922
-29983,30992,4.1975,-7.6927,4.6687,19.536,0.018336,1066.5,-63.546,-435.34,-137.88,-52.321,0,0.33,0.031436,0.027908
-22606,25311,4.711,-8.6462,4.2593,19.343,0.017153,1110.5,-55.455,-436.61,-130.67,-55.752,0,0.33,0.031437,0.023922
-794.49,-9037.3,4.7316,-8.047,5.1634,18.63,0.012647,1213.8,-24.758,-413.69,-107.31,-51.205,0,0.33,0.023564,0.019935
-12573,16086,5.1985,-9.6873,3.7682,18.935,0.015572,1152.3,-47.493,-432.22,-122.34,-56.069,0,0.33,0.031437,0.019935
-25414,25991,6.8817,-12.341,0.93104,21.097,0.018001,1172.8,-86.699,-425.01,-117.06,-72.584,0,0.33,0.055235,0.019935
-26230,28033,6.2775,-11.781,1.6643,20.253,0.017633,1149.4,-78.625,-430.26,-128.35,-68.204,0,0.33,0.047338,0.019935
-30402,32212,5.2012,-9.7505,2.9141,19.926,0.018212,1094.9,-71.955,-431.99,-142.97,-65.622,0,0.33,0.039425,0.023922
-35692,35890,4.6391,-8.688,3.165,20.126,0.019241,1046.8,-78.374,-425.1,-155.3,-65.416,0,0.33,0.039425,0.027908
-39037,37558,4.0402,-7.7316,3.3561,20.219,0.020264,998.52,-84.639,-416.34,-164.23,-61.836,0,0.33,0.039424,0.031895
-22808,26031,5.7159,-10.912,2.5987,19.503,0.017124,1139.3,-65.615,-434.35,-129.63,-62.185,0,0.33,0.039426,0.019935
-40779,37754,3.4214,-6.8786,3.4954,20.271,0.021291,952.78,-90.618,-407.7,-168.6,-55.817,0,0.33,0.039424,0.035882
-41243,36966,2.8017,-6.1211,3.5911,20.31,0.022305,911.26,-96.238,-400.16,-168.38,-48.478,0,0.33,0.039423,0.039869
-36839,29405,2.3613,-5.4594,0.367,22.315,0.026281,849.15,-113.45,-334.85,-180.13,-97.82,0,0.33,0.055229,0.047851
-37530,30431,3.0346,-6.143,0.53549,22.339,0.025352,881.36,-110.14,-341.26,-191.71,-99.244,0,0.33,0.055231,0.043856
-40325,34347,2.5049,-5.8966,1.9436,21.236,0.024503,866.94,-107.51,-368.54,-181.28,-67.775,0,0.33,0.047334,0.043856
-39381,33009,1.8691,-5.2481,1.8728,21.227,0.025451,834.21,-111.49,-363.67,-172.1,-63.162,0,0.33,0.047332,0.04785
-40778,35634,2.1973,-5.4479,3.6509,20.352,0.02328,874.86,-101.47,-394.3,-164.29,-40.864,0,0.33,0.039422,0.043856
-39683,34090,1.6202,-4.846,3.6809,20.403,0.024193,843.92,-106.29,-390.31,-157.36,-33.739,0,0.33,0.039421,0.047849
12936,14872,1.447,-2.2118,11.07,18.863,0.015865,1182,-85.041,-423.35,-83.076,29.51,0,0.33,0.015703,0.051843
-40003,-34342,1.8117,-1.317,13.934,15.597,0.0072828,2713.9,-74.421,662.35,-54.297,1815.2,0,0.33,0.0078496,0.051836
-93721,-78144,2.0728,-0.93016,15.429,12.948,0.00099639,4083.1,-68.291,1744.7,-38.25,3587.9,0,0.33,0,0.05183
10510,23110,0.50744,-2.3958,8.6131,19.915,0.019808,929.07,-105.84,-424.81,-99.456,28.068,0,0.33,0.023569,0.059863
11101,23877,0.86178,-2.7265,8.5178,19.78,0.01999,941.25,-100.55,-424.55,-103.72,20.837,0,0.33,0.023563,0.055856
1579,28311,0.22792,-2.9319,5.9786,20.312,0.02361,829.65,-112.9,-412.06,-117.15,10.083,0,0.33,0.031478,0.059893
-7582.9,29357,0.64104,-3.333,5.948,20.15,0.023427,844.27,-108.56,-411.26,-124.02,4.1864,0,0.33,0.031447,0.055874
11530,24635,1.2385,-3.09,8.3844,19.658,0.020045,956.87,-94.586,-424.64,-107.94,12.767,0,0.33,0.023561,0.051848
-12964,30667,1.0866,-3.7702,5.8887,20.003,0.0231,862.83,-103.68,-411.76,-130.63,-2.8445,0,0.33,0.031436,0.051855
-36069,28623,1.7424,-4.8374,0.18718,22.233,0.026995,823.56,-116.52,-332.31,-165.94,-97.515,0,0.33,0.055223,0.051865
-38277,31829,1.2772,-4.6595,1.7866,21.199,0.026255,807.5,-115.15,-361.67,-160.82,-59.688,0,0.33,0.047327,0.051861
-31755,31347,0.57236,-3.8052,3.6697,20.542,0.025765,797.76,-114.73,-388.03,-139.38,-22.574,0,0.33,0.0394,0.055883
-21825,30462,0.10909,-3.3435,3.632,20.632,0.026411,781.6,-118.34,-389.67,-129.28,-18.839,0,0.33,0.039385,0.059921
-15499,29838,-0.30825,-2.9088,3.5768,20.736,0.026835,769.39,-121.51,-392.47,-118.64,-16.349,0,0.33,0.039361,0.063955
-37853,32582,1.0777,-4.3025,3.6868,20.466,0.025025,818.37,-110.7,-388.19,-148.83,-27.555,0,0.33,0.039417,0.051856
-14147,29416,-0.67815,-2.4963,3.5033,20.858,0.026988,760.6,-124.24,-395.89,-107.8,-15.089,0,0.33,0.039353,0.067962
-14215,29217,-1.0027,-2.1,3.4109,21.001,0.027052,754.75,-126.53,-399.96,-97.084,-14.935,0,0.33,0.03935,0.071952
-35360,31582,-0.85881,-1.2148,-1.3112,21.774,0.028064,776.41,-130.36,-373.3,-59.089,-128.76,0,0.33,0.05513,0.079954
-35090,30667,-0.66997,-1.7095,-1.0737,21.732,0.028129,772.91,-129.38,-365.66,-74.566,-121.56,0,0.33,0.055154,0.075939
-34496,30946,-1.1746,-1.7724,0.99397,21.268,0.028651,742.29,-130.08,-387.83,-83.143,-63.502,0,0.33,0.047232,0.075964
-34493,31496,-1.3959,-1.3304,0.81433,21.398,0.028822,742.43,-131.22,-394.67,-70.258,-67.422,0,0.33,0.047228,0.079957
-14535,29258,-1.2828,-1.7135,3.3004,21.169,0.027131,751.51,-128.38,-404.76,-86.431,-15.742,0,0.33,0.039348,0.075938
-14980,29496,-1.5199,-1.331,3.171,21.36,0.027211,750.69,-129.75,-410.11,-75.92,-17.441,0,0.33,0.039346,0.079925
5351.1,14304,-0.4978,-0.56238,11.514,19.248,0.015712,1173,-119.21,-432.92,-59.355,83.275,0,0.33,0.01571,0.083801
-7710.4,-14061,0.37724,-0.3527,14.689,15.288,0.0071135,2681.7,-115,709.57,-42.985,1936.6,0,0.33,0.0078484,0.083768
-20910,-38774,0.94658,-0.28379,16.376,12.428,0.00091334,4000.1,-112.69,1855,-31.604,3767.9,0,0.33,0,0.083732
3086.1,21274,-1.3963,-0.28958,8.2869,21.12,0.019676,922.09,-124.43,-436.96,-55.678,51.277,0,0.33,0.023582,0.091845
3809.2,21202,-1.2525,-0.53528,8.4277,20.981,0.019636,915.95,-124.32,-434.78,-61.027,51.691,0,0.33,0.023585,0.08785
1159.9,27166,-1.8312,-0.26605,5.3685,21.87,0.023203,812.96,-128.25,-438.35,-53.457,17.607,0,0.33,0.031449,0.091893
2357.2,26779,-1.6953,-0.5873,5.5294,21.664,0.023213,807.16,-128.28,-433.71,-60.993,20.089,0,0.33,0.031451,0.087899
4688.5,21189,-1.0823,-0.78035,8.5391,20.832,0.019586,911.64,-123.58,-432.87,-66.786,51.209,0,0.33,0.023588,0.083849
3351.7,26489,-1.5262,-0.90476,5.6642,21.452,0.023206,803.5,-127.74,-429.41,-68.903,21.58,0,0.33,0.031455,0.083894
-35687,32490,-0.98587,-0.7178,-1.5565,21.864,0.027939,783.32,-130.91,-380.22,-43.446,-137.09,0,0.33,0.055124,0.083949
-34691,32158,-1.5662,-0.88695,0.61892,21.563,0.028932,745.32,-131.9,-401.58,-57.549,-72.393,0,0.33,0.047227,0.083947
-16301,30451,-1.8674,-0.56363,2.8502,21.795,0.027319,756.17,-130.99,-421.98,-55.609,-23.721,0,0.33,0.039341,0.087914
-17384,31038,-1.9794,-0.17179,2.655,22.021,0.027288,762.9,-130.83,-428.08,-45.72,-28.56,0,0.33,0.03934,0.091904
-15545,29899,-1.7145,-0.94883,3.0212,21.571,0.027279,752.21,-130.64,-415.87,-65.636,-20.058,0,0.33,0.039343,0.083922
